Date,Symbol,DownloadSymbol,Open,High,Low,Close,Adj Close,Volume
2016-07-14,AIG,AIG,54.43000030517578,54.689998626708984,54.09000015258789,54.400001525878906,42.038917541503906,5614800
2016-07-15,AIG,AIG,54.619998931884766,54.7400016784668,54.16999816894531,54.439998626708984,42.069820404052734,4694100
2016-07-18,AIG,AIG,54.33000183105469,54.779998779296875,54.2599983215332,54.560001373291016,42.16256332397461,3919000
2016-07-19,AIG,AIG,54.279998779296875,54.52000045776367,54.11000061035156,54.459999084472656,42.08528518676758,3503800
2016-07-20,AIG,AIG,54.58000183105469,54.880001068115234,54.31999969482422,54.56999969482422,42.17028045654297,3680600
2016-07-21,AIG,AIG,54.5,54.63999938964844,54.189998626708984,54.290000915527344,41.953922271728516,4112800
2016-07-22,AIG,AIG,54.40999984741211,54.66999816894531,54.34000015258789,54.619998931884766,42.20893096923828,2905100
2016-07-25,AIG,AIG,54.619998931884766,54.7400016784668,54.38999938964844,54.65999984741211,42.239837646484375,3396500
2016-07-26,AIG,AIG,54.65999984741211,54.91999816894531,54.38999938964844,54.689998626708984,42.263023376464844,2959200
2016-07-27,AIG,AIG,54.61000061035156,54.81999969482422,54.40999984741211,54.619998931884766,42.20893096923828,4784000
2016-07-28,AIG,AIG,54.40999984741211,54.900001525878906,54.34000015258789,54.790000915527344,42.340293884277344,3305400
2016-07-29,AIG,AIG,54.43000030517578,54.650001525878906,54.16999816894531,54.439998626708984,42.069820404052734,5937400
2016-08-01,AIG,AIG,54.459999084472656,54.77000045776367,54.150001525878906,54.209999084472656,41.89208984375,6143900
2016-08-02,AIG,AIG,54.189998626708984,54.38999938964844,53.93000030517578,54.13999938964844,41.83799362182617,6059000
2016-08-03,AIG,AIG,56.90999984741211,58.22999954223633,56.79999923706055,58.099998474121094,44.89816665649414,15480200
2016-08-04,AIG,AIG,58.09000015258789,58.25,57.58000183105469,57.61000061035156,44.519527435302734,8257400
2016-08-05,AIG,AIG,58.25,59.15999984741211,58.119998931884766,59.099998474121094,45.67095184326172,5961900
2016-08-08,AIG,AIG,59.43000030517578,59.810001373291016,59.279998779296875,59.38999938964844,45.895050048828125,5383300
2016-08-09,AIG,AIG,59.290000915527344,59.54999923706055,59.099998474121094,59.27000045776367,45.80234146118164,3648000
2016-08-10,AIG,AIG,59.27000045776367,59.40999984741211,58.90999984741211,59.0,45.59367370605469,3563300
2016-08-11,AIG,AIG,59.20000076293945,59.54999923706055,59.13999938964844,59.18000030517578,45.7327766418457,3444400
2016-08-12,AIG,AIG,58.84000015258789,58.970001220703125,58.720001220703125,58.849998474121094,45.4777717590332,2637100
2016-08-15,AIG,AIG,59.02000045776367,59.34000015258789,58.95000076293945,59.220001220703125,45.76369094848633,3456000
2016-08-16,AIG,AIG,58.97999954223633,59.56999969482422,58.75,59.310001373291016,45.833229064941406,3836800
2016-08-17,AIG,AIG,59.2599983215332,59.400001525878906,58.939998626708984,59.029998779296875,45.61686325073242,4146100
2016-08-18,AIG,AIG,59.11000061035156,59.349998474121094,58.79999923706055,58.97999954223633,45.578224182128906,3756500
2016-08-19,AIG,AIG,58.79999923706055,58.97999954223633,58.45000076293945,58.86000061035156,45.48548889160156,3882800
2016-08-22,AIG,AIG,58.90999984741211,59.099998474121094,58.689998626708984,58.9900016784668,45.585941314697266,3593900
2016-08-23,AIG,AIG,59.25,59.349998474121094,58.9900016784668,59.02000045776367,45.609127044677734,4052500
2016-08-24,AIG,AIG,59.0099983215332,59.349998474121094,58.79999923706055,58.90999984741211,45.52413558959961,3870600
2016-08-25,AIG,AIG,58.7599983215332,59.25,58.7400016784668,58.939998626708984,45.547298431396484,4078400
2016-08-26,AIG,AIG,59.16999816894531,59.5,58.70000076293945,59.02000045776367,45.609127044677734,3951200
2016-08-29,AIG,AIG,59.150001525878906,59.7400016784668,59.150001525878906,59.43000030517578,45.92595672607422,3675900
2016-08-30,AIG,AIG,59.43000030517578,59.7400016784668,59.220001220703125,59.63999938964844,46.088253021240234,4218500
2016-08-31,AIG,AIG,59.70000076293945,59.88999938964844,59.349998474121094,59.83000183105469,46.23507308959961,6090000
2016-09-01,AIG,AIG,59.90999984741211,59.9900016784668,58.9900016784668,59.40999984741211,45.91051483154297,4677300
2016-09-02,AIG,AIG,59.720001220703125,59.970001220703125,59.54999923706055,59.86000061035156,46.25825881958008,4399200
2016-09-06,AIG,AIG,59.630001068115234,59.84000015258789,58.9900016784668,59.45000076293945,45.941436767578125,7066200
2016-09-07,AIG,AIG,59.31999969482422,59.5099983215332,58.939998626708984,59.369998931884766,45.87960433959961,4488200
2016-09-08,AIG,AIG,59.380001068115234,59.58000183105469,58.970001220703125,59.040000915527344,45.62458038330078,5279600
2016-09-09,AIG,AIG,58.86000061035156,59.290000915527344,58.65999984741211,58.66999816894531,45.33865737915039,6937300
2016-09-12,AIG,AIG,58.279998779296875,59.220001220703125,57.540000915527344,58.9900016784668,45.585941314697266,9222400
2016-09-13,AIG,AIG,58.029998779296875,58.369998931884766,57.709999084472656,58.22999954223633,45.24407958984375,7098500
2016-09-14,AIG,AIG,58.18000030517578,58.630001068115234,57.88999938964844,58.08000183105469,45.127532958984375,5978800
2016-09-15,AIG,AIG,58.0,58.900001525878906,57.880001068115234,58.59000015258789,45.52378845214844,6494500
2016-09-16,AIG,AIG,58.209999084472656,58.2599983215332,57.720001220703125,57.900001525878906,44.9876708984375,22310200
2016-09-19,AIG,AIG,58.150001525878906,58.540000915527344,57.65999984741211,57.84000015258789,44.94102478027344,6684700
2016-09-20,AIG,AIG,58.09000015258789,58.119998931884766,57.779998779296875,57.84000015258789,44.94102478027344,5092400
2016-09-21,AIG,AIG,58.119998931884766,58.36000061035156,57.540000915527344,58.09000015258789,45.135292053222656,8334300
2016-09-22,AIG,AIG,58.2400016784668,59.040000915527344,58.16999816894531,58.9900016784668,45.83457565307617,6619100
2016-09-23,AIG,AIG,58.91999816894531,59.119998931884766,58.63999938964844,58.72999954223633,45.63257598876953,6306900
2016-09-26,AIG,AIG,58.439998626708984,58.439998626708984,58.060001373291016,58.25,45.259605407714844,4895500
2016-09-27,AIG,AIG,58.13999938964844,58.93000030517578,57.900001525878906,58.5099983215332,45.461612701416016,5388300
2016-09-28,AIG,AIG,58.779998779296875,59.529998779296875,58.63999938964844,59.5,46.230857849121094,6052700
2016-09-29,AIG,AIG,59.349998474121094,59.86000061035156,58.22999954223633,58.400001525878906,45.376163482666016,7291900
2016-09-30,AIG,AIG,58.79999923706055,59.599998474121094,58.79999923706055,59.34000015258789,46.10652542114258,6408500
2016-10-03,AIG,AIG,59.189998626708984,59.29999923706055,58.4900016784668,58.91999816894531,45.78020477294922,4412200
2016-10-04,AIG,AIG,58.81999969482422,59.2599983215332,58.619998931884766,59.08000183105469,45.90451431274414,5990100
2016-10-05,AIG,AIG,59.38999938964844,60.279998779296875,59.34000015258789,59.900001525878906,46.54164505004883,5219900
2016-10-06,AIG,AIG,59.959999084472656,60.130001068115234,59.5099983215332,59.95000076293945,46.58049011230469,4921300
2016-10-07,AIG,AIG,60.0,60.439998626708984,59.61000061035156,60.060001373291016,46.66596603393555,4733000
2016-10-10,AIG,AIG,60.33000183105469,60.72999954223633,60.33000183105469,60.439998626708984,46.96123123168945,3435900
2016-10-11,AIG,AIG,60.11000061035156,60.380001068115234,59.5099983215332,59.86000061035156,46.51055908203125,5170900
2016-10-12,AIG,AIG,60.09000015258789,60.869998931884766,59.900001525878906,60.439998626708984,46.96123123168945,5565500
2016-10-13,AIG,AIG,59.79999923706055,59.93000030517578,58.93000030517578,59.59000015258789,46.300785064697266,6131100
2016-10-14,AIG,AIG,60.13999938964844,60.689998626708984,59.77000045776367,59.86000061035156,46.51055908203125,5207800
2016-10-17,AIG,AIG,60.029998779296875,60.47999954223633,59.900001525878906,60.290000915527344,46.84466552734375,5158600
2016-10-18,AIG,AIG,60.709999084472656,61.0099983215332,60.380001068115234,60.4900016784668,47.00008010864258,4105600
2016-10-19,AIG,AIG,60.459999084472656,61.0,60.459999084472656,60.709999084472656,47.17099380493164,4546800
2016-10-20,AIG,AIG,60.4900016784668,60.689998626708984,59.810001373291016,60.06999969482422,46.673728942871094,4380800
2016-10-21,AIG,AIG,59.529998779296875,60.09000015258789,59.400001525878906,60.0,46.61934280395508,4218300
2016-10-24,AIG,AIG,60.279998779296875,60.5,60.189998626708984,60.31999969482422,46.86799621582031,3458600
2016-10-25,AIG,AIG,60.29999923706055,60.599998474121094,60.15999984741211,60.54999923706055,47.04668426513672,3493800
2016-10-26,AIG,AIG,60.29999923706055,61.369998931884766,60.15999984741211,61.11000061035156,47.481807708740234,6584600
2016-10-27,AIG,AIG,61.439998626708984,62.029998779296875,61.119998931884766,61.41999816894531,47.72267150878906,9922400
2016-10-28,AIG,AIG,61.63999938964844,61.90999984741211,60.959999084472656,61.279998779296875,47.61388397216797,7016900
2016-10-31,AIG,AIG,61.54999923706055,61.959999084472656,61.439998626708984,61.70000076293945,47.94022750854492,5901500
2016-11-01,AIG,AIG,61.77000045776367,61.810001373291016,59.90999984741211,60.68000030517578,47.14769744873047,8322800
2016-11-02,AIG,AIG,60.630001068115234,61.119998931884766,60.2400016784668,60.54999923706055,47.04668426513672,7359300
2016-11-03,AIG,AIG,58.13999938964844,58.36000061035156,57.349998474121094,58.150001525878906,45.18192672729492,13088100
2016-11-04,AIG,AIG,58.22999954223633,58.34000015258789,57.369998931884766,57.380001068115234,44.5836296081543,8737100
2016-11-07,AIG,AIG,58.20000076293945,59.310001373291016,58.119998931884766,59.279998779296875,46.05991744995117,9849100
2016-11-08,AIG,AIG,59.11000061035156,59.869998931884766,58.709999084472656,59.5,46.230857849121094,9238500
2016-11-09,AIG,AIG,60.09000015258789,61.15999984741211,59.70000076293945,60.93000030517578,47.34193801879883,13021000
2016-11-10,AIG,AIG,61.52000045776367,63.470001220703125,61.5,63.209999084472656,49.11347579956055,12562000
2016-11-11,AIG,AIG,62.93000030517578,63.47999954223633,62.720001220703125,63.31999969482422,49.198951721191406,9673700
2016-11-14,AIG,AIG,63.65999984741211,64.72000122070312,63.54999923706055,64.44999694824219,50.076942443847656,9557500
2016-11-15,AIG,AIG,63.93000030517578,64.5999984741211,63.72999954223633,64.5999984741211,50.19349670410156,8588100
2016-11-16,AIG,AIG,63.939998626708984,64.5199966430664,63.45000076293945,64.0999984741211,49.804996490478516,6185300
2016-11-17,AIG,AIG,63.95000076293945,64.45999908447266,63.95000076293945,64.2300033569336,49.90599822998047,6260700
2016-11-18,AIG,AIG,64.13999938964844,64.2300033569336,63.45000076293945,63.90999984741211,49.657371520996094,4462000
2016-11-21,AIG,AIG,64.0199966430664,64.25,63.65999984741211,63.91999816894531,49.66514587402344,4177700
2016-11-22,AIG,AIG,64.02999877929688,64.12000274658203,63.09000015258789,64.0,49.72730255126953,6626700
2016-11-23,AIG,AIG,64.13999938964844,64.48999786376953,63.81999969482422,64.33000183105469,49.98370361328125,4498200
2016-11-25,AIG,AIG,64.0199966430664,64.58000183105469,64.0199966430664,64.44000244140625,50.069190979003906,2074000
2016-11-28,AIG,AIG,63.97999954223633,64.5,63.290000915527344,63.310001373291016,49.19118118286133,6385300
2016-11-29,AIG,AIG,63.47999954223633,63.58000183105469,63.25,63.279998779296875,49.16787338256836,4841400
2016-11-30,AIG,AIG,63.689998626708984,64.05999755859375,63.33000183105469,63.33000183105469,49.20672607421875,7627200
2016-12-01,AIG,AIG,63.65999984741211,64.1500015258789,63.599998474121094,64.11000061035156,49.81277847290039,5942700
2016-12-02,AIG,AIG,64.08999633789062,64.19999694824219,63.689998626708984,63.75,49.53305435180664,5651000
2016-12-05,AIG,AIG,64.13999938964844,64.22000122070312,63.83000183105469,64.22000122070312,49.898250579833984,4706000
2016-12-06,AIG,AIG,64.20999908447266,64.36000061035156,63.7599983215332,64.19999694824219,50.13250732421875,4942600
2016-12-07,AIG,AIG,64.29000091552734,64.98999786376953,64.20999908447266,64.91999816894531,50.69474411010742,5113100
2016-12-08,AIG,AIG,64.9800033569336,66.0999984741211,64.80000305175781,65.81999969482422,51.397518157958984,5196500
2016-12-09,AIG,AIG,65.80000305175781,65.98999786376953,65.47000122070312,65.83000183105469,51.40534973144531,6553000
2016-12-12,AIG,AIG,66.08000183105469,66.22000122070312,64.9800033569336,65.62000274658203,51.241355895996094,6568400
2016-12-13,AIG,AIG,65.93000030517578,66.33000183105469,65.41999816894531,66.30999755859375,51.780174255371094,5225900
2016-12-14,AIG,AIG,65.73999786376953,67.0,65.41999816894531,66.01000213623047,51.545894622802734,6613400
2016-12-15,AIG,AIG,66.26000213623047,67.02999877929688,66.12999725341797,66.19000244140625,51.68645095825195,6148700
2016-12-16,AIG,AIG,66.33000183105469,66.68000030517578,65.98999786376953,66.30000305175781,51.77235794067383,14776700
2016-12-19,AIG,AIG,66.33000183105469,66.68000030517578,65.5999984741211,66.54000091552734,51.95976638793945,7628700
2016-12-20,AIG,AIG,66.73999786376953,66.9800033569336,66.31999969482422,66.5999984741211,52.00659942626953,4075700
2016-12-21,AIG,AIG,66.58000183105469,66.87000274658203,66.22000122070312,66.66000366210938,52.053470611572266,3091500
2016-12-22,AIG,AIG,66.2300033569336,66.77999877929688,65.94999694824219,66.2300033569336,51.71770095825195,3047500
2016-12-23,AIG,AIG,66.2300033569336,66.5,66.05000305175781,66.41000366210938,51.85824203491211,2061000
2016-12-27,AIG,AIG,66.54000091552734,66.91999816894531,66.41999816894531,66.69999694824219,52.08469009399414,3263700
2016-12-28,AIG,AIG,66.68000030517578,66.7699966430664,65.87000274658203,65.87999725341797,51.44437026977539,2449800
2016-12-29,AIG,AIG,66.0,66.19000244140625,65.44000244140625,65.5,51.147647857666016,3336800
2016-12-30,AIG,AIG,65.4000015258789,65.72000122070312,65.12000274658203,65.30999755859375,50.99928283691406,4497200
2017-01-03,AIG,AIG,65.94999694824219,66.01000213623047,64.69000244140625,65.12000274658203,50.85090637207031,7321900
2017-01-04,AIG,AIG,65.48999786376953,66.20999908447266,65.27999877929688,65.97000122070312,51.51466751098633,4927500
2017-01-05,AIG,AIG,65.80999755859375,66.06999969482422,64.93000030517578,65.5999984741211,51.225738525390625,4107900
2017-01-06,AIG,AIG,66.56999969482422,67.08000183105469,66.19000244140625,66.80999755859375,52.170597076416016,5603700
2017-01-09,AIG,AIG,66.69000244140625,66.87000274658203,66.06999969482422,66.37999725341797,51.83482360839844,4345000
2017-01-10,AIG,AIG,66.41000366210938,67.47000122070312,66.26000213623047,67.19999694824219,52.47515106201172,4952500
2017-01-11,AIG,AIG,66.83999633789062,67.2699966430664,66.31999969482422,66.94999694824219,52.279911041259766,4762000
2017-01-12,AIG,AIG,66.55999755859375,66.61000061035156,65.75,66.25,51.73332595825195,5558700
2017-01-13,AIG,AIG,66.13999938964844,66.91000366210938,66.12000274658203,66.3499984741211,51.8113899230957,5391500
2017-01-17,AIG,AIG,65.69999694824219,66.41000366210938,65.45999908447266,66.05999755859375,51.58493423461914,5155000
2017-01-18,AIG,AIG,66.33999633789062,66.47000122070312,65.86000061035156,66.23999786376953,51.725494384765625,4953900
2017-01-19,AIG,AIG,66.44999694824219,66.6500015258789,65.95999908447266,66.29000091552734,51.76454162597656,4406400
2017-01-20,AIG,AIG,66.29000091552734,67.44999694824219,66.26000213623047,66.54000091552734,51.95976638793945,9070900
2017-01-23,AIG,AIG,66.5199966430664,66.52999877929688,65.44000244140625,65.48999786376953,51.13983154296875,5707100
2017-01-24,AIG,AIG,65.83999633789062,65.93000030517578,65.33999633789062,65.5,51.147647857666016,6524900
2017-01-25,AIG,AIG,65.72000122070312,66.06999969482422,65.43000030517578,65.72000122070312,51.31943893432617,6799000
2017-01-26,AIG,AIG,66.01000213623047,66.4000015258789,65.55000305175781,66.0199966430664,51.55370330810547,4866900
2017-01-27,AIG,AIG,66.0,66.05000305175781,64.98999786376953,65.20999908447266,50.92118453979492,5612800
2017-01-30,AIG,AIG,64.94999694824219,64.94999694824219,64.0199966430664,64.88999938964844,50.67129898071289,5149900
2017-01-31,AIG,AIG,64.75,65.13999938964844,64.05000305175781,64.26000213623047,50.179359436035156,6201100
2017-02-01,AIG,AIG,64.75,65.0,64.05999755859375,64.2699966430664,50.187156677246094,4690400
2017-02-02,AIG,AIG,63.869998931884766,64.61000061035156,63.75,64.12000274658203,50.070037841796875,4532800
2017-02-03,AIG,AIG,64.97000122070312,65.18000030517578,64.5,64.94000244140625,50.71035385131836,4380500
2017-02-06,AIG,AIG,64.54000091552734,65.05000305175781,64.5,64.9000015258789,50.67912673950195,2871500
2017-02-07,AIG,AIG,65.19000244140625,65.25,64.76000213623047,64.87999725341797,50.66350173950195,3645700
2017-02-08,AIG,AIG,64.69999694824219,65.04000091552734,64.5,64.91000366210938,50.686927795410156,3181900
2017-02-09,AIG,AIG,64.91000366210938,65.58000183105469,64.91000366210938,65.31999969482422,51.0070915222168,5373100
2017-02-10,AIG,AIG,65.41000366210938,65.87999725341797,65.3499984741211,65.61000061035156,51.23354721069336,5076200
2017-02-13,AIG,AIG,65.73999786376953,66.30000305175781,65.6500015258789,66.13999938964844,51.64739990234375,4568700
2017-02-14,AIG,AIG,66.43000030517578,66.93000030517578,66.26000213623047,66.88999938964844,52.23307418823242,7933700
2017-02-15,AIG,AIG,62.540000915527344,62.9900016784668,60.40999984741211,60.849998474121094,47.51655578613281,38234900
2017-02-16,AIG,AIG,60.79999923706055,62.689998626708984,60.70000076293945,62.27000045776367,48.625404357910156,14253600
2017-02-17,AIG,AIG,62.09000015258789,62.52000045776367,61.810001373291016,62.5,48.804996490478516,7797900
2017-02-21,AIG,AIG,62.7599983215332,63.58000183105469,62.5099983215332,63.40999984741211,49.51560592651367,9402400
2017-02-22,AIG,AIG,63.099998474121094,64.44000244140625,63.029998779296875,63.83000183105469,49.84357452392578,10006600
2017-02-23,AIG,AIG,64.23999786376953,64.2699966430664,63.880001068115234,64.0199966430664,49.991943359375,6081400
2017-02-24,AIG,AIG,63.689998626708984,63.709999084472656,63.220001220703125,63.630001068115234,49.68740463256836,6466500
2017-02-27,AIG,AIG,63.54999923706055,64.51000213623047,63.529998779296875,64.0,49.97633361816406,8548800
2017-02-28,AIG,AIG,63.7599983215332,64.29000091552734,63.70000076293945,63.91999816894531,49.91385269165039,8014700
2017-03-01,AIG,AIG,64.7300033569336,64.9000015258789,64.37000274658203,64.62999725341797,50.46828079223633,10137000
2017-03-02,AIG,AIG,64.58999633789062,64.7300033569336,63.849998474121094,63.900001525878906,49.89824295043945,6833700
2017-03-03,AIG,AIG,63.86000061035156,64.37000274658203,63.77000045776367,64.22000122070312,50.14813232421875,4639900
2017-03-06,AIG,AIG,63.79999923706055,64.01000213623047,63.369998931884766,63.779998779296875,49.80454635620117,5305700
2017-03-07,AIG,AIG,63.689998626708984,63.7599983215332,62.65999984741211,63.45000076293945,49.546844482421875,8144800
2017-03-08,AIG,AIG,63.849998474121094,64.05000305175781,63.290000915527344,63.439998626708984,49.539039611816406,5863800
2017-03-09,AIG,AIG,64.54000091552734,64.75,62.95000076293945,63.209999084472656,49.35942840576172,8564500
2017-03-10,AIG,AIG,63.290000915527344,63.400001525878906,62.869998931884766,63.08000183105469,49.25791931152344,5005600
2017-03-13,AIG,AIG,61.970001220703125,63.33000183105469,61.810001373291016,63.18000030517578,49.587562561035156,8328100
2017-03-14,AIG,AIG,62.75,63.02000045776367,62.40999984741211,62.880001068115234,49.35209655761719,5131200
2017-03-15,AIG,AIG,63.09000015258789,63.38999938964844,62.880001068115234,63.22999954223633,49.626800537109375,5862600
2017-03-16,AIG,AIG,63.150001525878906,63.470001220703125,62.779998779296875,62.90999984741211,49.37564468383789,5185800
2017-03-17,AIG,AIG,62.63999938964844,63.04999923706055,62.029998779296875,62.41999816894531,48.99106979370117,16458400
2017-03-20,AIG,AIG,62.209999084472656,62.84000015258789,61.880001068115234,62.369998931884766,48.95182418823242,4596600
2017-03-21,AIG,AIG,62.68000030517578,62.68000030517578,61.560001373291016,61.7599983215332,48.47304153442383,7307300
2017-03-22,AIG,AIG,61.58000183105469,61.83000183105469,61.099998474121094,61.2400016784668,48.06493377685547,7417700
2017-03-23,AIG,AIG,61.310001373291016,61.900001525878906,61.20000076293945,61.34000015258789,48.14341735839844,6894600
2017-03-24,AIG,AIG,61.5,61.77000045776367,60.439998626708984,60.880001068115234,47.78239059448242,8466700
2017-03-27,AIG,AIG,60.13999938964844,61.119998931884766,59.88999938964844,60.93000030517578,47.82162857055664,6639300
2017-03-28,AIG,AIG,60.689998626708984,62.25,60.619998931884766,61.86000061035156,48.55155563354492,6491000
2017-03-29,AIG,AIG,61.599998474121094,61.88999938964844,61.5099983215332,61.77000045776367,48.48090362548828,5369800
2017-03-30,AIG,AIG,61.72999954223633,62.88999938964844,61.68000030517578,62.56999969482422,49.108795166015625,4706600
2017-03-31,AIG,AIG,62.40999984741211,62.84000015258789,62.25,62.43000030517578,48.998905181884766,5296000
2017-04-03,AIG,AIG,62.43000030517578,62.560001373291016,61.34000015258789,61.790000915527344,48.4965934753418,5158800
2017-04-04,AIG,AIG,61.709999084472656,62.2599983215332,61.5,62.18000030517578,48.80268859863281,4553200
2017-04-05,AIG,AIG,62.529998779296875,62.77000045776367,61.54999923706055,61.619998931884766,48.363197326660156,4605300
2017-04-06,AIG,AIG,61.5,62.06999969482422,61.38999938964844,61.84000015258789,48.53585433959961,3862600
2017-04-07,AIG,AIG,61.52000045776367,61.81999969482422,61.290000915527344,61.34000015258789,48.14341735839844,4847200
2017-04-10,AIG,AIG,61.40999984741211,61.88999938964844,61.27000045776367,61.47999954223633,48.2532958984375,4760900
2017-04-11,AIG,AIG,61.279998779296875,61.40999984741211,60.560001373291016,60.790000915527344,47.71174240112305,6147800
2017-04-12,AIG,AIG,60.189998626708984,60.459999084472656,59.7400016784668,60.16999816894531,47.22512435913086,7518300
2017-04-13,AIG,AIG,59.9900016784668,60.29999923706055,59.5,59.54999923706055,46.738521575927734,5956100
2017-04-17,AIG,AIG,59.61000061035156,60.060001373291016,59.369998931884766,59.93000030517578,47.03675842285156,5939400
2017-04-18,AIG,AIG,59.59000015258789,59.91999816894531,59.29999923706055,59.5,46.69926834106445,4841300
2017-04-19,AIG,AIG,59.81999969482422,59.97999954223633,58.709999084472656,58.97999954223633,46.29114532470703,6125700
2017-04-20,AIG,AIG,59.150001525878906,60.4900016784668,58.93000030517578,59.66999816894531,46.83269119262695,9397700
2017-04-21,AIG,AIG,59.560001373291016,59.70000076293945,59.08000183105469,59.130001068115234,46.408878326416016,6473200
2017-04-24,AIG,AIG,59.900001525878906,59.959999084472656,59.40999984741211,59.689998626708984,46.848388671875,7930500
2017-04-25,AIG,AIG,60.0099983215332,60.29999923706055,59.900001525878906,60.06999969482422,47.14665222167969,8367500
2017-04-26,AIG,AIG,60.0099983215332,60.81999969482422,59.91999816894531,60.15999984741211,47.21726989746094,12413500
2017-04-27,AIG,AIG,60.209999084472656,61.40999984741211,60.119998931884766,61.150001525878906,47.99430465698242,6860400
2017-04-28,AIG,AIG,61.04999923706055,61.31999969482422,60.869998931884766,60.90999984741211,47.80592346191406,4822600
2017-05-01,AIG,AIG,61.189998626708984,61.880001068115234,61.06999969482422,61.61000061035156,48.355323791503906,5778700
2017-05-02,AIG,AIG,61.5,62.060001373291016,61.38999938964844,61.529998779296875,48.29254913330078,5205000
2017-05-03,AIG,AIG,61.400001525878906,61.90999984741211,61.2599983215332,61.540000915527344,48.300384521484375,7526900
2017-05-04,AIG,AIG,62.91999816894531,63.47999954223633,62.599998474121094,62.66999816894531,49.18728256225586,8490500
2017-05-05,AIG,AIG,62.7599983215332,62.95000076293945,62.61000061035156,62.709999084472656,49.21867370605469,6056900
2017-05-08,AIG,AIG,62.7599983215332,62.79999923706055,61.75,61.91999816894531,48.59862518310547,6488100
2017-05-09,AIG,AIG,61.900001525878906,62.439998626708984,61.65999984741211,61.81999969482422,48.520145416259766,6299900
2017-05-10,AIG,AIG,61.650001525878906,61.79999923706055,61.220001220703125,61.369998931884766,48.16695785522461,3964100
2017-05-11,AIG,AIG,62.880001068115234,62.900001525878906,61.720001220703125,61.790000915527344,48.4965934753418,9098400
2017-05-12,AIG,AIG,61.58000183105469,61.810001373291016,60.91999816894531,60.9900016784668,47.86871337890625,14479100
2017-05-15,AIG,AIG,61.25,61.86000061035156,61.25,61.81999969482422,48.520145416259766,9583200
2017-05-16,AIG,AIG,62.33000183105469,62.369998931884766,61.83000183105469,62.08000183105469,48.72421646118164,7962500
2017-05-17,AIG,AIG,62.08000183105469,62.08000183105469,61.18000030517578,61.560001373291016,48.316097259521484,13252200
2017-05-18,AIG,AIG,61.47999954223633,61.880001068115234,61.15999984741211,61.38999938964844,48.18266296386719,9934800
2017-05-19,AIG,AIG,61.5099983215332,61.790000915527344,61.119998931884766,61.20000076293945,48.033531188964844,9709600
2017-05-22,AIG,AIG,61.61000061035156,61.90999984741211,61.16999816894531,61.380001068115234,48.174808502197266,9260300
2017-05-23,AIG,AIG,61.36000061035156,62.279998779296875,61.209999084472656,62.16999816894531,48.79485321044922,7968900
2017-05-24,AIG,AIG,62.22999954223633,62.84000015258789,62.16999816894531,62.599998474121094,49.13233947753906,11406200
2017-05-25,AIG,AIG,62.849998474121094,63.2400016784668,62.54999923706055,63.119998931884766,49.540470123291016,9920700
2017-05-26,AIG,AIG,63.0,63.900001525878906,62.90999984741211,63.54999923706055,49.877967834472656,8817100
2017-05-30,AIG,AIG,63.29999923706055,64.31999969482422,63.2599983215332,64.0999984741211,50.30961990356445,6358300
2017-05-31,AIG,AIG,64.19000244140625,64.19000244140625,63.52000045776367,63.630001068115234,49.94075393676758,7493000
2017-06-01,AIG,AIG,63.810001373291016,64.04000091552734,63.630001068115234,63.900001525878906,50.15266036987305,5146700
2017-06-02,AIG,AIG,63.560001373291016,64.3499984741211,63.45000076293945,64.23999786376953,50.41950988769531,5736900
2017-06-05,AIG,AIG,64.0,64.1500015258789,63.779998779296875,63.83000183105469,50.09772491455078,3251100
2017-06-06,AIG,AIG,63.56999969482422,63.650001525878906,63.04999923706055,63.310001373291016,49.689598083496094,4157900
2017-06-07,AIG,AIG,63.400001525878906,63.41999816894531,63.08000183105469,63.15999984741211,49.57185745239258,4203700
2017-06-08,AIG,AIG,63.15999984741211,64.20999908447266,63.060001373291016,63.65999984741211,49.964298248291016,4868400
2017-06-09,AIG,AIG,63.83000183105469,64.20999908447266,63.31999969482422,64.18000030517578,50.372413635253906,7128900
2017-06-12,AIG,AIG,64.0,64.4000015258789,63.81999969482422,63.81999969482422,50.34088134765625,5646900
2017-06-13,AIG,AIG,63.880001068115234,64.33000183105469,63.63999938964844,64.2300033569336,50.664276123046875,4715000
2017-06-14,AIG,AIG,64.04000091552734,64.3499984741211,63.630001068115234,64.25,50.6800537109375,3026200
2017-06-15,AIG,AIG,63.810001373291016,64.12999725341797,63.36000061035156,63.810001373291016,50.33298110961914,4895700
2017-06-16,AIG,AIG,63.970001220703125,64.0,63.56999969482422,63.790000915527344,50.31719970703125,7611900
2017-06-19,AIG,AIG,64.12999725341797,64.18000030517578,63.720001220703125,63.95000076293945,50.44340896606445,3090800
2017-06-20,AIG,AIG,63.79999923706055,63.91999816894531,63.33000183105469,63.38999938964844,50.00168228149414,3907500
2017-06-21,AIG,AIG,63.88999938964844,63.939998626708984,63.15999984741211,63.220001220703125,49.86758804321289,4468200
2017-06-22,AIG,AIG,63.0,63.279998779296875,62.83000183105469,63.04999923706055,49.7335090637207,2749400
2017-06-23,AIG,AIG,63.18000030517578,63.36000061035156,62.810001373291016,63.02000045776367,49.70983123779297,8461800
2017-06-26,AIG,AIG,63.220001220703125,63.650001525878906,63.09000015258789,63.18000030517578,49.8360481262207,3839800
2017-06-27,AIG,AIG,63.2599983215332,64.0,63.209999084472656,63.40999984741211,50.01747131347656,4986700
2017-06-28,AIG,AIG,63.66999816894531,64.1500015258789,63.66999816894531,63.84000015258789,50.356651306152344,3792400
2017-06-29,AIG,AIG,64.30999755859375,64.52999877929688,63.25,63.5,50.08845138549805,4376300
2017-06-30,AIG,AIG,63.66999816894531,63.689998626708984,62.279998779296875,62.52000045776367,49.31543731689453,7731600
2017-07-03,AIG,AIG,62.81999969482422,63.90999984741211,62.81999969482422,63.290000915527344,49.922821044921875,3229100
2017-07-05,AIG,AIG,63.400001525878906,63.54999923706055,62.459999084472656,62.779998779296875,49.520511627197266,7149000
2017-07-06,AIG,AIG,62.779998779296875,63.790000915527344,62.77000045776367,63.08000183105469,49.75716018676758,6088000
2017-07-07,AIG,AIG,63.22999954223633,63.439998626708984,62.97999954223633,63.349998474121094,49.97012710571289,3360700
2017-07-10,AIG,AIG,63.08000183105469,63.29999923706055,62.97999954223633,63.06999969482422,49.74927520751953,3140600
2017-07-11,AIG,AIG,63.13999938964844,63.27000045776367,62.72999954223633,62.90999984741211,49.62307357788086,2883400
2017-07-12,AIG,AIG,62.90999984741211,63.59000015258789,62.790000915527344,63.189998626708984,49.843929290771484,2686600
2017-07-13,AIG,AIG,63.36000061035156,64.29000091552734,63.18000030517578,64.12999725341797,50.58539581298828,5507900
2017-07-14,AIG,AIG,63.79999923706055,64.23999786376953,63.4900016784668,64.11000061035156,50.56962966918945,2767900
2017-07-17,AIG,AIG,64.0,64.22000122070312,63.529998779296875,64.05000305175781,50.522281646728516,3466300
2017-07-18,AIG,AIG,63.83000183105469,64.08000183105469,63.52000045776367,63.869998931884766,50.38031005859375,3980900
2017-07-19,AIG,AIG,63.91999816894531,64.19000244140625,63.72999954223633,64.19000244140625,50.63271713256836,2871700
2017-07-20,AIG,AIG,64.22000122070312,64.3499984741211,63.810001373291016,64.2300033569336,50.664276123046875,3488500
2017-07-21,AIG,AIG,64.16000366210938,64.27999877929688,63.86000061035156,64.19999694824219,50.6406135559082,3542700
2017-07-24,AIG,AIG,64.19999694824219,64.62000274658203,64.05000305175781,64.52999877929688,50.90091323852539,2928000
2017-07-25,AIG,AIG,64.94000244140625,65.41999816894531,64.91000366210938,65.29000091552734,51.500389099121094,4960000
2017-07-26,AIG,AIG,65.30999755859375,65.47000122070312,65.01000213623047,65.19000244140625,51.42152404785156,4458900
2017-07-27,AIG,AIG,65.16999816894531,66.02999877929688,65.08999633789062,65.16999816894531,51.40574645996094,4289300
2017-07-28,AIG,AIG,65.25,65.5199966430664,65.05999755859375,65.2699966430664,51.484622955322266,2838500
2017-07-31,AIG,AIG,65.41000366210938,65.6500015258789,65.13999938964844,65.44999694824219,51.62660598754883,3144500
2017-08-01,AIG,AIG,65.7300033569336,65.73999786376953,65.27999877929688,65.4800033569336,51.650272369384766,3261700
2017-08-02,AIG,AIG,65.29000091552734,65.94000244140625,65.0999984741211,65.9000015258789,51.9815559387207,3848500
2017-08-03,AIG,AIG,66.08000183105469,67.30000305175781,65.0999984741211,66.05999755859375,52.1077766418457,8492600
2017-08-04,AIG,AIG,66.16999816894531,66.2300033569336,64.79000091552734,65.08000183105469,51.33474349975586,5074100
2017-08-07,AIG,AIG,64.76000213623047,65.08000183105469,64.5,64.9800033569336,51.25587844848633,5301200
2017-08-08,AIG,AIG,64.94000244140625,65.08000183105469,64.38999938964844,64.56999969482422,50.932464599609375,3143600
2017-08-09,AIG,AIG,64.01000213623047,64.44000244140625,63.63999938964844,64.01000213623047,50.49073791503906,5601400
2017-08-10,AIG,AIG,63.72999954223633,63.849998474121094,62.91999816894531,63.0,49.694053649902344,4375100
2017-08-11,AIG,AIG,63.13999938964844,63.209999084472656,62.5099983215332,62.650001525878906,49.41798400878906,3676300
2017-08-14,AIG,AIG,63.16999816894531,63.40999984741211,62.84000015258789,62.880001068115234,49.599403381347656,3256300
2017-08-15,AIG,AIG,63.15999984741211,63.439998626708984,63.0,63.029998779296875,49.71772003173828,3065400
2017-08-16,AIG,AIG,63.20000076293945,63.29999923706055,62.810001373291016,62.970001220703125,49.670387268066406,2656900
2017-08-17,AIG,AIG,62.7599983215332,62.7599983215332,61.63999938964844,61.66999816894531,48.644962310791016,5174900
2017-08-18,AIG,AIG,61.459999084472656,61.83000183105469,61.15999984741211,61.34000015258789,48.38467025756836,4494700
2017-08-21,AIG,AIG,61.29999923706055,61.349998474121094,60.91999816894531,61.290000915527344,48.345218658447266,3000300
2017-08-22,AIG,AIG,61.349998474121094,61.5099983215332,60.939998626708984,61.220001220703125,48.290008544921875,4843600
2017-08-23,AIG,AIG,60.880001068115234,61.04999923706055,60.65999984741211,60.77000045776367,47.935054779052734,5306000
2017-08-24,AIG,AIG,60.790000915527344,60.939998626708984,60.16999816894531,60.22999954223633,47.50908660888672,5389700
2017-08-25,AIG,AIG,60.310001373291016,60.90999984741211,60.130001068115234,60.779998779296875,47.942935943603516,5877600
2017-08-28,AIG,AIG,60.65999984741211,60.709999084472656,60.27000045776367,60.65999984741211,47.84827423095703,6586400
2017-08-29,AIG,AIG,60.20000076293945,60.41999816894531,60.02000045776367,60.209999084472656,47.493324279785156,4870000
2017-08-30,AIG,AIG,60.16999816894531,60.34000015258789,60.099998474121094,60.20000076293945,47.48542785644531,4420100
2017-08-31,AIG,AIG,60.40999984741211,60.540000915527344,60.060001373291016,60.47999954223633,47.706298828125,7299900
2017-09-01,AIG,AIG,60.58000183105469,61.029998779296875,60.439998626708984,60.70000076293945,47.87982940673828,3747100
2017-09-05,AIG,AIG,60.43000030517578,60.68000030517578,59.459999084472656,59.650001525878906,47.05159378051758,8071600
2017-09-06,AIG,AIG,59.720001220703125,59.959999084472656,59.41999816894531,59.470001220703125,46.909610748291016,5938100
2017-09-07,AIG,AIG,59.38999938964844,59.470001220703125,58.060001373291016,58.27000045776367,45.96306228637695,6648600
2017-09-08,AIG,AIG,58.029998779296875,60.22999954223633,57.900001525878906,59.779998779296875,47.154136657714844,10069200
2017-09-11,AIG,AIG,60.36000061035156,61.060001373291016,59.97999954223633,60.77000045776367,47.935054779052734,8147100
2017-09-12,AIG,AIG,60.84000015258789,61.22999954223633,60.709999084472656,61.20000076293945,48.27423095703125,4310400
2017-09-13,AIG,AIG,60.900001525878906,60.97999954223633,60.5099983215332,60.7400016784668,47.911376953125,5493200
2017-09-14,AIG,AIG,60.5,60.560001373291016,59.599998474121094,59.810001373291016,47.42767333984375,5383300
2017-09-15,AIG,AIG,59.66999816894531,60.040000915527344,59.400001525878906,59.619998931884766,47.277008056640625,9334400
2017-09-18,AIG,AIG,59.65999984741211,59.79999923706055,59.22999954223633,59.38999938964844,47.09462356567383,7293400
2017-09-19,AIG,AIG,59.34000015258789,59.77000045776367,59.209999084472656,59.4900016784668,47.17392349243164,4093000
2017-09-20,AIG,AIG,59.439998626708984,60.33000183105469,59.439998626708984,60.119998931884766,47.673500061035156,6049700
2017-09-21,AIG,AIG,60.220001220703125,60.709999084472656,60.13999938964844,60.5,47.974822998046875,4354800
2017-09-22,AIG,AIG,60.369998931884766,61.0099983215332,60.209999084472656,60.709999084472656,48.14134979248047,4407200
2017-09-25,AIG,AIG,60.310001373291016,61.189998626708984,60.310001373291016,61.0099983215332,48.379234313964844,4405300
2017-09-26,AIG,AIG,60.79999923706055,60.849998474121094,60.0099983215332,60.470001220703125,47.95103454589844,7686500
2017-09-27,AIG,AIG,60.900001525878906,61.52000045776367,60.5099983215332,61.25,48.56954574584961,5967300
2017-09-28,AIG,AIG,61.22999954223633,61.31999969482422,60.709999084472656,60.970001220703125,48.34752655029297,4896300
2017-09-29,AIG,AIG,61.2400016784668,61.880001068115234,61.130001068115234,61.38999938964844,48.68056106567383,4337000
2017-10-02,AIG,AIG,61.720001220703125,61.939998626708984,61.380001068115234,61.86000061035156,49.05326843261719,3864100
2017-10-03,AIG,AIG,61.779998779296875,61.91999816894531,61.279998779296875,61.630001068115234,48.87087631225586,4423300
2017-10-04,AIG,AIG,61.599998474121094,61.70000076293945,61.41999816894531,61.58000183105469,48.831233978271484,2404300
2017-10-05,AIG,AIG,61.63999938964844,62.16999816894531,61.43000030517578,61.97999954223633,49.14841842651367,3652000
2017-10-06,AIG,AIG,62.2599983215332,62.43000030517578,62.0,62.2599983215332,49.370452880859375,3647100
2017-10-09,AIG,AIG,62.2400016784668,62.310001373291016,61.61000061035156,61.779998779296875,48.98982620239258,2594900
2017-10-10,AIG,AIG,61.0,61.93000030517578,61.0,61.779998779296875,48.98982620239258,4099700
2017-10-11,AIG,AIG,61.720001220703125,61.880001068115234,61.45000076293945,61.84000015258789,49.03740692138672,5740900
2017-10-12,AIG,AIG,61.75,62.75,61.65999984741211,62.54999923706055,49.600425720214844,6179700
2017-10-13,AIG,AIG,62.43000030517578,63.369998931884766,62.2400016784668,63.15999984741211,50.0841178894043,7080400
2017-10-16,AIG,AIG,63.369998931884766,64.05000305175781,63.13999938964844,63.97999954223633,50.73435974121094,6550000
2017-10-17,AIG,AIG,63.849998474121094,64.08999633789062,63.470001220703125,63.630001068115234,50.45683288574219,5381800
2017-10-18,AIG,AIG,63.880001068115234,63.970001220703125,63.25,63.439998626708984,50.3061408996582,4442700
2017-10-19,AIG,AIG,63.2400016784668,65.1500015258789,63.06999969482422,65.06999969482422,51.59870147705078,7182000
2017-10-20,AIG,AIG,65.33999633789062,65.55000305175781,64.81999969482422,64.87000274658203,51.440120697021484,6871200
2017-10-23,AIG,AIG,65.16000366210938,65.3499984741211,64.80000305175781,64.95999908447266,51.511470794677734,4108700
2017-10-24,AIG,AIG,65.0199966430664,65.19000244140625,64.80000305175781,65.12999725341797,51.64628601074219,3823000
2017-10-25,AIG,AIG,65.18000030517578,65.37999725341797,64.86000061035156,65.0999984741211,51.622493743896484,4016400
2017-10-26,AIG,AIG,65.43000030517578,65.44999694824219,64.44000244140625,64.8499984741211,51.42424392700195,4041400
2017-10-27,AIG,AIG,64.76000213623047,64.88999938964844,63.970001220703125,64.55000305175781,51.186363220214844,4020200
2017-10-30,AIG,AIG,64.01000213623047,64.98999786376953,64.01000213623047,64.77999877929688,51.368751525878906,4030100
2017-10-31,AIG,AIG,64.68000030517578,64.94999694824219,64.44000244140625,64.61000061035156,51.233943939208984,3191500
2017-11-01,AIG,AIG,64.91999816894531,65.08999633789062,64.51000213623047,64.66000366210938,51.27359390258789,3027400
2017-11-02,AIG,AIG,64.58000183105469,65.30000305175781,64.4000015258789,64.9800033569336,51.527339935302734,4032100
2017-11-03,AIG,AIG,62.09000015258789,63.47999954223633,61.720001220703125,62.0,49.16427230834961,14417400
2017-11-06,AIG,AIG,61.79999923706055,62.72999954223633,61.599998474121094,62.4900016784668,49.55284118652344,7610700
2017-11-07,AIG,AIG,62.619998931884766,63.08000183105469,61.93000030517578,62.130001068115234,49.26737976074219,5968800
2017-11-08,AIG,AIG,62.119998931884766,62.2599983215332,61.54999923706055,61.66999816894531,48.9025993347168,4741300
2017-11-09,AIG,AIG,61.5,62.38999938964844,61.310001373291016,62.2400016784668,49.35458755493164,4575000
2017-11-10,AIG,AIG,62.08000183105469,62.33000183105469,61.90999984741211,62.060001373291016,49.21186065673828,4422300
2017-11-13,AIG,AIG,61.68000030517578,62.099998474121094,61.599998474121094,62.0,49.16427230834961,3605000
2017-11-14,AIG,AIG,61.61000061035156,61.91999816894531,61.2599983215332,61.459999084472656,48.73606872558594,6800100
2017-11-15,AIG,AIG,61.04999923706055,61.65999984741211,60.91999816894531,61.13999938964844,48.48232650756836,4100300
2017-11-16,AIG,AIG,61.349998474121094,61.40999984741211,59.95000076293945,60.060001373291016,47.625911712646484,5642200
2017-11-17,AIG,AIG,59.779998779296875,60.150001525878906,59.40999984741211,60.060001373291016,47.625911712646484,5569700
2017-11-20,AIG,AIG,60.0,60.02000045776367,59.29999923706055,59.689998626708984,47.3325080871582,6349100
2017-11-21,AIG,AIG,59.84000015258789,59.970001220703125,59.52000045776367,59.630001068115234,47.28494644165039,4372500
2017-11-22,AIG,AIG,59.560001373291016,59.66999816894531,59.22999954223633,59.22999954223633,46.96774673461914,3042100
2017-11-24,AIG,AIG,59.459999084472656,59.47999954223633,58.97999954223633,59.029998779296875,46.80915069580078,1744100
2017-11-27,AIG,AIG,59.099998474121094,59.189998626708984,58.689998626708984,58.7599983215332,46.59504318237305,4204700
2017-11-28,AIG,AIG,58.7599983215332,60.029998779296875,58.52000045776367,59.81999969482422,47.43559646606445,6705500
2017-11-29,AIG,AIG,60.13999938964844,61.099998474121094,60.029998779296875,60.29999923706055,47.81621551513672,7727400
2017-11-30,AIG,AIG,60.630001068115234,60.630001068115234,59.689998626708984,59.959999084472656,47.546607971191406,6667200
2017-12-01,AIG,AIG,60.06999969482422,60.20000076293945,58.97999954223633,59.880001068115234,47.483184814453125,4537800
2017-12-04,AIG,AIG,60.41999816894531,60.47999954223633,59.040000915527344,59.2599983215332,46.99153137207031,5815800
2017-12-05,AIG,AIG,59.25,59.939998626708984,58.91999816894531,59.529998779296875,47.205623626708984,4877100
2017-12-06,AIG,AIG,59.75,60.56999969482422,59.720001220703125,60.029998779296875,47.602115631103516,4234400
2017-12-07,AIG,AIG,59.81999969482422,60.029998779296875,59.41999816894531,59.54999923706055,47.47456359863281,3591600
2017-12-08,AIG,AIG,59.630001068115234,59.66999816894531,59.189998626708984,59.5099983215332,47.44268035888672,3401100
2017-12-11,AIG,AIG,59.36000061035156,59.81999969482422,59.220001220703125,59.790000915527344,47.665889739990234,4163500
2017-12-12,AIG,AIG,59.75,60.150001525878906,59.65999984741211,59.93000030517578,47.77751922607422,3681200
2017-12-13,AIG,AIG,59.91999816894531,59.93000030517578,58.91999816894531,58.970001220703125,47.01218032836914,5373100
2017-12-14,AIG,AIG,59.0,59.150001525878906,57.849998474121094,58.11000061035156,46.32656478881836,6959100
2017-12-15,AIG,AIG,58.369998931884766,59.52000045776367,58.369998931884766,59.38999938964844,47.347015380859375,8447100
2017-12-18,AIG,AIG,59.65999984741211,60.040000915527344,59.31999969482422,59.58000183105469,47.49848556518555,5630800
2017-12-19,AIG,AIG,60.0,60.08000183105469,59.75,59.779998779296875,47.657920837402344,3995300
2017-12-20,AIG,AIG,59.84000015258789,60.13999938964844,59.59000015258789,60.0,47.83332061767578,4377300
2017-12-21,AIG,AIG,60.25,60.66999816894531,60.02000045776367,60.08000183105469,47.8971061706543,4941500
2017-12-22,AIG,AIG,60.27000045776367,60.36000061035156,59.11000061035156,59.310001373291016,47.283241271972656,4266300
2017-12-26,AIG,AIG,59.220001220703125,59.790000915527344,59.189998626708984,59.43000030517578,47.378910064697266,2358300
2017-12-27,AIG,AIG,59.290000915527344,59.560001373291016,59.189998626708984,59.540000915527344,47.46659851074219,2841400
2017-12-28,AIG,AIG,59.70000076293945,60.02000045776367,59.439998626708984,60.0,47.83332061767578,2373000
2017-12-29,AIG,AIG,59.970001220703125,60.209999084472656,59.58000183105469,59.58000183105469,47.49848556518555,2837600
2018-01-02,AIG,AIG,60.0,60.0,59.119998931884766,59.5,47.43470764160156,3769600
2018-01-03,AIG,AIG,59.380001068115234,60.279998779296875,59.27000045776367,60.15999984741211,47.96086883544922,4959200
2018-01-04,AIG,AIG,60.41999816894531,61.04999923706055,60.279998779296875,60.400001525878906,48.1522102355957,4170600
2018-01-05,AIG,AIG,60.63999938964844,60.790000915527344,60.369998931884766,60.650001525878906,48.35151290893555,3726100
2018-01-08,AIG,AIG,60.459999084472656,60.529998779296875,60.13999938964844,60.25,48.032630920410156,3229200
2018-01-09,AIG,AIG,60.36000061035156,61.279998779296875,60.25,60.630001068115234,48.335575103759766,6669100
2018-01-10,AIG,AIG,60.63999938964844,61.349998474121094,60.54999923706055,61.0,48.63054275512695,12261300
2018-01-11,AIG,AIG,61.2400016784668,61.459999084472656,61.04999923706055,61.150001525878906,48.7501220703125,6536500
2018-01-12,AIG,AIG,60.95000076293945,61.220001220703125,60.790000915527344,60.970001220703125,48.606632232666016,6240100
2018-01-16,AIG,AIG,61.13999938964844,61.29999923706055,60.88999938964844,61.060001373291016,48.67837905883789,6078900
2018-01-17,AIG,AIG,61.400001525878906,61.59000015258789,61.189998626708984,61.41999816894531,48.96537399291992,4935700
2018-01-18,AIG,AIG,61.560001373291016,61.779998779296875,61.029998779296875,61.529998779296875,49.05308151245117,5402100
2018-01-19,AIG,AIG,61.66999816894531,61.849998474121094,61.33000183105469,61.54999923706055,49.06901550292969,6498700
2018-01-22,AIG,AIG,61.36000061035156,61.36000061035156,60.439998626708984,61.0,48.63054275512695,7217600
2018-01-23,AIG,AIG,60.849998474121094,62.5,60.709999084472656,62.34000015258789,49.698822021484375,10001200
2018-01-24,AIG,AIG,62.470001220703125,64.54000091552734,62.40999984741211,64.31999969482422,51.27732467651367,10387500
2018-01-25,AIG,AIG,64.3499984741211,64.88999938964844,63.83000183105469,64.80000305175781,51.65998840332031,6113400
2018-01-26,AIG,AIG,64.62000274658203,64.91000366210938,64.23999786376953,64.68000030517578,51.56431198120117,5014100
2018-01-29,AIG,AIG,64.63999938964844,65.05000305175781,64.22000122070312,64.26000213623047,51.229488372802734,4270500
2018-01-30,AIG,AIG,63.56999969482422,64.31999969482422,63.11000061035156,63.349998474121094,50.504005432128906,4555700
2018-01-31,AIG,AIG,63.66999816894531,64.0999984741211,63.34000015258789,63.91999816894531,50.95842361450195,4909500
2018-02-01,AIG,AIG,63.7400016784668,64.27999877929688,63.29999923706055,64.16999816894531,51.157737731933594,4120500
2018-02-02,AIG,AIG,63.880001068115234,63.970001220703125,62.869998931884766,63.040000915527344,50.256866455078125,4294400
2018-02-05,AIG,AIG,62.290000915527344,62.599998474121094,60.45000076293945,60.630001068115234,48.335575103759766,8578200
2018-02-06,AIG,AIG,59.68000030517578,60.68000030517578,59.040000915527344,60.2599983215332,48.040584564208984,12035700
2018-02-07,AIG,AIG,60.0,61.29999923706055,59.68000030517578,60.470001220703125,48.20801544189453,7719800
2018-02-08,AIG,AIG,60.45000076293945,60.619998931884766,58.27000045776367,58.279998779296875,46.46209716796875,7377600
2018-02-09,AIG,AIG,61.349998474121094,61.70000076293945,58.349998474121094,60.220001220703125,48.00870895385742,15132000
2018-02-12,AIG,AIG,60.349998474121094,60.41999816894531,59.13999938964844,59.61000061035156,47.52238845825195,6074100
2018-02-13,AIG,AIG,59.130001068115234,59.75,58.68000030517578,59.43000030517578,47.378910064697266,4948300
2018-02-14,AIG,AIG,59.119998931884766,59.619998931884766,58.68000030517578,59.40999984741211,47.36296081542969,6742100
2018-02-15,AIG,AIG,59.65999984741211,59.79999923706055,58.970001220703125,59.22999954223633,47.21946716308594,7869700
2018-02-16,AIG,AIG,59.099998474121094,59.90999984741211,58.90999984741211,59.470001220703125,47.41079330444336,6828600
2018-02-20,AIG,AIG,59.27000045776367,60.15999984741211,59.22999954223633,60.040000915527344,47.86520767211914,5349100
2018-02-21,AIG,AIG,59.810001373291016,61.36000061035156,59.7400016784668,60.18000030517578,47.97681427001953,7203200
2018-02-22,AIG,AIG,60.31999969482422,60.959999084472656,59.869998931884766,59.959999084472656,47.80142593383789,23186900
2018-02-23,AIG,AIG,60.2400016784668,60.5,59.59000015258789,60.06999969482422,47.88911437988281,5612000
2018-02-26,AIG,AIG,59.970001220703125,60.20000076293945,58.470001220703125,59.0099983215332,47.044063568115234,11793300
2018-02-27,AIG,AIG,58.97999954223633,59.630001068115234,58.15999984741211,58.22999954223633,46.42223358154297,8559300
2018-02-28,AIG,AIG,58.58000183105469,58.849998474121094,57.34000015258789,57.34000015258789,45.712711334228516,9170500
2018-03-01,AIG,AIG,57.34000015258789,57.61000061035156,56.08000183105469,56.470001220703125,45.019126892089844,9758600
2018-03-02,AIG,AIG,56.11000061035156,56.61000061035156,55.06999969482422,56.5099983215332,45.05101013183594,8435000
2018-03-05,AIG,AIG,56.31999969482422,57.900001525878906,56.31999969482422,57.619998931884766,45.93592834472656,9483100
2018-03-06,AIG,AIG,57.900001525878906,58.25,57.08000183105469,58.029998779296875,46.262786865234375,5520400
2018-03-07,AIG,AIG,57.560001373291016,58.209999084472656,57.16999816894531,57.310001373291016,45.68878936767578,5873100
2018-03-08,AIG,AIG,57.439998626708984,57.470001220703125,55.529998779296875,56.27000045776367,44.85968780517578,12077600
2018-03-09,AIG,AIG,56.68000030517578,56.95000076293945,55.97999954223633,56.56999969482422,45.09884262084961,9719800
2018-03-12,AIG,AIG,56.68000030517578,57.47999954223633,56.41999816894531,56.61000061035156,45.130733489990234,7615600
2018-03-13,AIG,AIG,56.77000045776367,56.970001220703125,55.630001068115234,55.939998626708984,44.59659194946289,7670200
2018-03-14,AIG,AIG,55.7599983215332,55.869998931884766,54.61000061035156,54.93000030517578,44.04334259033203,8079300
2018-03-15,AIG,AIG,54.93000030517578,55.18000030517578,54.54999923706055,54.65999984741211,43.82686233520508,8167800
2018-03-16,AIG,AIG,54.65999984741211,54.900001525878906,54.029998779296875,54.29999923706055,43.538211822509766,11138300
2018-03-19,AIG,AIG,54.369998931884766,54.77000045776367,53.97999954223633,54.45000076293945,43.658470153808594,7014300
2018-03-20,AIG,AIG,54.63999938964844,55.81999969482422,54.599998474121094,55.630001068115234,44.6046142578125,9030100
2018-03-21,AIG,AIG,55.630001068115234,56.400001525878906,55.2599983215332,55.84000015258789,44.77299118041992,10173500
2018-03-22,AIG,AIG,55.29999923706055,55.93000030517578,54.72999954223633,54.810001373291016,43.94712829589844,9088200
2018-03-23,AIG,AIG,55.0,55.18000030517578,53.34000015258789,53.40999984741211,42.824607849121094,8215100
2018-03-26,AIG,AIG,54.06999969482422,54.86000061035156,53.810001373291016,54.209999084472656,43.4660530090332,6978100
2018-03-27,AIG,AIG,54.369998931884766,54.97999954223633,53.45000076293945,53.779998779296875,43.121273040771484,6637700
2018-03-28,AIG,AIG,53.880001068115234,55.0,53.4900016784668,54.52000045776367,43.71461486816406,6870600
2018-03-29,AIG,AIG,54.56999969482422,54.779998779296875,54.130001068115234,54.41999816894531,43.634429931640625,4538000
2018-04-02,AIG,AIG,54.22999954223633,54.38999938964844,52.41999816894531,53.119998931884766,42.592071533203125,7341400
2018-04-03,AIG,AIG,53.209999084472656,53.84000015258789,53.0099983215332,53.72999954223633,43.0811882019043,5608900
2018-04-04,AIG,AIG,53.029998779296875,54.29999923706055,52.75,54.220001220703125,43.47407150268555,4606400
2018-04-05,AIG,AIG,54.43000030517578,54.7599983215332,54.150001525878906,54.54999923706055,43.73866653442383,4993800
2018-04-06,AIG,AIG,54.13999938964844,54.47999954223633,53.09000015258789,53.599998474121094,42.97694396972656,5138200
2018-04-09,AIG,AIG,53.65999984741211,54.09000015258789,53.08000183105469,53.29999923706055,42.736412048339844,4697200
2018-04-10,AIG,AIG,53.81999969482422,54.13999938964844,53.45000076293945,53.52000045776367,42.91280746459961,3824500
2018-04-11,AIG,AIG,52.939998626708984,53.5099983215332,52.939998626708984,53.36000061035156,42.78450393676758,4242800
2018-04-12,AIG,AIG,53.68000030517578,53.970001220703125,53.36000061035156,53.4900016784668,42.888755798339844,4950100
2018-04-13,AIG,AIG,53.939998626708984,54.09000015258789,53.2400016784668,53.59000015258789,42.96893310546875,4468700
2018-04-16,AIG,AIG,53.90999984741211,54.599998474121094,53.63999938964844,54.279998779296875,43.522178649902344,6509800
2018-04-17,AIG,AIG,54.400001525878906,54.4900016784668,54.06999969482422,54.2599983215332,43.506141662597656,5014400
2018-04-18,AIG,AIG,54.459999084472656,54.63999938964844,54.060001373291016,54.459999084472656,43.66650390625,3985600
2018-04-19,AIG,AIG,54.459999084472656,55.27000045776367,54.459999084472656,55.18000030517578,44.243797302246094,5692600
2018-04-20,AIG,AIG,55.369998931884766,55.65999984741211,54.939998626708984,55.43000030517578,44.44425964355469,5001500
2018-04-23,AIG,AIG,55.36000061035156,55.369998931884766,54.83000183105469,55.18000030517578,44.243797302246094,4393000
2018-04-24,AIG,AIG,54.97999954223633,55.459999084472656,54.810001373291016,55.09000015258789,44.17163848876953,4935000
2018-04-25,AIG,AIG,55.119998931884766,55.560001373291016,54.86000061035156,55.400001525878906,44.42020034790039,3158200
2018-04-26,AIG,AIG,55.310001373291016,55.68000030517578,54.939998626708984,55.540000915527344,44.53246307373047,3551200
2018-04-27,AIG,AIG,55.56999969482422,56.29999923706055,55.56999969482422,56.25,45.10173034667969,4837100
2018-04-30,AIG,AIG,56.529998779296875,56.790000915527344,56.0,56.0,44.90129470825195,5628400
2018-05-01,AIG,AIG,55.900001525878906,56.33000183105469,55.380001068115234,56.310001373291016,45.14985275268555,4196900
2018-05-02,AIG,AIG,55.91999816894531,55.95000076293945,54.59000015258789,54.84000015258789,43.97118377685547,7199700
2018-05-03,AIG,AIG,50.790000915527344,52.0099983215332,49.56999969482422,51.939998626708984,41.645938873291016,23105800
2018-05-04,AIG,AIG,51.56999969482422,53.380001068115234,51.5,52.84000015258789,42.367557525634766,12504000
2018-05-07,AIG,AIG,52.650001525878906,53.68000030517578,52.02000045776367,53.279998779296875,42.720367431640625,10194600
2018-05-08,AIG,AIG,53.36000061035156,53.470001220703125,52.58000183105469,53.08000183105469,42.56000900268555,9111900
2018-05-09,AIG,AIG,53.09000015258789,53.38999938964844,52.560001373291016,52.81999969482422,42.351524353027344,4536400
2018-05-10,AIG,AIG,52.880001068115234,53.20000076293945,52.52000045776367,52.75,42.295406341552734,5415600
2018-05-11,AIG,AIG,52.810001373291016,53.16999816894531,52.68000030517578,52.849998474121094,42.375587463378906,3766500
2018-05-14,AIG,AIG,52.93000030517578,53.0,52.65999984741211,52.91999816894531,42.43171691894531,6183900
2018-05-15,AIG,AIG,52.83000183105469,53.38999938964844,52.810001373291016,53.22999954223633,42.680274963378906,4852700
2018-05-16,AIG,AIG,53.04999923706055,53.7400016784668,52.90999984741211,53.709999084472656,43.06513977050781,5461100
2018-05-17,AIG,AIG,54.4900016784668,55.09000015258789,54.439998626708984,54.790000915527344,43.93109893798828,8540800
2018-05-18,AIG,AIG,54.540000915527344,55.45000076293945,54.22999954223633,55.150001525878906,44.21974182128906,9821600
2018-05-21,AIG,AIG,55.36000061035156,55.650001525878906,55.220001220703125,55.290000915527344,44.33200454711914,5076700
2018-05-22,AIG,AIG,55.22999954223633,55.459999084472656,54.79999923706055,55.119998931884766,44.1956901550293,5617100
2018-05-23,AIG,AIG,54.93000030517578,55.040000915527344,53.7599983215332,54.13999938964844,43.40993118286133,4298100
2018-05-24,AIG,AIG,53.970001220703125,53.970001220703125,53.20000076293945,53.709999084472656,43.06513977050781,4167500
2018-05-25,AIG,AIG,53.56999969482422,53.61000061035156,53.02000045776367,53.29999923706055,42.736412048339844,2884500
2018-05-29,AIG,AIG,52.61000061035156,52.72999954223633,51.529998779296875,52.18000030517578,41.83837890625,6583900
2018-05-30,AIG,AIG,52.84000015258789,53.189998626708984,52.279998779296875,53.06999969482422,42.55198669433594,4317300
2018-05-31,AIG,AIG,52.720001220703125,52.900001525878906,52.43000030517578,52.790000915527344,42.32748794555664,5996300
2018-06-01,AIG,AIG,53.40999984741211,53.630001068115234,53.130001068115234,53.290000915527344,42.728389739990234,4449000
2018-06-04,AIG,AIG,53.61000061035156,54.16999816894531,53.47999954223633,53.779998779296875,43.121273040771484,3634900
2018-06-05,AIG,AIG,53.630001068115234,53.939998626708984,53.34000015258789,53.84000015258789,43.169395446777344,3947300
2018-06-06,AIG,AIG,53.93000030517578,54.130001068115234,53.25,53.939998626708984,43.24955368041992,5892500
2018-06-07,AIG,AIG,54.0,54.0,53.41999816894531,53.869998931884766,43.193424224853516,5306500
2018-06-08,AIG,AIG,53.97999954223633,55.20000076293945,53.83000183105469,55.119998931884766,44.1956901550293,6956200
2018-06-11,AIG,AIG,55.20000076293945,55.310001373291016,54.81999969482422,55.130001068115234,44.20371627807617,3707000
2018-06-12,AIG,AIG,55.119998931884766,55.33000183105469,54.279998779296875,54.560001373291016,43.74668884277344,4599800
2018-06-13,AIG,AIG,54.349998474121094,55.54999923706055,54.209999084472656,54.70000076293945,44.11769485473633,6017400
2018-06-14,AIG,AIG,54.72999954223633,55.150001525878906,54.439998626708984,54.79999923706055,44.19834899902344,6715200
2018-06-15,AIG,AIG,54.959999084472656,55.41999816894531,54.66999816894531,55.209999084472656,44.52902603149414,12584800
2018-06-18,AIG,AIG,54.52000045776367,55.630001068115234,54.130001068115234,55.54999923706055,44.80324172973633,6504200
2018-06-19,AIG,AIG,55.16999816894531,55.810001373291016,55.08000183105469,55.5,44.7629280090332,5325000
2018-06-20,AIG,AIG,55.599998474121094,55.630001068115234,55.209999084472656,55.209999084472656,44.52902603149414,4537500
2018-06-21,AIG,AIG,55.20000076293945,55.2599983215332,54.11000061035156,54.25,43.75475311279297,5004700
2018-06-22,AIG,AIG,54.5099983215332,54.650001525878906,54.15999984741211,54.459999084472656,43.92411804199219,4778100
2018-06-25,AIG,AIG,54.459999084472656,54.59000015258789,53.81999969482422,54.220001220703125,43.730560302734375,3477300
2018-06-26,AIG,AIG,54.16999816894531,54.29999923706055,53.099998474121094,53.63999938964844,43.262760162353516,3586800
2018-06-27,AIG,AIG,53.52000045776367,53.849998474121094,52.880001068115234,52.880001068115234,42.64978790283203,4409100
2018-06-28,AIG,AIG,52.709999084472656,53.40999984741211,52.25,53.22999954223633,42.93207550048828,6015600
2018-06-29,AIG,AIG,53.599998474121094,53.880001068115234,52.97999954223633,53.02000045776367,42.76270294189453,4348000
2018-07-02,AIG,AIG,52.84000015258789,53.369998931884766,52.689998626708984,53.36000061035156,43.03692626953125,5198800
2018-07-03,AIG,AIG,53.439998626708984,54.09000015258789,53.310001373291016,53.66999816894531,43.28694534301758,1970500
2018-07-05,AIG,AIG,53.9900016784668,54.119998931884766,53.52000045776367,53.91999816894531,43.48858642578125,2743800
2018-07-06,AIG,AIG,53.81999969482422,54.650001525878906,53.58000183105469,54.369998931884766,43.85153579711914,2212400
2018-07-09,AIG,AIG,54.66999816894531,55.70000076293945,54.529998779296875,55.560001373291016,44.81131362915039,4706400
2018-07-10,AIG,AIG,55.77000045776367,55.79999923706055,55.220001220703125,55.459999084472656,44.73066711425781,3427500
2018-07-11,AIG,AIG,55.220001220703125,55.349998474121094,54.380001068115234,54.560001373291016,44.00477600097656,2753300
2018-07-12,AIG,AIG,54.77000045776367,54.84000015258789,54.0099983215332,54.29999923706055,43.79507827758789,2611800
2018-07-13,AIG,AIG,54.11000061035156,54.36000061035156,53.849998474121094,54.2400016784668,43.74668502807617,2727400
2018-07-16,AIG,AIG,54.369998931884766,54.880001068115234,54.220001220703125,54.77000045776367,44.17414474487305,1975700
2018-07-17,AIG,AIG,54.959999084472656,55.04999923706055,54.599998474121094,54.709999084472656,44.125755310058594,2248400
2018-07-18,AIG,AIG,54.65999984741211,55.34000015258789,54.459999084472656,55.130001068115234,44.464500427246094,2759100
2018-07-19,AIG,AIG,54.900001525878906,55.04999923706055,53.68000030517578,53.849998474121094,43.43212127685547,4888700
2018-07-20,AIG,AIG,53.59000015258789,53.90999984741211,53.2599983215332,53.31999969482422,43.004669189453125,4888500
2018-07-23,AIG,AIG,53.25,53.63999938964844,52.529998779296875,53.400001525878906,43.06919479370117,4533700
2018-07-24,AIG,AIG,53.38999938964844,54.13999938964844,53.220001220703125,53.70000076293945,43.311161041259766,3642100
2018-07-25,AIG,AIG,53.599998474121094,53.72999954223633,52.97999954223633,53.56999969482422,43.206302642822266,3412800
2018-07-26,AIG,AIG,53.779998779296875,54.75,53.779998779296875,54.25,43.75475311279297,3820400
2018-07-27,AIG,AIG,54.2599983215332,54.84000015258789,54.209999084472656,54.36000061035156,43.843467712402344,3313500
2018-07-30,AIG,AIG,54.34000015258789,55.25,54.27000045776367,54.939998626708984,44.31126403808594,4214000
2018-07-31,AIG,AIG,55.2400016784668,55.40999984741211,54.779998779296875,55.209999084472656,44.52902603149414,5124000
2018-08-01,AIG,AIG,55.529998779296875,56.36000061035156,54.86000061035156,54.9900016784668,44.351593017578125,5529200
2018-08-02,AIG,AIG,54.58000183105469,55.54999923706055,54.36000061035156,55.15999984741211,44.48870086669922,4729100
2018-08-03,AIG,AIG,53.11000061035156,54.08000183105469,52.36000061035156,53.650001525878906,43.270835876464844,12219100
2018-08-06,AIG,AIG,53.52000045776367,53.529998779296875,52.720001220703125,53.41999816894531,43.0853157043457,6658300
2018-08-07,AIG,AIG,53.56999969482422,53.720001220703125,52.939998626708984,52.9900016784668,42.738502502441406,5182800
2018-08-08,AIG,AIG,52.95000076293945,53.099998474121094,52.29999923706055,52.439998626708984,42.294918060302734,5512200
2018-08-09,AIG,AIG,52.36000061035156,52.77000045776367,51.9900016784668,52.0,41.94002151489258,3460800
2018-08-10,AIG,AIG,51.630001068115234,52.27000045776367,51.2400016784668,52.220001220703125,42.11747360229492,5747000
2018-08-13,AIG,AIG,52.220001220703125,52.560001373291016,51.939998626708984,52.099998474121094,42.02068328857422,5257900
2018-08-14,AIG,AIG,52.060001373291016,52.5,51.790000915527344,52.33000183105469,42.206199645996094,3185000
2018-08-15,AIG,AIG,52.06999969482422,52.189998626708984,51.7400016784668,52.099998474121094,42.02068328857422,3595000
2018-08-16,AIG,AIG,52.310001373291016,52.790000915527344,52.279998779296875,52.459999084472656,42.31104278564453,5029300
2018-08-17,AIG,AIG,52.310001373291016,52.77000045776367,52.08000183105469,52.58000183105469,42.40782928466797,4425500
2018-08-20,AIG,AIG,52.59000015258789,53.220001220703125,52.58000183105469,53.15999984741211,42.8756103515625,3209100
2018-08-21,AIG,AIG,53.13999938964844,54.09000015258789,53.0099983215332,53.79999923706055,43.39179992675781,5866400
2018-08-22,AIG,AIG,53.5099983215332,53.58000183105469,52.689998626708984,53.130001068115234,42.85143280029297,4702600
2018-08-23,AIG,AIG,53.130001068115234,53.130001068115234,52.470001220703125,52.61000061035156,42.43202209472656,4366600
2018-08-24,AIG,AIG,52.77000045776367,53.41999816894531,52.619998931884766,53.310001373291016,42.99660110473633,3017000
2018-08-27,AIG,AIG,53.59000015258789,54.65999984741211,53.41999816894531,54.220001220703125,43.730560302734375,4617400
2018-08-28,AIG,AIG,54.220001220703125,54.61000061035156,53.86000061035156,54.040000915527344,43.58538055419922,3607400
2018-08-29,AIG,AIG,54.0,54.02000045776367,53.650001525878906,53.900001525878906,43.47243881225586,4297700
2018-08-30,AIG,AIG,53.849998474121094,53.95000076293945,53.27000045776367,53.63999938964844,43.262760162353516,2948000
2018-08-31,AIG,AIG,53.400001525878906,53.400001525878906,52.560001373291016,53.16999816894531,42.88368225097656,4304400
2018-09-04,AIG,AIG,52.77000045776367,53.47999954223633,52.7400016784668,53.369998931884766,43.04499053955078,3047000
2018-09-05,AIG,AIG,53.29999923706055,53.88999938964844,53.220001220703125,53.81999969482422,43.407928466796875,5203500
2018-09-06,AIG,AIG,53.900001525878906,54.220001220703125,53.59000015258789,53.900001525878906,43.47243881225586,4692100
2018-09-07,AIG,AIG,53.90999984741211,54.0,53.36000061035156,53.66999816894531,43.28694534301758,2796900
2018-09-10,AIG,AIG,53.2400016784668,53.2400016784668,52.31999969482422,52.720001220703125,42.5207405090332,4536600
2018-09-11,AIG,AIG,52.25,52.54999923706055,51.7599983215332,52.369998931884766,42.23843765258789,5437200
2018-09-12,AIG,AIG,52.16999816894531,52.5,51.810001373291016,52.31999969482422,42.19812774658203,4775500
2018-09-13,AIG,AIG,52.380001068115234,52.939998626708984,52.380001068115234,52.66999816894531,42.480411529541016,3555400
2018-09-14,AIG,AIG,52.5099983215332,53.4900016784668,52.41999816894531,53.25,43.210731506347656,3669500
2018-09-17,AIG,AIG,53.34000015258789,53.40999984741211,53.0099983215332,53.29999923706055,43.25131607055664,3765100
2018-09-18,AIG,AIG,53.29999923706055,54.08000183105469,53.13999938964844,53.95000076293945,43.77876663208008,3885800
2018-09-19,AIG,AIG,54.11000061035156,54.689998626708984,53.88999938964844,53.88999938964844,43.730079650878906,5049200
2018-09-20,AIG,AIG,54.25,54.720001220703125,54.220001220703125,54.31999969482422,44.07899475097656,5064400
2018-09-21,AIG,AIG,54.439998626708984,54.7599983215332,54.220001220703125,54.66999816894531,44.36301803588867,6440400
2018-09-24,AIG,AIG,54.59000015258789,54.939998626708984,54.43000030517578,54.650001525878906,44.346797943115234,6603500
2018-09-25,AIG,AIG,54.66999816894531,54.970001220703125,54.22999954223633,54.40999984741211,44.152034759521484,5749600
2018-09-26,AIG,AIG,54.459999084472656,54.790000915527344,53.97999954223633,54.04999923706055,43.85990905761719,4904700
2018-09-27,AIG,AIG,54.04999923706055,54.09000015258789,53.38999938964844,53.38999938964844,43.324344635009766,4089700
2018-09-28,AIG,AIG,52.970001220703125,53.41999816894531,52.529998779296875,53.2400016784668,43.20262908935547,4463100
2018-10-01,AIG,AIG,53.439998626708984,53.72999954223633,52.95000076293945,53.08000183105469,43.07279968261719,3595000
2018-10-02,AIG,AIG,53.04999923706055,53.2599983215332,52.68000030517578,53.119998931884766,43.10523986816406,2519400
2018-10-03,AIG,AIG,53.5,53.86000061035156,53.2400016784668,53.27000045776367,43.22697067260742,3591900
2018-10-04,AIG,AIG,53.33000183105469,54.209999084472656,53.310001373291016,53.900001525878906,43.738189697265625,4804500
2018-10-05,AIG,AIG,54.0,54.439998626708984,53.54999923706055,53.599998474121094,43.4947509765625,2887100
2018-10-08,AIG,AIG,53.2599983215332,54.439998626708984,53.150001525878906,54.04999923706055,43.85990905761719,3977300
2018-10-09,AIG,AIG,53.880001068115234,54.13999938964844,53.459999084472656,53.81999969482422,43.673274993896484,3625000
2018-10-10,AIG,AIG,53.54999923706055,53.869998931884766,52.380001068115234,52.38999938964844,42.51287078857422,4572400
2018-10-11,AIG,AIG,52.31999969482422,52.349998474121094,49.970001220703125,50.13999938964844,40.68705368041992,9419600
2018-10-12,AIG,AIG,50.54999923706055,50.54999923706055,48.849998474121094,49.77000045776367,40.3868293762207,5886600
2018-10-15,AIG,AIG,49.75,50.04999923706055,49.040000915527344,49.04999923706055,39.80256271362305,5061900
2018-10-16,AIG,AIG,49.130001068115234,49.33000183105469,48.31999969482422,49.29999923706055,40.00544357299805,6663200
2018-10-17,AIG,AIG,49.20000076293945,50.2400016784668,48.70000076293945,49.619998931884766,40.26510238647461,4906800
2018-10-18,AIG,AIG,49.5099983215332,49.529998779296875,47.869998931884766,48.61000061035156,39.44552230834961,7381700
2018-10-19,AIG,AIG,47.25,48.040000915527344,46.79999923706055,47.20000076293945,38.301361083984375,9494800
2018-10-22,AIG,AIG,47.290000915527344,47.38999938964844,44.90999984741211,44.959999084472656,36.48365020751953,11050200
2018-10-23,AIG,AIG,44.279998779296875,44.47999954223633,43.209999084472656,44.18000030517578,35.8507080078125,13635900
2018-10-24,AIG,AIG,44.02000045776367,44.04999923706055,42.16999816894531,42.22999954223633,34.26833724975586,9763600
2018-10-25,AIG,AIG,42.41999816894531,43.02000045776367,41.97999954223633,42.380001068115234,34.39007568359375,9842700
2018-10-26,AIG,AIG,42.040000915527344,42.08000183105469,40.47999954223633,40.91999816894531,33.205322265625,11628800
2018-10-29,AIG,AIG,41.5,41.630001068115234,39.599998474121094,39.90999984741211,32.385738372802734,12913600
2018-10-30,AIG,AIG,40.0,41.040000915527344,39.290000915527344,40.959999084472656,33.2377815246582,22028500
2018-10-31,AIG,AIG,42.130001068115234,42.619998931884766,41.20000076293945,41.290000915527344,33.50557327270508,11324700
2018-11-01,AIG,AIG,43.36000061035156,44.630001068115234,42.619998931884766,43.119998931884766,34.99054718017578,12040500
2018-11-02,AIG,AIG,43.41999816894531,44.0,42.369998931884766,43.279998779296875,35.120384216308594,9269700
2018-11-05,AIG,AIG,43.11000061035156,44.22999954223633,43.09000015258789,44.130001068115234,35.810142517089844,7193400
2018-11-06,AIG,AIG,43.900001525878906,45.0,43.58000183105469,44.900001525878906,36.43496322631836,7541900
2018-11-07,AIG,AIG,44.310001373291016,44.68000030517578,43.869998931884766,44.43000030517578,36.053585052490234,7472300
2018-11-08,AIG,AIG,44.119998931884766,44.86000061035156,44.08000183105469,44.25,35.907501220703125,6962000
2018-11-09,AIG,AIG,44.099998474121094,44.400001525878906,43.58000183105469,43.81999969482422,35.558570861816406,5400000
2018-11-12,AIG,AIG,43.720001220703125,43.83000183105469,42.38999938964844,42.470001220703125,34.463104248046875,5148400
2018-11-13,AIG,AIG,42.560001373291016,43.16999816894531,42.099998474121094,42.15999984741211,34.211551666259766,6009900
2018-11-14,AIG,AIG,42.5,43.08000183105469,41.650001525878906,41.939998626708984,34.033023834228516,9771500
2018-11-15,AIG,AIG,41.59000015258789,42.93000030517578,41.209999084472656,42.689998626708984,34.64162063598633,7205700
2018-11-16,AIG,AIG,42.400001525878906,43.36000061035156,42.31999969482422,42.939998626708984,34.844482421875,9154700
2018-11-19,AIG,AIG,42.86000061035156,43.34000015258789,42.59000015258789,43.29999923706055,35.136619567871094,8538400
2018-11-20,AIG,AIG,42.869998931884766,43.279998779296875,42.5,43.060001373291016,34.941864013671875,9681100
2018-11-21,AIG,AIG,43.11000061035156,44.34000015258789,42.90999984741211,43.86000061035156,35.59103775024414,8342000
2018-11-23,AIG,AIG,43.45000076293945,44.02000045776367,43.29999923706055,43.369998931884766,35.19342041015625,2962600
2018-11-26,AIG,AIG,43.900001525878906,44.47999954223633,43.779998779296875,43.849998474121094,35.58293151855469,7361300
2018-11-27,AIG,AIG,43.619998931884766,43.7599983215332,43.060001373291016,43.43000030517578,35.242103576660156,5013400
2018-11-28,AIG,AIG,43.52000045776367,44.459999084472656,42.869998931884766,44.31999969482422,35.96431350708008,6101400
2018-11-29,AIG,AIG,43.90999984741211,44.310001373291016,43.2400016784668,43.439998626708984,35.250221252441406,6477100
2018-11-30,AIG,AIG,43.369998931884766,43.560001373291016,42.400001525878906,43.25,35.096038818359375,10036800
2018-12-03,AIG,AIG,43.84000015258789,44.06999969482422,42.900001525878906,43.18000030517578,35.039241790771484,18618900
2018-12-04,AIG,AIG,43.060001373291016,43.459999084472656,40.70000076293945,40.77000045776367,33.0836067199707,9380100
2018-12-06,AIG,AIG,39.959999084472656,40.150001525878906,38.5,39.40999984741211,31.980016708374023,14400100
2018-12-07,AIG,AIG,39.2599983215332,40.02000045776367,37.83000183105469,37.900001525878906,30.754684448242188,9247900
2018-12-10,AIG,AIG,37.599998474121094,37.70000076293945,36.15999984741211,37.5099983215332,30.438207626342773,12287500
2018-12-11,AIG,AIG,37.61000061035156,38.29999923706055,36.31999969482422,36.59000015258789,29.94713592529297,11912500
2018-12-12,AIG,AIG,37.0,38.2400016784668,36.65999984741211,37.68000030517578,30.839263916015625,8573000
2018-12-13,AIG,AIG,37.58000183105469,38.0099983215332,37.0099983215332,37.290000915527344,30.520065307617188,9853600
2018-12-14,AIG,AIG,37.0,37.72999954223633,36.880001068115234,37.4900016784668,30.683748245239258,8176100
2018-12-17,AIG,AIG,37.40999984741211,38.33000183105469,37.13999938964844,37.459999084472656,30.659189224243164,10291900
2018-12-18,AIG,AIG,37.75,38.689998626708984,37.349998474121094,37.560001373291016,30.74103355407715,7215100
2018-12-19,AIG,AIG,37.61000061035156,39.959999084472656,37.61000061035156,39.34000015258789,32.197879791259766,16477400
2018-12-20,AIG,AIG,39.060001373291016,39.56999969482422,37.959999084472656,38.150001525878906,31.223926544189453,9617400
2018-12-21,AIG,AIG,37.959999084472656,39.13999938964844,37.2400016784668,37.400001525878906,30.610082626342773,14026400
2018-12-24,AIG,AIG,37.08000183105469,38.34000015258789,36.560001373291016,37.33000183105469,30.552804946899414,5266300
2018-12-26,AIG,AIG,37.33000183105469,38.619998931884766,36.540000915527344,38.59000015258789,31.584043502807617,6190300
2018-12-27,AIG,AIG,38.2400016784668,39.33000183105469,37.75,39.33000183105469,32.189697265625,6799200
2018-12-28,AIG,AIG,39.5,39.72999954223633,38.36000061035156,38.619998931884766,31.60858726501465,6410300
2018-12-31,AIG,AIG,38.68000030517578,39.40999984741211,38.40999984741211,39.40999984741211,32.25516891479492,6028200
2019-01-02,AIG,AIG,38.900001525878906,39.720001220703125,38.66999816894531,39.619998931884766,32.42705535888672,4516200
2019-01-03,AIG,AIG,39.439998626708984,39.61000061035156,38.68000030517578,38.75,31.714994430541992,5058200
2019-01-04,AIG,AIG,39.38999938964844,40.220001220703125,39.34000015258789,40.18000030517578,32.8853874206543,4823100
2019-01-07,AIG,AIG,40.029998779296875,41.380001068115234,39.83000183105469,40.40999984741211,33.07361602783203,5014300
2019-01-08,AIG,AIG,40.77000045776367,41.040000915527344,40.09000015258789,40.56999969482422,33.20457458496094,3909400
2019-01-09,AIG,AIG,40.56999969482422,41.560001373291016,40.560001373291016,41.15999984741211,33.68745422363281,4272800
2019-01-10,AIG,AIG,41.13999938964844,41.59000015258789,40.810001373291016,41.41999816894531,33.9002571105957,3250200
2019-01-11,AIG,AIG,41.13999938964844,41.939998626708984,40.91999816894531,41.65999984741211,34.09668731689453,4806800
2019-01-14,AIG,AIG,41.279998779296875,42.290000915527344,41.150001525878906,42.0,34.37497329711914,4711900
2019-01-15,AIG,AIG,42.040000915527344,42.470001220703125,41.779998779296875,42.45000076293945,34.74327087402344,5341400
2019-01-16,AIG,AIG,42.58000183105469,43.400001525878906,42.150001525878906,43.130001068115234,35.29981994628906,5299000
2019-01-17,AIG,AIG,42.849998474121094,43.52000045776367,42.439998626708984,43.290000915527344,35.43075180053711,4980800
2019-01-18,AIG,AIG,43.529998779296875,44.16999816894531,43.31999969482422,44.15999984741211,36.1428108215332,5152800
2019-01-22,AIG,AIG,43.779998779296875,43.970001220703125,43.099998474121094,43.36000061035156,35.488059997558594,5775500
2019-01-23,AIG,AIG,43.5099983215332,43.59000015258789,42.31999969482422,42.81999969482422,35.04609298706055,4165000
2019-01-24,AIG,AIG,42.689998626708984,43.58000183105469,42.599998474121094,42.939998626708984,35.14430236816406,3709000
2019-01-25,AIG,AIG,43.34000015258789,43.66999816894531,43.060001373291016,43.18000030517578,35.340736389160156,4762700
2019-01-28,AIG,AIG,43.0,43.06999969482422,42.27000045776367,42.81999969482422,35.04609298706055,4146700
2019-01-29,AIG,AIG,42.650001525878906,42.7599983215332,42.209999084472656,42.2599983215332,34.5877685546875,3545500
2019-01-30,AIG,AIG,42.349998474121094,43.11000061035156,42.099998474121094,42.810001373291016,35.03790283203125,4519900
2019-01-31,AIG,AIG,42.4900016784668,43.31999969482422,42.36000061035156,43.22999954223633,35.38166427612305,6456600
2019-02-01,AIG,AIG,43.45000076293945,43.83000183105469,43.04999923706055,43.81999969482422,35.864540100097656,3383400
2019-02-04,AIG,AIG,43.68000030517578,44.25,43.619998931884766,44.0,36.011871337890625,8672900
2019-02-05,AIG,AIG,43.81999969482422,43.849998474121094,43.290000915527344,43.65999984741211,35.73358917236328,10111900
2019-02-06,AIG,AIG,43.650001525878906,43.84000015258789,43.45000076293945,43.650001525878906,35.72541809082031,4817400
2019-02-07,AIG,AIG,43.22999954223633,43.5,42.349998474121094,42.83000183105469,35.05428695678711,6976900
2019-02-08,AIG,AIG,42.599998474121094,42.709999084472656,41.83000183105469,42.45000076293945,34.74327087402344,4922200
2019-02-11,AIG,AIG,42.66999816894531,43.15999984741211,42.529998779296875,43.04999923706055,35.23432922363281,5160300
2019-02-12,AIG,AIG,43.41999816894531,44.25,43.369998931884766,43.83000183105469,35.872718811035156,3964400
2019-02-13,AIG,AIG,44.02000045776367,44.58000183105469,43.95000076293945,44.18000030517578,36.1591796875,5290400
2019-02-14,AIG,AIG,42.09000015258789,42.29999923706055,40.0,40.189998626708984,32.89356994628906,22229200
2019-02-15,AIG,AIG,40.68000030517578,42.349998474121094,40.540000915527344,42.31999969482422,34.636863708496094,16385400
2019-02-19,AIG,AIG,42.16999816894531,43.099998474121094,41.83000183105469,42.9900016784668,35.18523406982422,8824000
2019-02-20,AIG,AIG,42.939998626708984,43.290000915527344,42.40999984741211,43.290000915527344,35.43075180053711,5647400
2019-02-21,AIG,AIG,43.209999084472656,43.54999923706055,42.75,43.0099983215332,35.201595306396484,5419200
2019-02-22,AIG,AIG,43.130001068115234,43.33000183105469,42.7400016784668,42.869998931884766,35.08700942993164,4929500
2019-02-25,AIG,AIG,43.189998626708984,44.380001068115234,43.060001373291016,43.83000183105469,35.872718811035156,11727000
2019-02-26,AIG,AIG,43.630001068115234,44.7400016784668,43.61000061035156,43.86000061035156,35.897281646728516,7704100
2019-02-27,AIG,AIG,43.849998474121094,43.88999938964844,43.16999816894531,43.470001220703125,35.57809066772461,4748300
2019-02-28,AIG,AIG,43.689998626708984,43.7599983215332,43.099998474121094,43.20000076293945,35.35710525512695,4908300
2019-03-01,AIG,AIG,43.47999954223633,43.65999984741211,43.04999923706055,43.22999954223633,35.38166427612305,5349000
2019-03-04,AIG,AIG,43.41999816894531,43.95000076293945,42.650001525878906,43.5099983215332,35.61082077026367,9514400
2019-03-05,AIG,AIG,43.47999954223633,43.4900016784668,42.630001068115234,43.16999816894531,35.33256149291992,4588800
2019-03-06,AIG,AIG,43.08000183105469,43.33000183105469,42.36000061035156,42.5,34.784183502197266,5266500
2019-03-07,AIG,AIG,42.150001525878906,42.43000030517578,41.56999969482422,41.810001373291016,34.21946716308594,5967000
2019-03-08,AIG,AIG,41.29999923706055,42.22999954223633,41.11000061035156,42.20000076293945,34.53865432739258,4195800
2019-03-11,AIG,AIG,42.459999084472656,43.08000183105469,42.33000183105469,42.81999969482422,35.04609298706055,3056900
2019-03-12,AIG,AIG,42.84000015258789,43.43000030517578,42.81999969482422,43.04999923706055,35.23432922363281,3611600
2019-03-13,AIG,AIG,43.310001373291016,44.150001525878906,43.18000030517578,43.790000915527344,35.839996337890625,5940300
2019-03-14,AIG,AIG,43.47999954223633,43.97999954223633,43.369998931884766,43.75,36.07084655761719,4759300
2019-03-15,AIG,AIG,43.59000015258789,44.130001068115234,43.59000015258789,44.040000915527344,36.30994415283203,7435900
2019-03-18,AIG,AIG,44.27000045776367,44.68000030517578,44.189998626708984,44.279998779296875,36.50780487060547,4745200
2019-03-19,AIG,AIG,44.54999923706055,45.0,43.77000045776367,43.86000061035156,36.16153335571289,5090400
2019-03-20,AIG,AIG,43.66999816894531,44.0099983215332,42.83000183105469,42.959999084472656,35.41950225830078,4823800
2019-03-21,AIG,AIG,42.560001373291016,43.869998931884766,42.5099983215332,43.43000030517578,35.8070182800293,4711100
2019-03-22,AIG,AIG,43.0,43.130001068115234,42.189998626708984,42.619998931884766,35.13917541503906,5410600
2019-03-25,AIG,AIG,42.66999816894531,42.90999984741211,42.16999816894531,42.45000076293945,34.999019622802734,3914800
2019-03-26,AIG,AIG,42.779998779296875,43.279998779296875,42.650001525878906,43.04999923706055,35.49370574951172,2958400
2019-03-27,AIG,AIG,43.08000183105469,43.459999084472656,42.97999954223633,43.13999938964844,35.567909240722656,3075200
2019-03-28,AIG,AIG,43.2599983215332,43.5,42.40999984741211,43.099998474121094,35.53491973876953,2978300
2019-03-29,AIG,AIG,43.45000076293945,43.56999969482422,42.849998474121094,43.060001373291016,35.501956939697266,4308800
2019-04-01,AIG,AIG,43.52000045776367,44.279998779296875,43.459999084472656,43.9900016784668,36.26871871948242,3715100
2019-04-02,AIG,AIG,43.959999084472656,44.33000183105469,43.34000015258789,43.54999923706055,35.90593719482422,3424000
2019-04-03,AIG,AIG,43.939998626708984,44.16999816894531,43.689998626708984,43.869998931884766,36.169769287109375,3490300
2019-04-04,AIG,AIG,43.88999938964844,44.709999084472656,43.81999969482422,44.599998474121094,36.77165603637695,3753400
2019-04-05,AIG,AIG,44.70000076293945,45.29999923706055,44.65999984741211,45.04999923706055,37.142662048339844,4063900
2019-04-08,AIG,AIG,44.970001220703125,45.150001525878906,44.619998931884766,44.869998931884766,36.9942512512207,2147000
2019-04-09,AIG,AIG,44.59000015258789,44.72999954223633,44.099998474121094,44.630001068115234,36.79638671875,3397000
2019-04-10,AIG,AIG,44.56999969482422,45.0099983215332,44.22999954223633,44.880001068115234,37.002506256103516,1904100
2019-04-11,AIG,AIG,45.38999938964844,45.81999969482422,45.08000183105469,45.709999084472656,37.68682098388672,4330300
2019-04-12,AIG,AIG,46.0,46.95000076293945,45.970001220703125,46.189998626708984,38.082557678222656,4937300
2019-04-15,AIG,AIG,46.16999816894531,46.29999923706055,45.720001220703125,45.79999923706055,37.76102828979492,3766200
2019-04-16,AIG,AIG,46.04999923706055,46.88999938964844,46.040000915527344,46.7400016784668,38.53602981567383,4709600
2019-04-17,AIG,AIG,46.75,46.79999923706055,45.619998931884766,45.970001220703125,37.90117645263672,3650600
2019-04-18,AIG,AIG,45.900001525878906,46.439998626708984,45.810001373291016,46.040000915527344,37.95889663696289,3729300
2019-04-22,AIG,AIG,45.9900016784668,46.29999923706055,45.720001220703125,46.0,37.92591094970703,2631000
2019-04-23,AIG,AIG,45.79999923706055,46.060001373291016,45.560001373291016,45.97999954223633,37.90943145751953,5036400
2019-04-24,AIG,AIG,45.7400016784668,46.20000076293945,45.630001068115234,45.7400016784668,37.711551666259766,4050600
2019-04-25,AIG,AIG,45.47999954223633,45.68000030517578,44.91999816894531,45.189998626708984,37.25807571411133,6002300
2019-04-26,AIG,AIG,45.20000076293945,46.09000015258789,44.939998626708984,46.04999923706055,37.967140197753906,3070600
2019-04-29,AIG,AIG,46.150001525878906,47.119998931884766,46.08000183105469,46.9900016784668,38.74215316772461,4449400
2019-04-30,AIG,AIG,47.0,47.599998474121094,46.849998474121094,47.56999969482422,39.220340728759766,5439800
2019-05-01,AIG,AIG,47.5,47.79999923706055,46.849998474121094,46.869998931884766,38.6431999206543,4274000
2019-05-02,AIG,AIG,47.02000045776367,47.45000076293945,46.4900016784668,46.79999923706055,38.58549499511719,4753400
2019-05-03,AIG,AIG,46.900001525878906,47.369998931884766,46.7400016784668,47.11000061035156,38.841087341308594,6361000
2019-05-06,AIG,AIG,46.290000915527344,47.11000061035156,46.150001525878906,47.11000061035156,38.841087341308594,6001600
2019-05-07,AIG,AIG,50.7400016784668,51.310001373291016,50.0,50.29999923706055,41.47115707397461,29260800
2019-05-08,AIG,AIG,50.040000915527344,51.97999954223633,49.83000183105469,49.959999084472656,41.19084167480469,11033100
2019-05-09,AIG,AIG,49.689998626708984,50.91999816894531,49.380001068115234,50.83000183105469,41.90813064575195,6068200
2019-05-10,AIG,AIG,50.47999954223633,51.66999816894531,50.099998474121094,51.63999938964844,42.575958251953125,5779500
2019-05-13,AIG,AIG,50.97999954223633,51.279998779296875,50.06999969482422,50.720001220703125,41.81743621826172,5894900
2019-05-14,AIG,AIG,50.72999954223633,51.869998931884766,50.72999954223633,51.47999954223633,42.44404983520508,6844000
2019-05-15,AIG,AIG,51.08000183105469,52.18000030517578,50.810001373291016,51.849998474121094,42.74909973144531,6163800
2019-05-16,AIG,AIG,51.959999084472656,52.970001220703125,51.959999084472656,52.22999954223633,43.06240463256836,5450300
2019-05-17,AIG,AIG,51.66999816894531,52.689998626708984,51.560001373291016,52.369998931884766,43.177825927734375,4924400
2019-05-20,AIG,AIG,52.43000030517578,53.02000045776367,52.15999984741211,52.43000030517578,43.227294921875,5713500
2019-05-21,AIG,AIG,52.779998779296875,52.81999969482422,52.09000015258789,52.5,43.285011291503906,4628600
2019-05-22,AIG,AIG,52.310001373291016,52.869998931884766,52.09000015258789,52.560001373291016,43.33448028564453,4408600
2019-05-23,AIG,AIG,52.220001220703125,52.22999954223633,51.529998779296875,52.20000076293945,43.03767013549805,5085900
2019-05-24,AIG,AIG,52.459999084472656,52.84000015258789,52.189998626708984,52.7599983215332,43.499385833740234,3341000
2019-05-28,AIG,AIG,52.59000015258789,53.040000915527344,52.0099983215332,52.06999969482422,42.93048858642578,5962400
2019-05-29,AIG,AIG,51.91999816894531,51.95000076293945,51.18000030517578,51.619998931884766,42.559471130371094,3947700
2019-05-30,AIG,AIG,51.790000915527344,52.25,51.59000015258789,51.939998626708984,42.82330322265625,3288200
2019-05-31,AIG,AIG,51.400001525878906,51.4900016784668,50.65999984741211,51.06999969482422,42.10601043701172,5120800
2019-06-03,AIG,AIG,51.060001373291016,52.75,50.91999816894531,52.709999084472656,43.45814514160156,7097600
2019-06-04,AIG,AIG,53.18000030517578,53.90999984741211,52.869998931884766,53.83000183105469,44.38156509399414,6775100
2019-06-05,AIG,AIG,53.34000015258789,53.720001220703125,52.689998626708984,53.68000030517578,44.25790023803711,5480300
2019-06-06,AIG,AIG,53.59000015258789,54.16999816894531,53.380001068115234,53.54999923706055,44.15071105957031,4764200
2019-06-07,AIG,AIG,53.5099983215332,53.7599983215332,52.90999984741211,52.90999984741211,43.623043060302734,5206000
2019-06-10,AIG,AIG,53.099998474121094,53.54999923706055,52.970001220703125,53.33000183105469,43.96933364868164,4645800
2019-06-11,AIG,AIG,53.599998474121094,53.7599983215332,52.7599983215332,53.08000183105469,43.763214111328125,3587300
2019-06-12,AIG,AIG,53.150001525878906,53.2400016784668,52.619998931884766,52.959999084472656,43.66427230834961,2842400
2019-06-13,AIG,AIG,52.70000076293945,53.45000076293945,52.63999938964844,53.20000076293945,44.1287841796875,3860400
2019-06-14,AIG,AIG,53.27000045776367,53.43000030517578,52.849998474121094,53.310001373291016,44.22003173828125,3206900
2019-06-17,AIG,AIG,53.41999816894531,53.599998474121094,52.939998626708984,52.9900016784668,43.954586029052734,2711100
2019-06-18,AIG,AIG,52.88999938964844,53.54999923706055,52.86000061035156,53.349998474121094,44.253196716308594,3313800
2019-06-19,AIG,AIG,53.5,53.939998626708984,53.400001525878906,53.599998474121094,44.46057891845703,4029000
2019-06-20,AIG,AIG,53.97999954223633,54.36000061035156,53.31999969482422,54.25,44.999752044677734,5000700
2019-06-21,AIG,AIG,54.63999938964844,54.72999954223633,53.630001068115234,53.650001525878906,44.50205993652344,5462500
2019-06-24,AIG,AIG,53.630001068115234,54.06999969482422,53.209999084472656,53.31999969482422,44.22833251953125,2745200
2019-06-25,AIG,AIG,53.22999954223633,53.529998779296875,52.5099983215332,52.72999954223633,43.73892593383789,5504100
2019-06-26,AIG,AIG,52.939998626708984,52.959999084472656,52.099998474121094,52.2599983215332,43.349063873291016,3883400
2019-06-27,AIG,AIG,52.369998931884766,53.09000015258789,52.22999954223633,53.04999923706055,44.004356384277344,3878300
2019-06-28,AIG,AIG,53.220001220703125,53.41999816894531,52.90999984741211,53.279998779296875,44.19514083862305,5214800
2019-07-01,AIG,AIG,53.529998779296875,53.970001220703125,53.16999816894531,53.84000015258789,44.65966033935547,3200800
2019-07-02,AIG,AIG,53.880001068115234,53.88999938964844,53.13999938964844,53.790000915527344,44.618186950683594,3374800
2019-07-03,AIG,AIG,54.0,55.060001373291016,53.84000015258789,54.83000183105469,45.480857849121094,2948700
2019-07-05,AIG,AIG,54.849998474121094,54.9900016784668,54.22999954223633,54.61000061035156,45.29835891723633,2514000
2019-07-08,AIG,AIG,54.599998474121094,55.15999984741211,54.38999938964844,54.959999084472656,45.58868408203125,4378600
2019-07-09,AIG,AIG,54.68000030517578,55.529998779296875,54.560001373291016,55.52000045776367,46.05318832397461,3617100
2019-07-10,AIG,AIG,55.540000915527344,56.0,55.5,55.72999954223633,46.227378845214844,3898300
2019-07-11,AIG,AIG,55.83000183105469,56.150001525878906,55.27000045776367,55.47999954223633,46.02001953125,3389300
2019-07-12,AIG,AIG,55.849998474121094,56.349998474121094,55.5099983215332,56.27000045776367,46.67531967163086,2957700
2019-07-15,AIG,AIG,56.349998474121094,56.4900016784668,56.11000061035156,56.2400016784668,46.65043258666992,2900700
2019-07-16,AIG,AIG,56.40999984741211,56.47999954223633,56.02000045776367,56.029998779296875,46.47623825073242,2250600
2019-07-17,AIG,AIG,56.0,56.099998474121094,54.880001068115234,55.369998931884766,45.928768157958984,3679400
2019-07-18,AIG,AIG,55.45000076293945,55.779998779296875,55.34000015258789,55.599998474121094,46.11955642700195,4175600
2019-07-19,AIG,AIG,56.06999969482422,56.68000030517578,55.810001373291016,55.939998626708984,46.40158462524414,4852800
2019-07-22,AIG,AIG,55.77000045776367,56.130001068115234,55.63999938964844,55.880001068115234,46.3518180847168,2069600
2019-07-23,AIG,AIG,55.869998931884766,56.290000915527344,55.5099983215332,56.290000915527344,46.69190979003906,2160300
2019-07-24,AIG,AIG,56.0099983215332,57.4900016784668,56.0,57.38999938964844,47.60433578491211,3909800
2019-07-25,AIG,AIG,57.58000183105469,57.59000015258789,56.939998626708984,57.08000183105469,47.347206115722656,2459300
2019-07-26,AIG,AIG,56.9900016784668,57.33000183105469,56.79999923706055,57.27000045776367,47.50480270385742,2899300
2019-07-29,AIG,AIG,57.08000183105469,57.220001220703125,56.349998474121094,56.47999954223633,46.84951400756836,2565100
2019-07-30,AIG,AIG,56.099998474121094,56.459999084472656,55.70000076293945,56.31999969482422,46.7167854309082,1828900
2019-07-31,AIG,AIG,56.41999816894531,56.939998626708984,55.529998779296875,55.9900016784668,46.44306564331055,3179200
2019-08-01,AIG,AIG,55.72999954223633,56.400001525878906,54.22999954223633,54.709999084472656,45.38131332397461,4706600
2019-08-02,AIG,AIG,54.54999923706055,54.86000061035156,54.0,54.33000183105469,45.06612014770508,2683600
2019-08-05,AIG,AIG,53.459999084472656,53.7400016784668,52.290000915527344,52.810001373291016,43.8052864074707,4323200
2019-08-06,AIG,AIG,52.84000015258789,54.40999984741211,52.70000076293945,54.380001068115234,45.107582092285156,4247700
2019-08-07,AIG,AIG,53.310001373291016,54.630001068115234,52.88999938964844,54.40999984741211,45.13247299194336,4302000
2019-08-08,AIG,AIG,56.91999816894531,57.47999954223633,55.68000030517578,56.81999969482422,47.131534576416016,8893700
2019-08-09,AIG,AIG,56.5,56.75,55.849998474121094,56.2599983215332,46.66700744628906,3987100
2019-08-12,AIG,AIG,55.84000015258789,55.900001525878906,54.599998474121094,55.08000183105469,45.68822479248047,3576200
2019-08-13,AIG,AIG,54.83000183105469,56.5,54.65999984741211,56.119998931884766,46.55088806152344,4522200
2019-08-14,AIG,AIG,55.09000015258789,55.400001525878906,52.939998626708984,53.38999938964844,44.286380767822266,8548900
2019-08-15,AIG,AIG,53.52000045776367,53.9900016784668,53.27000045776367,53.7400016784668,44.57670974731445,4125000
2019-08-16,AIG,AIG,54.27000045776367,54.72999954223633,53.869998931884766,54.310001373291016,45.04950714111328,4042200
2019-08-19,AIG,AIG,55.029998779296875,55.20000076293945,54.529998779296875,54.810001373291016,45.464263916015625,3319400
2019-08-20,AIG,AIG,54.66999816894531,54.66999816894531,53.369998931884766,53.43000030517578,44.31956481933594,3551200
2019-08-21,AIG,AIG,53.95000076293945,53.95000076293945,53.310001373291016,53.689998626708984,44.53522872924805,2464800
2019-08-22,AIG,AIG,53.97999954223633,54.31999969482422,53.59000015258789,53.75,44.584999084472656,2326600
2019-08-23,AIG,AIG,53.5099983215332,54.33000183105469,52.150001525878906,52.4900016784668,43.53984451293945,3712200
2019-08-26,AIG,AIG,52.709999084472656,53.11000061035156,52.41999816894531,53.08000183105469,44.02924728393555,2212600
2019-08-27,AIG,AIG,53.27000045776367,53.470001220703125,52.20000076293945,52.7400016784668,43.74721908569336,2747800
2019-08-28,AIG,AIG,52.529998779296875,52.959999084472656,52.29999923706055,52.45000076293945,43.50667190551758,2481500
2019-08-29,AIG,AIG,52.97999954223633,53.18000030517578,52.400001525878906,52.459999084472656,43.51496124267578,2921100
2019-08-30,AIG,AIG,52.880001068115234,52.880001068115234,51.79999923706055,52.040000915527344,43.16657257080078,4565000
2019-09-03,AIG,AIG,51.75,52.4900016784668,51.650001525878906,52.400001525878906,43.46519470214844,2897700
2019-09-04,AIG,AIG,52.959999084472656,54.41999816894531,52.709999084472656,54.400001525878906,45.12417221069336,3846900
2019-09-05,AIG,AIG,55.150001525878906,55.86000061035156,54.619998931884766,54.68000030517578,45.35642623901367,3124000
2019-09-06,AIG,AIG,54.61000061035156,55.380001068115234,54.529998779296875,54.849998474121094,45.497432708740234,1901200
2019-09-09,AIG,AIG,55.08000183105469,55.470001220703125,54.70000076293945,55.40999984741211,45.96194839477539,2898500
2019-09-10,AIG,AIG,55.439998626708984,55.97999954223633,55.2400016784668,55.5,46.03662109375,3170500
2019-09-11,AIG,AIG,55.47999954223633,56.630001068115234,54.77000045776367,56.599998474121094,46.949039459228516,3093900
2019-09-12,AIG,AIG,56.13999938964844,57.11000061035156,56.029998779296875,56.7599983215332,47.08177185058594,3263600
2019-09-13,AIG,AIG,57.08000183105469,57.459999084472656,56.790000915527344,57.290000915527344,47.521400451660156,3324700
2019-09-16,AIG,AIG,56.220001220703125,56.68000030517578,55.93000030517578,56.31999969482422,46.97920227050781,2793600
2019-09-17,AIG,AIG,56.18000030517578,57.150001525878906,56.099998474121094,57.08000183105469,47.61315155029297,4317400
2019-09-18,AIG,AIG,56.66999816894531,57.66999816894531,56.439998626708984,57.650001525878906,48.08860397338867,4292100
2019-09-19,AIG,AIG,57.79999923706055,58.65999984741211,57.56999969482422,57.88999938964844,48.28881072998047,4671800
2019-09-20,AIG,AIG,58.220001220703125,58.349998474121094,57.290000915527344,57.45000076293945,47.92178726196289,6534700
2019-09-23,AIG,AIG,57.099998474121094,57.72999954223633,56.959999084472656,57.29999923706055,47.796661376953125,2752500
2019-09-24,AIG,AIG,57.529998779296875,57.70000076293945,56.81999969482422,57.0,47.54641342163086,3592400
2019-09-25,AIG,AIG,56.880001068115234,57.22999954223633,56.43000030517578,56.529998779296875,47.15436553955078,3355300
2019-09-26,AIG,AIG,56.599998474121094,56.599998474121094,55.540000915527344,55.880001068115234,46.612178802490234,3206200
2019-09-27,AIG,AIG,56.220001220703125,56.529998779296875,55.849998474121094,56.15999984741211,46.84572982788086,3496300
2019-09-30,AIG,AIG,56.29999923706055,56.36000061035156,55.54999923706055,55.70000076293945,46.46202087402344,3424500
2019-10-01,AIG,AIG,55.93000030517578,55.9900016784668,54.2400016784668,54.369998931884766,45.35261535644531,3643000
2019-10-02,AIG,AIG,54.09000015258789,54.25,53.29999923706055,53.470001220703125,44.60187530517578,3492000
2019-10-03,AIG,AIG,53.189998626708984,53.7400016784668,52.709999084472656,53.209999084472656,44.3849983215332,3702700
2019-10-04,AIG,AIG,53.189998626708984,54.529998779296875,53.189998626708984,54.43000030517578,45.40265655517578,3298100
2019-10-07,AIG,AIG,54.220001220703125,54.290000915527344,53.61000061035156,53.630001068115234,44.73534393310547,2592200
2019-10-08,AIG,AIG,52.91999816894531,53.08000183105469,52.38999938964844,52.41999816894531,43.72602462768555,3763600
2019-10-09,AIG,AIG,52.77000045776367,53.36000061035156,52.63999938964844,53.040000915527344,44.24318313598633,2943600
2019-10-10,AIG,AIG,53.13999938964844,54.45000076293945,52.9900016784668,54.060001373291016,45.094024658203125,3962000
2019-10-11,AIG,AIG,54.88999938964844,55.63999938964844,54.33000183105469,54.41999816894531,45.39431381225586,4531400
2019-10-14,AIG,AIG,53.90999984741211,54.349998474121094,53.630001068115234,54.209999084472656,45.21915054321289,1980600
2019-10-15,AIG,AIG,54.349998474121094,54.97999954223633,54.290000915527344,54.68000030517578,45.6111946105957,2215500
2019-10-16,AIG,AIG,54.369998931884766,54.560001373291016,53.70000076293945,54.34000015258789,45.32758331298828,3429200
2019-10-17,AIG,AIG,54.709999084472656,54.81999969482422,53.91999816894531,54.060001373291016,45.094024658203125,2494600
2019-10-18,AIG,AIG,53.900001525878906,54.279998779296875,53.86000061035156,53.970001220703125,45.018943786621094,2344000
2019-10-21,AIG,AIG,54.5099983215332,54.880001068115234,54.439998626708984,54.54999923706055,45.50276565551758,2069600
2019-10-22,AIG,AIG,54.290000915527344,54.290000915527344,53.15999984741211,53.2400016784668,44.41002655029297,3381800
2019-10-23,AIG,AIG,53.060001373291016,53.29999923706055,52.68000030517578,53.150001525878906,44.33494567871094,2669900
2019-10-24,AIG,AIG,53.369998931884766,53.58000183105469,52.720001220703125,52.900001525878906,44.12641525268555,1665700
2019-10-25,AIG,AIG,52.720001220703125,52.90999984741211,52.34000015258789,52.79999923706055,44.043006896972656,2084400
2019-10-28,AIG,AIG,53.029998779296875,53.310001373291016,52.529998779296875,52.54999923706055,43.8344612121582,3817200
2019-10-29,AIG,AIG,52.349998474121094,52.68000030517578,51.209999084472656,52.099998474121094,43.4590950012207,7845800
2019-10-30,AIG,AIG,52.189998626708984,52.900001525878906,51.70000076293945,52.61000061035156,43.88450622558594,3961400
2019-10-31,AIG,AIG,52.36000061035156,53.02000045776367,51.900001525878906,52.959999084472656,44.17646408081055,5172400
2019-11-01,AIG,AIG,51.9900016784668,53.88999938964844,51.599998474121094,53.7599983215332,44.84377670288086,5378700
2019-11-04,AIG,AIG,54.08000183105469,55.38999938964844,53.93000030517578,54.93000030517578,45.819725036621094,4657800
2019-11-05,AIG,AIG,55.220001220703125,55.220001220703125,54.2599983215332,54.810001373291016,45.719635009765625,4342400
2019-11-06,AIG,AIG,54.900001525878906,55.56999969482422,54.61000061035156,55.52000045776367,46.31187438964844,3733100
2019-11-07,AIG,AIG,55.709999084472656,56.33000183105469,55.54999923706055,55.59000015258789,46.370269775390625,3280800
2019-11-08,AIG,AIG,55.63999938964844,55.939998626708984,55.040000915527344,55.90999984741211,46.637184143066406,2750600
2019-11-11,AIG,AIG,55.43000030517578,56.040000915527344,55.290000915527344,55.400001525878906,46.21177673339844,2568800
2019-11-12,AIG,AIG,55.33000183105469,55.77000045776367,55.04999923706055,55.40999984741211,46.22011947631836,3162700
2019-11-13,AIG,AIG,55.119998931884766,55.220001220703125,54.68000030517578,54.720001220703125,45.644561767578125,2673600
2019-11-14,AIG,AIG,54.720001220703125,54.970001220703125,53.880001068115234,54.189998626708984,45.202457427978516,3468900
2019-11-15,AIG,AIG,54.470001220703125,54.91999816894531,53.66999816894531,53.93000030517578,44.98557662963867,3404100
2019-11-18,AIG,AIG,53.650001525878906,54.15999984741211,53.5,54.150001525878906,45.169097900390625,2398600
2019-11-19,AIG,AIG,54.2400016784668,54.31999969482422,53.40999984741211,53.40999984741211,44.55183410644531,3394500
2019-11-20,AIG,AIG,53.36000061035156,53.41999816894531,52.63999938964844,52.93000030517578,44.151432037353516,5093400
2019-11-21,AIG,AIG,52.959999084472656,53.0,52.20000076293945,52.209999084472656,43.55084228515625,4337600
2019-11-22,AIG,AIG,52.34000015258789,53.33000183105469,52.22999954223633,53.29999923706055,44.46007537841797,4522500
2019-11-25,AIG,AIG,53.349998474121094,53.72999954223633,53.20000076293945,53.310001373291016,44.46841049194336,3072800
2019-11-26,AIG,AIG,53.310001373291016,53.72999954223633,52.93000030517578,53.16999816894531,44.351627349853516,7197500
2019-11-27,AIG,AIG,53.189998626708984,53.38999938964844,52.7599983215332,52.88999938964844,44.118064880371094,3770800
2019-11-29,AIG,AIG,52.84000015258789,53.16999816894531,52.59000015258789,52.65999984741211,43.926212310791016,2865500
2019-12-02,AIG,AIG,52.7400016784668,52.77000045776367,51.65999984741211,51.65999984741211,43.09206008911133,4180800
2019-12-03,AIG,AIG,51.20000076293945,51.380001068115234,50.34000015258789,51.16999816894531,42.6833381652832,5785600
2019-12-04,AIG,AIG,51.470001220703125,51.83000183105469,51.099998474121094,51.11000061035156,42.633277893066406,4212900
2019-12-05,AIG,AIG,51.189998626708984,51.52000045776367,50.95000076293945,51.13999938964844,42.6583137512207,3131300
2019-12-06,AIG,AIG,51.72999954223633,52.119998931884766,51.150001525878906,51.86000061035156,43.25889205932617,6731900
2019-12-09,AIG,AIG,51.720001220703125,52.529998779296875,51.5,51.58000183105469,43.02532958984375,3701100
2019-12-10,AIG,AIG,51.54999923706055,51.849998474121094,51.040000915527344,51.08000183105469,42.6082649230957,4634300
2019-12-11,AIG,AIG,50.81999969482422,50.900001525878906,50.27000045776367,50.40999984741211,42.314476013183594,4413100
2019-12-12,AIG,AIG,50.43000030517578,51.41999816894531,50.27000045776367,51.029998779296875,42.834903717041016,6080200
2019-12-13,AIG,AIG,51.150001525878906,52.029998779296875,51.119998931884766,51.599998474121094,43.3133544921875,5316800
2019-12-16,AIG,AIG,52.0,52.310001373291016,51.75,51.900001525878906,43.565189361572266,5857000
2019-12-17,AIG,AIG,51.83000183105469,52.380001068115234,51.720001220703125,51.790000915527344,43.47284698486328,3258500
2019-12-18,AIG,AIG,51.75,52.349998474121094,51.56999969482422,51.970001220703125,43.62394714355469,5090000
2019-12-19,AIG,AIG,51.75,52.08000183105469,51.45000076293945,51.93000030517578,43.59037399291992,4493900
2019-12-20,AIG,AIG,52.099998474121094,52.189998626708984,51.5099983215332,51.540000915527344,43.262996673583984,7345400
2019-12-23,AIG,AIG,51.540000915527344,51.599998474121094,50.709999084472656,50.970001220703125,42.78452682495117,4175000
2019-12-24,AIG,AIG,50.790000915527344,51.45000076293945,50.790000915527344,50.939998626708984,42.759361267089844,1138600
2019-12-26,AIG,AIG,51.04999923706055,51.189998626708984,50.56999969482422,50.619998931884766,42.49073791503906,2811100
2019-12-27,AIG,AIG,50.7599983215332,51.08000183105469,50.58000183105469,51.06999969482422,42.86847686767578,2374800
2019-12-30,AIG,AIG,51.220001220703125,51.22999954223633,50.779998779296875,51.0,42.809722900390625,2706300
2019-12-31,AIG,AIG,51.0,51.369998931884766,50.880001068115234,51.33000183105469,43.08671188354492,2912500
2020-01-02,AIG,AIG,51.63999938964844,51.869998931884766,51.2400016784668,51.7599983215332,43.447662353515625,3104600
2020-01-03,AIG,AIG,51.22999954223633,51.470001220703125,50.939998626708984,51.36000061035156,43.111900329589844,2358800
2020-01-06,AIG,AIG,51.130001068115234,51.63999938964844,51.040000915527344,51.400001525878906,43.145484924316406,2699700
2020-01-07,AIG,AIG,51.349998474121094,51.43000030517578,50.720001220703125,51.11000061035156,42.90204620361328,4580100
2020-01-08,AIG,AIG,51.11000061035156,52.25,51.11000061035156,51.709999084472656,43.405696868896484,4832100
2020-01-09,AIG,AIG,52.06999969482422,52.290000915527344,51.65999984741211,52.279998779296875,43.884151458740234,3219800
2020-01-10,AIG,AIG,52.29999923706055,52.63999938964844,51.880001068115234,52.029998779296875,43.67431640625,5483000
2020-01-13,AIG,AIG,52.09000015258789,52.619998931884766,51.81999969482422,52.619998931884766,44.1695556640625,6039500
2020-01-14,AIG,AIG,52.56999969482422,53.099998474121094,52.18000030517578,52.34000015258789,43.93450927734375,5277000
2020-01-15,AIG,AIG,52.0099983215332,52.33000183105469,51.400001525878906,51.779998779296875,43.464447021484375,4095000
2020-01-16,AIG,AIG,52.119998931884766,52.58000183105469,52.119998931884766,52.36000061035156,43.95131301879883,3822200
2020-01-17,AIG,AIG,52.529998779296875,53.08000183105469,52.529998779296875,52.900001525878906,44.40459442138672,5818600
2020-01-21,AIG,AIG,52.54999923706055,52.70000076293945,51.58000183105469,51.66999816894531,43.37211608886719,4215100
2020-01-22,AIG,AIG,51.86000061035156,52.439998626708984,51.63999938964844,52.2599983215332,43.86737823486328,4341500
2020-01-23,AIG,AIG,51.720001220703125,51.95000076293945,51.25,51.61000061035156,43.32175064086914,3307100
2020-01-24,AIG,AIG,51.66999816894531,51.66999816894531,50.5,51.060001373291016,42.860084533691406,3227100
2020-01-27,AIG,AIG,50.099998474121094,50.34000015258789,49.88999938964844,50.130001068115234,42.079437255859375,3634700
2020-01-28,AIG,AIG,50.400001525878906,50.93000030517578,50.290000915527344,50.40999984741211,42.314476013183594,4131900
2020-01-29,AIG,AIG,50.59000015258789,50.849998474121094,50.33000183105469,50.349998474121094,42.264102935791016,2964400
2020-01-30,AIG,AIG,50.0,51.349998474121094,49.90999984741211,51.29999923706055,43.06154251098633,2979300
2020-01-31,AIG,AIG,50.75,51.150001525878906,49.939998626708984,50.2599983215332,42.188560485839844,5736100
2020-02-03,AIG,AIG,50.52000045776367,51.380001068115234,50.43000030517578,51.15999984741211,42.94401931762695,2916600
2020-02-04,AIG,AIG,51.790000915527344,52.08000183105469,50.58000183105469,50.650001525878906,42.51592254638672,3441100
2020-02-05,AIG,AIG,51.380001068115234,52.650001525878906,51.27000045776367,52.47999954223633,44.052040100097656,4408400
2020-02-06,AIG,AIG,52.869998931884766,53.599998474121094,52.63999938964844,53.40999984741211,44.832698822021484,5286400
2020-02-07,AIG,AIG,52.97999954223633,53.7599983215332,52.93000030517578,53.459999084472656,44.874664306640625,3766300
2020-02-10,AIG,AIG,53.459999084472656,54.150001525878906,53.36000061035156,54.13999938964844,45.445457458496094,2756800
2020-02-11,AIG,AIG,54.34000015258789,54.84000015258789,54.18000030517578,54.470001220703125,45.72245788574219,4656800
2020-02-12,AIG,AIG,54.900001525878906,55.099998474121094,54.279998779296875,54.279998779296875,45.56297302246094,3984100
2020-02-13,AIG,AIG,55.77000045776367,56.41999816894531,50.900001525878906,50.93000030517578,42.75095748901367,13179800
2020-02-14,AIG,AIG,49.86000061035156,50.65999984741211,48.290000915527344,48.47999954223633,40.694419860839844,11891200
2020-02-18,AIG,AIG,48.11000061035156,49.0099983215332,47.84000015258789,49.0099983215332,41.139305114746094,9403400
2020-02-19,AIG,AIG,49.400001525878906,49.779998779296875,49.099998474121094,49.40999984741211,41.47506332397461,5755700
2020-02-20,AIG,AIG,49.40999984741211,49.939998626708984,49.20000076293945,49.79999923706055,41.80242919921875,5507100
2020-02-21,AIG,AIG,49.54999923706055,49.779998779296875,48.59000015258789,48.599998474121094,40.79514694213867,4913600
2020-02-24,AIG,AIG,47.5,47.689998626708984,45.59000015258789,45.70000076293945,38.36087417602539,9774200
2020-02-25,AIG,AIG,45.849998474121094,46.34000015258789,45.189998626708984,45.2400016784668,37.9747428894043,8706000
2020-02-26,AIG,AIG,45.4900016784668,46.130001068115234,44.72999954223633,45.0,37.773284912109375,7269800
2020-02-27,AIG,AIG,44.34000015258789,45.189998626708984,43.38999938964844,43.40999984741211,36.43863296508789,7159300
2020-02-28,AIG,AIG,42.279998779296875,42.95000076293945,41.310001373291016,42.15999984741211,35.389373779296875,10908300
2020-03-02,AIG,AIG,42.11000061035156,42.88999938964844,41.43000030517578,42.849998474121094,35.96854782104492,10262100
2020-03-03,AIG,AIG,42.68000030517578,43.880001068115234,41.16999816894531,41.4900016784668,34.82696533203125,11832200
2020-03-04,AIG,AIG,41.90999984741211,42.650001525878906,41.369998931884766,42.540000915527344,35.70834732055664,8324100
2020-03-05,AIG,AIG,41.0,41.709999084472656,40.18000030517578,40.650001525878906,34.12186813354492,9251400
2020-03-06,AIG,AIG,39.15999984741211,39.54999923706055,37.41999816894531,37.84000015258789,31.763139724731445,14681300
2020-03-09,AIG,AIG,34.61000061035156,35.0,30.40999984741211,32.810001373291016,27.540924072265625,19741400
2020-03-10,AIG,AIG,34.58000183105469,37.18000030517578,33.16999816894531,35.06999969482422,29.437976837158203,10322100
2020-03-11,AIG,AIG,33.68000030517578,34.29999923706055,31.899999618530273,32.43000030517578,27.22194480895996,10814400
2020-03-12,AIG,AIG,29.65999984741211,29.780000686645508,25.5,25.670000076293945,21.547561645507812,13594500
2020-03-13,AIG,AIG,27.549999237060547,28.579999923706055,25.09000015258789,28.5,24.225065231323242,11920600
2020-03-16,AIG,AIG,23.8799991607666,25.31999969482422,22.399999618530273,23.25,19.76255989074707,15835900
2020-03-17,AIG,AIG,23.979999542236328,24.030000686645508,20.520000457763672,22.25,18.912551879882812,15057900
2020-03-18,AIG,AIG,20.6200008392334,21.290000915527344,16.06999969482422,18.780000686645508,15.96303939819336,13531000
2020-03-19,AIG,AIG,18.489999771118164,21.3799991607666,17.520000457763672,20.600000381469727,17.510047912597656,11718600
2020-03-20,AIG,AIG,20.809999465942383,21.25,19.139999389648438,19.229999542236328,16.345548629760742,12948400
2020-03-23,AIG,AIG,18.959999084472656,20.079999923706055,18.079999923706055,19.299999237060547,16.40504264831543,9604500
2020-03-24,AIG,AIG,21.030000686645508,23.299999237060547,20.739999771118164,22.93000030517578,19.490554809570312,11436800
2020-03-25,AIG,AIG,23.200000762939453,27.75,22.030000686645508,25.719999313354492,21.8620548248291,14365100
2020-03-26,AIG,AIG,25.809999465942383,27.700000762939453,25.5,27.510000228881836,23.383563995361328,11282600
2020-03-27,AIG,AIG,26.0,26.760000228881836,25.010000228881836,25.510000228881836,21.683563232421875,9473500
2020-03-30,AIG,AIG,25.0,25.989999771118164,24.06999969482422,25.709999084472656,21.853557586669922,8377600
2020-03-31,AIG,AIG,25.479999542236328,25.790000915527344,23.8799991607666,24.25,20.6125545501709,9554500
2020-04-01,AIG,AIG,22.700000762939453,22.8700008392334,21.010000228881836,21.610000610351562,18.368553161621094,10498700
2020-04-02,AIG,AIG,21.110000610351562,22.829999923706055,21.079999923706055,21.25,18.06254768371582,9317500
2020-04-03,AIG,AIG,21.25,21.690000534057617,19.899999618530273,20.459999084472656,17.391048431396484,9573000
2020-04-06,AIG,AIG,21.950000762939453,22.190000534057617,20.81999969482422,21.520000457763672,18.29205322265625,15414300
2020-04-07,AIG,AIG,23.459999084472656,24.959999084472656,22.899999618530273,23.260000228881836,19.771053314208984,12731300
2020-04-08,AIG,AIG,23.760000228881836,24.579999923706055,23.25,24.1299991607666,20.510557174682617,8539500
2020-04-09,AIG,AIG,24.950000762939453,27.649999618530273,24.889999389648438,26.540000915527344,22.559064865112305,11974600
2020-04-13,AIG,AIG,26.639999389648438,27.0,24.43000030517578,25.6299991607666,21.785560607910156,7367800
2020-04-14,AIG,AIG,26.299999237060547,27.100000381469727,25.229999542236328,25.780000686645508,21.913063049316406,8139700
2020-04-15,AIG,AIG,24.200000762939453,24.450000762939453,23.270000457763672,24.079999923706055,20.468053817749023,9225200
2020-04-16,AIG,AIG,23.850000381469727,24.1200008392334,22.940000534057617,23.18000030517578,19.703054428100586,8829400
2020-04-17,AIG,AIG,24.229999542236328,24.809999465942383,23.829999923706055,24.5,20.825054168701172,11039800
2020-04-20,AIG,AIG,24.010000228881836,24.280000686645508,23.040000915527344,23.75,20.18755340576172,6502900
2020-04-21,AIG,AIG,22.5,23.309999465942383,22.139999389648438,22.25,18.912551879882812,7213100
2020-04-22,AIG,AIG,23.079999923706055,23.540000915527344,22.139999389648438,22.260000228881836,18.921051025390625,8232200
2020-04-23,AIG,AIG,22.6299991607666,23.420000076293945,22.389999389648438,22.65999984741211,19.26104736328125,7604000
2020-04-24,AIG,AIG,23.139999389648438,23.700000762939453,22.469999313354492,23.350000381469727,19.84756088256836,9295600
2020-04-27,AIG,AIG,23.469999313354492,24.540000915527344,23.469999313354492,24.18000030517578,20.55306053161621,7602700
2020-04-28,AIG,AIG,25.09000015258789,25.690000534057617,24.40999984741211,25.280000686645508,21.488061904907227,9513900
2020-04-29,AIG,AIG,26.290000915527344,27.40999984741211,26.0,27.229999542236328,23.145565032958984,9621700
2020-04-30,AIG,AIG,26.709999084472656,26.809999465942383,25.389999389648438,25.43000030517578,21.615556716918945,6637600
2020-05-01,AIG,AIG,24.520000457763672,24.670000076293945,23.549999237060547,23.899999618530273,20.315052032470703,6410000
2020-05-04,AIG,AIG,23.84000015258789,24.43000030517578,23.1200008392334,24.06999969482422,20.459550857543945,9321900
2020-05-05,AIG,AIG,24.709999084472656,26.309999465942383,24.610000610351562,25.059999465942383,21.301057815551758,8944300
2020-05-06,AIG,AIG,25.209999084472656,25.360000610351562,23.229999542236328,23.309999465942383,19.813554763793945,7824700
2020-05-07,AIG,AIG,23.799999237060547,25.549999237060547,23.770000457763672,25.520000457763672,21.692060470581055,8239200
2020-05-08,AIG,AIG,26.280000686645508,27.700000762939453,25.809999465942383,27.649999618530273,23.502567291259766,9829300
2020-05-11,AIG,AIG,27.309999465942383,27.940000534057617,26.709999084472656,27.549999237060547,23.41756820678711,8112100
2020-05-12,AIG,AIG,27.75,28.329999923706055,26.549999237060547,26.549999237060547,22.56755828857422,5604500
2020-05-13,AIG,AIG,26.09000015258789,26.190000534057617,24.760000228881836,24.959999084472656,21.216054916381836,6238300
2020-05-14,AIG,AIG,24.450000762939453,25.8799991607666,23.479999542236328,25.760000228881836,21.896059036254883,6954500
2020-05-15,AIG,AIG,25.670000076293945,26.530000686645508,25.100000381469727,26.469999313354492,22.499557495117188,8185500
2020-05-18,AIG,AIG,28.0,28.969999313354492,27.8700008392334,28.450000762939453,24.182565689086914,8773500
2020-05-19,AIG,AIG,28.18000030517578,28.610000610351562,27.43000030517578,27.6299991607666,23.485565185546875,5550300
2020-05-20,AIG,AIG,28.200000762939453,28.639999389648438,27.889999389648438,28.040000915527344,23.83406639099121,5175400
2020-05-21,AIG,AIG,27.989999771118164,29.229999542236328,27.940000534057617,28.809999465942383,24.488561630249023,5473900
2020-05-22,AIG,AIG,28.860000610351562,28.969999313354492,28.209999084472656,28.889999389648438,24.55656623840332,3727900
2020-05-26,AIG,AIG,30.280000686645508,31.739999771118164,30.280000686645508,31.010000228881836,26.35856819152832,8361400
2020-05-27,AIG,AIG,32.599998474121094,32.959999084472656,31.209999084472656,31.510000228881836,26.783573150634766,8387500
2020-05-28,AIG,AIG,31.969999313354492,32.189998626708984,30.81999969482422,31.1200008392334,26.452070236206055,5810300
2020-05-29,AIG,AIG,30.459999084472656,31.040000915527344,29.969999313354492,30.059999465942383,25.551069259643555,8763200
2020-06-01,AIG,AIG,30.110000610351562,30.969999313354492,29.760000228881836,30.549999237060547,25.967565536499023,4297800
2020-06-02,AIG,AIG,30.809999465942383,31.760000228881836,30.5,31.489999771118164,26.76657485961914,6668700
2020-06-03,AIG,AIG,32.529998779296875,33.470001220703125,32.2599983215332,33.25,28.262575149536133,6238100
2020-06-04,AIG,AIG,32.88999938964844,35.220001220703125,32.58000183105469,35.209999084472656,29.92857551574707,8438700
2020-06-05,AIG,AIG,38.689998626708984,38.970001220703125,36.18000030517578,36.36000061035156,30.90608787536621,10453100
2020-06-08,AIG,AIG,37.310001373291016,39.5099983215332,37.310001373291016,39.439998626708984,33.52408218383789,10596700
2020-06-09,AIG,AIG,38.0,38.349998474121094,36.83000183105469,37.7400016784668,32.079078674316406,7047600
2020-06-10,AIG,AIG,37.25,37.29999923706055,35.150001525878906,35.15999984741211,29.88608169555664,8569300
2020-06-11,AIG,AIG,32.5,33.869998931884766,31.299999237060547,31.610000610351562,26.868572235107422,9228600
2020-06-12,AIG,AIG,33.5,33.58000183105469,31.239999771118164,33.040000915527344,28.371292114257812,7489700
2020-06-15,AIG,AIG,31.299999237060547,33.56999969482422,31.1200008392334,33.189998626708984,28.500097274780273,6942400
2020-06-16,AIG,AIG,35.4900016784668,35.5,32.7400016784668,33.290000915527344,28.585962295532227,7393200
2020-06-17,AIG,AIG,33.060001373291016,33.33000183105469,32.13999938964844,32.279998779296875,27.71868324279785,5963800
2020-06-18,AIG,AIG,31.8700008392334,33.0,31.540000915527344,32.470001220703125,27.881834030151367,4065200
2020-06-19,AIG,AIG,33.36000061035156,33.36000061035156,31.670000076293945,31.809999465942383,27.315093994140625,7776400
2020-06-22,AIG,AIG,31.540000915527344,32.04999923706055,31.06999969482422,31.790000915527344,27.29792594909668,3955700
2020-06-23,AIG,AIG,32.47999954223633,32.72999954223633,31.920000076293945,32.04999923706055,27.521183013916016,3322900
2020-06-24,AIG,AIG,31.399999618530273,31.639999389648438,30.110000610351562,30.299999237060547,26.018461227416992,5960500
2020-06-25,AIG,AIG,30.0,31.34000015258789,29.809999465942383,31.260000228881836,26.842809677124023,5781000
2020-06-26,AIG,AIG,30.719999313354492,30.8799991607666,29.489999771118164,29.709999084472656,25.5118350982666,8006500
2020-06-29,AIG,AIG,30.25,30.889999389648438,29.8799991607666,30.68000030517578,26.344772338867188,5484900
2020-06-30,AIG,AIG,30.450000762939453,31.399999618530273,30.290000915527344,31.18000030517578,26.77411651611328,4660800
2020-07-01,AIG,AIG,31.010000228881836,31.56999969482422,29.5,29.579999923706055,25.400205612182617,6984500
2020-07-02,AIG,AIG,30.549999237060547,31.209999084472656,29.84000015258789,29.920000076293945,25.69215965270996,7866800
2020-07-06,AIG,AIG,30.950000762939453,31.549999237060547,30.469999313354492,30.739999771118164,26.396289825439453,6132400
2020-07-07,AIG,AIG,30.31999969482422,30.440000534057617,29.110000610351562,29.170000076293945,25.04814338684082,7413100
2020-07-08,AIG,AIG,28.850000381469727,29.940000534057617,28.81999969482422,29.850000381469727,25.63205337524414,7727600
2020-07-09,AIG,AIG,29.709999084472656,29.780000686645508,27.979999542236328,28.0,24.043466567993164,7357000
2020-07-10,AIG,AIG,28.219999313354492,30.1299991607666,28.059999465942383,30.100000381469727,25.846725463867188,7443500
2020-07-13,AIG,AIG,30.299999237060547,30.670000076293945,29.600000381469727,29.719999313354492,25.520416259765625,6132200
2020-07-14,AIG,AIG,29.8700008392334,30.81999969482422,29.3799991607666,30.790000915527344,26.439226150512695,5494600
2020-07-15,AIG,AIG,31.719999313354492,32.02000045776367,31.09000015258789,31.770000457763672,27.28074836730957,6813400
2020-07-16,AIG,AIG,31.350000381469727,33.040000915527344,31.18000030517578,32.560001373291016,27.959117889404297,6855100
2020-07-17,AIG,AIG,32.709999084472656,32.86000061035156,31.770000457763672,32.119998931884766,27.581283569335938,4333400
2020-07-20,AIG,AIG,31.989999771118164,32.02000045776367,31.399999618530273,31.40999984741211,26.97161293029785,4364400
2020-07-21,AIG,AIG,31.719999313354492,32.33000183105469,31.459999084472656,31.959999084472656,27.443899154663086,4618400
2020-07-22,AIG,AIG,31.579999923706055,32.29999923706055,31.420000076293945,32.189998626708984,27.641395568847656,5729500
2020-07-23,AIG,AIG,31.950000762939453,32.380001068115234,31.65999984741211,31.8700008392334,27.36661720275879,4965000
2020-07-24,AIG,AIG,31.889999389648438,32.04999923706055,31.200000762939453,31.309999465942383,26.885740280151367,3960900
2020-07-27,AIG,AIG,31.100000381469727,31.149999618530273,30.399999618530273,30.850000381469727,26.490745544433594,5143600
2020-07-28,AIG,AIG,30.600000381469727,31.280000686645508,30.389999389648438,30.950000762939453,26.576616287231445,5220700
2020-07-29,AIG,AIG,30.8799991607666,32.93000030517578,30.8799991607666,32.66999816894531,28.05356788635254,10100400
2020-07-30,AIG,AIG,31.739999771118164,31.950000762939453,31.06999969482422,31.780000686645508,27.289331436157227,7075800
2020-07-31,AIG,AIG,31.709999084472656,32.150001525878906,31.399999618530273,32.13999938964844,27.598466873168945,6244600
2020-08-03,AIG,AIG,32.209999084472656,32.689998626708984,32.029998779296875,32.13999938964844,27.598466873168945,5834900
2020-08-04,AIG,AIG,31.059999465942383,31.309999465942383,29.459999084472656,29.719999313354492,25.520416259765625,17448400
2020-08-05,AIG,AIG,30.0,30.559999465942383,29.809999465942383,30.18000030517578,25.91541862487793,7344800
2020-08-06,AIG,AIG,30.399999618530273,30.899999618530273,29.280000686645508,29.31999969482422,25.17694091796875,9162800
2020-08-07,AIG,AIG,29.170000076293945,30.670000076293945,28.969999313354492,30.65999984741211,26.327592849731445,6015200
2020-08-10,AIG,AIG,31.0,31.670000076293945,30.979999542236328,31.459999084472656,27.01455307006836,4596400
2020-08-11,AIG,AIG,32.63999938964844,32.900001525878906,31.75,31.979999542236328,27.461074829101562,6370800
2020-08-12,AIG,AIG,32.52000045776367,32.650001525878906,30.59000015258789,30.940000534057617,26.568031311035156,6704000
2020-08-13,AIG,AIG,30.510000228881836,30.93000030517578,30.1200008392334,30.709999084472656,26.370527267456055,6252100
2020-08-14,AIG,AIG,30.3799991607666,31.420000076293945,30.229999542236328,30.989999771118164,26.610960006713867,4862800
2020-08-17,AIG,AIG,30.889999389648438,30.899999618530273,29.850000381469727,29.959999084472656,25.72650718688965,5643400
2020-08-18,AIG,AIG,30.059999465942383,30.200000762939453,29.489999771118164,29.579999923706055,25.400205612182617,7880800
2020-08-19,AIG,AIG,29.5,30.049999237060547,29.309999465942383,29.860000610351562,25.64063835144043,4870100
2020-08-20,AIG,AIG,29.3700008392334,29.6299991607666,29.09000015258789,29.1299991607666,25.013792037963867,4702200
2020-08-21,AIG,AIG,29.110000610351562,29.270000457763672,28.229999542236328,28.270000457763672,24.27530860900879,7366500
2020-08-24,AIG,AIG,28.520000457763672,29.56999969482422,28.280000686645508,29.549999237060547,25.37444305419922,5511100
2020-08-25,AIG,AIG,29.989999771118164,30.200000762939453,29.260000228881836,29.520000457763672,25.34868049621582,4134200
2020-08-26,AIG,AIG,29.459999084472656,29.510000228881836,28.739999771118164,29.059999465942383,24.95368003845215,3738700
2020-08-27,AIG,AIG,29.100000381469727,30.049999237060547,29.09000015258789,29.68000030517578,25.48607635498047,4973400
2020-08-28,AIG,AIG,30.1200008392334,30.1200008392334,29.229999542236328,29.3700008392334,25.219879150390625,6036400
2020-08-31,AIG,AIG,29.25,29.329999923706055,28.709999084472656,29.139999389648438,25.022377014160156,7539800
2020-09-01,AIG,AIG,28.8700008392334,29.360000610351562,28.670000076293945,29.149999618530273,25.030963897705078,4930500
2020-09-02,AIG,AIG,29.270000457763672,29.860000610351562,28.729999542236328,29.829999923706055,25.614883422851562,6534000
2020-09-03,AIG,AIG,30.0,30.959999084472656,29.229999542236328,29.399999618530273,25.24563980102539,7003900
2020-09-04,AIG,AIG,30.0,30.219999313354492,29.25,29.799999237060547,25.589111328125,5783000
2020-09-08,AIG,AIG,29.3799991607666,29.549999237060547,28.56999969482422,28.889999389648438,24.807703018188477,7124700
2020-09-09,AIG,AIG,29.15999984741211,29.25,28.43000030517578,29.149999618530273,25.030963897705078,7432400
2020-09-10,AIG,AIG,29.270000457763672,29.579999923706055,28.030000686645508,28.15999984741211,24.18085479736328,7754900
2020-09-11,AIG,AIG,28.219999313354492,28.790000915527344,28.079999923706055,28.399999618530273,24.386945724487305,8491800
2020-09-14,AIG,AIG,28.770000457763672,29.600000381469727,28.600000381469727,29.399999618530273,25.24563980102539,6254800
2020-09-15,AIG,AIG,29.360000610351562,29.809999465942383,28.920000076293945,28.93000030517578,24.84205436706543,6438600
2020-09-16,AIG,AIG,28.760000228881836,30.059999465942383,28.59000015258789,29.770000457763672,25.849279403686523,10798100
2020-09-17,AIG,AIG,29.209999084472656,29.450000762939453,28.610000610351562,28.700000762939453,24.920202255249023,11420800
2020-09-18,AIG,AIG,28.5,28.989999771118164,27.920000076293945,27.989999771118164,24.3037052154541,13427100
2020-09-21,AIG,AIG,27.139999389648438,27.40999984741211,26.510000228881836,26.979999542236328,23.42671775817871,11872500
2020-09-22,AIG,AIG,26.950000762939453,27.719999313354492,26.850000381469727,27.34000015258789,23.739316940307617,10055000
2020-09-23,AIG,AIG,27.469999313354492,28.1200008392334,26.399999618530273,26.43000030517578,22.949155807495117,6986700
2020-09-24,AIG,AIG,26.399999618530273,27.09000015258789,25.56999969482422,26.479999542236328,22.99257469177246,5686900
2020-09-25,AIG,AIG,26.1299991607666,27.149999618530273,26.1200008392334,27.06999969482422,23.50487518310547,4886900
2020-09-28,AIG,AIG,27.65999984741211,28.040000915527344,27.420000076293945,27.6299991607666,23.991119384765625,7610400
2020-09-29,AIG,AIG,27.540000915527344,27.649999618530273,26.959999084472656,27.290000915527344,23.695898056030273,4282100
2020-09-30,AIG,AIG,27.420000076293945,27.940000534057617,27.25,27.530000686645508,23.90428924560547,5338400
2020-10-01,AIG,AIG,27.559999465942383,28.010000228881836,27.309999465942383,27.719999313354492,24.06926727294922,5155400
2020-10-02,AIG,AIG,27.190000534057617,28.479999542236328,27.06999969482422,28.219999313354492,24.503416061401367,4558100
2020-10-05,AIG,AIG,28.770000457763672,29.420000076293945,28.579999923706055,29.049999237060547,25.224103927612305,5326100
2020-10-06,AIG,AIG,29.399999618530273,29.979999542236328,28.93000030517578,28.979999542236328,25.163318634033203,8161300
2020-10-07,AIG,AIG,29.280000686645508,29.68000030517578,28.959999084472656,29.559999465942383,25.66693687438965,4976700
2020-10-08,AIG,AIG,29.809999465942383,30.479999542236328,29.350000381469727,30.260000228881836,26.274742126464844,5610700
2020-10-09,AIG,AIG,30.43000030517578,30.56999969482422,29.75,29.950000762939453,26.005571365356445,8058000
2020-10-12,AIG,AIG,29.8700008392334,30.6299991607666,29.760000228881836,30.459999084472656,26.448408126831055,7711600
2020-10-13,AIG,AIG,30.170000076293945,30.280000686645508,29.489999771118164,29.81999969482422,25.8926944732666,7574000
2020-10-14,AIG,AIG,29.790000915527344,30.360000610351562,29.530000686645508,29.649999618530273,25.74508285522461,6996200
2020-10-15,AIG,AIG,29.15999984741211,29.979999542236328,29.1200008392334,29.959999084472656,26.01425552368164,3554600
2020-10-16,AIG,AIG,30.010000228881836,30.65999984741211,29.709999084472656,30.290000915527344,26.300792694091797,4893700
2020-10-19,AIG,AIG,30.40999984741211,30.829999923706055,30.020000457763672,30.09000015258789,26.127132415771484,5425900
2020-10-20,AIG,AIG,30.450000762939453,31.229999542236328,30.399999618530273,30.649999618530273,26.613384246826172,5481500
2020-10-21,AIG,AIG,30.579999923706055,31.84000015258789,30.5,31.670000076293945,27.49905014038086,6869100
2020-10-22,AIG,AIG,31.540000915527344,32.150001525878906,31.219999313354492,32.0099983215332,27.794265747070312,5411000
2020-10-23,AIG,AIG,32.400001525878906,32.63999938964844,31.75,32.380001068115234,28.115541458129883,4375400
2020-10-26,AIG,AIG,31.8700008392334,31.90999984741211,30.739999771118164,31.260000228881836,27.14304542541504,6021600
2020-10-27,AIG,AIG,33.279998779296875,33.290000915527344,31.149999618530273,31.15999984741211,27.056217193603516,12065700
2020-10-28,AIG,AIG,30.420000076293945,30.969999313354492,29.889999389648438,30.229999542236328,26.248699188232422,8129300
2020-10-29,AIG,AIG,30.0,31.420000076293945,29.709999084472656,31.290000915527344,27.169097900390625,7436500
2020-10-30,AIG,AIG,31.079999923706055,31.770000457763672,30.770000457763672,31.489999771118164,27.342758178710938,6373300
2020-11-02,AIG,AIG,32.25,32.7400016784668,31.899999618530273,32.45000076293945,28.176326751708984,7278700
2020-11-03,AIG,AIG,32.95000076293945,33.189998626708984,32.709999084472656,32.88999938964844,28.55837631225586,7168900
2020-11-04,AIG,AIG,32.33000183105469,32.61000061035156,31.280000686645508,31.59000015258789,27.42958641052246,5424400
2020-11-05,AIG,AIG,31.829999923706055,33.599998474121094,31.81999969482422,33.43000030517578,29.027257919311523,6467100
2020-11-06,AIG,AIG,34.040000915527344,35.5,32.7599983215332,33.15999984741211,28.792816162109375,8329900
2020-11-09,AIG,AIG,36.959999084472656,38.630001068115234,36.5099983215332,37.52000045776367,32.57860565185547,13776300
2020-11-10,AIG,AIG,37.88999938964844,38.599998474121094,37.2400016784668,38.22999954223633,33.195106506347656,10213700
2020-11-11,AIG,AIG,37.86000061035156,37.90999984741211,36.7400016784668,37.349998474121094,32.430992126464844,7211300
2020-11-12,AIG,AIG,37.029998779296875,37.029998779296875,35.54999923706055,36.060001373291016,31.310888290405273,6847100
2020-11-13,AIG,AIG,36.459999084472656,37.40999984741211,36.290000915527344,37.31999969482422,32.40495300292969,5073800
2020-11-16,AIG,AIG,38.59000015258789,38.68000030517578,37.91999816894531,38.4900016784668,33.42085647583008,6015400
2020-11-17,AIG,AIG,37.84000015258789,38.70000076293945,37.65999984741211,38.41999816894531,33.360076904296875,4626900
2020-11-18,AIG,AIG,38.25,39.36000061035156,38.029998779296875,38.54999923706055,33.47294998168945,6265100
2020-11-19,AIG,AIG,37.9900016784668,38.599998474121094,37.470001220703125,38.540000915527344,33.464263916015625,4225200
2020-11-20,AIG,AIG,38.650001525878906,38.86000061035156,38.0,38.61000061035156,33.52505111694336,5571900
2020-11-23,AIG,AIG,39.380001068115234,39.95000076293945,38.810001373291016,39.77000045776367,34.532283782958984,4759600
2020-11-24,AIG,AIG,40.790000915527344,41.56999969482422,40.27000045776367,40.97999954223633,35.58292007446289,6017800
2020-11-25,AIG,AIG,40.27000045776367,40.5,39.709999084472656,40.119998931884766,34.836181640625,3811100
2020-11-27,AIG,AIG,39.95000076293945,40.15999984741211,39.45000076293945,39.709999084472656,34.48017883300781,2046800
2020-11-30,AIG,AIG,39.099998474121094,39.61000061035156,38.400001525878906,38.439998626708984,33.37744140625,6425700
2020-12-01,AIG,AIG,39.5,39.779998779296875,39.09000015258789,39.310001373291016,34.13285827636719,6245700
2020-12-02,AIG,AIG,39.060001373291016,39.88999938964844,38.7599983215332,39.72999954223633,34.49753952026367,5175400
2020-12-03,AIG,AIG,39.66999816894531,40.27000045776367,39.52000045776367,39.84000015258789,34.59305953979492,4581300
2020-12-04,AIG,AIG,40.25,40.810001373291016,40.150001525878906,40.689998626708984,35.331111907958984,4597600
2020-12-07,AIG,AIG,40.279998779296875,40.34000015258789,39.56999969482422,39.790000915527344,34.549652099609375,4478500
2020-12-08,AIG,AIG,39.279998779296875,39.95000076293945,39.18000030517578,39.52000045776367,34.315208435058594,3322600
2020-12-09,AIG,AIG,39.90999984741211,40.290000915527344,39.560001373291016,39.939998626708984,34.67988586425781,5388400
2020-12-10,AIG,AIG,39.279998779296875,39.939998626708984,39.060001373291016,39.709999084472656,34.48017883300781,4716300
2020-12-11,AIG,AIG,38.83000183105469,39.16999816894531,38.560001373291016,38.790000915527344,33.9549674987793,5299000
2020-12-14,AIG,AIG,39.29999923706055,39.369998931884766,38.08000183105469,38.15999984741211,33.40349197387695,3942000
2020-12-15,AIG,AIG,38.47999954223633,38.869998931884766,37.650001525878906,38.540000915527344,33.73613357543945,3292700
2020-12-16,AIG,AIG,38.7599983215332,38.77000045776367,38.08000183105469,38.31999969482422,33.543548583984375,3691200
2020-12-17,AIG,AIG,38.31999969482422,38.349998474121094,37.83000183105469,38.22999954223633,33.46476745605469,5233200
2020-12-18,AIG,AIG,38.20000076293945,38.459999084472656,36.970001220703125,37.47999954223633,32.80825424194336,9293000
2020-12-21,AIG,AIG,37.11000061035156,37.66999816894531,36.779998779296875,37.369998931884766,32.71194839477539,5341700
2020-12-22,AIG,AIG,37.560001373291016,37.619998931884766,36.77000045776367,36.79999923706055,32.213016510009766,5374200
2020-12-23,AIG,AIG,37.25,38.040000915527344,37.2400016784668,37.439998626708984,32.77323913574219,3890600
2020-12-24,AIG,AIG,37.47999954223633,37.5,36.970001220703125,37.369998931884766,32.71194839477539,1613800
2020-12-28,AIG,AIG,37.54999923706055,38.02000045776367,37.029998779296875,37.06999969482422,32.44935607910156,3837300
2020-12-29,AIG,AIG,37.36000061035156,37.43000030517578,36.91999816894531,37.15999984741211,32.528141021728516,4047300
2020-12-30,AIG,AIG,37.11000061035156,38.040000915527344,37.099998474121094,37.52000045776367,32.84326934814453,2522200
2020-12-31,AIG,AIG,37.529998779296875,37.959999084472656,37.22999954223633,37.86000061035156,33.14088439941406,2956200
2021-01-04,AIG,AIG,37.650001525878906,37.95000076293945,36.81999969482422,37.130001068115234,32.50188064575195,7081000
2021-01-05,AIG,AIG,37.279998779296875,38.0099983215332,37.18000030517578,37.75,33.04460525512695,4268000
2021-01-06,AIG,AIG,38.619998931884766,40.65999984741211,38.619998931884766,40.209999084472656,35.197967529296875,8198600
2021-01-07,AIG,AIG,40.779998779296875,41.040000915527344,40.349998474121094,40.88999938964844,35.79320526123047,5109700
2021-01-08,AIG,AIG,41.0,41.119998931884766,40.0099983215332,40.619998931884766,35.55686569213867,5344800
2021-01-11,AIG,AIG,39.91999816894531,40.790000915527344,39.709999084472656,40.279998779296875,35.259246826171875,3457000
2021-01-12,AIG,AIG,40.65999984741211,41.2599983215332,40.56999969482422,41.0,35.88949966430664,3975800
2021-01-13,AIG,AIG,40.689998626708984,41.119998931884766,40.43000030517578,40.720001220703125,35.64440155029297,3608400
2021-01-14,AIG,AIG,41.0,41.45000076293945,40.68000030517578,41.29999923706055,36.15210723876953,3984000
2021-01-15,AIG,AIG,40.880001068115234,41.5099983215332,40.529998779296875,41.349998474121094,36.195865631103516,7124400
2021-01-19,AIG,AIG,41.58000183105469,42.41999816894531,41.52000045776367,42.25,36.98369216918945,5159400
2021-01-20,AIG,AIG,42.22999954223633,42.56999969482422,42.0,42.08000183105469,36.83487319946289,6421300
2021-01-21,AIG,AIG,41.95000076293945,42.13999938964844,41.04999923706055,41.04999923706055,35.93326950073242,5608300
2021-01-22,AIG,AIG,40.529998779296875,40.93000030517578,39.959999084472656,40.08000183105469,35.08417892456055,4752300
2021-01-25,AIG,AIG,39.529998779296875,39.79999923706055,38.9900016784668,39.58000183105469,34.64650344848633,4084100
2021-01-26,AIG,AIG,39.869998931884766,39.939998626708984,39.0099983215332,39.11000061035156,34.235084533691406,3741300
2021-01-27,AIG,AIG,38.56999969482422,38.7400016784668,37.099998474121094,37.599998474121094,32.913299560546875,5772000
2021-01-28,AIG,AIG,38.060001373291016,38.93000030517578,37.93000030517578,38.47999954223633,33.68360900878906,5048200
2021-01-29,AIG,AIG,38.11000061035156,38.11000061035156,36.79999923706055,37.439998626708984,32.77323913574219,5291000
2021-02-01,AIG,AIG,37.72999954223633,37.90999984741211,36.869998931884766,37.41999816894531,32.7557258605957,3649500
2021-02-02,AIG,AIG,38.09000015258789,38.9900016784668,37.849998474121094,38.56999969482422,33.762393951416016,4878200
2021-02-03,AIG,AIG,38.529998779296875,39.349998474121094,38.47999954223633,38.95000076293945,34.09501647949219,4680700
2021-02-04,AIG,AIG,39.189998626708984,41.349998474121094,38.95000076293945,41.34000015258789,36.18711471557617,5088100
2021-02-05,AIG,AIG,41.81999969482422,41.93000030517578,41.18000030517578,41.68000030517578,36.48473358154297,3968200
2021-02-08,AIG,AIG,41.650001525878906,42.31999969482422,41.470001220703125,42.290000915527344,37.018714904785156,3899600
2021-02-09,AIG,AIG,42.119998931884766,42.5099983215332,41.75,42.13999938964844,36.88740921020508,3464700
2021-02-10,AIG,AIG,42.349998474121094,42.77000045776367,41.959999084472656,42.43000030517578,37.14125061035156,3705300
2021-02-11,AIG,AIG,42.33000183105469,42.529998779296875,41.290000915527344,41.599998474121094,36.414710998535156,3445600
2021-02-12,AIG,AIG,41.459999084472656,42.189998626708984,41.189998626708984,41.400001525878906,36.239646911621094,4154900
2021-02-16,AIG,AIG,41.7400016784668,42.630001068115234,41.5099983215332,42.150001525878906,36.896156311035156,4937300
2021-02-17,AIG,AIG,41.279998779296875,43.36000061035156,41.16999816894531,43.27000045776367,37.87655258178711,4872000
2021-02-18,AIG,AIG,42.459999084472656,43.0,41.4900016784668,42.11000061035156,36.86114501953125,4032600
2021-02-19,AIG,AIG,42.5,42.81999969482422,42.08000183105469,42.58000183105469,37.272552490234375,3664200
2021-02-22,AIG,AIG,42.5,44.349998474121094,42.459999084472656,44.099998474121094,38.60308837890625,6263200
2021-02-23,AIG,AIG,44.7400016784668,44.7400016784668,43.84000015258789,44.369998931884766,38.839439392089844,5021600
2021-02-24,AIG,AIG,44.5099983215332,45.959999084472656,44.459999084472656,45.43000030517578,39.76730728149414,4552800
2021-02-25,AIG,AIG,45.970001220703125,46.130001068115234,43.880001068115234,43.95000076293945,38.47179412841797,5388400
2021-02-26,AIG,AIG,45.0,45.25,43.630001068115234,43.95000076293945,38.47179412841797,6181100
2021-03-01,AIG,AIG,44.900001525878906,48.0,44.7599983215332,45.310001373291016,39.66227722167969,7864700
2021-03-02,AIG,AIG,45.2599983215332,46.279998779296875,45.220001220703125,45.959999084472656,40.23125457763672,4611100
2021-03-03,AIG,AIG,46.04999923706055,47.68000030517578,46.04999923706055,47.0099983215332,41.1503791809082,5633200
2021-03-04,AIG,AIG,47.18000030517578,47.58000183105469,44.97999954223633,46.27000045776367,40.50261688232422,4876400
2021-03-05,AIG,AIG,46.939998626708984,47.27000045776367,45.900001525878906,46.970001220703125,41.1153564453125,5327800
2021-03-08,AIG,AIG,47.61000061035156,48.220001220703125,47.13999938964844,47.2400016784668,41.35171127319336,5921200
2021-03-09,AIG,AIG,46.56999969482422,47.2400016784668,45.810001373291016,46.619998931884766,40.80898666381836,5638400
2021-03-10,AIG,AIG,46.970001220703125,48.0099983215332,46.70000076293945,47.849998474121094,41.88566207885742,3822600
2021-03-11,AIG,AIG,47.65999984741211,48.380001068115234,47.5,48.0099983215332,42.025726318359375,4514600
2021-03-12,AIG,AIG,48.84000015258789,48.91999816894531,48.290000915527344,48.439998626708984,42.40212631225586,3069500
2021-03-15,AIG,AIG,48.06999969482422,48.400001525878906,47.52000045776367,48.34000015258789,42.595985412597656,2994000
2021-03-16,AIG,AIG,47.939998626708984,48.0099983215332,46.880001068115234,47.33000183105469,41.70601272583008,4247300
2021-03-17,AIG,AIG,47.630001068115234,48.029998779296875,47.150001525878906,47.66999816894531,42.00560760498047,5361400
2021-03-18,AIG,AIG,48.08000183105469,49.0,47.7400016784668,47.81999969482422,42.13777160644531,5577600
2021-03-19,AIG,AIG,47.4900016784668,47.619998931884766,46.560001373291016,46.83000183105469,41.26540756225586,7285700
2021-03-22,AIG,AIG,46.560001373291016,46.650001525878906,45.81999969482422,46.22999954223633,40.7367057800293,4907000
2021-03-23,AIG,AIG,45.720001220703125,46.189998626708984,44.79999923706055,44.97999954223633,39.63523864746094,3497800
2021-03-24,AIG,AIG,45.599998474121094,46.150001525878906,44.95000076293945,44.9900016784668,39.6440544128418,3813500
2021-03-25,AIG,AIG,45.060001373291016,46.599998474121094,44.540000915527344,46.5,40.9746208190918,4707200
2021-03-26,AIG,AIG,47.040000915527344,47.29999923706055,46.209999084472656,46.81999969482422,41.25659942626953,3801800
2021-03-29,AIG,AIG,46.130001068115234,47.060001373291016,45.93000030517578,46.58000183105469,41.04511642456055,4409400
2021-03-30,AIG,AIG,46.970001220703125,47.56999969482422,46.599998474121094,47.34000015258789,41.714813232421875,3525300
2021-03-31,AIG,AIG,46.93000030517578,47.380001068115234,46.189998626708984,46.209999084472656,40.71908950805664,4318700
2021-04-01,AIG,AIG,45.9900016784668,46.43000030517578,45.880001068115234,46.380001068115234,40.86888122558594,3547700
2021-04-05,AIG,AIG,46.95000076293945,47.15999984741211,46.5,46.75,41.194923400878906,3437700
2021-04-06,AIG,AIG,46.70000076293945,47.040000915527344,46.2400016784668,46.65999984741211,41.1156120300293,3753100
2021-04-07,AIG,AIG,46.68000030517578,47.099998474121094,46.470001220703125,47.08000183105469,41.48571014404297,2719700
2021-04-08,AIG,AIG,46.5,46.54999923706055,45.790000915527344,46.060001373291016,40.586910247802734,3474900
2021-04-09,AIG,AIG,46.45000076293945,46.650001525878906,46.040000915527344,46.599998474121094,41.062747955322266,3141600
2021-04-12,AIG,AIG,46.70000076293945,47.22999954223633,46.61000061035156,47.15999984741211,41.55620193481445,3095300
2021-04-13,AIG,AIG,46.720001220703125,47.09000015258789,46.25,46.689998626708984,41.14204406738281,2958100
2021-04-14,AIG,AIG,46.599998474121094,47.810001373291016,46.599998474121094,47.4900016784668,41.846988677978516,3391100
2021-04-15,AIG,AIG,47.47999954223633,47.47999954223633,46.43000030517578,46.65999984741211,41.1156120300293,4451900
2021-04-16,AIG,AIG,47.11000061035156,47.689998626708984,46.86000061035156,47.099998474121094,41.50333023071289,4369100
2021-04-19,AIG,AIG,47.13999938964844,47.279998779296875,46.38999938964844,46.72999954223633,41.17728805541992,2809200
2021-04-20,AIG,AIG,46.470001220703125,46.650001525878906,45.22999954223633,45.529998779296875,40.11988830566406,4262000
2021-04-21,AIG,AIG,45.38999938964844,46.79999923706055,45.189998626708984,46.7599983215332,41.20372009277344,3682500
2021-04-22,AIG,AIG,46.68000030517578,47.20000076293945,46.290000915527344,46.459999084472656,40.93937683105469,4388500
2021-04-23,AIG,AIG,46.619998931884766,47.54999923706055,46.349998474121094,47.34000015258789,41.714813232421875,3242100
2021-04-26,AIG,AIG,47.66999816894531,48.54999923706055,47.45000076293945,47.529998779296875,41.882240295410156,3203500
2021-04-27,AIG,AIG,47.380001068115234,48.52000045776367,47.380001068115234,48.439998626708984,42.684104919433594,3580400
2021-04-28,AIG,AIG,48.470001220703125,48.72999954223633,48.029998779296875,48.209999084472656,42.48142623901367,2703400
2021-04-29,AIG,AIG,48.75,49.41999816894531,48.56999969482422,48.939998626708984,43.12468719482422,3800600
2021-04-30,AIG,AIG,48.65999984741211,49.09000015258789,48.310001373291016,48.45000076293945,42.69291305541992,3201200
2021-05-03,AIG,AIG,48.97999954223633,49.459999084472656,48.650001525878906,49.04999923706055,43.22163009643555,2585600
2021-05-04,AIG,AIG,48.900001525878906,49.29999923706055,48.38999938964844,48.400001525878906,42.64885330200195,6640800
2021-05-05,AIG,AIG,48.459999084472656,49.08000183105469,48.06999969482422,48.869998931884766,43.063011169433594,8786400
2021-05-06,AIG,AIG,49.0,50.349998474121094,48.66999816894531,50.16999816894531,44.208526611328125,5557800
2021-05-07,AIG,AIG,50.16999816894531,51.5,49.689998626708984,51.189998626708984,45.10734176635742,5582200
2021-05-10,AIG,AIG,51.31999969482422,52.70000076293945,51.29999923706055,51.91999816894531,45.750587463378906,6870100
2021-05-11,AIG,AIG,51.720001220703125,51.86000061035156,49.91999816894531,50.380001068115234,44.393577575683594,4646600
2021-05-12,AIG,AIG,51.0099983215332,51.040000915527344,49.91999816894531,50.08000183105469,44.12922668457031,5970600
2021-05-13,AIG,AIG,49.709999084472656,51.2599983215332,49.709999084472656,50.849998474121094,44.807735443115234,5064400
2021-05-14,AIG,AIG,51.0,51.900001525878906,50.849998474121094,51.900001525878906,45.73297119140625,4844800
2021-05-17,AIG,AIG,51.75,51.900001525878906,51.060001373291016,51.56999969482422,45.442169189453125,3247900
2021-05-18,AIG,AIG,51.41999816894531,51.709999084472656,51.08000183105469,51.11000061035156,45.03683853149414,3856100
2021-05-19,AIG,AIG,50.470001220703125,50.7599983215332,49.54999923706055,50.66999816894531,44.64912033081055,4145500
2021-05-20,AIG,AIG,50.70000076293945,50.91999816894531,50.029998779296875,50.529998779296875,44.5257568359375,3123500
2021-05-21,AIG,AIG,50.75,51.689998626708984,50.75,51.310001373291016,45.21308135986328,4198800
2021-05-24,AIG,AIG,51.5,51.9900016784668,51.29999923706055,51.880001068115234,45.7153434753418,2600700
2021-05-25,AIG,AIG,51.9900016784668,52.540000915527344,50.689998626708984,50.79999923706055,44.76367950439453,3569600
2021-05-26,AIG,AIG,51.27000045776367,51.52000045776367,50.720001220703125,51.369998931884766,45.26594924926758,2516500
2021-05-27,AIG,AIG,52.02000045776367,52.79999923706055,51.81999969482422,52.709999084472656,46.446720123291016,6287700
2021-05-28,AIG,AIG,52.81999969482422,52.93000030517578,51.939998626708984,52.84000015258789,46.5612678527832,3116300
2021-06-01,AIG,AIG,53.33000183105469,53.83000183105469,53.119998931884766,53.54999923706055,47.18690872192383,5278200
2021-06-02,AIG,AIG,53.970001220703125,54.08000183105469,53.02000045776367,53.040000915527344,46.73750686645508,4146700
2021-06-03,AIG,AIG,52.95000076293945,53.68000030517578,52.7400016784668,53.540000915527344,47.1781005859375,4030000
2021-06-04,AIG,AIG,53.4900016784668,53.4900016784668,52.83000183105469,53.41999816894531,47.07235336303711,2851700
2021-06-07,AIG,AIG,53.459999084472656,53.529998779296875,52.869998931884766,53.06999969482422,46.76394271850586,2460700
2021-06-08,AIG,AIG,52.66999816894531,53.380001068115234,52.290000915527344,53.22999954223633,46.90493392944336,2227500
2021-06-09,AIG,AIG,52.79999923706055,52.880001068115234,52.13999938964844,52.15999984741211,45.962074279785156,2946900
2021-06-10,AIG,AIG,52.90999984741211,53.099998474121094,51.52000045776367,51.56999969482422,45.442169189453125,2213500
2021-06-11,AIG,AIG,51.83000183105469,52.150001525878906,51.70000076293945,52.02000045776367,45.838706970214844,3521800
2021-06-14,AIG,AIG,51.560001373291016,51.88999938964844,50.849998474121094,51.099998474121094,45.30673599243164,3130900
2021-06-15,AIG,AIG,51.150001525878906,51.90999984741211,50.9900016784668,51.529998779296875,45.687984466552734,3705300
2021-06-16,AIG,AIG,51.36000061035156,51.97999954223633,50.849998474121094,51.68000030517578,45.82097244262695,4259200
2021-06-17,AIG,AIG,51.869998931884766,51.91999816894531,48.709999084472656,48.77000045776367,43.24087905883789,5797500
2021-06-18,AIG,AIG,47.849998474121094,48.08000183105469,46.83000183105469,46.849998474121094,41.53855514526367,10722200
2021-06-21,AIG,AIG,47.2599983215332,47.7599983215332,47.22999954223633,47.75,42.336524963378906,7422800
2021-06-22,AIG,AIG,47.72999954223633,47.84000015258789,47.02000045776367,47.54999923706055,42.15920639038086,3181400
2021-06-23,AIG,AIG,47.560001373291016,48.060001373291016,47.439998626708984,47.72999954223633,42.31879806518555,2896400
2021-06-24,AIG,AIG,47.79999923706055,48.439998626708984,47.56999969482422,48.209999084472656,42.74437713623047,2818000
2021-06-25,AIG,AIG,48.470001220703125,49.22999954223633,48.29999923706055,49.02000045776367,43.46254348754883,3276300
2021-06-28,AIG,AIG,48.83000183105469,48.959999084472656,47.59000015258789,47.959999084472656,42.52272415161133,2961600
2021-06-29,AIG,AIG,48.349998474121094,48.709999084472656,47.18000030517578,47.400001525878906,42.026206970214844,2742500
2021-06-30,AIG,AIG,47.189998626708984,47.7400016784668,47.189998626708984,47.599998474121094,42.203529357910156,2586800
2021-07-01,AIG,AIG,48.029998779296875,48.560001373291016,47.77000045776367,48.27000045776367,42.797576904296875,2888400
2021-07-02,AIG,AIG,48.33000183105469,48.38999938964844,47.810001373291016,48.04999923706055,42.602516174316406,1995000
2021-07-06,AIG,AIG,47.52000045776367,47.689998626708984,46.31999969482422,46.61000061035156,41.32576370239258,3598600
2021-07-07,AIG,AIG,46.20000076293945,47.04999923706055,46.02000045776367,46.790000915527344,41.48536682128906,4108200
2021-07-08,AIG,AIG,45.869998931884766,46.0,44.599998474121094,44.86000061035156,39.774169921875,5412000
2021-07-09,AIG,AIG,45.869998931884766,47.08000183105469,45.529998779296875,46.869998931884766,41.55628967285156,5044800
2021-07-12,AIG,AIG,46.349998474121094,47.72999954223633,45.970001220703125,47.439998626708984,42.06166458129883,3450700
2021-07-13,AIG,AIG,47.400001525878906,47.54999923706055,46.68000030517578,46.72999954223633,41.432167053222656,2983400
2021-07-14,AIG,AIG,46.88999938964844,47.349998474121094,46.02000045776367,46.40999984741211,41.14844512939453,2792200
2021-07-15,AIG,AIG,47.5,48.20000076293945,47.02000045776367,48.06999969482422,42.620243072509766,7698900
2021-07-16,AIG,AIG,48.20000076293945,48.25,46.63999938964844,46.900001525878906,41.582889556884766,4384800
2021-07-19,AIG,AIG,45.5,45.779998779296875,44.540000915527344,44.93000030517578,39.83623123168945,5465300
2021-07-20,AIG,AIG,44.970001220703125,47.529998779296875,44.869998931884766,47.22999954223633,41.875484466552734,5131200
2021-07-21,AIG,AIG,47.650001525878906,48.970001220703125,47.650001525878906,48.290000915527344,42.8153076171875,3970900
2021-07-22,AIG,AIG,48.099998474121094,48.099998474121094,47.2400016784668,47.560001373291016,42.16806411743164,2815300
2021-07-23,AIG,AIG,47.970001220703125,48.349998474121094,47.130001068115234,47.310001373291016,41.9464111328125,3029600
2021-07-26,AIG,AIG,47.279998779296875,48.0099983215332,47.18000030517578,47.709999084472656,42.30106735229492,3026800
2021-07-27,AIG,AIG,47.08000183105469,47.810001373291016,46.779998779296875,47.41999816894531,42.043941497802734,2347700
2021-07-28,AIG,AIG,47.56999969482422,47.75,46.18000030517578,46.95000076293945,41.62722396850586,2956000
2021-07-29,AIG,AIG,47.56999969482422,47.9900016784668,47.0099983215332,47.869998931884766,42.44293212890625,3492500
2021-07-30,AIG,AIG,47.5,48.279998779296875,47.13999938964844,47.349998474121094,41.98187255859375,4695600
2021-08-02,AIG,AIG,47.869998931884766,48.84000015258789,47.279998779296875,47.369998931884766,41.999603271484375,2779100
2021-08-03,AIG,AIG,47.709999084472656,47.79999923706055,46.439998626708984,47.7400016784668,42.327659606933594,2346500
2021-08-04,AIG,AIG,47.040000915527344,47.63999938964844,46.77000045776367,47.09000015258789,41.75135803222656,3592100
2021-08-05,AIG,AIG,47.599998474121094,48.75,47.599998474121094,48.65999984741211,43.14335632324219,4686400
2021-08-06,AIG,AIG,50.25,51.380001068115234,50.0,50.95000076293945,45.17374038696289,4807600
2021-08-09,AIG,AIG,50.66999816894531,52.150001525878906,50.38999938964844,51.849998474121094,45.97171401977539,4388700
2021-08-10,AIG,AIG,51.86000061035156,53.40999984741211,51.86000061035156,53.13999938964844,47.11545944213867,7491300
2021-08-11,AIG,AIG,53.43000030517578,54.119998931884766,52.779998779296875,54.08000183105469,47.94888687133789,5623200
2021-08-12,AIG,AIG,54.25,54.58000183105469,53.630001068115234,53.880001068115234,47.771568298339844,3647700
2021-08-13,AIG,AIG,54.18000030517578,54.93000030517578,53.88999938964844,54.61000061035156,48.41879653930664,4675500
2021-08-16,AIG,AIG,54.2400016784668,54.83000183105469,53.72999954223633,54.61000061035156,48.41879653930664,4648600
2021-08-17,AIG,AIG,54.25,54.959999084472656,53.810001373291016,54.0099983215332,47.886817932128906,4490900
2021-08-18,AIG,AIG,53.75,54.900001525878906,53.529998779296875,53.7599983215332,47.665157318115234,5002900
2021-08-19,AIG,AIG,52.939998626708984,53.900001525878906,52.540000915527344,52.959999084472656,46.95586395263672,7291400
2021-08-20,AIG,AIG,53.040000915527344,53.83000183105469,52.720001220703125,53.56999969482422,47.496707916259766,4040800
2021-08-23,AIG,AIG,54.06999969482422,54.7599983215332,54.0,54.15999984741211,48.019813537597656,3738400
2021-08-24,AIG,AIG,54.15999984741211,54.689998626708984,53.88999938964844,54.36000061035156,48.19715118408203,3797600
2021-08-25,AIG,AIG,54.540000915527344,55.5,54.220001220703125,54.93000030517578,48.7025146484375,4019300
2021-08-26,AIG,AIG,55.08000183105469,55.130001068115234,53.9900016784668,54.02000045776367,47.89569091796875,3308100
2021-08-27,AIG,AIG,54.34000015258789,55.11000061035156,54.150001525878906,55.0099983215332,48.77345275878906,3485500
2021-08-30,AIG,AIG,55.04999923706055,55.04999923706055,54.0,54.02000045776367,47.89569091796875,3711400
2021-08-31,AIG,AIG,53.849998474121094,54.81999969482422,53.849998474121094,54.560001373291016,48.37446975708008,5703900
2021-09-01,AIG,AIG,54.689998626708984,54.81999969482422,54.209999084472656,54.58000183105469,48.39220428466797,4014300
2021-09-02,AIG,AIG,54.77000045776367,55.38999938964844,54.650001525878906,55.22999954223633,48.968509674072266,5228000
2021-09-03,AIG,AIG,55.150001525878906,55.41999816894531,54.59000015258789,55.099998474121094,48.85325622558594,4556800
2021-09-07,AIG,AIG,55.209999084472656,55.779998779296875,54.650001525878906,54.66999816894531,48.47200012207031,4783000
2021-09-08,AIG,AIG,54.5,55.0099983215332,54.29999923706055,54.810001373291016,48.59613037109375,3349300
2021-09-09,AIG,AIG,54.79999923706055,55.790000915527344,54.599998474121094,54.689998626708984,48.48973083496094,4669900
2021-09-10,AIG,AIG,55.16999816894531,55.380001068115234,54.400001525878906,54.439998626708984,48.26807403564453,3221700
2021-09-13,AIG,AIG,55.11000061035156,55.33000183105469,54.61000061035156,55.119998931884766,48.8709831237793,4962000
2021-09-14,AIG,AIG,55.34000015258789,55.38999938964844,54.27000045776367,54.43000030517578,48.259212493896484,5109600
2021-09-15,AIG,AIG,54.20000076293945,54.7599983215332,53.869998931884766,54.45000076293945,48.56243896484375,4194300
2021-09-16,AIG,AIG,54.470001220703125,55.060001373291016,54.04999923706055,54.349998474121094,48.4732551574707,3423200
2021-09-17,AIG,AIG,54.09000015258789,55.040000915527344,53.59000015258789,53.810001373291016,47.99164581298828,7278400
2021-09-20,AIG,AIG,52.22999954223633,53.310001373291016,52.0,53.22999954223633,47.47435760498047,7959300
2021-09-21,AIG,AIG,53.709999084472656,53.83000183105469,52.900001525878906,52.959999084472656,47.23355484008789,5580500
2021-09-22,AIG,AIG,53.83000183105469,54.13999938964844,53.459999084472656,53.709999084472656,47.90245819091797,4876600
2021-09-23,AIG,AIG,53.970001220703125,55.029998779296875,53.970001220703125,54.52000045776367,48.6248779296875,4444700
2021-09-24,AIG,AIG,54.619998931884766,55.209999084472656,54.31999969482422,54.810001373291016,48.88352584838867,5669300
2021-09-27,AIG,AIG,55.369998931884766,57.209999084472656,55.369998931884766,57.029998779296875,50.86347579956055,5232800
2021-09-28,AIG,AIG,57.08000183105469,57.540000915527344,55.869998931884766,55.9900016784668,49.93592834472656,5511600
2021-09-29,AIG,AIG,56.220001220703125,56.459999084472656,55.779998779296875,55.84000015258789,49.802154541015625,3289600
2021-09-30,AIG,AIG,55.97999954223633,56.119998931884766,54.880001068115234,54.88999938964844,48.95486068725586,4202000
2021-10-01,AIG,AIG,55.150001525878906,55.88999938964844,54.810001373291016,55.47999954223633,49.4810791015625,5871800
2021-10-04,AIG,AIG,55.380001068115234,56.70000076293945,55.33000183105469,55.81999969482422,49.784305572509766,5557000
2021-10-05,AIG,AIG,56.279998779296875,57.7400016784668,55.63999938964844,57.45000076293945,51.238067626953125,4845500
2021-10-06,AIG,AIG,56.93000030517578,57.45000076293945,56.06999969482422,57.31999969482422,51.12211227416992,3484300
2021-10-07,AIG,AIG,57.630001068115234,58.11000061035156,57.15999984741211,57.20000076293945,51.01509475708008,3749900
2021-10-08,AIG,AIG,57.11000061035156,57.9900016784668,57.11000061035156,57.61000061035156,51.380760192871094,2217200
2021-10-11,AIG,AIG,57.75,58.86000061035156,57.58000183105469,57.88999938964844,51.63047790527344,3104700
2021-10-12,AIG,AIG,57.79999923706055,58.43000030517578,57.27000045776367,57.400001525878906,51.193458557128906,2678600
2021-10-13,AIG,AIG,57.220001220703125,57.279998779296875,55.47999954223633,56.209999084472656,50.132137298583984,4125000
2021-10-14,AIG,AIG,57.040000915527344,57.779998779296875,56.470001220703125,57.77000045776367,51.523460388183594,4857000
2021-10-15,AIG,AIG,58.310001373291016,58.81999969482422,58.08000183105469,58.279998779296875,51.97831726074219,3931900
2021-10-18,AIG,AIG,58.22999954223633,58.5,57.61000061035156,57.88999938964844,51.63047790527344,3299000
2021-10-19,AIG,AIG,58.540000915527344,59.18000030517578,58.33000183105469,58.63999938964844,52.29938507080078,3217200
2021-10-20,AIG,AIG,58.36000061035156,59.7599983215332,58.130001068115234,59.61000061035156,53.16450500488281,3205000
2021-10-21,AIG,AIG,59.36000061035156,59.95000076293945,58.90999984741211,59.2599983215332,52.85234451293945,2794600
2021-10-22,AIG,AIG,59.63999938964844,60.15999984741211,59.31999969482422,60.0099983215332,53.52124786376953,3734100
2021-10-25,AIG,AIG,60.0,60.349998474121094,59.20000076293945,59.63999938964844,53.191261291503906,3157100
2021-10-26,AIG,AIG,59.720001220703125,60.0,59.16999816894531,59.22999954223633,52.825592041015625,2497400
2021-10-27,AIG,AIG,59.029998779296875,60.02000045776367,58.43000030517578,58.54999923706055,52.2191162109375,3984800
2021-10-28,AIG,AIG,58.81999969482422,59.95000076293945,58.81999969482422,59.900001525878906,53.42314910888672,2668200
2021-10-29,AIG,AIG,60.0,60.91999816894531,59.060001373291016,59.09000015258789,52.70073699951172,4668700
2021-11-01,AIG,AIG,59.709999084472656,60.369998931884766,59.619998931884766,60.189998626708984,53.68179702758789,2732100
2021-11-02,AIG,AIG,60.0,60.369998931884766,59.79999923706055,59.97999954223633,53.4944953918457,3318100
2021-11-03,AIG,AIG,59.70000076293945,61.79999923706055,59.66999816894531,61.08000183105469,54.47555923461914,4537700
2021-11-04,AIG,AIG,60.70000076293945,60.83000183105469,59.650001525878906,60.38999938964844,53.86015701293945,4685900
2021-11-05,AIG,AIG,62.0,62.540000915527344,58.709999084472656,58.959999084472656,52.584781646728516,6787500
2021-11-08,AIG,AIG,59.060001373291016,59.869998931884766,58.599998474121094,59.15999984741211,52.76316452026367,5118300
2021-11-09,AIG,AIG,58.79999923706055,59.529998779296875,58.27000045776367,58.7599983215332,52.406410217285156,3097700
2021-11-10,AIG,AIG,58.63999938964844,59.38999938964844,58.290000915527344,58.86000061035156,52.4955940246582,3645500
2021-11-11,AIG,AIG,58.810001373291016,59.290000915527344,58.77000045776367,58.86000061035156,52.4955940246582,3113300
2021-11-12,AIG,AIG,58.75,59.060001373291016,58.099998474121094,58.209999084472656,51.9158821105957,3538100
2021-11-15,AIG,AIG,58.38999938964844,58.59000015258789,57.869998931884766,58.09000015258789,51.80886459350586,3819900
2021-11-16,AIG,AIG,58.45000076293945,58.68000030517578,57.15999984741211,57.189998626708984,51.00617218017578,3772300
2021-11-17,AIG,AIG,56.97999954223633,57.31999969482422,56.59000015258789,56.95000076293945,50.79212188720703,4567200
2021-11-18,AIG,AIG,56.97999954223633,57.25,55.79999923706055,56.119998931884766,50.05186462402344,4568000
2021-11-19,AIG,AIG,55.20000076293945,55.709999084472656,54.709999084472656,54.95000076293945,49.00838088989258,4864300
2021-11-22,AIG,AIG,55.5,57.779998779296875,55.29999923706055,56.939998626708984,50.783203125,6027000
2021-11-23,AIG,AIG,57.54999923706055,59.34000015258789,57.529998779296875,58.900001525878906,52.53127670288086,7055100
2021-11-24,AIG,AIG,58.65999984741211,59.13999938964844,57.720001220703125,57.88999938964844,51.63047790527344,5072800
2021-11-26,AIG,AIG,55.310001373291016,56.529998779296875,53.849998474121094,56.04999923706055,49.989437103271484,4009600
2021-11-29,AIG,AIG,56.7599983215332,56.86000061035156,54.93000030517578,54.95000076293945,49.00838088989258,4800300
2021-11-30,AIG,AIG,54.31999969482422,54.31999969482422,52.36000061035156,52.599998474121094,46.9124755859375,10816400
2021-12-01,AIG,AIG,53.70000076293945,54.209999084472656,51.689998626708984,51.720001220703125,46.12763214111328,5845600
2021-12-02,AIG,AIG,52.20000076293945,54.25,52.20000076293945,53.959999084472656,48.12541961669922,6570900
2021-12-03,AIG,AIG,53.90999984741211,54.189998626708984,53.060001373291016,53.31999969482422,47.55462646484375,5056200
2021-12-06,AIG,AIG,54.20000076293945,55.4900016784668,54.09000015258789,54.77000045776367,48.84783935546875,6051100
2021-12-07,AIG,AIG,55.150001525878906,55.95000076293945,54.900001525878906,55.189998626708984,49.2224235534668,4852800
2021-12-08,AIG,AIG,55.369998931884766,55.650001525878906,54.790000915527344,54.970001220703125,49.026222229003906,4018600
2021-12-09,AIG,AIG,54.650001525878906,55.36000061035156,54.470001220703125,54.810001373291016,48.88352584838867,3716400
2021-12-10,AIG,AIG,55.09000015258789,55.20000076293945,54.130001068115234,54.38999938964844,48.50893020629883,4023500
2021-12-13,AIG,AIG,54.279998779296875,54.310001373291016,53.25,53.84000015258789,48.01840591430664,4304600
2021-12-14,AIG,AIG,53.75,55.09000015258789,53.650001525878906,54.65999984741211,48.74973678588867,5066200
2021-12-15,AIG,AIG,54.58000183105469,54.58000183105469,53.459999084472656,54.36000061035156,48.76768112182617,4523900
2021-12-16,AIG,AIG,54.93000030517578,55.81999969482422,54.619998931884766,55.279998779296875,49.5930290222168,6340200
2021-12-17,AIG,AIG,55.08000183105469,55.130001068115234,53.54999923706055,54.11000061035156,48.543399810791016,11164300
2021-12-20,AIG,AIG,53.209999084472656,53.220001220703125,51.849998474121094,52.90999984741211,47.46683883666992,4458400
2021-12-21,AIG,AIG,53.61000061035156,55.599998474121094,53.59000015258789,55.13999938964844,49.467437744140625,6431000
2021-12-22,AIG,AIG,55.0,55.619998931884766,54.900001525878906,55.27000045776367,49.584049224853516,4694000
2021-12-23,AIG,AIG,55.61000061035156,56.75,55.599998474121094,56.56999969482422,50.75032424926758,3980700
2021-12-27,AIG,AIG,56.65999984741211,57.040000915527344,56.2599983215332,56.900001525878906,51.04637908935547,2079300
2021-12-28,AIG,AIG,56.790000915527344,57.599998474121094,56.599998474121094,56.66999816894531,50.84003448486328,2449500
2021-12-29,AIG,AIG,56.63999938964844,57.13999938964844,56.560001373291016,56.779998779296875,50.938720703125,1977500
2021-12-30,AIG,AIG,56.900001525878906,57.34000015258789,56.709999084472656,56.7400016784668,50.90283966064453,2144300
2021-12-31,AIG,AIG,56.70000076293945,57.22999954223633,56.650001525878906,56.86000061035156,51.010494232177734,2075300
2022-01-03,AIG,AIG,57.18000030517578,58.08000183105469,57.130001068115234,57.38999938964844,51.4859619140625,3376300
2022-01-04,AIG,AIG,58.25,59.47999954223633,58.029998779296875,59.0,52.930328369140625,5281300
2022-01-05,AIG,AIG,59.130001068115234,59.70000076293945,58.150001525878906,58.189998626708984,52.20365905761719,4639400
2022-01-06,AIG,AIG,59.2400016784668,59.52000045776367,57.790000915527344,59.189998626708984,53.10078430175781,6331600
2022-01-07,AIG,AIG,59.599998474121094,60.970001220703125,59.310001373291016,60.7400016784668,54.4913330078125,5318900
2022-01-10,AIG,AIG,61.119998931884766,61.560001373291016,59.83000183105469,61.40999984741211,55.092403411865234,7913200
2022-01-11,AIG,AIG,61.529998779296875,61.77000045776367,60.86000061035156,61.77000045776367,55.415374755859375,6091500
2022-01-12,AIG,AIG,61.47999954223633,62.11000061035156,60.5099983215332,61.369998931884766,55.0565185546875,6150500
2022-01-13,AIG,AIG,61.790000915527344,62.25,61.54999923706055,61.869998931884766,55.50508117675781,3476900
2022-01-14,AIG,AIG,60.939998626708984,62.18000030517578,60.83000183105469,61.90999984741211,55.54096984863281,4465100
2022-01-18,AIG,AIG,62.0,62.18000030517578,60.7400016784668,60.900001525878906,54.63486862182617,4265200
2022-01-19,AIG,AIG,61.18000030517578,61.599998474121094,58.7400016784668,58.84000015258789,52.78679656982422,6354800
2022-01-20,AIG,AIG,59.029998779296875,60.84000015258789,58.59000015258789,58.84000015258789,52.78679656982422,5861700
2022-01-21,AIG,AIG,58.70000076293945,58.869998931884766,57.060001373291016,57.31999969482422,51.42317199707031,6608800
2022-01-24,AIG,AIG,56.65999984741211,57.66999816894531,54.38999938964844,57.459999084472656,51.54875564575195,7420100
2022-01-25,AIG,AIG,56.72999954223633,58.810001373291016,55.34000015258789,58.209999084472656,52.22160339355469,6163500
2022-01-26,AIG,AIG,58.86000061035156,59.5,56.779998779296875,57.630001068115234,51.70127868652344,6090700
2022-01-27,AIG,AIG,58.279998779296875,59.2400016784668,56.209999084472656,56.41999816894531,50.615753173828125,5398600
2022-01-28,AIG,AIG,56.0,57.040000915527344,55.56999969482422,56.959999084472656,51.10020065307617,5248600
2022-01-31,AIG,AIG,56.5,57.810001373291016,55.84000015258789,57.75,51.80893325805664,4187800
2022-02-01,AIG,AIG,57.83000183105469,59.27000045776367,57.5,59.11000061035156,53.029022216796875,3674700
2022-02-02,AIG,AIG,58.81999969482422,60.33000183105469,58.779998779296875,60.25,54.05175018310547,4796500
2022-02-03,AIG,AIG,60.290000915527344,60.790000915527344,59.349998474121094,59.4900016784668,53.369930267333984,3381600
2022-02-04,AIG,AIG,59.34000015258789,61.61000061035156,59.34000015258789,60.9900016784668,54.71562194824219,4165800
2022-02-07,AIG,AIG,61.119998931884766,62.40999984741211,61.119998931884766,61.790000915527344,55.433311462402344,3968100
2022-02-08,AIG,AIG,62.5,63.11000061035156,62.220001220703125,62.70000076293945,56.249698638916016,5242000
2022-02-09,AIG,AIG,62.849998474121094,63.540000915527344,62.349998474121094,62.40999984741211,55.98953628540039,4460100
2022-02-10,AIG,AIG,61.54999923706055,63.5,61.529998779296875,62.220001220703125,55.8190803527832,4926500
2022-02-11,AIG,AIG,62.220001220703125,62.93000030517578,60.099998474121094,60.7400016784668,54.4913330078125,7241100
2022-02-14,AIG,AIG,60.72999954223633,61.08000183105469,58.529998779296875,58.9900016784668,52.92137145996094,7294400
2022-02-15,AIG,AIG,59.7400016784668,60.72999954223633,59.2599983215332,60.380001068115234,54.168365478515625,4189300
2022-02-16,AIG,AIG,59.790000915527344,60.880001068115234,59.790000915527344,60.34000015258789,54.13248825073242,3416800
2022-02-17,AIG,AIG,59.95000076293945,61.84000015258789,59.560001373291016,61.380001068115234,55.06550216674805,6154900
2022-02-18,AIG,AIG,60.380001068115234,62.2400016784668,60.380001068115234,61.72999954223633,55.379486083984375,5488200
2022-02-22,AIG,AIG,62.0,62.880001068115234,61.20000076293945,61.61000061035156,55.271827697753906,5749500
2022-02-23,AIG,AIG,62.130001068115234,62.84000015258789,61.16999816894531,61.540000915527344,55.209022521972656,5102400
2022-02-24,AIG,AIG,59.349998474121094,60.59000015258789,58.18000030517578,60.380001068115234,54.168365478515625,6276600
2022-02-25,AIG,AIG,60.790000915527344,63.16999816894531,60.630001068115234,63.15999984741211,56.66237258911133,8694700
2022-02-28,AIG,AIG,61.25,62.2400016784668,60.70000076293945,61.2400016784668,54.93989562988281,7596600
2022-03-01,AIG,AIG,60.560001373291016,60.66999816894531,57.25,57.88999938964844,51.93452453613281,6478100
2022-03-02,AIG,AIG,58.75,61.31999969482422,58.75,61.040000915527344,54.76047897338867,6545000
2022-03-03,AIG,AIG,60.79999923706055,61.4900016784668,59.84000015258789,60.40999984741211,54.195281982421875,4260700
2022-03-04,AIG,AIG,59.0099983215332,59.09000015258789,56.72999954223633,57.47999954223633,51.56671142578125,7364100
2022-03-07,AIG,AIG,56.65999984741211,57.099998474121094,54.65999984741211,54.66999816894531,49.04579162597656,7982000
2022-03-08,AIG,AIG,55.459999084472656,57.41999816894531,54.900001525878906,55.459999084472656,49.754520416259766,7034500
2022-03-09,AIG,AIG,57.9900016784668,59.29999923706055,57.869998931884766,58.279998779296875,52.2844123840332,5984800
2022-03-10,AIG,AIG,57.29999923706055,58.369998931884766,56.36000061035156,56.97999954223633,51.11813735961914,5247400
2022-03-11,AIG,AIG,57.779998779296875,58.470001220703125,56.900001525878906,57.0,51.13608169555664,3423600
2022-03-14,AIG,AIG,58.08000183105469,59.02000045776367,57.130001068115234,57.5099983215332,51.59362030029297,3734300
2022-03-15,AIG,AIG,58.060001373291016,58.90999984741211,57.25,58.54999923706055,52.52662658691406,3901300
2022-03-16,AIG,AIG,59.09000015258789,60.36000061035156,58.66999816894531,59.779998779296875,53.924800872802734,4346600
2022-03-17,AIG,AIG,59.09000015258789,60.95000076293945,58.9900016784668,60.939998626708984,54.97119140625,4991100
2022-03-18,AIG,AIG,60.68000030517578,61.11000061035156,59.72999954223633,61.029998779296875,55.05237579345703,6258900
2022-03-21,AIG,AIG,61.540000915527344,62.04999923706055,60.959999084472656,61.7400016784668,55.692840576171875,6074000
2022-03-22,AIG,AIG,62.38999938964844,63.77000045776367,62.349998474121094,62.68000030517578,56.540775299072266,4486500
2022-03-23,AIG,AIG,62.349998474121094,62.88999938964844,61.81999969482422,61.849998474121094,55.79207229614258,3071200
2022-03-24,AIG,AIG,62.25,63.29999923706055,61.97999954223633,63.15999984741211,56.973758697509766,3185800
2022-03-25,AIG,AIG,63.25,64.52999877929688,63.16999816894531,64.4800033569336,58.164466857910156,3712200
2022-03-28,AIG,AIG,63.95000076293945,64.16000366210938,63.33000183105469,63.72999954223633,57.48793029785156,3486500
2022-03-29,AIG,AIG,64.58000183105469,64.9000015258789,62.47999954223633,63.04999923706055,56.87452697753906,4393200
2022-03-30,AIG,AIG,63.02000045776367,64.06999969482422,63.02000045776367,63.4900016784668,57.27143478393555,4424500
2022-03-31,AIG,AIG,63.2400016784668,64.12000274658203,62.77000045776367,62.77000045776367,56.62195587158203,4589800
2022-04-01,AIG,AIG,63.31999969482422,64.12999725341797,63.04999923706055,63.790000915527344,57.542049407958984,3802800
2022-04-04,AIG,AIG,63.439998626708984,63.65999984741211,62.220001220703125,62.540000915527344,56.41448211669922,2960800
2022-04-05,AIG,AIG,62.34000015258789,63.459999084472656,62.34000015258789,62.45000076293945,56.33329772949219,2906300
2022-04-06,AIG,AIG,62.310001373291016,63.040000915527344,61.66999816894531,61.810001373291016,55.75598907470703,3528000
2022-04-07,AIG,AIG,61.54999923706055,61.970001220703125,60.68000030517578,61.65999984741211,55.62067413330078,3506800
2022-04-08,AIG,AIG,62.29999923706055,63.470001220703125,61.9900016784668,63.13999938964844,56.955711364746094,3140900
2022-04-11,AIG,AIG,63.13999938964844,64.29000091552734,62.470001220703125,62.58000183105469,56.450565338134766,3398200
2022-04-12,AIG,AIG,62.83000183105469,63.619998931884766,62.15999984741211,62.45000076293945,56.33329772949219,3518300
2022-04-13,AIG,AIG,62.209999084472656,63.04999923706055,61.79999923706055,62.97999954223633,56.81139373779297,3386400
2022-04-14,AIG,AIG,62.91999816894531,63.91999816894531,62.79999923706055,63.029998779296875,56.85648727416992,4399900
2022-04-18,AIG,AIG,62.709999084472656,64.11000061035156,62.709999084472656,63.900001525878906,57.64127731323242,2088700
2022-04-19,AIG,AIG,64.13999938964844,64.62999725341797,63.189998626708984,63.61000061035156,57.37968444824219,5089100
2022-04-20,AIG,AIG,63.95000076293945,65.16000366210938,63.939998626708984,64.41000366210938,58.101322174072266,3432500
2022-04-21,AIG,AIG,65.05000305175781,65.7300033569336,63.040000915527344,63.130001068115234,56.946693420410156,4244300
2022-04-22,AIG,AIG,63.0,63.0,60.34000015258789,60.439998626708984,54.520164489746094,4865200
2022-04-25,AIG,AIG,60.0099983215332,60.0099983215332,57.900001525878906,59.68000030517578,53.83460998535156,6587500
2022-04-26,AIG,AIG,58.84000015258789,59.630001068115234,57.619998931884766,57.65999984741211,52.01245880126953,4261100
2022-04-27,AIG,AIG,57.869998931884766,59.4900016784668,57.459999084472656,59.119998931884766,53.32946014404297,4989600
2022-04-28,AIG,AIG,59.77000045776367,60.45000076293945,58.4900016784668,60.040000915527344,54.159339904785156,4623700
2022-04-29,AIG,AIG,59.7400016784668,60.130001068115234,58.33000183105469,58.5099983215332,52.779197692871094,5789500
2022-05-02,AIG,AIG,58.970001220703125,59.45000076293945,57.66999816894531,59.060001373291016,53.27534103393555,4276900
2022-05-03,AIG,AIG,59.560001373291016,60.290000915527344,58.33000183105469,59.529998779296875,53.69929122924805,8013100
2022-05-04,AIG,AIG,60.08000183105469,64.05000305175781,59.79999923706055,63.939998626708984,57.67734909057617,7814600
2022-05-05,AIG,AIG,62.93000030517578,63.720001220703125,61.439998626708984,62.119998931884766,56.03561782836914,6021000
2022-05-06,AIG,AIG,62.11000061035156,62.52000045776367,61.189998626708984,62.22999954223633,56.134857177734375,5885500
2022-05-09,AIG,AIG,61.61000061035156,62.33000183105469,59.2599983215332,59.61000061035156,53.77145767211914,6605600
2022-05-10,AIG,AIG,60.22999954223633,61.45000076293945,57.619998931884766,58.689998626708984,52.94157028198242,6476600
2022-05-11,AIG,AIG,58.72999954223633,60.77000045776367,58.5099983215332,58.61000061035156,52.86940383911133,4809500
2022-05-12,AIG,AIG,58.40999984741211,59.040000915527344,57.2400016784668,58.40999984741211,52.68899917602539,4914400
2022-05-13,AIG,AIG,59.02000045776367,59.54999923706055,58.209999084472656,58.560001373291016,52.82431411743164,6119400
2022-05-16,AIG,AIG,58.66999816894531,59.16999816894531,57.869998931884766,58.63999938964844,52.8964729309082,4838900
2022-05-17,AIG,AIG,59.900001525878906,60.5,59.5,60.279998779296875,54.37583923339844,3910900
2022-05-18,AIG,AIG,59.72999954223633,60.13999938964844,58.08000183105469,58.29999923706055,52.58977508544922,5678800
2022-05-19,AIG,AIG,57.5,58.849998474121094,57.45000076293945,57.900001525878906,52.22895431518555,4576300
2022-05-20,AIG,AIG,58.13999938964844,58.529998779296875,53.83000183105469,55.619998931884766,50.172264099121094,8977100
2022-05-23,AIG,AIG,56.560001373291016,57.54999923706055,56.08000183105469,56.93000030517578,51.35395812988281,7948900
2022-05-24,AIG,AIG,56.689998626708984,56.810001373291016,54.70000076293945,56.5099983215332,50.975093841552734,5889400
2022-05-25,AIG,AIG,56.31999969482422,57.630001068115234,56.16999816894531,56.66999816894531,51.11941909790039,5805900
2022-05-26,AIG,AIG,57.58000183105469,58.15999984741211,57.119998931884766,57.72999954223633,52.07560348510742,6122600
2022-05-27,AIG,AIG,57.849998474121094,59.0,57.630001068115234,59.0,53.2212028503418,3891100
2022-05-31,AIG,AIG,58.650001525878906,59.7599983215332,58.16999816894531,58.68000030517578,52.93254470825195,5639200
2022-06-01,AIG,AIG,58.939998626708984,59.18000030517578,57.09000015258789,57.84000015258789,52.17482376098633,6103000
2022-06-02,AIG,AIG,57.91999816894531,58.20000076293945,57.11000061035156,58.16999816894531,52.472503662109375,3987500
2022-06-03,AIG,AIG,57.7599983215332,58.2400016784668,57.09000015258789,57.290000915527344,51.6786994934082,4809200
2022-06-06,AIG,AIG,57.810001373291016,59.369998931884766,57.400001525878906,58.9900016784668,53.21219253540039,4094300
2022-06-07,AIG,AIG,58.56999969482422,59.709999084472656,58.060001373291016,59.40999984741211,53.591060638427734,4555900
2022-06-08,AIG,AIG,58.970001220703125,59.220001220703125,57.540000915527344,57.7400016784668,52.08462905883789,3908000
2022-06-09,AIG,AIG,57.7400016784668,57.7400016784668,55.869998931884766,55.880001068115234,50.406803131103516,6573800
2022-06-10,AIG,AIG,54.290000915527344,54.720001220703125,53.40999984741211,53.43000030517578,48.196773529052734,7237800
2022-06-13,AIG,AIG,52.459999084472656,53.040000915527344,51.209999084472656,51.630001068115234,46.573062896728516,6091700
2022-06-14,AIG,AIG,52.06999969482422,53.0,51.61000061035156,52.02000045776367,46.924869537353516,5894300
2022-06-15,AIG,AIG,52.52000045776367,52.90999984741211,51.040000915527344,52.04999923706055,47.242549896240234,6844700
2022-06-16,AIG,AIG,50.869998931884766,50.95000076293945,49.08000183105469,49.970001220703125,45.35466384887695,7600300
2022-06-17,AIG,AIG,50.099998474121094,51.70000076293945,49.9900016784668,51.459999084472656,46.70703887939453,17311400
2022-06-21,AIG,AIG,52.9900016784668,53.119998931884766,51.689998626708984,52.150001525878906,47.33331298828125,4745100
2022-06-22,AIG,AIG,51.09000015258789,52.33000183105469,51.02000045776367,51.380001068115234,46.634422302246094,5491100
2022-06-23,AIG,AIG,51.20000076293945,51.5,49.380001068115234,49.599998474121094,45.01882553100586,6695000
2022-06-24,AIG,AIG,50.130001068115234,52.91999816894531,50.02000045776367,52.77000045776367,47.89604187011719,7883300
2022-06-27,AIG,AIG,52.619998931884766,53.09000015258789,51.5,51.91999816894531,47.12455368041992,4527500
2022-06-28,AIG,AIG,52.689998626708984,53.40999984741211,51.77000045776367,51.810001373291016,47.02470779418945,3495500
2022-06-29,AIG,AIG,52.15999984741211,52.25,50.72999954223633,50.79999923706055,46.107994079589844,4804700
2022-06-30,AIG,AIG,50.02000045776367,51.5,49.459999084472656,51.130001068115234,46.40752029418945,4068700
2022-07-01,AIG,AIG,51.099998474121094,52.15999984741211,50.7400016784668,52.02000045776367,47.21531677246094,3363500
2022-07-05,AIG,AIG,50.709999084472656,51.130001068115234,49.650001525878906,51.130001068115234,46.40752029418945,4265900
2022-07-06,AIG,AIG,50.689998626708984,51.34000015258789,50.220001220703125,50.97999954223633,46.2713737487793,3714700
2022-07-07,AIG,AIG,51.790000915527344,52.369998931884766,51.68000030517578,51.790000915527344,47.00655746459961,4695300
2022-07-08,AIG,AIG,52.029998779296875,52.38999938964844,51.36000061035156,51.470001220703125,46.71611404418945,2751900
2022-07-11,AIG,AIG,51.0,51.869998931884766,50.95000076293945,51.45000076293945,46.697959899902344,3566500
2022-07-12,AIG,AIG,50.9900016784668,52.15999984741211,50.9900016784668,51.119998931884766,46.398441314697266,3686500
2022-07-13,AIG,AIG,50.45000076293945,51.040000915527344,49.97999954223633,50.65999984741211,45.98093032836914,4195400
2022-07-14,AIG,AIG,49.09000015258789,49.459999084472656,48.400001525878906,48.41999816894531,43.947811126708984,5263800
2022-07-15,AIG,AIG,49.33000183105469,50.529998779296875,48.75,50.08000183105469,45.454498291015625,4393000
2022-07-18,AIG,AIG,50.63999938964844,51.38999938964844,49.65999984741211,49.88999938964844,45.28204345703125,3431000
2022-07-19,AIG,AIG,50.7400016784668,52.099998474121094,50.709999084472656,51.7400016784668,46.961177825927734,3350000
2022-07-20,AIG,AIG,51.38999938964844,51.90999984741211,51.02000045776367,51.52000045776367,46.761497497558594,3556200
2022-07-21,AIG,AIG,51.279998779296875,51.650001525878906,50.720001220703125,51.630001068115234,46.86133575439453,2740500
2022-07-22,AIG,AIG,51.7400016784668,52.369998931884766,50.849998474121094,51.33000183105469,46.58905029296875,3051700
2022-07-25,AIG,AIG,51.77000045776367,52.43000030517578,51.380001068115234,52.04999923706055,47.242549896240234,3390300
2022-07-26,AIG,AIG,51.77000045776367,52.40999984741211,51.33000183105469,51.72999954223633,46.95209503173828,2729300
2022-07-27,AIG,AIG,52.11000061035156,52.79999923706055,51.619998931884766,52.52000045776367,47.66913604736328,2676400
2022-07-28,AIG,AIG,52.52000045776367,52.72999954223633,50.189998626708984,50.4900016784668,45.82662582397461,8878600
2022-07-29,AIG,AIG,50.650001525878906,51.95000076293945,50.650001525878906,51.77000045776367,46.98841094970703,6882500
2022-08-01,AIG,AIG,51.25,51.61000061035156,50.81999969482422,51.040000915527344,46.325836181640625,4589600
2022-08-02,AIG,AIG,50.959999084472656,51.66999816894531,50.63999938964844,50.709999084472656,46.02631378173828,4977000
2022-08-03,AIG,AIG,51.099998474121094,51.7400016784668,50.72999954223633,51.58000183105469,46.815956115722656,3495300
2022-08-04,AIG,AIG,51.45000076293945,51.86000061035156,51.060001373291016,51.119998931884766,46.398441314697266,3422500
2022-08-05,AIG,AIG,51.06999969482422,51.970001220703125,50.91999816894531,51.83000183105469,47.04286193847656,3359200
2022-08-08,AIG,AIG,52.400001525878906,52.88999938964844,52.099998474121094,52.27000045776367,47.442230224609375,4623400
2022-08-09,AIG,AIG,52.810001373291016,53.77000045776367,52.45000076293945,53.54999923706055,48.604000091552734,4988400
2022-08-10,AIG,AIG,54.29999923706055,55.04999923706055,54.29999923706055,54.91999816894531,49.84746170043945,4742200
2022-08-11,AIG,AIG,55.619998931884766,56.470001220703125,55.619998931884766,56.33000183105469,51.12724304199219,3986300
2022-08-12,AIG,AIG,56.29999923706055,57.439998626708984,56.29999923706055,57.40999984741211,52.10748291015625,4318100
2022-08-15,AIG,AIG,56.47999954223633,57.15999984741211,56.2599983215332,56.7599983215332,51.517513275146484,3152600
2022-08-16,AIG,AIG,56.59000015258789,57.459999084472656,56.4900016784668,57.290000915527344,51.998558044433594,3992000
2022-08-17,AIG,AIG,56.5,57.04999923706055,56.18000030517578,56.689998626708984,51.45398712158203,3090100
2022-08-18,AIG,AIG,56.849998474121094,57.5099983215332,56.75,57.33000183105469,52.034873962402344,2064700
2022-08-19,AIG,AIG,56.970001220703125,57.099998474121094,55.939998626708984,56.099998474121094,50.91847229003906,3783000
2022-08-22,AIG,AIG,55.27000045776367,55.310001373291016,54.0099983215332,54.040000915527344,49.04874801635742,3735000
2022-08-23,AIG,AIG,54.09000015258789,54.63999938964844,54.04999923706055,54.27000045776367,49.25749588012695,3682100
2022-08-24,AIG,AIG,54.0099983215332,54.5,53.720001220703125,54.31999969482422,49.302879333496094,2055900
2022-08-25,AIG,AIG,54.5,55.290000915527344,54.209999084472656,55.2599983215332,50.156063079833984,2507700
2022-08-26,AIG,AIG,55.5,55.619998931884766,52.95000076293945,53.0,48.10479736328125,5647800
2022-08-29,AIG,AIG,52.61000061035156,53.310001373291016,52.15999984741211,52.79999923706055,47.92326736450195,3082500
2022-08-30,AIG,AIG,52.9900016784668,53.02000045776367,52.040000915527344,52.38999938964844,47.55113220214844,2787000
2022-08-31,AIG,AIG,52.63999938964844,52.86000061035156,51.70000076293945,51.75,46.97026062011719,5946400
2022-09-01,AIG,AIG,51.54999923706055,52.400001525878906,51.11000061035156,52.34000015258789,47.50576400756836,3998600
2022-09-02,AIG,AIG,53.08000183105469,53.7400016784668,52.029998779296875,52.40999984741211,47.569297790527344,3702000
2022-09-06,AIG,AIG,52.810001373291016,53.369998931884766,51.63999938964844,52.36000061035156,47.5239143371582,4142700
2022-09-07,AIG,AIG,51.869998931884766,53.90999984741211,51.869998931884766,53.70000076293945,48.74014663696289,4000400
2022-09-08,AIG,AIG,53.560001373291016,54.560001373291016,53.20000076293945,54.33000183105469,49.31196594238281,3655900
2022-09-09,AIG,AIG,54.75,55.310001373291016,54.75,55.040000915527344,49.95637512207031,4631300
2022-09-12,AIG,AIG,55.900001525878906,56.63999938964844,55.5,56.529998779296875,51.30876541137695,3484600
2022-09-13,AIG,AIG,55.220001220703125,55.939998626708984,54.150001525878906,54.34000015258789,49.32102584838867,5155200
2022-09-14,AIG,AIG,54.439998626708984,55.040000915527344,53.560001373291016,54.20000076293945,49.193965911865234,4425400
2022-09-15,AIG,AIG,53.95000076293945,54.91999816894531,53.45000076293945,54.18000030517578,49.467872619628906,5775000
2022-09-16,AIG,AIG,53.9900016784668,53.9900016784668,52.720001220703125,53.650001525878906,48.98397445678711,11543400
2022-09-19,AIG,AIG,52.900001525878906,54.689998626708984,52.779998779296875,54.59000015258789,49.84222412109375,3212800
2022-09-20,AIG,AIG,54.0,54.34000015258789,52.459999084472656,53.40999984741211,48.76484298706055,6373400
2022-09-21,AIG,AIG,53.779998779296875,54.25,52.279998779296875,52.290000915527344,47.742252349853516,4928100
2022-09-22,AIG,AIG,52.59000015258789,52.650001525878906,51.099998474121094,51.209999084472656,46.75617599487305,4988700
2022-09-23,AIG,AIG,50.58000183105469,50.959999084472656,49.099998474121094,49.77000045776367,45.44142532348633,5500600
2022-09-26,AIG,AIG,49.2400016784668,50.02000045776367,48.09000015258789,48.40999984741211,44.199703216552734,5906300
2022-09-27,AIG,AIG,48.84000015258789,49.09000015258789,48.099998474121094,48.560001373291016,44.33666229248047,5674000
2022-09-28,AIG,AIG,48.40999984741211,49.25,48.29999923706055,48.77000045776367,44.528385162353516,9837700
2022-09-29,AIG,AIG,48.119998931884766,48.43000030517578,47.04999923706055,47.65999984741211,43.51493453979492,7362200
2022-09-30,AIG,AIG,47.56999969482422,48.650001525878906,47.310001373291016,47.47999954223633,43.350589752197266,5209200
2022-10-03,AIG,AIG,48.209999084472656,49.38999938964844,47.29999923706055,49.18000030517578,44.902740478515625,4998000
2022-10-04,AIG,AIG,50.0099983215332,51.7400016784668,49.9900016784668,51.709999084472656,47.21269226074219,4124500
2022-10-05,AIG,AIG,50.79999923706055,51.650001525878906,50.75,51.29999923706055,46.83835220336914,4040800
2022-10-06,AIG,AIG,50.86000061035156,51.29999923706055,50.59000015258789,50.7599983215332,46.34531021118164,3121600
2022-10-07,AIG,AIG,50.2400016784668,50.58000183105469,49.41999816894531,49.709999084472656,45.386634826660156,4097100
2022-10-10,AIG,AIG,49.810001373291016,50.06999969482422,48.220001220703125,48.439998626708984,44.22709655761719,7099000
2022-10-11,AIG,AIG,48.2400016784668,49.209999084472656,47.880001068115234,48.04999923706055,43.871009826660156,4796900
2022-10-12,AIG,AIG,49.0,49.7599983215332,48.54999923706055,48.959999084472656,44.701866149902344,3866100
2022-10-13,AIG,AIG,48.29999923706055,51.5099983215332,48.029998779296875,50.939998626708984,46.50965881347656,5168600
2022-10-14,AIG,AIG,51.15999984741211,52.06999969482422,50.43000030517578,50.709999084472656,46.2996711730957,5963500
2022-10-17,AIG,AIG,51.93000030517578,52.470001220703125,51.599998474121094,51.72999954223633,47.2309455871582,4148100
2022-10-18,AIG,AIG,52.9900016784668,53.31999969482422,52.0099983215332,52.599998474121094,48.025291442871094,5350800
2022-10-19,AIG,AIG,52.34000015258789,53.43000030517578,52.31999969482422,52.75,48.16223907470703,3600700
2022-10-20,AIG,AIG,52.150001525878906,52.970001220703125,51.54999923706055,51.849998474121094,47.340518951416016,4473700
2022-10-21,AIG,AIG,51.77000045776367,53.29999923706055,51.65999984741211,53.25,48.618751525878906,4078600
2022-10-24,AIG,AIG,53.560001373291016,54.560001373291016,53.5099983215332,54.349998474121094,49.62308883666992,3322800
2022-10-25,AIG,AIG,53.720001220703125,54.619998931884766,53.470001220703125,54.290000915527344,49.56830978393555,3899000
2022-10-26,AIG,AIG,54.689998626708984,54.97999954223633,54.08000183105469,54.220001220703125,49.504398345947266,3377000
2022-10-27,AIG,AIG,54.7599983215332,55.779998779296875,54.54999923706055,54.619998931884766,49.869606018066406,3573300
2022-10-28,AIG,AIG,54.91999816894531,56.900001525878906,54.689998626708984,56.79999923706055,51.86001205444336,4758700
2022-10-31,AIG,AIG,56.65999984741211,57.349998474121094,56.47999954223633,57.0,52.04261779785156,5647900
2022-11-01,AIG,AIG,57.400001525878906,58.13999938964844,57.029998779296875,57.06999969482422,52.106529235839844,6844400
2022-11-02,AIG,AIG,57.279998779296875,58.650001525878906,56.81999969482422,57.279998779296875,52.298255920410156,6611300
2022-11-03,AIG,AIG,56.27000045776367,58.150001525878906,56.11000061035156,57.61000061035156,52.59956741333008,5603300
2022-11-04,AIG,AIG,58.38999938964844,58.58000183105469,57.04999923706055,57.91999816894531,52.88259506225586,3443500
2022-11-07,AIG,AIG,58.439998626708984,59.310001373291016,58.0099983215332,59.16999816894531,54.02388381958008,3640800
2022-11-08,AIG,AIG,59.0,59.86000061035156,58.380001068115234,59.130001068115234,53.98736572265625,4511100
2022-11-09,AIG,AIG,58.7400016784668,59.41999816894531,58.38999938964844,58.459999084472656,53.375640869140625,3849400
2022-11-10,AIG,AIG,60.150001525878906,60.91999816894531,59.61000061035156,60.59000015258789,55.32038116455078,4974300
2022-11-11,AIG,AIG,60.90999984741211,61.15999984741211,60.029998779296875,60.38999938964844,55.137779235839844,6332200
2022-11-14,AIG,AIG,60.36000061035156,61.11000061035156,60.16999816894531,60.2400016784668,55.000823974609375,4687800
2022-11-15,AIG,AIG,61.099998474121094,61.83000183105469,60.25,60.540000915527344,55.27473449707031,6113300
2022-11-16,AIG,AIG,60.45000076293945,60.84000015258789,59.83000183105469,59.869998931884766,54.66300582885742,4581200
2022-11-17,AIG,AIG,58.9900016784668,59.65999984741211,58.77000045776367,59.439998626708984,54.27040100097656,5903100
2022-11-18,AIG,AIG,60.290000915527344,60.619998931884766,59.4900016784668,59.81999969482422,54.617347717285156,3381600
2022-11-21,AIG,AIG,59.7400016784668,60.36000061035156,59.2599983215332,60.11000061035156,54.882137298583984,3351800
2022-11-22,AIG,AIG,60.439998626708984,60.939998626708984,60.369998931884766,60.880001068115234,55.58516311645508,3149200
2022-11-23,AIG,AIG,60.59000015258789,61.34000015258789,60.59000015258789,60.959999084472656,55.658206939697266,2362400
2022-11-25,AIG,AIG,61.36000061035156,61.43000030517578,60.970001220703125,61.08000183105469,55.76778030395508,2160500
2022-11-28,AIG,AIG,60.540000915527344,61.25,60.540000915527344,60.7400016784668,55.45734405517578,3787500
2022-11-29,AIG,AIG,60.939998626708984,61.7400016784668,60.63999938964844,61.439998626708984,56.09645080566406,3526800
2022-11-30,AIG,AIG,61.02000045776367,63.220001220703125,60.709999084472656,63.11000061035156,57.621212005615234,10713100
2022-12-01,AIG,AIG,63.38999938964844,63.43000030517578,62.54999923706055,63.099998474121094,57.61207962036133,6331900
2022-12-02,AIG,AIG,62.54999923706055,63.060001373291016,62.369998931884766,62.75,57.29253005981445,4422000
2022-12-05,AIG,AIG,62.33000183105469,62.63999938964844,61.119998931884766,61.529998779296875,56.17862319946289,5058400
2022-12-06,AIG,AIG,61.61000061035156,61.75,61.04999923706055,61.689998626708984,56.32471466064453,3616100
2022-12-07,AIG,AIG,61.4900016784668,62.7400016784668,61.13999938964844,62.029998779296875,56.63514709472656,5662900
2022-12-08,AIG,AIG,62.45000076293945,62.5,61.75,62.2599983215332,56.84514236450195,5963800
2022-12-09,AIG,AIG,62.040000915527344,62.939998626708984,61.56999969482422,62.5099983215332,57.07339859008789,5261200
2022-12-12,AIG,AIG,62.65999984741211,63.599998474121094,62.29999923706055,63.5099983215332,57.98643112182617,4785900
2022-12-13,AIG,AIG,64.62000274658203,64.80000305175781,63.279998779296875,63.560001373291016,58.032081604003906,5533900
2022-12-14,AIG,AIG,63.41999816894531,64.08999633789062,62.36000061035156,62.65999984741211,57.49984359741211,6048200
2022-12-15,AIG,AIG,61.779998779296875,62.38999938964844,61.459999084472656,62.209999084472656,57.0869026184082,8012000
2022-12-16,AIG,AIG,61.689998626708984,62.7599983215332,61.38999938964844,62.56999969482422,57.417259216308594,13078300
2022-12-19,AIG,AIG,62.58000183105469,63.099998474121094,61.290000915527344,61.470001220703125,56.40784454345703,6757300
2022-12-20,AIG,AIG,61.86000061035156,63.2400016784668,61.290000915527344,62.79999923706055,57.628318786621094,4214000
2022-12-21,AIG,AIG,63.47999954223633,63.88999938964844,63.2400016784668,63.33000183105469,58.11467742919922,3367500
2022-12-22,AIG,AIG,63.150001525878906,63.27000045776367,61.529998779296875,62.400001525878906,57.26126480102539,3715800
2022-12-23,AIG,AIG,62.380001068115234,63.20000076293945,62.11000061035156,63.15999984741211,57.95867156982422,2344200
2022-12-27,AIG,AIG,63.38999938964844,63.45000076293945,62.97999954223633,63.33000183105469,58.11467742919922,2329800
2022-12-28,AIG,AIG,63.47999954223633,63.63999938964844,62.86000061035156,62.88999938964844,57.71090316772461,2763800
2022-12-29,AIG,AIG,63.20000076293945,63.7599983215332,62.90999984741211,63.630001068115234,58.38996887207031,1793400
2022-12-30,AIG,AIG,63.2599983215332,63.459999084472656,62.939998626708984,63.2400016784668,58.032081604003906,2351600
2023-01-03,AIG,AIG,63.45000076293945,63.869998931884766,62.619998931884766,62.93000030517578,57.747615814208984,3363500
2023-01-04,AIG,AIG,63.5,64.55999755859375,63.18000030517578,63.86000061035156,58.60102462768555,3763600
2023-01-05,AIG,AIG,63.91999816894531,64.08000183105469,63.0,63.5099983215332,58.279850006103516,3902300
2023-01-06,AIG,AIG,64.08999633789062,64.5999984741211,63.7599983215332,64.55000305175781,59.23421096801758,2893400
2023-01-09,AIG,AIG,64.76000213623047,64.87999725341797,63.77000045776367,63.869998931884766,58.610206604003906,3014000
2023-01-10,AIG,AIG,63.77000045776367,63.970001220703125,63.20000076293945,63.45000076293945,58.22478485107422,6056000
2023-01-11,AIG,AIG,63.41999816894531,63.790000915527344,63.25,63.459999084472656,58.23396301269531,5409500
2023-01-12,AIG,AIG,63.79999923706055,64.22000122070312,63.5,63.68000030517578,58.43584060668945,5012000
2023-01-13,AIG,AIG,63.15999984741211,64.4800033569336,62.91999816894531,64.41000366210938,59.105735778808594,2369500
2023-01-17,AIG,AIG,64.05999755859375,64.37999725341797,63.61000061035156,63.779998779296875,58.52760696411133,3765300
2023-01-18,AIG,AIG,63.70000076293945,64.02999877929688,62.130001068115234,62.209999084472656,57.0869026184082,3565300
2023-01-19,AIG,AIG,61.900001525878906,62.2400016784668,61.400001525878906,61.720001220703125,56.637264251708984,4435300
2023-01-20,AIG,AIG,61.75,62.47999954223633,60.7599983215332,62.470001220703125,57.32549285888672,3343100
2023-01-23,AIG,AIG,62.43000030517578,63.13999938964844,62.279998779296875,63.099998474121094,57.903602600097656,2354500
2023-01-24,AIG,AIG,63.400001525878906,63.40999984741211,62.04999923706055,63.15999984741211,57.95867156982422,4874900
2023-01-25,AIG,AIG,62.599998474121094,63.68000030517578,62.439998626708984,63.5,58.270668029785156,5565000
2023-01-26,AIG,AIG,63.900001525878906,64.05000305175781,63.36000061035156,63.97999954223633,58.71113967895508,3335200
2023-01-27,AIG,AIG,63.47999954223633,63.900001525878906,63.189998626708984,63.33000183105469,58.11467742919922,2294200
2023-01-30,AIG,AIG,63.06999969482422,63.47999954223633,63.0,63.16999816894531,57.96784591674805,2080700
2023-01-31,AIG,AIG,62.47999954223633,63.27000045776367,61.7599983215332,63.220001220703125,58.013729095458984,4342000
2023-02-01,AIG,AIG,62.54999923706055,62.7599983215332,60.83000183105469,61.22999954223633,56.1876106262207,6371800
2023-02-02,AIG,AIG,61.0099983215332,61.099998474121094,58.45000076293945,59.029998779296875,54.16878128051758,10982200
2023-02-03,AIG,AIG,58.9900016784668,59.279998779296875,58.16999816894531,58.75,53.911842346191406,6736100
2023-02-06,AIG,AIG,58.459999084472656,60.0,58.29999923706055,59.959999084472656,55.0222053527832,3895400
2023-02-07,AIG,AIG,59.560001373291016,60.869998931884766,59.5,60.61000061035156,55.61865997314453,3394200
2023-02-08,AIG,AIG,60.22999954223633,61.4900016784668,59.97999954223633,60.970001220703125,55.94902038574219,6025800
2023-02-09,AIG,AIG,61.439998626708984,61.70000076293945,60.66999816894531,60.869998931884766,55.85725402832031,3747700
2023-02-10,AIG,AIG,60.79999923706055,61.38999938964844,60.75,61.31999969482422,56.27019500732422,3096900
2023-02-13,AIG,AIG,61.349998474121094,62.06999969482422,61.220001220703125,61.959999084472656,56.85749053955078,3838500
2023-02-14,AIG,AIG,61.66999816894531,61.97999954223633,61.04999923706055,61.52000045776367,56.45372772216797,3756200
2023-02-15,AIG,AIG,61.25,61.90999984741211,60.93000030517578,61.83000183105469,56.73820114135742,4141500
2023-02-16,AIG,AIG,61.61000061035156,63.06999969482422,61.22999954223633,62.15999984741211,57.0410270690918,5064500
2023-02-17,AIG,AIG,61.869998931884766,62.150001525878906,60.4900016784668,60.81999969482422,55.811378479003906,5737000
2023-02-21,AIG,AIG,60.630001068115234,60.900001525878906,59.29999923706055,59.720001220703125,54.80195617675781,4858600
2023-02-22,AIG,AIG,59.310001373291016,60.86000061035156,59.15999984741211,60.65999984741211,55.66455078125,5810400
2023-02-23,AIG,AIG,61.0,61.369998931884766,59.81999969482422,60.310001373291016,55.3433723449707,4010400
2023-02-24,AIG,AIG,59.849998474121094,60.349998474121094,59.470001220703125,60.16999816894531,55.21489715576172,4102100
2023-02-27,AIG,AIG,60.58000183105469,61.060001373291016,60.310001373291016,60.650001525878906,55.65536880493164,3591500
2023-02-28,AIG,AIG,60.79999923706055,61.38999938964844,60.61000061035156,61.11000061035156,56.07748794555664,6205100
2023-03-01,AIG,AIG,61.15999984741211,61.7400016784668,60.83000183105469,60.959999084472656,55.939842224121094,4360100
2023-03-02,AIG,AIG,60.529998779296875,60.790000915527344,59.75,60.029998779296875,55.086429595947266,4008200
2023-03-03,AIG,AIG,60.400001525878906,60.400001525878906,59.720001220703125,60.20000076293945,55.24242401123047,3783500
2023-03-06,AIG,AIG,60.060001373291016,60.54999923706055,59.90999984741211,60.34000015258789,55.37089920043945,4597200
2023-03-07,AIG,AIG,60.349998474121094,60.40999984741211,58.11000061035156,58.4900016784668,53.67325210571289,3540600
2023-03-08,AIG,AIG,58.65999984741211,58.77000045776367,56.810001373291016,57.349998474121094,52.62713623046875,5651400
2023-03-09,AIG,AIG,57.400001525878906,57.5,55.41999816894531,55.79999923706055,51.20478057861328,7252100
2023-03-10,AIG,AIG,54.88999938964844,55.0,52.83000183105469,53.150001525878906,48.773014068603516,11354000
2023-03-13,AIG,AIG,51.029998779296875,51.220001220703125,49.11000061035156,50.06999969482422,45.946651458740234,13489800
2023-03-14,AIG,AIG,52.29999923706055,52.45000076293945,50.720001220703125,51.119998931884766,46.91018295288086,8186600
2023-03-15,AIG,AIG,48.83000183105469,49.47999954223633,46.939998626708984,47.959999084472656,44.010414123535156,10302500
2023-03-16,AIG,AIG,46.93000030517578,50.349998474121094,46.77000045776367,50.189998626708984,46.36614227294922,13158000
2023-03-17,AIG,AIG,49.4900016784668,49.54999923706055,47.130001068115234,47.2400016784668,43.64088821411133,11535600
2023-03-20,AIG,AIG,47.869998931884766,49.439998626708984,47.810001373291016,48.849998474121094,45.12821960449219,7182100
2023-03-21,AIG,AIG,50.349998474121094,51.380001068115234,50.34000015258789,51.25,47.345375061035156,9632500
2023-03-22,AIG,AIG,51.029998779296875,51.25,48.709999084472656,48.75,45.03584671020508,5609100
2023-03-23,AIG,AIG,48.72999954223633,48.939998626708984,46.61000061035156,47.15999984741211,43.566986083984375,6555000
2023-03-24,AIG,AIG,46.04999923706055,47.36000061035156,45.65999984741211,47.34000015258789,43.7332763671875,6564500
2023-03-27,AIG,AIG,48.34000015258789,48.5099983215332,47.31999969482422,47.459999084472656,43.84412384033203,8219100
2023-03-28,AIG,AIG,47.22999954223633,47.810001373291016,47.060001373291016,47.5,43.881072998046875,5140700
2023-03-29,AIG,AIG,48.4900016784668,48.72999954223633,47.9900016784668,48.70000076293945,44.989662170410156,5201600
2023-03-30,AIG,AIG,49.09000015258789,49.91999816894531,49.09000015258789,49.81999969482422,46.024322509765625,5933600
2023-03-31,AIG,AIG,50.220001220703125,50.4900016784668,49.959999084472656,50.36000061035156,46.52318572998047,5071600
2023-04-03,AIG,AIG,50.459999084472656,50.84000015258789,50.060001373291016,50.41999816894531,46.578609466552734,4324800
2023-04-04,AIG,AIG,51.029998779296875,51.09000015258789,48.90999984741211,49.869998931884766,46.07051467895508,3905400
2023-04-05,AIG,AIG,49.279998779296875,50.29999923706055,49.209999084472656,50.2400016784668,46.41232681274414,3467900
2023-04-06,AIG,AIG,50.470001220703125,51.27000045776367,50.470001220703125,51.08000183105469,47.18832778930664,3439200
2023-04-10,AIG,AIG,50.5,51.22999954223633,50.400001525878906,51.11000061035156,47.216041564941406,2933400
2023-04-11,AIG,AIG,51.29999923706055,51.65999984741211,50.97999954223633,51.20000076293945,47.29918670654297,4814100
2023-04-12,AIG,AIG,51.54999923706055,51.970001220703125,50.90999984741211,51.31999969482422,47.410037994384766,4391300
2023-04-13,AIG,AIG,50.970001220703125,51.810001373291016,50.540000915527344,51.619998931884766,47.68718719482422,5068700
2023-04-14,AIG,AIG,52.02000045776367,52.400001525878906,50.939998626708984,51.439998626708984,47.520896911621094,3463000
2023-04-17,AIG,AIG,51.15999984741211,51.9900016784668,50.689998626708984,51.91999816894531,47.96432113647461,4968000
2023-04-18,AIG,AIG,52.16999816894531,52.5,51.849998474121094,52.459999084472656,48.46318817138672,3168000
2023-04-19,AIG,AIG,52.45000076293945,53.349998474121094,52.119998931884766,53.16999816894531,49.11909103393555,3778900
2023-04-20,AIG,AIG,52.900001525878906,53.13999938964844,52.08000183105469,52.34000015258789,48.352333068847656,4668900
2023-04-21,AIG,AIG,52.0099983215332,52.189998626708984,50.91999816894531,51.54999923706055,47.622520446777344,3912800
2023-04-24,AIG,AIG,51.369998931884766,52.13999938964844,51.369998931884766,51.81999969482422,47.871952056884766,2975400
2023-04-25,AIG,AIG,51.119998931884766,51.529998779296875,50.72999954223633,50.95000076293945,47.068233489990234,2561800
2023-04-26,AIG,AIG,51.04999923706055,51.619998931884766,50.439998626708984,50.810001373291016,46.93889617919922,3127200
2023-04-27,AIG,AIG,51.099998474121094,52.310001373291016,51.0099983215332,52.13999938964844,48.16756820678711,2963800
2023-04-28,AIG,AIG,51.77000045776367,53.22999954223633,51.650001525878906,53.040000915527344,48.99899673461914,3508200
2023-05-01,AIG,AIG,52.59000015258789,53.720001220703125,52.5099983215332,53.09000015258789,49.045188903808594,2789600
2023-05-02,AIG,AIG,52.83000183105469,52.84000015258789,50.95000076293945,51.93000030517578,47.973575592041016,4165200
2023-05-03,AIG,AIG,52.189998626708984,52.63999938964844,51.209999084472656,51.349998474121094,47.4377555847168,3594400
2023-05-04,AIG,AIG,50.70000076293945,50.9900016784668,48.95000076293945,49.880001068115234,46.07975387573242,5424500
2023-05-05,AIG,AIG,54.16999816894531,54.599998474121094,52.41999816894531,53.790000915527344,49.691864013671875,7504700
2023-05-08,AIG,AIG,54.380001068115234,54.4900016784668,53.5099983215332,53.75,49.6549072265625,3567400
2023-05-09,AIG,AIG,53.209999084472656,53.630001068115234,53.02000045776367,53.099998474121094,49.05442810058594,4876100
2023-05-10,AIG,AIG,53.459999084472656,53.61000061035156,52.439998626708984,52.61000061035156,48.601768493652344,4853000
2023-05-11,AIG,AIG,52.040000915527344,53.0,51.93000030517578,52.810001373291016,48.786521911621094,4446200
2023-05-12,AIG,AIG,53.150001525878906,53.34000015258789,51.86000061035156,52.4900016784668,48.490901947021484,3076500
2023-05-15,AIG,AIG,52.88999938964844,52.93000030517578,52.06999969482422,52.540000915527344,48.53709411621094,2942900
2023-05-16,AIG,AIG,52.54999923706055,53.220001220703125,52.130001068115234,52.310001373291016,48.32461929321289,4336700
2023-05-17,AIG,AIG,52.86000061035156,54.09000015258789,52.86000061035156,53.7400016784668,49.64567184448242,4081400
2023-05-18,AIG,AIG,53.72999954223633,54.43000030517578,53.15999984741211,54.310001373291016,50.1722412109375,2533200
2023-05-19,AIG,AIG,54.7400016784668,54.849998474121094,53.56999969482422,53.849998474121094,49.747283935546875,2732400
2023-05-22,AIG,AIG,53.84000015258789,54.0099983215332,53.25,53.959999084472656,49.848899841308594,2632400
2023-05-23,AIG,AIG,55.400001525878906,56.900001525878906,55.25,55.77000045776367,51.52100372314453,6493800
2023-05-24,AIG,AIG,55.099998474121094,55.41999816894531,54.40999984741211,54.56999969482422,50.41243362426758,3211800
2023-05-25,AIG,AIG,54.439998626708984,54.66999816894531,53.540000915527344,53.68000030517578,49.590240478515625,3798500
2023-05-26,AIG,AIG,53.72999954223633,54.369998931884766,53.400001525878906,54.06999969482422,49.950531005859375,3115900
2023-05-30,AIG,AIG,54.13999938964844,54.77000045776367,53.68000030517578,54.720001220703125,50.55100631713867,2803900
2023-05-31,AIG,AIG,54.099998474121094,54.470001220703125,52.779998779296875,52.83000183105469,48.80500030517578,9756800
2023-06-01,AIG,AIG,53.27000045776367,53.88999938964844,53.06999969482422,53.7400016784668,49.64567184448242,3836400
2023-06-02,AIG,AIG,54.439998626708984,55.689998626708984,54.310001373291016,55.20000076293945,50.99443054199219,3782200
2023-06-05,AIG,AIG,55.08000183105469,55.08000183105469,54.15999984741211,54.22999954223633,50.09833526611328,3421300
2023-06-06,AIG,AIG,54.58000183105469,56.119998931884766,54.540000915527344,55.93000030517578,51.66881561279297,4290200
2023-06-07,AIG,AIG,56.189998626708984,57.0099983215332,55.52000045776367,56.72999954223633,52.40786361694336,3684200
2023-06-08,AIG,AIG,56.560001373291016,57.060001373291016,56.119998931884766,56.630001068115234,52.315494537353516,5151200
2023-06-09,AIG,AIG,56.349998474121094,57.0,56.189998626708984,56.880001068115234,52.54644775390625,3593500
2023-06-12,AIG,AIG,56.58000183105469,56.86000061035156,55.529998779296875,56.220001220703125,51.93672561645508,2926800
2023-06-13,AIG,AIG,56.349998474121094,57.41999816894531,56.20000076293945,56.630001068115234,52.315494537353516,3495400
2023-06-14,AIG,AIG,56.66999816894531,57.41999816894531,55.56999969482422,55.84000015258789,51.585670471191406,4211500
2023-06-15,AIG,AIG,54.959999084472656,57.06999969482422,54.91999816894531,56.619998931884766,52.64565658569336,4709000
2023-06-16,AIG,AIG,56.86000061035156,57.5099983215332,56.43000030517578,57.29999923706055,53.277923583984375,10319300
2023-06-20,AIG,AIG,56.70000076293945,57.15999984741211,55.939998626708984,56.08000183105469,52.14356231689453,4083000
2023-06-21,AIG,AIG,56.13999938964844,56.61000061035156,55.54999923706055,56.459999084472656,52.496883392333984,3984900
2023-06-22,AIG,AIG,56.709999084472656,56.7599983215332,55.29999923706055,55.970001220703125,52.04128646850586,3987100
2023-06-23,AIG,AIG,55.0099983215332,55.4900016784668,54.84000015258789,55.220001220703125,51.343929290771484,5255500
2023-06-26,AIG,AIG,55.380001068115234,56.11000061035156,55.099998474121094,55.66999816894531,51.7623291015625,3348900
2023-06-27,AIG,AIG,55.540000915527344,56.779998779296875,55.400001525878906,56.45000076293945,52.48758316040039,3349800
2023-06-28,AIG,AIG,56.2400016784668,56.52000045776367,55.68000030517578,56.459999084472656,52.496883392333984,3858300
2023-06-29,AIG,AIG,56.59000015258789,57.400001525878906,56.54999923706055,57.20000076293945,53.1849479675293,3862500
2023-06-30,AIG,AIG,57.90999984741211,57.95000076293945,57.349998474121094,57.540000915527344,53.501075744628906,3228900
2023-07-03,AIG,AIG,57.54999923706055,58.439998626708984,57.54999923706055,57.939998626708984,53.87300109863281,2257900
2023-07-05,AIG,AIG,57.34000015258789,57.77000045776367,56.880001068115234,57.709999084472656,53.65914535522461,2751800
2023-07-06,AIG,AIG,57.15999984741211,57.66999816894531,56.970001220703125,57.599998474121094,53.55686569213867,4172000
2023-07-07,AIG,AIG,57.279998779296875,58.72999954223633,57.279998779296875,58.20000076293945,54.114749908447266,3089500
2023-07-10,AIG,AIG,58.060001373291016,58.619998931884766,57.880001068115234,58.08000183105469,54.003173828125,2758300
2023-07-11,AIG,AIG,58.060001373291016,58.970001220703125,58.060001373291016,58.75,54.62614059448242,2681200
2023-07-12,AIG,AIG,59.459999084472656,59.7400016784668,58.58000183105469,58.650001525878906,54.53316116333008,2709800
2023-07-13,AIG,AIG,58.13999938964844,58.959999084472656,58.13999938964844,58.88999938964844,54.756309509277344,2544700
2023-07-14,AIG,AIG,59.279998779296875,59.34000015258789,57.36000061035156,57.650001525878906,53.60335922241211,3168000
2023-07-17,AIG,AIG,57.939998626708984,59.36000061035156,57.939998626708984,59.099998474121094,54.951568603515625,3859800
2023-07-18,AIG,AIG,58.970001220703125,59.65999984741211,58.95000076293945,59.369998931884766,55.20262145996094,4119400
2023-07-19,AIG,AIG,59.11000061035156,59.63999938964844,58.880001068115234,59.119998931884766,54.97016906738281,4605500
2023-07-20,AIG,AIG,59.5099983215332,60.2599983215332,59.5099983215332,60.2400016784668,56.01155471801758,3340000
2023-07-21,AIG,AIG,60.45000076293945,60.5,59.63999938964844,59.95000076293945,55.741912841796875,2455700
2023-07-24,AIG,AIG,59.560001373291016,60.68000030517578,59.5099983215332,60.2599983215332,56.030147552490234,2771700
2023-07-25,AIG,AIG,60.2599983215332,60.380001068115234,59.709999084472656,59.88999938964844,55.686119079589844,2816400
2023-07-26,AIG,AIG,60.22999954223633,61.13999938964844,59.90999984741211,60.84000015258789,56.569435119628906,3262800
2023-07-27,AIG,AIG,61.08000183105469,61.70000076293945,60.630001068115234,60.63999938964844,56.38348388671875,3178600
2023-07-28,AIG,AIG,61.20000076293945,61.31999969482422,59.58000183105469,60.15999984741211,55.93716812133789,3904800
2023-07-31,AIG,AIG,60.38999938964844,60.790000915527344,59.93000030517578,60.279998779296875,56.04874801635742,3675800
2023-08-01,AIG,AIG,60.38999938964844,60.459999084472656,59.959999084472656,60.380001068115234,56.14173126220703,3819100
2023-08-02,AIG,AIG,60.38999938964844,62.20000076293945,60.25,61.27000045776367,56.969261169433594,5055700
2023-08-03,AIG,AIG,61.29999923706055,61.45000076293945,60.959999084472656,61.13999938964844,56.84837341308594,3865000
2023-08-04,AIG,AIG,61.099998474121094,61.83000183105469,60.63999938964844,60.689998626708984,56.42996597290039,3240700
2023-08-07,AIG,AIG,61.13999938964844,62.31999969482422,61.13999938964844,61.90999984741211,57.564334869384766,2560700
2023-08-08,AIG,AIG,60.970001220703125,61.66999816894531,60.5,61.5,57.18311309814453,2277900
2023-08-09,AIG,AIG,61.380001068115234,61.56999969482422,60.310001373291016,60.34000015258789,56.10454177856445,2133400
2023-08-10,AIG,AIG,60.70000076293945,61.400001525878906,60.2599983215332,60.41999816894531,56.178916931152344,1895700
2023-08-11,AIG,AIG,60.0099983215332,60.83000183105469,59.810001373291016,60.529998779296875,56.28119659423828,1732200
2023-08-14,AIG,AIG,60.33000183105469,60.369998931884766,59.56999969482422,59.81999969482422,55.621036529541016,2207800
2023-08-15,AIG,AIG,59.150001525878906,59.189998626708984,58.5099983215332,58.779998779296875,54.65403747558594,2911100
2023-08-16,AIG,AIG,58.779998779296875,59.439998626708984,58.45000076293945,58.61000061035156,54.4959716796875,2305800
2023-08-17,AIG,AIG,58.869998931884766,59.04999923706055,57.79999923706055,58.060001373291016,53.98457717895508,2879300
2023-08-18,AIG,AIG,57.68000030517578,58.380001068115234,57.66999816894531,57.95000076293945,53.882301330566406,2584700
2023-08-21,AIG,AIG,58.06999969482422,58.22999954223633,57.380001068115234,57.790000915527344,53.7335319519043,1900400
2023-08-22,AIG,AIG,57.65999984741211,57.939998626708984,57.02000045776367,57.34000015258789,53.31511688232422,3135300
2023-08-23,AIG,AIG,57.470001220703125,57.68000030517578,57.13999938964844,57.619998931884766,53.57545471191406,2360600
2023-08-24,AIG,AIG,57.400001525878906,58.56999969482422,57.38999938964844,58.09000015258789,54.012474060058594,3379300
2023-08-25,AIG,AIG,58.209999084472656,58.560001373291016,57.4900016784668,57.849998474121094,53.78931427001953,2286900
2023-08-28,AIG,AIG,57.88999938964844,58.38999938964844,57.45000076293945,57.869998931884766,53.80790710449219,2048700
2023-08-29,AIG,AIG,58.04999923706055,58.45000076293945,57.59000015258789,58.349998474121094,54.25421142578125,3136100
2023-08-30,AIG,AIG,58.560001373291016,58.97999954223633,58.11000061035156,58.34000015258789,54.24491882324219,1865800
2023-08-31,AIG,AIG,58.459999084472656,58.599998474121094,58.119998931884766,58.52000045776367,54.41229248046875,3113300
2023-09-01,AIG,AIG,58.880001068115234,59.599998474121094,58.880001068115234,59.2400016784668,55.08175277709961,1995500
2023-09-05,AIG,AIG,58.970001220703125,59.7599983215332,58.599998474121094,58.599998474121094,54.486671447753906,2428600
2023-09-06,AIG,AIG,58.4900016784668,59.38999938964844,58.31999969482422,59.189998626708984,55.03525161743164,2787400
2023-09-07,AIG,AIG,59.15999984741211,59.900001525878906,58.959999084472656,59.650001525878906,55.462974548339844,4405200
2023-09-08,AIG,AIG,59.540000915527344,60.15999984741211,59.310001373291016,59.65999984741211,55.47227096557617,2060600
2023-09-11,AIG,AIG,60.11000061035156,60.619998931884766,59.59000015258789,59.689998626708984,55.500160217285156,2719400
2023-09-12,AIG,AIG,59.869998931884766,60.95000076293945,59.7599983215332,60.56999969482422,56.318389892578125,2091300
2023-09-13,AIG,AIG,60.709999084472656,60.880001068115234,60.130001068115234,60.650001525878906,56.39277267456055,2723700
2023-09-14,AIG,AIG,61.0,61.380001068115234,60.689998626708984,61.20000076293945,57.243953704833984,2556400
2023-09-15,AIG,AIG,60.75,61.22999954223633,60.65999984741211,61.18000030517578,57.22524642944336,7130500
2023-09-18,AIG,AIG,61.279998779296875,61.91999816894531,60.7599983215332,61.68000030517578,57.69291687011719,2704300
2023-09-19,AIG,AIG,62.029998779296875,62.58000183105469,61.86000061035156,62.36000061035156,58.32897186279297,3029200
2023-09-20,AIG,AIG,62.650001525878906,62.939998626708984,62.2400016784668,62.31999969482422,58.29154968261719,3144900
2023-09-21,AIG,AIG,62.099998474121094,62.209999084472656,61.290000915527344,61.33000183105469,57.36554718017578,3698300
2023-09-22,AIG,AIG,61.279998779296875,61.84000015258789,61.150001525878906,61.58000183105469,57.59938430786133,2670300
2023-09-25,AIG,AIG,61.47999954223633,62.2400016784668,61.47999954223633,62.130001068115234,58.113834381103516,1988900
2023-09-26,AIG,AIG,61.75,62.45000076293945,61.22999954223633,61.2599983215332,57.30006790161133,3072400
2023-09-27,AIG,AIG,61.43000030517578,61.540000915527344,60.25,61.0099983215332,57.066226959228516,2387600
2023-09-28,AIG,AIG,60.959999084472656,61.95000076293945,60.91999816894531,61.279998779296875,57.31878662109375,3172300
2023-09-29,AIG,AIG,61.11000061035156,61.400001525878906,60.220001220703125,60.599998474121094,56.68273162841797,2913900
2023-10-02,AIG,AIG,60.439998626708984,60.58000183105469,59.38999938964844,60.04999923706055,56.16828536987305,2982900
2023-10-03,AIG,AIG,59.79999923706055,59.93000030517578,58.349998474121094,58.63999938964844,54.84943389892578,2865500
2023-10-04,AIG,AIG,58.349998474121094,59.43000030517578,57.720001220703125,59.36000061035156,55.522884368896484,2980700
2023-10-05,AIG,AIG,59.13999938964844,60.63999938964844,59.06999969482422,60.150001525878906,56.26182556152344,4251700
2023-10-06,AIG,AIG,59.97999954223633,61.189998626708984,59.79999923706055,60.869998931884766,56.93528747558594,3304600
2023-10-09,AIG,AIG,60.619998931884766,61.25,60.5,61.09000015258789,57.141056060791016,1856900
2023-10-10,AIG,AIG,61.09000015258789,61.63999938964844,61.060001373291016,61.16999816894531,57.21588897705078,2472700
2023-10-11,AIG,AIG,61.189998626708984,61.77000045776367,60.81999969482422,61.529998779296875,57.55261993408203,3050900
2023-10-12,AIG,AIG,61.900001525878906,61.900001525878906,60.790000915527344,61.13999938964844,57.187828063964844,2739400
2023-10-13,AIG,AIG,61.59000015258789,62.0,60.72999954223633,61.09000015258789,57.141056060791016,2313300
2023-10-16,AIG,AIG,61.72999954223633,62.849998474121094,61.630001068115234,62.61000061035156,58.562801361083984,3022300
2023-10-17,AIG,AIG,62.5,63.650001525878906,62.439998626708984,63.18000030517578,59.09596633911133,3377000
2023-10-18,AIG,AIG,62.97999954223633,63.349998474121094,62.47999954223633,62.599998474121094,58.5534553527832,3269900
2023-10-19,AIG,AIG,62.33000183105469,62.63999938964844,61.060001373291016,61.16999816894531,57.21588897705078,2388000
2023-10-20,AIG,AIG,61.119998931884766,61.2599983215332,59.04999923706055,59.52000045776367,55.67254638671875,3142400
2023-10-23,AIG,AIG,59.38999938964844,59.40999984741211,58.689998626708984,58.97999954223633,55.167457580566406,2821100
2023-10-24,AIG,AIG,59.220001220703125,59.97999954223633,59.11000061035156,59.869998931884766,55.99992370605469,3001400
2023-10-25,AIG,AIG,59.90999984741211,61.279998779296875,59.90999984741211,60.959999084472656,57.01945877075195,3594000
2023-10-26,AIG,AIG,60.959999084472656,61.90999984741211,60.790000915527344,60.849998474121094,56.91657638549805,2788200
2023-10-27,AIG,AIG,60.79999923706055,60.869998931884766,59.119998931884766,59.529998779296875,55.68189239501953,3097600
2023-10-30,AIG,AIG,60.0,61.11000061035156,59.88999938964844,61.0,57.05687713623047,3075900
2023-10-31,AIG,AIG,60.81999969482422,61.54999923706055,60.81999969482422,61.310001373291016,57.346839904785156,3996400
2023-11-01,AIG,AIG,61.709999084472656,62.41999816894531,61.310001373291016,62.04999923706055,58.03900909423828,4790100
2023-11-02,AIG,AIG,62.970001220703125,64.77999877929688,62.900001525878906,64.36000061035156,60.199684143066406,7287200
2023-11-03,AIG,AIG,64.0,64.94000244140625,63.68000030517578,63.7400016784668,59.6197624206543,5002300
2023-11-06,AIG,AIG,63.52000045776367,64.5,63.52000045776367,63.939998626708984,59.80683135986328,3111900
2023-11-07,AIG,AIG,63.849998474121094,63.849998474121094,62.66999816894531,63.099998474121094,59.02112579345703,3392600
2023-11-08,AIG,AIG,63.099998474121094,63.33000183105469,62.52000045776367,62.58000183105469,58.53474426269531,2648100
2023-11-09,AIG,AIG,62.90999984741211,63.599998474121094,62.75,62.849998474121094,58.787296295166016,3118300
2023-11-10,AIG,AIG,63.08000183105469,63.91999816894531,62.959999084472656,63.81999969482422,59.69459915161133,3636300
2023-11-13,AIG,AIG,63.4900016784668,64.04000091552734,63.349998474121094,63.72999954223633,59.610408782958984,2492900
2023-11-14,AIG,AIG,64.05999755859375,64.77999877929688,63.790000915527344,64.20999908447266,60.05938720703125,4617200
2023-11-15,AIG,AIG,64.19999694824219,64.41000366210938,63.38999938964844,63.47999954223633,59.376564025878906,3436500
2023-11-16,AIG,AIG,63.56999969482422,64.18000030517578,63.56999969482422,64.12000274658203,59.97520446777344,3166400
2023-11-17,AIG,AIG,64.37999725341797,64.73999786376953,64.11000061035156,64.4800033569336,60.311920166015625,3343800
2023-11-20,AIG,AIG,63.9900016784668,64.66000366210938,63.790000915527344,64.36000061035156,60.199684143066406,2472600
2023-11-21,AIG,AIG,64.47000122070312,65.30000305175781,64.47000122070312,64.97000122070312,60.77025604248047,2852800
2023-11-22,AIG,AIG,64.94000244140625,65.26000213623047,64.58999633789062,64.97000122070312,60.77025604248047,1857800
2023-11-24,AIG,AIG,65.0999984741211,65.72000122070312,65.0199966430664,65.20999908447266,60.994728088378906,1457700
2023-11-27,AIG,AIG,64.9800033569336,65.41000366210938,64.93000030517578,65.25,61.03215026855469,2706700
2023-11-28,AIG,AIG,65.25,65.47000122070312,64.62000274658203,64.63999938964844,60.461585998535156,2336600
2023-11-29,AIG,AIG,64.62999725341797,65.12000274658203,64.54000091552734,64.83000183105469,60.63930892944336,2496700
2023-11-30,AIG,AIG,64.94000244140625,65.83000183105469,64.80999755859375,65.80999755859375,61.555946350097656,5325600
2023-12-01,AIG,AIG,65.66999816894531,66.47000122070312,65.44999694824219,65.97000122070312,61.705604553222656,3439000
2023-12-04,AIG,AIG,65.7300033569336,66.30000305175781,65.44999694824219,66.0,61.73367691040039,4116300
2023-12-05,AIG,AIG,65.80000305175781,66.44999694824219,65.73999786376953,65.9000015258789,61.640140533447266,3634100
2023-12-06,AIG,AIG,66.12999725341797,66.68000030517578,65.33000183105469,65.37000274658203,61.1444091796875,4221900
2023-12-07,AIG,AIG,65.68000030517578,65.8499984741211,64.80999755859375,65.41000366210938,61.18180847167969,3790000
2023-12-08,AIG,AIG,65.58000183105469,65.8499984741211,65.19999694824219,65.52999877929688,61.2940559387207,2922200
2023-12-11,AIG,AIG,65.55999755859375,66.54000091552734,65.44000244140625,66.18000030517578,61.90204620361328,3675200
2023-12-12,AIG,AIG,66.16999816894531,67.38999938964844,66.13999938964844,66.94999694824219,62.62226104736328,5163900
2023-12-13,AIG,AIG,66.55999755859375,67.36000061035156,66.26000213623047,67.2300033569336,63.22414016723633,3612000
2023-12-14,AIG,AIG,67.41999816894531,67.69000244140625,66.19000244140625,66.48999786376953,62.52821731567383,5215500
2023-12-15,AIG,AIG,65.80000305175781,66.9800033569336,65.69000244140625,66.01000213623047,62.076820373535156,7661900
2023-12-18,AIG,AIG,66.41999816894531,66.79000091552734,65.87999725341797,66.45999908447266,62.50000762939453,2710800
2023-12-19,AIG,AIG,67.20999908447266,67.62000274658203,66.69999694824219,67.44000244140625,63.421634674072266,4097000
2023-12-20,AIG,AIG,67.20999908447266,67.77999877929688,66.58000183105469,66.62000274658203,62.650482177734375,3759400
2023-12-21,AIG,AIG,66.63999938964844,66.95999908447266,65.77999877929688,66.56999969482422,62.60346221923828,2006600
2023-12-22,AIG,AIG,66.75,67.11000061035156,66.68000030517578,66.93000030517578,62.942012786865234,1518300
2023-12-26,AIG,AIG,66.91999816894531,67.31999969482422,66.72000122070312,67.12999725341797,63.13008499145508,2815700
2023-12-27,AIG,AIG,66.87000274658203,67.22000122070312,66.4000015258789,67.1500015258789,63.14889144897461,1507600
2023-12-28,AIG,AIG,67.41999816894531,67.9800033569336,67.4000015258789,67.87000274658203,63.82599639892578,2245800
2023-12-29,AIG,AIG,67.87000274658203,68.02999877929688,67.55999755859375,67.75,63.713157653808594,2498400
2024-01-02,AIG,AIG,67.3499984741211,68.87999725341797,67.3499984741211,68.83999633789062,64.73819732666016,3897700
2024-01-03,AIG,AIG,68.87000274658203,69.37000274658203,68.54000091552734,68.61000061035156,64.52191925048828,3970300
2024-01-04,AIG,AIG,68.87999725341797,69.76000213623047,68.58000183105469,68.62999725341797,64.54071044921875,4146100
2024-01-05,AIG,AIG,68.79000091552734,69.2300033569336,68.58000183105469,69.01000213623047,64.89806365966797,4870500
2024-01-08,AIG,AIG,69.08000183105469,69.18000030517578,67.80999755859375,68.22000122070312,64.1551513671875,4098100
2024-01-09,AIG,AIG,67.83999633789062,67.94999694824219,67.18000030517578,67.83000183105469,63.78837966918945,3479300
2024-01-10,AIG,AIG,67.48999786376953,67.86000061035156,67.26000213623047,67.58999633789062,63.56268310546875,2943400
2024-01-11,AIG,AIG,67.43000030517578,67.58999633789062,66.88999938964844,67.29000091552734,63.28056335449219,2788000
2024-01-12,AIG,AIG,67.4800033569336,67.80000305175781,67.02999877929688,67.5,63.47802734375,2473100
2024-01-16,AIG,AIG,67.23999786376953,67.4000015258789,66.72000122070312,67.22000122070312,63.2147102355957,2906400
2024-01-17,AIG,AIG,66.66000366210938,67.88999938964844,66.66000366210938,66.75,62.77272415161133,3691200
2024-01-18,AIG,AIG,66.38999938964844,67.3499984741211,66.05999755859375,67.23999786376953,63.23353576660156,3580500
2024-01-19,AIG,AIG,67.87999725341797,69.2699966430664,67.69999694824219,68.83000183105469,64.72879791259766,5098600
2024-01-22,AIG,AIG,69.18000030517578,69.54000091552734,68.88999938964844,69.26000213623047,65.13317108154297,3091900
2024-01-23,AIG,AIG,69.26000213623047,69.43000030517578,68.97000122070312,69.0,64.88866424560547,2562200
2024-01-24,AIG,AIG,69.43000030517578,69.66000366210938,69.02999877929688,69.16000366210938,65.03913116455078,2736100
2024-01-25,AIG,AIG,69.62999725341797,69.93000030517578,68.81999969482422,68.9800033569336,64.86988067626953,3968400
2024-01-26,AIG,AIG,69.1500015258789,69.6500015258789,69.0,69.52999877929688,65.38709259033203,2564600
2024-01-29,AIG,AIG,69.41000366210938,69.69000244140625,69.04000091552734,69.37000274658203,65.23662567138672,3167200
2024-01-30,AIG,AIG,69.33000183105469,70.41000366210938,69.33000183105469,70.37999725341797,66.1864242553711,2966800
2024-01-31,AIG,AIG,70.55999755859375,71.06999969482422,69.5,69.51000213623047,65.36827087402344,3690900
2024-02-01,AIG,AIG,69.01000213623047,69.47000122070312,67.52999877929688,68.81999969482422,64.71939086914062,4304200
2024-02-02,AIG,AIG,69.08000183105469,70.04000091552734,68.97000122070312,69.62999725341797,65.48113250732422,2808900
2024-02-05,AIG,AIG,68.94000244140625,69.27999877929688,68.72000122070312,68.93000030517578,64.82284545898438,2929300
2024-02-06,AIG,AIG,68.7699966430664,69.36000061035156,68.5999984741211,68.7699966430664,64.67237091064453,2910400
2024-02-07,AIG,AIG,68.9800033569336,69.83999633789062,68.94000244140625,69.80999755859375,65.65039825439453,2844100
2024-02-08,AIG,AIG,69.7699966430664,69.7699966430664,67.95999908447266,68.41000366210938,64.33381652832031,5242200
2024-02-09,AIG,AIG,68.27999877929688,69.2300033569336,68.05999755859375,69.12000274658203,65.00151824951172,3217300
2024-02-12,AIG,AIG,69.4000015258789,70.18000030517578,69.26000213623047,69.7300033569336,65.57516479492188,3770600
2024-02-13,AIG,AIG,69.86000061035156,70.30000305175781,69.19999694824219,70.08999633789062,65.91371154785156,5328600
2024-02-14,AIG,AIG,72.19999694824219,73.27999877929688,68.7300033569336,69.16999816894531,65.04853820800781,7507300
2024-02-15,AIG,AIG,69.0199966430664,70.80999755859375,68.8499984741211,70.30000305175781,66.11122131347656,5656300
2024-02-16,AIG,AIG,70.1500015258789,70.79000091552734,69.69999694824219,70.04000091552734,65.86669921875,5139600
2024-02-20,AIG,AIG,69.01000213623047,69.41999816894531,68.05000305175781,68.12999725341797,64.07051086425781,6814600
2024-02-21,AIG,AIG,68.63999938964844,69.0999984741211,68.1500015258789,68.68000030517578,64.5877456665039,3969200
2024-02-22,AIG,AIG,68.68000030517578,70.98999786376953,68.6500015258789,70.87999725341797,66.65665435791016,6031800
2024-02-23,AIG,AIG,71.0,71.91999816894531,70.87999725341797,71.31999969482422,67.07042694091797,4246100
2024-02-26,AIG,AIG,71.33999633789062,72.47000122070312,71.16999816894531,71.31999969482422,67.07042694091797,5154600
2024-02-27,AIG,AIG,71.25,72.0199966430664,71.25,71.94999694824219,67.66289520263672,3217500
2024-02-28,AIG,AIG,71.91999816894531,72.52999877929688,71.7300033569336,72.43000030517578,68.11428833007812,3557600
2024-02-29,AIG,AIG,72.69000244140625,73.0999984741211,72.01000213623047,72.88999938964844,68.54688262939453,5300200
2024-03-01,AIG,AIG,72.83999633789062,73.44000244140625,72.47000122070312,72.83999633789062,68.49986267089844,4631700
2024-03-04,AIG,AIG,72.29000091552734,73.26000213623047,72.27999877929688,73.16999816894531,68.81019592285156,4030400
2024-03-05,AIG,AIG,72.98999786376953,74.30000305175781,72.80999755859375,73.91999816894531,69.5155029296875,5310500
2024-03-06,AIG,AIG,73.7699966430664,74.97000122070312,73.13999938964844,74.8499984741211,70.3901138305664,5327400
2024-03-07,AIG,AIG,75.05000305175781,75.4800033569336,74.52999877929688,74.72000122070312,70.26783752441406,2945100
2024-03-08,AIG,AIG,74.70999908447266,74.88999938964844,74.29000091552734,74.41000366210938,69.97632598876953,2338500
2024-03-11,AIG,AIG,74.0999984741211,75.22000122070312,74.06999969482422,74.91000366210938,70.446533203125,2336400
2024-03-12,AIG,AIG,74.91999816894531,76.04000091552734,74.79000091552734,75.88999938964844,71.36811828613281,3656000
2024-03-13,AIG,AIG,75.83999633789062,76.0999984741211,75.3499984741211,75.48999786376953,71.330322265625,3645000
2024-03-14,AIG,AIG,75.44000244140625,76.0199966430664,74.83999633789062,75.8499984741211,71.67048645019531,3869100
2024-03-15,AIG,AIG,75.33000183105469,76.36000061035156,75.23999786376953,76.2699966430664,72.06734466552734,7185000
2024-03-18,AIG,AIG,76.16999816894531,76.5199966430664,75.12999725341797,75.33999633789062,71.18858337402344,6434600
2024-03-19,AIG,AIG,75.91000366210938,76.2699966430664,75.41999816894531,75.48999786376953,71.330322265625,5565100
2024-03-20,AIG,AIG,75.62999725341797,76.80000305175781,75.4800033569336,76.73999786376953,72.51145935058594,4132900
2024-03-21,AIG,AIG,76.66999816894531,77.4800033569336,76.56999969482422,77.41000366210938,73.14454650878906,3860800
2024-03-22,AIG,AIG,77.44000244140625,77.62999725341797,76.23999786376953,76.37999725341797,72.17129516601562,2914400
2024-03-25,AIG,AIG,76.48999786376953,77.12000274658203,76.36000061035156,76.58999633789062,72.36972045898438,3286800
2024-03-26,AIG,AIG,76.70999908447266,77.43000030517578,76.43000030517578,77.38999938964844,73.12562561035156,3861900
2024-03-27,AIG,AIG,77.70999908447266,78.38999938964844,77.33000183105469,78.33999633789062,74.02328491210938,3474100
2024-03-28,AIG,AIG,78.51000213623047,78.69999694824219,78.13999938964844,78.16999816894531,73.8626708984375,4292900
2024-04-01,AIG,AIG,78.0,78.30000305175781,77.30000305175781,77.63999938964844,73.36186218261719,2329300
2024-04-02,AIG,AIG,77.61000061035156,78.29000091552734,77.36000061035156,78.0199966430664,73.72093200683594,3335100
2024-04-03,AIG,AIG,78.18000030517578,78.94999694824219,77.55999755859375,77.80000305175781,73.5130386352539,3380800
2024-04-04,AIG,AIG,78.2699966430664,78.91999816894531,76.41999816894531,76.62000274658203,72.3980712890625,4013100
2024-04-05,AIG,AIG,76.93000030517578,77.86000061035156,76.69000244140625,77.70999908447266,73.4280014038086,2999900
2024-04-08,AIG,AIG,77.8499984741211,78.23999786376953,77.5,77.8499984741211,73.56029510498047,3027600
2024-04-09,AIG,AIG,78.08999633789062,78.11000061035156,75.19000244140625,75.5199966430664,71.35868835449219,4389600
2024-04-10,AIG,AIG,75.08999633789062,75.68000030517578,74.33000183105469,75.31999969482422,71.1697006225586,4501500
2024-04-11,AIG,AIG,74.8499984741211,74.86000061035156,73.5999984741211,74.16999816894531,70.08306121826172,3833900
2024-04-12,AIG,AIG,74.0,74.6500015258789,73.19000244140625,73.68000030517578,69.62006378173828,4176500
2024-04-15,AIG,AIG,74.55999755859375,74.83999633789062,72.97000122070312,73.05000305175781,69.02478790283203,3584500
2024-04-16,AIG,AIG,73.5,74.55999755859375,72.5999984741211,73.80999755859375,69.74290466308594,4653000
2024-04-17,AIG,AIG,72.63999938964844,73.55000305175781,71.51000213623047,72.58000183105469,68.5806884765625,6222900
2024-04-18,AIG,AIG,73.16999816894531,73.5999984741211,72.7699966430664,72.98999786376953,68.96808624267578,3162100
2024-04-19,AIG,AIG,73.43000030517578,74.61000061035156,72.91000366210938,74.2300033569336,70.13976287841797,3510500
2024-04-22,AIG,AIG,74.66000366210938,75.37999725341797,74.12999725341797,74.95999908447266,70.82952880859375,2769900
2024-04-23,AIG,AIG,75.04000091552734,75.68000030517578,74.68000030517578,74.93000030517578,70.80119323730469,3011200
2024-04-24,AIG,AIG,74.44000244140625,75.13999938964844,74.37000274658203,74.97000122070312,70.8389892578125,2684600
2024-04-25,AIG,AIG,74.68000030517578,75.04000091552734,74.19000244140625,74.62999725341797,70.5177230834961,2987100
2024-04-26,AIG,AIG,74.43000030517578,75.02999877929688,74.23999786376953,74.52999877929688,70.42323303222656,5027200
2024-04-29,AIG,AIG,74.61000061035156,75.79000091552734,74.54000091552734,75.73999786376953,71.56654357910156,3582200
2024-04-30,AIG,AIG,75.48999786376953,75.66999816894531,75.08999633789062,75.30999755859375,71.16024780273438,3377300
2024-05-01,AIG,AIG,75.33999633789062,76.62000274658203,75.22000122070312,75.80999755859375,71.63269805908203,4548300
2024-05-02,AIG,AIG,78.22000122070312,79.69999694824219,76.91000366210938,78.0999984741211,73.79651641845703,6490300
2024-05-03,AIG,AIG,77.76000213623047,78.86000061035156,76.22000122070312,78.4800033569336,74.15557098388672,6715500
2024-05-06,AIG,AIG,79.11000061035156,80.12999725341797,78.80000305175781,79.97000122070312,75.56348419189453,4669100
2024-05-07,AIG,AIG,80.20999908447266,80.76000213623047,79.87999725341797,80.27999877929688,75.85639190673828,3644100
2024-05-08,AIG,AIG,80.25,80.62999725341797,79.86000061035156,79.88999938964844,75.48788452148438,3137200
2024-05-09,AIG,AIG,79.58000183105469,80.30999755859375,79.30000305175781,79.87999725341797,75.47843933105469,3193300
2024-05-10,AIG,AIG,80.16999816894531,80.83000183105469,80.0,80.11000061035156,75.69576263427734,4034000
2024-05-13,AIG,AIG,80.11000061035156,80.45999908447266,78.9000015258789,78.98999786376953,74.6374740600586,3745800
2024-05-14,AIG,AIG,78.88999938964844,79.61000061035156,78.81999969482422,79.44000244140625,75.06267547607422,3141000
2024-05-15,AIG,AIG,79.01000213623047,79.5999984741211,78.37000274658203,78.9000015258789,74.55243682861328,2911300
2024-05-16,AIG,AIG,79.83000183105469,80.16000366210938,78.68000030517578,78.73999786376953,74.40125274658203,5725900
2024-05-17,AIG,AIG,79.02999877929688,80.7699966430664,78.83000183105469,80.54000091552734,76.10206604003906,6778800
2024-05-20,AIG,AIG,80.6500015258789,80.7300033569336,78.75,78.79000091552734,74.448486328125,4312300
2024-05-21,AIG,AIG,78.79000091552734,79.38999938964844,78.58999633789062,78.68000030517578,74.34455108642578,2944300
2024-05-22,AIG,AIG,78.52999877929688,79.5199966430664,78.48999786376953,78.91000366210938,74.5618896484375,2949700
2024-05-23,AIG,AIG,78.63999938964844,78.6500015258789,77.05999755859375,77.58000183105469,73.30516815185547,2887800
2024-05-24,AIG,AIG,77.95999908447266,78.20999908447266,77.55999755859375,78.02999877929688,73.7303695678711,2045600
2024-05-28,AIG,AIG,77.93000030517578,77.93000030517578,76.7699966430664,77.36000061035156,73.0972900390625,3665300
2024-05-29,AIG,AIG,77.11000061035156,77.76000213623047,76.44000244140625,77.56999969482422,73.29572296142578,3747900
2024-05-30,AIG,AIG,77.4800033569336,78.66000366210938,77.27999877929688,78.25,73.93824768066406,2868200
2024-05-31,AIG,AIG,78.51000213623047,78.8499984741211,77.5999984741211,78.81999969482422,74.47684478759766,6188900
2024-06-03,AIG,AIG,78.7699966430664,79.05999755859375,77.16999816894531,78.31999969482422,74.00439453125,3435700
2024-06-04,AIG,AIG,77.87000274658203,78.16000366210938,76.4000015258789,76.6500015258789,72.4264144897461,4187600
2024-06-05,AIG,AIG,76.77999877929688,77.11000061035156,75.69000244140625,75.9000015258789,71.71774291992188,4693400
2024-06-06,AIG,AIG,76.06999969482422,76.58000183105469,75.41000366210938,75.62000274658203,71.45317840576172,4163500
2024-06-07,AIG,AIG,75.7699966430664,76.69999694824219,75.7699966430664,76.0199966430664,71.83111572265625,4543600
2024-06-10,AIG,AIG,75.70999908447266,76.31999969482422,75.43000030517578,76.0199966430664,71.83111572265625,4630500
2024-06-11,AIG,AIG,75.56999969482422,75.70999908447266,73.76000213623047,74.20999908447266,70.12084197998047,4068900
2024-06-12,AIG,AIG,74.83999633789062,75.05999755859375,73.91999816894531,74.68000030517578,70.56495666503906,4089200
2024-06-13,AIG,AIG,74.51000213623047,74.66999816894531,73.54000091552734,74.11000061035156,70.0263671875,4322200
2024-06-14,AIG,AIG,73.11000061035156,73.87000274658203,73.05999755859375,73.41999816894531,69.75086975097656,3298200
2024-06-17,AIG,AIG,73.43000030517578,74.01000213623047,72.88999938964844,73.9800033569336,70.28287506103516,3451200
2024-06-18,AIG,AIG,73.86000061035156,74.36000061035156,73.54000091552734,74.12999725341797,70.42536926269531,3919300
2024-06-20,AIG,AIG,74.23999786376953,74.91000366210938,73.91000366210938,74.87999725341797,71.13790130615234,4748000
2024-06-21,AIG,AIG,74.7300033569336,75.41999816894531,74.19000244140625,74.88999938964844,71.14739227294922,14037800
2024-06-24,AIG,AIG,75.04000091552734,76.44000244140625,74.8499984741211,76.01000213623047,72.21144104003906,4085800
2024-06-25,AIG,AIG,76.11000061035156,76.38999938964844,74.27999877929688,74.51000213623047,70.78638458251953,5295900
2024-06-26,AIG,AIG,73.6500015258789,74.70999908447266,72.95999908447266,74.48999786376953,70.76738739013672,6713300
2024-06-27,AIG,AIG,74.29000091552734,75.05000305175781,73.93000030517578,74.97000122070312,71.22340393066406,3531400
2024-06-28,AIG,AIG,74.5,75.08999633789062,73.62000274658203,74.23999786376953,70.52987670898438,9261700
2024-07-01,AIG,AIG,75.05000305175781,75.33999633789062,73.94000244140625,74.48999786376953,70.76738739013672,5714800
2024-07-02,AIG,AIG,74.0999984741211,75.44000244140625,73.87999725341797,75.33000183105469,71.56542205810547,3778700
2024-07-03,AIG,AIG,75.41999816894531,75.73999786376953,74.79000091552734,75.1500015258789,71.3944091796875,2341200
2024-07-05,AIG,AIG,75.0,75.05999755859375,73.61000061035156,73.87999725341797,70.18788146972656,3485200
2024-07-08,AIG,AIG,74.04000091552734,75.11000061035156,74.04000091552734,74.80999755859375,71.07139587402344,5067800
2024-07-09,AIG,AIG,74.76000213623047,76.54000091552734,74.68000030517578,75.75,71.96442413330078,4763000
2024-07-10,AIG,AIG,75.66999816894531,76.12999725341797,75.44000244140625,75.95999908447266,72.16393280029297,3280600
2024-07-11,AIG,AIG,76.08000183105469,77.04000091552734,76.01000213623047,76.95999908447266,73.11396026611328,4117800
2024-07-12,AIG,AIG,77.0999984741211,77.73999786376953,76.72000122070312,77.13999938964844,73.28495788574219,3491200
2024-07-15,AIG,AIG,77.05999755859375,77.87000274658203,77.05999755859375,77.62000274658203,73.74097442626953,4072700
2024-07-16,AIG,AIG,77.62999725341797,78.44999694824219,77.61000061035156,78.29000091552734,74.37748718261719,3874200
2024-07-17,AIG,AIG,78.31999969482422,79.56999969482422,78.31999969482422,78.58000183105469,74.65298461914062,5191500
2024-07-18,AIG,AIG,78.44000244140625,79.86000061035156,77.9000015258789,78.05999755859375,74.15898132324219,2988900
2024-07-19,AIG,AIG,77.91999816894531,77.91999816894531,74.16999816894531,74.41999816894531,70.70089721679688,7045200
2024-07-22,AIG,AIG,74.68000030517578,76.44000244140625,74.68000030517578,76.08000183105469,72.27793884277344,5171400
2024-07-23,AIG,AIG,76.08000183105469,77.0999984741211,75.94000244140625,76.87999725341797,73.03795623779297,3613900
2024-07-24,AIG,AIG,76.8499984741211,77.25,75.19999694824219,75.26000213623047,71.49891662597656,4129700
2024-07-25,AIG,AIG,75.77999877929688,76.4800033569336,75.08000183105469,75.25,71.48941040039062,5303700
2024-07-26,AIG,AIG,75.6500015258789,77.69999694824219,75.62999725341797,77.23999786376953,73.37995910644531,3681500
2024-07-29,AIG,AIG,77.56999969482422,78.33999633789062,77.22000122070312,77.9800033569336,74.0829849243164,3973800
2024-07-30,AIG,AIG,78.30000305175781,79.94999694824219,78.1500015258789,79.01000213623047,75.06151580810547,4736200
2024-07-31,AIG,AIG,78.93000030517578,79.94000244140625,78.81999969482422,79.2300033569336,75.27051544189453,4025100
2024-08-01,AIG,AIG,76.4800033569336,77.19000244140625,73.80999755859375,74.91000366210938,71.1664047241211,11090600
2024-08-02,AIG,AIG,74.0,74.58000183105469,71.69000244140625,71.97000122070312,68.37332916259766,7453100
2024-08-05,AIG,AIG,70.81999969482422,71.2300033569336,69.0,70.16000366210938,66.6537857055664,6335200
2024-08-06,AIG,AIG,70.18000030517578,71.83999633789062,70.11000061035156,71.23999786376953,67.67980194091797,4514600
2024-08-07,AIG,AIG,72.0,72.62999725341797,70.5,70.58000183105469,67.05280303955078,4821200
2024-08-08,AIG,AIG,70.80999755859375,72.63999938964844,70.5199966430664,72.13999938964844,68.53482055664062,4444600
2024-08-09,AIG,AIG,72.06999969482422,72.30999755859375,71.5,72.05999755859375,68.45882415771484,3541200
2024-08-12,AIG,AIG,72.3499984741211,72.72000122070312,71.38999938964844,71.61000061035156,68.03133392333984,3998000
2024-08-13,AIG,AIG,71.91999816894531,71.91999816894531,70.94000244140625,71.62999725341797,68.05032348632812,3076700
2024-08-14,AIG,AIG,71.83999633789062,73.20999908447266,71.58000183105469,72.91000366210938,69.266357421875,2362600
2024-08-15,AIG,AIG,73.87999725341797,74.36000061035156,73.06999969482422,73.41999816894531,69.75086975097656,3019300
2024-08-16,AIG,AIG,73.62000274658203,73.97000122070312,73.18000030517578,73.55999755859375,69.88386535644531,6155400
2024-08-19,AIG,AIG,73.37999725341797,74.52999877929688,73.2699966430664,74.43000030517578,70.71039581298828,2307800
2024-08-20,AIG,AIG,74.25,74.45999908447266,73.7699966430664,73.87999725341797,70.18788146972656,2672300
2024-08-21,AIG,AIG,73.94000244140625,74.41999816894531,73.5,74.3499984741211,70.63438415527344,2823300
2024-08-22,AIG,AIG,74.5,75.05999755859375,74.41000366210938,74.76000213623047,71.02389526367188,2726400
2024-08-23,AIG,AIG,75.4000015258789,75.58000183105469,74.63999938964844,75.31999969482422,71.55590057373047,2387700
2024-08-26,AIG,AIG,75.55000305175781,75.95999908447266,74.54000091552734,74.61000061035156,70.88139343261719,2552800
2024-08-27,AIG,AIG,74.9800033569336,75.05999755859375,74.37000274658203,74.43000030517578,70.71039581298828,2628400
2024-08-28,AIG,AIG,74.25,75.7699966430664,74.20999908447266,75.5199966430664,71.74591827392578,2386200
2024-08-29,AIG,AIG,75.87999725341797,76.55000305175781,75.06999969482422,76.12000274658203,72.31592559814453,2435100
2024-08-30,AIG,AIG,76.37000274658203,77.11000061035156,75.9000015258789,77.05000305175781,73.199462890625,4385400
2024-09-03,AIG,AIG,76.75,77.3499984741211,75.58999633789062,76.02999877929688,72.2304458618164,3440600
2024-09-04,AIG,AIG,76.38999938964844,76.77999877929688,76.04000091552734,76.69000244140625,72.8574447631836,3128500
2024-09-05,AIG,AIG,77.23999786376953,77.23999786376953,73.52999877929688,73.83999633789062,70.14986419677734,5059400
2024-09-06,AIG,AIG,73.70999908447266,74.73999786376953,71.2699966430664,71.91000366210938,68.31633758544922,7205400
2024-09-09,AIG,AIG,72.51000213623047,73.2300033569336,71.93000030517578,72.81999969482422,69.18085479736328,5544500
2024-09-10,AIG,AIG,73.06999969482422,73.0999984741211,71.01000213623047,72.30999755859375,68.69632720947266,4717000
2024-09-11,AIG,AIG,72.16999816894531,72.27999877929688,71.05000305175781,72.16000366210938,68.55384063720703,3441500
2024-09-12,AIG,AIG,72.41999816894531,73.19999694824219,71.83999633789062,73.18000030517578,69.52285766601562,2814300
2024-09-13,AIG,AIG,73.48999786376953,73.81999969482422,72.33000183105469,73.11000061035156,69.45633697509766,3661600
2024-09-16,AIG,AIG,73.30000305175781,73.73999786376953,72.7699966430664,73.0,69.73338317871094,4081500
2024-09-17,AIG,AIG,73.04000091552734,74.0199966430664,73.0,73.5999984741211,70.30653381347656,2675900
2024-09-18,AIG,AIG,73.70999908447266,74.11000061035156,73.08000183105469,73.30000305175781,70.01995849609375,3648100
2024-09-19,AIG,AIG,74.30000305175781,74.6500015258789,73.12999725341797,73.88999938964844,70.58354949951172,5346600
2024-09-20,AIG,AIG,73.44999694824219,73.94000244140625,73.06999969482422,73.76000213623047,70.4593734741211,15499800
2024-09-23,AIG,AIG,73.97000122070312,74.5199966430664,73.63999938964844,74.30000305175781,70.97521209716797,3770500
2024-09-24,AIG,AIG,73.83999633789062,74.23999786376953,73.30000305175781,73.41999816894531,70.13459014892578,4821100
2024-09-25,AIG,AIG,74.01000213623047,74.43000030517578,72.9800033569336,73.0199966430664,69.75247192382812,2789800
2024-09-26,AIG,AIG,73.02999877929688,73.62000274658203,72.8499984741211,73.12000274658203,69.84801483154297,2578900
2024-09-27,AIG,AIG,73.2300033569336,74.08000183105469,72.81999969482422,73.33999633789062,70.05817413330078,2851700
2024-09-30,AIG,AIG,73.30999755859375,73.31999969482422,72.18000030517578,73.2300033569336,69.9531021118164,3475400
2024-10-01,AIG,AIG,72.95999908447266,73.16999816894531,72.19000244140625,72.72000122070312,69.46591186523438,3619800
2024-10-02,AIG,AIG,72.66999816894531,73.0199966430664,72.16999816894531,72.44999694824219,69.20799255371094,3004400
2024-10-03,AIG,AIG,72.31999969482422,72.55999755859375,71.47000122070312,72.33999633789062,69.1029052734375,3303800
2024-10-04,AIG,AIG,73.12000274658203,76.16999816894531,72.79000091552734,76.05000305175781,72.64689636230469,4192600
2024-10-07,AIG,AIG,75.36000061035156,75.66999816894531,73.41000366210938,73.63999938964844,70.34473419189453,5018900
2024-10-08,AIG,AIG,73.91999816894531,75.01000213623047,73.76000213623047,74.62999725341797,71.29045104980469,3551700
2024-10-09,AIG,AIG,74.41999816894531,75.86000061035156,74.37999725341797,75.5999984741211,72.21703338623047,2499100
2024-10-10,AIG,AIG,77.38999938964844,77.44999694824219,76.06999969482422,76.52999877929688,73.10541534423828,3434200
2024-10-11,AIG,AIG,76.55999755859375,77.88999938964844,76.55999755859375,77.2300033569336,73.77410125732422,4322900
2024-10-14,AIG,AIG,77.47000122070312,77.93000030517578,77.23999786376953,77.62000274658203,74.14665222167969,2624000
2024-10-15,AIG,AIG,77.27999877929688,77.98999786376953,76.62000274658203,76.9800033569336,73.5352783203125,3340300
2024-10-16,AIG,AIG,77.19999694824219,77.69999694824219,76.68000030517578,77.13999938964844,73.68812561035156,3144900
2024-10-17,AIG,AIG,78.5,79.25,77.70999908447266,79.19000244140625,75.64639282226562,5200600
2024-10-18,AIG,AIG,79.48999786376953,79.7699966430664,78.16000366210938,78.55000305175781,75.03504943847656,2658700
2024-10-21,AIG,AIG,78.55000305175781,78.80999755859375,77.36000061035156,77.55000305175781,74.07978057861328,2291200
2024-10-22,AIG,AIG,76.80999755859375,77.37000274658203,76.29000091552734,77.02999877929688,73.58304595947266,2872500
2024-10-23,AIG,AIG,77.0,77.58000183105469,76.70999908447266,77.43000030517578,73.96514129638672,2485500
2024-10-24,AIG,AIG,77.83000183105469,77.9000015258789,76.95999908447266,77.68000030517578,74.2039566040039,2025200
2024-10-25,AIG,AIG,78.01000213623047,78.0199966430664,76.29000091552734,76.81999969482422,73.3824462890625,3148000
2024-10-28,AIG,AIG,77.44000244140625,78.0199966430664,77.33000183105469,77.4800033569336,74.01290893554688,3389900
2024-10-29,AIG,AIG,77.41000366210938,77.73999786376953,76.62999725341797,76.66000366210938,73.2296142578125,2772500
2024-10-30,AIG,AIG,76.98999786376953,77.98999786376953,76.75,76.83999633789062,73.40155029296875,2763500
2024-10-31,AIG,AIG,76.66999816894531,77.36000061035156,75.87000274658203,75.87999725341797,72.48451232910156,3509200
2024-11-01,AIG,AIG,75.86000061035156,76.98999786376953,75.63999938964844,75.72000122070312,72.3316650390625,3416300
2024-11-04,AIG,AIG,75.83999633789062,76.61000061035156,75.5,76.33000183105469,72.91438293457031,4528400
2024-11-05,AIG,AIG,75.73999786376953,77.0199966430664,74.18000030517578,75.38999938964844,72.01644134521484,6643000
2024-11-06,AIG,AIG,78.77999877929688,79.29000091552734,75.30999755859375,77.0199966430664,73.57349395751953,7202900
2024-11-07,AIG,AIG,76.52999877929688,77.12000274658203,75.86000061035156,76.58999633789062,73.16272735595703,5037500
2024-11-08,AIG,AIG,77.19000244140625,77.19000244140625,75.12999725341797,75.58000183105469,72.19792938232422,6826100
2024-11-11,AIG,AIG,76.22000122070312,77.30999755859375,75.31999969482422,75.37999725341797,72.00687408447266,4795400
2024-11-12,AIG,AIG,75.23999786376953,75.69999694824219,74.70999908447266,74.86000061035156,71.51014709472656,3900000
2024-11-13,AIG,AIG,74.81999969482422,76.22000122070312,74.70999908447266,76.08999633789062,72.68510437011719,4302300
2024-11-14,AIG,AIG,76.25,76.43000030517578,75.41999816894531,75.75,72.36031341552734,3285900
2024-11-15,AIG,AIG,75.88999938964844,76.86000061035156,75.37999725341797,75.7699966430664,72.37942504882812,5524200
2024-11-18,AIG,AIG,75.58000183105469,76.54000091552734,75.41999816894531,76.30999755859375,72.89525604248047,3277400
2024-11-19,AIG,AIG,75.38999938964844,75.68000030517578,74.77999877929688,75.30000305175781,71.93047332763672,3145100
2024-11-20,AIG,AIG,75.54000091552734,75.6500015258789,74.54000091552734,74.66000366210938,71.31910705566406,3998300
2024-11-21,AIG,AIG,74.66000366210938,76.23999786376953,74.52999877929688,75.9800033569336,72.58003997802734,4108000
2024-11-22,AIG,AIG,75.80000305175781,76.91999816894531,75.62999725341797,76.05999755859375,72.65645599365234,2853100
2024-11-25,AIG,AIG,76.73999786376953,77.2699966430664,75.79000091552734,75.94999694824219,72.55136108398438,6513200
2024-11-26,AIG,AIG,75.91999816894531,76.37999725341797,75.4000015258789,76.30000305175781,72.88571166992188,3640900
2024-11-27,AIG,AIG,76.47000122070312,77.58999633789062,76.4000015258789,77.13999938964844,73.68812561035156,2461600
2024-11-29,AIG,AIG,77.0199966430664,77.70999908447266,76.83999633789062,76.87999725341797,73.43975830078125,1939700
2024-12-02,AIG,AIG,76.94000244140625,77.20999908447266,75.94999694824219,76.01000213623047,72.60868835449219,3544000
2024-12-03,AIG,AIG,76.37999725341797,76.4000015258789,75.08000183105469,75.0999984741211,71.73941802978516,3456600
2024-12-04,AIG,AIG,75.19000244140625,76.0,74.80000305175781,75.95999908447266,72.5609359741211,3234100
2024-12-05,AIG,AIG,76.16000366210938,76.91999816894531,75.87999725341797,76.13999938964844,72.73285675048828,4392700
2024-12-06,AIG,AIG,76.12000274658203,76.44000244140625,74.63999938964844,75.55999755859375,72.17882537841797,4292800
2024-12-09,AIG,AIG,75.55000305175781,76.16999816894531,73.93000030517578,74.08000183105469,70.76506042480469,4950500
2024-12-10,AIG,AIG,74.08000183105469,74.26000213623047,72.7300033569336,73.0,69.73338317871094,4323400
2024-12-11,AIG,AIG,73.37000274658203,73.69000244140625,72.54000091552734,73.63999938964844,70.34473419189453,4579300
2024-12-12,AIG,AIG,73.97000122070312,74.16000366210938,72.37000274658203,72.45999908447266,69.2175521850586,4692600
2024-12-13,AIG,AIG,72.86000061035156,73.51000213623047,72.45999908447266,72.87000274658203,69.60920715332031,3613000
2024-12-16,AIG,AIG,72.41000366210938,73.05000305175781,71.97000122070312,72.08999633789062,69.24420166015625,5695100
2024-12-17,AIG,AIG,71.2699966430664,71.7699966430664,70.91999816894531,71.22000122070312,68.4085464477539,6070700
2024-12-18,AIG,AIG,71.22000122070312,71.6500015258789,69.97000122070312,70.0,67.23670959472656,5767800
2024-12-19,AIG,AIG,70.52999877929688,71.95999908447266,70.51000213623047,71.08999633789062,68.28367614746094,6352400
2024-12-20,AIG,AIG,70.94999694824219,73.43000030517578,70.6500015258789,72.69000244140625,69.82051849365234,12134100
2024-12-23,AIG,AIG,72.12000274658203,72.56999969482422,71.94000244140625,72.47000122070312,69.60919952392578,2768900
2024-12-24,AIG,AIG,72.61000061035156,73.13999938964844,72.25,72.83999633789062,69.964599609375,1295000
2024-12-26,AIG,AIG,72.61000061035156,73.55000305175781,72.3499984741211,73.33999633789062,70.44485473632812,1653000
2024-12-27,AIG,AIG,72.76000213623047,73.7699966430664,72.62000274658203,73.0,70.1182861328125,2488700
2024-12-30,AIG,AIG,72.01000213623047,73.0,71.97000122070312,72.55000305175781,69.68604278564453,3059500
2024-12-31,AIG,AIG,72.75,73.0999984741211,72.55000305175781,72.80000305175781,69.92617797851562,2063300
2025-01-02,AIG,AIG,73.30000305175781,73.44999694824219,72.58000183105469,72.9800033569336,70.09906005859375,2422000
2025-01-03,AIG,AIG,73.06999969482422,73.30000305175781,72.45999908447266,72.80999755859375,69.9357681274414,2964600
2025-01-06,AIG,AIG,73.06999969482422,73.94999694824219,72.30999755859375,72.47000122070312,69.60919952392578,3789200
2025-01-07,AIG,AIG,72.77999877929688,73.44000244140625,72.0999984741211,72.58999633789062,69.7244644165039,3235400
2025-01-08,AIG,AIG,71.86000061035156,71.86000061035156,69.5,71.43000030517578,68.61026000976562,6850300
2025-01-10,AIG,AIG,69.23999786376953,70.72000122070312,69.23999786376953,70.5,67.71696472167969,7175200
2025-01-13,AIG,AIG,70.05000305175781,70.87999725341797,69.97000122070312,70.83999633789062,68.04353332519531,4117800
2025-01-14,AIG,AIG,70.83999633789062,72.69000244140625,70.63999938964844,72.58999633789062,69.7244644165039,4827300
2025-01-15,AIG,AIG,73.70999908447266,74.01000213623047,72.73999786376953,73.06999969482422,70.18550872802734,3856500
2025-01-16,AIG,AIG,72.94999694824219,74.73999786376953,72.93000030517578,74.61000061035156,71.66472625732422,4627400
2025-01-17,AIG,AIG,74.81999969482422,75.69999694824219,74.66000366210938,75.08999633789062,72.12576293945312,4899400
2025-01-21,AIG,AIG,75.41000366210938,75.93000030517578,75.11000061035156,75.16999816894531,72.20260620117188,3965200
2025-01-22,AIG,AIG,75.55999755859375,75.79000091552734,74.69999694824219,74.75,71.79920196533203,2484700
2025-01-23,AIG,AIG,74.73999786376953,75.20999908447266,74.55999755859375,74.5999984741211,71.65511322021484,3193100
2025-01-24,AIG,AIG,74.44000244140625,74.80999755859375,73.36000061035156,73.77999877929688,70.86748504638672,3628300
2025-01-27,AIG,AIG,74.0,76.13999938964844,73.9000015258789,76.11000061035156,73.10550689697266,4188800
2025-01-28,AIG,AIG,76.2300033569336,76.93000030517578,75.04000091552734,75.16999816894531,72.20260620117188,2914700
2025-01-29,AIG,AIG,75.02999877929688,76.56999969482422,75.02999877929688,75.41000366210938,72.43315124511719,3340700
2025-01-30,AIG,AIG,75.86000061035156,76.01000213623047,75.0999984741211,75.41999816894531,72.4427490234375,3199800
2025-01-31,AIG,AIG,75.0,75.36000061035156,73.4000015258789,73.66000366210938,70.7522201538086,4453600
2025-02-03,AIG,AIG,72.66000366210938,73.48999786376953,71.73999786376953,73.0999984741211,70.21432495117188,4056200
2025-02-04,AIG,AIG,72.83999633789062,73.80999755859375,72.69000244140625,72.72000122070312,69.84932708740234,2641400
2025-02-05,AIG,AIG,72.86000061035156,73.4800033569336,72.6500015258789,73.37999725341797,70.4832763671875,3148500
2025-02-06,AIG,AIG,74.18000030517578,74.69000244140625,73.29000091552734,74.58000183105469,71.63591003417969,3153400
2025-02-07,AIG,AIG,74.72000122070312,75.06999969482422,74.33999633789062,74.69000244140625,71.74156188964844,2904400
2025-02-10,AIG,AIG,74.80999755859375,75.43000030517578,74.69999694824219,75.08999633789062,72.12576293945312,3839700
2025-02-11,AIG,AIG,75.20999908447266,76.61000061035156,75.05000305175781,75.93000030517578,72.93260955810547,4672900
2025-02-12,AIG,AIG,75.23999786376953,76.97000122070312,73.62000274658203,76.86000061035156,73.8259048461914,5532400
2025-02-13,AIG,AIG,77.12999725341797,77.25,75.02999877929688,76.4000015258789,73.38404846191406,3641300
2025-02-14,AIG,AIG,76.0999984741211,76.30999755859375,73.94999694824219,74.33999633789062,71.4053726196289,5336400
2025-02-18,AIG,AIG,74.3499984741211,75.62999725341797,73.83999633789062,75.45999908447266,72.48116302490234,4305400
2025-02-19,AIG,AIG,75.12000274658203,75.80999755859375,73.80999755859375,75.27999877929688,72.30826568603516,4189900
2025-02-20,AIG,AIG,75.05000305175781,76.33000183105469,74.7699966430664,76.25,73.23998260498047,5043800
2025-02-21,AIG,AIG,76.4000015258789,77.80999755859375,76.06999969482422,76.6500015258789,73.62418365478516,5936200
2025-02-24,AIG,AIG,76.95999908447266,79.0,76.94000244140625,78.56999969482422,75.46839904785156,4967900
2025-02-25,AIG,AIG,79.0,80.25,78.86000061035156,79.0199966430664,75.900634765625,6206400
2025-02-26,AIG,AIG,79.0,79.30999755859375,77.83000183105469,78.16999816894531,75.08418273925781,3684600
2025-02-27,AIG,AIG,78.51000213623047,80.51000213623047,78.2699966430664,79.69000244140625,76.54418182373047,4883300
2025-02-28,AIG,AIG,80.0,83.0,79.98999786376953,82.94000244140625,79.6658935546875,10011800
2025-03-03,AIG,AIG,82.94000244140625,83.7699966430664,81.83000183105469,82.58999633789062,79.3297119140625,7009000
2025-03-04,AIG,AIG,81.68000030517578,82.1500015258789,79.4000015258789,79.8499984741211,76.69786834716797,8103800
2025-03-05,AIG,AIG,80.83000183105469,81.97000122070312,79.91000366210938,81.30999755859375,78.10023498535156,4689200
2025-03-06,AIG,AIG,80.91000366210938,81.72000122070312,80.3499984741211,81.27999877929688,78.07141876220703,4287300
2025-03-07,AIG,AIG,80.72000122070312,81.80999755859375,80.22000122070312,81.5199966430664,78.30194091796875,4439100
2025-03-10,AIG,AIG,80.87999725341797,82.93000030517578,80.5,81.91999816894531,78.6861572265625,5444400
2025-03-11,AIG,AIG,81.91999816894531,82.16999816894531,80.66999816894531,81.62999725341797,78.40760040283203,6174600
2025-03-12,AIG,AIG,81.70999908447266,81.75,79.5,80.37999725341797,77.20695495605469,4357000
2025-03-13,AIG,AIG,80.75,82.11000061035156,80.16999816894531,81.55000305175781,78.33075714111328,6233900
2025-03-14,AIG,AIG,81.55000305175781,83.54000091552734,80.5999984741211,83.12999725341797,79.84837341308594,6241300
2025-03-17,AIG,AIG,82.62999725341797,84.29000091552734,82.48999786376953,83.9000015258789,80.97764587402344,4710100
2025-03-18,AIG,AIG,83.91999816894531,84.98999786376953,83.55000305175781,84.04000091552734,81.11276245117188,6080300
2025-03-19,AIG,AIG,84.06999969482422,84.52999877929688,83.20999908447266,83.66000366210938,80.7459945678711,6745900
2025-03-20,AIG,AIG,83.08999633789062,84.66000366210938,83.08999633789062,83.70999908447266,80.79425048828125,5679400
2025-03-21,AIG,AIG,83.2699966430664,83.98999786376953,82.58999633789062,83.18000030517578,80.28271484375,15949400
2025-03-24,AIG,AIG,83.87000274658203,84.4000015258789,83.36000061035156,84.19999694824219,81.26719665527344,4379700
2025-03-25,AIG,AIG,84.4800033569336,84.88999938964844,83.30000305175781,83.91999816894531,80.99693298339844,3492400
2025-03-26,AIG,AIG,84.22000122070312,85.11000061035156,83.62000274658203,84.19000244140625,81.25753021240234,6965100
2025-03-27,AIG,AIG,84.56999969482422,85.05000305175781,83.56999969482422,84.41999816894531,81.47952270507812,5337700
2025-03-28,AIG,AIG,84.63999938964844,84.9000015258789,82.91000366210938,83.62000274658203,80.70740509033203,5574900
2025-03-31,AIG,AIG,84.5199966430664,87.51000213623047,84.30000305175781,86.94000244140625,83.91175842285156,9834100
2025-04-01,AIG,AIG,86.97000122070312,87.44000244140625,86.2699966430664,86.80999755859375,83.78626251220703,6705600
2025-04-02,AIG,AIG,86.0199966430664,88.06999969482422,85.81999969482422,87.72000122070312,84.66459655761719,4944200
2025-04-03,AIG,AIG,86.0,87.47000122070312,85.62000274658203,86.19999694824219,83.19752502441406,6291100
2025-04-04,AIG,AIG,84.16999816894531,84.55999755859375,78.2699966430664,78.94999694824219,76.20005798339844,6406300
2025-04-07,AIG,AIG,77.77999877929688,80.97000122070312,76.08999633789062,77.55999755859375,74.85845947265625,10099700
2025-04-08,AIG,AIG,79.04000091552734,81.22000122070312,76.63999938964844,77.66999816894531,74.96464538574219,7738800
2025-04-09,AIG,AIG,76.52999877929688,83.55000305175781,76.52999877929688,82.81999969482422,79.93525695800781,7565200
2025-04-10,AIG,AIG,81.1500015258789,83.06999969482422,79.63999938964844,81.3499984741211,78.5164566040039,4402300
2025-04-11,AIG,AIG,81.12999725341797,82.7300033569336,80.12999725341797,81.97000122070312,79.11486053466797,4039600
2025-04-14,AIG,AIG,83.0,83.91999816894531,81.37000274658203,81.5,78.66122436523438,6105600
2025-04-15,AIG,AIG,81.94999694824219,82.76000213623047,81.54000091552734,81.94999694824219,79.0955581665039,4550000
2025-04-16,AIG,AIG,82.37999725341797,82.9000015258789,80.6500015258789,80.97000122070312,78.14968872070312,3468300
2025-04-17,AIG,AIG,81.30999755859375,82.16000366210938,80.66999816894531,81.13999938964844,78.31377410888672,4021400
2025-04-21,AIG,AIG,81.08999633789062,81.18000030517578,78.61000061035156,79.37999725341797,76.61507415771484,3637500
2025-04-22,AIG,AIG,80.54000091552734,81.94000244140625,79.93000030517578,81.63999938964844,78.7963638305664,3545000
2025-04-23,AIG,AIG,82.27999877929688,82.37000274658203,81.16000366210938,81.6500015258789,78.80599975585938,3086100
2025-04-24,AIG,AIG,81.62999725341797,82.83999633789062,81.20999908447266,82.44999694824219,79.57814025878906,2620800
2025-04-25,AIG,AIG,82.05999755859375,82.33000183105469,80.79000091552734,81.22000122070312,78.3909912109375,2657600
2025-04-28,AIG,AIG,81.47000122070312,82.2699966430664,81.11000061035156,81.93000030517578,79.07625579833984,3055500
2025-04-29,AIG,AIG,81.58000183105469,82.55000305175781,81.58000183105469,82.0,79.14380645751953,3331600
2025-04-30,AIG,AIG,81.3499984741211,81.94999694824219,80.0,81.5199966430664,78.68053436279297,5777400
2025-05-01,AIG,AIG,80.5999984741211,81.41000366210938,80.3499984741211,80.83999633789062,78.02421569824219,5974900
2025-05-02,AIG,AIG,80.62999725341797,84.0999984741211,78.44999694824219,83.66000366210938,80.7459945678711,5783300
2025-05-05,AIG,AIG,83.41000366210938,84.05000305175781,82.6500015258789,83.05000305175781,80.15723419189453,2619000
2025-05-06,AIG,AIG,82.51000213623047,83.30999755859375,82.31999969482422,82.52999877929688,79.65535736083984,2482300
2025-05-07,AIG,AIG,82.70999908447266,83.18000030517578,81.5199966430664,81.69000244140625,78.8446273803711,3325100
2025-05-08,AIG,AIG,82.22000122070312,83.0,81.69999694824219,81.81999969482422,78.97008514404297,3710000
2025-05-09,AIG,AIG,82.12999725341797,82.91000366210938,81.68000030517578,82.41000366210938,79.53953552246094,4926000
2025-05-12,AIG,AIG,82.9800033569336,83.48999786376953,81.4800033569336,83.47000122070312,80.5626220703125,5265100
2025-05-13,AIG,AIG,83.6500015258789,84.58999633789062,83.41000366210938,83.63999938964844,80.72669219970703,3285800
2025-05-14,AIG,AIG,83.66999816894531,83.76000213623047,81.66000366210938,81.88999938964844,79.03765106201172,4188400
2025-05-15,AIG,AIG,82.13999938964844,83.3499984741211,81.86000061035156,83.2300033569336,80.33098602294922,2856900
2025-05-16,AIG,AIG,83.26000213623047,84.36000061035156,83.16000366210938,84.33000183105469,81.39266204833984,2570100
2025-05-19,AIG,AIG,84.33000183105469,84.58000183105469,83.8499984741211,84.33999633789062,81.40230560302734,2035300
2025-05-20,AIG,AIG,83.95999908447266,84.56999969482422,83.8499984741211,84.08000183105469,81.15137481689453,2172000
2025-05-21,AIG,AIG,83.8499984741211,83.97000122070312,82.58999633789062,82.62999725341797,79.75186157226562,2644100
2025-05-22,AIG,AIG,82.75,82.9000015258789,81.4000015258789,82.0199966430664,79.16311645507812,3172800
2025-05-23,AIG,AIG,81.25,82.02999877929688,81.12999725341797,81.62000274658203,78.77706146240234,3313900
2025-05-27,AIG,AIG,82.05000305175781,83.38999938964844,81.62000274658203,83.16999816894531,80.27306365966797,2840900
2025-05-28,AIG,AIG,82.98999786376953,83.47000122070312,82.63999938964844,82.73999786376953,79.85804748535156,3288000
2025-05-29,AIG,AIG,82.58999633789062,83.77999877929688,82.58999633789062,83.58999633789062,80.67843627929688,3004400
2025-05-30,AIG,AIG,83.2699966430664,84.91999816894531,83.11000061035156,84.63999938964844,81.69186401367188,7861700
2025-06-02,AIG,AIG,84.11000061035156,85.76000213623047,83.95999908447266,85.76000213623047,82.7728500366211,3300300
2025-06-03,AIG,AIG,85.51000213623047,85.88999938964844,83.94999694824219,85.55000305175781,82.5701675415039,3187300
2025-06-04,AIG,AIG,85.55000305175781,85.68000030517578,84.83000183105469,85.01000213623047,82.04898071289062,3686800
2025-06-05,AIG,AIG,85.3499984741211,85.47000122070312,84.4000015258789,85.41999816894531,82.44468688964844,2838800
2025-06-06,AIG,AIG,86.25,87.45999908447266,86.12000274658203,87.33999633789062,84.29781341552734,3823900
2025-06-09,AIG,AIG,86.69000244140625,86.93000030517578,82.83999633789062,85.18000030517578,82.21305084228516,6854600
2025-06-10,AIG,AIG,84.7300033569336,85.20999908447266,83.87999725341797,84.33000183105469,81.39266204833984,3328100
2025-06-11,AIG,AIG,84.54000091552734,84.8499984741211,83.91999816894531,84.4000015258789,81.46023559570312,3499800
2025-06-12,AIG,AIG,83.7300033569336,85.87999725341797,83.72000122070312,85.80000305175781,82.81146240234375,3526500
2025-06-13,AIG,AIG,85.0,85.83000183105469,84.37999725341797,84.61000061035156,82.09346771240234,3429700
2025-06-16,AIG,AIG,85.31999969482422,85.87999725341797,84.69000244140625,85.44000244140625,82.8987808227539,3468600
2025-06-17,AIG,AIG,85.11000061035156,85.77999877929688,83.66999816894531,84.22000122070312,81.71505737304688,3385300
2025-06-18,AIG,AIG,84.19000244140625,85.05999755859375,84.01000213623047,84.25,81.74417877197266,4097200
2025-06-20,AIG,AIG,84.62000274658203,85.51000213623047,84.43000030517578,85.12999725341797,82.59800720214844,9182800
2025-06-23,AIG,AIG,85.01000213623047,85.94999694824219,84.44000244140625,85.81999969482422,83.2674789428711,3886100
2025-06-24,AIG,AIG,86.0,86.1500015258789,85.37000274658203,85.45999908447266,82.91818237304688,3174900
2025-06-25,AIG,AIG,85.16000366210938,85.52999877929688,83.7699966430664,83.9000015258789,81.40458679199219,5057000
2025-06-26,AIG,AIG,84.25,85.20999908447266,83.93000030517578,84.97000122070312,82.44275665283203,5110700
2025-06-27,AIG,AIG,85.0199966430664,85.62999725341797,84.4800033569336,84.58999633789062,82.07405853271484,8170500
2025-06-30,AIG,AIG,84.5999984741211,85.66999816894531,84.4800033569336,85.58999633789062,83.0443115234375,4597200
2025-07-01,AIG,AIG,85.86000061035156,86.47000122070312,84.94999694824219,85.87000274658203,83.31599426269531,3622900
2025-07-02,AIG,AIG,85.55999755859375,85.83000183105469,82.0999984741211,82.36000061035156,79.91038513183594,5205300
2025-07-03,AIG,AIG,82.72000122070312,83.68000030517578,82.5999984741211,83.18000030517578,80.70600128173828,2804200
2025-07-07,AIG,AIG,83.05999755859375,83.33999633789062,82.3499984741211,83.02999877929688,80.56046295166016,4335100
2025-07-08,AIG,AIG,82.79000091552734,83.55999755859375,82.58000183105469,83.19999694824219,80.72541046142578,4205800
2025-07-09,AIG,AIG,83.2699966430664,83.41999816894531,82.66000366210938,83.06999969482422,80.5992660522461,2852200
2025-07-10,AIG,AIG,82.88999938964844,83.01000213623047,82.13999938964844,82.45999908447266,80.00740051269531,3287100
2025-07-11,AIG,AIG,81.91999816894531,82.45999908447266,81.5999984741211,81.77999877929688,79.3476333618164,3324200
2025-07-14,AIG,AIG,81.2699966430664,82.16999816894531,80.7699966430664,81.62999725341797,79.20209503173828,6953300
2025-07-15,AIG,AIG,81.38999938964844,81.7699966430664,80.7300033569336,81.06999969482422,78.65874481201172,4796300
2025-07-16,AIG,AIG,81.66000366210938,81.93000030517578,80.51000213623047,80.98999786376953,78.58113861083984,4054600
2025-07-17,AIG,AIG,80.88999938964844,81.1500015258789,79.61000061035156,80.98999786376953,78.58113861083984,3999300
2025-07-18,AIG,AIG,81.16999816894531,81.55000305175781,80.87000274658203,81.20999908447266,78.79458618164062,2967400
2025-07-21,AIG,AIG,81.33000183105469,81.94000244140625,80.77999877929688,80.77999877929688,78.37739562988281,2928800
2025-07-22,AIG,AIG,80.87999725341797,81.56999969482422,80.5999984741211,81.41999816894531,78.99833679199219,3329900
2025-07-23,AIG,AIG,80.97000122070312,81.05000305175781,77.94999694824219,79.51000213623047,77.1451644897461,5584000
2025-07-24,AIG,AIG,79.04000091552734,79.62999725341797,78.62999725341797,79.2300033569336,76.87348175048828,6072100
2025-07-25,AIG,AIG,79.30000305175781,80.30000305175781,79.25,80.0999984741211,77.71759796142578,4476800
2025-07-28,AIG,AIG,79.95999908447266,80.2300033569336,78.77999877929688,79.2300033569336,76.87348175048828,4499300
2025-07-29,AIG,AIG,79.7300033569336,80.12999725341797,78.33000183105469,78.91999816894531,76.57270812988281,4504400
2025-07-30,AIG,AIG,78.56999969482422,78.97000122070312,76.8499984741211,77.41000366210938,75.10762023925781,4479500
2025-07-31,AIG,AIG,77.22000122070312,78.52999877929688,77.22000122070312,77.62999725341797,75.32106018066406,5026500
2025-08-01,AIG,AIG,77.4000015258789,77.61000061035156,76.37000274658203,77.0,74.70980834960938,4438100
2025-08-04,AIG,AIG,77.41000366210938,78.30999755859375,77.11000061035156,78.29000091552734,75.96143341064453,4757900
2025-08-05,AIG,AIG,78.6500015258789,79.12000274658203,78.08000183105469,78.44000244140625,76.10697937011719,2788800
2025-08-06,AIG,AIG,79.08999633789062,79.30999755859375,78.68000030517578,79.05999755859375,76.70854187011719,4238500
2025-08-07,AIG,AIG,77.87999725341797,78.31999969482422,75.26000213623047,76.5999984741211,74.32170104980469,5966900
2025-08-08,AIG,AIG,77.2699966430664,78.68000030517578,76.73999786376953,78.12999725341797,75.80619812011719,4170700
2025-08-11,AIG,AIG,78.69000244140625,79.0999984741211,78.4000015258789,78.62999725341797,76.29132843017578,3839900
2025-08-12,AIG,AIG,78.87999725341797,79.0,77.98999786376953,78.4800033569336,76.14579010009766,5093700
2025-08-13,AIG,AIG,78.51000213623047,80.08000183105469,78.44999694824219,79.88999938964844,77.51384735107422,4293700
2025-08-14,AIG,AIG,80.06999969482422,80.44000244140625,79.61000061035156,80.30999755859375,77.92135620117188,2524100
2025-08-15,AIG,AIG,80.45999908447266,80.66000366210938,79.97000122070312,80.01000213623047,77.63027954101562,3437800
2025-08-18,AIG,AIG,79.80000305175781,80.55000305175781,79.36000061035156,80.37999725341797,77.9892807006836,3330000
2025-08-19,AIG,AIG,80.5,81.33000183105469,80.05000305175781,81.29000091552734,78.87220764160156,2671900
2025-08-20,AIG,AIG,81.62999725341797,82.83999633789062,81.48999786376953,82.52999877929688,80.07532501220703,3424400
2025-08-21,AIG,AIG,82.63999938964844,82.79000091552734,82.16000366210938,82.58999633789062,80.13355255126953,3459700
2025-08-22,AIG,AIG,83.2300033569336,83.77999877929688,83.0,83.37999725341797,80.9000473022461,3123700
2025-08-25,AIG,AIG,83.22000122070312,83.33999633789062,82.68000030517578,82.79000091552734,80.32759857177734,2445300
2025-08-26,AIG,AIG,82.29000091552734,82.94000244140625,82.05999755859375,82.58000183105469,80.12384033203125,4164200
2025-08-27,AIG,AIG,82.5199966430664,82.88999938964844,81.98999786376953,82.20999908447266,79.76484680175781,4508300
2025-08-28,AIG,AIG,82.22000122070312,82.22000122070312,81.27999877929688,81.5999984741211,79.17298889160156,3269600
2025-08-29,AIG,AIG,81.95999908447266,82.1500015258789,81.19000244140625,81.31999969482422,78.90132141113281,4039900
2025-09-02,AIG,AIG,81.37999725341797,81.44999694824219,79.9000015258789,81.05000305175781,78.63935089111328,6011600
2025-09-03,AIG,AIG,80.62000274658203,81.44999694824219,80.44999694824219,81.33999633789062,78.92072296142578,3612200
2025-09-04,AIG,AIG,81.68000030517578,81.94999694824219,81.23999786376953,81.7300033569336,79.29911804199219,3464500
2025-09-05,AIG,AIG,81.45999908447266,81.56999969482422,78.83999633789062,79.20999908447266,76.85407257080078,4665600
2025-09-08,AIG,AIG,78.93000030517578,79.1500015258789,78.1500015258789,78.7699966430664,76.42716217041016,5387000
2025-09-09,AIG,AIG,78.66999816894531,79.2699966430664,78.44000244140625,78.4800033569336,76.14579010009766,3999600
2025-09-10,AIG,AIG,78.16000366210938,78.91999816894531,77.72000122070312,78.0,75.68006896972656,4137000
2025-09-11,AIG,AIG,78.05999755859375,78.83000183105469,77.88999938964844,78.72000122070312,76.37865447998047,3960700
2025-09-12,AIG,AIG,78.68000030517578,79.02999877929688,78.44000244140625,78.93000030517578,76.58240509033203,4754200
2025-09-15,AIG,AIG,78.86000061035156,78.93000030517578,76.81999969482422,77.02999877929688,74.7389144897461,5193200
2025-09-16,AIG,AIG,76.27999877929688,76.70999908447266,75.9000015258789,76.33999633789062,74.50467681884766,5740400
2025-09-17,AIG,AIG,76.38999938964844,77.47000122070312,76.29000091552734,76.80000305175781,74.95362091064453,6869700
2025-09-18,AIG,AIG,76.44000244140625,78.13999938964844,76.36000061035156,78.02999877929688,76.154052734375,8328100
2025-09-19,AIG,AIG,77.91000366210938,78.12000274658203,76.55999755859375,76.9800033569336,75.12930297851562,13509200
2025-09-22,AIG,AIG,76.66000366210938,76.83999633789062,76.02999877929688,76.52999877929688,74.69011688232422,5241300
2025-09-23,AIG,AIG,76.45999908447266,77.23999786376953,76.30999755859375,76.69999694824219,74.85602569580078,5096300
2025-09-24,AIG,AIG,76.51000213623047,77.94999694824219,76.25,77.9000015258789,76.02717590332031,4273200
2025-09-25,AIG,AIG,78.0,78.47000122070312,76.80999755859375,77.0999984741211,75.24640655517578,3001400
2025-09-26,AIG,AIG,77.58999633789062,78.29000091552734,77.43000030517578,77.9800033569336,76.10525512695312,3152700
2025-09-29,AIG,AIG,77.81999969482422,78.22000122070312,77.44000244140625,77.9000015258789,76.02717590332031,4056400
2025-09-30,AIG,AIG,77.80000305175781,78.7699966430664,77.69000244140625,78.54000091552734,76.65179443359375,3969300
2025-10-01,AIG,AIG,78.44000244140625,79.73999786376953,78.27999877929688,79.63999938964844,77.72535705566406,3850700
2025-10-02,AIG,AIG,79.3499984741211,80.08999633789062,78.80999755859375,79.63999938964844,77.72535705566406,2727300
2025-10-03,AIG,AIG,79.69000244140625,81.44000244140625,79.69000244140625,81.0199966430664,79.0721664428711,3753700
2025-10-06,AIG,AIG,81.58000183105469,83.16999816894531,81.31999969482422,83.0199966430664,81.02408599853516,5067200
2025-10-07,AIG,AIG,83.22000122070312,84.12000274658203,82.86000061035156,84.05000305175781,82.02932739257812,5923100
2025-10-08,AIG,AIG,84.5,84.69000244140625,83.13999938964844,84.0,81.98052978515625,3485700
2025-10-09,AIG,AIG,84.25,84.5,82.77999877929688,83.16999816894531,81.17047882080078,4137300
2025-10-10,AIG,AIG,83.55999755859375,83.69000244140625,81.1500015258789,81.30000305175781,79.3454360961914,5021100
2025-10-13,AIG,AIG,81.11000061035156,82.12000274658203,80.83000183105469,81.81999969482422,79.8529281616211,2726800
2025-10-14,AIG,AIG,81.62999725341797,83.12000274658203,81.37000274658203,82.91000366210938,80.91673278808594,3483500
2025-10-15,AIG,AIG,82.20999908447266,82.7300033569336,80.47000122070312,81.26000213623047,79.30640411376953,5347900
2025-10-16,AIG,AIG,78.30999755859375,79.7300033569336,76.94999694824219,77.0199966430664,75.1683349609375,10396800
2025-10-17,AIG,AIG,77.19000244140625,78.20999908447266,77.19000244140625,77.36000061035156,75.50016021728516,4031600
2025-10-20,AIG,AIG,77.51000213623047,78.05000305175781,77.11000061035156,77.69000244140625,75.82223510742188,2760400
2025-10-21,AIG,AIG,77.70999908447266,78.5999984741211,77.3499984741211,78.37999725341797,76.49563598632812,2643300
2025-10-22,AIG,AIG,78.66000366210938,79.36000061035156,78.02999877929688,78.94000244140625,77.04217529296875,5152800
2025-10-23,AIG,AIG,79.27999877929688,79.27999877929688,78.55000305175781,78.8499984741211,76.95433807373047,3207000
2025-10-24,AIG,AIG,78.91999816894531,79.73999786376953,78.6500015258789,79.0,77.1007308959961,2634300
2025-10-27,AIG,AIG,79.25,79.63999938964844,78.93000030517578,79.30999755859375,77.40327453613281,2822400
2025-10-28,AIG,AIG,79.16000366210938,79.25,78.05000305175781,78.38999938964844,76.5053939819336,2604700
2025-10-29,AIG,AIG,78.0,78.5199966430664,77.47000122070312,77.9800033569336,76.10525512695312,2845000
2025-10-30,AIG,AIG,78.16000366210938,80.44999694824219,77.19999694824219,78.19000244140625,76.3102035522461,2770000
2025-10-31,AIG,AIG,77.81999969482422,79.41000366210938,77.79000091552734,78.95999908447266,77.06169891357422,3250100
2025-11-03,AIG,AIG,79.01000213623047,79.30000305175781,78.41999816894531,78.95999908447266,77.06169891357422,4197200
2025-11-04,AIG,AIG,79.0,81.2699966430664,78.94999694824219,80.70999908447266,78.76962280273438,5270900
2025-11-05,AIG,AIG,82.0,82.12999725341797,76.27999877929688,76.31999969482422,74.48516082763672,7972100
2025-11-06,AIG,AIG,76.69000244140625,77.47000122070312,76.1500015258789,76.27999877929688,74.44612121582031,4023900
2025-11-07,AIG,AIG,76.54000091552734,77.48999786376953,76.37000274658203,76.93000030517578,75.08050537109375,4259500
2025-11-10,AIG,AIG,76.61000061035156,77.33999633789062,75.66999816894531,76.91999816894531,75.07073211669922,4416000
2025-11-11,AIG,AIG,77.16000366210938,77.3499984741211,76.12999725341797,76.1500015258789,74.31924438476562,4581900
2025-11-12,AIG,AIG,76.08999633789062,78.1500015258789,75.45999908447266,78.0,76.1247787475586,4892900
2025-11-13,AIG,AIG,78.11000061035156,79.23999786376953,77.9000015258789,78.3499984741211,76.46636199951172,4681600
2025-11-14,AIG,AIG,78.47000122070312,78.86000061035156,77.41999816894531,77.75,75.88078308105469,4337700
2025-11-17,AIG,AIG,77.9800033569336,78.58000183105469,76.41000366210938,76.45999908447266,74.62179565429688,4019400
2025-11-18,AIG,AIG,76.7699966430664,77.79000091552734,76.36000061035156,77.06999969482422,75.21713256835938,2422200
2025-11-19,AIG,AIG,76.8499984741211,77.33999633789062,75.08999633789062,75.75,73.92887115478516,3518300
2025-11-20,AIG,AIG,76.45999908447266,77.19999694824219,75.3499984741211,75.69000244140625,73.87031555175781,3270300
2025-11-21,AIG,AIG,76.08000183105469,76.94000244140625,75.5,75.95999908447266,74.1338119506836,5545900
2025-11-24,AIG,AIG,76.0,76.0,74.80000305175781,75.11000061035156,73.30424499511719,4706300
2025-11-25,AIG,AIG,75.5199966430664,76.23999786376953,74.94999694824219,75.01000213623047,73.2066650390625,4063300
2025-11-26,AIG,AIG,75.44000244140625,76.45999908447266,75.29000091552734,76.04000091552734,74.2118911743164,3134100
2025-11-28,AIG,AIG,76.04000091552734,76.76000213623047,75.80999755859375,76.16000366210938,74.32901763916016,1427800
2025-12-01,AIG,AIG,76.06999969482422,77.48999786376953,76.06999969482422,76.61000061035156,74.7681884765625,3973400
2025-12-02,AIG,AIG,76.55000305175781,77.0199966430664,75.91000366210938,76.94999694824219,75.10001373291016,4289800
2025-12-03,AIG,AIG,76.83999633789062,77.38999938964844,76.02999877929688,77.06999969482422,75.21713256835938,3808000
2025-12-04,AIG,AIG,76.63999938964844,77.9000015258789,76.56999969482422,77.27999877929688,75.42208862304688,3455800
2025-12-05,AIG,AIG,76.5199966430664,77.27999877929688,76.44999694824219,77.02999877929688,75.17808532714844,4223000
2025-12-08,AIG,AIG,76.80000305175781,76.80000305175781,75.55000305175781,76.30999755859375,74.47540283203125,4153700
2025-12-09,AIG,AIG,76.44000244140625,77.31999969482422,76.26000213623047,76.41999816894531,74.58275604248047,3672400
2025-12-10,AIG,AIG,76.30999755859375,82.69000244140625,76.23999786376953,81.08000183105469,79.1307373046875,13424400
2025-12-11,AIG,AIG,80.41999816894531,85.0,80.41999816894531,82.8499984741211,80.8581771850586,10529100
2025-12-12,AIG,AIG,83.52999877929688,84.98999786376953,82.9800033569336,84.9000015258789,82.85889434814453,6717600
2025-12-15,AIG,AIG,85.04000091552734,86.58000183105469,84.20999908447266,86.30000305175781,84.22523498535156,7679300
2025-12-16,AIG,AIG,86.2699966430664,86.44000244140625,84.31999969482422,84.54000091552734,82.94002532958984,5994900
2025-12-17,AIG,AIG,84.7300033569336,86.33999633789062,84.45999908447266,86.13999938964844,84.5097427368164,7404500
2025-12-18,AIG,AIG,85.58000183105469,86.80999755859375,84.93000030517578,86.19000244140625,84.55880737304688,4960800
2025-12-19,AIG,AIG,86.31999969482422,86.83999633789062,85.66999816894531,86.02999877929688,84.4018325805664,10255400
2025-12-22,AIG,AIG,86.12999725341797,86.83000183105469,85.5199966430664,86.43000030517578,84.79425048828125,3037400
2025-12-23,AIG,AIG,86.41000366210938,87.0,85.94000244140625,86.58999633789062,84.95122528076172,2086200
2025-12-24,AIG,AIG,86.56999969482422,87.29000091552734,86.37000274658203,86.5199966430664,84.88255310058594,1170200
2025-12-26,AIG,AIG,86.41999816894531,86.66999816894531,86.12999725341797,86.4800033569336,84.84331512451172,1174500
2025-12-29,AIG,AIG,86.4000015258789,86.77999877929688,86.27999877929688,86.4800033569336,84.84331512451172,1806200
2025-12-30,AIG,AIG,86.45999908447266,86.70999908447266,86.11000061035156,86.12999725341797,84.49993133544922,1714400
2025-12-31,AIG,AIG,86.06999969482422,86.38999938964844,85.52999877929688,85.55000305175781,83.93091583251953,1923500
2026-01-02,AIG,AIG,85.2300033569336,85.29000091552734,83.68000030517578,84.2699966430664,82.67513275146484,3053200
2026-01-05,AIG,AIG,83.55999755859375,85.69000244140625,83.4800033569336,84.37999725341797,82.78305053710938,2984700
2026-01-06,AIG,AIG,79.69000244140625,80.4800033569336,77.05000305175781,78.06999969482422,76.59246826171875,12729300
2026-01-07,AIG,AIG,77.43000030517578,78.3499984741211,77.0199966430664,77.06999969482422,75.61139678955078,8419300
2026-01-08,AIG,AIG,77.6500015258789,79.12999725341797,77.06999969482422,77.9000015258789,76.42568969726562,7042600
2026-01-09,AIG,AIG,78.0,78.3499984741211,75.05000305175781,75.43000030517578,74.00243377685547,9380400
2026-01-12,AIG,AIG,75.44999694824219,76.04000091552734,73.98999786376953,74.08999633789062,72.68779754638672,8420300
2026-01-13,AIG,AIG,74.06999969482422,74.31999969482422,72.11000061035156,72.29000091552734,70.92186737060547,8388700
2026-01-14,AIG,AIG,72.55999755859375,74.1500015258789,72.25,73.04000091552734,71.65766906738281,11677200
2026-01-15,AIG,AIG,72.80000305175781,74.2699966430664,72.68000030517578,74.02999877929688,72.62893676757812,7061900
2026-01-16,AIG,AIG,73.5999984741211,73.9800033569336,72.80000305175781,72.93000030517578,71.54975891113281,5744600
2026-01-20,AIG,AIG,72.72000122070312,73.70999908447266,72.23999786376953,72.44000244140625,71.06903076171875,4154000
2026-01-21,AIG,AIG,72.6500015258789,73.30000305175781,71.70999908447266,71.88999938964844,70.52943420410156,3791200
2026-01-22,AIG,AIG,71.62000274658203,72.38999938964844,71.36000061035156,72.30999755859375,70.94148254394531,5589000
2026-01-23,AIG,AIG,71.81999969482422,72.43000030517578,71.25,72.31999969482422,70.9512939453125,3859700
2026-01-26,AIG,AIG,72.80000305175781,74.4000015258789,72.80000305175781,73.79000091552734,72.39347076416016,4053300
2026-01-27,AIG,AIG,73.80000305175781,73.98999786376953,73.06999969482422,73.87000274658203,72.47196197509766,2973100
2026-01-28,AIG,AIG,73.48999786376953,74.19999694824219,73.27999877929688,73.38999938964844,72.00105285644531,3293400
2026-01-29,AIG,AIG,74.0199966430664,74.63999938964844,73.29000091552734,74.36000061035156,72.95269012451172,3470200
2026-01-30,AIG,AIG,74.38999938964844,74.91999816894531,73.58000183105469,74.87999725341797,73.46284484863281,3389100
2026-02-02,AIG,AIG,74.81999969482422,75.25,73.58000183105469,73.91999816894531,72.52101135253906,3405000
2026-02-03,AIG,AIG,73.94999694824219,75.22000122070312,73.5,74.12999725341797,72.72704315185547,4320500
2026-02-04,AIG,AIG,74.75,77.5199966430664,74.61000061035156,76.37000274658203,74.92464447021484,5515400
2026-02-05,AIG,AIG,76.08000183105469,76.95999908447266,75.66999816894531,75.95999908447266,74.52240753173828,3548300
2026-02-06,AIG,AIG,76.18000030517578,77.18000030517578,75.97000122070312,76.72000122070312,75.26802062988281,3099800
2026-02-09,AIG,AIG,76.56999969482422,77.12000274658203,74.62999725341797,74.9000015258789,73.48247528076172,4007900
2026-02-10,AIG,AIG,74.68000030517578,75.4000015258789,74.55999755859375,75.0,73.58056640625,3895400
2026-02-11,AIG,AIG,76.05999755859375,80.05999755859375,76.05999755859375,78.44000244140625,76.95547485351562,7591300
2026-02-12,AIG,AIG,78.5,80.0,77.79000091552734,78.80000305175781,77.30866241455078,5059200
2026-02-13,AIG,AIG,78.5,79.26000213623047,76.87999725341797,78.2699966430664,76.78868865966797,4036600
2026-02-17,AIG,AIG,78.98999786376953,79.68000030517578,78.30999755859375,79.4000015258789,77.89730072021484,3324100
2026-02-18,AIG,AIG,79.56999969482422,79.91999816894531,79.01000213623047,79.79000091552734,78.27992248535156,2842700
2026-02-19,AIG,AIG,79.69999694824219,80.19999694824219,78.52999877929688,79.54000091552734,78.03465270996094,3497400
2026-02-20,AIG,AIG,80.0,80.45999908447266,79.0999984741211,80.44000244140625,78.9176254272461,4609900
2026-02-23,AIG,AIG,80.23999786376953,81.38999938964844,79.91000366210938,79.9800033569336,78.46632385253906,3647900
2026-02-24,AIG,AIG,79.66999816894531,80.19000244140625,78.83999633789062,79.83999633789062,78.3289794921875,3253300
2026-02-25,AIG,AIG,79.8499984741211,80.44000244140625,78.93000030517578,80.1500015258789,78.63311004638672,2559100
2026-02-26,AIG,AIG,80.5999984741211,81.36000061035156,80.27999877929688,80.3499984741211,78.8293228149414,3916200
2026-02-27,AIG,AIG,80.4800033569336,81.02999877929688,79.5999984741211,80.48999786376953,78.9666748046875,8279500
2026-03-02,AIG,AIG,80.88999938964844,81.62000274658203,80.55999755859375,81.12000274658203,79.58475494384766,2742600
2026-03-03,AIG,AIG,79.83000183105469,80.30000305175781,77.58999633789062,79.05999755859375,77.56373596191406,4937000
2026-03-04,AIG,AIG,78.88999938964844,79.52999877929688,78.18000030517578,78.30000305175781,76.81812286376953,3070600
2026-03-05,AIG,AIG,79.18000030517578,80.30999755859375,78.58000183105469,80.06999969482422,78.55462646484375,4424000
2026-03-06,AIG,AIG,79.66000366210938,79.72000122070312,77.37999725341797,78.72000122070312,77.23017883300781,4683400
2026-03-09,AIG,AIG,78.31999969482422,78.52999877929688,76.5,77.62000274658203,76.15099334716797,6020400
2026-03-10,AIG,AIG,77.52999877929688,79.2300033569336,77.26000213623047,78.05000305175781,76.5728530883789,3705600
2026-03-11,AIG,AIG,78.04000091552734,78.80000305175781,76.97000122070312,77.97000122070312,76.49437713623047,5011800
2026-03-12,AIG,AIG,77.44999694824219,78.1500015258789,76.29000091552734,76.4800033569336,75.0325698852539,5082800
2026-03-13,AIG,AIG,77.27999877929688,78.0199966430664,76.6500015258789,76.73999786376953,75.28764343261719,2761900
2026-03-16,AIG,AIG,76.5,77.54000091552734,76.45999908447266,76.54000091552734,75.53436279296875,2681900
2026-03-17,AIG,AIG,77.19000244140625,77.72000122070312,76.5999984741211,76.63999938964844,75.63304138183594,3313800
2026-03-18,AIG,AIG,76.4800033569336,76.62999725341797,74.22000122070312,74.33000183105469,73.35340118408203,6981200
2026-03-19,AIG,AIG,74.58999633789062,74.72000122070312,73.0999984741211,73.88999938964844,72.91918182373047,6037600
2026-03-20,AIG,AIG,73.7699966430664,75.12000274658203,73.7699966430664,74.38999938964844,73.41260528564453,6120400
2026-03-23,AIG,AIG,75.19999694824219,75.62000274658203,74.48999786376953,75.08999633789062,74.1034164428711,2658600
2026-03-24,AIG,AIG,74.87000274658203,75.81999969482422,74.27999877929688,74.33999633789062,73.36326599121094,5758800
2026-03-25,AIG,AIG,74.7699966430664,75.55000305175781,74.41000366210938,75.47000122070312,74.47842407226562,5504100
2026-03-26,AIG,AIG,75.5,75.80000305175781,74.23999786376953,74.2699966430664,73.29418182373047,3549000
2026-03-27,AIG,AIG,74.83000183105469,74.91000366210938,72.94000244140625,72.94999694824219,71.99152374267578,4082300
2026-03-30,AIG,AIG,73.36000061035156,74.6500015258789,73.26000213623047,74.05000305175781,73.07707977294922,2833500
2026-03-31,AIG,AIG,74.91000366210938,75.33000183105469,73.87000274658203,75.25,74.26130676269531,3757100
2026-04-01,AIG,AIG,75.06999969482422,76.20999908447266,74.66999816894531,75.55999755859375,74.5672378540039,2879700
2026-04-02,AIG,AIG,75.45999908447266,75.83999633789062,74.52999877929688,75.41999816894531,74.4290771484375,2294800
2026-04-06,AIG,AIG,75.26000213623047,76.4800033569336,75.26000213623047,76.41999816894531,75.41593933105469,2166500
2026-04-07,AIG,AIG,76.12999725341797,76.61000061035156,75.62999725341797,76.16999816894531,75.16921997070312,2380700
2026-04-08,AIG,AIG,75.83000183105469,77.62000274658203,75.56999969482422,77.43000030517578,76.41266632080078,3317800
2026-04-09,AIG,AIG,76.87999725341797,78.4000015258789,76.70999908447266,77.72000122070312,76.69886016845703,1921300
2026-04-10,AIG,AIG,77.55999755859375,77.76000213623047,76.16999816894531,76.87000274658203,75.86002349853516,2140900
2026-04-13,AIG,AIG,76.58000183105469,77.98999786376953,76.58000183105469,77.83000183105469,76.80741882324219,1960700
2026-04-14,AIG,AIG,77.22000122070312,78.1500015258789,76.7699966430664,77.0199966430664,76.008056640625,3583600
2026-04-15,AIG,AIG,76.9800033569336,77.98999786376953,76.66000366210938,77.08999633789062,76.07713317871094,6609900
2026-04-16,AIG,AIG,76.81999969482422,78.2300033569336,76.61000061035156,78.22000122070312,77.19229125976562,4213500
2026-04-17,AIG,AIG,78.12999725341797,79.62000274658203,77.63999938964844,78.68000030517578,77.646240234375,2667500
2026-04-20,AIG,AIG,78.73999786376953,79.47000122070312,78.31999969482422,78.55999755859375,77.52781677246094,1990000
2026-04-21,AIG,AIG,78.5999984741211,78.83999633789062,77.80999755859375,77.93000030517578,76.90609741210938,2525000
2026-04-22,AIG,AIG,77.63999938964844,77.63999938964844,75.11000061035156,76.02999877929688,75.03105926513672,4918900
2026-04-23,AIG,AIG,75.9800033569336,76.68000030517578,75.5999984741211,76.33000183105469,75.3271255493164,3711900
2026-04-24,AIG,AIG,75.86000061035156,76.41999816894531,74.72000122070312,75.13999938964844,74.15275573730469,3506600
2026-04-27,AIG,AIG,74.70999908447266,75.31999969482422,73.72000122070312,74.12999725341797,73.15602111816406,9758300
2026-04-28,AIG,AIG,74.80000305175781,75.33999633789062,73.38999938964844,74.16000366210938,73.18563079833984,9273100
2026-04-29,AIG,AIG,73.88999938964844,74.4000015258789,73.0,73.79000091552734,72.82048797607422,5473700
2026-04-30,AIG,AIG,73.1500015258789,74.93000030517578,72.9800033569336,74.80000305175781,73.81723022460938,10786100
2026-05-01,AIG,AIG,77.98999786376953,79.7699966430664,77.9000015258789,78.7699966430664,77.73505401611328,9456300
2026-05-04,AIG,AIG,78.0,78.91999816894531,77.26000213623047,77.55999755859375,76.54095458984375,5262200
2026-05-05,AIG,AIG,77.87999725341797,79.12999725341797,77.44000244140625,78.47000122070312,77.43900299072266,3737600
2026-05-06,AIG,AIG,78.86000061035156,79.5999984741211,77.55000305175781,77.69000244140625,76.66925811767578,4388000
2026-05-07,AIG,AIG,77.44000244140625,78.06999969482422,76.26000213623047,76.43000030517578,75.4258041381836,2802800
2026-05-08,AIG,AIG,76.48999786376953,76.98999786376953,75.75,76.36000061035156,75.35672760009766,4752800
2026-05-11,AIG,AIG,76.7699966430664,76.9800033569336,75.44999694824219,76.05999755859375,75.06066131591797,3121800
2026-05-12,AIG,AIG,76.2699966430664,76.63999938964844,74.94999694824219,76.4000015258789,75.39620208740234,4776800
2026-05-13,AIG,AIG,76.3499984741211,77.37000274658203,75.27999877929688,75.77999877929688,74.78434753417969,6537000
2026-05-14,AIG,AIG,76.27999877929688,76.72000122070312,75.43000030517578,75.70999908447266,74.71526336669922,2934100
2026-05-15,AIG,AIG,76.30000305175781,76.93000030517578,75.76000213623047,76.11000061035156,75.11001586914062,2995400
2026-05-18,AIG,AIG,76.02999877929688,78.36000061035156,76.02999877929688,78.36000061035156,77.33045196533203,3623800
2026-05-19,AIG,AIG,78.4000015258789,78.75,77.37999725341797,77.52999877929688,76.5113525390625,3255600
2026-05-20,AIG,AIG,77.94999694824219,78.48999786376953,76.94999694824219,78.02999877929688,77.0047836303711,3300700
2026-05-21,AIG,AIG,77.33999633789062,78.91999816894531,76.94999694824219,78.62000274658203,77.5870361328125,4013700
2026-05-22,AIG,AIG,78.47000122070312,78.55000305175781,76.87000274658203,77.05000305175781,76.03766632080078,2533800
2026-05-26,AIG,AIG,77.22000122070312,78.29000091552734,76.9000015258789,77.19000244140625,76.17582702636719,2302500
2026-05-27,AIG,AIG,77.19000244140625,77.69999694824219,75.19999694824219,75.2699966430664,74.28104400634766,3235800
2026-05-28,AIG,AIG,74.94999694824219,75.66000366210938,74.30000305175781,74.4000015258789,73.4224853515625,2802500
2026-05-29,AIG,AIG,74.52999877929688,75.69000244140625,73.9800033569336,74.2300033569336,73.25471496582031,5254800
2026-06-01,AIG,AIG,73.44000244140625,74.30999755859375,73.41999816894531,73.44999694824219,72.4849624633789,2518200
2026-06-02,AIG,AIG,73.23999786376953,74.41000366210938,73.0,73.80000305175781,72.83036804199219,3454000
2026-06-03,AIG,AIG,73.61000061035156,74.12000274658203,72.1500015258789,72.55000305175781,71.59678649902344,3444600
2026-06-04,AIG,AIG,73.55000305175781,74.87999725341797,73.12000274658203,73.44000244140625,72.47509002685547,3415300
2026-06-05,AIG,AIG,74.12999725341797,75.70999908447266,73.9800033569336,75.48999786376953,74.49816131591797,3136300
2026-06-08,AIG,AIG,74.87000274658203,75.25,74.0,74.0999984741211,73.12641906738281,7199900
2026-06-09,AIG,AIG,74.12000274658203,74.86000061035156,73.7300033569336,73.91999816894531,72.94878387451172,6557100
2026-06-10,AIG,AIG,73.91999816894531,75.45999908447266,73.31999969482422,74.94000244140625,73.95538330078125,4858000
2026-06-11,AIG,AIG,75.33000183105469,75.94999694824219,74.95999908447266,75.31999969482422,74.33039093017578,4232400
2026-06-12,AIG,AIG,75.08999633789062,76.25,74.80999755859375,75.73999786376953,74.744873046875,2612300
2026-06-15,AIG,AIG,75.4000015258789,75.83999633789062,74.61000061035156,74.87999725341797,74.38723754882812,2633100
2026-06-16,AIG,AIG,75.37999725341797,75.93000030517578,74.66000366210938,75.20999908447266,74.7150650024414,2357300
2026-06-17,AIG,AIG,74.66999816894531,75.70999908447266,74.37000274658203,74.7699966430664,74.27796173095703,3397100
2026-06-18,AIG,AIG,74.80000305175781,75.19000244140625,73.80999755859375,74.0199966430664,73.53289794921875,5858400
2026-06-22,AIG,AIG,74.30000305175781,78.04000091552734,74.0999984741211,76.37000274658203,75.86743927001953,9572000
2026-06-23,AIG,AIG,76.79000091552734,77.08999633789062,75.88999938964844,76.52999877929688,76.02638244628906,3576600
2026-06-24,AIG,AIG,77.06999969482422,77.18000030517578,76.0999984741211,76.13999938964844,75.63894653320312,3415600
2026-06-25,AIG,AIG,76.25,76.81999969482422,74.55999755859375,74.8499984741211,74.35743713378906,2576800
2026-06-26,AIG,AIG,75.6500015258789,76.61000061035156,74.97000122070312,75.56999969482422,75.07270050048828,15344600
2026-06-29,AIG,AIG,75.22000122070312,75.77999877929688,74.66000366210938,75.12000274658203,74.62566375732422,3606700
2026-06-30,AIG,AIG,75.04000091552734,75.31999969482422,74.2699966430664,74.52999877929688,74.03954315185547,3255100
2026-07-01,AIG,AIG,75.13999938964844,77.0199966430664,75.13999938964844,76.58999633789062,76.08598327636719,6967300
2026-07-02,AIG,AIG,77.33999633789062,79.43000030517578,76.5,79.38999938964844,78.86756134033203,3491800
2026-07-06,AIG,AIG,79.19000244140625,80.80000305175781,78.66999816894531,80.75,80.21861267089844,3941300
2026-07-07,AIG,AIG,81.4000015258789,82.44999694824219,80.9800033569336,81.05999755859375,80.52657318115234,3238600
2026-07-08,AIG,AIG,81.11000061035156,81.11000061035156,79.52999877929688,79.62000274658203,79.09605407714844,3286800
2026-07-09,AIG,AIG,80.5,80.6500015258789,78.86000061035156,79.11000061035156,78.58940887451172,3275700
2026-07-10,AIG,AIG,79.91000366210938,79.91000366210938,78.73999786376953,79.16999816894531,78.64900970458984,2016500
2026-07-13,AIG,AIG,79.97000122070312,80.5999984741211,78.8499984741211,79.9000015258789,79.37420654296875,2587100
2026-07-14,AIG,AIG,79.33000183105469,80.26000213623047,78.69999694824219,79.0,78.4801254272461,2273000
2026-07-15,AIG,AIG,77.62000274658203,78.11000061035156,76.62999725341797,76.77999877929688,76.27473449707031,4250100
2026-07-16,AIG,AIG,77.16999816894531,78.4800033569336,77.05000305175781,78.02999877929688,77.51651000976562,2932500
2026-07-17,AIG,AIG,78.38999938964844,80.94000244140625,78.38999938964844,80.5,79.97026062011719,6847700
2026-07-20,AIG,AIG,80.08000183105469,80.33999633789062,79.55999755859375,79.80000305175781,79.27486419677734,2476400
2026-07-21,AIG,AIG,79.66999816894531,80.26000213623047,79.11000061035156,80.23999786376953,79.71196746826172,4060300
2026-07-22,AIG,AIG,79.75,80.12999725341797,77.44999694824219,78.25,77.73506164550781,4555800
2026-07-23,AIG,AIG,77.9800033569336,78.7300033569336,77.37999725341797,78.16000366210938,77.64566040039062,3503300
2026-07-24,AIG,AIG,78.0999984741211,79.22000122070312,77.98999786376953,79.05999755859375,78.53973388671875,2212300
2026-07-27,AIG,AIG,79.08999633789062,80.2699966430664,79.08999633789062,79.16000366210938,78.63907623291016,2549300
2026-07-28,AIG,AIG,79.7699966430664,81.0199966430664,79.58999633789062,80.83000183105469,80.29808807373047,3315600
2026-07-29,AIG,AIG,80.76000213623047,80.98999786376953,80.0199966430664,80.19999694824219,79.67222595214844,2649800
2026-07-30,AIG,AIG,79.91000366210938,80.06999969482422,77.47000122070312,78.88999938964844,78.370849609375,3507300
2026-07-31,AIG,AIG,78.56999969482422,78.94000244140625,78.1500015258789,78.58000183105469,78.06289672851562,3570900
2026-08-03,AIG,AIG,79.30000305175781,79.66999816894531,78.04000091552734,78.79000091552734,78.27151489257812,2630000
2026-08-04,AIG,AIG,77.76000213623047,79.5,77.19000244140625,79.31999969482422,78.79801940917969,2875500
2026-08-05,AIG,AIG,79.66000366210938,80.38999938964844,79.33000183105469,80.12000274658203,79.59275817871094,2844300
2026-08-06,AIG,AIG,81.0,81.04000091552734,79.2300033569336,79.97000122070312,79.4437484741211,3111300
2026-08-07,AIG,AIG,79.1500015258789,79.7699966430664,77.87000274658203,78.77999877929688,78.2615737915039,4674300
2026-08-10,AIG,AIG,77.80000305175781,78.44000244140625,77.05999755859375,77.61000061035156,77.09927368164062,3793100
2026-08-11,AIG,AIG,77.05000305175781,78.0199966430664,76.88999938964844,77.30999755859375,76.8012466430664,3457400
2026-08-12,AIG,AIG,76.56999969482422,77.0199966430664,76.05999755859375,76.13999938964844,75.63894653320312,3757100
2026-08-13,AIG,AIG,76.73999786376953,76.95999908447266,75.83000183105469,76.02999877929688,75.52967071533203,2132300
2026-08-14,AIG,AIG,76.29000091552734,76.98999786376953,76.0,76.63999938964844,76.13565826416016,2812400
2026-08-17,AIG,AIG,76.1500015258789,77.23999786376953,75.7699966430664,75.80999755859375,75.31111907958984,2223600
2026-08-18,AIG,AIG,76.61000061035156,77.20999908447266,76.08999633789062,76.12000274658203,75.61908721923828,2194600
2026-08-19,AIG,AIG,76.1500015258789,76.80000305175781,75.55999755859375,75.69999694824219,75.20184326171875,2207100
2026-08-20,AIG,AIG,75.48999786376953,76.25,75.05999755859375,75.75,75.25151824951172,2689600
2026-08-21,AIG,AIG,76.0,76.80999755859375,75.80999755859375,76.12000274658203,75.61908721923828,3157600
2026-08-24,AIG,AIG,76.47000122070312,77.80000305175781,76.47000122070312,77.37999725341797,76.87078857421875,2715800
2026-08-25,AIG,AIG,77.2300033569336,77.51000213623047,76.36000061035156,76.37999725341797,75.87736511230469,1723100
2026-08-26,AIG,AIG,76.55000305175781,77.38999938964844,76.4000015258789,76.97000122070312,76.46348571777344,2922000
2026-08-27,AIG,AIG,76.3499984741211,76.75,75.51000213623047,76.62999725341797,76.12572479248047,4238200
2026-08-28,AIG,AIG,77.1500015258789,77.44999694824219,76.45999908447266,76.93000030517578,76.42375183105469,1975100
2026-08-31,AIG,AIG,76.83000183105469,76.93000030517578,76.19999694824219,76.36000061035156,75.85750579833984,3670700
2026-09-01,AIG,AIG,76.41999816894531,77.31999969482422,75.66000366210938,75.87999725341797,75.38066101074219,3335600
2026-09-02,AIG,AIG,76.16000366210938,77.23999786376953,76.02999877929688,76.12999725341797,75.62901306152344,5374200
2026-09-03,AIG,AIG,76.5999984741211,77.48999786376953,76.2699966430664,76.86000061035156,76.35420989990234,5458000
2026-09-04,AIG,AIG,76.08000183105469,76.70999908447266,75.94000244140625,76.20999908447266,75.70848846435547,3135900
