Date,Symbol,DownloadSymbol,Open,High,Low,Close,Adj Close,Volume
2016-07-14,APD,APD,137.30804443359375,138.43663024902344,136.947265625,137.74282836914062,107.82901000976562,1152346
2016-07-15,APD,APD,138.2053680419922,138.4736328125,137.3173065185547,138.15911865234375,108.15484619140625,877772
2016-07-18,APD,APD,138.16836547851562,138.46438598632812,137.51156616210938,138.0111083984375,108.03900146484375,1031058
2016-07-19,APD,APD,137.4745635986328,138.22386169433594,137.15078735351562,138.18685913085938,108.17656707763672,878313
2016-07-20,APD,APD,138.04811096191406,138.76040649414062,137.83534240722656,138.15911865234375,108.15484619140625,662869
2016-07-21,APD,APD,138.29786682128906,138.29786682128906,136.74375915527344,137.1877899169922,107.39451599121094,499530
2016-07-22,APD,APD,137.36355590820312,137.72433471679688,136.73451232910156,137.49305725097656,107.63343048095703,390241
2016-07-25,APD,APD,137.3173065185547,137.65032958984375,136.70675659179688,137.39129638671875,107.5538101196289,671301
2016-07-26,APD,APD,137.83534240722656,139.26919555664062,137.09527587890625,138.62164306640625,108.51695251464844,1366925
2016-07-27,APD,APD,138.7141571044922,138.83441162109375,137.5023193359375,137.84458923339844,107.90863800048828,1219584
2016-07-28,APD,APD,140.13876342773438,141.24884033203125,137.35430908203125,137.82608032226562,107.8941421508789,1635769
2016-07-29,APD,APD,137.65957641601562,139.45420837402344,137.1600341796875,138.22386169433594,108.20556640625,1621068
2016-08-01,APD,APD,136.6790008544922,138.16836547851562,136.09620666503906,137.97409057617188,108.00999450683594,1042084
2016-08-02,APD,APD,137.8538360595703,137.97409057617188,136.4847412109375,137.12303161621094,107.34381103515625,672814
2016-08-03,APD,APD,137.60406494140625,137.60406494140625,136.71600341796875,137.1045379638672,107.32929992675781,928039
2016-08-04,APD,APD,137.06753540039062,138.32562255859375,136.51248168945312,137.83534240722656,107.90140533447266,889339
2016-08-05,APD,APD,138.2886199951172,138.76040649414062,137.57632446289062,138.02960205078125,108.05350494384766,1009870
2016-08-08,APD,APD,138.48287963867188,138.48287963867188,137.23403930664062,137.6133270263672,107.72760772705078,679300
2016-08-09,APD,APD,137.6873321533203,138.0943603515625,137.36355590820312,137.92784118652344,107.97380828857422,756484
2016-08-10,APD,APD,138.0666046142578,138.0666046142578,137.41905212402344,137.8630828857422,107.92312622070312,571525
2016-08-11,APD,APD,138.38113403320312,138.64015197753906,137.51156616210938,137.881591796875,107.93758392333984,666328
2016-08-12,APD,APD,138.76040649414062,140.68455505371094,138.2053680419922,138.61239624023438,108.50971221923828,1406922
2016-08-15,APD,APD,138.91766357421875,140.36077880859375,138.7696533203125,140.16651916503906,109.72631072998047,794967
2016-08-16,APD,APD,141.22108459472656,143.30250549316406,141.08233642578125,141.32284545898438,110.63151550292969,2038442
2016-08-17,APD,APD,141.3968505859375,142.50694274902344,140.24977111816406,142.20166015625,111.31947326660156,1160237
2016-08-18,APD,APD,142.18316650390625,143.38575744628906,141.89639282226562,143.35800170898438,112.22468566894531,1077433
2016-08-19,APD,APD,142.5994415283203,144.2553253173828,142.17391967773438,144.01480102539062,112.73884582519531,1061434
2016-08-22,APD,APD,143.5152587890625,144.22756958007812,143.1082305908203,143.8297882080078,112.59398651123047,621251
2016-08-23,APD,APD,144.31082153320312,145.09713745117188,143.73727416992188,143.78353881835938,112.55784606933594,870637
2016-08-24,APD,APD,143.5615234375,144.11656188964844,143.135986328125,143.58001708984375,112.39848327636719,949875
2016-08-25,APD,APD,143.46900939941406,144.45883178710938,143.46900939941406,144.06105041503906,112.77507781982422,866097
2016-08-26,APD,APD,144.1350555419922,144.31082153320312,142.0629119873047,142.69195556640625,111.7032699584961,1184992
2016-08-29,APD,APD,142.98797607421875,145.70767211914062,142.98797607421875,144.2090606689453,112.89093780517578,936146
2016-08-30,APD,APD,144.0703125,145.45791625976562,143.6725311279297,144.91212463378906,113.44131469726562,1229529
2016-08-31,APD,APD,144.37557983398438,144.99537658691406,143.7002716064453,143.95928955078125,112.69542694091797,1119808
2016-09-01,APD,APD,144.4310760498047,144.81961059570312,143.89454650878906,144.58834838867188,113.1878433227539,1408759
2016-09-02,APD,APD,145.2358856201172,145.5689239501953,144.6160888671875,145.31915283203125,113.75996398925781,1143806
2016-09-06,APD,APD,145.5689239501953,146.01295471191406,144.65309143066406,145.60592651367188,113.98442077636719,1272229
2016-09-07,APD,APD,144.97686767578125,145.80943298339844,144.62535095214844,145.60592651367188,113.98442077636719,759511
2016-09-08,APD,APD,145.64292907714844,145.8741912841797,144.14431762695312,144.2090606689453,112.89093780517578,1287471
2016-09-09,APD,APD,143.4505157470703,143.4505157470703,140.15725708007812,140.17576599121094,109.73355102539062,2449438
2016-09-12,APD,APD,139.61146545410156,141.23959350585938,138.0666046142578,139.2969512939453,109.04560852050781,9047430
2016-09-13,APD,APD,138.6031494140625,139.3061981201172,135.31915283203125,136.64199829101562,106.96720123291016,3827713
2016-09-14,APD,APD,136.6512451171875,137.46531677246094,134.60684204101562,135.8186798095703,106.32270812988281,3098146
2016-09-15,APD,APD,135.5689239501953,136.04995727539062,135.08787536621094,135.59666442871094,106.14891815185547,3190139
2016-09-16,APD,APD,134.81961059570312,135.5781707763672,134.0240478515625,134.8751220703125,105.58405303955078,5836860
2016-09-19,APD,APD,135.679931640625,136.73451232910156,135.5226593017578,135.80018615722656,106.3082275390625,1380005
2016-09-20,APD,APD,136.70675659179688,137.1877899169922,135.9759521484375,136.04995727539062,106.50375366210938,1158292
2016-09-21,APD,APD,136.41073608398438,137.7798309326172,136.21646118164062,137.59481811523438,107.71314239501953,1152022
2016-09-22,APD,APD,138.8806610107422,139.2784423828125,136.72525024414062,137.0490264892578,107.2858657836914,1342062
2016-09-23,APD,APD,136.33673095703125,137.01202392578125,136.10545349121094,136.41073608398438,106.78616333007812,935173
2016-09-26,APD,APD,136.36447143554688,137.72433471679688,135.98519897460938,137.23403930664062,107.43070983886719,1277850
2016-09-27,APD,APD,137.28028869628906,138.25161743164062,136.9657745361328,137.6873321533203,107.78555297851562,1373194
2016-09-28,APD,APD,138.14060974121094,138.97317504882812,137.6410675048828,138.556884765625,108.46626281738281,1445189
2016-09-29,APD,APD,138.54763793945312,140.2405242919922,138.48287963867188,139.23219299316406,108.99488830566406,2203186
2016-09-30,APD,APD,140.01849365234375,140.4902801513672,138.6586456298828,139.07493591308594,108.87181091308594,2345013
2016-10-03,APD,APD,139.83999633789062,141.02000427246094,138.85000610351562,140.57000732421875,110.04215240478516,3017900
2016-10-04,APD,APD,140.67999267578125,141.07000732421875,136.99000549316406,137.32000732421875,107.49797821044922,2202700
2016-10-05,APD,APD,137.32000732421875,138.13999938964844,136.5399932861328,136.97999572753906,107.23177337646484,1701500
2016-10-06,APD,APD,135.99000549316406,137.14999389648438,135.89999389648438,137.02999877929688,107.94867706298828,1182700
2016-10-07,APD,APD,137.22999572753906,137.22999572753906,133.74000549316406,135.0800018310547,106.41255187988281,1886700
2016-10-10,APD,APD,135.94000244140625,135.94000244140625,135.07000732421875,135.39999389648438,106.66460418701172,1871800
2016-10-11,APD,APD,135.00999450683594,135.02999877929688,131.72999572753906,132.64999389648438,104.49825286865234,1932800
2016-10-12,APD,APD,132.27000427246094,133.14999389648438,131.99000549316406,132.80999755859375,104.62428283691406,1188300
2016-10-13,APD,APD,131.33999633789062,132.55999755859375,129.89999389648438,132.25999450683594,104.19099426269531,1484300
2016-10-14,APD,APD,133.27000427246094,133.27000427246094,132.0,132.64999389648438,104.49825286865234,1193700
2016-10-17,APD,APD,132.64999389648438,133.22999572753906,132.17999267578125,132.27999877929688,104.2067642211914,797400
2016-10-18,APD,APD,133.91000366210938,134.52000427246094,133.4600067138672,133.82000732421875,105.4199447631836,905200
2016-10-19,APD,APD,134.22999572753906,134.3800048828125,133.22000122070312,133.91000366210938,105.49083709716797,850700
2016-10-20,APD,APD,133.67999267578125,134.77000427246094,133.2100067138672,134.38999938964844,105.8689956665039,1184400
2016-10-21,APD,APD,133.35000610351562,134.63999938964844,132.77000427246094,134.44000244140625,105.90836334228516,999600
2016-10-24,APD,APD,135.0800018310547,136.07000732421875,134.4499969482422,134.80999755859375,106.1998519897461,884300
2016-10-25,APD,APD,135.38999938964844,135.38999938964844,133.47999572753906,133.50999450683594,105.17572021484375,1510100
2016-10-26,APD,APD,132.77999877929688,133.0500030517578,131.75,132.97999572753906,104.75821685791016,2757600
2016-10-27,APD,APD,133.5,135.0500030517578,129.0,133.39999389648438,105.08905792236328,3602800
2016-10-28,APD,APD,133.39999389648438,135.13999938964844,132.6699981689453,133.80999755859375,105.41205596923828,2100600
2016-10-31,APD,APD,134.25999450683594,134.49000549316406,133.3800048828125,133.4199981689453,105.10482788085938,1624800
2016-11-01,APD,APD,133.74000549316406,134.50999450683594,131.1199951171875,132.25999450683594,104.19099426269531,1695600
2016-11-02,APD,APD,132.3300018310547,133.8699951171875,131.8000030517578,133.5500030517578,105.20724487304688,2102300
2016-11-03,APD,APD,134.0,134.72000122070312,133.0500030517578,133.08999633789062,104.84486389160156,1375700
2016-11-04,APD,APD,132.99000549316406,134.05999755859375,132.07000732421875,133.3699951171875,105.06541442871094,1147200
2016-11-07,APD,APD,135.35000610351562,137.25999450683594,134.83999633789062,137.0800018310547,107.98809814453125,2233500
2016-11-08,APD,APD,136.8800048828125,137.8800048828125,136.3800048828125,136.92999267578125,107.86988830566406,1505500
2016-11-09,APD,APD,134.97999572753906,137.9199981689453,134.17999267578125,137.22000122070312,108.09838104248047,2378300
2016-11-10,APD,APD,138.11000061035156,141.0,137.88999938964844,139.97999572753906,110.27264404296875,2003300
2016-11-11,APD,APD,140.0800018310547,141.13999938964844,138.16000366210938,138.5399932861328,109.13822937011719,1641900
2016-11-14,APD,APD,138.5500030517578,139.19000244140625,137.8800048828125,137.97999572753906,108.69709014892578,1304300
2016-11-15,APD,APD,137.7899932861328,138.35000610351562,136.86000061035156,138.13999938964844,108.8231430053711,856100
2016-11-16,APD,APD,138.0800018310547,138.7899932861328,137.42999267578125,138.74000549316406,109.29580688476562,1052900
2016-11-17,APD,APD,138.92999267578125,139.33999633789062,137.88999938964844,138.0,108.71281433105469,1157700
2016-11-18,APD,APD,138.0,138.52999877929688,137.60000610351562,137.9600067138672,108.68134307861328,1559200
2016-11-21,APD,APD,142.8000030517578,142.8000030517578,139.00999450683594,139.74000549316406,110.08356475830078,1232400
2016-11-22,APD,APD,140.24000549316406,140.8800048828125,138.77999877929688,139.7100067138672,110.0599594116211,1372500
2016-11-23,APD,APD,139.3699951171875,140.7899932861328,139.3699951171875,140.75,110.87922668457031,672400
2016-11-25,APD,APD,141.0,141.5399932861328,140.72000122070312,141.5399932861328,111.50152587890625,283600
2016-11-28,APD,APD,141.42999267578125,142.38999938964844,140.75999450683594,141.77999877929688,111.69062805175781,1447700
2016-11-29,APD,APD,140.97000122070312,144.1699981689453,140.52999877929688,143.47000122070312,113.02196502685547,2055300
2016-11-30,APD,APD,143.64999389648438,145.25999450683594,142.89999389648438,144.4600067138672,113.8018569946289,2697900
2016-12-01,APD,APD,144.4199981689453,145.3699951171875,143.7899932861328,144.07000732421875,113.4946517944336,1355400
2016-12-02,APD,APD,144.0,145.05999755859375,143.4499969482422,144.5500030517578,113.87277221679688,1301700
2016-12-05,APD,APD,146.2100067138672,147.85000610351562,145.75999450683594,147.3300018310547,116.06277465820312,1783700
2016-12-06,APD,APD,147.19000244140625,147.5,146.02000427246094,146.57000732421875,115.4640884399414,866200
2016-12-07,APD,APD,146.80999755859375,148.58999633789062,145.88999938964844,148.5399932861328,117.0159912109375,1159400
2016-12-08,APD,APD,148.61000061035156,149.14999389648438,148.08999633789062,149.05999755859375,117.42561340332031,836300
2016-12-09,APD,APD,148.83999633789062,149.6999969482422,147.97000122070312,149.5500030517578,117.81165313720703,669800
2016-12-12,APD,APD,149.86000061035156,150.38999938964844,148.97000122070312,149.63999938964844,117.88251495361328,802800
2016-12-13,APD,APD,150.02999877929688,150.4499969482422,148.27000427246094,149.1199951171875,117.47290802001953,1025400
2016-12-14,APD,APD,148.97999572753906,149.8300018310547,147.11000061035156,148.17999267578125,116.73239135742188,1526200
2016-12-15,APD,APD,147.86000061035156,149.39999389648438,147.4499969482422,149.08999633789062,117.44922637939453,1069800
2016-12-16,APD,APD,149.27000427246094,149.52000427246094,147.25999450683594,147.42999267578125,116.14153289794922,2204700
2016-12-19,APD,APD,147.35000610351562,148.0,146.88999938964844,147.72000122070312,116.37002563476562,761600
2016-12-20,APD,APD,147.89999389648438,149.80999755859375,147.0500030517578,147.5,116.19670104980469,1793800
2016-12-21,APD,APD,148.32000732421875,148.50999450683594,147.00999450683594,147.35000610351562,116.07852935791016,970400
2016-12-22,APD,APD,147.11000061035156,147.9600067138672,145.69000244140625,146.08999633789062,115.0859375,1091300
2016-12-23,APD,APD,146.02999877929688,146.60000610351562,145.63999938964844,146.47999572753906,115.39315032958984,587400
2016-12-27,APD,APD,146.6199951171875,147.55999755859375,146.6199951171875,147.3800048828125,116.1021728515625,1029600
2016-12-28,APD,APD,147.6699981689453,147.6699981689453,145.02000427246094,145.1199951171875,114.3217544555664,630000
2016-12-29,APD,APD,144.4499969482422,145.0500030517578,144.1699981689453,144.3699951171875,114.4089584350586,479300
2016-12-30,APD,APD,144.52999877929688,144.82000732421875,143.22999572753906,143.82000732421875,113.9731216430664,725900
2017-01-03,APD,APD,143.55999755859375,144.72999572753906,142.83999633789062,143.39999389648438,113.64025115966797,1402100
2017-01-04,APD,APD,144.0399932861328,144.83999633789062,143.69000244140625,144.64999389648438,114.6308364868164,2012200
2017-01-05,APD,APD,144.3800048828125,144.4199981689453,142.83999633789062,143.22000122070312,113.49762725830078,1260300
2017-01-06,APD,APD,143.24000549316406,144.8000030517578,142.9499969482422,144.36000061035156,114.40104675292969,1745900
2017-01-09,APD,APD,144.3000030517578,147.58999633789062,144.2899932861328,146.30999755859375,115.94639587402344,2370400
2017-01-10,APD,APD,146.49000549316406,146.88999938964844,145.2100067138672,145.25999450683594,115.11424255371094,1038800
2017-01-11,APD,APD,144.7899932861328,146.10000610351562,144.7899932861328,146.00999450683594,115.7086181640625,1000800
2017-01-12,APD,APD,145.9600067138672,145.9600067138672,144.1999969482422,145.83999633789062,115.57389831542969,654000
2017-01-13,APD,APD,145.6999969482422,146.0800018310547,145.0500030517578,145.35000610351562,115.18558502197266,996500
2017-01-17,APD,APD,145.07000732421875,145.83999633789062,144.6699981689453,145.33999633789062,115.17765045166016,1268700
2017-01-18,APD,APD,145.55999755859375,146.35000610351562,144.55999755859375,146.3300018310547,115.96218872070312,1147600
2017-01-19,APD,APD,146.36000061035156,146.63999938964844,145.1699981689453,145.47000122070312,115.28070831298828,1239400
2017-01-20,APD,APD,145.6999969482422,146.77999877929688,145.58999633789062,146.6199951171875,116.1920166015625,1150000
2017-01-23,APD,APD,146.38999938964844,146.8800048828125,144.77000427246094,146.07000732421875,115.75616455078125,1268400
2017-01-24,APD,APD,146.5500030517578,147.41000366210938,146.25999450683594,147.1300048828125,116.59619140625,2016400
2017-01-25,APD,APD,147.5,148.72999572753906,147.14999389648438,148.52999877929688,117.70560455322266,1597800
2017-01-26,APD,APD,148.24000549316406,149.4600067138672,147.67999267578125,148.80999755859375,117.92754364013672,1856100
2017-01-27,APD,APD,140.0,142.47000122070312,137.0500030517578,142.00999450683594,112.53872680664062,5469500
2017-01-30,APD,APD,140.10000610351562,141.8300018310547,139.91000366210938,140.99000549316406,111.73043060302734,2724900
2017-01-31,APD,APD,140.99000549316406,141.22000122070312,139.13999938964844,139.75999450683594,110.75566101074219,2483800
2017-02-01,APD,APD,139.32000732421875,140.24000549316406,138.0,138.67999267578125,109.89982604980469,1652300
2017-02-02,APD,APD,138.67999267578125,139.85000610351562,137.4600067138672,139.27999877929688,110.37529754638672,1438500
2017-02-03,APD,APD,139.77000427246094,140.2899932861328,139.14999389648438,140.16000366210938,111.07269287109375,1300200
2017-02-06,APD,APD,140.0,140.27000427246094,138.63999938964844,139.0500030517578,110.1930160522461,808600
2017-02-07,APD,APD,139.08999633789062,139.49000549316406,137.8800048828125,138.8000030517578,109.99491882324219,1466900
2017-02-08,APD,APD,138.17999267578125,138.80999755859375,137.72000122070312,138.58999633789062,109.82846069335938,1649000
2017-02-09,APD,APD,138.58999633789062,139.4600067138672,138.22000122070312,138.5399932861328,109.78886413574219,1298000
2017-02-10,APD,APD,138.89999389648438,140.44000244140625,138.5399932861328,140.1300048828125,111.04888916015625,2272600
2017-02-13,APD,APD,140.75,141.25,139.85000610351562,140.5,111.34209442138672,1670500
2017-02-14,APD,APD,140.39999389648438,142.25999450683594,139.75,142.1300048828125,112.63384246826172,2001500
2017-02-15,APD,APD,141.6699981689453,142.99000549316406,141.19000244140625,142.3800048828125,112.83194732666016,1429000
2017-02-16,APD,APD,142.57000732421875,143.1199951171875,141.05999755859375,141.8699951171875,112.42780303955078,860900
2017-02-17,APD,APD,141.97000122070312,142.13999938964844,141.10000610351562,141.5,112.13456726074219,717400
2017-02-21,APD,APD,140.97999572753906,141.8000030517578,140.8300018310547,141.47000122070312,112.11077880859375,1148200
2017-02-22,APD,APD,140.77000427246094,141.3699951171875,140.27999877929688,140.33999633789062,111.21531677246094,992600
2017-02-23,APD,APD,140.97000122070312,141.2100067138672,139.32000732421875,140.36000061035156,111.23115539550781,1434200
2017-02-24,APD,APD,140.07000732421875,141.00999450683594,139.61000061035156,140.86000061035156,111.62737274169922,890300
2017-02-27,APD,APD,140.92999267578125,141.22999572753906,139.1199951171875,139.3800048828125,110.45453643798828,1079200
2017-02-28,APD,APD,138.92999267578125,140.6999969482422,138.8000030517578,140.47000122070312,111.31835174560547,1677800
2017-03-01,APD,APD,142.1300048828125,144.05999755859375,141.97999572753906,143.69000244140625,113.87007141113281,1707000
2017-03-02,APD,APD,143.41000366210938,143.41000366210938,140.41000366210938,140.57000732421875,111.3975830078125,1267500
2017-03-03,APD,APD,140.33999633789062,140.8699951171875,139.1300048828125,139.52000427246094,110.56549835205078,923200
2017-03-06,APD,APD,139.02000427246094,140.11000061035156,138.66000366210938,139.30999755859375,110.39905548095703,973500
2017-03-07,APD,APD,139.22000122070312,139.83999633789062,138.85000610351562,139.63999938964844,110.66058349609375,870700
2017-03-08,APD,APD,139.72999572753906,140.4199981689453,139.14999389648438,139.55999755859375,110.59718322753906,1183400
2017-03-09,APD,APD,139.60000610351562,140.50999450683594,138.02999877929688,138.5800018310547,109.8205795288086,1570800
2017-03-10,APD,APD,139.41000366210938,139.60000610351562,138.25,138.77000427246094,109.97113800048828,1475500
2017-03-13,APD,APD,138.89999389648438,139.2899932861328,136.92999267578125,137.82000732421875,109.21829223632812,1443000
2017-03-14,APD,APD,137.5399932861328,137.5800018310547,135.8800048828125,136.17999267578125,107.91864013671875,1747500
2017-03-15,APD,APD,136.88999938964844,138.42999267578125,136.1699981689453,137.99000549316406,109.35299682617188,2460600
2017-03-16,APD,APD,138.25,138.25,137.02999877929688,137.97000122070312,109.33712768554688,1462700
2017-03-17,APD,APD,138.55999755859375,139.61000061035156,138.49000549316406,139.52999877929688,110.57341003417969,2174000
2017-03-20,APD,APD,139.49000549316406,139.6999969482422,138.32000732421875,138.69000244140625,109.9077377319336,1248700
2017-03-21,APD,APD,138.69000244140625,138.9499969482422,136.0,136.4499969482422,108.13259887695312,1548100
2017-03-22,APD,APD,136.3699951171875,137.0,135.00999450683594,136.41000366210938,108.10092163085938,841400
2017-03-23,APD,APD,136.16000366210938,138.00999450683594,135.3000030517578,137.0500030517578,108.60811614990234,1188700
2017-03-24,APD,APD,136.8300018310547,137.42999267578125,134.6699981689453,134.94000244140625,106.93597412109375,1313400
2017-03-27,APD,APD,133.8699951171875,136.2100067138672,133.6300048828125,135.9199981689453,107.71259307861328,2522700
2017-03-28,APD,APD,135.83999633789062,137.5800018310547,135.83999633789062,137.25,108.76658630371094,1014000
2017-03-29,APD,APD,136.75999450683594,137.3000030517578,136.22999572753906,136.77999877929688,108.39412689208984,740000
2017-03-30,APD,APD,135.8000030517578,136.85000610351562,135.60000610351562,135.60000610351562,108.2105484008789,2069300
2017-03-31,APD,APD,135.1300048828125,136.3300018310547,135.1199951171875,135.2899932861328,107.96319580078125,1844700
2017-04-03,APD,APD,135.6999969482422,136.44000244140625,134.08999633789062,134.9499969482422,107.6918716430664,1624200
2017-04-04,APD,APD,135.0800018310547,135.38999938964844,134.67999267578125,135.35000610351562,108.01107788085938,1109800
2017-04-05,APD,APD,135.83999633789062,137.10000610351562,135.02000427246094,135.24000549316406,107.92327880859375,930800
2017-04-06,APD,APD,135.47999572753906,135.8300018310547,135.0,135.19000244140625,107.88340759277344,860400
2017-04-07,APD,APD,134.77999877929688,135.5500030517578,134.3300018310547,135.00999450683594,107.73974609375,2908200
2017-04-10,APD,APD,135.22000122070312,136.11000061035156,135.07000732421875,135.75999450683594,108.33828735351562,859000
2017-04-11,APD,APD,135.7899932861328,136.47000122070312,135.39999389648438,136.4199981689453,108.86492919921875,1004000
2017-04-12,APD,APD,136.4600067138672,136.47999572753906,135.35000610351562,135.50999450683594,108.13874816894531,899300
2017-04-13,APD,APD,135.3300018310547,135.5800018310547,134.1699981689453,134.3000030517578,107.17314910888672,626900
2017-04-17,APD,APD,134.77999877929688,135.89999389648438,134.4199981689453,135.86000061035156,108.41806030273438,1092400
2017-04-18,APD,APD,135.0399932861328,136.02000427246094,134.72000122070312,135.27000427246094,107.94722747802734,701000
2017-04-19,APD,APD,135.72999572753906,136.0399932861328,134.77999877929688,134.9600067138672,107.69988250732422,577400
2017-04-20,APD,APD,135.6199951171875,137.33999633789062,135.1999969482422,136.89999389648438,109.24798583984375,985300
2017-04-21,APD,APD,136.8699951171875,137.66000366210938,136.82000732421875,137.3000030517578,109.5671615600586,1121300
2017-04-24,APD,APD,137.91000366210938,139.89999389648438,137.91000366210938,139.75999450683594,111.53030395507812,1006800
2017-04-25,APD,APD,140.22000122070312,141.86000061035156,140.13999938964844,141.72999572753906,113.10238647460938,1189400
2017-04-26,APD,APD,141.3300018310547,142.4499969482422,140.75,141.5800018310547,112.98267364501953,1511300
2017-04-27,APD,APD,141.27999877929688,141.85000610351562,137.72000122070312,141.10000610351562,112.5996322631836,1855100
2017-04-28,APD,APD,141.0,141.19000244140625,139.35000610351562,140.5,112.1208267211914,1910900
2017-05-01,APD,APD,141.5500030517578,142.13999938964844,140.00999450683594,142.02999877929688,113.34178161621094,1671200
2017-05-02,APD,APD,142.5,143.5800018310547,142.00999450683594,143.52000427246094,114.53082275390625,2492300
2017-05-03,APD,APD,143.49000549316406,144.32000732421875,143.25999450683594,143.82000732421875,114.77025604248047,1906500
2017-05-04,APD,APD,143.91000366210938,145.5800018310547,143.89999389648438,144.75999450683594,115.52035522460938,2303200
2017-05-05,APD,APD,145.0,147.66000366210938,145.0,147.22000122070312,117.48347473144531,2316900
2017-05-08,APD,APD,146.82000732421875,147.38999938964844,145.92999267578125,146.19000244140625,116.66150665283203,1589900
2017-05-09,APD,APD,146.1999969482422,146.44000244140625,144.97999572753906,145.3000030517578,115.95127868652344,943200
2017-05-10,APD,APD,145.4499969482422,145.60000610351562,144.63999938964844,145.25,115.91136169433594,928300
2017-05-11,APD,APD,144.99000549316406,145.0500030517578,143.2899932861328,143.86000061035156,114.80216979980469,1065800
2017-05-12,APD,APD,143.86000061035156,145.11000061035156,143.72000122070312,144.07000732421875,114.96976470947266,1288100
2017-05-15,APD,APD,144.50999450683594,145.22000122070312,144.1199951171875,145.0800018310547,115.77570343017578,710600
2017-05-16,APD,APD,142.72999572753906,145.24000549316406,142.63999938964844,144.35000610351562,115.19318389892578,2118700
2017-05-17,APD,APD,144.35000610351562,144.35000610351562,142.5399932861328,142.57000732421875,113.77275085449219,1349800
2017-05-18,APD,APD,142.64999389648438,143.52999877929688,141.33999633789062,142.7100067138672,113.88441467285156,1271300
2017-05-19,APD,APD,142.99000549316406,143.9600067138672,142.55999755859375,143.10000610351562,114.1956787109375,1339500
2017-05-22,APD,APD,143.85000610351562,143.88999938964844,142.86000061035156,143.30999755859375,114.36322784423828,820900
2017-05-23,APD,APD,143.5800018310547,143.5800018310547,142.58999633789062,142.8300018310547,113.98021697998047,639100
2017-05-24,APD,APD,143.27999877929688,144.9199981689453,142.8800048828125,144.13999938964844,115.02560424804688,1081000
2017-05-25,APD,APD,144.14999389648438,144.50999450683594,143.32000732421875,144.1199951171875,115.00959777832031,781300
2017-05-26,APD,APD,143.83999633789062,144.27000427246094,143.5500030517578,143.91000366210938,114.84207916259766,694200
2017-05-30,APD,APD,143.64999389648438,144.3000030517578,143.33999633789062,143.97000122070312,114.88993072509766,885200
2017-05-31,APD,APD,143.8300018310547,144.30999755859375,142.97999572753906,144.05999755859375,114.96178436279297,1494000
2017-06-01,APD,APD,144.4600067138672,145.92999267578125,144.0,145.0800018310547,115.77570343017578,1085100
2017-06-02,APD,APD,145.47000122070312,147.5,144.77999877929688,146.7899932861328,117.14033508300781,1192100
2017-06-05,APD,APD,146.61000061035156,146.8300018310547,144.8699951171875,144.9600067138672,115.68000793457031,1291900
2017-06-06,APD,APD,144.47999572753906,144.8300018310547,143.85000610351562,144.1199951171875,115.00959777832031,770800
2017-06-07,APD,APD,144.5800018310547,144.67999267578125,143.17999267578125,143.36000061035156,114.40314483642578,883000
2017-06-08,APD,APD,143.36000061035156,144.16000366210938,142.52999877929688,143.5,114.51484680175781,1065800
2017-06-09,APD,APD,143.6699981689453,146.08999633789062,143.6699981689453,145.85000610351562,116.39022064208984,1152400
2017-06-12,APD,APD,145.5,146.17999267578125,144.22999572753906,144.42999267578125,115.25701141357422,1199700
2017-06-13,APD,APD,144.4199981689453,146.32000732421875,144.0399932861328,146.27000427246094,116.7253646850586,831400
2017-06-14,APD,APD,146.27000427246094,146.35000610351562,144.80999755859375,145.55999755859375,116.15878295898438,774100
2017-06-15,APD,APD,144.7899932861328,146.5399932861328,144.7100067138672,145.2100067138672,115.8794937133789,2037700
2017-06-16,APD,APD,145.66000366210938,146.0,144.64999389648438,145.50999450683594,116.11885070800781,1735700
2017-06-19,APD,APD,146.3699951171875,147.3800048828125,145.82000732421875,146.14999389648438,116.62960052490234,1268600
2017-06-20,APD,APD,145.24000549316406,145.8000030517578,144.6199951171875,144.74000549316406,115.50442504882812,801400
2017-06-21,APD,APD,144.91000366210938,145.64999389648438,143.30999755859375,143.47999572753906,114.49889373779297,749900
2017-06-22,APD,APD,143.32000732421875,144.52999877929688,143.1999969482422,144.25,115.11338806152344,1007800
2017-06-23,APD,APD,144.60000610351562,145.02999877929688,143.80999755859375,144.94000244140625,115.66403198242188,4010200
2017-06-26,APD,APD,145.02999877929688,145.5399932861328,144.5800018310547,144.91000366210938,115.64006042480469,1150900
2017-06-27,APD,APD,145.0500030517578,145.50999450683594,143.8300018310547,143.8300018310547,114.7781982421875,796500
2017-06-28,APD,APD,145.1699981689453,145.25,144.39999389648438,144.83999633789062,115.58419036865234,869700
2017-06-29,APD,APD,144.19000244140625,144.4600067138672,140.77999877929688,141.77000427246094,113.88125610351562,891700
2017-06-30,APD,APD,141.97000122070312,143.86000061035156,141.88999938964844,143.05999755859375,114.91748046875,938100
2017-07-03,APD,APD,143.72999572753906,144.74000549316406,143.5,144.2899932861328,115.90547943115234,411600
2017-07-05,APD,APD,144.14999389648438,144.49000549316406,142.4499969482422,142.61000061035156,114.55599975585938,718700
2017-07-06,APD,APD,142.30999755859375,143.44000244140625,141.99000549316406,142.1300048828125,114.17044830322266,533600
2017-07-07,APD,APD,142.42999267578125,144.1300048828125,142.07000732421875,144.00999450683594,115.68055725097656,708700
2017-07-10,APD,APD,143.5399932861328,144.52000427246094,143.0800018310547,143.5,115.27090454101562,591100
2017-07-11,APD,APD,143.6199951171875,143.72000122070312,142.19000244140625,142.77000427246094,114.6845474243164,645400
2017-07-12,APD,APD,143.25,144.24000549316406,143.17999267578125,143.72999572753906,115.45565795898438,948700
2017-07-13,APD,APD,143.89999389648438,144.67999267578125,143.2899932861328,144.3699951171875,115.96977233886719,1004800
2017-07-14,APD,APD,144.66000366210938,145.77999877929688,144.35000610351562,145.57000732421875,116.93376159667969,1013600
2017-07-17,APD,APD,145.42999267578125,146.0800018310547,145.24000549316406,145.5500030517578,116.91768646240234,1195100
2017-07-18,APD,APD,144.58999633789062,145.5,144.58999633789062,145.24000549316406,116.66864013671875,757300
2017-07-19,APD,APD,145.17999267578125,146.2100067138672,144.82000732421875,146.2100067138672,117.44783782958984,1478500
2017-07-20,APD,APD,146.02000427246094,146.33999633789062,145.1300048828125,146.00999450683594,117.28716278076172,1299900
2017-07-21,APD,APD,145.88999938964844,145.88999938964844,144.64999389648438,145.63999938964844,116.98995208740234,1226600
2017-07-24,APD,APD,145.3300018310547,145.3300018310547,144.32000732421875,144.94000244140625,116.42768096923828,1308200
2017-07-25,APD,APD,145.99000549316406,146.5500030517578,144.72999572753906,145.0399932861328,116.50801086425781,1284700
2017-07-26,APD,APD,144.9600067138672,145.16000366210938,143.82000732421875,143.89999389648438,115.59226989746094,1108100
2017-07-27,APD,APD,144.0800018310547,144.3000030517578,142.7100067138672,143.64999389648438,115.39143371582031,1243200
2017-07-28,APD,APD,143.97999572753906,144.19000244140625,142.6199951171875,143.49000549316406,115.26290893554688,928900
2017-07-31,APD,APD,144.17999267578125,144.22999572753906,141.8800048828125,142.14999389648438,114.18648529052734,1826700
2017-08-01,APD,APD,148.0,149.63999938964844,146.14999389648438,148.9199981689453,119.62470245361328,4473400
2017-08-02,APD,APD,148.33999633789062,148.89999389648438,146.97999572753906,148.11000061035156,118.97405242919922,3983700
2017-08-03,APD,APD,148.47000122070312,148.60000610351562,146.6999969482422,146.9199981689453,118.01813507080078,1860000
2017-08-04,APD,APD,147.41000366210938,148.0399932861328,147.02000427246094,147.22000122070312,118.25912475585938,804500
2017-08-07,APD,APD,147.94000244140625,147.94000244140625,146.92999267578125,147.3000030517578,118.32337188720703,866600
2017-08-08,APD,APD,147.2100067138672,147.2899932861328,145.6300048828125,145.85000610351562,117.1586685180664,866100
2017-08-09,APD,APD,145.83999633789062,146.36000061035156,145.57000732421875,146.25,117.47993469238281,1162800
2017-08-10,APD,APD,145.52000427246094,146.0,144.88999938964844,145.02000427246094,116.4919204711914,1054200
2017-08-11,APD,APD,143.80999755859375,145.7899932861328,143.80999755859375,144.60000610351562,116.15453338623047,1068600
2017-08-14,APD,APD,145.47999572753906,147.42999267578125,145.3699951171875,146.63999938964844,117.79324340820312,1337800
2017-08-15,APD,APD,146.5,146.91000366210938,145.8000030517578,146.80999755859375,117.9297866821289,1319200
2017-08-16,APD,APD,147.0,148.16000366210938,146.91000366210938,148.0800018310547,118.94996643066406,1232300
2017-08-17,APD,APD,147.8800048828125,148.10000610351562,145.52999877929688,145.5399932861328,116.9096450805664,1207600
2017-08-18,APD,APD,145.42999267578125,146.35000610351562,144.8000030517578,145.75999450683594,117.08634948730469,1402400
2017-08-21,APD,APD,145.74000549316406,145.75,144.9199981689453,145.14999389648438,116.59638214111328,1584700
2017-08-22,APD,APD,145.83999633789062,146.8000030517578,145.39999389648438,145.9499969482422,117.2389907836914,1232400
2017-08-23,APD,APD,145.36000061035156,145.75999450683594,144.9499969482422,145.16000366210938,116.60437774658203,2214400
2017-08-24,APD,APD,145.47000122070312,145.80999755859375,144.91000366210938,145.22999572753906,116.6606216430664,953800
2017-08-25,APD,APD,145.0500030517578,146.47000122070312,145.0500030517578,146.00999450683594,117.28716278076172,953200
2017-08-28,APD,APD,146.67999267578125,146.6999969482422,145.35000610351562,145.77999877929688,117.1023941040039,540600
2017-08-29,APD,APD,144.7899932861328,145.47999572753906,144.63999938964844,145.3699951171875,116.77303314208984,458600
2017-08-30,APD,APD,145.35000610351562,145.83999633789062,145.1199951171875,145.50999450683594,116.8854751586914,879200
2017-08-31,APD,APD,146.0,146.0,145.24000549316406,145.3699951171875,116.77303314208984,1192700
2017-09-01,APD,APD,145.66000366210938,146.11000061035156,145.0399932861328,145.64999389648438,116.99796295166016,992800
2017-09-05,APD,APD,145.14999389648438,145.80999755859375,143.8699951171875,144.47000122070312,116.05010223388672,1748700
2017-09-06,APD,APD,144.3699951171875,144.89999389648438,143.86000061035156,144.5,116.07417297363281,2832400
2017-09-07,APD,APD,144.5,144.5800018310547,143.7899932861328,144.3699951171875,115.96977233886719,2214300
2017-09-08,APD,APD,144.3300018310547,145.3699951171875,144.02999877929688,144.97000122070312,116.45174407958984,1715400
2017-09-11,APD,APD,146.00999450683594,149.3800048828125,145.3699951171875,149.17999267578125,119.83357238769531,3024700
2017-09-12,APD,APD,149.85000610351562,151.4199981689453,149.0800018310547,149.27999877929688,119.91389465332031,2061200
2017-09-13,APD,APD,149.00999450683594,149.55999755859375,148.52000427246094,149.1999969482422,119.84959411621094,1540700
2017-09-14,APD,APD,149.61000061035156,150.4499969482422,148.77000427246094,150.07000732421875,120.54849243164062,1558800
2017-09-15,APD,APD,150.02000427246094,150.36000061035156,149.47999572753906,150.1300048828125,120.59667205810547,1750600
2017-09-18,APD,APD,150.14999389648438,150.9499969482422,149.67999267578125,150.9499969482422,121.25537872314453,2531000
2017-09-19,APD,APD,150.91000366210938,151.3000030517578,150.0800018310547,150.5,120.89385223388672,2621900
2017-09-20,APD,APD,150.8300018310547,151.13999938964844,150.05999755859375,150.97999572753906,121.27946472167969,2491400
2017-09-21,APD,APD,150.74000549316406,151.47000122070312,150.25,151.0500030517578,121.33570098876953,1587000
2017-09-22,APD,APD,151.0,151.22000122070312,150.16000366210938,150.25999450683594,120.70109558105469,2424600
2017-09-25,APD,APD,150.3000030517578,151.5800018310547,149.94000244140625,151.52999877929688,121.7212905883789,1273500
2017-09-26,APD,APD,151.77000427246094,151.97999572753906,150.89999389648438,150.97999572753906,121.27946472167969,698100
2017-09-27,APD,APD,151.3000030517578,151.5800018310547,150.10000610351562,151.32000732421875,121.55262756347656,942100
2017-09-28,APD,APD,151.4499969482422,152.25999450683594,151.17999267578125,151.33999633789062,121.56864166259766,1089200
2017-09-29,APD,APD,151.5,151.60000610351562,150.4600067138672,151.22000122070312,121.47227478027344,971200
2017-10-02,APD,APD,151.0399932861328,152.75999450683594,150.5500030517578,152.1999969482422,122.25945281982422,1081000
2017-10-03,APD,APD,152.5399932861328,153.49000549316406,151.72000122070312,153.19000244140625,123.05470275878906,791200
2017-10-04,APD,APD,153.0500030517578,153.57000732421875,152.72999572753906,152.89999389648438,122.82178497314453,774800
2017-10-05,APD,APD,153.22999572753906,153.33999633789062,152.42999267578125,153.30999755859375,123.15116119384766,807000
2017-10-06,APD,APD,152.36000061035156,153.3300018310547,152.02000427246094,153.3000030517578,123.9109115600586,1315000
2017-10-09,APD,APD,153.36000061035156,153.36000061035156,152.55999755859375,152.74000549316406,123.45829010009766,690800
2017-10-10,APD,APD,152.80999755859375,153.27999877929688,152.1699981689453,153.19000244140625,123.82198333740234,1068100
2017-10-11,APD,APD,153.1699981689453,153.1699981689453,151.92999267578125,152.92999267578125,123.61185455322266,696400
2017-10-12,APD,APD,152.57000732421875,153.39999389648438,152.49000549316406,153.33999633789062,123.94322204589844,588000
2017-10-13,APD,APD,153.5,154.41000366210938,153.41000366210938,153.4600067138672,124.04025268554688,1388000
2017-10-16,APD,APD,153.88999938964844,154.25999450683594,152.25,153.22000122070312,123.84627532958984,926600
2017-10-17,APD,APD,153.67999267578125,153.9499969482422,152.8000030517578,153.47000122070312,124.04833221435547,585700
2017-10-18,APD,APD,153.58999633789062,153.82000732421875,152.0500030517578,153.1999969482422,123.83007049560547,1114600
2017-10-19,APD,APD,152.82000732421875,153.22999572753906,152.02000427246094,152.86000061035156,123.55531311035156,929200
2017-10-20,APD,APD,153.64999389648438,154.74000549316406,153.60000610351562,154.22000122070312,124.6545181274414,812200
2017-10-23,APD,APD,154.14999389648438,154.41000366210938,153.25,153.60000610351562,124.15337371826172,883600
2017-10-24,APD,APD,153.47000122070312,154.27000427246094,153.47000122070312,153.85000610351562,124.35549926757812,802000
2017-10-25,APD,APD,153.8800048828125,154.82000732421875,153.17999267578125,154.58999633789062,124.95361328125,1694800
2017-10-26,APD,APD,159.85000610351562,161.9600067138672,158.6199951171875,161.38999938964844,130.44998168945312,2326500
2017-10-27,APD,APD,161.3000030517578,162.86000061035156,160.72000122070312,160.8800048828125,130.03778076171875,1047600
2017-10-30,APD,APD,160.9600067138672,161.1199951171875,159.44000244140625,159.9499969482422,129.28604125976562,852100
2017-10-31,APD,APD,160.77999877929688,160.77999877929688,159.19000244140625,159.42999267578125,128.86569213867188,866100
2017-11-01,APD,APD,159.69000244140625,160.63999938964844,158.52999877929688,159.9199981689453,129.26177978515625,899400
2017-11-02,APD,APD,160.19000244140625,160.77999877929688,158.1699981689453,159.41000366210938,128.84959411621094,881700
2017-11-03,APD,APD,159.67999267578125,159.67999267578125,158.3800048828125,159.25,128.72023010253906,460700
2017-11-06,APD,APD,159.47999572753906,159.9600067138672,158.57000732421875,158.8000030517578,128.3565216064453,434700
2017-11-07,APD,APD,159.3800048828125,159.97999572753906,158.97000122070312,159.77000427246094,129.14051818847656,638600
2017-11-08,APD,APD,159.77999877929688,161.10000610351562,159.7100067138672,160.94000244140625,130.0863037109375,672600
2017-11-09,APD,APD,160.02000427246094,162.30999755859375,159.6699981689453,160.5500030517578,129.77102661132812,1257100
2017-11-10,APD,APD,160.1999969482422,160.94000244140625,159.80999755859375,160.3000030517578,129.56893920898438,585300
2017-11-13,APD,APD,162.52999877929688,163.55999755859375,161.36000061035156,162.75999450683594,131.55731201171875,1935100
2017-11-14,APD,APD,161.77000427246094,162.27000427246094,161.00999450683594,162.14999389648438,131.06430053710938,1232100
2017-11-15,APD,APD,161.25999450683594,161.6300048828125,160.24000549316406,160.86000061035156,130.02157592773438,770300
2017-11-16,APD,APD,161.10000610351562,161.97999572753906,160.8699951171875,161.17999267578125,130.28021240234375,1206100
2017-11-17,APD,APD,160.8300018310547,162.3699951171875,160.35000610351562,161.5800018310547,130.60360717773438,923300
2017-11-20,APD,APD,161.5500030517578,162.49000549316406,161.25999450683594,161.57000732421875,130.5955047607422,695900
2017-11-21,APD,APD,162.10000610351562,162.67999267578125,161.75999450683594,162.2899932861328,131.17742919921875,474000
2017-11-22,APD,APD,162.58999633789062,162.58999633789062,161.5500030517578,161.6199951171875,130.63587951660156,455300
2017-11-24,APD,APD,161.88999938964844,162.60000610351562,161.14999389648438,161.55999755859375,130.58741760253906,295600
2017-11-27,APD,APD,161.77999877929688,161.92999267578125,160.80999755859375,160.94000244140625,130.0863037109375,819500
2017-11-28,APD,APD,160.88999938964844,163.27000427246094,160.8300018310547,163.24000549316406,131.94532775878906,826100
2017-11-29,APD,APD,163.0800018310547,163.32000732421875,162.0,162.6199951171875,131.4441680908203,618200
2017-11-30,APD,APD,163.3300018310547,164.64999389648438,162.5800018310547,163.0399932861328,131.78367614746094,1275500
2017-12-01,APD,APD,163.2899932861328,163.57000732421875,160.83999633789062,161.63999938964844,130.6520538330078,749000
2017-12-04,APD,APD,162.19000244140625,164.36000061035156,161.9499969482422,162.39999389648438,131.26632690429688,864700
2017-12-05,APD,APD,162.50999450683594,162.8800048828125,160.99000549316406,161.97999572753906,130.9268798828125,581600
2017-12-06,APD,APD,161.0800018310547,161.8000030517578,160.10000610351562,160.4199981689453,129.6659698486328,815400
2017-12-07,APD,APD,160.00999450683594,161.14999389648438,159.89999389648438,160.97999572753906,130.11854553222656,1090100
2017-12-08,APD,APD,161.3000030517578,161.47999572753906,160.1999969482422,160.9199981689453,130.070068359375,1010200
2017-12-11,APD,APD,163.3699951171875,163.6199951171875,162.52000427246094,163.1199951171875,131.84828186035156,1233000
2017-12-12,APD,APD,163.36000061035156,163.36000061035156,162.42999267578125,162.88999938964844,131.6623992919922,710900
2017-12-13,APD,APD,163.10000610351562,163.39999389648438,161.92999267578125,162.49000549316406,131.33909606933594,860000
2017-12-14,APD,APD,162.1699981689453,162.47000122070312,160.50999450683594,160.52999877929688,129.7548370361328,702200
2017-12-15,APD,APD,161.50999450683594,161.6300048828125,160.00999450683594,160.4199981689453,129.6659698486328,1799800
2017-12-18,APD,APD,160.55999755859375,162.4199981689453,160.49000549316406,162.13999938964844,131.0561981201172,1057200
2017-12-19,APD,APD,162.1699981689453,163.1699981689453,161.77999877929688,162.52000427246094,131.3633575439453,957100
2017-12-20,APD,APD,163.3699951171875,163.7100067138672,162.5800018310547,162.8300018310547,131.6139678955078,583400
2017-12-21,APD,APD,163.22999572753906,163.49000549316406,162.35000610351562,163.16000366210938,131.88059997558594,581200
2017-12-22,APD,APD,163.47999572753906,163.60000610351562,163.02999877929688,163.4199981689453,132.0907745361328,833800
2017-12-26,APD,APD,163.47000122070312,163.47000122070312,162.4199981689453,163.0,131.75131225585938,626400
2017-12-27,APD,APD,163.4499969482422,163.88999938964844,162.91000366210938,163.6699981689453,132.29287719726562,936400
2017-12-28,APD,APD,164.19000244140625,164.77999877929688,163.5,164.6199951171875,133.06076049804688,711300
2017-12-29,APD,APD,164.0399932861328,164.6699981689453,163.82000732421875,164.0800018310547,133.39404296875,835000
2018-01-02,APD,APD,164.8800048828125,165.5399932861328,163.8000030517578,165.50999450683594,134.55662536621094,1051900
2018-01-03,APD,APD,165.55999755859375,166.6199951171875,165.0,166.41000366210938,135.288330078125,798200
2018-01-04,APD,APD,167.30999755859375,167.85000610351562,166.67999267578125,167.0500030517578,135.8086700439453,932400
2018-01-05,APD,APD,167.9600067138672,168.97000122070312,167.08999633789062,168.4499969482422,136.9468231201172,742200
2018-01-08,APD,APD,168.25999450683594,168.80999755859375,167.1199951171875,168.6300048828125,137.09317016601562,802100
2018-01-09,APD,APD,169.07000732421875,170.49000549316406,168.3800048828125,169.05999755859375,137.4427032470703,834500
2018-01-10,APD,APD,169.0800018310547,169.19000244140625,167.77000427246094,168.35000610351562,136.86553955078125,902700
2018-01-11,APD,APD,169.0399932861328,170.52999877929688,168.75999450683594,169.97000122070312,138.18251037597656,695200
2018-01-12,APD,APD,170.0,170.30999755859375,168.9199981689453,170.14999389648438,138.32887268066406,648700
2018-01-16,APD,APD,171.42999267578125,171.49000549316406,165.75999450683594,166.75,135.5647735595703,1115500
2018-01-17,APD,APD,168.25,169.16000366210938,167.1999969482422,168.55999755859375,137.03628540039062,806400
2018-01-18,APD,APD,167.8000030517578,168.99000549316406,166.25,166.89999389648438,135.68663024902344,1032500
2018-01-19,APD,APD,167.0,167.97999572753906,166.75999450683594,167.8000030517578,136.4184112548828,1057400
2018-01-22,APD,APD,167.63999938964844,168.67999267578125,166.5500030517578,168.60000610351562,137.0688018798828,976800
2018-01-23,APD,APD,167.99000549316406,169.7100067138672,167.64999389648438,169.60000610351562,137.88174438476562,1058600
2018-01-24,APD,APD,169.75,171.11000061035156,169.74000549316406,170.80999755859375,138.86544799804688,877700
2018-01-25,APD,APD,171.69000244140625,175.1699981689453,171.69000244140625,174.0,141.4589385986328,2585900
2018-01-26,APD,APD,164.22999572753906,171.27999877929688,162.69000244140625,169.85000610351562,138.08499145507812,2700900
2018-01-29,APD,APD,166.9499969482422,170.30999755859375,165.9600067138672,166.6699981689453,135.4996795654297,2032500
2018-01-30,APD,APD,166.6999969482422,168.92999267578125,165.88999938964844,168.3000030517578,136.82485961914062,1790600
2018-01-31,APD,APD,168.97999572753906,169.33999633789062,167.1699981689453,168.3699951171875,136.8817596435547,1867800
2018-02-01,APD,APD,167.2100067138672,168.3000030517578,165.35000610351562,166.7899932861328,135.5972442626953,1477000
2018-02-02,APD,APD,166.39999389648438,166.39999389648438,162.5800018310547,162.83999633789062,132.385986328125,1356900
2018-02-05,APD,APD,162.41000366210938,163.5399932861328,155.5500030517578,156.3300018310547,127.09346008300781,1707500
2018-02-06,APD,APD,154.35000610351562,160.7899932861328,153.50999450683594,160.22000122070312,130.2559814453125,2396600
2018-02-07,APD,APD,159.58999633789062,161.8300018310547,158.11000061035156,158.2100067138672,128.6219024658203,1650000
2018-02-08,APD,APD,158.11000061035156,158.64999389648438,152.7100067138672,152.8000030517578,124.22367095947266,1218700
2018-02-09,APD,APD,155.16000366210938,159.00999450683594,152.8800048828125,158.08999633789062,128.52427673339844,1787000
2018-02-12,APD,APD,159.0399932861328,160.6999969482422,158.35000610351562,159.67999267578125,129.8169708251953,1266300
2018-02-13,APD,APD,159.27000427246094,160.05999755859375,157.63999938964844,159.44000244140625,129.62181091308594,1189300
2018-02-14,APD,APD,157.8699951171875,161.6699981689453,157.49000549316406,161.27000427246094,131.10958862304688,1115500
2018-02-15,APD,APD,162.00999450683594,164.0399932861328,160.0,163.60000610351562,133.00384521484375,1092700
2018-02-16,APD,APD,163.1699981689453,164.4199981689453,161.9199981689453,163.6300048828125,133.02825927734375,1194900
2018-02-20,APD,APD,162.82000732421875,164.00999450683594,162.30999755859375,162.91000366210938,132.44293212890625,1248700
2018-02-21,APD,APD,163.05999755859375,164.8800048828125,160.7100067138672,160.75999450683594,130.69497680664062,711700
2018-02-22,APD,APD,161.61000061035156,163.52000427246094,160.7100067138672,162.57000732421875,132.16647338867188,771900
2018-02-23,APD,APD,163.77999877929688,164.30999755859375,162.8000030517578,164.27000427246094,133.54852294921875,632600
2018-02-26,APD,APD,164.49000549316406,165.83999633789062,163.57000732421875,165.44000244140625,134.49978637695312,891700
2018-02-27,APD,APD,165.74000549316406,166.47000122070312,163.61000061035156,163.61000061035156,133.011962890625,757200
2018-02-28,APD,APD,163.72000122070312,164.97000122070312,160.75,160.7899932861328,130.71934509277344,816400
2018-03-01,APD,APD,160.69000244140625,161.57000732421875,159.1699981689453,160.8300018310547,130.751953125,1453100
2018-03-02,APD,APD,160.25999450683594,160.58999633789062,157.9199981689453,159.77000427246094,129.89013671875,1560300
2018-03-05,APD,APD,159.1300048828125,163.6199951171875,158.85000610351562,163.27999877929688,132.74368286132812,990500
2018-03-06,APD,APD,163.5500030517578,165.52999877929688,161.99000549316406,164.1999969482422,133.4916534423828,771700
2018-03-07,APD,APD,162.5399932861328,165.00999450683594,162.38999938964844,164.52999877929688,133.7599334716797,893700
2018-03-08,APD,APD,166.05999755859375,168.44000244140625,165.02999877929688,167.0800018310547,135.8330078125,1990700
2018-03-09,APD,APD,168.41000366210938,171.41000366210938,167.63999938964844,171.10000610351562,139.10122680664062,1369900
2018-03-12,APD,APD,171.1300048828125,171.94000244140625,170.1999969482422,170.8800048828125,138.92236328125,1210500
2018-03-13,APD,APD,172.0,172.38999938964844,170.66000366210938,170.92999267578125,138.96299743652344,1533500
2018-03-14,APD,APD,171.19000244140625,171.4199981689453,168.7100067138672,168.97999572753906,137.37771606445312,1374300
2018-03-15,APD,APD,169.58999633789062,169.97000122070312,168.86000061035156,169.0800018310547,137.45899963378906,1091100
2018-03-16,APD,APD,169.36000061035156,170.0,168.10000610351562,169.55999755859375,137.84922790527344,1808000
2018-03-19,APD,APD,168.75,168.92999267578125,165.64999389648438,166.67999267578125,135.5078125,1935600
2018-03-20,APD,APD,167.17999267578125,167.92999267578125,165.22000122070312,165.66000366210938,134.6786346435547,806800
2018-03-21,APD,APD,165.5399932861328,167.7899932861328,164.74000549316406,166.24000549316406,135.15013122558594,879800
2018-03-22,APD,APD,164.67999267578125,165.27999877929688,160.86000061035156,161.19000244140625,131.04457092285156,1101000
2018-03-23,APD,APD,161.88999938964844,161.88999938964844,157.7100067138672,158.0399932861328,128.48367309570312,762400
2018-03-26,APD,APD,160.17999267578125,161.27999877929688,158.50999450683594,160.94000244140625,130.84136962890625,793600
2018-03-27,APD,APD,161.3300018310547,161.83999633789062,158.0500030517578,158.6300048828125,128.96334838867188,872100
2018-03-28,APD,APD,159.75999450683594,160.63999938964844,157.61000061035156,158.17999267578125,128.59747314453125,1083400
2018-03-29,APD,APD,157.7100067138672,160.02000427246094,157.14999389648438,159.02999877929688,130.1938934326172,1040500
2018-04-02,APD,APD,158.9499969482422,159.64999389648438,155.1999969482422,156.5500030517578,128.16357421875,1197400
2018-04-03,APD,APD,157.0,159.4499969482422,156.02000427246094,159.27999877929688,130.39852905273438,896600
2018-04-04,APD,APD,157.08999633789062,162.2899932861328,155.83999633789062,162.1300048828125,132.7318115234375,1244200
2018-04-05,APD,APD,162.77000427246094,164.85000610351562,162.3000030517578,164.11000061035156,134.35275268554688,874700
2018-04-06,APD,APD,162.47000122070312,163.32000732421875,158.5,159.9600067138672,130.95526123046875,797900
2018-04-09,APD,APD,161.22999572753906,162.1199951171875,160.11000061035156,160.22999572753906,131.1763153076172,880100
2018-04-10,APD,APD,162.02999877929688,164.35000610351562,161.47999572753906,163.19000244140625,133.599609375,742000
2018-04-11,APD,APD,161.83999633789062,162.1699981689453,160.4199981689453,161.61000061035156,132.30604553222656,826400
2018-04-12,APD,APD,162.22000122070312,163.85000610351562,162.1300048828125,163.0399932861328,133.4767608642578,545200
2018-04-13,APD,APD,164.22000122070312,164.6699981689453,162.3800048828125,162.97000122070312,133.4195098876953,570300
2018-04-16,APD,APD,164.5500030517578,165.60000610351562,163.86000061035156,165.42999267578125,135.43341064453125,707400
2018-04-17,APD,APD,166.5,168.8800048828125,165.6699981689453,168.13999938964844,137.65206909179688,782800
2018-04-18,APD,APD,168.8800048828125,169.14999389648438,167.99000549316406,168.3699951171875,137.84031677246094,683100
2018-04-19,APD,APD,167.9499969482422,168.35000610351562,165.30999755859375,166.8000030517578,136.5550537109375,711800
2018-04-20,APD,APD,166.61000061035156,166.97000122070312,164.80999755859375,166.27000427246094,136.12115478515625,549300
2018-04-23,APD,APD,166.02999877929688,166.7100067138672,165.16000366210938,166.11000061035156,135.99008178710938,585400
2018-04-24,APD,APD,166.55999755859375,167.22999572753906,161.80999755859375,164.0,134.26271057128906,948800
2018-04-25,APD,APD,164.35000610351562,165.6999969482422,162.9199981689453,165.57000732421875,135.54803466796875,1230900
2018-04-26,APD,APD,164.5800018310547,167.13999938964844,161.6999969482422,166.2899932861328,136.13746643066406,1744800
2018-04-27,APD,APD,166.14999389648438,167.0,163.47999572753906,165.02000427246094,135.09776306152344,1031700
2018-04-30,APD,APD,165.94000244140625,166.1199951171875,162.25999450683594,162.2899932861328,132.86273193359375,998200
2018-05-01,APD,APD,161.44000244140625,162.52000427246094,159.49000549316406,162.49000549316406,133.02655029296875,1225700
2018-05-02,APD,APD,162.61000061035156,163.22999572753906,161.22000122070312,161.69000244140625,132.37158203125,1057700
2018-05-03,APD,APD,161.38999938964844,161.77999877929688,159.07000732421875,160.42999267578125,131.34005737304688,1142200
2018-05-04,APD,APD,159.85000610351562,163.44000244140625,159.2100067138672,162.75999450683594,133.24754333496094,1038300
2018-05-07,APD,APD,162.97000122070312,164.6199951171875,162.85000610351562,163.4499969482422,133.81246948242188,1068300
2018-05-08,APD,APD,163.64999389648438,164.10000610351562,162.52999877929688,163.50999450683594,133.86155700683594,812700
2018-05-09,APD,APD,164.32000732421875,165.1199951171875,163.2100067138672,164.88999938964844,134.9913330078125,760700
2018-05-10,APD,APD,165.1300048828125,166.05999755859375,164.77000427246094,165.58999633789062,135.5643768310547,1024100
2018-05-11,APD,APD,166.1300048828125,167.5,165.69000244140625,166.2899932861328,136.13746643066406,1035400
2018-05-14,APD,APD,166.27000427246094,167.9499969482422,165.67999267578125,166.75999450683594,136.52223205566406,964400
2018-05-15,APD,APD,166.1300048828125,166.55999755859375,164.6699981689453,166.0800018310547,135.96554565429688,1181400
2018-05-16,APD,APD,166.4499969482422,167.80999755859375,165.94000244140625,166.5399932861328,136.34214782714844,935300
2018-05-17,APD,APD,165.7899932861328,167.42999267578125,165.72999572753906,166.77000427246094,136.5304412841797,781500
2018-05-18,APD,APD,166.77000427246094,168.83999633789062,166.67999267578125,168.24000549316406,137.7339324951172,1017500
2018-05-21,APD,APD,168.9499969482422,170.2899932861328,168.41000366210938,169.44000244140625,138.71633911132812,886600
2018-05-22,APD,APD,169.72999572753906,170.22999572753906,167.52000427246094,167.7100067138672,137.3000030517578,864000
2018-05-23,APD,APD,166.64999389648438,167.30999755859375,165.1300048828125,166.99000549316406,136.71055603027344,840900
2018-05-24,APD,APD,167.0,167.2100067138672,165.02999877929688,166.08999633789062,135.97372436523438,591700
2018-05-25,APD,APD,165.60000610351562,165.80999755859375,164.24000549316406,165.0,135.08139038085938,607300
2018-05-29,APD,APD,163.74000549316406,164.2100067138672,160.9199981689453,161.8000030517578,132.46165466308594,735300
2018-05-30,APD,APD,163.0800018310547,163.57000732421875,162.1999969482422,163.02999877929688,133.46861267089844,602300
2018-05-31,APD,APD,162.67999267578125,163.17999267578125,161.0500030517578,161.41000366210938,132.1423797607422,1293300
2018-06-01,APD,APD,162.72999572753906,163.80999755859375,162.6999969482422,163.5399932861328,133.88613891601562,578900
2018-06-04,APD,APD,164.30999755859375,164.82000732421875,163.07000732421875,163.52999877929688,133.8779754638672,637200
2018-06-05,APD,APD,163.58999633789062,165.0399932861328,163.52999877929688,164.8699951171875,134.9749755859375,734600
2018-06-06,APD,APD,165.16000366210938,167.82000732421875,164.63999938964844,167.72999572753906,137.31634521484375,1169300
2018-06-07,APD,APD,167.50999450683594,168.0,166.39999389648438,167.72000122070312,137.3081512451172,1102600
2018-06-08,APD,APD,167.72999572753906,168.66000366210938,166.5800018310547,168.50999450683594,137.95494079589844,764100
2018-06-11,APD,APD,168.64999389648438,169.47000122070312,168.02000427246094,168.44000244140625,137.8976287841797,852300
2018-06-12,APD,APD,168.4600067138672,169.4499969482422,167.61000061035156,168.0,137.53741455078125,1150200
2018-06-13,APD,APD,168.38999938964844,168.49000549316406,164.75,166.08999633789062,135.97372436523438,1074800
2018-06-14,APD,APD,166.49000549316406,166.9600067138672,165.10000610351562,165.72000122070312,135.67086791992188,706800
2018-06-15,APD,APD,165.19000244140625,165.19000244140625,162.63999938964844,164.17999267578125,134.41009521484375,1810400
2018-06-18,APD,APD,162.9199981689453,163.3699951171875,161.92999267578125,163.33999633789062,133.72238159179688,887300
2018-06-19,APD,APD,161.02000427246094,161.17999267578125,159.27999877929688,159.5500030517578,130.6195831298828,1279700
2018-06-20,APD,APD,159.8300018310547,159.8300018310547,157.02999877929688,157.5800018310547,129.00682067871094,1352500
2018-06-21,APD,APD,157.60000610351562,157.61000061035156,155.41000366210938,156.47000122070312,128.0980682373047,1542100
2018-06-22,APD,APD,157.72000122070312,158.74000549316406,157.00999450683594,158.0800018310547,129.41615295410156,1258700
2018-06-25,APD,APD,157.60000610351562,157.72000122070312,154.6699981689453,155.75999450683594,127.51681518554688,1175100
2018-06-26,APD,APD,155.8300018310547,157.16000366210938,155.66000366210938,155.86000061035156,127.59866333007812,829400
2018-06-27,APD,APD,156.47999572753906,157.77999877929688,155.1300048828125,155.16000366210938,127.025634765625,889300
2018-06-28,APD,APD,155.57000732421875,156.69000244140625,154.88999938964844,156.02999877929688,127.73788452148438,1180100
2018-06-29,APD,APD,155.39999389648438,158.2899932861328,155.25999450683594,155.72999572753906,128.39749145507812,998800
2018-07-02,APD,APD,155.07000732421875,155.8699951171875,154.2899932861328,155.49000549316406,128.19956970214844,1110100
2018-07-03,APD,APD,156.5500030517578,157.2899932861328,154.77999877929688,155.0,127.79558563232422,346800
2018-07-05,APD,APD,156.19000244140625,156.82000732421875,155.24000549316406,155.7899932861328,128.44692993164062,1140600
2018-07-06,APD,APD,155.4600067138672,157.5399932861328,154.75999450683594,156.63999938964844,129.1477508544922,718800
2018-07-09,APD,APD,157.66000366210938,158.47000122070312,157.5500030517578,157.88999938964844,130.17835998535156,744100
2018-07-10,APD,APD,157.86000061035156,159.6699981689453,157.64999389648438,159.66000366210938,131.63772583007812,718500
2018-07-11,APD,APD,158.41000366210938,158.61000061035156,156.50999450683594,157.41000366210938,129.78262329101562,696300
2018-07-12,APD,APD,157.94000244140625,158.35000610351562,156.94000244140625,157.9199981689453,130.20310974121094,732000
2018-07-13,APD,APD,157.55999755859375,158.24000549316406,157.1300048828125,157.3300018310547,129.71665954589844,573100
2018-07-16,APD,APD,156.9499969482422,157.6199951171875,155.47999572753906,155.5500030517578,128.2490692138672,674600
2018-07-17,APD,APD,155.38999938964844,156.50999450683594,154.72999572753906,156.1999969482422,128.78494262695312,812800
2018-07-18,APD,APD,156.0,156.8000030517578,155.74000549316406,155.94000244140625,128.57061767578125,732100
2018-07-19,APD,APD,155.10000610351562,155.6699981689453,154.24000549316406,154.39999389648438,127.30086517333984,1429800
2018-07-20,APD,APD,153.52000427246094,155.4600067138672,153.00999450683594,154.35000610351562,127.25969696044922,2490300
2018-07-23,APD,APD,154.3800048828125,154.66000366210938,153.52999877929688,153.8699951171875,126.86388397216797,1166500
2018-07-24,APD,APD,155.4499969482422,156.5,154.8300018310547,155.2899932861328,128.03466796875,1932600
2018-07-25,APD,APD,155.2899932861328,157.47000122070312,154.52999877929688,157.3000030517578,129.69190979003906,1348100
2018-07-26,APD,APD,158.80999755859375,162.9499969482422,158.80999755859375,161.5500030517578,133.1959991455078,1715200
2018-07-27,APD,APD,161.57000732421875,162.6699981689453,160.5800018310547,161.24000549316406,132.94041442871094,1252700
2018-07-30,APD,APD,161.77999877929688,163.64999389648438,160.9600067138672,161.22999572753906,132.93212890625,1055500
2018-07-31,APD,APD,161.5,165.08999633789062,161.3000030517578,164.1699981689453,135.35614013671875,1655200
2018-08-01,APD,APD,163.92999267578125,164.11000061035156,161.19000244140625,162.0399932861328,133.59996032714844,1266700
2018-08-02,APD,APD,160.89999389648438,161.0,159.30999755859375,159.99000549316406,131.90975952148438,907300
2018-08-03,APD,APD,160.97999572753906,161.77999877929688,159.63999938964844,159.9600067138672,131.88504028320312,903400
2018-08-06,APD,APD,158.9199981689453,161.55999755859375,157.00999450683594,160.9600067138672,132.70956420898438,1031100
2018-08-07,APD,APD,161.32000732421875,162.14999389648438,160.77999877929688,160.9199981689453,132.67652893066406,740400
2018-08-08,APD,APD,161.27000427246094,161.82000732421875,160.10000610351562,160.64999389648438,132.45394897460938,573600
2018-08-09,APD,APD,160.63999938964844,161.75,160.25,160.47999572753906,132.3137664794922,588100
2018-08-10,APD,APD,159.91000366210938,159.94000244140625,157.35000610351562,157.8699951171875,130.16184997558594,923800
2018-08-13,APD,APD,162.1999969482422,165.24000549316406,161.30999755859375,162.44000244140625,133.92977905273438,1862400
2018-08-14,APD,APD,162.89999389648438,165.77999877929688,162.77999877929688,164.3300018310547,135.48806762695312,1617700
2018-08-15,APD,APD,163.1199951171875,164.52000427246094,161.7899932861328,164.2100067138672,135.38909912109375,1381400
2018-08-16,APD,APD,164.92999267578125,165.4199981689453,164.0800018310547,164.72000122070312,135.80963134765625,1169200
2018-08-17,APD,APD,164.2899932861328,166.63999938964844,164.05999755859375,166.61000061035156,137.36790466308594,1290400
2018-08-20,APD,APD,166.3000030517578,167.86000061035156,166.3000030517578,166.99000549316406,137.6811981201172,1342700
2018-08-21,APD,APD,167.60000610351562,167.72000122070312,165.99000549316406,166.10000610351562,136.94740295410156,892400
2018-08-22,APD,APD,166.1199951171875,166.1199951171875,164.2899932861328,164.36000061035156,135.51278686523438,842800
2018-08-23,APD,APD,164.35000610351562,164.64999389648438,163.60000610351562,164.4199981689453,135.562255859375,672800
2018-08-24,APD,APD,164.7899932861328,166.49000549316406,164.17999267578125,165.97000122070312,136.84024047851562,512800
2018-08-27,APD,APD,166.52999877929688,167.77999877929688,166.08999633789062,167.2899932861328,137.92852783203125,650000
2018-08-28,APD,APD,167.4199981689453,168.11000061035156,166.3800048828125,167.00999450683594,137.69769287109375,706700
2018-08-29,APD,APD,168.36000061035156,169.0,166.02999877929688,168.2899932861328,138.7530059814453,801300
2018-08-30,APD,APD,167.55999755859375,168.27999877929688,165.8699951171875,166.72999572753906,137.4668426513672,583000
2018-08-31,APD,APD,166.75,167.44000244140625,165.8300018310547,166.2899932861328,137.10403442382812,762100
2018-09-04,APD,APD,166.11000061035156,166.36000061035156,163.4199981689453,164.33999633789062,135.49627685546875,925800
2018-09-05,APD,APD,164.55999755859375,166.27000427246094,164.1999969482422,165.38999938964844,136.36203002929688,840100
2018-09-06,APD,APD,165.3000030517578,166.39999389648438,164.5800018310547,166.05999755859375,136.9143829345703,598700
2018-09-07,APD,APD,165.64999389648438,165.85000610351562,163.9499969482422,164.85000610351562,135.91680908203125,641100
2018-09-10,APD,APD,165.85000610351562,166.75999450683594,165.11000061035156,166.05999755859375,136.9143829345703,568200
2018-09-11,APD,APD,165.60000610351562,167.64999389648438,165.33999633789062,166.63999938964844,137.39263916015625,620500
2018-09-12,APD,APD,166.36000061035156,167.0500030517578,165.72000122070312,166.24000549316406,137.06283569335938,459900
2018-09-13,APD,APD,167.0399932861328,168.00999450683594,166.5399932861328,167.6300048828125,138.2088623046875,515500
2018-09-14,APD,APD,168.2899932861328,170.0,167.8300018310547,168.61000061035156,139.01686096191406,823800
2018-09-17,APD,APD,168.50999450683594,169.35000610351562,167.02000427246094,168.75,139.13230895996094,731200
2018-09-18,APD,APD,169.22000122070312,169.72000122070312,168.25999450683594,168.69000244140625,139.0828094482422,612600
2018-09-19,APD,APD,169.4499969482422,170.77000427246094,168.8300018310547,169.1699981689453,139.47857666015625,1047000
2018-09-20,APD,APD,169.60000610351562,171.3300018310547,169.58999633789062,170.4199981689453,140.5092010498047,666100
2018-09-21,APD,APD,171.1699981689453,171.66000366210938,170.17999267578125,170.61000061035156,140.6658935546875,2393200
2018-09-24,APD,APD,170.49000549316406,171.02000427246094,169.17999267578125,169.85000610351562,140.0392303466797,791000
2018-09-25,APD,APD,169.8699951171875,170.13999938964844,168.5399932861328,168.83999633789062,139.2064971923828,498700
2018-09-26,APD,APD,168.64999389648438,169.02999877929688,167.36000061035156,167.8000030517578,138.3490753173828,913900
2018-09-27,APD,APD,168.13999938964844,169.3300018310547,167.58999633789062,168.52000427246094,138.9426727294922,763200
2018-09-28,APD,APD,167.0,167.72000122070312,166.1699981689453,167.0500030517578,138.6356201171875,884700
2018-10-01,APD,APD,168.07000732421875,169.8000030517578,167.94000244140625,169.42999267578125,140.61080932617188,595600
2018-10-02,APD,APD,169.6999969482422,170.38999938964844,169.1199951171875,170.22000122070312,141.2664031982422,661400
2018-10-03,APD,APD,170.75,171.5500030517578,169.5,169.72999572753906,140.85975646972656,816100
2018-10-04,APD,APD,169.05999755859375,169.89999389648438,167.83999633789062,169.6999969482422,140.8348388671875,772500
2018-10-05,APD,APD,169.36000061035156,170.50999450683594,168.25,168.8800048828125,140.1543426513672,837000
2018-10-08,APD,APD,168.47999572753906,169.47999572753906,168.07000732421875,169.27999877929688,140.48623657226562,864100
2018-10-09,APD,APD,168.6199951171875,168.6199951171875,163.8000030517578,164.32000732421875,136.36997985839844,1051000
2018-10-10,APD,APD,164.52999877929688,164.91000366210938,160.47000122070312,160.60000610351562,133.28273010253906,1234900
2018-10-11,APD,APD,160.52999877929688,161.33999633789062,157.0,157.08999633789062,130.36976623535156,1075000
2018-10-12,APD,APD,159.30999755859375,159.5399932861328,157.36000061035156,158.27000427246094,131.34901428222656,1195400
2018-10-15,APD,APD,157.94000244140625,158.85000610351562,156.64999389648438,156.6999969482422,130.0460968017578,817300
2018-10-16,APD,APD,157.10000610351562,159.7899932861328,156.25999450683594,159.69000244140625,132.5274658203125,970400
2018-10-17,APD,APD,159.60000610351562,160.5399932861328,158.64999389648438,159.47999572753906,132.3531951904297,730200
2018-10-18,APD,APD,159.97000122070312,160.52000427246094,155.91000366210938,156.69000244140625,130.03775024414062,988400
2018-10-19,APD,APD,156.74000549316406,157.8800048828125,155.1199951171875,155.39999389648438,128.9672088623047,935700
2018-10-22,APD,APD,156.0,156.30999755859375,153.22000122070312,153.3000030517578,127.22438049316406,1545100
2018-10-23,APD,APD,151.22999572753906,152.86000061035156,148.6300048828125,152.0399932861328,126.17871856689453,1345200
2018-10-24,APD,APD,151.63999938964844,153.22000122070312,148.6699981689453,148.91000366210938,123.58110046386719,1933000
2018-10-25,APD,APD,150.47999572753906,153.05999755859375,149.50999450683594,151.47999572753906,125.71394348144531,1293800
2018-10-26,APD,APD,149.74000549316406,150.8699951171875,148.44000244140625,149.42999267578125,124.01265716552734,2298600
2018-10-29,APD,APD,151.3300018310547,153.49000549316406,149.4199981689453,150.9600067138672,125.28245544433594,1417000
2018-10-30,APD,APD,151.05999755859375,154.2899932861328,150.50999450683594,153.77999877929688,127.622802734375,1774500
2018-10-31,APD,APD,154.9600067138672,156.47999572753906,154.33999633789062,154.35000610351562,128.09584045410156,1490700
2018-11-01,APD,APD,155.25,156.7899932861328,153.55999755859375,155.3699951171875,128.94232177734375,1466800
2018-11-02,APD,APD,157.1999969482422,158.05999755859375,154.38999938964844,155.83999633789062,129.33238220214844,1427300
2018-11-05,APD,APD,156.32000732421875,158.3800048828125,155.60000610351562,157.3699951171875,130.6020965576172,1467100
2018-11-06,APD,APD,155.41000366210938,158.27999877929688,151.85000610351562,158.08999633789062,131.19964599609375,1813800
2018-11-07,APD,APD,159.25999450683594,161.19000244140625,157.27999877929688,160.97999572753906,133.5980682373047,1068000
2018-11-08,APD,APD,160.64999389648438,161.86000061035156,159.77000427246094,161.25,133.82215881347656,954300
2018-11-09,APD,APD,160.41000366210938,160.44000244140625,157.9499969482422,159.89999389648438,132.70175170898438,797600
2018-11-12,APD,APD,159.86000061035156,160.55999755859375,157.17999267578125,157.49000549316406,130.70175170898438,719700
2018-11-13,APD,APD,157.92999267578125,160.42999267578125,157.22000122070312,158.0500030517578,131.16641235351562,920300
2018-11-14,APD,APD,158.80999755859375,160.82000732421875,156.8000030517578,157.2100067138672,130.46937561035156,1018500
2018-11-15,APD,APD,156.0800018310547,162.11000061035156,155.89999389648438,160.63999938964844,133.31588745117188,1299000
2018-11-16,APD,APD,160.0399932861328,164.57000732421875,160.0399932861328,163.86000061035156,135.98818969726562,1370800
2018-11-19,APD,APD,163.50999450683594,165.49000549316406,159.38999938964844,159.88999938964844,132.6934814453125,1602200
2018-11-20,APD,APD,158.92999267578125,159.61000061035156,157.30999755859375,157.55999755859375,130.75978088378906,1312600
2018-11-21,APD,APD,158.69000244140625,160.85000610351562,157.82000732421875,159.17999267578125,132.10427856445312,862900
2018-11-23,APD,APD,157.39999389648438,158.6300048828125,157.27000427246094,157.49000549316406,130.70175170898438,310300
2018-11-26,APD,APD,158.6699981689453,159.58999633789062,157.05999755859375,158.5800018310547,131.60630798339844,867000
2018-11-27,APD,APD,157.75,158.75,155.42999267578125,156.27000427246094,129.68923950195312,1144500
2018-11-28,APD,APD,157.05999755859375,158.67999267578125,154.11000061035156,158.66000366210938,131.67269897460938,1124900
2018-11-29,APD,APD,158.38999938964844,160.3300018310547,158.38999938964844,159.2100067138672,132.1291046142578,860600
2018-11-30,APD,APD,158.7100067138672,160.97000122070312,158.5800018310547,160.8699951171875,133.50677490234375,1153100
2018-12-03,APD,APD,163.75999450683594,167.0,162.75999450683594,166.6199951171875,138.27874755859375,1856300
2018-12-04,APD,APD,165.58999633789062,166.72000122070312,162.33999633789062,163.9199981689453,136.0380401611328,1824200
2018-12-06,APD,APD,161.3699951171875,162.16000366210938,156.85000610351562,161.3699951171875,133.92173767089844,1826700
2018-12-07,APD,APD,161.47999572753906,164.17999267578125,156.74000549316406,157.16000366210938,130.4278106689453,1169400
2018-12-10,APD,APD,157.77999877929688,157.92999267578125,154.4600067138672,157.0800018310547,130.36143493652344,1038000
2018-12-11,APD,APD,159.44000244140625,160.64999389648438,155.14999389648438,155.92999267578125,129.4070587158203,975500
2018-12-12,APD,APD,158.22000122070312,159.38999938964844,156.5800018310547,157.7100067138672,130.88430786132812,1159200
2018-12-13,APD,APD,158.02999877929688,159.47000122070312,156.92999267578125,157.27999877929688,130.52743530273438,1153200
2018-12-14,APD,APD,155.97999572753906,157.0,154.0399932861328,155.41000366210938,128.97552490234375,996600
2018-12-17,APD,APD,155.6699981689453,158.25,152.7100067138672,153.80999755859375,127.64763641357422,1756000
2018-12-18,APD,APD,155.05999755859375,157.14999389648438,153.99000549316406,154.75999450683594,128.43606567382812,1403900
2018-12-19,APD,APD,154.7899932861328,158.82000732421875,153.42999267578125,154.10000610351562,127.88833618164062,1596500
2018-12-20,APD,APD,153.97000122070312,158.24000549316406,153.1199951171875,154.5399932861328,128.25347900390625,2107900
2018-12-21,APD,APD,154.5399932861328,159.4499969482422,153.8300018310547,155.19000244140625,128.79293823242188,3393600
2018-12-24,APD,APD,154.69000244140625,154.92999267578125,149.67999267578125,149.8800048828125,124.38610076904297,880200
2018-12-26,APD,APD,150.57000732421875,156.97999572753906,149.63999938964844,156.9199981689453,130.2286834716797,1218800
2018-12-27,APD,APD,155.0,159.77000427246094,154.0399932861328,159.75,132.57733154296875,1386800
2018-12-28,APD,APD,160.8800048828125,162.77000427246094,159.30999755859375,160.6999969482422,133.3656768798828,1324400
2018-12-31,APD,APD,159.9499969482422,160.9600067138672,158.75999450683594,160.0500030517578,133.7417449951172,1065400
2019-01-02,APD,APD,157.38999938964844,160.77000427246094,155.91000366210938,159.58999633789062,133.3573455810547,956900
2019-01-03,APD,APD,159.13999938964844,159.19000244140625,154.2899932861328,155.30999755859375,129.78085327148438,1114800
2019-01-04,APD,APD,158.07000732421875,161.91000366210938,157.38999938964844,161.61000061035156,135.0453338623047,1082200
2019-01-07,APD,APD,161.55999755859375,163.4199981689453,159.80999755859375,159.92999267578125,133.6414794921875,1349500
2019-01-08,APD,APD,158.35000610351562,160.63999938964844,156.55999755859375,158.08999633789062,132.10391235351562,2100300
2019-01-09,APD,APD,157.39999389648438,158.25,154.97000122070312,156.7899932861328,131.01759338378906,2292400
2019-01-10,APD,APD,156.5500030517578,157.35000610351562,155.33999633789062,157.1999969482422,131.36024475097656,1502000
2019-01-11,APD,APD,156.80999755859375,157.50999450683594,155.55999755859375,156.7899932861328,131.01759338378906,1047300
2019-01-14,APD,APD,155.75999450683594,156.30999755859375,154.14999389648438,155.1199951171875,129.6220703125,1047900
2019-01-15,APD,APD,154.3699951171875,155.39999389648438,153.6300048828125,155.0800018310547,129.5886688232422,845700
2019-01-16,APD,APD,155.07000732421875,155.77999877929688,154.0,154.6199951171875,129.20428466796875,1151600
2019-01-17,APD,APD,154.19000244140625,156.0,154.10000610351562,155.97999572753906,130.3407440185547,1898900
2019-01-18,APD,APD,157.00999450683594,159.35000610351562,156.25999450683594,158.6199951171875,132.54676818847656,1447300
2019-01-22,APD,APD,157.8699951171875,158.49000549316406,156.80999755859375,157.7100067138672,131.78639221191406,982900
2019-01-23,APD,APD,157.72999572753906,158.39999389648438,155.0399932861328,156.14999389648438,130.48281860351562,1358800
2019-01-24,APD,APD,155.47000122070312,156.80999755859375,154.77999877929688,156.5,130.77529907226562,1007800
2019-01-25,APD,APD,160.0,161.89999389648438,158.0,160.91000366210938,134.46034240722656,2060000
2019-01-28,APD,APD,160.6699981689453,161.08999633789062,158.72999572753906,159.88999938964844,133.60801696777344,1364400
2019-01-29,APD,APD,160.4199981689453,163.4199981689453,160.4199981689453,163.24000549316406,136.40737915039062,1354500
2019-01-30,APD,APD,163.72999572753906,165.0,161.97000122070312,163.97999572753906,137.02572631835938,1037800
2019-01-31,APD,APD,161.77000427246094,165.52000427246094,161.05999755859375,164.38999938964844,137.3683624267578,1305600
2019-02-01,APD,APD,165.0,166.86000061035156,163.80999755859375,165.88999938964844,138.62176513671875,1102100
2019-02-04,APD,APD,165.75,166.88999938964844,164.97000122070312,166.8800048828125,139.44906616210938,754600
2019-02-05,APD,APD,167.52999877929688,168.16000366210938,166.67999267578125,167.9199981689453,140.31808471679688,1140500
2019-02-06,APD,APD,168.00999450683594,169.92999267578125,167.0,169.91000366210938,141.9810333251953,1533500
2019-02-07,APD,APD,169.60000610351562,169.83999633789062,164.99000549316406,166.22000122070312,138.8975372314453,1157400
2019-02-08,APD,APD,165.16000366210938,165.89999389648438,163.52999877929688,165.89999389648438,138.630126953125,855400
2019-02-11,APD,APD,166.24000549316406,167.69000244140625,165.85000610351562,167.5399932861328,140.00057983398438,1206500
2019-02-12,APD,APD,169.25999450683594,171.47000122070312,168.6199951171875,171.32000732421875,143.1591796875,1462300
2019-02-13,APD,APD,172.0,173.39999389648438,171.44000244140625,171.97000122070312,143.70240783691406,1095200
2019-02-14,APD,APD,170.9199981689453,172.1199951171875,169.88999938964844,171.6199951171875,143.40994262695312,882500
2019-02-15,APD,APD,173.4600067138672,174.33999633789062,172.99000549316406,174.0800018310547,145.46556091308594,1326300
2019-02-19,APD,APD,173.27999877929688,175.94000244140625,173.0,175.11000061035156,146.32623291015625,1074600
2019-02-20,APD,APD,175.3000030517578,178.5800018310547,174.6199951171875,177.63999938964844,148.44039916992188,1789100
2019-02-21,APD,APD,177.52999877929688,178.82000732421875,177.52999877929688,178.6699981689453,149.30108642578125,1243700
2019-02-22,APD,APD,179.82000732421875,180.72000122070312,179.24000549316406,180.1199951171875,150.51275634765625,1401400
2019-02-25,APD,APD,180.49000549316406,182.25,179.91000366210938,181.1699981689453,151.39013671875,1145600
2019-02-26,APD,APD,181.1199951171875,182.14999389648438,180.63999938964844,181.4499969482422,151.6240997314453,821200
2019-02-27,APD,APD,181.17999267578125,182.07000732421875,180.42999267578125,181.60000610351562,151.74945068359375,673800
2019-02-28,APD,APD,181.3000030517578,181.85000610351562,180.17999267578125,181.17999267578125,151.39846801757812,1324200
2019-03-01,APD,APD,182.4600067138672,183.50999450683594,179.17999267578125,180.10000610351562,150.49603271484375,1362800
2019-03-04,APD,APD,181.1300048828125,181.1300048828125,178.0,180.6999969482422,150.99737548828125,1018800
2019-03-05,APD,APD,179.8699951171875,181.0,179.17999267578125,179.2100067138672,149.75230407714844,796800
2019-03-06,APD,APD,180.67999267578125,181.0,179.3000030517578,180.3000030517578,150.6631317138672,802400
2019-03-07,APD,APD,180.4499969482422,180.69000244140625,178.30999755859375,179.64999389648438,150.11997985839844,1059800
2019-03-08,APD,APD,179.19000244140625,181.5399932861328,178.4499969482422,181.36000061035156,151.54891967773438,923900
2019-03-11,APD,APD,182.2100067138672,184.07000732421875,181.25,183.9499969482422,153.713134765625,884200
2019-03-12,APD,APD,184.4199981689453,185.4499969482422,183.92999267578125,184.0500030517578,153.79673767089844,820100
2019-03-13,APD,APD,184.5800018310547,186.25999450683594,184.5800018310547,185.10000610351562,154.67416381835938,843500
2019-03-14,APD,APD,184.5,185.64999389648438,183.66000366210938,185.2100067138672,154.7660675048828,1012300
2019-03-15,APD,APD,185.19000244140625,186.7899932861328,184.22999572753906,184.85000610351562,154.46524047851562,1558200
2019-03-18,APD,APD,185.02000427246094,185.7100067138672,183.80999755859375,185.3699951171875,154.89979553222656,871400
2019-03-19,APD,APD,186.44000244140625,186.75,184.02000427246094,184.89999389648438,154.5070037841797,850800
2019-03-20,APD,APD,184.97000122070312,185.47999572753906,183.67999267578125,184.64999389648438,154.29808044433594,944900
2019-03-21,APD,APD,184.2100067138672,187.47999572753906,184.2100067138672,187.19000244140625,156.4206085205078,691800
2019-03-22,APD,APD,186.02999877929688,187.5800018310547,185.97999572753906,186.3000030517578,155.6768798828125,1573500
2019-03-25,APD,APD,186.35000610351562,187.0,185.72999572753906,185.9199981689453,155.35931396484375,1178500
2019-03-26,APD,APD,187.02999877929688,187.22000122070312,185.99000549316406,187.16000366210938,156.3955078125,948600
2019-03-27,APD,APD,187.39999389648438,188.1699981689453,186.22999572753906,187.64999389648438,156.8050079345703,1168400
2019-03-28,APD,APD,188.72000122070312,190.2100067138672,187.80999755859375,190.1699981689453,158.9107666015625,1066400
2019-03-29,APD,APD,189.0800018310547,191.16000366210938,188.94000244140625,190.9600067138672,160.5502471923828,1551100
2019-04-01,APD,APD,192.14999389648438,192.9199981689453,190.38999938964844,191.49000549316406,160.9957733154297,1134700
2019-04-02,APD,APD,191.3000030517578,191.6999969482422,189.14999389648438,190.47999572753906,160.1466827392578,1198700
2019-04-03,APD,APD,191.86000061035156,192.94000244140625,190.3300018310547,191.72000122070312,161.189208984375,1080800
2019-04-04,APD,APD,192.19000244140625,192.8699951171875,190.4199981689453,191.77000427246094,161.23126220703125,852200
2019-04-05,APD,APD,192.25,193.60000610351562,191.6199951171875,193.19000244140625,162.4250946044922,769200
2019-04-08,APD,APD,193.5500030517578,194.3000030517578,192.19000244140625,193.02999877929688,162.2905731201172,844100
2019-04-09,APD,APD,191.92999267578125,192.9199981689453,191.08999633789062,192.27999877929688,161.66001892089844,600100
2019-04-10,APD,APD,192.8800048828125,193.19000244140625,192.14999389648438,193.0399932861328,162.2989501953125,594300
2019-04-11,APD,APD,192.49000549316406,193.9499969482422,191.47999572753906,193.5500030517578,162.72775268554688,765800
2019-04-12,APD,APD,194.44000244140625,195.36000061035156,193.74000549316406,194.16000366210938,163.24061584472656,1349200
2019-04-15,APD,APD,193.3000030517578,194.1199951171875,192.27999877929688,193.92999267578125,163.04722595214844,1209400
2019-04-16,APD,APD,194.52999877929688,197.3300018310547,193.91000366210938,197.10000610351562,165.71243286132812,1156800
2019-04-17,APD,APD,198.13999938964844,198.66000366210938,197.1199951171875,197.75,166.25892639160156,1091000
2019-04-18,APD,APD,198.07000732421875,198.3300018310547,197.10000610351562,198.10000610351562,166.55320739746094,1322900
2019-04-22,APD,APD,197.42999267578125,197.8000030517578,196.33999633789062,196.6199951171875,165.30885314941406,750900
2019-04-23,APD,APD,196.58999633789062,197.2100067138672,195.6699981689453,196.6699981689453,165.3509063720703,992100
2019-04-24,APD,APD,197.4499969482422,201.97000122070312,196.16000366210938,199.4199981689453,167.66302490234375,1741300
2019-04-25,APD,APD,199.41000366210938,200.02999877929688,196.97000122070312,199.60000610351562,167.8143310546875,1118900
2019-04-26,APD,APD,200.3300018310547,203.41000366210938,199.3300018310547,202.57000732421875,170.3114013671875,1055900
2019-04-29,APD,APD,203.0,204.1699981689453,202.4199981689453,203.57000732421875,171.15211486816406,928900
2019-04-30,APD,APD,204.35000610351562,206.07000732421875,203.69000244140625,205.7899932861328,173.0186004638672,1425600
2019-05-01,APD,APD,206.72000122070312,206.94000244140625,202.14999389648438,202.14999389648438,169.95828247070312,974500
2019-05-02,APD,APD,202.4600067138672,207.72000122070312,201.39999389648438,207.64999389648438,174.58236694335938,1404500
2019-05-03,APD,APD,207.5,209.86000061035156,207.08999633789062,209.5800018310547,176.20504760742188,1268000
2019-05-06,APD,APD,207.2899932861328,207.52999877929688,205.24000549316406,205.99000549316406,173.18673706054688,2010900
2019-05-07,APD,APD,204.07000732421875,204.42999267578125,199.4600067138672,201.1699981689453,169.13433837890625,1556700
2019-05-08,APD,APD,200.2899932861328,206.39999389648438,200.05999755859375,205.30999755859375,172.61505126953125,1500100
2019-05-09,APD,APD,203.0,205.05999755859375,200.64999389648438,204.44000244140625,171.88363647460938,1271200
2019-05-10,APD,APD,204.1999969482422,208.6300048828125,203.6699981689453,208.2899932861328,175.12045288085938,1329400
2019-05-13,APD,APD,203.8000030517578,205.9499969482422,201.6999969482422,204.5500030517578,171.97607421875,1422400
2019-05-14,APD,APD,205.38999938964844,207.36000061035156,204.77999877929688,205.77000427246094,173.00180053710938,1218500
2019-05-15,APD,APD,203.88999938964844,206.52999877929688,203.22000122070312,205.02000427246094,172.37118530273438,920800
2019-05-16,APD,APD,207.0500030517578,209.75999450683594,206.49000549316406,209.42999267578125,176.07894897460938,974200
2019-05-17,APD,APD,208.57000732421875,210.14999389648438,207.86000061035156,209.9199981689453,176.49087524414062,1130600
2019-05-20,APD,APD,208.9199981689453,210.13999938964844,205.0,205.41000366210938,172.69912719726562,1391800
2019-05-21,APD,APD,206.75,207.85000610351562,205.42999267578125,206.97999572753906,174.01907348632812,1294900
2019-05-22,APD,APD,206.3000030517578,207.6999969482422,205.27999877929688,206.25999450683594,173.4136962890625,976900
2019-05-23,APD,APD,204.80999755859375,205.3699951171875,202.50999450683594,204.2100067138672,171.6902313232422,1065600
2019-05-24,APD,APD,206.8699951171875,206.8699951171875,204.10000610351562,204.49000549316406,171.92559814453125,776000
2019-05-28,APD,APD,205.22000122070312,205.8800048828125,202.08999633789062,202.24000549316406,170.03392028808594,2362700
2019-05-29,APD,APD,200.7100067138672,203.47999572753906,200.0,202.97999572753906,170.65609741210938,1183700
2019-05-30,APD,APD,203.05999755859375,204.33999633789062,202.82000732421875,204.24000549316406,171.7154083251953,752000
2019-05-31,APD,APD,202.47000122070312,204.85000610351562,201.77000427246094,203.58999633789062,171.16896057128906,926800
2019-06-03,APD,APD,204.17999267578125,208.9600067138672,203.50999450683594,208.9600067138672,175.6837921142578,1815700
2019-06-04,APD,APD,209.9499969482422,213.67999267578125,209.5,213.64999389648438,179.62686157226562,1874700
2019-06-05,APD,APD,214.89999389648438,217.27999877929688,212.63999938964844,217.27999877929688,182.67881774902344,1544000
2019-06-06,APD,APD,217.82000732421875,221.91000366210938,216.19000244140625,221.49000549316406,186.2184295654297,1839900
2019-06-07,APD,APD,221.94000244140625,224.4600067138672,221.77000427246094,223.05999755859375,187.5384063720703,1659000
2019-06-10,APD,APD,224.2899932861328,224.61000061035156,221.07000732421875,221.3300018310547,186.0839080810547,1109900
2019-06-11,APD,APD,222.99000549316406,223.33999633789062,218.1300048828125,219.0500030517578,184.16700744628906,1552900
2019-06-12,APD,APD,219.2899932861328,220.52999877929688,219.02999877929688,219.9499969482422,184.92361450195312,1101000
2019-06-13,APD,APD,220.5500030517578,221.39999389648438,218.91000366210938,220.17999267578125,185.11705017089844,921800
2019-06-14,APD,APD,220.27999877929688,220.39999389648438,218.91000366210938,219.25,184.33509826660156,721000
2019-06-17,APD,APD,219.39999389648438,219.49000549316406,215.5800018310547,216.8699951171875,182.33413696289062,838000
2019-06-18,APD,APD,218.3800048828125,219.77000427246094,217.08999633789062,218.9199981689453,184.05770874023438,941700
2019-06-19,APD,APD,218.77999877929688,220.6300048828125,214.67999267578125,220.38999938964844,185.29354858398438,1342500
2019-06-20,APD,APD,222.10000610351562,222.85000610351562,220.38999938964844,222.0500030517578,186.689208984375,1397200
2019-06-21,APD,APD,222.42999267578125,223.91000366210938,221.27000427246094,222.13999938964844,186.76490783691406,1542200
2019-06-24,APD,APD,222.77000427246094,225.27999877929688,222.14999389648438,223.63999938964844,188.02603149414062,765100
2019-06-25,APD,APD,224.1999969482422,225.35000610351562,223.5800018310547,224.6999969482422,188.91725158691406,926300
2019-06-26,APD,APD,224.9499969482422,224.97999572753906,221.38999938964844,223.92999267578125,188.26983642578125,843700
2019-06-27,APD,APD,224.3699951171875,225.10000610351562,222.92999267578125,223.5,187.9083251953125,738700
2019-06-28,APD,APD,223.47999572753906,226.64999389648438,222.61000061035156,226.3699951171875,191.31422424316406,1522000
2019-07-01,APD,APD,227.50999450683594,228.97000122070312,225.11000061035156,228.82000732421875,193.38485717773438,810700
2019-07-02,APD,APD,228.58999633789062,230.27000427246094,227.5,230.27000427246094,194.6103057861328,729500
2019-07-03,APD,APD,229.82000732421875,231.4499969482422,228.8800048828125,231.39999389648438,195.5653076171875,696600
2019-07-05,APD,APD,229.60000610351562,230.60000610351562,227.6300048828125,230.5800018310547,194.87228393554688,569700
2019-07-08,APD,APD,230.36000061035156,230.49000549316406,227.92999267578125,228.30999755859375,192.9537811279297,1006200
2019-07-09,APD,APD,228.33999633789062,228.33999633789062,225.22999572753906,226.0500030517578,191.0437774658203,1124600
2019-07-10,APD,APD,227.83999633789062,228.49000549316406,225.67999267578125,226.25999450683594,191.22125244140625,848600
2019-07-11,APD,APD,225.5,227.75999450683594,224.3699951171875,227.75999450683594,192.48898315429688,763100
2019-07-12,APD,APD,226.52000427246094,228.32000732421875,225.36000061035156,227.16000366210938,191.98194885253906,653100
2019-07-15,APD,APD,227.42999267578125,228.1999969482422,226.77000427246094,227.66000366210938,192.4044647216797,701900
2019-07-16,APD,APD,227.6699981689453,228.72000122070312,226.9499969482422,227.10000610351562,191.93118286132812,599500
2019-07-17,APD,APD,227.86000061035156,228.11000061035156,226.16000366210938,226.42999267578125,191.36492919921875,1000900
2019-07-18,APD,APD,224.6199951171875,226.22000122070312,223.80999755859375,225.5399932861328,190.61276245117188,1160300
2019-07-19,APD,APD,225.94000244140625,226.88999938964844,224.4199981689453,224.52999877929688,189.75917053222656,1245000
2019-07-22,APD,APD,225.5399932861328,226.4199981689453,224.86000061035156,226.00999450683594,191.0099639892578,855500
2019-07-23,APD,APD,226.6999969482422,229.27000427246094,225.5399932861328,228.86000061035156,193.4186553955078,939000
2019-07-24,APD,APD,227.57000732421875,228.5399932861328,224.5800018310547,224.86000061035156,190.03807067871094,1106400
2019-07-25,APD,APD,224.0,227.83999633789062,219.5800018310547,227.64999389648438,192.3960418701172,1292400
2019-07-26,APD,APD,227.72000122070312,230.58999633789062,226.11000061035156,230.5500030517578,194.846923828125,2272400
2019-07-29,APD,APD,230.66000366210938,231.92999267578125,229.0,231.19000244140625,195.38780212402344,921600
2019-07-30,APD,APD,230.3300018310547,232.47000122070312,229.25,231.80999755859375,195.9118194580078,968200
2019-07-31,APD,APD,230.91000366210938,231.60000610351562,225.41000366210938,228.27000427246094,192.9199981689453,2174000
2019-08-01,APD,APD,226.25999450683594,230.85000610351562,225.5,226.3699951171875,191.31422424316406,1486600
2019-08-02,APD,APD,225.02999877929688,225.05999755859375,220.72999572753906,222.83999633789062,188.3308868408203,1011000
2019-08-05,APD,APD,221.08999633789062,222.49000549316406,217.61000061035156,220.05999755859375,185.98138427734375,1369700
2019-08-06,APD,APD,221.0,221.9499969482422,218.00999450683594,221.4199981689453,187.13075256347656,851000
2019-08-07,APD,APD,220.13999938964844,223.99000549316406,218.50999450683594,223.47000122070312,188.8633270263672,1030600
2019-08-08,APD,APD,225.2899932861328,229.07000732421875,224.63999938964844,227.97999572753906,192.67494201660156,951900
2019-08-09,APD,APD,228.35000610351562,231.2100067138672,227.63999938964844,229.8699951171875,194.27223205566406,1063300
2019-08-12,APD,APD,229.30999755859375,231.49000549316406,226.8800048828125,227.1300048828125,191.95654296875,906800
2019-08-13,APD,APD,227.75,232.17999267578125,226.0,229.6699981689453,194.10321044921875,772500
2019-08-14,APD,APD,226.6999969482422,229.9199981689453,222.5,222.58999633789062,188.1195831298828,971600
2019-08-15,APD,APD,223.5800018310547,227.25999450683594,222.67999267578125,226.33999633789062,191.28887939453125,1132200
2019-08-16,APD,APD,227.17999267578125,229.39999389648438,225.9600067138672,228.75999450683594,193.33412170410156,713800
2019-08-19,APD,APD,229.33999633789062,230.33999633789062,227.38999938964844,228.57000732421875,193.173583984375,747900
2019-08-20,APD,APD,226.64999389648438,227.36000061035156,225.0500030517578,225.72999572753906,190.7733612060547,592000
2019-08-21,APD,APD,227.6699981689453,228.94000244140625,226.97999572753906,228.63999938964844,193.23269653320312,584400
2019-08-22,APD,APD,228.58999633789062,229.5399932861328,224.9600067138672,225.27999877929688,190.39300537109375,733100
2019-08-23,APD,APD,225.4499969482422,225.8300018310547,219.4199981689453,220.63999938964844,186.47161865234375,942300
2019-08-26,APD,APD,222.5500030517578,223.42999267578125,221.8300018310547,222.7899932861328,188.28860473632812,641500
2019-08-27,APD,APD,224.4600067138672,225.89999389648438,223.5,225.5399932861328,190.61276245117188,644500
2019-08-28,APD,APD,225.22999572753906,226.60000610351562,224.0,225.7899932861328,190.82406616210938,489000
2019-08-29,APD,APD,228.5,228.92999267578125,224.02999877929688,224.44000244140625,189.6831512451172,948100
2019-08-30,APD,APD,226.64999389648438,226.64999389648438,223.77999877929688,225.9199981689453,190.93394470214844,875100
2019-09-03,APD,APD,223.97000122070312,226.25999450683594,223.69000244140625,225.55999755859375,190.62966918945312,728600
2019-09-04,APD,APD,227.3800048828125,228.3800048828125,226.44000244140625,227.4199981689453,192.20162963867188,647200
2019-09-05,APD,APD,228.9600067138672,229.5,223.89999389648438,224.57000732421875,189.7930145263672,1233100
2019-09-06,APD,APD,225.2100067138672,226.25999450683594,224.00999450683594,225.58999633789062,190.65501403808594,822900
2019-09-09,APD,APD,225.9499969482422,225.9499969482422,214.82000732421875,216.36000061035156,182.85438537597656,1580100
2019-09-10,APD,APD,216.27000427246094,216.55999755859375,211.99000549316406,213.77999877929688,180.67391967773438,2356400
2019-09-11,APD,APD,213.02000427246094,216.44000244140625,210.3699951171875,216.33999633789062,182.8374786376953,1494100
2019-09-12,APD,APD,218.22999572753906,222.25999450683594,217.8300018310547,220.6699981689453,186.49696350097656,1203500
2019-09-13,APD,APD,220.66000366210938,222.5800018310547,219.97000122070312,222.24000549316406,187.82383728027344,1042500
2019-09-16,APD,APD,221.9600067138672,222.1999969482422,215.14999389648438,215.24000549316406,181.90782165527344,1033800
2019-09-17,APD,APD,216.8699951171875,222.50999450683594,215.4600067138672,221.57000732421875,187.25758361816406,1008900
2019-09-18,APD,APD,222.17999267578125,222.25999450683594,219.5500030517578,221.6199951171875,187.29977416992188,546100
2019-09-19,APD,APD,222.69000244140625,224.19000244140625,221.86000061035156,222.27999877929688,187.8576202392578,858200
2019-09-20,APD,APD,223.3300018310547,223.74000549316406,220.07000732421875,221.5500030517578,187.2406463623047,1149400
2019-09-23,APD,APD,220.24000549316406,222.1199951171875,219.72999572753906,220.4600067138672,186.3194580078125,632500
2019-09-24,APD,APD,220.64999389648438,222.85000610351562,219.7899932861328,220.41000366210938,186.27720642089844,929600
2019-09-25,APD,APD,219.7899932861328,221.0500030517578,218.7100067138672,220.6300048828125,186.46315002441406,573500
2019-09-26,APD,APD,221.33999633789062,224.30999755859375,219.85000610351562,223.2899932861328,188.7112274169922,561300
2019-09-27,APD,APD,224.22999572753906,224.83999633789062,219.8800048828125,221.05999755859375,186.8265838623047,509500
2019-09-30,APD,APD,219.2100067138672,222.10000610351562,218.36000061035156,221.86000061035156,188.49172973632812,659500
2019-10-01,APD,APD,222.52999877929688,223.0,215.9600067138672,216.47999572753906,183.92092895507812,741700
2019-10-02,APD,APD,213.66000366210938,214.0,206.9600067138672,210.47000122070312,178.81488037109375,1362500
2019-10-03,APD,APD,210.3300018310547,212.27999877929688,208.58999633789062,210.8300018310547,179.1206817626953,833000
2019-10-04,APD,APD,212.1300048828125,214.89999389648438,211.5800018310547,213.8800048828125,181.7119598388672,770700
2019-10-07,APD,APD,213.3300018310547,215.89999389648438,212.5,213.9600067138672,181.77996826171875,727800
2019-10-08,APD,APD,213.35000610351562,213.35000610351562,207.66000366210938,207.75999450683594,176.512451171875,1025300
2019-10-09,APD,APD,210.1199951171875,212.66000366210938,208.82000732421875,211.74000549316406,179.8938446044922,810100
2019-10-10,APD,APD,212.44000244140625,215.77000427246094,211.77000427246094,214.6699981689453,182.3831329345703,741500
2019-10-11,APD,APD,217.52999877929688,219.86000061035156,216.7100067138672,217.2899932861328,184.60911560058594,737600
2019-10-14,APD,APD,216.58999633789062,217.9199981689453,213.74000549316406,213.86000061035156,181.69500732421875,650600
2019-10-15,APD,APD,215.7100067138672,216.75999450683594,214.72000122070312,215.22000122070312,182.85047912597656,679400
2019-10-16,APD,APD,215.0399932861328,215.64999389648438,213.5,214.2100067138672,181.9923095703125,523900
2019-10-17,APD,APD,214.25999450683594,215.72999572753906,214.17999267578125,214.3699951171875,182.1282958984375,463700
2019-10-18,APD,APD,214.3000030517578,215.64999389648438,213.77999877929688,214.8800048828125,182.5615692138672,633100
2019-10-21,APD,APD,215.72000122070312,215.94000244140625,213.3000030517578,213.5,181.3890838623047,726300
2019-10-22,APD,APD,213.0,213.6300048828125,206.6999969482422,206.97000122070312,175.84124755859375,1482600
2019-10-23,APD,APD,208.67999267578125,211.2899932861328,207.42999267578125,210.05999755859375,178.4665069580078,1179800
2019-10-24,APD,APD,211.32000732421875,212.52999877929688,210.7100067138672,211.47000122070312,179.6644287109375,669800
2019-10-25,APD,APD,211.47999572753906,214.1199951171875,210.2100067138672,213.25999450683594,181.1852264404297,570100
2019-10-28,APD,APD,214.08999633789062,214.47000122070312,211.27000427246094,211.47999572753906,179.67295837402344,980200
2019-10-29,APD,APD,211.74000549316406,221.27000427246094,210.9499969482422,217.82000732421875,185.05941772460938,1177000
2019-10-30,APD,APD,216.8000030517578,217.1999969482422,215.02999877929688,216.72999572753906,184.1333465576172,604800
2019-10-31,APD,APD,216.13999938964844,217.2899932861328,212.44000244140625,213.25999450683594,181.1852264404297,1011900
2019-11-01,APD,APD,214.7100067138672,215.66000366210938,213.0399932861328,213.55999755859375,181.4401092529297,738700
2019-11-04,APD,APD,214.92999267578125,215.92999267578125,212.82000732421875,214.4199981689453,182.17074584960938,962200
2019-11-05,APD,APD,213.82000732421875,218.36000061035156,212.9600067138672,216.5800018310547,184.00588989257812,980600
2019-11-06,APD,APD,216.83999633789062,219.1699981689453,215.2899932861328,218.85000610351562,185.93446350097656,1019700
2019-11-07,APD,APD,221.0,228.42999267578125,218.50999450683594,227.5800018310547,193.35147094726562,1935900
2019-11-08,APD,APD,231.7100067138672,234.61000061035156,230.2899932861328,233.8699951171875,198.6954345703125,1810100
2019-11-11,APD,APD,233.02999877929688,235.49000549316406,232.57000732421875,235.02999877929688,199.68096923828125,906100
2019-11-12,APD,APD,236.1300048828125,237.74000549316406,235.25,237.00999450683594,201.3631591796875,1152000
2019-11-13,APD,APD,236.72000122070312,238.08999633789062,236.0399932861328,237.52000427246094,201.79641723632812,1175400
2019-11-14,APD,APD,236.3800048828125,238.5399932861328,236.25999450683594,238.17999267578125,202.357177734375,949500
2019-11-15,APD,APD,239.52000427246094,241.0,238.6300048828125,240.9199981689453,204.68507385253906,1259800
2019-11-18,APD,APD,239.08999633789062,241.77999877929688,239.08999633789062,241.19000244140625,204.91453552246094,976200
2019-11-19,APD,APD,241.22999572753906,241.89999389648438,240.22000122070312,241.30999755859375,205.01641845703125,816000
2019-11-20,APD,APD,241.05999755859375,241.77999877929688,236.99000549316406,237.89999389648438,202.11932373046875,1199500
2019-11-21,APD,APD,237.27999877929688,238.0800018310547,235.5800018310547,237.63999938964844,201.8984375,774000
2019-11-22,APD,APD,237.86000061035156,239.0,235.25,237.60000610351562,201.8644561767578,979200
2019-11-25,APD,APD,238.24000549316406,239.1199951171875,233.13999938964844,234.74000549316406,199.4346160888672,1316500
2019-11-26,APD,APD,234.1999969482422,235.82000732421875,232.27999877929688,234.39999389648438,199.1457061767578,1438200
2019-11-27,APD,APD,234.39999389648438,236.30999755859375,233.10000610351562,236.0399932861328,200.53903198242188,685100
2019-11-29,APD,APD,236.3800048828125,238.17999267578125,235.32000732421875,236.3300018310547,200.78543090820312,653400
2019-12-02,APD,APD,236.0,236.1999969482422,230.7100067138672,230.97000122070312,196.23155212402344,1150700
2019-12-03,APD,APD,229.9199981689453,231.4199981689453,227.97999572753906,229.69000244140625,195.1441192626953,1162400
2019-12-04,APD,APD,230.5,231.3699951171875,228.9199981689453,228.9199981689453,194.48992919921875,972800
2019-12-05,APD,APD,229.16000366210938,231.22999572753906,229.07000732421875,230.4600067138672,195.79832458496094,1029200
2019-12-06,APD,APD,232.8000030517578,232.88999938964844,231.5500030517578,232.02999877929688,197.13218688964844,618700
2019-12-09,APD,APD,232.35000610351562,233.14999389648438,230.82000732421875,230.82000732421875,196.10415649414062,978500
2019-12-10,APD,APD,230.77000427246094,231.7100067138672,229.3699951171875,229.5,194.98268127441406,928900
2019-12-11,APD,APD,230.39999389648438,230.47000122070312,228.4199981689453,229.5,194.98268127441406,1248100
2019-12-12,APD,APD,229.7899932861328,232.80999755859375,229.35000610351562,232.39999389648438,197.44650268554688,2177400
2019-12-13,APD,APD,231.58999633789062,234.49000549316406,230.55999755859375,230.74000549316406,196.03619384765625,881100
2019-12-16,APD,APD,232.11000061035156,234.5800018310547,231.7899932861328,234.44000244140625,199.1796875,1089200
2019-12-17,APD,APD,234.77999877929688,236.6999969482422,233.8300018310547,235.61000061035156,200.17373657226562,1220800
2019-12-18,APD,APD,235.08999633789062,235.52000427246094,230.5800018310547,233.11000061035156,198.04971313476562,1056100
2019-12-19,APD,APD,232.8300018310547,235.22999572753906,232.8300018310547,233.05999755859375,198.0072479248047,912800
2019-12-20,APD,APD,233.9600067138672,235.82000732421875,233.16000366210938,235.0,199.65548706054688,1738200
2019-12-23,APD,APD,236.07000732421875,236.3699951171875,234.3800048828125,235.13999938964844,199.7744140625,831000
2019-12-24,APD,APD,234.97999572753906,236.1199951171875,234.0,235.0500030517578,199.6979522705078,162700
2019-12-26,APD,APD,236.30999755859375,236.30999755859375,234.8000030517578,236.0800018310547,200.5730438232422,344800
2019-12-27,APD,APD,237.13999938964844,237.30999755859375,235.00999450683594,235.49000549316406,200.07177734375,416100
2019-12-30,APD,APD,235.80999755859375,236.0800018310547,234.3300018310547,235.3300018310547,199.93589782714844,470800
2019-12-31,APD,APD,234.6699981689453,235.1300048828125,233.42999267578125,234.99000549316406,200.63600158691406,527100
2020-01-02,APD,APD,235.25,236.8000030517578,230.83999633789062,231.13999938964844,197.34886169433594,1320500
2020-01-03,APD,APD,228.64999389648438,230.27000427246094,225.97999572753906,226.0,192.96023559570312,1710400
2020-01-06,APD,APD,225.14999389648438,228.14999389648438,224.94000244140625,225.89999389648438,192.87484741210938,1737400
2020-01-07,APD,APD,225.41000366210938,228.8300018310547,224.91000366210938,226.86000061035156,193.69451904296875,1518900
2020-01-08,APD,APD,227.7100067138672,228.9499969482422,225.86000061035156,228.08999633789062,194.74472045898438,965700
2020-01-09,APD,APD,230.07000732421875,233.72999572753906,229.27999877929688,233.5,199.36380004882812,1320900
2020-01-10,APD,APD,234.5,235.2899932861328,231.25,232.0,198.08309936523438,949000
2020-01-13,APD,APD,232.36000061035156,237.27000427246094,232.27999877929688,236.86000061035156,202.23255920410156,1376800
2020-01-14,APD,APD,236.02999877929688,236.99000549316406,233.88999938964844,234.52000427246094,200.2346954345703,944200
2020-01-15,APD,APD,235.0800018310547,236.72999572753906,233.75999450683594,235.4600067138672,201.03726196289062,779500
2020-01-16,APD,APD,236.8699951171875,237.22999572753906,235.47999572753906,235.77000427246094,201.30198669433594,756600
2020-01-17,APD,APD,236.0500030517578,237.35000610351562,235.1699981689453,237.0,202.35211181640625,1857000
2020-01-21,APD,APD,236.4600067138672,239.1199951171875,235.33999633789062,237.17999267578125,202.50579833984375,1699900
2020-01-22,APD,APD,238.61000061035156,239.13999938964844,236.9199981689453,238.0399932861328,203.24008178710938,927800
2020-01-23,APD,APD,235.82000732421875,237.72000122070312,233.63999938964844,237.2899932861328,202.59971618652344,1072300
2020-01-24,APD,APD,237.5399932861328,244.61000061035156,237.5399932861328,243.9499969482422,208.2860870361328,1763500
2020-01-27,APD,APD,240.39999389648438,240.8699951171875,233.36000061035156,233.47000122070312,199.3381805419922,1368900
2020-01-28,APD,APD,234.08999633789062,237.4199981689453,233.74000549316406,236.4499969482422,201.8825225830078,1338500
2020-01-29,APD,APD,237.92999267578125,237.92999267578125,235.55999755859375,237.27000427246094,202.58265686035156,709000
2020-01-30,APD,APD,236.32000732421875,241.74000549316406,236.13999938964844,241.41000366210938,206.11740112304688,1074100
2020-01-31,APD,APD,240.33999633789062,240.64999389648438,237.80999755859375,238.7100067138672,203.81211853027344,1596400
2020-02-03,APD,APD,239.88999938964844,243.6699981689453,238.3699951171875,243.00999450683594,207.48348999023438,1639600
2020-02-04,APD,APD,244.91000366210938,248.0,243.27999877929688,247.08999633789062,210.96701049804688,1447300
2020-02-05,APD,APD,248.72000122070312,250.58999633789062,243.13999938964844,250.27999877929688,213.690673828125,1590800
2020-02-06,APD,APD,250.72999572753906,251.6199951171875,248.82000732421875,251.05999755859375,214.35662841796875,1517600
2020-02-07,APD,APD,250.39999389648438,251.3699951171875,249.1300048828125,249.9199981689453,213.38330078125,730800
2020-02-10,APD,APD,251.5,252.0,250.32000732421875,251.7100067138672,214.91163635253906,861600
2020-02-11,APD,APD,253.27999877929688,254.30999755859375,252.22000122070312,252.41000366210938,215.50929260253906,965400
2020-02-12,APD,APD,252.8000030517578,254.7100067138672,252.61000061035156,254.10000610351562,216.95220947265625,690000
2020-02-13,APD,APD,253.88999938964844,256.32000732421875,253.25999450683594,254.8800048828125,217.61814880371094,666200
2020-02-14,APD,APD,255.22000122070312,256.04998779296875,254.64999389648438,256.010009765625,218.58297729492188,650800
2020-02-18,APD,APD,255.91000366210938,256.5899963378906,254.97000122070312,255.74000549316406,218.3524627685547,857900
2020-02-19,APD,APD,256.4100036621094,257.010009765625,255.00999450683594,255.82000732421875,218.42074584960938,931000
2020-02-20,APD,APD,254.89999389648438,256.010009765625,252.11000061035156,255.39999389648438,218.06216430664062,922900
2020-02-21,APD,APD,255.24000549316406,255.58999633789062,253.6999969482422,254.97000122070312,217.6950225830078,1587000
2020-02-24,APD,APD,249.75999450683594,251.08999633789062,244.67999267578125,245.52999877929688,209.63510131835938,1330700
2020-02-25,APD,APD,245.5399932861328,246.38999938964844,234.82000732421875,235.49000549316406,201.0629119873047,1423700
2020-02-26,APD,APD,235.9499969482422,240.1699981689453,235.11000061035156,235.52000427246094,201.08853149414062,1310200
2020-02-27,APD,APD,231.8800048828125,233.27999877929688,223.99000549316406,224.08999633789062,191.32949829101562,1410300
2020-02-28,APD,APD,217.38999938964844,222.77999877929688,213.80999755859375,219.61000061035156,187.50439453125,2353600
2020-03-02,APD,APD,221.08999633789062,230.83999633789062,220.6300048828125,230.64999389648438,196.93043518066406,1625400
2020-03-03,APD,APD,231.08999633789062,237.22000122070312,224.5500030517578,227.36000061035156,194.12144470214844,1607800
2020-03-04,APD,APD,231.4199981689453,237.44000244140625,229.7899932861328,237.1999969482422,202.5229034423828,1213900
2020-03-05,APD,APD,230.5,234.72999572753906,229.16000366210938,234.0,199.79067993164062,1548200
2020-03-06,APD,APD,226.22999572753906,231.52999877929688,225.44000244140625,229.7100067138672,196.12786865234375,2175000
2020-03-09,APD,APD,214.99000549316406,214.99000549316406,204.74000549316406,205.14999389648438,175.15838623046875,2393700
2020-03-10,APD,APD,210.92999267578125,214.5800018310547,204.6199951171875,214.5800018310547,183.20974731445312,1962500
2020-03-11,APD,APD,210.0,213.1300048828125,203.4499969482422,207.8000030517578,177.42098999023438,1470600
2020-03-12,APD,APD,197.89999389648438,206.1699981689453,178.47999572753906,187.72999572753906,160.28509521484375,2288700
2020-03-13,APD,APD,197.14999389648438,206.52000427246094,188.6699981689453,206.36000061035156,176.19146728515625,2180400
2020-03-16,APD,APD,170.14999389648438,191.1999969482422,167.42999267578125,180.35000610351562,153.9839324951172,1809000
2020-03-17,APD,APD,185.35000610351562,205.75999450683594,181.58999633789062,205.10000610351562,175.11570739746094,2284700
2020-03-18,APD,APD,190.7100067138672,211.52999877929688,182.8300018310547,201.57000732421875,172.1017608642578,2582200
2020-03-19,APD,APD,199.5,204.86000061035156,188.5800018310547,191.0399932861328,163.11117553710938,1818200
2020-03-20,APD,APD,190.97000122070312,193.85000610351562,182.2899932861328,189.14999389648438,161.4974365234375,2155600
2020-03-23,APD,APD,186.41000366210938,194.61000061035156,173.91000366210938,176.72999572753906,150.8932342529297,2162800
2020-03-24,APD,APD,185.55999755859375,200.72000122070312,179.27000427246094,194.4199981689453,165.99703979492188,2161600
2020-03-25,APD,APD,193.36000061035156,204.6199951171875,189.72000122070312,191.14999389648438,163.205078125,2165300
2020-03-26,APD,APD,192.97999572753906,202.8000030517578,189.97999572753906,201.33999633789062,171.90538024902344,1512800
2020-03-27,APD,APD,195.30999755859375,199.14999389648438,191.33999633789062,193.1699981689453,164.9297637939453,1173100
2020-03-30,APD,APD,198.47000122070312,208.58999633789062,197.10000610351562,206.52999877929688,176.33665466308594,1281800
2020-03-31,APD,APD,202.6999969482422,205.8800048828125,197.47000122070312,199.61000061035156,171.54127502441406,2372800
2020-04-01,APD,APD,192.0,197.39999389648438,188.5399932861328,189.27999877929688,162.66387939453125,1566500
2020-04-02,APD,APD,187.6300048828125,199.24000549316406,186.4499969482422,194.5,167.1498565673828,1963500
2020-04-03,APD,APD,193.38999938964844,194.99000549316406,185.25,186.60000610351562,160.36070251464844,1943700
2020-04-06,APD,APD,194.6199951171875,198.1999969482422,190.61000061035156,193.86000061035156,166.59983825683594,2090400
2020-04-07,APD,APD,198.61000061035156,205.74000549316406,198.25,202.02999877929688,173.6209716796875,1383800
2020-04-08,APD,APD,203.47000122070312,217.5800018310547,201.07000732421875,215.75999450683594,185.42030334472656,1804000
2020-04-09,APD,APD,215.1300048828125,222.60000610351562,215.1300048828125,219.32000732421875,188.47972106933594,1744000
2020-04-13,APD,APD,218.1999969482422,219.99000549316406,213.50999450683594,216.19000244140625,185.7898406982422,1096700
2020-04-14,APD,APD,221.63999938964844,224.27999877929688,218.49000549316406,220.7899932861328,189.74301147460938,965400
2020-04-15,APD,APD,219.27000427246094,219.27000427246094,212.02999877929688,213.82000732421875,183.75311279296875,1042400
2020-04-16,APD,APD,214.44000244140625,215.27000427246094,211.5500030517578,212.8800048828125,182.9453125,974400
2020-04-17,APD,APD,217.4600067138672,223.83999633789062,214.61000061035156,221.5,190.3531494140625,1755600
2020-04-20,APD,APD,219.49000549316406,221.17999267578125,213.22000122070312,214.3699951171875,184.2257843017578,800500
2020-04-21,APD,APD,209.9600067138672,210.1199951171875,205.41000366210938,207.38999938964844,178.227294921875,1498500
2020-04-22,APD,APD,213.64999389648438,215.38999938964844,210.77999877929688,214.44000244140625,184.285888671875,1318100
2020-04-23,APD,APD,218.22000122070312,219.7899932861328,209.6699981689453,211.27000427246094,181.56167602539062,1113900
2020-04-24,APD,APD,213.3000030517578,217.3300018310547,212.22999572753906,216.77999877929688,186.296875,811900
2020-04-27,APD,APD,216.4499969482422,222.4499969482422,215.50999450683594,222.25999450683594,191.00624084472656,1194300
2020-04-28,APD,APD,225.4199981689453,227.1999969482422,221.1199951171875,223.6199951171875,192.17501831054688,1093400
2020-04-29,APD,APD,225.97999572753906,231.8800048828125,225.0399932861328,230.6699981689453,198.2337188720703,1323800
2020-04-30,APD,APD,225.91000366210938,228.5,224.14999389648438,225.5800018310547,193.8594512939453,1284000
2020-05-01,APD,APD,220.38999938964844,222.89999389648438,218.8699951171875,222.25,190.9976806640625,827200
2020-05-04,APD,APD,221.5500030517578,224.50999450683594,219.52000427246094,223.35000610351562,191.94302368164062,1345100
2020-05-05,APD,APD,225.0,227.80999755859375,223.52999877929688,224.3000030517578,192.75941467285156,1106400
2020-05-06,APD,APD,223.72999572753906,226.5,222.92999267578125,223.3800048828125,191.9687957763672,1314400
2020-05-07,APD,APD,226.14999389648438,228.42999267578125,223.16000366210938,226.8000030517578,194.90789794921875,761700
2020-05-08,APD,APD,231.0800018310547,233.55999755859375,229.19000244140625,233.47999572753906,200.6485137939453,808700
2020-05-11,APD,APD,229.0,233.52999877929688,227.88999938964844,232.6699981689453,199.95248413085938,852300
2020-05-12,APD,APD,232.63999938964844,234.14999389648438,230.07000732421875,230.25999450683594,197.88133239746094,1062800
2020-05-13,APD,APD,229.85000610351562,232.85000610351562,223.2899932861328,225.83999633789062,194.08287048339844,1128400
2020-05-14,APD,APD,221.7100067138672,225.77000427246094,219.52000427246094,225.6199951171875,193.893798828125,958900
2020-05-15,APD,APD,224.72000122070312,228.1199951171875,222.52000427246094,228.0399932861328,195.97349548339844,1441300
2020-05-18,APD,APD,235.92999267578125,241.32000732421875,235.85000610351562,238.9499969482422,205.349365234375,1159300
2020-05-19,APD,APD,237.69000244140625,239.22000122070312,235.7899932861328,236.02999877929688,202.8399200439453,720400
2020-05-20,APD,APD,239.66000366210938,242.27000427246094,238.52999877929688,239.8000030517578,206.07984924316406,781700
2020-05-21,APD,APD,238.97999572753906,240.25,235.19000244140625,235.5399932861328,202.4188232421875,736200
2020-05-22,APD,APD,234.4600067138672,235.88999938964844,233.1699981689453,234.35000610351562,201.396240234375,775100
2020-05-26,APD,APD,238.94000244140625,240.52000427246094,237.24000549316406,237.8000030517578,204.36109924316406,1043100
2020-05-27,APD,APD,240.25,240.64999389648438,232.41000366210938,235.16000366210938,202.09231567382812,1025700
2020-05-28,APD,APD,239.08999633789062,242.86000061035156,236.6699981689453,240.67999267578125,206.83609008789062,930100
2020-05-29,APD,APD,241.3000030517578,242.97000122070312,239.5500030517578,241.64999389648438,207.66969299316406,1241800
2020-06-01,APD,APD,242.11000061035156,244.61000061035156,239.42999267578125,242.60000610351562,208.48611450195312,711700
2020-06-02,APD,APD,242.5399932861328,245.42999267578125,241.80999755859375,245.3000030517578,210.80645751953125,933700
2020-06-03,APD,APD,246.9499969482422,250.61000061035156,245.3800048828125,248.4600067138672,213.5220947265625,849100
2020-06-04,APD,APD,247.35000610351562,248.82000732421875,243.11000061035156,243.97000122070312,209.66346740722656,1210300
2020-06-05,APD,APD,249.8300018310547,250.33999633789062,247.42999267578125,248.5800018310547,213.62521362304688,1243100
2020-06-08,APD,APD,246.92999267578125,249.82000732421875,245.99000549316406,249.5800018310547,214.48464965820312,889400
2020-06-09,APD,APD,247.3800048828125,251.3000030517578,245.8300018310547,250.8699951171875,215.59317016601562,1014400
2020-06-10,APD,APD,251.9499969482422,252.5399932861328,247.49000549316406,247.86000061035156,213.00650024414062,625900
2020-06-11,APD,APD,243.3800048828125,244.47000122070312,232.6300048828125,233.0800018310547,200.3048095703125,1370100
2020-06-12,APD,APD,238.8800048828125,240.00999450683594,230.6300048828125,235.0399932861328,201.98919677734375,854300
2020-06-15,APD,APD,230.0,238.39999389648438,229.1699981689453,237.00999450683594,203.68218994140625,709300
2020-06-16,APD,APD,241.22000122070312,242.7100067138672,236.61000061035156,238.0399932861328,204.5673370361328,961600
2020-06-17,APD,APD,240.1300048828125,240.5399932861328,236.75,237.4499969482422,204.06024169921875,513900
2020-06-18,APD,APD,237.57000732421875,239.55999755859375,236.24000549316406,238.11000061035156,204.62747192382812,678400
2020-06-19,APD,APD,241.9499969482422,241.9499969482422,235.38999938964844,235.50999450683594,202.39312744140625,1386600
2020-06-22,APD,APD,235.10000610351562,237.6300048828125,233.60000610351562,236.47000122070312,203.2180938720703,667200
2020-06-23,APD,APD,239.38999938964844,240.32000732421875,236.50999450683594,239.08999633789062,205.46966552734375,975900
2020-06-24,APD,APD,236.97999572753906,238.99000549316406,230.0,233.13999938964844,200.35638427734375,1164400
2020-06-25,APD,APD,232.94000244140625,237.64999389648438,230.72999572753906,237.3000030517578,203.93141174316406,860400
2020-06-26,APD,APD,236.55999755859375,238.02999877929688,234.42999267578125,236.02000427246094,202.8313751220703,1243700
2020-06-29,APD,APD,238.61000061035156,239.92999267578125,235.8000030517578,238.61000061035156,205.05714416503906,993300
2020-06-30,APD,APD,236.16000366210938,243.0500030517578,236.0,241.4600067138672,208.67831420898438,1544500
2020-07-01,APD,APD,241.89999389648438,244.85000610351562,239.36000061035156,243.75,210.65744018554688,1049100
2020-07-02,APD,APD,245.1699981689453,247.75999450683594,244.9199981689453,247.4199981689453,213.82919311523438,1333000
2020-07-06,APD,APD,250.3300018310547,250.97999572753906,244.86000061035156,248.91000366210938,215.11691284179688,1131600
2020-07-07,APD,APD,251.85000610351562,265.2699890136719,251.6699981689453,265.1300048828125,229.13479614257812,2682600
2020-07-08,APD,APD,266.3999938964844,276.8599853515625,265.9800109863281,269.7900085449219,233.16212463378906,2793000
2020-07-09,APD,APD,271.0199890136719,272.010009765625,265.94000244140625,271.6000061035156,234.7263946533203,1504300
2020-07-10,APD,APD,272.4100036621094,273.8399963378906,269.8399963378906,273.19000244140625,236.10052490234375,951600
2020-07-13,APD,APD,276.07000732421875,280.70001220703125,273.5400085449219,274.3500061035156,237.10308837890625,1180900
2020-07-14,APD,APD,274.0,281.54998779296875,273.0299987792969,280.989990234375,242.84158325195312,1990300
2020-07-15,APD,APD,282.75,285.29998779296875,281.1000061035156,281.9700012207031,243.68853759765625,1327100
2020-07-16,APD,APD,283.17999267578125,288.0,282.760009765625,287.19000244140625,248.1998748779297,2252300
2020-07-17,APD,APD,289.0,295.3699951171875,287.6199951171875,294.0,254.085205078125,1961500
2020-07-20,APD,APD,293.4599914550781,295.8999938964844,288.0,290.8699951171875,251.38021850585938,1037600
2020-07-21,APD,APD,291.0,292.6700134277344,289.9100036621094,290.3900146484375,250.96539306640625,1057500
2020-07-22,APD,APD,290.42999267578125,296.2799987792969,289.6600036621094,295.510009765625,255.39019775390625,820600
2020-07-23,APD,APD,289.44000244140625,299.82000732421875,289.44000244140625,293.25,253.4371337890625,1318700
2020-07-24,APD,APD,291.9700012207031,293.3500061035156,289.3500061035156,291.5199890136719,251.94200134277344,1064000
2020-07-27,APD,APD,293.6499938964844,297.0899963378906,292.260009765625,294.7099914550781,254.69891357421875,1077300
2020-07-28,APD,APD,294.489990234375,294.7200012207031,289.1400146484375,289.2699890136719,249.99742126464844,775400
2020-07-29,APD,APD,289.2099914550781,292.7300109863281,288.42999267578125,288.8500061035156,249.6344451904297,1131200
2020-07-30,APD,APD,286.0199890136719,287.4100036621094,283.17999267578125,284.80999755859375,246.1428985595703,1042200
2020-07-31,APD,APD,285.6199951171875,286.739990234375,281.05999755859375,286.6300048828125,247.71583557128906,1546200
2020-08-03,APD,APD,288.0799865722656,288.6300048828125,278.3299865722656,278.4100036621094,240.61187744140625,1731000
2020-08-04,APD,APD,276.3299865722656,280.9599914550781,274.55999755859375,279.5799865722656,241.6229705810547,2065300
2020-08-05,APD,APD,281.1499938964844,288.0400085449219,281.0799865722656,284.6199951171875,245.9786834716797,1624700
2020-08-06,APD,APD,283.6600036621094,284.9700012207031,281.05999755859375,282.989990234375,244.57000732421875,1293700
2020-08-07,APD,APD,283.3299865722656,283.3299865722656,279.20001220703125,281.69000244140625,243.44656372070312,861700
2020-08-10,APD,APD,280.7799987792969,281.7900085449219,278.8999938964844,281.239990234375,243.05760192871094,980600
2020-08-11,APD,APD,282.1099853515625,284.69000244140625,280.8500061035156,281.6000061035156,243.36871337890625,967000
2020-08-12,APD,APD,284.0,287.3599853515625,282.6099853515625,285.3999938964844,246.6528778076172,755400
2020-08-13,APD,APD,284.2799987792969,288.489990234375,284.1700134277344,288.30999755859375,249.16773986816406,758200
2020-08-14,APD,APD,288.4200134277344,292.04998779296875,287.67999267578125,289.82000732421875,250.4727325439453,1017200
2020-08-17,APD,APD,291.7799987792969,293.30999755859375,289.0899963378906,289.55999755859375,250.2481231689453,846100
2020-08-18,APD,APD,290.55999755859375,291.4800109863281,285.94000244140625,286.3500061035156,247.47386169433594,763900
2020-08-19,APD,APD,289.2099914550781,289.2099914550781,286.4200134277344,286.95001220703125,247.9923858642578,482800
2020-08-20,APD,APD,284.0799865722656,286.3900146484375,283.489990234375,286.07000732421875,247.2318572998047,430400
2020-08-21,APD,APD,285.44000244140625,286.989990234375,282.8500061035156,286.44000244140625,247.5515899658203,583500
2020-08-24,APD,APD,289.5899963378906,289.75,287.19000244140625,287.6499938964844,248.59732055664062,466100
2020-08-25,APD,APD,289.17999267578125,291.1400146484375,287.8500061035156,289.4200134277344,250.12704467773438,485400
2020-08-26,APD,APD,288.42999267578125,295.5299987792969,287.8800048828125,293.9599914550781,254.05068969726562,578000
2020-08-27,APD,APD,294.8999938964844,295.1600036621094,292.04998779296875,292.75,253.00497436523438,426400
2020-08-28,APD,APD,293.3800048828125,297.1099853515625,293.1600036621094,296.760009765625,256.4705505371094,502700
2020-08-31,APD,APD,295.3500061035156,299.4599914550781,292.0899963378906,292.260009765625,252.58145141601562,601900
2020-09-01,APD,APD,291.0,303.1700134277344,290.69000244140625,302.7300109863281,261.63006591796875,1071700
2020-09-02,APD,APD,302.489990234375,310.739990234375,301.82000732421875,310.30999755859375,268.18096923828125,1296600
2020-09-03,APD,APD,307.9800109863281,308.94000244140625,292.9100036621094,297.17999267578125,256.8335266113281,1320600
2020-09-04,APD,APD,298.9100036621094,300.7099914550781,291.05999755859375,298.42999267578125,257.9137878417969,1375400
2020-09-08,APD,APD,294.8900146484375,298.30999755859375,292.0,294.5199890136719,254.5347137451172,1109400
2020-09-09,APD,APD,298.17999267578125,306.8299865722656,297.95001220703125,303.2699890136719,262.0967712402344,1025400
2020-09-10,APD,APD,302.70001220703125,306.0400085449219,294.1000061035156,295.2300109863281,255.14825439453125,1181300
2020-09-11,APD,APD,297.80999755859375,302.1300048828125,297.1000061035156,300.32000732421875,259.5472717285156,625800
2020-09-14,APD,APD,303.5799865722656,306.79998779296875,301.2699890136719,303.9700012207031,262.7016906738281,611000
2020-09-15,APD,APD,305.8800048828125,307.92999267578125,303.9599914550781,304.0400085449219,262.7621765136719,700700
2020-09-16,APD,APD,304.260009765625,306.760009765625,302.2900085449219,302.4599914550781,261.3966979980469,810000
2020-09-17,APD,APD,298.70001220703125,302.8399963378906,297.1700134277344,301.9800109863281,260.98187255859375,739700
2020-09-18,APD,APD,299.79998779296875,303.29998779296875,294.8399963378906,295.80999755859375,255.64956665039062,1150800
2020-09-21,APD,APD,291.3699951171875,291.6000061035156,284.6400146484375,290.7799987792969,251.30242919921875,762600
2020-09-22,APD,APD,292.6600036621094,293.739990234375,289.44000244140625,293.45001220703125,253.60997009277344,671700
2020-09-23,APD,APD,292.82000732421875,293.5400085449219,284.5899963378906,285.42999267578125,246.67881774902344,885100
2020-09-24,APD,APD,285.510009765625,291.8599853515625,284.2300109863281,289.989990234375,250.61972045898438,795400
2020-09-25,APD,APD,286.25,291.69000244140625,285.0,290.7099914550781,251.24191284179688,566700
2020-09-28,APD,APD,294.1199951171875,295.80999755859375,292.1300048828125,292.6700134277344,252.935791015625,742200
2020-09-29,APD,APD,294.6300048828125,296.7799987792969,291.80999755859375,293.8599853515625,253.96435546875,603100
2020-09-30,APD,APD,293.6700134277344,299.32000732421875,293.05999755859375,297.8599853515625,258.6004333496094,1152700
2020-10-01,APD,APD,299.05999755859375,301.739990234375,293.57000732421875,294.6700134277344,255.83091735839844,1316700
2020-10-02,APD,APD,291.32000732421875,298.4700012207031,290.20001220703125,296.0400085449219,257.02032470703125,1030000
2020-10-05,APD,APD,298.2900085449219,304.6700134277344,296.19000244140625,300.32000732421875,260.7361755371094,1091900
2020-10-06,APD,APD,301.5299987792969,304.239990234375,295.9200134277344,296.20001220703125,257.1592712402344,1418600
2020-10-07,APD,APD,300.70001220703125,304.7300109863281,299.69000244140625,302.1099853515625,262.2902526855469,645800
2020-10-08,APD,APD,303.0199890136719,304.67999267578125,299.0899963378906,299.6600036621094,260.1632080078125,745500
2020-10-09,APD,APD,302.2900085449219,303.4599914550781,299.2300109863281,300.6000061035156,260.9793395996094,962600
2020-10-12,APD,APD,303.8800048828125,304.8599853515625,301.8800048828125,302.8800048828125,262.9588317871094,706000
2020-10-13,APD,APD,302.42999267578125,306.82000732421875,300.3999938964844,301.1000061035156,261.4134216308594,798900
2020-10-14,APD,APD,299.989990234375,301.57000732421875,297.7099914550781,297.9100036621094,258.643798828125,975400
2020-10-15,APD,APD,296.8500061035156,297.6700134277344,294.3500061035156,295.9599914550781,256.9508972167969,1054300
2020-10-16,APD,APD,297.69000244140625,300.3699951171875,296.1300048828125,298.1400146484375,258.843505859375,1398700
2020-10-19,APD,APD,299.9599914550781,300.6000061035156,293.2200012207031,294.1600036621094,255.38818359375,922900
2020-10-20,APD,APD,295.510009765625,297.3900146484375,294.1000061035156,294.489990234375,255.6746826171875,532000
2020-10-21,APD,APD,294.0400085449219,298.0299987792969,293.1099853515625,293.260009765625,254.60679626464844,429800
2020-10-22,APD,APD,292.5400085449219,294.1300048828125,289.010009765625,292.25,253.72984313964844,547400
2020-10-23,APD,APD,294.9800109863281,295.6000061035156,292.2300109863281,294.0,255.2491912841797,477500
2020-10-26,APD,APD,289.94000244140625,291.260009765625,283.0400085449219,286.3999938964844,248.6509246826172,636200
2020-10-27,APD,APD,287.1300048828125,288.3399963378906,283.3699951171875,283.5,246.13316345214844,538600
2020-10-28,APD,APD,277.0,279.6499938964844,272.75,272.9800109863281,236.99977111816406,903900
2020-10-29,APD,APD,272.80999755859375,279.6499938964844,271.2699890136719,276.7699890136719,240.29022216796875,715600
2020-10-30,APD,APD,274.9200134277344,278.04998779296875,271.67999267578125,276.239990234375,239.83010864257812,827400
2020-11-02,APD,APD,280.7200012207031,287.6000061035156,279.1000061035156,286.69000244140625,248.9026641845703,690200
2020-11-03,APD,APD,289.9700012207031,292.7099914550781,286.9700012207031,289.0400085449219,250.94300842285156,842300
2020-11-04,APD,APD,289.9700012207031,291.8900146484375,284.6400146484375,289.2900085449219,251.1599884033203,924200
2020-11-05,APD,APD,295.260009765625,306.510009765625,295.07000732421875,303.3399963378906,263.35809326171875,856400
2020-11-06,APD,APD,303.42999267578125,307.7799987792969,302.1400146484375,306.7200012207031,266.2926025390625,745400
2020-11-09,APD,APD,318.9100036621094,327.8900146484375,312.510009765625,312.6700134277344,271.45843505859375,1261700
2020-11-10,APD,APD,315.0799865722656,315.57000732421875,309.5199890136719,309.9700012207031,269.1142272949219,1279600
2020-11-11,APD,APD,297.0,300.1600036621094,277.1600036621094,280.8399963378906,243.8237762451172,4733200
2020-11-12,APD,APD,277.8900146484375,279.9700012207031,263.6099853515625,265.30999755859375,230.3406982421875,4849000
2020-11-13,APD,APD,268.0299987792969,269.55999755859375,262.260009765625,263.8699951171875,229.09046936035156,2553700
2020-11-16,APD,APD,267.5799865722656,269.7200012207031,262.79998779296875,266.44000244140625,231.32174682617188,2201800
2020-11-17,APD,APD,264.5899963378906,266.6700134277344,262.239990234375,266.2900085449219,231.19155883789062,2218700
2020-11-18,APD,APD,266.82000732421875,272.1000061035156,266.0199890136719,267.70001220703125,232.41571044921875,2028800
2020-11-19,APD,APD,266.75,272.6300048828125,263.7900085449219,270.3599853515625,234.72511291503906,1340500
2020-11-20,APD,APD,269.94000244140625,271.1499938964844,265.3800048828125,270.4800109863281,234.82931518554688,1102900
2020-11-23,APD,APD,272.7699890136719,276.6700134277344,270.8999938964844,275.260009765625,238.97923278808594,1265900
2020-11-24,APD,APD,278.0,286.3800048828125,276.260009765625,284.0199890136719,246.58462524414062,1921400
2020-11-25,APD,APD,283.6600036621094,286.2200012207031,277.260009765625,278.1199951171875,241.46226501464844,1177700
2020-11-27,APD,APD,279.010009765625,279.9700012207031,276.55999755859375,277.8299865722656,241.21047973632812,674700
2020-11-30,APD,APD,278.0,280.1499938964844,275.7900085449219,280.1400146484375,243.21604919433594,1312900
2020-12-01,APD,APD,285.0,286.0,279.2699890136719,283.17999267578125,245.85531616210938,1259700
2020-12-02,APD,APD,281.69000244140625,282.5,273.8699951171875,273.8800048828125,237.78109741210938,1373200
2020-12-03,APD,APD,274.3800048828125,275.20001220703125,266.07000732421875,267.25,232.02499389648438,2035600
2020-12-04,APD,APD,267.010009765625,273.8500061035156,264.6300048828125,273.760009765625,237.67694091796875,1587100
2020-12-07,APD,APD,274.4800109863281,276.42999267578125,268.1600036621094,269.17999267578125,233.70059204101562,1114200
2020-12-08,APD,APD,269.0,270.0400085449219,267.1000061035156,268.2300109863281,232.8758087158203,1358500
2020-12-09,APD,APD,269.3800048828125,271.6099853515625,267.8599853515625,270.57000732421875,234.90740966796875,1038100
2020-12-10,APD,APD,269.2099914550781,270.2200012207031,266.69000244140625,268.82000732421875,233.3881072998047,1065000
2020-12-11,APD,APD,266.5899963378906,268.6300048828125,265.70001220703125,267.3599853515625,232.12051391601562,751800
2020-12-14,APD,APD,269.0799865722656,270.3299865722656,265.32000732421875,265.3999938964844,230.4188232421875,894200
2020-12-15,APD,APD,270.1000061035156,272.07000732421875,268.05999755859375,270.010009765625,234.4211883544922,1655400
2020-12-16,APD,APD,270.04998779296875,271.07000732421875,267.3999938964844,268.8999938964844,233.45751953125,1154900
2020-12-17,APD,APD,269.989990234375,271.42999267578125,268.5,268.6000061035156,233.19708251953125,940000
2020-12-18,APD,APD,267.6199951171875,270.4599914550781,265.32000732421875,269.54998779296875,234.02182006835938,2605100
2020-12-21,APD,APD,265.3699951171875,266.57000732421875,260.6099853515625,264.489990234375,229.6287841796875,1387100
2020-12-22,APD,APD,264.010009765625,264.67999267578125,261.6099853515625,264.010009765625,229.2120361328125,1266900
2020-12-23,APD,APD,266.0400085449219,268.9800109863281,265.0,266.25,231.15676879882812,840500
2020-12-24,APD,APD,266.0799865722656,268.3599853515625,265.1300048828125,268.3500061035156,232.9800262451172,227600
2020-12-28,APD,APD,271.5199890136719,272.6000061035156,268.3999938964844,268.6000061035156,233.19708251953125,630600
2020-12-29,APD,APD,271.1700134277344,274.3699951171875,267.3800048828125,268.7300109863281,233.3098907470703,777200
2020-12-30,APD,APD,269.9800109863281,273.0,269.4100036621094,271.1000061035156,235.36753845214844,611300
2020-12-31,APD,APD,269.4200134277344,273.5799865722656,268.29998779296875,273.2200012207031,238.3863983154297,795600
2021-01-04,APD,APD,275.3900146484375,276.4700012207031,267.1700134277344,268.20001220703125,234.00645446777344,1286200
2021-01-05,APD,APD,268.25,283.4800109863281,268.25,282.3900146484375,246.38729858398438,1882400
2021-01-06,APD,APD,283.0,293.25,282.7200012207031,289.9700012207031,253.00088500976562,1883700
2021-01-07,APD,APD,289.55999755859375,290.5,283.8399963378906,285.2900085449219,248.91757202148438,1147900
2021-01-08,APD,APD,286.3500061035156,287.8299865722656,281.3500061035156,285.739990234375,249.31019592285156,1229700
2021-01-11,APD,APD,284.57000732421875,286.29998779296875,281.8999938964844,283.1300048828125,247.03298950195312,751300
2021-01-12,APD,APD,283.1300048828125,283.9200134277344,280.25,283.05999755859375,246.97190856933594,1097400
2021-01-13,APD,APD,283.8399963378906,292.3800048828125,283.8399963378906,290.6700134277344,253.61166381835938,1608800
2021-01-14,APD,APD,290.8699951171875,291.8900146484375,285.9700012207031,286.25,249.75515747070312,1108100
2021-01-15,APD,APD,284.7799987792969,288.3800048828125,281.67999267578125,286.9100036621094,250.33108520507812,1908600
2021-01-19,APD,APD,289.92999267578125,289.989990234375,283.70001220703125,285.6600036621094,249.2404327392578,1368200
2021-01-20,APD,APD,287.3299865722656,288.7799987792969,286.2200012207031,286.55999755859375,250.02569580078125,692500
2021-01-21,APD,APD,286.5,287.4100036621094,281.760009765625,282.6099853515625,246.57928466796875,918500
2021-01-22,APD,APD,281.3800048828125,287.3599853515625,281.0,283.6000061035156,247.4430389404297,791200
2021-01-25,APD,APD,283.2699890136719,283.6499938964844,276.4200134277344,279.0199890136719,243.44692993164062,1129700
2021-01-26,APD,APD,279.9599914550781,281.80999755859375,277.95001220703125,277.989990234375,242.5482635498047,962500
2021-01-27,APD,APD,274.95001220703125,274.9599914550781,266.6700134277344,269.9800109863281,235.55950927734375,1124500
2021-01-28,APD,APD,273.6700134277344,279.0,270.0,275.8599853515625,240.68984985351562,982800
2021-01-29,APD,APD,273.7900085449219,275.69000244140625,266.1400146484375,266.760009765625,232.75006103515625,1458600
2021-02-01,APD,APD,268.7099914550781,271.2900085449219,265.3900146484375,268.95001220703125,234.66082763671875,1360400
2021-02-02,APD,APD,271.0,276.239990234375,270.0199890136719,273.95001220703125,239.02337646484375,1061400
2021-02-03,APD,APD,274.8599853515625,279.9200134277344,274.1199951171875,276.6000061035156,241.33551025390625,1065700
2021-02-04,APD,APD,261.8599853515625,266.0,245.75,256.70001220703125,223.97259521484375,6284200
2021-02-05,APD,APD,256.010009765625,257.6700134277344,249.8800048828125,253.14999389648438,220.8751983642578,3167300
2021-02-08,APD,APD,259.95001220703125,260.989990234375,251.8800048828125,253.63999938964844,221.302734375,2056000
2021-02-09,APD,APD,253.77999877929688,256.2099914550781,249.7899932861328,254.44000244140625,222.0007781982422,1347100
2021-02-10,APD,APD,255.07000732421875,256.0,251.11000061035156,253.5800018310547,221.25039672851562,1463000
2021-02-11,APD,APD,255.0,258.989990234375,254.17999267578125,257.69000244140625,224.8363800048828,1183800
2021-02-12,APD,APD,256.75,263.3299865722656,256.75,260.54998779296875,227.3317413330078,1157500
2021-02-16,APD,APD,262.2300109863281,263.5299987792969,259.7099914550781,260.7300109863281,227.4888153076172,1095700
2021-02-17,APD,APD,259.8800048828125,261.739990234375,256.7799987792969,260.010009765625,226.860595703125,873800
2021-02-18,APD,APD,260.0,263.8900146484375,258.4700012207031,262.6499938964844,229.1639862060547,913500
2021-02-19,APD,APD,262.57000732421875,265.4800109863281,262.57000732421875,263.8800048828125,230.2371826171875,1215500
2021-02-22,APD,APD,262.739990234375,265.6499938964844,261.04998779296875,265.4800109863281,231.63319396972656,1001500
2021-02-23,APD,APD,265.6499938964844,267.489990234375,259.5899963378906,263.3299865722656,229.7572784423828,1335600
2021-02-24,APD,APD,262.7799987792969,265.82000732421875,262.1099853515625,263.260009765625,229.69625854492188,971300
2021-02-25,APD,APD,262.9800109863281,264.7799987792969,259.7200012207031,260.3800048828125,227.1834716796875,843300
2021-02-26,APD,APD,259.3699951171875,261.1099853515625,255.57000732421875,255.6199951171875,223.03028869628906,1285500
2021-03-01,APD,APD,258.3999938964844,263.2699890136719,258.3999938964844,261.19000244140625,227.89015197753906,827700
2021-03-02,APD,APD,261.70001220703125,266.9700012207031,261.3900146484375,266.0,232.0869140625,1158200
2021-03-03,APD,APD,262.8800048828125,265.6700134277344,261.5199890136719,262.3399963378906,228.8935546875,1193700
2021-03-04,APD,APD,261.57000732421875,262.8599853515625,253.25,256.42999267578125,223.73699951171875,1126500
2021-03-05,APD,APD,258.1199951171875,264.6300048828125,255.41000366210938,263.82000732421875,230.1848907470703,861900
2021-03-08,APD,APD,265.75,270.67999267578125,263.5400085449219,266.8800048828125,232.85475158691406,1021800
2021-03-09,APD,APD,269.3999938964844,271.2699890136719,267.3699951171875,267.510009765625,233.4044189453125,744400
2021-03-10,APD,APD,269.2699890136719,275.0,267.6300048828125,271.6199951171875,236.9903564453125,806600
2021-03-11,APD,APD,274.4100036621094,276.69000244140625,272.260009765625,272.69000244140625,237.9239959716797,839100
2021-03-12,APD,APD,272.7900085449219,275.42999267578125,272.1600036621094,273.260009765625,238.42132568359375,741500
2021-03-15,APD,APD,272.739990234375,273.32000732421875,270.2300109863281,272.9599914550781,238.15957641601562,721500
2021-03-16,APD,APD,272.3900146484375,275.3699951171875,270.70001220703125,274.510009765625,239.51197814941406,650200
2021-03-17,APD,APD,274.7200012207031,275.8299865722656,270.4700012207031,270.6700134277344,236.16156005859375,735800
2021-03-18,APD,APD,269.6700134277344,271.8299865722656,267.05999755859375,269.0299987792969,234.73062133789062,742700
2021-03-19,APD,APD,269.5400085449219,277.07000732421875,267.1000061035156,275.3999938964844,240.2884521484375,2431800
2021-03-22,APD,APD,275.1400146484375,281.2699890136719,273.45001220703125,278.82000732421875,243.27243041992188,1818700
2021-03-23,APD,APD,278.4100036621094,279.05999755859375,273.7900085449219,274.69000244140625,239.66900634765625,1147700
2021-03-24,APD,APD,274.3500061035156,281.1400146484375,274.0799865722656,278.010009765625,242.5657501220703,778700
2021-03-25,APD,APD,277.8500061035156,278.8500061035156,274.6499938964844,277.2699890136719,241.92005920410156,1340900
2021-03-26,APD,APD,279.79998779296875,287.4700012207031,279.2300109863281,287.2200012207031,250.6015167236328,1269800
2021-03-29,APD,APD,286.3699951171875,290.32000732421875,283.70001220703125,283.9700012207031,247.765869140625,1118300
2021-03-30,APD,APD,283.6099853515625,286.25,281.6600036621094,282.6099853515625,246.57928466796875,896200
2021-03-31,APD,APD,280.0199890136719,284.239990234375,280.0199890136719,281.3399963378906,246.7810516357422,831600
2021-04-01,APD,APD,282.20001220703125,285.2200012207031,279.17999267578125,284.8999938964844,249.90370178222656,927700
2021-04-05,APD,APD,286.6499938964844,289.9700012207031,285.489990234375,289.510009765625,253.94744873046875,780100
2021-04-06,APD,APD,289.2900085449219,290.9599914550781,286.1600036621094,288.0199890136719,252.64044189453125,743900
2021-04-07,APD,APD,286.44000244140625,287.6099853515625,281.4200134277344,282.489990234375,247.7897186279297,853600
2021-04-08,APD,APD,284.79998779296875,286.0199890136719,282.8900146484375,283.1099853515625,248.33358764648438,707000
2021-04-09,APD,APD,282.989990234375,284.8399963378906,280.760009765625,284.3599853515625,249.43008422851562,953200
2021-04-12,APD,APD,283.3599853515625,285.25,282.4100036621094,282.8800048828125,248.13189697265625,681900
2021-04-13,APD,APD,282.510009765625,287.0799865722656,281.45001220703125,285.1099853515625,250.08787536621094,893500
2021-04-14,APD,APD,284.739990234375,285.3500061035156,281.7300109863281,282.8800048828125,248.13189697265625,631700
2021-04-15,APD,APD,284.3999938964844,287.79998779296875,283.510009765625,287.1499938964844,251.87733459472656,778200
2021-04-16,APD,APD,289.4599914550781,289.760009765625,286.2300109863281,287.4800109863281,252.16677856445312,1013500
2021-04-19,APD,APD,287.9700012207031,288.4200134277344,281.3900146484375,284.3999938964844,249.46505737304688,898400
2021-04-20,APD,APD,283.8699951171875,286.7699890136719,283.69000244140625,284.5400085449219,249.58798217773438,755500
2021-04-21,APD,APD,285.7699890136719,289.7099914550781,284.6099853515625,288.6300048828125,253.175537109375,626200
2021-04-22,APD,APD,287.44000244140625,288.510009765625,284.7099914550781,284.739990234375,249.7633514404297,849200
2021-04-23,APD,APD,285.5199890136719,291.1099853515625,284.7099914550781,290.29998779296875,254.6404266357422,885600
2021-04-26,APD,APD,290.2200012207031,292.8699951171875,288.5,290.17999267578125,254.5350799560547,828800
2021-04-27,APD,APD,289.7300109863281,290.69000244140625,287.0,289.7900085449219,254.19305419921875,519300
2021-04-28,APD,APD,290.0899963378906,291.6499938964844,288.8699951171875,289.5899963378906,254.01756286621094,543000
2021-04-29,APD,APD,290.80999755859375,292.5799865722656,290.17999267578125,292.29998779296875,256.39471435546875,553600
2021-04-30,APD,APD,291.8299865722656,292.3699951171875,287.8399963378906,288.4800109863281,253.0439910888672,906400
2021-05-03,APD,APD,289.6700134277344,291.8299865722656,288.5299987792969,290.19000244140625,254.5438995361328,952300
2021-05-04,APD,APD,288.54998779296875,291.6199951171875,288.510009765625,290.2699890136719,254.61407470703125,1178600
2021-05-05,APD,APD,291.1400146484375,293.6600036621094,289.2799987792969,292.5899963378906,256.6490783691406,1131400
2021-05-06,APD,APD,293.4100036621094,295.8399963378906,291.1199951171875,293.6499938964844,257.57891845703125,1178700
2021-05-07,APD,APD,292.5400085449219,295.32000732421875,290.3500061035156,290.54998779296875,254.8596649169922,1214900
2021-05-10,APD,APD,297.489990234375,302.8500061035156,293.2200012207031,293.5299987792969,257.4736328125,1245600
2021-05-11,APD,APD,292.6000061035156,300.989990234375,291.0400085449219,300.739990234375,263.7979736328125,1217100
2021-05-12,APD,APD,298.42999267578125,299.5899963378906,292.54998779296875,293.1600036621094,257.1490478515625,935500
2021-05-13,APD,APD,293.1400146484375,300.3500061035156,293.1000061035156,299.7799987792969,262.9559020996094,850700
2021-05-14,APD,APD,301.5,303.2799987792969,300.4700012207031,301.04998779296875,264.06988525390625,698500
2021-05-17,APD,APD,301.0,303.32000732421875,299.5899963378906,301.6499938964844,264.5962829589844,592500
2021-05-18,APD,APD,300.8900146484375,302.7300109863281,299.1300048828125,299.6300048828125,262.8242492675781,817600
2021-05-19,APD,APD,297.6700134277344,299.3599853515625,295.3299865722656,298.2699890136719,261.6314392089844,800200
2021-05-20,APD,APD,297.94000244140625,300.0899963378906,296.8999938964844,297.05999755859375,260.57000732421875,542300
2021-05-21,APD,APD,298.1499938964844,301.19000244140625,297.8999938964844,298.19000244140625,261.5611267089844,672900
2021-05-24,APD,APD,300.4599914550781,300.4599914550781,297.82000732421875,299.57000732421875,262.7716369628906,679100
2021-05-25,APD,APD,300.7900085449219,302.5799865722656,298.3500061035156,301.04998779296875,264.06988525390625,908900
2021-05-26,APD,APD,301.1499938964844,301.57000732421875,295.010009765625,297.3999938964844,260.86822509765625,748000
2021-05-27,APD,APD,298.7900085449219,300.19000244140625,297.54998779296875,298.2799987792969,261.64019775390625,1155300
2021-05-28,APD,APD,300.5299987792969,302.2300109863281,298.6400146484375,299.6600036621094,262.8506774902344,549300
2021-06-01,APD,APD,303.6499938964844,303.9599914550781,300.5,302.5400085449219,265.3769226074219,736200
2021-06-02,APD,APD,303.9599914550781,306.05999755859375,301.82000732421875,305.6600036621094,268.1135559082031,1003400
2021-06-03,APD,APD,303.4800109863281,304.260009765625,300.69000244140625,304.1099853515625,266.7540283203125,858700
2021-06-04,APD,APD,304.6499938964844,305.8299865722656,303.7699890136719,304.760009765625,267.32415771484375,820000
2021-06-07,APD,APD,304.92999267578125,305.3599853515625,299.3900146484375,301.80999755859375,264.7365417480469,670400
2021-06-08,APD,APD,301.2200012207031,301.7900085449219,297.82000732421875,299.6199951171875,262.8155822753906,807800
2021-06-09,APD,APD,300.489990234375,301.75,297.2099914550781,297.3500061035156,260.8243713378906,778600
2021-06-10,APD,APD,300.5199890136719,301.1099853515625,298.3299865722656,298.6000061035156,261.92083740234375,563100
2021-06-11,APD,APD,299.6700134277344,302.1700134277344,299.260009765625,300.45001220703125,263.5435791015625,710400
2021-06-14,APD,APD,300.45001220703125,300.45001220703125,297.3999938964844,299.1199951171875,262.3769836425781,567700
2021-06-15,APD,APD,301.8900146484375,302.2300109863281,298.44000244140625,301.0799865722656,264.0961608886719,1068600
2021-06-16,APD,APD,302.4700012207031,304.75,299.29998779296875,300.0400085449219,263.1839904785156,958800
2021-06-17,APD,APD,299.32000732421875,299.79998779296875,295.0299987792969,299.0899963378906,262.35064697265625,786500
2021-06-18,APD,APD,295.6400146484375,297.80999755859375,292.0,292.70001220703125,256.7455749511719,1702000
2021-06-21,APD,APD,295.3999938964844,298.1300048828125,294.30999755859375,296.55999755859375,260.13140869140625,640700
2021-06-22,APD,APD,297.5799865722656,299.3599853515625,296.9599914550781,298.010009765625,261.40325927734375,566400
2021-06-23,APD,APD,297.1400146484375,298.19000244140625,290.6400146484375,290.8299865722656,255.10520935058594,936100
2021-06-24,APD,APD,292.82000732421875,293.9800109863281,289.30999755859375,289.92999267578125,254.31588745117188,999800
2021-06-25,APD,APD,289.8299865722656,291.5199890136719,288.4200134277344,288.5400085449219,253.0966033935547,1413600
2021-06-28,APD,APD,289.6000061035156,290.54998779296875,287.1199951171875,289.04998779296875,253.54393005371094,921100
2021-06-29,APD,APD,290.45001220703125,291.2200012207031,286.8900146484375,288.2900085449219,252.87728881835938,984600
2021-06-30,APD,APD,287.1199951171875,288.510009765625,286.2900085449219,287.67999267578125,253.6620635986328,673500
2021-07-01,APD,APD,289.4100036621094,290.3399963378906,287.4100036621094,288.79998779296875,254.64956665039062,619400
2021-07-02,APD,APD,288.7300109863281,291.6400146484375,287.6700134277344,290.7699890136719,256.38665771484375,541500
2021-07-06,APD,APD,291.75,291.7900085449219,285.20001220703125,286.7200012207031,252.81558227539062,1034800
2021-07-07,APD,APD,287.20001220703125,291.1099853515625,287.20001220703125,290.7900085449219,256.4042663574219,639700
2021-07-08,APD,APD,286.8900146484375,289.0899963378906,284.0,287.3599853515625,253.3798828125,807300
2021-07-09,APD,APD,289.07000732421875,291.82000732421875,289.07000732421875,291.6700134277344,257.1802062988281,734300
2021-07-12,APD,APD,291.6400146484375,293.45001220703125,290.989990234375,291.04998779296875,256.63348388671875,1041300
2021-07-13,APD,APD,290.6700134277344,291.70001220703125,287.989990234375,288.8599853515625,254.7024688720703,580300
2021-07-14,APD,APD,288.79998779296875,291.2699890136719,287.760009765625,288.1400146484375,254.06765747070312,597700
2021-07-15,APD,APD,286.6499938964844,290.239990234375,286.6499938964844,288.1000061035156,254.0323944091797,733700
2021-07-16,APD,APD,288.7799987792969,289.3500061035156,284.1600036621094,285.5400085449219,251.77513122558594,1496200
2021-07-19,APD,APD,282.6000061035156,283.69000244140625,279.0,282.1000061035156,248.7418670654297,1102700
2021-07-20,APD,APD,283.0199890136719,289.8599853515625,282.20001220703125,285.95001220703125,252.13665771484375,1065600
2021-07-21,APD,APD,286.7699890136719,287.9599914550781,285.82000732421875,286.7200012207031,252.81558227539062,721800
2021-07-22,APD,APD,287.95001220703125,289.79998779296875,286.760009765625,288.4599914550781,254.34976196289062,896900
2021-07-23,APD,APD,290.0,290.5299987792969,286.9200134277344,290.2900085449219,255.9634246826172,635100
2021-07-26,APD,APD,290.8299865722656,291.489990234375,287.7200012207031,289.1199951171875,254.93177795410156,524900
2021-07-27,APD,APD,287.7099914550781,291.45001220703125,285.05999755859375,288.8999938964844,254.7377471923828,680200
2021-07-28,APD,APD,288.6099853515625,289.4599914550781,286.6700134277344,287.8299865722656,253.79432678222656,654400
2021-07-29,APD,APD,289.8399963378906,290.8399963378906,288.1000061035156,289.6700134277344,255.4167022705078,422500
2021-07-30,APD,APD,289.54998779296875,292.6499938964844,289.54998779296875,291.0299987792969,256.6159362792969,570600
2021-08-02,APD,APD,292.3699951171875,293.6600036621094,288.32000732421875,288.7300109863281,254.58792114257812,550500
2021-08-03,APD,APD,289.5799865722656,291.2099914550781,288.0,290.6499938964844,256.2808532714844,520500
2021-08-04,APD,APD,287.7300109863281,290.7799987792969,287.54998779296875,287.6700134277344,253.65325927734375,595800
2021-08-05,APD,APD,289.6000061035156,292.07000732421875,288.29998779296875,288.7200012207031,254.57911682128906,1039100
2021-08-06,APD,APD,290.29998779296875,293.1099853515625,288.67999267578125,290.82000732421875,256.43072509765625,809500
2021-08-09,APD,APD,290.32000732421875,291.5,270.7699890136719,275.75,243.1427459716797,2273400
2021-08-10,APD,APD,274.5899963378906,278.70001220703125,274.5899963378906,277.8699951171875,245.01210021972656,1301100
2021-08-11,APD,APD,278.0799865722656,279.69000244140625,274.3500061035156,278.7300109863281,245.77040100097656,978600
2021-08-12,APD,APD,279.70001220703125,280.3599853515625,276.2699890136719,277.6099853515625,244.78282165527344,862600
2021-08-13,APD,APD,277.3500061035156,279.7799987792969,276.57000732421875,279.739990234375,246.6609344482422,604800
2021-08-16,APD,APD,280.0,282.7300109863281,279.0,281.54998779296875,248.25686645507812,1334400
2021-08-17,APD,APD,280.7799987792969,281.6300048828125,277.7099914550781,281.4100036621094,248.1334686279297,933800
2021-08-18,APD,APD,280.6000061035156,281.75,271.17999267578125,272.1499938964844,239.96847534179688,1184100
2021-08-19,APD,APD,270.2699890136719,272.8299865722656,269.19000244140625,271.3900146484375,239.2982940673828,1131000
2021-08-20,APD,APD,270.7300109863281,271.2900085449219,265.04998779296875,267.44000244140625,235.8153839111328,1624100
2021-08-23,APD,APD,268.07000732421875,271.0,267.1000061035156,270.489990234375,238.50474548339844,1643100
2021-08-24,APD,APD,272.4200134277344,273.4200134277344,269.4200134277344,270.5199890136719,238.53118896484375,954500
2021-08-25,APD,APD,268.9700012207031,269.6700134277344,267.5,269.1700134277344,237.34083557128906,1305200
2021-08-26,APD,APD,269.3800048828125,271.95001220703125,267.6000061035156,268.4200134277344,236.6795654296875,774500
2021-08-27,APD,APD,269.4599914550781,269.989990234375,268.32000732421875,268.5,236.75003051757812,551400
2021-08-30,APD,APD,269.05999755859375,271.17999267578125,268.6400146484375,270.20001220703125,238.24905395507812,563000
2021-08-31,APD,APD,269.79998779296875,271.9800109863281,269.07000732421875,269.510009765625,237.64064025878906,876900
2021-09-01,APD,APD,269.510009765625,270.5899963378906,267.5,269.3399963378906,237.49073791503906,543400
2021-09-02,APD,APD,269.95001220703125,271.3399963378906,268.5299987792969,270.0,238.07269287109375,453000
2021-09-03,APD,APD,269.92999267578125,270.5899963378906,267.8800048828125,268.2799987792969,236.55604553222656,821400
2021-09-07,APD,APD,267.8500061035156,268.54998779296875,266.1099853515625,267.1000061035156,235.5156707763672,666400
2021-09-08,APD,APD,267.5,268.6400146484375,266.1000061035156,267.7300109863281,236.0711669921875,864200
2021-09-09,APD,APD,267.3599853515625,269.4700012207031,266.6199951171875,267.1199951171875,235.53329467773438,752700
2021-09-10,APD,APD,267.6700134277344,269.44000244140625,266.79998779296875,268.0,236.3091583251953,1000300
2021-09-13,APD,APD,270.3599853515625,272.0299987792969,267.2799987792969,269.5,237.6318359375,1258900
2021-09-14,APD,APD,270.6400146484375,270.9800109863281,267.8699951171875,268.8599853515625,237.0675048828125,775600
2021-09-15,APD,APD,269.29998779296875,270.7799987792969,267.79998779296875,269.5,237.6318359375,1166400
2021-09-16,APD,APD,268.2699890136719,269.0,265.8900146484375,266.4200134277344,234.91603088378906,1138500
2021-09-17,APD,APD,263.489990234375,264.44000244140625,259.6199951171875,261.8299865722656,230.86878967285156,1702700
2021-09-20,APD,APD,258.0,259.75,253.91000366210938,258.17999267578125,227.65040588378906,1113200
2021-09-21,APD,APD,259.70001220703125,260.2799987792969,257.2300109863281,257.3900146484375,226.95382690429688,718300
2021-09-22,APD,APD,258.6400146484375,260.2099914550781,257.5799865722656,257.94000244140625,227.43875122070312,631200
2021-09-23,APD,APD,259.4800109863281,261.260009765625,259.0899963378906,260.4100036621094,229.61666870117188,879200
2021-09-24,APD,APD,259.44000244140625,261.7099914550781,258.6600036621094,259.55999755859375,228.86724853515625,738900
2021-09-27,APD,APD,269.0,269.0,261.6499938964844,261.9100036621094,230.93934631347656,1219600
2021-09-28,APD,APD,261.6199951171875,264.0899963378906,259.7699890136719,262.30999755859375,231.2920379638672,1195500
2021-09-29,APD,APD,261.8999938964844,263.07000732421875,260.1400146484375,260.2200012207031,229.44918823242188,917100
2021-09-30,APD,APD,260.2200012207031,260.8599853515625,256.05999755859375,256.1099853515625,227.1344757080078,762400
2021-10-01,APD,APD,257.7699890136719,259.29998779296875,253.91000366210938,257.42999267578125,228.30514526367188,877000
2021-10-04,APD,APD,256.94000244140625,258.739990234375,253.47999572753906,255.99000549316406,227.0280303955078,1007000
2021-10-05,APD,APD,256.1099853515625,258.54998779296875,254.47999572753906,257.0199890136719,227.94149780273438,970900
2021-10-06,APD,APD,255.0,261.010009765625,251.97000122070312,260.75,231.24951171875,1310200
2021-10-07,APD,APD,262.3699951171875,266.5299987792969,262.0400085449219,263.3500061035156,233.5553436279297,1359600
2021-10-08,APD,APD,264.9800109863281,266.3699951171875,263.7900085449219,265.42999267578125,235.40000915527344,1162300
2021-10-11,APD,APD,267.7099914550781,272.1700134277344,266.6199951171875,268.7300109863281,238.32667541503906,1070200
2021-10-12,APD,APD,268.7300109863281,273.55999755859375,268.6400146484375,272.3999938964844,241.58140563964844,1266500
2021-10-13,APD,APD,275.05999755859375,279.5899963378906,274.8800048828125,278.4200134277344,246.92034912109375,1285100
2021-10-14,APD,APD,281.55999755859375,288.67999267578125,281.55999755859375,287.9700012207031,255.38992309570312,1575100
2021-10-15,APD,APD,289.42999267578125,294.8299865722656,288.1000061035156,292.70001220703125,259.5848083496094,1637300
2021-10-18,APD,APD,291.9599914550781,294.0,290.3500061035156,292.5400085449219,259.4429016113281,977100
2021-10-19,APD,APD,293.0,295.4599914550781,291.7300109863281,294.489990234375,261.1723327636719,896800
2021-10-20,APD,APD,295.04998779296875,295.82000732421875,292.07000732421875,293.70001220703125,260.4717102050781,751100
2021-10-21,APD,APD,293.44000244140625,294.0,291.7300109863281,293.8900146484375,260.64013671875,620000
2021-10-22,APD,APD,294.29998779296875,296.2200012207031,290.8500061035156,291.2300109863281,258.28106689453125,898500
2021-10-25,APD,APD,292.7799987792969,295.5299987792969,291.3599853515625,293.9200134277344,260.6667785644531,633300
2021-10-26,APD,APD,294.5,295.989990234375,293.7200012207031,294.3800048828125,261.07470703125,460100
2021-10-27,APD,APD,294.30999755859375,296.0,293.32000732421875,294.8500061035156,261.4914855957031,748500
2021-10-28,APD,APD,295.2799987792969,301.4599914550781,295.2799987792969,301.44000244140625,267.3359375,1256800
2021-10-29,APD,APD,300.0199890136719,301.29998779296875,298.04998779296875,299.80999755859375,265.8904113769531,924700
2021-11-01,APD,APD,299.6099853515625,300.94000244140625,297.79998779296875,297.989990234375,264.2762756347656,653000
2021-11-02,APD,APD,298.489990234375,299.69000244140625,296.94000244140625,298.0799865722656,264.3561096191406,932400
2021-11-03,APD,APD,298.6199951171875,303.2099914550781,298.1600036621094,302.1300048828125,267.9478759765625,1270200
2021-11-04,APD,APD,294.2900085449219,301.57000732421875,292.0199890136719,301.2099914550781,267.1319274902344,1121000
2021-11-05,APD,APD,302.75,309.7300109863281,302.0799865722656,309.30999755859375,274.31561279296875,1646700
2021-11-08,APD,APD,309.7799987792969,313.8299865722656,307.5,312.6000061035156,277.2333679199219,1634200
2021-11-09,APD,APD,312.80999755859375,315.0199890136719,311.4800109863281,313.8399963378906,278.3330993652344,1174000
2021-11-10,APD,APD,313.2799987792969,314.8599853515625,312.80999755859375,314.2699890136719,278.71435546875,988700
2021-11-11,APD,APD,314.5899963378906,316.3900146484375,310.3900146484375,310.5199890136719,275.388671875,1297200
2021-11-12,APD,APD,310.8699951171875,310.8699951171875,309.2200012207031,310.0,274.9274597167969,1234200
2021-11-15,APD,APD,308.5,308.6300048828125,303.05999755859375,303.79998779296875,269.428955078125,1510000
2021-11-16,APD,APD,304.7300109863281,304.7799987792969,301.3299865722656,301.5,267.38916015625,1610600
2021-11-17,APD,APD,301.5,302.0799865722656,297.3699951171875,299.489990234375,265.6065673828125,1404300
2021-11-18,APD,APD,300.7200012207031,300.7200012207031,295.989990234375,296.239990234375,262.7242736816406,846300
2021-11-19,APD,APD,296.239990234375,299.54998779296875,294.4800109863281,297.739990234375,264.05462646484375,1091200
2021-11-22,APD,APD,299.4599914550781,300.1400146484375,297.1000061035156,297.5199890136719,263.8594970703125,1099500
2021-11-23,APD,APD,298.5400085449219,302.4200134277344,297.8999938964844,299.0,265.1720275878906,1072500
2021-11-24,APD,APD,298.3299865722656,300.1700134277344,297.4100036621094,297.8399963378906,264.1432800292969,603300
2021-11-26,APD,APD,293.57000732421875,294.4100036621094,290.69000244140625,293.6400146484375,260.4184265136719,619600
2021-11-29,APD,APD,295.0199890136719,295.7300109863281,291.20001220703125,291.3500061035156,258.3875732421875,853500
2021-11-30,APD,APD,289.5299987792969,291.0199890136719,286.1199951171875,287.44000244140625,254.91986083984375,2396100
2021-12-01,APD,APD,292.1000061035156,294.2900085449219,284.7900085449219,284.94000244140625,252.70274353027344,1184000
2021-12-02,APD,APD,285.8399963378906,289.8399963378906,285.8299865722656,287.42999267578125,254.91099548339844,1350900
2021-12-03,APD,APD,287.8800048828125,290.70001220703125,285.82000732421875,288.6199951171875,255.96636962890625,1199100
2021-12-06,APD,APD,292.0899963378906,294.6300048828125,290.8399963378906,292.8900146484375,259.7532653808594,962500
2021-12-07,APD,APD,294.0400085449219,297.760009765625,293.4800109863281,295.92999267578125,262.4493408203125,859100
2021-12-08,APD,APD,297.0,297.2200012207031,292.32000732421875,295.6700134277344,262.2187805175781,1098900
2021-12-09,APD,APD,290.3399963378906,294.010009765625,290.3399963378906,293.17999267578125,260.0104064941406,1239500
2021-12-10,APD,APD,295.9100036621094,295.9100036621094,292.8399963378906,295.3500061035156,261.9349670410156,695700
2021-12-13,APD,APD,294.8399963378906,299.489990234375,294.0899963378906,297.55999755859375,263.8949279785156,1008500
2021-12-14,APD,APD,297.92999267578125,299.4599914550781,295.9200134277344,298.20001220703125,264.46246337890625,808500
2021-12-15,APD,APD,299.0799865722656,307.42999267578125,298.1199951171875,305.0799865722656,270.5641174316406,1461000
2021-12-16,APD,APD,305.0,307.010009765625,302.1700134277344,303.1499938964844,268.85247802734375,636800
2021-12-17,APD,APD,302.7699890136719,302.7699890136719,298.010009765625,298.3299865722656,264.5777893066406,1768400
2021-12-20,APD,APD,294.7900085449219,295.2099914550781,290.8900146484375,295.010009765625,261.6334228515625,779400
2021-12-21,APD,APD,297.1000061035156,298.7099914550781,293.8500061035156,295.75,262.2897644042969,636600
2021-12-22,APD,APD,295.04998779296875,297.260009765625,294.20001220703125,297.1600036621094,263.5401916503906,430300
2021-12-23,APD,APD,297.3999938964844,300.57000732421875,297.3999938964844,299.4800109863281,265.5976867675781,344700
2021-12-27,APD,APD,301.4200134277344,302.3599853515625,298.7799987792969,302.2200012207031,268.0277099609375,413600
2021-12-28,APD,APD,303.1499938964844,304.3500061035156,301.80999755859375,303.989990234375,269.5975036621094,354500
2021-12-29,APD,APD,305.9800109863281,306.1600036621094,304.0400085449219,305.3999938964844,270.8479919433594,499700
2021-12-30,APD,APD,306.0,306.489990234375,302.010009765625,303.8900146484375,269.5087890625,433300
2021-12-31,APD,APD,301.9700012207031,305.69000244140625,301.9700012207031,304.260009765625,271.1754455566406,586600
2022-01-03,APD,APD,304.5199890136719,305.0,295.7200012207031,295.80999755859375,263.644287109375,1130100
2022-01-04,APD,APD,300.0,300.7099914550781,298.30999755859375,299.4200134277344,266.86175537109375,1667400
2022-01-05,APD,APD,302.17999267578125,309.2900085449219,302.0899963378906,304.239990234375,271.1575622558594,926100
2022-01-06,APD,APD,304.2099914550781,304.239990234375,297.5,298.0199890136719,265.61395263671875,808500
2022-01-07,APD,APD,298.739990234375,298.739990234375,294.1499938964844,297.4100036621094,265.0702819824219,945000
2022-01-10,APD,APD,295.30999755859375,296.5199890136719,293.30999755859375,295.1000061035156,263.0115051269531,1019100
2022-01-11,APD,APD,295.5799865722656,297.6000061035156,294.2099914550781,297.5400085449219,265.1861267089844,542000
2022-01-12,APD,APD,298.5400085449219,300.0899963378906,296.1400146484375,299.75,267.15582275390625,959700
2022-01-13,APD,APD,299.1199951171875,300.17999267578125,293.9200134277344,294.2900085449219,262.2895812988281,788400
2022-01-14,APD,APD,292.19000244140625,292.7699890136719,289.20001220703125,291.3500061035156,259.669189453125,1478500
2022-01-18,APD,APD,288.9200134277344,288.9200134277344,284.239990234375,286.6000061035156,255.43572998046875,1086600
2022-01-19,APD,APD,287.32000732421875,289.989990234375,285.29998779296875,285.57000732421875,254.5177764892578,814500
2022-01-20,APD,APD,285.55999755859375,290.7699890136719,285.55999755859375,286.9800109863281,255.77442932128906,1073700
2022-01-21,APD,APD,287.1700134277344,287.32000732421875,281.9599914550781,282.4700012207031,251.7548828125,1503900
2022-01-24,APD,APD,279.1400146484375,284.0,274.0400085449219,282.80999755859375,252.0578155517578,1351800
2022-01-25,APD,APD,278.739990234375,281.20001220703125,274.6300048828125,279.42999267578125,249.0453643798828,788100
2022-01-26,APD,APD,281.29998779296875,282.0899963378906,273.8699951171875,276.4100036621094,246.35377502441406,1171100
2022-01-27,APD,APD,278.4700012207031,280.7099914550781,272.6000061035156,275.8500061035156,245.8546600341797,1062100
2022-01-28,APD,APD,274.9700012207031,277.6499938964844,272.05999755859375,277.6300048828125,247.44113159179688,1025200
2022-01-31,APD,APD,276.67999267578125,282.489990234375,276.2099914550781,282.1199951171875,251.44288635253906,1234300
2022-02-01,APD,APD,283.0,285.0400085449219,281.2099914550781,284.6300048828125,253.67996215820312,990800
2022-02-02,APD,APD,284.42999267578125,286.5199890136719,283.25,284.3500061035156,253.43048095703125,930000
2022-02-03,APD,APD,282.2200012207031,284.45001220703125,279.9100036621094,280.8800048828125,250.3377685546875,1089500
2022-02-04,APD,APD,268.3800048828125,269.0,260.6700134277344,263.0799865722656,234.4732208251953,2883400
2022-02-07,APD,APD,257.6700134277344,260.8299865722656,254.17999267578125,254.3800048828125,226.71926879882812,2333700
2022-02-08,APD,APD,252.0,256.0199890136719,251.25,252.80999755859375,225.3200225830078,2899200
2022-02-09,APD,APD,256.1600036621094,260.04998779296875,255.1999969482422,259.3599853515625,231.15777587890625,1482800
2022-02-10,APD,APD,258.0299987792969,260.9800109863281,251.14999389648438,252.3800048828125,224.93673706054688,1739100
2022-02-11,APD,APD,251.00999450683594,251.66000366210938,243.8000030517578,244.38999938964844,217.81556701660156,1691500
2022-02-14,APD,APD,245.05999755859375,245.91000366210938,240.3800048828125,243.49000549316406,217.01344299316406,1730500
2022-02-15,APD,APD,245.8300018310547,248.9199981689453,245.41000366210938,247.8300018310547,220.8815155029297,1317400
2022-02-16,APD,APD,246.97000122070312,248.30999755859375,243.52000427246094,245.33999633789062,218.66224670410156,1470600
2022-02-17,APD,APD,243.49000549316406,245.0,239.7100067138672,240.61000061035156,214.44656372070312,1005000
2022-02-18,APD,APD,239.83999633789062,244.3800048828125,239.5,241.97000122070312,215.65869140625,2170700
2022-02-22,APD,APD,241.94000244140625,241.94000244140625,235.97000122070312,238.11000061035156,212.21844482421875,1191100
2022-02-23,APD,APD,239.42999267578125,240.0,234.4199981689453,234.6699981689453,209.1525115966797,955500
2022-02-24,APD,APD,229.0,235.99000549316406,228.44000244140625,235.1300048828125,209.5625,1634500
2022-02-25,APD,APD,236.4199981689453,241.38999938964844,236.24000549316406,240.3800048828125,214.2416229248047,1241200
2022-02-28,APD,APD,237.32000732421875,239.00999450683594,233.9199981689453,236.3000030517578,210.6052703857422,1762500
2022-03-01,APD,APD,235.9499969482422,236.88999938964844,229.24000549316406,230.52999877929688,205.4626922607422,2109200
2022-03-02,APD,APD,232.25999450683594,234.5500030517578,229.77999877929688,233.3300018310547,207.9582061767578,2961600
2022-03-03,APD,APD,235.61000061035156,235.75999450683594,230.5,231.86000061035156,206.6480712890625,1743700
2022-03-04,APD,APD,229.5,231.8699951171875,225.13999938964844,228.42999267578125,203.59104919433594,1414300
2022-03-07,APD,APD,229.27999877929688,229.6699981689453,221.0,221.5,197.41458129882812,1796000
2022-03-08,APD,APD,221.50999450683594,225.11000061035156,216.24000549316406,218.77000427246094,194.9814453125,1867300
2022-03-09,APD,APD,225.25999450683594,229.72000122070312,224.4499969482422,227.0,202.3165283203125,1433800
2022-03-10,APD,APD,223.47000122070312,227.9499969482422,222.5399932861328,227.60000610351562,202.85125732421875,1538800
2022-03-11,APD,APD,229.94000244140625,230.8699951171875,219.2899932861328,219.3800048828125,195.5251007080078,1488900
2022-03-14,APD,APD,220.1699981689453,222.3699951171875,216.41000366210938,218.27000427246094,194.53579711914062,2595400
2022-03-15,APD,APD,220.02999877929688,222.80999755859375,216.44000244140625,222.6300048828125,198.42172241210938,2133500
2022-03-16,APD,APD,226.3699951171875,228.5,220.25999450683594,224.60000610351562,200.177490234375,1498200
2022-03-17,APD,APD,224.39999389648438,228.58999633789062,223.3300018310547,228.5500030517578,203.697998046875,1431800
2022-03-18,APD,APD,228.77000427246094,232.4600067138672,226.8000030517578,231.6699981689453,206.4787139892578,3187600
2022-03-21,APD,APD,237.0,239.11000061035156,232.57000732421875,234.1999969482422,208.7335968017578,1642200
2022-03-22,APD,APD,235.4499969482422,237.5,235.0800018310547,236.5399932861328,210.8191680908203,1192400
2022-03-23,APD,APD,235.60000610351562,239.4499969482422,234.4199981689453,235.24000549316406,209.66050720214844,1393500
2022-03-24,APD,APD,236.8800048828125,242.44000244140625,235.80999755859375,242.41000366210938,216.05084228515625,1296700
2022-03-25,APD,APD,242.64999389648438,247.41000366210938,242.64999389648438,246.55999755859375,219.74960327148438,1782000
2022-03-28,APD,APD,246.60000610351562,249.97000122070312,245.63999938964844,248.30999755859375,221.30929565429688,1565200
2022-03-29,APD,APD,251.1199951171875,253.27000427246094,248.36000061035156,252.33999633789062,224.901123046875,1750700
2022-03-30,APD,APD,251.2100067138672,253.5399932861328,250.6199951171875,253.16000366210938,225.63194274902344,1234100
2022-03-31,APD,APD,250.74000549316406,252.57000732421875,249.0399932861328,249.91000366210938,224.16983032226562,1179100
2022-04-01,APD,APD,251.05999755859375,253.25,247.6199951171875,248.99000549316406,223.34458923339844,1473300
2022-04-04,APD,APD,249.97999572753906,253.11000061035156,247.0500030517578,252.64999389648438,226.6276092529297,1224100
2022-04-05,APD,APD,251.63999938964844,253.72999572753906,251.10000610351562,251.67999267578125,225.7574920654297,1132700
2022-04-06,APD,APD,250.0,251.42999267578125,246.75999450683594,250.10000610351562,224.3402557373047,1100000
2022-04-07,APD,APD,249.6300048828125,252.07000732421875,248.4600067138672,251.3699951171875,225.47946166992188,1062700
2022-04-08,APD,APD,252.0,254.2899932861328,250.77999877929688,251.1999969482422,225.32696533203125,905800
2022-04-11,APD,APD,251.1999969482422,252.24000549316406,249.57000732421875,249.8300018310547,224.0980682373047,1000500
2022-04-12,APD,APD,250.63999938964844,253.13999938964844,247.36000061035156,247.77999877929688,222.2592010498047,1417700
2022-04-13,APD,APD,248.1999969482422,250.0,246.19000244140625,249.9199981689453,224.1787872314453,729300
2022-04-14,APD,APD,250.17999267578125,251.75999450683594,246.52000427246094,246.83999633789062,221.41603088378906,1208200
2022-04-18,APD,APD,245.67999267578125,246.83999633789062,242.42999267578125,246.0,220.6625518798828,1583400
2022-04-19,APD,APD,246.14999389648438,250.5399932861328,245.39999389648438,249.57000732421875,223.86485290527344,1157400
2022-04-20,APD,APD,250.02999877929688,251.77999877929688,246.2899932861328,248.74000549316406,223.120361328125,1414100
2022-04-21,APD,APD,251.3300018310547,254.38999938964844,249.99000549316406,251.13999938964844,225.27313232421875,1267000
2022-04-22,APD,APD,249.92999267578125,250.0,242.52999877929688,242.9199981689453,217.89974975585938,1203800
2022-04-25,APD,APD,242.22000122070312,244.33999633789062,237.72000122070312,242.75999450683594,217.75624084472656,1202600
2022-04-26,APD,APD,242.3699951171875,244.22000122070312,235.22000122070312,235.6300048828125,211.36062622070312,988500
2022-04-27,APD,APD,236.4199981689453,241.42999267578125,236.4199981689453,238.25,213.71078491210938,1080700
2022-04-28,APD,APD,239.8300018310547,242.07000732421875,234.8300018310547,240.47999572753906,215.71109008789062,1516400
2022-04-29,APD,APD,240.3000030517578,241.5800018310547,233.27000427246094,234.07000732421875,209.96128845214844,1888000
2022-05-02,APD,APD,235.61000061035156,238.14999389648438,230.9199981689453,235.39999389648438,211.154296875,972400
2022-05-03,APD,APD,235.39999389648438,240.35000610351562,235.17999267578125,239.10000610351562,214.47323608398438,1028500
2022-05-04,APD,APD,238.14999389648438,247.49000549316406,238.14999389648438,247.49000549316406,221.9990997314453,1142700
2022-05-05,APD,APD,247.55999755859375,254.0,233.77000427246094,235.97999572753906,211.67453002929688,1446900
2022-05-06,APD,APD,235.86000061035156,237.47000122070312,230.19000244140625,235.82000732421875,211.5310516357422,1293800
2022-05-09,APD,APD,231.8699951171875,236.52999877929688,231.0399932861328,233.22000122070312,209.1988525390625,1272700
2022-05-10,APD,APD,234.7100067138672,236.82000732421875,225.27999877929688,230.67999267578125,206.92044067382812,1504300
2022-05-11,APD,APD,229.91000366210938,235.91000366210938,228.39999389648438,232.88999938964844,208.90283203125,1276000
2022-05-12,APD,APD,228.2899932861328,234.63999938964844,227.3800048828125,231.41000366210938,207.5752716064453,1391500
2022-05-13,APD,APD,232.89999389648438,234.99000549316406,231.07000732421875,233.7100067138672,209.6383819580078,661800
2022-05-16,APD,APD,232.92999267578125,234.63999938964844,229.3800048828125,232.9199981689453,208.92974853515625,880900
2022-05-17,APD,APD,238.24000549316406,239.94000244140625,233.63999938964844,239.5800018310547,214.90379333496094,893500
2022-05-18,APD,APD,237.05999755859375,237.5,233.3800048828125,234.47000122070312,210.3201141357422,874300
2022-05-19,APD,APD,232.74000549316406,236.80999755859375,231.69000244140625,234.22000122070312,210.0959014892578,725200
2022-05-20,APD,APD,237.36000061035156,237.74000549316406,231.1300048828125,237.58999633789062,213.11874389648438,1032800
2022-05-23,APD,APD,240.22000122070312,241.00999450683594,235.19000244140625,237.9499969482422,213.441650390625,747600
2022-05-24,APD,APD,238.86000061035156,239.02000427246094,233.4499969482422,236.82000732421875,212.4280548095703,729700
2022-05-25,APD,APD,239.19000244140625,239.52999877929688,233.9600067138672,236.4199981689453,212.06927490234375,884400
2022-05-26,APD,APD,236.6699981689453,243.41000366210938,236.6699981689453,242.49000549316406,217.51405334472656,866100
2022-05-27,APD,APD,245.9499969482422,250.64999389648438,244.49000549316406,250.64999389648438,224.83358764648438,957200
2022-05-31,APD,APD,247.66000366210938,250.0500030517578,245.6699981689453,246.16000366210938,220.80606079101562,1407100
2022-06-01,APD,APD,247.42999267578125,248.22999572753906,241.3699951171875,243.50999450683594,218.4290008544922,911900
2022-06-02,APD,APD,246.25,253.0500030517578,246.0500030517578,252.85000610351562,226.80699157714844,941700
2022-06-03,APD,APD,250.05999755859375,254.30999755859375,250.05999755859375,252.27000427246094,226.2867431640625,935700
2022-06-06,APD,APD,255.0,259.0,254.30999755859375,257.45001220703125,230.9332275390625,1149200
2022-06-07,APD,APD,256.42999267578125,261.1199951171875,254.82000732421875,260.7900085449219,233.9292449951172,1377600
2022-06-08,APD,APD,258.5899963378906,262.07000732421875,252.24000549316406,252.3800048828125,226.38539123535156,1647300
2022-06-09,APD,APD,250.0,257.1700134277344,249.66000366210938,253.6199951171875,227.49769592285156,1444600
2022-06-10,APD,APD,249.0800018310547,251.97999572753906,246.6199951171875,248.1999969482422,222.63597106933594,1584000
2022-06-13,APD,APD,244.17999267578125,244.86000061035156,239.88999938964844,242.69000244140625,217.6934814453125,1615400
2022-06-14,APD,APD,242.0,243.6999969482422,237.5399932861328,239.22000122070312,214.5808563232422,1097900
2022-06-15,APD,APD,241.52000427246094,244.41000366210938,236.11000061035156,239.2899932861328,214.64364624023438,1085800
2022-06-16,APD,APD,234.61000061035156,236.6699981689453,231.61000061035156,235.10000610351562,210.88523864746094,1014600
2022-06-17,APD,APD,236.07000732421875,237.97000122070312,230.50999450683594,235.97000122070312,211.6656036376953,2127000
2022-06-21,APD,APD,238.39999389648438,241.3699951171875,237.52000427246094,241.00999450683594,216.18649291992188,1147400
2022-06-22,APD,APD,236.3800048828125,241.8699951171875,235.24000549316406,241.0,216.1775360107422,953400
2022-06-23,APD,APD,240.47000122070312,242.77999877929688,238.50999450683594,242.05999755859375,217.12835693359375,1177300
2022-06-24,APD,APD,244.8800048828125,252.60000610351562,243.9499969482422,252.0800018310547,226.11630249023438,1529400
2022-06-27,APD,APD,251.4199981689453,252.6999969482422,245.67999267578125,246.17999267578125,220.82395935058594,916300
2022-06-28,APD,APD,245.88999938964844,248.5,241.9199981689453,242.50999450683594,217.53201293945312,778700
2022-06-29,APD,APD,242.1300048828125,244.07000732421875,240.11000061035156,243.1300048828125,218.08815002441406,794400
2022-06-30,APD,APD,237.64999389648438,242.00999450683594,233.82000732421875,240.47999572753906,217.15805053710938,1199400
2022-07-01,APD,APD,238.94000244140625,242.7899932861328,237.66000366210938,242.75,219.2078857421875,1021300
2022-07-05,APD,APD,238.0,239.97999572753906,236.3300018310547,239.97000122070312,216.69747924804688,1232700
2022-07-06,APD,APD,240.25999450683594,240.25999450683594,234.3300018310547,237.22000122070312,214.2141876220703,1396100
2022-07-07,APD,APD,237.61000061035156,239.82000732421875,234.0800018310547,235.82000732421875,212.949951171875,1016600
2022-07-08,APD,APD,234.89999389648438,235.75,231.38999938964844,232.2100067138672,209.69009399414062,1049500
2022-07-11,APD,APD,231.3300018310547,235.36000061035156,230.24000549316406,234.08999633789062,211.38771057128906,801400
2022-07-12,APD,APD,234.67999267578125,235.1699981689453,229.85000610351562,231.92999267578125,209.43722534179688,2143400
2022-07-13,APD,APD,228.3300018310547,230.22999572753906,226.41000366210938,227.99000549316406,205.8793182373047,891700
2022-07-14,APD,APD,225.0,225.33999633789062,218.8800048828125,221.97999572753906,200.45217895507812,2059600
2022-07-15,APD,APD,225.66000366210938,226.44000244140625,223.85000610351562,225.1999969482422,203.3599090576172,1444800
2022-07-18,APD,APD,226.75,228.3800048828125,222.7899932861328,223.55999755859375,201.87896728515625,1074800
2022-07-19,APD,APD,226.07000732421875,230.02000427246094,224.9600067138672,230.0,207.6944122314453,1255500
2022-07-20,APD,APD,229.7100067138672,232.17999267578125,228.77999877929688,231.6300048828125,209.1663055419922,914900
2022-07-21,APD,APD,232.1999969482422,234.74000549316406,231.19000244140625,234.58999633789062,211.83924865722656,853500
2022-07-22,APD,APD,235.6999969482422,236.02000427246094,233.7899932861328,234.55999755859375,211.81216430664062,540300
2022-07-25,APD,APD,235.38999938964844,235.58999633789062,233.6999969482422,235.2100067138672,212.39915466308594,581100
2022-07-26,APD,APD,233.7899932861328,235.42999267578125,233.05999755859375,234.6300048828125,211.87535095214844,652100
2022-07-27,APD,APD,234.6300048828125,238.83999633789062,232.47999572753906,237.88999938964844,214.81919860839844,782500
2022-07-28,APD,APD,239.41000366210938,244.33999633789062,238.74000549316406,244.22999572753906,220.54434204101562,792900
2022-07-29,APD,APD,245.86000061035156,249.69000244140625,245.85000610351562,248.22999572753906,224.1564178466797,1034300
2022-08-01,APD,APD,247.0,247.83999633789062,244.60000610351562,247.25,223.271484375,1075500
2022-08-02,APD,APD,245.74000549316406,246.9199981689453,240.4199981689453,244.1199951171875,220.4450225830078,1026900
2022-08-03,APD,APD,245.35000610351562,246.27999877929688,242.52000427246094,245.7100067138672,221.88084411621094,1401100
2022-08-04,APD,APD,248.10000610351562,260.1700134277344,248.10000610351562,257.7300109863281,232.7351531982422,1785800
2022-08-05,APD,APD,256.7200012207031,262.94000244140625,256.1600036621094,262.6400146484375,237.16893005371094,1406400
2022-08-08,APD,APD,264.0,266.45001220703125,261.6000061035156,261.7699890136719,236.38330078125,1158100
2022-08-09,APD,APD,261.760009765625,261.8599853515625,258.3500061035156,258.760009765625,233.66522216796875,826300
2022-08-10,APD,APD,265.8699951171875,268.19000244140625,265.0199890136719,265.6300048828125,239.8689422607422,838600
2022-08-11,APD,APD,267.20001220703125,268.2900085449219,264.1600036621094,264.80999755859375,239.1284637451172,829400
2022-08-12,APD,APD,266.8599853515625,271.70001220703125,265.54998779296875,270.8800048828125,244.60980224609375,893900
2022-08-15,APD,APD,270.8800048828125,274.8900146484375,270.1600036621094,274.1099853515625,247.5265655517578,1115300
2022-08-16,APD,APD,272.20001220703125,274.6300048828125,271.7099914550781,273.5400085449219,247.0118408203125,879100
2022-08-17,APD,APD,270.3800048828125,272.17999267578125,266.82000732421875,268.0,242.0090789794922,1169900
2022-08-18,APD,APD,268.8599853515625,268.9599914550781,266.95001220703125,267.6000061035156,241.64788818359375,727000
2022-08-19,APD,APD,267.0,267.6000061035156,262.3900146484375,263.70001220703125,238.1260986328125,932700
2022-08-22,APD,APD,260.30999755859375,261.760009765625,259.2799987792969,260.9100036621094,235.60670471191406,674000
2022-08-23,APD,APD,259.4599914550781,262.3699951171875,259.3599853515625,261.32000732421875,235.9769287109375,810300
2022-08-24,APD,APD,261.7900085449219,263.8399963378906,260.8299865722656,262.7200012207031,237.24119567871094,568300
2022-08-25,APD,APD,263.92999267578125,266.67999267578125,262.1600036621094,266.5899963378906,240.73582458496094,619600
2022-08-26,APD,APD,267.29998779296875,267.9800109863281,262.1099853515625,262.2300109863281,236.7987060546875,1064100
2022-08-29,APD,APD,259.989990234375,263.010009765625,259.3399963378906,260.70001220703125,235.41705322265625,635700
2022-08-30,APD,APD,262.29998779296875,262.29998779296875,255.5500030517578,255.85000610351562,231.03744506835938,864500
2022-08-31,APD,APD,257.4700012207031,257.6499938964844,252.35000610351562,252.4499969482422,227.9671630859375,1164900
2022-09-01,APD,APD,250.50999450683594,251.38999938964844,248.5,250.0,225.7547607421875,918100
2022-09-02,APD,APD,253.5800018310547,253.9600067138672,245.8300018310547,246.52999877929688,222.62130737304688,1311700
2022-09-06,APD,APD,248.05999755859375,248.27999877929688,244.69000244140625,246.1699981689453,222.29620361328125,1179100
2022-09-07,APD,APD,246.44000244140625,254.0500030517578,246.1699981689453,253.77999877929688,229.1681671142578,1037000
2022-09-08,APD,APD,251.14999389648438,254.24000549316406,250.05999755859375,253.8300018310547,229.21336364746094,549500
2022-09-09,APD,APD,255.3800048828125,257.3500061035156,254.38999938964844,256.9700012207031,232.04881286621094,704800
2022-09-12,APD,APD,259.010009765625,264.010009765625,258.1400146484375,263.5,237.945556640625,877000
2022-09-13,APD,APD,258.0,260.3900146484375,255.5500030517578,256.0799865722656,231.24513244628906,831300
2022-09-14,APD,APD,255.52999877929688,256.1499938964844,252.6300048828125,255.17999267578125,230.4324188232422,690100
2022-09-15,APD,APD,254.83999633789062,255.0399932861328,248.17999267578125,248.47000122070312,224.37313842773438,706800
2022-09-16,APD,APD,248.08999633789062,248.1999969482422,244.08999633789062,247.36000061035156,223.37081909179688,1497600
2022-09-19,APD,APD,244.8000030517578,249.64999389648438,244.77000427246094,249.3800048828125,225.19491577148438,714900
2022-09-20,APD,APD,246.42999267578125,247.0,243.33999633789062,244.88999938964844,221.14035034179688,605900
2022-09-21,APD,APD,246.47999572753906,248.02999877929688,241.39999389648438,241.4600067138672,218.0430145263672,573300
2022-09-22,APD,APD,241.92999267578125,242.39999389648438,238.42999267578125,238.52000427246094,215.3881072998047,877600
2022-09-23,APD,APD,235.7899932861328,237.30999755859375,233.41000366210938,237.07000732421875,214.07872009277344,1135000
2022-09-26,APD,APD,235.2899932861328,236.42999267578125,230.5399932861328,231.5,209.0489044189453,1171700
2022-09-27,APD,APD,234.27999877929688,235.8699951171875,228.36000061035156,230.75999450683594,208.3806915283203,1088500
2022-09-28,APD,APD,232.30999755859375,236.49000549316406,230.92999267578125,234.97000122070312,212.18240356445312,948500
2022-09-29,APD,APD,232.80999755859375,233.89999389648438,229.22000122070312,231.75999450683594,209.28372192382812,1114300
2022-09-30,APD,APD,231.38999938964844,235.72000122070312,230.5,232.72999572753906,211.6389923095703,1520600
2022-10-03,APD,APD,234.91000366210938,240.22000122070312,233.2899932861328,238.3300018310547,216.73147583007812,1027500
2022-10-04,APD,APD,241.44000244140625,248.80999755859375,240.7899932861328,247.9600067138672,225.48876953125,1334500
2022-10-05,APD,APD,245.66000366210938,246.33999633789062,242.6699981689453,242.8000030517578,220.79641723632812,1097800
2022-10-06,APD,APD,241.1699981689453,242.75999450683594,237.88999938964844,238.58999633789062,216.9678955078125,965400
2022-10-07,APD,APD,235.89999389648438,236.9499969482422,230.00999450683594,231.75,210.74781799316406,1046900
2022-10-10,APD,APD,233.19000244140625,234.60000610351562,231.22000122070312,232.44000244140625,211.37527465820312,748700
2022-10-11,APD,APD,231.91000366210938,233.63999938964844,229.77999877929688,231.2100067138672,210.2567596435547,618100
2022-10-12,APD,APD,231.92999267578125,233.97999572753906,229.1699981689453,229.32000732421875,208.5380096435547,893900
2022-10-13,APD,APD,225.9499969482422,239.05999755859375,224.75,237.99000549316406,216.4223175048828,898900
2022-10-14,APD,APD,239.35000610351562,240.8300018310547,232.16000366210938,232.52999877929688,211.4571075439453,711200
2022-10-17,APD,APD,237.22000122070312,239.42999267578125,236.25,237.36000061035156,215.84942626953125,728500
2022-10-18,APD,APD,244.77000427246094,245.22000122070312,240.50999450683594,242.3699951171875,220.40538024902344,823000
2022-10-19,APD,APD,241.6699981689453,244.2100067138672,239.9499969482422,241.4499969482422,219.56875610351562,710200
2022-10-20,APD,APD,241.6699981689453,243.5,237.92999267578125,238.32000732421875,216.722412109375,716200
2022-10-21,APD,APD,238.17999267578125,242.27999877929688,235.6999969482422,241.2899932861328,219.42323303222656,1157200
2022-10-24,APD,APD,243.38999938964844,245.91000366210938,241.8800048828125,243.9199981689453,221.81492614746094,1758000
2022-10-25,APD,APD,245.07000732421875,251.55999755859375,243.4199981689453,251.55999755859375,228.7625274658203,1350900
2022-10-26,APD,APD,252.75,254.83999633789062,251.4600067138672,252.02000427246094,229.1808624267578,1242200
2022-10-27,APD,APD,251.94000244140625,252.6999969482422,248.6300048828125,249.05999755859375,226.4890899658203,987100
2022-10-28,APD,APD,249.05999755859375,255.41000366210938,248.11000061035156,254.44000244140625,231.3815460205078,921000
2022-10-31,APD,APD,252.49000549316406,254.0,249.08999633789062,250.39999389648438,227.70767211914062,1342200
2022-11-01,APD,APD,252.94000244140625,254.77999877929688,249.97000122070312,252.1199951171875,229.2717742919922,872600
2022-11-02,APD,APD,252.83999633789062,254.8000030517578,244.82000732421875,245.1699981689453,222.95162963867188,1471500
2022-11-03,APD,APD,248.74000549316406,266.239990234375,247.1300048828125,264.0199890136719,240.0933380126953,2524600
2022-11-04,APD,APD,269.25,276.4700012207031,266.82000732421875,276.05999755859375,251.042236328125,2038000
2022-11-07,APD,APD,277.82000732421875,280.07000732421875,275.8299865722656,277.6300048828125,252.47000122070312,1367800
2022-11-08,APD,APD,278.9599914550781,284.7799987792969,277.7699890136719,283.0,257.3532409667969,1406200
2022-11-09,APD,APD,282.8900146484375,285.42999267578125,279.80999755859375,280.1300048828125,254.74342346191406,1100800
2022-11-10,APD,APD,289.7300109863281,289.8500061035156,285.57000732421875,289.5899963378906,263.3461608886719,1063800
2022-11-11,APD,APD,290.6700134277344,292.4599914550781,287.8299865722656,288.4599914550781,262.3184814453125,1107500
2022-11-14,APD,APD,288.0,297.7699890136719,288.0,294.8900146484375,268.1657409667969,1738700
2022-11-15,APD,APD,296.4100036621094,297.9100036621094,291.55999755859375,294.5400085449219,267.8475646972656,942200
2022-11-16,APD,APD,294.5400085449219,297.0799865722656,293.29998779296875,295.1199951171875,268.37493896484375,807400
2022-11-17,APD,APD,291.3800048828125,293.44000244140625,290.1400146484375,293.29998779296875,266.7198791503906,721400
2022-11-18,APD,APD,296.0,296.9800109863281,293.55999755859375,296.4800109863281,269.6117248535156,1328200
2022-11-21,APD,APD,294.57000732421875,297.55999755859375,294.17999267578125,296.4100036621094,269.548095703125,735300
2022-11-22,APD,APD,298.0,309.57000732421875,297.1700134277344,309.1600036621094,281.14251708984375,1412700
2022-11-23,APD,APD,309.0,310.3800048828125,305.8900146484375,308.1499938964844,280.22406005859375,1150800
2022-11-25,APD,APD,308.7200012207031,311.1300048828125,307.7099914550781,309.9100036621094,281.8246765136719,299700
2022-11-28,APD,APD,307.7200012207031,309.3800048828125,303.3299865722656,304.4599914550781,276.8684997558594,932100
2022-11-29,APD,APD,304.8299865722656,306.17999267578125,300.9700012207031,302.17999267578125,274.7950744628906,954600
2022-11-30,APD,APD,300.9800109863281,310.3900146484375,298.7799987792969,310.1600036621094,282.05194091796875,1901100
2022-12-01,APD,APD,310.3500061035156,313.04998779296875,308.760009765625,312.0400085449219,283.76153564453125,995300
2022-12-02,APD,APD,310.6300048828125,320.6199951171875,310.0,318.44000244140625,289.58154296875,1314200
2022-12-05,APD,APD,315.739990234375,318.0,313.3599853515625,314.9700012207031,286.426025390625,1192300
2022-12-06,APD,APD,313.760009765625,315.2799987792969,309.8699951171875,312.1000061035156,283.8161315917969,1295700
2022-12-07,APD,APD,312.55999755859375,315.7699890136719,312.0,315.5799865722656,286.980712890625,1130700
2022-12-08,APD,APD,316.8399963378906,320.9599914550781,316.70001220703125,319.8599853515625,290.87286376953125,1059100
2022-12-09,APD,APD,319.739990234375,320.45001220703125,313.5799865722656,314.4100036621094,285.91680908203125,1150000
2022-12-12,APD,APD,313.05999755859375,320.17999267578125,313.05999755859375,319.510009765625,290.5546569824219,1163000
2022-12-13,APD,APD,327.8299865722656,328.55999755859375,321.80999755859375,325.25,295.7744445800781,1075400
2022-12-14,APD,APD,324.6600036621094,327.92999267578125,321.8699951171875,325.1199951171875,295.6562194824219,1191700
2022-12-15,APD,APD,319.510009765625,320.3999938964844,314.2699890136719,316.239990234375,287.5809631347656,1014800
2022-12-16,APD,APD,316.2699890136719,317.6099853515625,311.75,316.4200134277344,287.7446594238281,2425800
2022-12-19,APD,APD,314.7099914550781,317.0400085449219,311.8599853515625,313.7200012207031,285.28936767578125,835300
2022-12-20,APD,APD,314.3299865722656,314.8900146484375,310.82000732421875,312.5400085449219,284.21630859375,779100
2022-12-21,APD,APD,314.489990234375,317.1499938964844,313.5,314.489990234375,285.98956298828125,860600
2022-12-22,APD,APD,312.4200134277344,312.760009765625,307.6400146484375,312.6000061035156,284.27081298828125,953500
2022-12-23,APD,APD,311.8999938964844,312.6000061035156,309.8599853515625,312.0400085449219,283.76153564453125,544200
2022-12-27,APD,APD,313.2699890136719,314.20001220703125,311.5199890136719,312.20001220703125,283.90704345703125,1438000
2022-12-28,APD,APD,312.5,313.760009765625,309.2799987792969,309.6400146484375,281.5791320800781,439700
2022-12-29,APD,APD,311.0,312.6400146484375,310.20001220703125,311.4100036621094,283.1886291503906,564400
2022-12-30,APD,APD,308.3900146484375,309.489990234375,304.67999267578125,308.260009765625,281.7900695800781,534700
2023-01-03,APD,APD,310.05999755859375,311.7699890136719,303.8999938964844,306.57000732421875,280.2451171875,1020300
2023-01-04,APD,APD,305.94000244140625,308.4100036621094,304.0,306.5899963378906,280.2634582519531,966000
2023-01-05,APD,APD,302.6400146484375,304.69000244140625,300.30999755859375,301.82000732421875,275.90301513671875,1715500
2023-01-06,APD,APD,305.1700134277344,311.6600036621094,303.0199890136719,310.17999267578125,283.545166015625,873400
2023-01-09,APD,APD,309.8900146484375,314.4700012207031,306.0299987792969,311.6700134277344,284.9072265625,1436500
2023-01-10,APD,APD,309.9800109863281,312.8299865722656,308.1499938964844,312.6700134277344,285.8213806152344,608400
2023-01-11,APD,APD,315.1499938964844,316.5899963378906,312.1600036621094,312.7699890136719,285.9127197265625,835100
2023-01-12,APD,APD,312.7699890136719,314.010009765625,308.8999938964844,310.2099914550781,283.5726318359375,1194800
2023-01-13,APD,APD,307.8599853515625,311.9100036621094,307.07000732421875,311.3999938964844,284.6604309082031,787900
2023-01-17,APD,APD,312.0,312.0,306.010009765625,306.3800048828125,280.071533203125,1252900
2023-01-18,APD,APD,308.25,308.25,302.04998779296875,302.8900146484375,276.8811340332031,793200
2023-01-19,APD,APD,302.5899963378906,303.3900146484375,298.19000244140625,299.8900146484375,274.1388244628906,889000
2023-01-20,APD,APD,301.25,304.5799865722656,298.3599853515625,304.3999938964844,278.26153564453125,1197900
2023-01-23,APD,APD,303.8699951171875,309.55999755859375,302.7300109863281,308.7200012207031,282.2106018066406,881700
2023-01-24,APD,APD,308.3699951171875,313.9800109863281,306.9100036621094,313.3399963378906,286.43377685546875,745000
2023-01-25,APD,APD,308.9700012207031,313.1499938964844,308.3399963378906,312.04998779296875,285.2545471191406,707300
2023-01-26,APD,APD,311.44000244140625,316.8999938964844,310.0,316.6099853515625,289.42303466796875,733600
2023-01-27,APD,APD,314.05999755859375,316.3999938964844,312.010009765625,314.1499938964844,287.1742248535156,876600
2023-01-30,APD,APD,313.55999755859375,318.1400146484375,313.3699951171875,313.8999938964844,286.9457702636719,846000
2023-01-31,APD,APD,314.9200134277344,320.8999938964844,314.1700134277344,320.510009765625,292.9881896972656,1911700
2023-02-01,APD,APD,319.1099853515625,320.4200134277344,314.3900146484375,318.1300048828125,290.8125305175781,1357900
2023-02-02,APD,APD,295.3599853515625,299.3399963378906,288.5400085449219,295.5,270.12567138671875,2988400
2023-02-03,APD,APD,291.989990234375,293.489990234375,283.239990234375,285.0199890136719,260.5456848144531,2876300
2023-02-06,APD,APD,284.0199890136719,286.54998779296875,280.1700134277344,283.0299987792969,258.7265319824219,1259900
2023-02-07,APD,APD,281.7099914550781,285.7900085449219,280.55999755859375,285.07000732421875,260.5913391113281,1329200
2023-02-08,APD,APD,284.45001220703125,291.0400085449219,284.45001220703125,287.239990234375,262.5750427246094,1349700
2023-02-09,APD,APD,289.9100036621094,290.32000732421875,286.1400146484375,286.8900146484375,262.25506591796875,945400
2023-02-10,APD,APD,286.2900085449219,289.0299987792969,283.6199951171875,287.82000732421875,263.1052551269531,859500
2023-02-13,APD,APD,288.7200012207031,289.3500061035156,285.7699890136719,286.70001220703125,262.0813903808594,698000
2023-02-14,APD,APD,286.2300109863281,286.6199951171875,278.79998779296875,281.489990234375,257.3187561035156,1689100
2023-02-15,APD,APD,280.0,285.57000732421875,278.0400085449219,284.4599914550781,260.0337219238281,2623500
2023-02-16,APD,APD,280.42999267578125,284.2699890136719,279.3999938964844,280.7300109863281,256.62408447265625,650800
2023-02-17,APD,APD,279.2900085449219,280.8299865722656,277.510009765625,279.7099914550781,255.6916046142578,1141000
2023-02-21,APD,APD,279.54998779296875,280.1499938964844,276.57000732421875,277.510009765625,253.6805419921875,880900
2023-02-22,APD,APD,278.989990234375,280.1499938964844,274.1099853515625,278.2900085449219,254.39358520507812,1148600
2023-02-23,APD,APD,279.1700134277344,280.7099914550781,273.9200134277344,279.7200012207031,255.70077514648438,1377300
2023-02-24,APD,APD,275.7699890136719,282.2900085449219,275.0,280.9800109863281,256.8525695800781,1507900
2023-02-27,APD,APD,282.44000244140625,287.6499938964844,282.44000244140625,285.4200134277344,260.9112548828125,1017900
2023-02-28,APD,APD,285.0,287.0799865722656,284.8999938964844,285.9800109863281,261.4232177734375,1038200
2023-03-01,APD,APD,285.07000732421875,291.5799865722656,284.69000244140625,288.2799987792969,263.5257263183594,1038100
2023-03-02,APD,APD,287.5799865722656,293.57000732421875,286.6000061035156,292.0299987792969,266.9537048339844,1092800
2023-03-03,APD,APD,293.0899963378906,294.8999938964844,290.7200012207031,294.7799987792969,269.4675598144531,929100
2023-03-06,APD,APD,292.7099914550781,295.05999755859375,292.4800109863281,293.1199951171875,267.95013427734375,631100
2023-03-07,APD,APD,294.260009765625,295.6000061035156,289.760009765625,291.3900146484375,266.36871337890625,893300
2023-03-08,APD,APD,291.79998779296875,291.94000244140625,288.1700134277344,290.0400085449219,265.13458251953125,695600
2023-03-09,APD,APD,291.20001220703125,291.80999755859375,282.7699890136719,284.0799865722656,259.6864013671875,756700
2023-03-10,APD,APD,284.17999267578125,286.30999755859375,280.0,281.2699890136719,257.1176452636719,860900
2023-03-13,APD,APD,281.989990234375,285.489990234375,280.3299865722656,280.989990234375,256.8616943359375,980700
2023-03-14,APD,APD,284.6400146484375,289.989990234375,283.0400085449219,285.8999938964844,261.35009765625,1814500
2023-03-15,APD,APD,281.010009765625,281.8900146484375,274.20001220703125,277.0400085449219,253.25091552734375,1293200
2023-03-16,APD,APD,275.3999938964844,281.2099914550781,275.010009765625,279.6499938964844,255.6367645263672,900000
2023-03-17,APD,APD,280.2900085449219,280.2900085449219,273.8399963378906,274.739990234375,251.14840698242188,1545600
2023-03-20,APD,APD,276.4700012207031,280.4599914550781,275.69000244140625,279.2099914550781,255.23448181152344,726400
2023-03-21,APD,APD,282.3599853515625,283.2099914550781,275.3999938964844,278.80999755859375,254.868896484375,967000
2023-03-22,APD,APD,279.45001220703125,280.8699951171875,275.1400146484375,275.3599853515625,251.7151641845703,1023300
2023-03-23,APD,APD,275.7099914550781,276.4100036621094,265.8999938964844,266.94000244140625,244.0181427001953,2001900
2023-03-24,APD,APD,265.42999267578125,268.5899963378906,263.8900146484375,267.6700134277344,244.6854705810547,1329500
2023-03-27,APD,APD,271.05999755859375,274.1099853515625,268.3500061035156,270.19000244140625,246.98910522460938,1078500
2023-03-28,APD,APD,270.1400146484375,274.8500061035156,269.6099853515625,273.5400085449219,250.0514373779297,743400
2023-03-29,APD,APD,276.29998779296875,277.260009765625,275.0,276.3299865722656,252.6018524169922,751800
2023-03-30,APD,APD,278.30999755859375,280.3800048828125,277.07000732421875,279.7200012207031,255.70077514648438,808600
2023-03-31,APD,APD,278.8699951171875,287.54998779296875,278.1400146484375,287.2099914550781,264.2004699707031,1487400
2023-04-03,APD,APD,286.57000732421875,289.32000732421875,285.5199890136719,289.0400085449219,265.8839111328125,1173700
2023-04-04,APD,APD,288.0,288.9100036621094,283.989990234375,285.25,262.3975830078125,1256600
2023-04-05,APD,APD,283.7300109863281,286.8900146484375,281.8500061035156,283.8800048828125,261.1372985839844,943800
2023-04-06,APD,APD,282.3399963378906,283.6499938964844,280.6199951171875,282.0,259.4078674316406,869200
2023-04-10,APD,APD,280.9800109863281,283.44000244140625,279.4800109863281,283.42999267578125,260.72332763671875,768400
2023-04-11,APD,APD,284.29998779296875,287.5299987792969,283.239990234375,285.3299865722656,262.4710693359375,598400
2023-04-12,APD,APD,287.1199951171875,288.989990234375,286.2200012207031,287.1700134277344,264.1636962890625,464400
2023-04-13,APD,APD,287.45001220703125,290.1300048828125,285.0899963378906,288.1400146484375,265.0560302734375,552500
2023-04-14,APD,APD,287.0199890136719,289.3299865722656,284.95001220703125,286.2099914550781,263.2806396484375,485500
2023-04-17,APD,APD,287.0299987792969,287.8999938964844,283.9599914550781,286.20001220703125,263.27142333984375,500600
2023-04-18,APD,APD,287.3599853515625,288.010009765625,286.4700012207031,287.7799987792969,264.7248229980469,598400
2023-04-19,APD,APD,287.04998779296875,290.57000732421875,286.1199951171875,290.5,267.2268981933594,521100
2023-04-20,APD,APD,289.3999938964844,293.42999267578125,288.32000732421875,292.4599914550781,269.0298767089844,691700
2023-04-21,APD,APD,291.7099914550781,293.510009765625,289.67999267578125,290.57000732421875,267.29132080078125,1026500
2023-04-24,APD,APD,291.29998779296875,293.3500061035156,290.6099853515625,293.29998779296875,269.8026428222656,626800
2023-04-25,APD,APD,292.19000244140625,292.3999938964844,289.1000061035156,289.94000244140625,266.7117614746094,550800
2023-04-26,APD,APD,288.3500061035156,289.7699890136719,283.5400085449219,285.67999267578125,262.7930908203125,847300
2023-04-27,APD,APD,288.1499938964844,292.25,286.8500061035156,291.3800048828125,268.03643798828125,977500
2023-04-28,APD,APD,291.010009765625,295.17999267578125,290.20001220703125,294.3599853515625,270.777587890625,930900
2023-05-01,APD,APD,294.8999938964844,297.5,294.8999938964844,296.17999267578125,272.4518737792969,450200
2023-05-02,APD,APD,293.55999755859375,294.7699890136719,288.92999267578125,292.6300048828125,269.1862487792969,818700
2023-05-03,APD,APD,293.54998779296875,297.7300109863281,292.2300109863281,293.8900146484375,270.3453369140625,703400
2023-05-04,APD,APD,294.04998779296875,295.20001220703125,290.19000244140625,291.07000732421875,267.7513122558594,710500
2023-05-05,APD,APD,292.80999755859375,297.8999938964844,291.9200134277344,296.70001220703125,272.9302673339844,730900
2023-05-08,APD,APD,297.989990234375,299.8800048828125,294.3299865722656,295.5799865722656,271.89996337890625,1027100
2023-05-09,APD,APD,295.989990234375,297.0,278.739990234375,279.94000244140625,257.512939453125,1863000
2023-05-10,APD,APD,281.0799865722656,285.5199890136719,278.6199951171875,280.95001220703125,258.4420471191406,1199800
2023-05-11,APD,APD,278.3900146484375,278.6199951171875,274.3699951171875,276.54998779296875,254.39450073242188,1234500
2023-05-12,APD,APD,277.6099853515625,279.1600036621094,275.1099853515625,278.0,255.7283477783203,694900
2023-05-15,APD,APD,278.6099853515625,279.8399963378906,276.3900146484375,279.2900085449219,256.9150390625,678300
2023-05-16,APD,APD,277.92999267578125,279.3800048828125,273.1499938964844,275.5899963378906,253.51141357421875,663500
2023-05-17,APD,APD,276.07000732421875,277.45001220703125,275.07000732421875,276.20001220703125,254.07254028320312,770200
2023-05-18,APD,APD,275.69000244140625,276.1400146484375,270.7300109863281,275.45001220703125,253.3826904296875,788700
2023-05-19,APD,APD,276.739990234375,280.3800048828125,276.19000244140625,278.9100036621094,256.5654296875,1072000
2023-05-22,APD,APD,279.45001220703125,281.3399963378906,274.6700134277344,275.0,252.96864318847656,608100
2023-05-23,APD,APD,273.1099853515625,274.010009765625,270.9200134277344,271.5,249.7490692138672,713600
2023-05-24,APD,APD,270.32000732421875,271.32000732421875,269.010009765625,270.8399963378906,249.1419677734375,648600
2023-05-25,APD,APD,272.7200012207031,273.1700134277344,270.8500061035156,272.1199951171875,250.3194122314453,779600
2023-05-26,APD,APD,273.3399963378906,274.8900146484375,272.1000061035156,273.8299865722656,251.8924102783203,940900
2023-05-30,APD,APD,276.2200012207031,276.3800048828125,271.6300048828125,274.07000732421875,252.1132354736328,765100
2023-05-31,APD,APD,273.3599853515625,273.8900146484375,269.07000732421875,269.1400146484375,247.5781707763672,1078300
2023-06-01,APD,APD,267.70001220703125,274.3800048828125,267.2799987792969,273.1700134277344,251.2853240966797,826700
2023-06-02,APD,APD,275.9200134277344,281.8399963378906,275.69000244140625,281.0400085449219,258.5248107910156,912100
2023-06-05,APD,APD,283.3500061035156,283.5,279.7300109863281,279.7799987792969,257.3657531738281,1093500
2023-06-06,APD,APD,278.5899963378906,281.54998779296875,276.5899963378906,278.5,256.1883239746094,740700
2023-06-07,APD,APD,276.79998779296875,282.79998779296875,274.4700012207031,282.4200134277344,259.7943115234375,755200
2023-06-08,APD,APD,276.3500061035156,283.9100036621094,276.3500061035156,283.3800048828125,260.6773681640625,642100
2023-06-09,APD,APD,282.5400085449219,282.5400085449219,277.8500061035156,278.5899963378906,256.2711181640625,881900
2023-06-12,APD,APD,279.5,279.6400146484375,276.80999755859375,278.92999267578125,256.5838317871094,663600
2023-06-13,APD,APD,278.29998779296875,285.5899963378906,277.69000244140625,284.8500061035156,262.02960205078125,1005000
2023-06-14,APD,APD,288.260009765625,291.4599914550781,287.2799987792969,288.8399963378906,265.6998291015625,911400
2023-06-15,APD,APD,288.9800109863281,292.25,287.05999755859375,290.760009765625,267.466064453125,649700
2023-06-16,APD,APD,291.30999755859375,294.6000061035156,290.8299865722656,293.1700134277344,269.6830749511719,1811000
2023-06-20,APD,APD,289.95001220703125,290.4200134277344,287.29998779296875,289.29998779296875,266.123046875,674200
2023-06-21,APD,APD,287.69000244140625,290.17999267578125,285.4599914550781,289.1400146484375,265.97589111328125,674900
2023-06-22,APD,APD,287.1400146484375,289.0,284.4800109863281,288.010009765625,264.9364013671875,636500
2023-06-23,APD,APD,286.6300048828125,288.1199951171875,284.6700134277344,286.260009765625,263.32666015625,712500
2023-06-26,APD,APD,287.1199951171875,288.1600036621094,285.04998779296875,286.3900146484375,263.4461975097656,721500
2023-06-27,APD,APD,286.5799865722656,291.55999755859375,286.5799865722656,291.4100036621094,268.06402587890625,546000
2023-06-28,APD,APD,290.3699951171875,291.8500061035156,288.3900146484375,291.32000732421875,267.9811706542969,606600
2023-06-29,APD,APD,289.94000244140625,295.2900085449219,288.6000061035156,294.75,271.13641357421875,567800
2023-06-30,APD,APD,295.8800048828125,300.510009765625,295.1700134277344,299.5299987792969,277.1792297363281,1031700
2023-07-03,APD,APD,298.1499938964844,299.20001220703125,295.739990234375,297.07000732421875,274.9027404785156,456600
2023-07-05,APD,APD,294.6300048828125,295.67999267578125,285.8800048828125,287.9700012207031,266.4817810058594,1387600
2023-07-06,APD,APD,285.92999267578125,288.2699890136719,281.7699890136719,287.8399963378906,266.3614807128906,883400
2023-07-07,APD,APD,286.3999938964844,290.4800109863281,285.5400085449219,286.8399963378906,265.4360656738281,890600
2023-07-10,APD,APD,286.8399963378906,291.7799987792969,286.6099853515625,290.0199890136719,268.3787841796875,562700
2023-07-11,APD,APD,291.2799987792969,292.55999755859375,287.1499938964844,288.6499938964844,267.111083984375,625300
2023-07-12,APD,APD,291.70001220703125,294.5799865722656,287.5199890136719,294.25,272.29315185546875,1024900
2023-07-13,APD,APD,294.6300048828125,299.8999938964844,294.0,298.95001220703125,276.6424560546875,843800
2023-07-14,APD,APD,298.8999938964844,299.5299987792969,297.29998779296875,298.6300048828125,276.3463439941406,711500
2023-07-17,APD,APD,298.2200012207031,299.8399963378906,296.3699951171875,299.2799987792969,276.9477844238281,809300
2023-07-18,APD,APD,298.7099914550781,300.5899963378906,295.92999267578125,298.260009765625,276.0039367675781,544200
2023-07-19,APD,APD,297.739990234375,300.1199951171875,296.44000244140625,298.5899963378906,276.30926513671875,675600
2023-07-20,APD,APD,300.30999755859375,301.8599853515625,298.04998779296875,301.3399963378906,278.8541259765625,752700
2023-07-21,APD,APD,300.7300109863281,303.2099914550781,300.1300048828125,302.739990234375,280.1496276855469,667900
2023-07-24,APD,APD,303.2699890136719,304.1000061035156,299.9200134277344,302.1000061035156,279.55743408203125,653600
2023-07-25,APD,APD,303.5,306.5899963378906,302.239990234375,305.8500061035156,283.027587890625,739800
2023-07-26,APD,APD,303.54998779296875,305.3399963378906,301.4700012207031,303.010009765625,280.3995361328125,1109100
2023-07-27,APD,APD,303.0,304.8800048828125,302.0,302.8900146484375,280.28851318359375,994100
2023-07-28,APD,APD,304.9599914550781,304.9599914550781,302.5899963378906,303.42999267578125,280.7881774902344,560300
2023-07-31,APD,APD,303.0,305.7300109863281,302.6099853515625,305.3299865722656,282.5463562011719,1146600
2023-08-01,APD,APD,303.69000244140625,305.8299865722656,302.20001220703125,302.4100036621094,279.8442687988281,886900
2023-08-02,APD,APD,300.1099853515625,302.8900146484375,298.6499938964844,299.32000732421875,276.9848327636719,992400
2023-08-03,APD,APD,290.0,293.1600036621094,281.29998779296875,281.82000732421875,260.79071044921875,2357700
2023-08-04,APD,APD,285.7699890136719,291.1300048828125,283.79998779296875,284.42999267578125,263.2059020996094,1263000
2023-08-07,APD,APD,284.2900085449219,288.2099914550781,284.1199951171875,287.29998779296875,265.8617858886719,863900
2023-08-08,APD,APD,284.7300109863281,284.7300109863281,280.7699890136719,283.5400085449219,262.38238525390625,645700
2023-08-09,APD,APD,284.1600036621094,287.5400085449219,282.6199951171875,285.3999938964844,264.103515625,617700
2023-08-10,APD,APD,286.6700134277344,288.4599914550781,284.1300048828125,286.30999755859375,264.9456787109375,856000
2023-08-11,APD,APD,285.5199890136719,288.9700012207031,285.4700012207031,288.7900085449219,267.2406311035156,646600
2023-08-14,APD,APD,287.82000732421875,291.75,287.1700134277344,290.7300109863281,269.03582763671875,694000
2023-08-15,APD,APD,288.6499938964844,289.04998779296875,284.1600036621094,285.1400146484375,263.8629455566406,624400
2023-08-16,APD,APD,285.1400146484375,287.2200012207031,284.3399963378906,285.9200134277344,264.5848083496094,640900
2023-08-17,APD,APD,286.92999267578125,288.260009765625,283.45001220703125,284.5,263.27069091796875,735500
2023-08-18,APD,APD,282.4100036621094,286.3800048828125,281.4700012207031,284.82000732421875,263.56683349609375,716600
2023-08-21,APD,APD,285.2300109863281,287.510009765625,284.05999755859375,285.2099914550781,263.9277648925781,477700
2023-08-22,APD,APD,286.6300048828125,286.6300048828125,283.94000244140625,285.07000732421875,263.7981872558594,353600
2023-08-23,APD,APD,284.3500061035156,286.4700012207031,282.7900085449219,285.75,264.4274597167969,446300
2023-08-24,APD,APD,284.42999267578125,288.1300048828125,283.7099914550781,286.6300048828125,265.24176025390625,391600
2023-08-25,APD,APD,288.4800109863281,289.3800048828125,286.0400085449219,288.29998779296875,266.78717041015625,381200
2023-08-28,APD,APD,288.9700012207031,291.3599853515625,288.6600036621094,289.8599853515625,268.2307434082031,694900
2023-08-29,APD,APD,289.92999267578125,293.760009765625,289.3599853515625,293.6600036621094,271.7471923828125,389500
2023-08-30,APD,APD,294.0299987792969,296.45001220703125,293.489990234375,295.5199890136719,273.4683532714844,404800
2023-08-31,APD,APD,296.4800109863281,297.0,294.6700134277344,295.489990234375,273.440673828125,662400
2023-09-01,APD,APD,298.55999755859375,300.6000061035156,297.82000732421875,298.0199890136719,275.7818298339844,520000
2023-09-05,APD,APD,298.3399963378906,298.3399963378906,292.6499938964844,292.70001220703125,270.85882568359375,716400
2023-09-06,APD,APD,292.6199951171875,294.1499938964844,291.1400146484375,293.3500061035156,271.4603271484375,422900
2023-09-07,APD,APD,292.8999938964844,294.79998779296875,290.6499938964844,292.1099853515625,270.3128356933594,566300
2023-09-08,APD,APD,292.5,299.8599853515625,291.54998779296875,298.510009765625,276.2352600097656,786600
2023-09-11,APD,APD,299.82000732421875,303.75,299.54998779296875,302.79998779296875,280.20513916015625,669600
2023-09-12,APD,APD,301.57000732421875,304.19000244140625,300.1499938964844,302.1400146484375,279.59442138671875,646000
2023-09-13,APD,APD,302.239990234375,304.8900146484375,300.8500061035156,303.1300048828125,280.51055908203125,627300
2023-09-14,APD,APD,305.0,306.79998779296875,303.510009765625,306.1000061035156,283.25897216796875,550900
2023-09-15,APD,APD,306.3999938964844,307.7099914550781,301.1499938964844,302.1099853515625,279.566650390625,1354600
2023-09-18,APD,APD,301.6300048828125,301.8999938964844,299.29998779296875,299.5299987792969,277.1792297363281,665500
2023-09-19,APD,APD,299.29998779296875,300.1499938964844,295.5,299.2300109863281,276.9015808105469,579100
2023-09-20,APD,APD,299.7300109863281,301.0299987792969,294.20001220703125,294.82000732421875,272.8206787109375,593600
2023-09-21,APD,APD,293.1600036621094,295.1099853515625,286.8900146484375,287.07000732421875,265.64898681640625,768300
2023-09-22,APD,APD,286.9800109863281,289.67999267578125,285.8500061035156,286.6400146484375,265.2509765625,612600
2023-09-25,APD,APD,285.3599853515625,290.4800109863281,285.0299987792969,289.6099853515625,267.9993896484375,586400
2023-09-26,APD,APD,287.29998779296875,289.5799865722656,285.7900085449219,286.70001220703125,265.30657958984375,741600
2023-09-27,APD,APD,286.8800048828125,288.1099853515625,283.92999267578125,285.260009765625,263.9739990234375,670000
2023-09-28,APD,APD,285.8900146484375,290.1199951171875,284.9100036621094,286.8699951171875,265.46380615234375,1100200
2023-09-29,APD,APD,287.75,288.8500061035156,282.6199951171875,283.3999938964844,263.8624267578125,695100
2023-10-02,APD,APD,281.3299865722656,282.7099914550781,275.6099853515625,279.0799865722656,259.8402404785156,1015400
2023-10-03,APD,APD,277.32000732421875,283.6400146484375,277.32000732421875,281.7900085449219,262.3634033203125,1265900
2023-10-04,APD,APD,284.8699951171875,286.3299865722656,282.0,284.8800048828125,265.2403869628906,1086700
2023-10-05,APD,APD,284.4800109863281,286.25,276.92999267578125,279.8599853515625,260.56646728515625,827600
2023-10-06,APD,APD,279.3900146484375,282.2200012207031,276.3599853515625,281.05999755859375,261.6837158203125,875800
2023-10-09,APD,APD,281.0799865722656,284.510009765625,279.6700134277344,284.2699890136719,264.6724548339844,584400
2023-10-10,APD,APD,286.6700134277344,290.42999267578125,285.8999938964844,287.9100036621094,268.0615234375,906200
2023-10-11,APD,APD,288.8500061035156,291.1300048828125,288.1400146484375,290.8900146484375,270.8360900878906,845800
2023-10-12,APD,APD,292.4100036621094,292.5199890136719,282.5899963378906,285.7900085449219,266.08770751953125,1256300
2023-10-13,APD,APD,288.20001220703125,290.7099914550781,284.7099914550781,285.4599914550781,265.7803955078125,577400
2023-10-16,APD,APD,287.6300048828125,290.32000732421875,286.6300048828125,287.1199951171875,267.3259582519531,551500
2023-10-17,APD,APD,287.29998779296875,292.55999755859375,286.54998779296875,290.8999938964844,270.84539794921875,780600
2023-10-18,APD,APD,289.80999755859375,289.80999755859375,282.9700012207031,283.3800048828125,263.8437805175781,520600
2023-10-19,APD,APD,282.1700134277344,284.5899963378906,280.0199890136719,280.6099853515625,261.2647705078125,471900
2023-10-20,APD,APD,279.4599914550781,281.25,277.82000732421875,278.57000732421875,259.36541748046875,669200
2023-10-23,APD,APD,276.79998779296875,278.79998779296875,274.2699890136719,274.6700134277344,255.73426818847656,722600
2023-10-24,APD,APD,275.8999938964844,278.3599853515625,274.6300048828125,277.239990234375,258.12713623046875,673200
2023-10-25,APD,APD,276.9599914550781,277.92999267578125,274.3599853515625,274.4800109863281,255.55740356445312,687300
2023-10-26,APD,APD,276.1000061035156,279.75,275.6000061035156,277.6600036621094,258.5181579589844,745100
2023-10-27,APD,APD,276.95001220703125,279.69000244140625,275.20001220703125,276.1499938964844,257.1122131347656,648200
2023-10-30,APD,APD,278.0,280.95001220703125,277.0199890136719,280.70001220703125,261.3485412597656,668000
2023-10-31,APD,APD,280.8699951171875,283.8299865722656,278.5899963378906,282.44000244140625,262.9686279296875,871700
2023-11-01,APD,APD,283.0400085449219,284.3299865722656,279.54998779296875,283.4100036621094,263.8717346191406,1121000
2023-11-02,APD,APD,284.45001220703125,289.8299865722656,283.2699890136719,289.6199951171875,269.6535949707031,856700
2023-11-03,APD,APD,292.25,295.9599914550781,291.5199890136719,293.20001220703125,272.9868469238281,1011600
2023-11-06,APD,APD,293.20001220703125,294.1600036621094,289.54998779296875,291.29998779296875,271.2177734375,1242300
2023-11-07,APD,APD,271.739990234375,273.05999755859375,254.02000427246094,254.4600067138672,236.91754150390625,4484500
2023-11-08,APD,APD,256.7699890136719,260.4200134277344,251.6300048828125,259.92999267578125,242.0104217529297,2465000
2023-11-09,APD,APD,262.5299987792969,264.30999755859375,258.6600036621094,263.989990234375,245.79054260253906,1909200
2023-11-10,APD,APD,263.7099914550781,267.3399963378906,263.010009765625,265.4599914550781,247.15921020507812,1554500
2023-11-13,APD,APD,263.7699890136719,265.6300048828125,262.20001220703125,265.0299987792969,246.75888061523438,1110300
2023-11-14,APD,APD,267.0,271.6199951171875,266.0,268.4100036621094,249.90586853027344,1759300
2023-11-15,APD,APD,268.3699951171875,274.3299865722656,267.8500061035156,273.6199951171875,254.75665283203125,1262000
2023-11-16,APD,APD,273.489990234375,274.45001220703125,271.07000732421875,273.6000061035156,254.7380828857422,1537100
2023-11-17,APD,APD,273.489990234375,273.989990234375,269.2799987792969,269.989990234375,251.37689208984375,1537400
2023-11-20,APD,APD,269.989990234375,273.7200012207031,269.1600036621094,272.1499938964844,253.3880615234375,1540100
2023-11-21,APD,APD,273.5,277.4700012207031,273.0199890136719,276.3399963378906,257.2891540527344,1245200
2023-11-22,APD,APD,277.4100036621094,277.4599914550781,273.70001220703125,274.2699890136719,255.36183166503906,1004800
2023-11-24,APD,APD,275.0799865722656,276.6499938964844,274.5,274.5,255.5759735107422,399800
2023-11-27,APD,APD,273.70001220703125,274.0400085449219,269.3999938964844,271.6700134277344,252.94110107421875,1159000
2023-11-28,APD,APD,271.0,271.7300109863281,267.9599914550781,268.3999938964844,249.89654541015625,893800
2023-11-29,APD,APD,269.739990234375,270.79998779296875,265.8999938964844,266.4800109863281,248.10890197753906,1096200
2023-11-30,APD,APD,266.4800109863281,271.1199951171875,265.7300109863281,270.54998779296875,251.89830017089844,2341800
2023-12-01,APD,APD,270.6000061035156,275.1099853515625,269.8399963378906,272.6400146484375,253.84423828125,1706200
2023-12-04,APD,APD,270.94000244140625,272.55999755859375,268.760009765625,270.1499938964844,251.52586364746094,1782300
2023-12-05,APD,APD,269.260009765625,269.760009765625,261.07000732421875,262.0199890136719,243.9563751220703,2196300
2023-12-06,APD,APD,262.3900146484375,264.1000061035156,260.2900085449219,261.2799987792969,243.2674102783203,1313000
2023-12-07,APD,APD,262.1400146484375,264.0299987792969,261.010009765625,262.010009765625,243.9470672607422,1408500
2023-12-08,APD,APD,262.7799987792969,264.7200012207031,262.5400085449219,263.2699890136719,245.12017822265625,744100
2023-12-11,APD,APD,263.25,265.0799865722656,262.4700012207031,264.55999755859375,246.32122802734375,1120800
2023-12-12,APD,APD,265.3900146484375,267.3999938964844,262.9200134277344,267.3399963378906,248.90957641601562,1284300
2023-12-13,APD,APD,266.70001220703125,270.4700012207031,263.7300109863281,269.32000732421875,250.7531280517578,1367600
2023-12-14,APD,APD,270.3999938964844,273.3999938964844,270.0,270.80999755859375,252.14039611816406,1372800
2023-12-15,APD,APD,270.2799987792969,272.7300109863281,269.69000244140625,270.8599853515625,252.1869659423828,3312900
2023-12-18,APD,APD,273.5799865722656,274.95001220703125,271.1199951171875,271.20001220703125,252.5034942626953,1384700
2023-12-19,APD,APD,273.2300109863281,273.9100036621094,270.6300048828125,272.5199890136719,253.7324676513672,1340400
2023-12-20,APD,APD,271.6000061035156,273.510009765625,268.010009765625,268.1499938964844,249.66375732421875,905100
2023-12-21,APD,APD,270.2200012207031,271.8299865722656,268.4700012207031,271.739990234375,253.00628662109375,790100
2023-12-22,APD,APD,272.75,274.32000732421875,272.1400146484375,272.8399963378906,254.03042602539062,756200
2023-12-26,APD,APD,273.45001220703125,275.82000732421875,273.25,274.8699951171875,255.92047119140625,446100
2023-12-27,APD,APD,274.2099914550781,275.79998779296875,273.3399963378906,275.69000244140625,256.6839599609375,759800
2023-12-28,APD,APD,275.6300048828125,275.6700134277344,274.010009765625,274.2300109863281,255.3246307373047,531800
2023-12-29,APD,APD,272.6400146484375,274.8900146484375,272.0,273.79998779296875,256.5614929199219,886000
2024-01-02,APD,APD,272.3299865722656,274.8699951171875,272.3299865722656,273.4700012207031,256.2523193359375,1109200
2024-01-03,APD,APD,272.0,273.05999755859375,269.7900085449219,270.8599853515625,253.80662536621094,1117600
2024-01-04,APD,APD,270.8500061035156,273.2900085449219,270.1300048828125,270.25,253.23500061035156,956800
2024-01-05,APD,APD,270.95001220703125,273.0,268.4200134277344,270.1499938964844,253.14129638671875,777400
2024-01-08,APD,APD,268.57000732421875,272.94000244140625,266.8999938964844,272.8399963378906,255.6619415283203,912200
2024-01-09,APD,APD,271.010009765625,271.010009765625,266.5899963378906,268.0899963378906,251.21096801757812,831600
2024-01-10,APD,APD,267.30999755859375,267.30999755859375,263.8500061035156,266.9599914550781,250.15208435058594,922000
2024-01-11,APD,APD,267.3900146484375,268.07000732421875,263.010009765625,264.5899963378906,247.93136596679688,1046200
2024-01-12,APD,APD,265.9599914550781,267.6600036621094,263.4100036621094,264.1300048828125,247.5003204345703,1201600
2024-01-16,APD,APD,262.5299987792969,263.989990234375,260.0,260.45001220703125,244.0520477294922,1435200
2024-01-17,APD,APD,258.05999755859375,260.2300109863281,257.0,260.1400146484375,243.76156616210938,1201300
2024-01-18,APD,APD,259.239990234375,260.4599914550781,257.0,260.0299987792969,243.65847778320312,1157300
2024-01-19,APD,APD,260.1600036621094,261.0,257.239990234375,260.6400146484375,244.23007202148438,2509600
2024-01-22,APD,APD,258.4800109863281,262.80999755859375,257.760009765625,260.92999267578125,244.50177001953125,1501100
2024-01-23,APD,APD,262.3500061035156,264.0,260.42999267578125,263.239990234375,246.66636657714844,1539800
2024-01-24,APD,APD,263.2300109863281,264.4800109863281,257.1099853515625,257.1600036621094,240.96917724609375,1768600
2024-01-25,APD,APD,259.1199951171875,263.7300109863281,258.3599853515625,263.6499938964844,247.05055236816406,1936400
2024-01-26,APD,APD,266.1700134277344,266.1700134277344,261.2699890136719,261.8999938964844,245.41073608398438,873200
2024-01-29,APD,APD,261.8999938964844,262.2300109863281,259.760009765625,261.1300048828125,244.689208984375,1192400
2024-01-30,APD,APD,259.92999267578125,262.2699890136719,259.1499938964844,259.2799987792969,242.9556884765625,2053700
2024-01-31,APD,APD,261.1099853515625,261.25,255.4199981689453,255.7100067138672,239.6104736328125,1941500
2024-02-01,APD,APD,257.82000732421875,260.20001220703125,256.1499938964844,259.55999755859375,243.2180633544922,1517100
2024-02-02,APD,APD,257.1099853515625,260.0,255.5,258.1700134277344,241.91558837890625,1934600
2024-02-05,APD,APD,227.0,228.0399932861328,217.02999877929688,218.02000427246094,204.29342651367188,7998200
2024-02-06,APD,APD,218.7100067138672,219.97999572753906,212.24000549316406,218.0500030517578,204.32154846191406,4983100
2024-02-07,APD,APD,218.33999633789062,219.6199951171875,213.07000732421875,215.3800048828125,201.8196258544922,3469400
2024-02-08,APD,APD,214.02999877929688,220.75999450683594,213.8000030517578,219.91000366210938,206.06443786621094,3243700
2024-02-09,APD,APD,219.49000549316406,219.94000244140625,216.5,219.83999633789062,205.99880981445312,2381700
2024-02-12,APD,APD,220.3800048828125,223.3800048828125,219.1199951171875,222.58999633789062,208.57568359375,1946400
2024-02-13,APD,APD,220.72000122070312,222.6199951171875,216.33999633789062,217.61000061035156,203.90924072265625,2769700
2024-02-14,APD,APD,217.92999267578125,219.3800048828125,216.3000030517578,217.00999450683594,203.34703063964844,2117100
2024-02-15,APD,APD,221.13999938964844,228.4600067138672,220.25999450683594,226.9499969482422,212.6612091064453,2429400
2024-02-16,APD,APD,226.8699951171875,227.83999633789062,225.91000366210938,226.85000610351562,212.5675048828125,1694100
2024-02-20,APD,APD,226.4499969482422,228.22999572753906,225.25999450683594,228.08999633789062,213.72940063476562,1927100
2024-02-21,APD,APD,229.0,229.8699951171875,226.9499969482422,228.10000610351562,213.73878479003906,1582300
2024-02-22,APD,APD,227.6699981689453,231.85000610351562,227.10000610351562,231.5,216.92474365234375,2181200
2024-02-23,APD,APD,231.1999969482422,233.3000030517578,229.64999389648438,232.7899932861328,218.1334991455078,1795400
2024-02-26,APD,APD,230.08999633789062,231.92999267578125,228.50999450683594,229.36000061035156,214.91944885253906,1657100
2024-02-27,APD,APD,230.0,233.91000366210938,229.60000610351562,231.72999572753906,217.14022827148438,2338100
2024-02-28,APD,APD,231.0,234.55999755859375,229.75,232.41000366210938,217.7774200439453,1793600
2024-02-29,APD,APD,233.88999938964844,237.64999389648438,233.44000244140625,234.0399932861328,219.3048095703125,1726300
2024-03-01,APD,APD,233.7100067138672,236.49000549316406,232.41000366210938,236.0,221.1414031982422,1292400
2024-03-04,APD,APD,235.39999389648438,239.50999450683594,235.39999389648438,238.41000366210938,223.39968872070312,1861700
2024-03-05,APD,APD,238.02000427246094,240.36000061035156,237.72999572753906,239.5800018310547,224.49600219726562,2566600
2024-03-06,APD,APD,242.07000732421875,243.88999938964844,240.6999969482422,243.10000610351562,227.79440307617188,2325400
2024-03-07,APD,APD,246.0,248.0,244.27999877929688,245.1699981689453,229.7340545654297,1993000
2024-03-08,APD,APD,245.5399932861328,245.99000549316406,241.4199981689453,241.61000061035156,226.398193359375,1726700
2024-03-11,APD,APD,243.25,249.33999633789062,242.4199981689453,247.94000244140625,232.32965087890625,1452000
2024-03-12,APD,APD,247.52999877929688,248.1999969482422,243.92999267578125,244.8699951171875,229.4529266357422,1632600
2024-03-13,APD,APD,245.47000122070312,249.11000061035156,244.9600067138672,247.2899932861328,231.72059631347656,1144500
2024-03-14,APD,APD,246.64999389648438,247.39999389648438,244.7100067138672,245.13999938964844,229.70594787597656,1416100
2024-03-15,APD,APD,243.36000061035156,246.61000061035156,243.0,244.6300048828125,229.2280731201172,2369600
2024-03-18,APD,APD,244.57000732421875,248.8699951171875,244.57000732421875,245.61000061035156,230.14634704589844,1172400
2024-03-19,APD,APD,245.89999389648438,246.25,241.05999755859375,241.82000732421875,226.59495544433594,1156600
2024-03-20,APD,APD,239.8000030517578,240.52000427246094,237.63999938964844,238.9499969482422,223.90565490722656,2848600
2024-03-21,APD,APD,239.17999267578125,239.57000732421875,235.41000366210938,235.49000549316406,220.6634979248047,2328600
2024-03-22,APD,APD,235.0,237.49000549316406,234.9600067138672,236.7100067138672,221.8066864013672,1153800
2024-03-25,APD,APD,235.97000122070312,238.80999755859375,235.1999969482422,237.55999755859375,222.60317993164062,944200
2024-03-26,APD,APD,239.13999938964844,239.13999938964844,236.2100067138672,237.8300018310547,222.856201171875,1097100
2024-03-27,APD,APD,238.8800048828125,243.11000061035156,238.5800018310547,243.10000610351562,227.79440307617188,926600
2024-03-28,APD,APD,241.72999572753906,243.4499969482422,240.77999877929688,242.27000427246094,228.681640625,1439900
2024-04-01,APD,APD,242.92999267578125,244.64999389648438,241.52999877929688,243.4199981689453,229.76715087890625,851300
2024-04-02,APD,APD,243.0800018310547,243.72000122070312,237.27999877929688,239.83999633789062,226.387939453125,1227300
2024-04-03,APD,APD,240.1199951171875,241.3000030517578,238.89999389648438,239.60000610351562,226.1614227294922,1009000
2024-04-04,APD,APD,241.1199951171875,241.44000244140625,236.58999633789062,237.11000061035156,223.81105041503906,829600
2024-04-05,APD,APD,236.8800048828125,239.7899932861328,236.6300048828125,238.67999267578125,225.29298400878906,1588700
2024-04-08,APD,APD,239.52000427246094,240.82000732421875,237.30999755859375,237.6300048828125,224.30191040039062,1013600
2024-04-09,APD,APD,238.8699951171875,239.7100067138672,237.02000427246094,239.66000366210938,226.21804809570312,890800
2024-04-10,APD,APD,235.60000610351562,236.8300018310547,234.67999267578125,235.91000366210938,222.67835998535156,1407400
2024-04-11,APD,APD,236.5,238.22999572753906,234.9499969482422,236.25,222.99929809570312,1737600
2024-04-12,APD,APD,234.32000732421875,235.3699951171875,230.67999267578125,231.52999877929688,218.54405212402344,1520100
2024-04-15,APD,APD,233.1300048828125,234.25999450683594,229.66000366210938,231.16000366210938,218.1947784423828,1307400
2024-04-16,APD,APD,230.60000610351562,231.1199951171875,227.52999877929688,227.75999450683594,214.98548889160156,2590000
2024-04-17,APD,APD,229.1699981689453,230.14999389648438,227.75999450683594,229.00999450683594,216.16537475585938,1452500
2024-04-18,APD,APD,230.9199981689453,233.52999877929688,228.47999572753906,233.02000427246094,219.95045471191406,1302000
2024-04-19,APD,APD,233.07000732421875,235.72000122070312,230.89999389648438,231.63999938964844,218.6478729248047,1797200
2024-04-22,APD,APD,231.92999267578125,234.5800018310547,229.19000244140625,234.36000061035156,221.21531677246094,1591200
2024-04-23,APD,APD,233.47000122070312,235.19000244140625,232.08999633789062,233.7100067138672,220.6017608642578,1175200
2024-04-24,APD,APD,232.42999267578125,235.0800018310547,231.75,234.67999267578125,221.51734924316406,1297300
2024-04-25,APD,APD,234.47999572753906,235.97999572753906,233.47000122070312,235.0800018310547,221.8949432373047,1037600
2024-04-26,APD,APD,234.8800048828125,238.39999389648438,234.4600067138672,236.0800018310547,222.8388214111328,1251400
2024-04-29,APD,APD,237.0,239.5399932861328,236.60000610351562,238.1199951171875,224.76441955566406,1623400
2024-04-30,APD,APD,232.5800018310547,237.14999389648438,228.80999755859375,236.33999633789062,223.08425903320312,3555900
2024-05-01,APD,APD,233.97999572753906,240.8699951171875,233.52000427246094,237.49000549316406,224.1697540283203,1845100
2024-05-02,APD,APD,238.6699981689453,244.1300048828125,235.13999938964844,243.69000244140625,230.0220184326172,1811400
2024-05-03,APD,APD,244.22999572753906,247.38999938964844,244.0800018310547,245.8699951171875,232.0797576904297,1559500
2024-05-06,APD,APD,247.42999267578125,247.75,244.88999938964844,247.60000610351562,233.71273803710938,936900
2024-05-07,APD,APD,248.6199951171875,248.9600067138672,246.52999877929688,248.64999389648438,234.7038116455078,1099800
2024-05-08,APD,APD,248.60000610351562,248.99000549316406,245.75,246.27000427246094,232.4573211669922,891300
2024-05-09,APD,APD,247.36000061035156,250.8000030517578,246.6999969482422,250.61000061035156,236.5538787841797,840300
2024-05-10,APD,APD,251.86000061035156,252.9199981689453,249.8800048828125,250.5500030517578,236.4972686767578,1555100
2024-05-13,APD,APD,251.5800018310547,253.72999572753906,250.0500030517578,250.25999450683594,236.22352600097656,2289400
2024-05-14,APD,APD,251.77000427246094,252.19000244140625,248.3699951171875,248.55999755859375,234.61883544921875,1613400
2024-05-15,APD,APD,250.1199951171875,251.77000427246094,248.60000610351562,251.60000610351562,237.48837280273438,1068100
2024-05-16,APD,APD,252.52999877929688,258.1300048828125,252.13999938964844,257.0400085449219,242.62326049804688,2746000
2024-05-17,APD,APD,258.0,262.9800109863281,255.86000061035156,262.70001220703125,247.96578979492188,2877900
2024-05-20,APD,APD,261.57000732421875,266.42999267578125,261.1400146484375,266.2099914550781,251.27890014648438,2246000
2024-05-21,APD,APD,266.1099853515625,267.25,263.7200012207031,264.6600036621094,249.8158416748047,1900200
2024-05-22,APD,APD,263.2300109863281,264.70001220703125,261.2699890136719,264.6499938964844,249.80642700195312,1060000
2024-05-23,APD,APD,264.5,265.20001220703125,261.4100036621094,263.0,248.2489776611328,1466500
2024-05-24,APD,APD,264.6199951171875,266.44000244140625,263.45001220703125,264.6099853515625,249.7686309814453,1070600
2024-05-28,APD,APD,264.20001220703125,265.3399963378906,263.010009765625,264.6300048828125,249.7875518798828,1207700
2024-05-29,APD,APD,262.510009765625,264.1700134277344,259.55999755859375,260.2699890136719,245.6720733642578,1109100
2024-05-30,APD,APD,260.8599853515625,261.5,258.32000732421875,260.5,245.88919067382812,1185600
2024-05-31,APD,APD,261.5,266.92999267578125,260.5400085449219,266.70001220703125,251.74142456054688,2569000
2024-06-03,APD,APD,266.260009765625,271.54998779296875,265.7200012207031,270.9100036621094,255.71527099609375,2101800
2024-06-04,APD,APD,269.79998779296875,271.19000244140625,267.3900146484375,270.29998779296875,255.1395263671875,1453800
2024-06-05,APD,APD,270.9700012207031,271.9800109863281,268.95001220703125,270.3299865722656,255.16786193847656,804100
2024-06-06,APD,APD,269.7699890136719,270.1000061035156,267.17999267578125,269.7200012207031,254.59201049804688,1341300
2024-06-07,APD,APD,270.32000732421875,281.20001220703125,268.44000244140625,279.5299987792969,263.851806640625,2225300
2024-06-10,APD,APD,280.95001220703125,282.80999755859375,278.42999267578125,282.30999755859375,266.4758605957031,1942000
2024-06-11,APD,APD,281.0400085449219,283.1600036621094,280.0199890136719,280.80999755859375,265.06005859375,1700700
2024-06-12,APD,APD,282.6300048828125,283.6000061035156,280.7099914550781,283.04998779296875,267.1743469238281,1400200
2024-06-13,APD,APD,282.9100036621094,286.6099853515625,282.4599914550781,285.30999755859375,269.3076171875,2049400
2024-06-14,APD,APD,283.5299987792969,284.57000732421875,274.8599853515625,275.1400146484375,259.70806884765625,1503300
2024-06-17,APD,APD,273.42999267578125,275.1400146484375,271.1300048828125,273.1099853515625,257.7918701171875,1217500
2024-06-18,APD,APD,272.70001220703125,276.2300109863281,271.55999755859375,274.70001220703125,259.29278564453125,1160600
2024-06-20,APD,APD,273.9200134277344,275.3699951171875,272.0,272.07000732421875,256.8102111816406,1146600
2024-06-21,APD,APD,268.80999755859375,275.2799987792969,268.3500061035156,272.9100036621094,257.6031188964844,2500400
2024-06-24,APD,APD,273.92999267578125,273.92999267578125,270.4700012207031,270.8999938964844,255.70584106445312,2891100
2024-06-25,APD,APD,270.1400146484375,270.2900085449219,265.3900146484375,267.0899963378906,252.10955810546875,3646000
2024-06-26,APD,APD,265.9200134277344,266.0199890136719,258.94000244140625,263.70001220703125,248.90968322753906,6456100
2024-06-27,APD,APD,264.9800109863281,265.0,261.3699951171875,263.07000732421875,248.3150177001953,2748000
2024-06-28,APD,APD,261.57000732421875,262.45001220703125,257.3900146484375,258.04998779296875,243.5765838623047,2606700
2024-07-01,APD,APD,256.5299987792969,257.8999938964844,246.69000244140625,247.33999633789062,235.07974243164062,1974700
2024-07-02,APD,APD,248.57000732421875,251.8800048828125,246.0,251.0,238.55828857421875,2832500
2024-07-03,APD,APD,251.36000061035156,254.42999267578125,251.22999572753906,253.0,240.45916748046875,763700
2024-07-05,APD,APD,252.66000366210938,254.2899932861328,251.97000122070312,252.6699981689453,240.14553833007812,1381400
2024-07-08,APD,APD,254.05999755859375,255.3800048828125,253.7899932861328,254.89999389648438,242.26499938964844,1182000
2024-07-09,APD,APD,254.27000427246094,255.89999389648438,253.8699951171875,254.6999969482422,242.0749053955078,1740800
2024-07-10,APD,APD,256.70001220703125,257.7200012207031,254.11000061035156,255.66000366210938,242.9873504638672,2172300
2024-07-11,APD,APD,256.1400146484375,262.5400085449219,255.74000549316406,258.0,245.2113494873047,1410500
2024-07-12,APD,APD,260.8900146484375,263.7300109863281,258.3599853515625,261.30999755859375,248.3572540283203,1054700
2024-07-15,APD,APD,260.1600036621094,261.4700012207031,258.8599853515625,259.8399963378906,246.9601287841797,998500
2024-07-16,APD,APD,260.32000732421875,269.2799987792969,259.2300109863281,267.5299987792969,254.26895141601562,1210800
2024-07-17,APD,APD,267.7799987792969,271.9200134277344,267.7200012207031,270.4700012207031,257.0632019042969,725300
2024-07-18,APD,APD,267.7200012207031,272.7699890136719,266.489990234375,266.5899963378906,253.37554931640625,696900
2024-07-19,APD,APD,267.1600036621094,267.1600036621094,261.9100036621094,262.9100036621094,249.8779754638672,762600
2024-07-22,APD,APD,262.8699951171875,263.0,248.02999877929688,248.5500030517578,236.22975158691406,3865900
2024-07-23,APD,APD,249.39999389648438,256.0,248.42999267578125,256.0,243.31045532226562,3224100
2024-07-24,APD,APD,256.4100036621094,260.260009765625,256.2300109863281,260.20001220703125,247.30226135253906,2826900
2024-07-25,APD,APD,257.6000061035156,260.75,257.3599853515625,258.6400146484375,245.81964111328125,1760200
2024-07-26,APD,APD,259.95001220703125,263.4700012207031,258.69000244140625,260.9800109863281,248.0436553955078,1042900
2024-07-29,APD,APD,261.5199890136719,266.3699951171875,261.0,265.739990234375,252.56765747070312,1539600
2024-07-30,APD,APD,264.6600036621094,267.3299865722656,263.9599914550781,264.2300109863281,251.13255310058594,964600
2024-07-31,APD,APD,265.8999938964844,268.04998779296875,263.44000244140625,263.8500061035156,250.77139282226562,1813000
2024-08-01,APD,APD,288.6099853515625,296.0,282.0,287.4700012207031,273.2205505371094,3842800
2024-08-02,APD,APD,282.79998779296875,285.9700012207031,277.3900146484375,281.739990234375,267.7745666503906,1832100
2024-08-05,APD,APD,275.6199951171875,281.05999755859375,275.4100036621094,278.4700012207031,264.66668701171875,1111500
2024-08-06,APD,APD,278.760009765625,282.1400146484375,277.7900085449219,278.55999755859375,264.7522277832031,838500
2024-08-07,APD,APD,280.6499938964844,283.30999755859375,277.3800048828125,277.44000244140625,263.6877136230469,1167900
2024-08-08,APD,APD,277.0,280.1000061035156,276.9100036621094,279.2099914550781,265.36993408203125,940800
2024-08-09,APD,APD,278.989990234375,280.1199951171875,276.7699890136719,278.2300109863281,264.4385986328125,1228700
2024-08-12,APD,APD,277.6400146484375,277.760009765625,273.0,273.92999267578125,260.3516845703125,1375600
2024-08-13,APD,APD,274.7699890136719,277.3399963378906,273.67999267578125,276.54998779296875,262.84185791015625,695300
2024-08-14,APD,APD,276.2200012207031,277.25,273.29998779296875,276.489990234375,262.7847900390625,706600
2024-08-15,APD,APD,277.510009765625,278.0,271.7900085449219,273.8800048828125,260.3042297363281,846400
2024-08-16,APD,APD,274.3599853515625,276.1000061035156,273.32000732421875,276.0400085449219,262.3571472167969,764900
2024-08-19,APD,APD,275.3299865722656,277.3800048828125,273.7200012207031,274.1700134277344,260.5798034667969,548000
2024-08-20,APD,APD,273.2699890136719,275.3999938964844,272.1199951171875,273.4200134277344,259.8670349121094,564400
2024-08-21,APD,APD,273.04998779296875,276.54998779296875,271.8699951171875,275.5199890136719,261.8628845214844,598600
2024-08-22,APD,APD,275.7099914550781,276.0400085449219,273.3399963378906,274.42999267578125,260.826904296875,545800
2024-08-23,APD,APD,275.5899963378906,276.4100036621094,274.0299987792969,275.8599853515625,262.1860046386719,514200
2024-08-26,APD,APD,275.75,279.6400146484375,275.75,278.760009765625,264.94232177734375,1058500
2024-08-27,APD,APD,278.8500061035156,279.80999755859375,274.9100036621094,277.9100036621094,264.1343994140625,1595300
2024-08-28,APD,APD,278.1499938964844,279.7300109863281,275.3999938964844,276.7900085449219,263.0699462890625,670200
2024-08-29,APD,APD,277.57000732421875,279.44000244140625,275.6400146484375,277.1000061035156,263.36456298828125,506700
2024-08-30,APD,APD,277.8900146484375,279.2699890136719,274.3800048828125,278.8500061035156,265.0278015136719,919000
2024-09-03,APD,APD,276.5299987792969,278.489990234375,273.8599853515625,275.19000244140625,261.5492858886719,1600000
2024-09-04,APD,APD,275.8399963378906,279.0,274.3900146484375,274.6700134277344,261.0550537109375,718500
2024-09-05,APD,APD,274.6400146484375,275.4100036621094,270.8699951171875,273.54998779296875,259.9905090332031,1008700
2024-09-06,APD,APD,272.8299865722656,275.010009765625,267.3500061035156,268.7099914550781,255.3904571533203,1066100
2024-09-09,APD,APD,269.19000244140625,273.95001220703125,268.4599914550781,273.82000732421875,260.2471923828125,1244900
2024-09-10,APD,APD,274.3599853515625,275.9800109863281,271.9599914550781,275.2300109863281,261.5872802734375,771400
2024-09-11,APD,APD,277.010009765625,278.489990234375,270.1300048828125,277.7099914550781,263.9443054199219,914400
2024-09-12,APD,APD,277.3500061035156,280.4200134277344,273.760009765625,280.0199890136719,266.13983154296875,1400400
2024-09-13,APD,APD,280.94000244140625,286.489990234375,279.739990234375,284.1300048828125,270.046142578125,1044800
2024-09-16,APD,APD,287.0,289.9700012207031,286.32000732421875,288.8699951171875,274.5511169433594,1311500
2024-09-17,APD,APD,289.6099853515625,291.8699951171875,289.1199951171875,291.1300048828125,276.6991271972656,1056300
2024-09-18,APD,APD,291.79998779296875,291.9800109863281,286.7099914550781,287.29998779296875,273.0589904785156,1016900
2024-09-19,APD,APD,290.2300109863281,291.5400085449219,287.5199890136719,287.7200012207031,273.4581604003906,958300
2024-09-20,APD,APD,286.7900085449219,288.94000244140625,285.7300109863281,287.9800109863281,273.7052917480469,4148400
2024-09-23,APD,APD,289.1400146484375,293.0899963378906,288.2099914550781,292.04998779296875,277.573486328125,1539100
2024-09-24,APD,APD,293.489990234375,297.5299987792969,293.489990234375,295.5899963378906,280.93804931640625,1294600
2024-09-25,APD,APD,297.1300048828125,297.1300048828125,293.5,295.7200012207031,281.0616149902344,1349400
2024-09-26,APD,APD,296.0400085449219,300.45001220703125,296.0199890136719,299.4599914550781,284.6162414550781,1798700
2024-09-27,APD,APD,301.010009765625,302.0299987792969,298.5,300.3599853515625,285.4716491699219,1057100
2024-09-30,APD,APD,300.0,301.6000061035156,296.5899963378906,297.739990234375,282.9814758300781,1031000
2024-10-01,APD,APD,295.7200012207031,295.7200012207031,291.1199951171875,291.42999267578125,278.64068603515625,1267400
2024-10-02,APD,APD,291.0,292.3299865722656,288.6199951171875,290.0,277.2734375,1347000
2024-10-03,APD,APD,289.2699890136719,290.1400146484375,284.9700012207031,285.5799865722656,273.04742431640625,982200
2024-10-04,APD,APD,286.04998779296875,287.1499938964844,283.9700012207031,285.5,272.9709777832031,919000
2024-10-07,APD,APD,306.0,313.0,301.29998779296875,312.69000244140625,298.96771240234375,4243100
2024-10-08,APD,APD,309.260009765625,312.42999267578125,305.79998779296875,310.3599853515625,296.73992919921875,1556600
2024-10-09,APD,APD,311.5400085449219,318.32000732421875,310.2099914550781,313.9700012207031,300.1915588378906,2375200
2024-10-10,APD,APD,313.9800109863281,323.8699951171875,313.17999267578125,314.6099853515625,300.8034973144531,2574100
2024-10-11,APD,APD,315.75,317.9800109863281,315.489990234375,316.6600036621094,302.7635192871094,775700
2024-10-14,APD,APD,316.8800048828125,320.6099853515625,316.010009765625,320.3399963378906,306.2820129394531,1058000
2024-10-15,APD,APD,321.4200134277344,324.5199890136719,320.0899963378906,323.2300109863281,309.045166015625,2092400
2024-10-16,APD,APD,323.8800048828125,328.7200012207031,323.07000732421875,326.70001220703125,312.3628845214844,1886500
2024-10-17,APD,APD,326.70001220703125,329.0299987792969,324.510009765625,328.7699890136719,314.342041015625,1182000
2024-10-18,APD,APD,329.95001220703125,332.1700134277344,328.0400085449219,332.1000061035156,317.52593994140625,1074100
2024-10-21,APD,APD,330.4200134277344,332.42999267578125,328.9800109863281,331.55999755859375,317.0096435546875,857800
2024-10-22,APD,APD,330.0899963378906,330.5899963378906,326.9200134277344,330.3699951171875,315.871826171875,1246900
2024-10-23,APD,APD,329.7300109863281,330.3699951171875,325.04998779296875,326.6199951171875,312.2864074707031,1045100
2024-10-24,APD,APD,325.3999938964844,325.79998779296875,320.3900146484375,322.1000061035156,307.9648132324219,1588200
2024-10-25,APD,APD,322.75,322.75,317.8900146484375,318.0199890136719,304.06378173828125,1294800
2024-10-28,APD,APD,319.9599914550781,319.9599914550781,315.4800109863281,318.260009765625,304.2932434082031,1185600
2024-10-29,APD,APD,316.7799987792969,317.1099853515625,314.5799865722656,315.29998779296875,301.46319580078125,1579400
2024-10-30,APD,APD,315.57000732421875,315.57000732421875,311.9200134277344,312.7699890136719,299.044189453125,1042900
2024-10-31,APD,APD,308.75,314.30999755859375,307.1300048828125,310.5299987792969,296.90252685546875,2280900
2024-11-01,APD,APD,309.8399963378906,312.6000061035156,308.9100036621094,309.2099914550781,295.64044189453125,794500
2024-11-04,APD,APD,310.6199951171875,311.29998779296875,305.1600036621094,306.0899963378906,292.6573486328125,1608000
2024-11-05,APD,APD,305.5400085449219,308.45001220703125,303.2200012207031,306.3699951171875,292.925048828125,1502800
2024-11-06,APD,APD,311.5400085449219,311.5400085449219,301.82000732421875,306.7300109863281,293.269287109375,1871400
2024-11-07,APD,APD,309.760009765625,318.6300048828125,302.5,312.82000732421875,299.09197998046875,2141700
2024-11-08,APD,APD,310.95001220703125,314.6199951171875,308.4800109863281,312.989990234375,299.2545471191406,2585100
2024-11-11,APD,APD,312.7799987792969,315.0400085449219,310.1400146484375,313.9100036621094,300.1341857910156,1940800
2024-11-12,APD,APD,314.2300109863281,315.6499938964844,309.4100036621094,311.1199951171875,297.4665832519531,1021000
2024-11-13,APD,APD,310.5,313.0400085449219,308.8599853515625,312.8900146484375,299.1589660644531,955200
2024-11-14,APD,APD,312.6099853515625,318.3999938964844,311.1300048828125,315.8800048828125,302.01776123046875,1081200
2024-11-15,APD,APD,315.4700012207031,317.4200134277344,314.05999755859375,317.1000061035156,303.1842041015625,1113000
2024-11-18,APD,APD,320.5799865722656,328.0899963378906,319.5899963378906,327.8900146484375,313.5007019042969,1898400
2024-11-19,APD,APD,325.9200134277344,328.0400085449219,322.4599914550781,328.0,313.6058349609375,1881500
2024-11-20,APD,APD,328.32000732421875,330.6499938964844,325.5199890136719,327.8500061035156,313.4624328613281,1694300
2024-11-21,APD,APD,326.8599853515625,330.19000244140625,325.9100036621094,328.8800048828125,314.4472961425781,1972000
2024-11-22,APD,APD,329.7300109863281,332.69000244140625,328.95001220703125,331.8299865722656,317.2677917480469,2200200
2024-11-25,APD,APD,333.0,336.4200134277344,333.0,333.9700012207031,319.31390380859375,2640600
2024-11-26,APD,APD,333.8900146484375,335.67999267578125,330.3800048828125,334.7799987792969,320.08831787109375,1785000
2024-11-27,APD,APD,333.9100036621094,336.2200012207031,332.7799987792969,333.2200012207031,318.5967712402344,1293800
2024-11-29,APD,APD,332.8999938964844,334.6199951171875,331.30999755859375,334.3299865722656,319.6580505371094,769800
2024-12-02,APD,APD,335.8999938964844,335.8999938964844,331.3999938964844,335.6199951171875,320.8914794921875,766200
2024-12-03,APD,APD,336.7200012207031,337.0,329.1700134277344,330.6400146484375,316.1300354003906,1441900
2024-12-04,APD,APD,329.95001220703125,329.95001220703125,325.6199951171875,327.4800109863281,313.1086730957031,974900
2024-12-05,APD,APD,314.489990234375,323.3599853515625,312.6000061035156,321.9700012207031,307.8404846191406,1730000
2024-12-06,APD,APD,323.1400146484375,324.3999938964844,320.0400085449219,320.1099853515625,306.0621032714844,1020300
2024-12-09,APD,APD,322.44000244140625,322.44000244140625,315.8999938964844,316.6199951171875,302.72528076171875,1216000
2024-12-10,APD,APD,315.6300048828125,316.2799987792969,311.4800109863281,315.2099914550781,301.37713623046875,742100
2024-12-11,APD,APD,314.9800109863281,316.0799865722656,311.5299987792969,312.3599853515625,298.6521911621094,858300
2024-12-12,APD,APD,312.20001220703125,313.1600036621094,310.2200012207031,310.8900146484375,297.24676513671875,653100
2024-12-13,APD,APD,310.8699951171875,312.4100036621094,307.3900146484375,312.29998779296875,298.5948486328125,1025300
2024-12-16,APD,APD,311.32000732421875,312.0400085449219,306.30999755859375,306.7200012207031,293.25970458984375,984800
2024-12-17,APD,APD,305.7699890136719,307.1000061035156,303.7799987792969,304.7099914550781,291.33795166015625,924200
2024-12-18,APD,APD,304.69000244140625,305.2300109863281,294.6700134277344,295.30999755859375,282.3504638671875,1043200
2024-12-19,APD,APD,296.1499938964844,297.80999755859375,292.6199951171875,293.1700134277344,280.30438232421875,1041300
2024-12-20,APD,APD,292.9100036621094,297.3500061035156,292.510009765625,294.989990234375,282.0444641113281,2258700
2024-12-23,APD,APD,293.4200134277344,295.0,290.739990234375,293.54998779296875,280.66766357421875,797200
2024-12-24,APD,APD,293.1199951171875,296.0199890136719,292.29998779296875,296.0199890136719,283.02923583984375,296100
2024-12-26,APD,APD,294.8399963378906,296.20001220703125,294.1600036621094,295.0799865722656,282.13055419921875,418500
2024-12-27,APD,APD,293.1700134277344,295.8299865722656,291.4200134277344,292.80999755859375,279.9601745605469,457000
2024-12-30,APD,APD,291.9800109863281,291.9800109863281,287.8900146484375,288.69000244140625,276.0209655761719,816100
2024-12-31,APD,APD,289.9100036621094,290.92999267578125,288.17999267578125,290.0400085449219,277.3117370605469,777900
2025-01-02,APD,APD,286.55999755859375,290.2099914550781,282.8599853515625,283.2900085449219,272.5210876464844,918100
2025-01-03,APD,APD,283.7699890136719,287.45001220703125,282.5199890136719,283.9100036621094,273.11749267578125,1581600
2025-01-06,APD,APD,284.32000732421875,285.25,281.9700012207031,283.239990234375,272.4729309082031,1458200
2025-01-07,APD,APD,285.8500061035156,292.3800048828125,285.0899963378906,286.3299865722656,275.4454345703125,1260200
2025-01-08,APD,APD,286.2900085449219,287.2699890136719,284.2300109863281,285.25,274.40655517578125,1041700
2025-01-10,APD,APD,293.7200012207031,295.2200012207031,290.0,293.0799865722656,281.9388732910156,2423500
2025-01-13,APD,APD,293.75,302.0299987792969,292.92999267578125,301.739990234375,290.2696838378906,2290700
2025-01-14,APD,APD,306.29998779296875,309.2300109863281,304.4100036621094,307.9599914550781,296.2532043457031,1949300
2025-01-15,APD,APD,308.4599914550781,311.32000732421875,300.20001220703125,306.8999938964844,295.2335205078125,2212000
2025-01-16,APD,APD,309.2099914550781,312.20001220703125,306.29998779296875,312.05999755859375,300.1973876953125,1237800
2025-01-17,APD,APD,314.5,318.0899963378906,311.3299865722656,317.79998779296875,305.7191467285156,2315400
2025-01-21,APD,APD,318.9200134277344,321.010009765625,318.25,319.760009765625,307.60467529296875,1975100
2025-01-22,APD,APD,320.6600036621094,320.6600036621094,314.55999755859375,316.989990234375,304.9399719238281,1621300
2025-01-23,APD,APD,319.5400085449219,324.20001220703125,314.2900085449219,324.0,311.6834716796875,2269800
2025-01-24,APD,APD,326.0899963378906,329.94000244140625,325.4200134277344,329.260009765625,316.7434997558594,2052100
2025-01-27,APD,APD,325.69000244140625,328.0400085449219,320.44000244140625,326.6199951171875,314.2038879394531,2109300
2025-01-28,APD,APD,328.7099914550781,328.7099914550781,324.739990234375,327.0,314.5694580078125,1699600
2025-01-29,APD,APD,327.3500061035156,327.8500061035156,324.1499938964844,327.30999755859375,314.8677062988281,1650100
2025-01-30,APD,APD,326.6700134277344,335.2300109863281,325.6300048828125,335.1000061035156,322.3615417480469,1381400
2025-01-31,APD,APD,336.4100036621094,338.0,333.3299865722656,335.260009765625,322.5154724121094,2367600
2025-02-03,APD,APD,330.8800048828125,339.1000061035156,329.19000244140625,338.07000732421875,325.2186279296875,1789800
2025-02-04,APD,APD,337.29998779296875,341.1400146484375,335.1300048828125,335.6700134277344,322.9098815917969,2022100
2025-02-05,APD,APD,333.8999938964844,336.07000732421875,330.4800109863281,333.1499938964844,320.48565673828125,2117800
2025-02-06,APD,APD,329.92999267578125,336.6400146484375,317.9700012207031,328.1300048828125,315.656494140625,2662800
2025-02-07,APD,APD,319.8999938964844,320.05999755859375,307.5199890136719,310.44000244140625,298.6389465332031,2902800
2025-02-10,APD,APD,310.70001220703125,311.2900085449219,303.9200134277344,310.54998779296875,298.7447814941406,2782700
2025-02-11,APD,APD,309.3900146484375,311.75,307.54998779296875,309.489990234375,297.72503662109375,1265900
2025-02-12,APD,APD,306.510009765625,311.4200134277344,306.510009765625,310.3500061035156,298.5523681640625,1372800
2025-02-13,APD,APD,312.260009765625,316.1199951171875,310.25,315.1600036621094,303.1795349121094,900300
2025-02-14,APD,APD,316.3999938964844,318.4100036621094,315.07000732421875,316.1199951171875,304.10302734375,1171400
2025-02-18,APD,APD,316.0,317.3500061035156,311.67999267578125,317.0,304.9495544433594,1260200
2025-02-19,APD,APD,314.82000732421875,317.2200012207031,313.4100036621094,317.04998779296875,304.9976806640625,971500
2025-02-20,APD,APD,316.1700134277344,317.70001220703125,313.4599914550781,314.2799987792969,302.33294677734375,1073500
2025-02-21,APD,APD,314.04998779296875,314.760009765625,306.4800109863281,309.8900146484375,298.1098327636719,1392900
2025-02-24,APD,APD,308.8699951171875,311.32000732421875,305.69000244140625,309.3900146484375,297.6288757324219,933100
2025-02-25,APD,APD,309.75,318.25,309.75,317.3599853515625,305.2958984375,1257300
2025-02-26,APD,APD,317.29998779296875,317.3800048828125,313.0400085449219,313.8500061035156,301.91937255859375,950000
2025-02-27,APD,APD,312.7099914550781,315.8999938964844,311.3299865722656,312.4100036621094,300.5340576171875,1048100
2025-02-28,APD,APD,313.2699890136719,316.739990234375,311.25,316.1499938964844,304.1318664550781,1375100
2025-03-03,APD,APD,319.07000732421875,321.4700012207031,309.42999267578125,310.6499938964844,298.8409423828125,1222500
2025-03-04,APD,APD,311.25,312.3399963378906,304.6700134277344,305.3500061035156,293.7424621582031,1618600
2025-03-05,APD,APD,307.05999755859375,314.9200134277344,305.57000732421875,311.5799865722656,299.7356262207031,2285900
2025-03-06,APD,APD,310.5299987792969,312.6499938964844,307.989990234375,310.9599914550781,299.13922119140625,1378200
2025-03-07,APD,APD,309.9700012207031,318.6600036621094,309.80999755859375,316.4100036621094,304.38201904296875,1383800
2025-03-10,APD,APD,312.94000244140625,316.3900146484375,301.42999267578125,303.7099914550781,292.1647644042969,1591400
2025-03-11,APD,APD,303.6400146484375,304.6300048828125,296.8900146484375,298.0799865722656,286.7488098144531,1128400
2025-03-12,APD,APD,298.5899963378906,299.1000061035156,292.6700134277344,294.6499938964844,283.44915771484375,859500
2025-03-13,APD,APD,294.6499938964844,296.3399963378906,291.7300109863281,292.8500061035156,281.7176208496094,1081700
2025-03-14,APD,APD,293.8999938964844,294.6300048828125,290.1000061035156,291.9200134277344,280.822998046875,1143900
2025-03-17,APD,APD,291.75,297.0199890136719,289.9599914550781,295.6199951171875,284.3822937011719,1178800
2025-03-18,APD,APD,296.3999938964844,296.3999938964844,289.3900146484375,291.82000732421875,280.726806640625,1356200
2025-03-19,APD,APD,291.82000732421875,295.07000732421875,290.6400146484375,294.0,282.82391357421875,1028500
2025-03-20,APD,APD,292.2900085449219,294.45001220703125,290.260009765625,292.9200134277344,281.78497314453125,860600
2025-03-21,APD,APD,290.760009765625,291.67999267578125,287.3500061035156,291.6499938964844,280.563232421875,2875100
2025-03-24,APD,APD,293.80999755859375,294.94000244140625,291.7200012207031,293.45001220703125,282.2947998046875,1023000
2025-03-25,APD,APD,294.5799865722656,294.5799865722656,291.07000732421875,293.1600036621094,282.0158386230469,791000
2025-03-26,APD,APD,293.3999938964844,295.989990234375,292.25,295.260009765625,284.0360107421875,789000
2025-03-27,APD,APD,294.95001220703125,297.4100036621094,292.29998779296875,295.1199951171875,283.90130615234375,627800
2025-03-28,APD,APD,296.07000732421875,297.0,292.0899963378906,292.2699890136719,281.1596374511719,604700
2025-03-31,APD,APD,290.69000244140625,296.3900146484375,288.5899963378906,294.9200134277344,283.70892333984375,1150100
2025-04-01,APD,APD,290.8599853515625,294.5799865722656,289.0899963378906,293.45001220703125,284.0186462402344,702100
2025-04-02,APD,APD,291.3999938964844,295.3699951171875,290.3500061035156,294.9599914550781,285.4801330566406,751400
2025-04-03,APD,APD,289.25,291.4599914550781,282.1700134277344,283.20001220703125,274.0980529785156,1067300
2025-04-04,APD,APD,278.6700134277344,279.2300109863281,262.69000244140625,263.4700012207031,255.002197265625,1762300
2025-04-07,APD,APD,259.04998779296875,267.1400146484375,249.11000061035156,259.1000061035156,250.77264404296875,2081000
2025-04-08,APD,APD,266.760009765625,266.760009765625,243.69000244140625,248.61000061035156,240.6197967529297,1670700
2025-04-09,APD,APD,247.1300048828125,270.9599914550781,244.6300048828125,270.20001220703125,261.51593017578125,2285500
2025-04-10,APD,APD,267.7699890136719,268.6600036621094,257.05999755859375,262.0400085449219,253.61813354492188,1854500
2025-04-11,APD,APD,263.7099914550781,271.2099914550781,260.3299865722656,269.010009765625,260.3641357421875,1003100
2025-04-14,APD,APD,272.07000732421875,274.510009765625,269.2200012207031,272.5799865722656,263.81939697265625,818000
2025-04-15,APD,APD,267.0199890136719,271.0,265.239990234375,265.29998779296875,256.77337646484375,1305300
2025-04-16,APD,APD,265.9100036621094,268.1400146484375,259.0,261.32000732421875,252.92127990722656,1556800
2025-04-17,APD,APD,263.4200134277344,265.739990234375,262.3599853515625,262.8999938964844,254.45050048828125,2233300
2025-04-21,APD,APD,261.3900146484375,262.8999938964844,254.0399932861328,257.5799865722656,249.3014678955078,1082900
2025-04-22,APD,APD,259.8999938964844,267.3900146484375,259.0799865722656,265.3599853515625,256.8314208984375,1463900
2025-04-23,APD,APD,269.70001220703125,273.5899963378906,262.9200134277344,264.739990234375,256.23138427734375,1001400
2025-04-24,APD,APD,265.8999938964844,269.3299865722656,263.1099853515625,268.8500061035156,260.20928955078125,813600
2025-04-25,APD,APD,266.6499938964844,268.6000061035156,264.739990234375,267.1099853515625,258.5251770019531,668500
2025-04-28,APD,APD,267.6600036621094,270.05999755859375,265.1099853515625,269.45001220703125,260.7900085449219,916100
2025-04-29,APD,APD,270.1600036621094,273.0799865722656,268.5,270.92999267578125,262.222412109375,1145900
2025-04-30,APD,APD,267.7200012207031,272.0799865722656,264.760009765625,271.0899963378906,262.3772888183594,2560300
2025-05-01,APD,APD,258.6199951171875,277.1000061035156,254.00999450683594,272.1600036621094,263.41290283203125,3669700
2025-05-02,APD,APD,272.5,281.6199951171875,272.260009765625,277.6199951171875,268.6974182128906,1446900
2025-05-05,APD,APD,274.1600036621094,276.8399963378906,271.8999938964844,272.2099914550781,263.4612731933594,960400
2025-05-06,APD,APD,272.1700134277344,274.8299865722656,266.6600036621094,267.6199951171875,259.018798828125,1185200
2025-05-07,APD,APD,267.6400146484375,268.989990234375,262.989990234375,264.6099853515625,256.1054992675781,1379200
2025-05-08,APD,APD,266.5400085449219,271.9599914550781,264.510009765625,269.6400146484375,260.973876953125,1073400
2025-05-09,APD,APD,270.30999755859375,272.4800109863281,269.3599853515625,271.1300048828125,262.416015625,913100
2025-05-12,APD,APD,278.2300109863281,281.760009765625,273.8500061035156,276.2099914550781,267.3327331542969,1358300
2025-05-13,APD,APD,276.20001220703125,277.05999755859375,273.2799987792969,273.6400146484375,264.8453369140625,868300
2025-05-14,APD,APD,272.4200134277344,272.6700134277344,268.1400146484375,271.4800109863281,262.7547302246094,944300
2025-05-15,APD,APD,271.0,275.4599914550781,270.3900146484375,274.4200134277344,265.60028076171875,1253500
2025-05-16,APD,APD,274.1700134277344,278.9700012207031,272.3900146484375,278.92999267578125,269.9653015136719,918200
2025-05-19,APD,APD,276.19000244140625,278.6400146484375,276.1300048828125,277.3299865722656,268.4167175292969,732600
2025-05-20,APD,APD,276.7200012207031,277.67999267578125,274.8999938964844,275.6700134277344,266.8100891113281,1050700
2025-05-21,APD,APD,273.8999938964844,274.8900146484375,269.4100036621094,269.6700134277344,261.0029296875,605000
2025-05-22,APD,APD,268.7900085449219,270.05999755859375,265.57000732421875,269.239990234375,260.58673095703125,1016700
2025-05-23,APD,APD,267.0400085449219,270.8500061035156,266.8399963378906,269.8399963378906,261.1674499511719,527600
2025-05-27,APD,APD,271.6199951171875,274.82000732421875,271.489990234375,274.55999755859375,265.7357482910156,788100
2025-05-28,APD,APD,275.0,276.6300048828125,271.42999267578125,271.760009765625,263.0257568359375,1454900
2025-05-29,APD,APD,272.30999755859375,273.6700134277344,268.5199890136719,273.1700134277344,264.39044189453125,1291800
2025-05-30,APD,APD,274.6199951171875,279.45001220703125,271.1099853515625,278.9100036621094,269.9459228515625,2872900
2025-06-02,APD,APD,278.6400146484375,279.0,275.54998779296875,278.70001220703125,269.7427062988281,1346400
2025-06-03,APD,APD,278.1700134277344,283.6300048828125,276.5400085449219,283.2900085449219,274.1851806640625,1395600
2025-06-04,APD,APD,283.70001220703125,284.8999938964844,279.739990234375,280.2099914550781,271.20416259765625,1401300
2025-06-05,APD,APD,280.8399963378906,283.1199951171875,275.9200134277344,276.2200012207031,267.3424377441406,1151300
2025-06-06,APD,APD,279.260009765625,281.5199890136719,277.6700134277344,279.7799987792969,270.7879638671875,1078600
2025-06-09,APD,APD,279.3999938964844,281.760009765625,277.7200012207031,279.9200134277344,270.92352294921875,1101200
2025-06-10,APD,APD,280.260009765625,282.2200012207031,278.2900085449219,281.8800048828125,272.82049560546875,1340900
2025-06-11,APD,APD,281.6700134277344,283.7200012207031,279.70001220703125,282.2099914550781,273.139892578125,1069800
2025-06-12,APD,APD,280.7900085449219,284.1000061035156,279.1400146484375,283.2799987792969,274.1755065917969,678400
2025-06-13,APD,APD,283.8999938964844,285.0299987792969,279.2699890136719,280.3699951171875,271.3590393066406,932900
2025-06-16,APD,APD,283.07000732421875,284.0,278.760009765625,280.42999267578125,271.4170837402344,889400
2025-06-17,APD,APD,279.67999267578125,280.3900146484375,277.010009765625,277.04998779296875,268.14569091796875,1154600
2025-06-18,APD,APD,277.3500061035156,279.2200012207031,275.20001220703125,275.3800048828125,266.5293884277344,718800
2025-06-20,APD,APD,276.04998779296875,276.25,270.4700012207031,270.5,261.8062438964844,2050300
2025-06-23,APD,APD,270.0,273.3699951171875,266.5400085449219,273.17999267578125,264.4001159667969,1133000
2025-06-24,APD,APD,274.42999267578125,281.0199890136719,273.1300048828125,281.0,271.9687805175781,1580700
2025-06-25,APD,APD,281.0,282.70001220703125,280.2099914550781,282.0,272.9366455078125,1617300
2025-06-26,APD,APD,282.75,283.3399963378906,280.9599914550781,283.0,273.90447998046875,1462800
2025-06-27,APD,APD,282.1499938964844,284.75,281.4200134277344,282.3500061035156,273.275390625,2433400
2025-06-30,APD,APD,281.1300048828125,283.32000732421875,278.1000061035156,282.05999755859375,272.99468994140625,1286100
2025-07-01,APD,APD,278.44000244140625,287.2300109863281,276.489990234375,285.4700012207031,278.0597229003906,1324400
2025-07-02,APD,APD,286.0400085449219,290.510009765625,285.05999755859375,290.29998779296875,282.76434326171875,1113800
2025-07-03,APD,APD,288.4599914550781,292.6700134277344,288.4599914550781,291.8399963378906,284.26434326171875,682400
2025-07-07,APD,APD,290.3800048828125,291.29998779296875,287.54998779296875,289.0199890136719,281.517578125,979700
2025-07-08,APD,APD,290.3399963378906,292.9599914550781,287.8800048828125,292.3500061035156,284.7611083984375,968300
2025-07-09,APD,APD,292.82000732421875,295.54998779296875,290.4700012207031,294.239990234375,286.60205078125,1040400
2025-07-10,APD,APD,294.6199951171875,297.3800048828125,293.6000061035156,294.1000061035156,286.4656982421875,982100
2025-07-11,APD,APD,291.6099853515625,292.4200134277344,288.75,291.9700012207031,284.3910217285156,1042300
2025-07-14,APD,APD,290.3800048828125,292.1000061035156,288.8999938964844,290.79998779296875,283.2513732910156,617600
2025-07-15,APD,APD,292.0400085449219,292.0400085449219,284.25,286.6499938964844,279.2090759277344,816900
2025-07-16,APD,APD,286.6400146484375,289.8800048828125,284.8900146484375,288.989990234375,281.4883117675781,959400
2025-07-17,APD,APD,288.2699890136719,294.0,288.2699890136719,293.5799865722656,285.95916748046875,1254300
2025-07-18,APD,APD,292.9200134277344,296.07000732421875,291.5,295.30999755859375,287.644287109375,2097600
2025-07-21,APD,APD,296.0899963378906,297.0199890136719,293.6000061035156,293.7200012207031,286.0955810546875,727900
2025-07-22,APD,APD,294.0299987792969,298.25,293.8299865722656,298.1300048828125,290.3910827636719,739400
2025-07-23,APD,APD,299.5400085449219,300.5199890136719,297.0299987792969,297.8900146484375,290.1573486328125,654600
2025-07-24,APD,APD,297.29998779296875,298.4599914550781,295.2099914550781,297.2200012207031,289.5047302246094,686600
2025-07-25,APD,APD,297.4800109863281,299.5299987792969,294.54998779296875,299.239990234375,291.4722595214844,713000
2025-07-28,APD,APD,297.8299865722656,297.8699951171875,294.69000244140625,295.55999755859375,287.8878173828125,661900
2025-07-29,APD,APD,296.04998779296875,296.489990234375,293.4599914550781,295.19000244140625,287.5274353027344,654100
2025-07-30,APD,APD,294.7799987792969,294.7799987792969,288.32000732421875,290.1300048828125,282.5987548828125,1539800
2025-07-31,APD,APD,292.5400085449219,296.510009765625,285.989990234375,287.8800048828125,280.4071960449219,1544300
2025-08-01,APD,APD,285.1700134277344,285.1700134277344,278.3999938964844,281.75,274.4363098144531,1072200
2025-08-04,APD,APD,282.2799987792969,287.6400146484375,282.2799987792969,287.4800109863281,280.017578125,855500
2025-08-05,APD,APD,289.0,293.0199890136719,289.0,292.4800109863281,284.8878173828125,773500
2025-08-06,APD,APD,293.1700134277344,293.2799987792969,288.9599914550781,289.04998779296875,281.5467834472656,560600
2025-08-07,APD,APD,292.0,293.1400146484375,287.7699890136719,288.55999755859375,281.06951904296875,670700
2025-08-08,APD,APD,288.8399963378906,290.2900085449219,287.3800048828125,288.739990234375,281.24481201171875,1372200
2025-08-11,APD,APD,288.8699951171875,290.0199890136719,280.760009765625,283.95001220703125,276.5791931152344,1115100
2025-08-12,APD,APD,285.3399963378906,289.6000061035156,284.1499938964844,289.2699890136719,281.7610778808594,1061400
2025-08-13,APD,APD,289.8399963378906,294.25,288.760009765625,294.2099914550781,286.5728759765625,902500
2025-08-14,APD,APD,291.9200134277344,292.4100036621094,288.3599853515625,292.1700134277344,284.5858154296875,1208300
2025-08-15,APD,APD,293.19000244140625,293.2900085449219,289.9800109863281,290.4599914550781,282.920166015625,1033300
2025-08-18,APD,APD,288.1000061035156,290.3800048828125,287.1099853515625,288.1400146484375,280.6604309082031,607200
2025-08-19,APD,APD,288.5799865722656,291.7300109863281,288.1700134277344,290.2200012207031,282.6864318847656,962400
2025-08-20,APD,APD,290.57000732421875,294.3900146484375,289.2699890136719,292.3699951171875,284.7806091308594,534100
2025-08-21,APD,APD,290.9599914550781,293.6700134277344,290.260009765625,293.5199890136719,285.9007263183594,777200
2025-08-22,APD,APD,295.0,301.1099853515625,294.57000732421875,299.29998779296875,291.53070068359375,765200
2025-08-25,APD,APD,298.80999755859375,300.0,293.54998779296875,294.1700134277344,286.5339050292969,403800
2025-08-26,APD,APD,293.739990234375,294.6000061035156,292.8399963378906,293.9700012207031,286.3390808105469,660700
2025-08-27,APD,APD,293.05999755859375,295.6199951171875,293.05999755859375,294.5899963378906,286.9429931640625,543300
2025-08-28,APD,APD,295.4200134277344,297.29998779296875,293.25,295.0199890136719,287.36181640625,541700
2025-08-29,APD,APD,295.510009765625,296.3900146484375,293.1700134277344,294.1099853515625,286.4754333496094,510800
2025-09-02,APD,APD,292.1300048828125,293.4599914550781,290.9599914550781,292.19000244140625,284.60528564453125,868500
2025-09-03,APD,APD,291.2300109863281,292.6000061035156,290.42999267578125,291.2799987792969,283.7189025878906,606700
2025-09-04,APD,APD,291.6600036621094,291.989990234375,286.2200012207031,289.9700012207031,282.4429016113281,579600
2025-09-05,APD,APD,290.9599914550781,292.69000244140625,287.9700012207031,289.8599853515625,282.3357849121094,544500
2025-09-08,APD,APD,289.3699951171875,289.3699951171875,286.1600036621094,288.9100036621094,281.4104309082031,717200
2025-09-09,APD,APD,288.29998779296875,289.010009765625,285.3699951171875,287.1400146484375,279.6864013671875,440300
2025-09-10,APD,APD,285.5299987792969,288.30999755859375,283.7300109863281,287.5,280.03704833984375,801600
2025-09-11,APD,APD,288.0,294.8900146484375,286.7699890136719,294.5199890136719,286.8747863769531,716400
2025-09-12,APD,APD,295.70001220703125,298.30999755859375,292.75,292.82000732421875,285.2189025878906,985800
2025-09-15,APD,APD,294.05999755859375,296.69000244140625,289.42999267578125,289.5199890136719,282.00457763671875,1002600
2025-09-16,APD,APD,288.42999267578125,290.3599853515625,282.6400146484375,284.95001220703125,277.55322265625,735900
2025-09-17,APD,APD,286.4800109863281,294.7099914550781,284.3699951171875,290.6300048828125,283.0857849121094,957100
2025-09-18,APD,APD,290.2799987792969,293.05999755859375,288.010009765625,292.45001220703125,284.8585510253906,678000
2025-09-19,APD,APD,293.0,293.07000732421875,288.6700134277344,290.1499938964844,282.61822509765625,1374400
2025-09-22,APD,APD,287.9100036621094,290.9599914550781,286.29998779296875,287.489990234375,280.02728271484375,834800
2025-09-23,APD,APD,288.05999755859375,288.55999755859375,274.7099914550781,276.5799865722656,269.4004821777344,1911900
2025-09-24,APD,APD,278.1000061035156,278.1000061035156,271.29998779296875,272.2799987792969,265.2121276855469,1284300
2025-09-25,APD,APD,271.260009765625,271.7099914550781,265.32000732421875,265.7799987792969,258.8808288574219,1973500
2025-09-26,APD,APD,267.1199951171875,269.2099914550781,265.1000061035156,266.7799987792969,259.8548889160156,1178700
2025-09-29,APD,APD,267.760009765625,273.5199890136719,266.4200134277344,270.4800109863281,263.4588623046875,1949200
2025-09-30,APD,APD,269.94000244140625,272.8800048828125,268.6099853515625,272.7200012207031,265.6406555175781,1616100
2025-10-01,APD,APD,269.4599914550781,272.3599853515625,265.9100036621094,268.70001220703125,263.4542236328125,1216000
2025-10-02,APD,APD,267.67999267578125,274.8299865722656,267.67999267578125,270.6000061035156,265.317138671875,1421300
2025-10-03,APD,APD,269.8299865722656,272.0199890136719,268.2699890136719,271.4700012207031,266.1701354980469,841900
2025-10-06,APD,APD,271.3500061035156,273.6099853515625,270.1499938964844,270.95001220703125,265.6603088378906,909000
2025-10-07,APD,APD,270.29998779296875,273.1600036621094,269.2900085449219,270.8900146484375,265.6014709472656,745500
2025-10-08,APD,APD,269.79998779296875,270.1000061035156,267.739990234375,268.5799865722656,263.3365478515625,853800
2025-10-09,APD,APD,268.1400146484375,269.4599914550781,261.6000061035156,262.7099914550781,257.5811462402344,1069500
2025-10-10,APD,APD,262.92999267578125,264.07000732421875,256.9599914550781,257.0799865722656,252.06106567382812,896100
2025-10-13,APD,APD,259.42999267578125,262.489990234375,258.739990234375,260.8599853515625,255.76727294921875,856000
2025-10-14,APD,APD,258.1000061035156,266.1000061035156,258.010009765625,262.0,256.8850402832031,1343400
2025-10-15,APD,APD,262.7900085449219,264.55999755859375,255.44000244140625,257.4100036621094,252.38462829589844,1161800
2025-10-16,APD,APD,256.0899963378906,257.0,251.75999450683594,253.17999267578125,248.23721313476562,2119300
2025-10-17,APD,APD,254.02000427246094,255.4600067138672,251.16000366210938,253.1999969482422,248.25682067871094,1324500
2025-10-20,APD,APD,254.22999572753906,255.32000732421875,252.83999633789062,254.2100067138672,249.2471160888672,969100
2025-10-21,APD,APD,254.2100067138672,256.8399963378906,253.55999755859375,254.7100067138672,249.7373504638672,1058700
2025-10-22,APD,APD,254.0399932861328,255.22000122070312,252.30999755859375,253.14999389648438,248.2078094482422,1098300
2025-10-23,APD,APD,254.5399932861328,255.7899932861328,251.72999572753906,254.92999267578125,249.95303344726562,956400
2025-10-24,APD,APD,255.3800048828125,256.8999938964844,253.5800018310547,254.91000366210938,249.93344116210938,829500
2025-10-27,APD,APD,255.75,257.45001220703125,254.60000610351562,255.75999450683594,250.766845703125,914700
2025-10-28,APD,APD,255.75,256.94000244140625,253.80999755859375,254.42999267578125,249.46279907226562,996600
2025-10-29,APD,APD,253.6300048828125,254.1300048828125,247.8300018310547,248.33999633789062,243.49171447753906,1142900
2025-10-30,APD,APD,246.8300018310547,248.69000244140625,244.39999389648438,244.66000366210938,239.88356018066406,1090500
2025-10-31,APD,APD,244.02000427246094,244.02000427246094,239.02999877929688,242.58999633789062,237.8539581298828,2161500
2025-11-03,APD,APD,241.91000366210938,242.07000732421875,235.97000122070312,239.36000061035156,234.68702697753906,1472900
2025-11-04,APD,APD,238.50999450683594,241.3000030517578,237.11000061035156,240.77000427246094,236.0695037841797,1720000
2025-11-05,APD,APD,240.77000427246094,241.47999572753906,235.5500030517578,237.55999755859375,232.9221649169922,2160000
2025-11-06,APD,APD,249.38999938964844,264.30999755859375,249.2899932861328,258.7900085449219,253.73770141601562,4254500
2025-11-07,APD,APD,256.6400146484375,260.739990234375,255.0,259.739990234375,254.6691131591797,1666900
2025-11-10,APD,APD,260.54998779296875,261.0199890136719,256.4599914550781,258.42999267578125,253.3847198486328,1208400
2025-11-11,APD,APD,259.5,265.0799865722656,257.9100036621094,262.2300109863281,257.1105651855469,1113700
2025-11-12,APD,APD,262.5199890136719,265.7900085449219,261.1600036621094,261.54998779296875,256.44378662109375,983100
2025-11-13,APD,APD,260.0,264.29998779296875,260.0,263.0299987792969,257.8949279785156,1255600
2025-11-14,APD,APD,261.989990234375,263.1499938964844,258.67999267578125,259.3399963378906,254.27694702148438,843100
2025-11-17,APD,APD,258.2799987792969,258.6400146484375,252.63999938964844,253.08999633789062,248.1489715576172,1200100
2025-11-18,APD,APD,251.32000732421875,254.0,249.1999969482422,252.16000366210938,247.2371368408203,1008100
2025-11-19,APD,APD,252.6199951171875,253.75,250.02999877929688,253.25,248.30584716796875,965500
2025-11-20,APD,APD,254.07000732421875,258.55999755859375,250.88999938964844,251.08999633789062,246.18801879882812,1156400
2025-11-21,APD,APD,252.22000122070312,257.7699890136719,251.3800048828125,257.3699951171875,252.3454132080078,1780800
2025-11-24,APD,APD,256.3800048828125,257.32000732421875,252.7100067138672,256.5799865722656,251.57083129882812,1633600
2025-11-25,APD,APD,258.4800109863281,259.8800048828125,257.0,258.92999267578125,253.87496948242188,1234000
2025-11-26,APD,APD,258.29998779296875,260.8299865722656,257.57000732421875,258.9599914550781,253.90438842773438,725700
2025-11-28,APD,APD,260.1600036621094,262.2900085449219,258.9700012207031,261.04998779296875,255.95355224609375,457300
2025-12-01,APD,APD,260.0,263.07000732421875,259.5,260.8599853515625,255.76727294921875,1284800
2025-12-02,APD,APD,260.8399963378906,261.1000061035156,256.2300109863281,256.7699890136719,251.7571258544922,1044500
2025-12-03,APD,APD,257.82000732421875,261.54998779296875,257.6600036621094,260.3500061035156,255.26724243164062,1465400
2025-12-04,APD,APD,260.3699951171875,262.5400085449219,258.0,261.6199951171875,256.512451171875,1354100
2025-12-05,APD,APD,261.5199890136719,265.5199890136719,260.3299865722656,260.69000244140625,255.6005859375,1315500
2025-12-08,APD,APD,255.02000427246094,256.7200012207031,230.35000610351562,236.0500030517578,231.441650390625,4138200
2025-12-09,APD,APD,236.50999450683594,240.19000244140625,230.0500030517578,230.75999450683594,226.25491333007812,3329700
2025-12-10,APD,APD,229.82000732421875,237.24000549316406,229.11000061035156,236.7100067138672,232.08876037597656,3623000
2025-12-11,APD,APD,239.0,243.80999755859375,238.11000061035156,243.72999572753906,238.97169494628906,1911200
2025-12-12,APD,APD,242.8800048828125,244.5,239.92999267578125,243.0,238.25595092773438,3053500
2025-12-15,APD,APD,240.9199981689453,245.11000061035156,239.92999267578125,245.00999450683594,240.22671508789062,2099000
2025-12-16,APD,APD,243.2899932861328,245.24000549316406,238.89999389648438,242.25,237.52061462402344,2690300
2025-12-17,APD,APD,242.25,247.72000122070312,241.61000061035156,246.3800048828125,241.56997680664062,2454100
2025-12-18,APD,APD,247.85000610351562,249.1699981689453,243.66000366210938,243.75,238.99131774902344,1892300
2025-12-19,APD,APD,241.61000061035156,243.47999572753906,238.60000610351562,239.9600067138672,235.2753143310547,2972700
2025-12-22,APD,APD,239.9600067138672,245.7100067138672,239.49000549316406,244.77999877929688,240.001220703125,1926500
2025-12-23,APD,APD,244.3800048828125,245.50999450683594,242.22000122070312,244.77000427246094,239.9914093017578,919800
2025-12-24,APD,APD,244.77999877929688,246.25999450683594,244.14999389648438,245.83999633789062,241.04051208496094,645500
2025-12-26,APD,APD,246.91000366210938,247.94000244140625,245.0,247.4199981689453,242.5896759033203,950800
2025-12-29,APD,APD,247.0,248.8000030517578,246.0500030517578,247.85000610351562,243.0112762451172,1303200
2025-12-30,APD,APD,247.85000610351562,249.58999633789062,246.55999755859375,248.82000732421875,243.96234130859375,1077700
2025-12-31,APD,APD,248.47999572753906,249.61000061035156,246.9199981689453,247.02000427246094,242.19749450683594,876800
2026-01-02,APD,APD,245.27999877929688,251.44000244140625,242.33999633789062,250.47000122070312,247.3726806640625,1407600
2026-01-05,APD,APD,247.8000030517578,255.97000122070312,247.4499969482422,253.83999633789062,250.7010040283203,1606300
2026-01-06,APD,APD,254.22000122070312,260.1600036621094,252.4499969482422,258.3599853515625,255.1650848388672,1531000
2026-01-07,APD,APD,257.9599914550781,262.7699890136719,255.22999572753906,261.8699951171875,258.6317138671875,2065700
2026-01-08,APD,APD,262.82000732421875,265.1600036621094,259.05999755859375,261.2200012207031,257.98974609375,1543500
2026-01-09,APD,APD,260.2699890136719,265.70001220703125,260.05999755859375,263.7200012207031,260.4588317871094,1505500
2026-01-12,APD,APD,263.5,267.67999267578125,261.7900085449219,267.0400085449219,263.73779296875,1475400
2026-01-13,APD,APD,266.760009765625,268.5799865722656,264.45001220703125,266.17999267578125,262.888427734375,1045200
2026-01-14,APD,APD,266.2799987792969,270.8800048828125,265.9100036621094,267.25,263.9451904296875,1417400
2026-01-15,APD,APD,268.0,269.67999267578125,264.45001220703125,265.9800109863281,262.6908874511719,1229900
2026-01-16,APD,APD,264.0,267.8500061035156,264.0,267.5299987792969,264.2217102050781,1459800
2026-01-20,APD,APD,263.989990234375,265.8500061035156,256.5899963378906,258.17999267578125,254.98733520507812,1987000
2026-01-21,APD,APD,261.19000244140625,264.3699951171875,258.55999755859375,263.1099853515625,259.8563537597656,1233500
2026-01-22,APD,APD,263.79998779296875,267.2200012207031,262.739990234375,264.0400085449219,260.7748718261719,1357200
2026-01-23,APD,APD,264.07000732421875,264.2099914550781,259.6000061035156,261.3500061035156,258.1181640625,1294800
2026-01-26,APD,APD,263.0,264.8699951171875,261.95001220703125,262.6199951171875,259.3724060058594,1229800
2026-01-27,APD,APD,261.5,263.5,258.5199890136719,259.1199951171875,255.91571044921875,899800
2026-01-28,APD,APD,259.3299865722656,260.5299987792969,253.94000244140625,255.88999938964844,252.7256622314453,2067400
2026-01-29,APD,APD,256.3599853515625,258.3500061035156,254.1999969482422,256.0199890136719,252.85403442382812,2621900
2026-01-30,APD,APD,267.3500061035156,273.8999938964844,262.6700134277344,272.5,269.1302490234375,2571400
2026-02-02,APD,APD,270.010009765625,275.1700134277344,267.92999267578125,270.989990234375,267.638916015625,1490000
2026-02-03,APD,APD,271.7900085449219,278.0400085449219,271.510009765625,277.9599914550781,274.522705078125,1683200
2026-02-04,APD,APD,279.989990234375,286.7099914550781,279.6300048828125,286.5899963378906,283.0459899902344,1634500
2026-02-05,APD,APD,287.2300109863281,287.80999755859375,282.1700134277344,283.5,279.9942321777344,1240400
2026-02-06,APD,APD,282.6400146484375,286.739990234375,281.3999938964844,283.1199951171875,279.6189270019531,995400
2026-02-09,APD,APD,282.07000732421875,286.8399963378906,280.6600036621094,286.3699951171875,282.8287353515625,1032600
2026-02-10,APD,APD,286.25,293.1300048828125,286.25,290.7699890136719,287.17431640625,915400
2026-02-11,APD,APD,290.1099853515625,294.67999267578125,289.07000732421875,293.1400146484375,289.5150451660156,856000
2026-02-12,APD,APD,294.0899963378906,296.4599914550781,289.760009765625,291.5,287.8952941894531,1182400
2026-02-13,APD,APD,283.8999938964844,286.8399963378906,274.0899963378906,279.739990234375,276.2807312011719,3299300
2026-02-17,APD,APD,281.75,281.75,275.7300109863281,277.69000244140625,274.256103515625,1601600
2026-02-18,APD,APD,279.45001220703125,282.82000732421875,278.6199951171875,282.3900146484375,278.8979797363281,1896200
2026-02-19,APD,APD,281.3599853515625,282.5,278.8299865722656,280.7200012207031,277.2486267089844,1140500
2026-02-20,APD,APD,279.92999267578125,283.7900085449219,278.79998779296875,281.17999267578125,277.7029113769531,1851000
2026-02-23,APD,APD,281.510009765625,284.5,280.95001220703125,283.25,279.747314453125,1370400
2026-02-24,APD,APD,284.54998779296875,284.8299865722656,278.79998779296875,279.4700012207031,276.0140686035156,1226400
2026-02-25,APD,APD,281.1300048828125,282.9200134277344,276.4800109863281,280.29998779296875,276.83380126953125,1920200
2026-02-26,APD,APD,281.2799987792969,282.5400085449219,274.2099914550781,276.2300109863281,272.81414794921875,1524400
2026-02-27,APD,APD,276.2300109863281,278.04998779296875,273.1300048828125,275.6700134277344,272.2610778808594,2034000
2026-03-02,APD,APD,273.8999938964844,277.2699890136719,271.1700134277344,276.42999267578125,273.01165771484375,1816600
2026-03-03,APD,APD,271.0,274.55999755859375,268.1199951171875,273.0400085449219,269.66357421875,1217200
2026-03-04,APD,APD,273.55999755859375,274.95001220703125,270.8599853515625,274.20001220703125,270.8092346191406,1175200
2026-03-05,APD,APD,272.6700134277344,278.1400146484375,272.5,276.3500061035156,272.9326477050781,1722200
2026-03-06,APD,APD,276.2699890136719,276.2699890136719,271.30999755859375,272.17999267578125,268.814208984375,1479800
2026-03-09,APD,APD,273.5,276.25,272.1700134277344,274.3999938964844,271.0067443847656,1791200
2026-03-10,APD,APD,273.7300109863281,277.1499938964844,270.54998779296875,275.1199951171875,271.71783447265625,1167900
2026-03-11,APD,APD,274.6099853515625,278.260009765625,271.17999267578125,277.69000244140625,274.256103515625,950200
2026-03-12,APD,APD,281.7799987792969,292.5899963378906,280.3299865722656,290.4800109863281,286.8879089355469,2780800
2026-03-13,APD,APD,295.75,296.82000732421875,286.8699951171875,287.9800109863281,284.4188537597656,1403100
2026-03-16,APD,APD,290.20001220703125,290.2900085449219,285.5299987792969,289.1600036621094,285.5842590332031,1225100
2026-03-17,APD,APD,291.6600036621094,292.010009765625,285.57000732421875,286.1499938964844,282.6114501953125,1019300
2026-03-18,APD,APD,285.75,288.70001220703125,281.3299865722656,281.4200134277344,277.9399719238281,1272800
2026-03-19,APD,APD,279.6600036621094,287.7699890136719,279.0,284.1499938964844,280.6361999511719,1508800
2026-03-20,APD,APD,287.07000732421875,287.07000732421875,279.1499938964844,281.010009765625,277.5350341796875,2422400
2026-03-23,APD,APD,284.1400146484375,284.9599914550781,277.5,278.6600036621094,275.2140808105469,1622300
2026-03-24,APD,APD,276.82000732421875,288.0400085449219,276.760009765625,286.25,282.7102355957031,1177200
2026-03-25,APD,APD,288.0,290.67999267578125,283.7099914550781,290.0899963378906,286.50274658203125,1004300
2026-03-26,APD,APD,289.7300109863281,295.25,289.7300109863281,293.1700134277344,289.544677734375,1665900
2026-03-27,APD,APD,292.69000244140625,294.7300109863281,290.3800048828125,292.19000244140625,288.5767822265625,981700
2026-03-30,APD,APD,294.1000061035156,296.3999938964844,291.4200134277344,291.55999755859375,287.9545593261719,1244900
2026-03-31,APD,APD,292.45001220703125,294.9700012207031,287.6400146484375,290.489990234375,286.89776611328125,1351300
2026-04-01,APD,APD,288.1400146484375,290.0899963378906,284.4100036621094,289.42999267578125,287.6431579589844,1727800
2026-04-02,APD,APD,291.5,296.4599914550781,290.6499938964844,293.54998779296875,291.7377014160156,1487200
2026-04-06,APD,APD,292.07000732421875,294.1700134277344,289.5,294.1199951171875,292.30419921875,812000
2026-04-07,APD,APD,294.6400146484375,296.3900146484375,291.3399963378906,292.3900146484375,290.58489990234375,1262000
2026-04-08,APD,APD,285.6099853515625,296.6199951171875,281.25,296.6099853515625,294.77880859375,1588900
2026-04-09,APD,APD,295.0,301.25,293.7200012207031,297.739990234375,295.90185546875,1047100
2026-04-10,APD,APD,299.0,299.6700134277344,295.69000244140625,298.7099914550781,296.8658447265625,863300
2026-04-13,APD,APD,299.1099853515625,301.0,296.9599914550781,298.6499938964844,296.80621337890625,1011400
2026-04-14,APD,APD,297.5,297.5,292.5299987792969,296.6300048828125,294.7987060546875,972800
2026-04-15,APD,APD,296.2099914550781,296.9800109863281,293.2900085449219,295.2099914550781,293.387451171875,1044100
2026-04-16,APD,APD,295.989990234375,298.6000061035156,295.8299865722656,297.239990234375,295.4049377441406,826400
2026-04-17,APD,APD,289.8800048828125,294.8999938964844,288.6499938964844,291.80999755859375,290.0084533691406,1203700
2026-04-20,APD,APD,294.9700012207031,298.6199951171875,294.0,296.1499938964844,294.3216552734375,907500
2026-04-21,APD,APD,296.0,298.9599914550781,293.4599914550781,294.7799987792969,292.9601135253906,969100
2026-04-22,APD,APD,296.29998779296875,297.510009765625,294.3699951171875,296.760009765625,294.92791748046875,933000
2026-04-23,APD,APD,299.5299987792969,304.0,297.32000732421875,303.6499938964844,301.7753601074219,869200
2026-04-24,APD,APD,302.79998779296875,304.57000732421875,300.8900146484375,301.760009765625,299.89703369140625,744100
2026-04-27,APD,APD,305.5,307.2900085449219,301.2200012207031,302.3800048828125,300.5132141113281,897300
2026-04-28,APD,APD,305.07000732421875,306.1099853515625,299.3800048828125,303.3500061035156,301.47723388671875,771700
2026-04-29,APD,APD,303.3500061035156,304.6300048828125,298.3999938964844,302.5,300.6324768066406,984000
2026-04-30,APD,APD,299.0,302.5,294.1300048828125,300.04998779296875,298.19757080078125,2304900
2026-05-01,APD,APD,304.0,304.42999267578125,298.6499938964844,301.07000732421875,299.2113037109375,1028400
2026-05-04,APD,APD,300.0199890136719,300.75,295.3999938964844,298.3500061035156,296.5080871582031,1154000
2026-05-05,APD,APD,298.69000244140625,305.3900146484375,297.1499938964844,303.92999267578125,302.0536193847656,801000
2026-05-06,APD,APD,301.54998779296875,303.82000732421875,299.739990234375,300.2099914550781,298.3565979003906,877700
2026-05-07,APD,APD,298.3800048828125,299.04998779296875,291.5199890136719,294.989990234375,293.1688232421875,1216400
2026-05-08,APD,APD,295.7699890136719,299.5,295.25,295.4100036621094,293.58624267578125,607200
2026-05-11,APD,APD,297.4599914550781,304.9200134277344,297.4599914550781,304.5,302.6201171875,781900
2026-05-12,APD,APD,305.0,305.8800048828125,298.4100036621094,303.6000061035156,301.7256774902344,925100
2026-05-13,APD,APD,304.8299865722656,307.9599914550781,302.260009765625,306.20001220703125,304.30963134765625,1149200
2026-05-14,APD,APD,306.80999755859375,306.9599914550781,298.0,299.8699951171875,298.0187072753906,1416300
2026-05-15,APD,APD,300.44000244140625,302.5,292.6099853515625,295.3800048828125,293.5564270019531,1244800
2026-05-18,APD,APD,295.20001220703125,296.67999267578125,292.5,293.30999755859375,291.49920654296875,1133800
2026-05-19,APD,APD,293.0299987792969,293.42999267578125,289.6300048828125,291.7699890136719,289.96868896484375,843000
2026-05-20,APD,APD,289.1199951171875,293.3999938964844,285.4599914550781,289.19000244140625,287.4046325683594,1668100
2026-05-21,APD,APD,289.1600036621094,291.9100036621094,286.1300048828125,290.19000244140625,288.3984680175781,1273000
2026-05-22,APD,APD,291.9800109863281,293.989990234375,288.3900146484375,289.4700012207031,287.68292236328125,1038000
2026-05-26,APD,APD,289.010009765625,290.9200134277344,287.07000732421875,289.6000061035156,287.8121032714844,1043300
2026-05-27,APD,APD,288.5799865722656,288.5799865722656,284.82000732421875,285.7300109863281,283.96600341796875,861600
2026-05-28,APD,APD,285.1300048828125,287.75,281.7799987792969,283.6499938964844,281.8988342285156,971900
2026-05-29,APD,APD,282.1300048828125,284.3800048828125,277.9800109863281,278.6199951171875,276.89990234375,2030500
2026-06-01,APD,APD,278.6300048828125,279.5299987792969,275.20001220703125,278.8900146484375,277.1682434082031,1253400
2026-06-02,APD,APD,279.17999267578125,281.1199951171875,277.70001220703125,279.2900085449219,277.5657653808594,961900
2026-06-03,APD,APD,278.3500061035156,285.1700134277344,277.1499938964844,282.2699890136719,280.52734375,900000
2026-06-04,APD,APD,282.7900085449219,285.5,281.8599853515625,282.8500061035156,281.1037902832031,1041700
2026-06-05,APD,APD,283.0899963378906,287.6000061035156,282.1199951171875,282.3500061035156,280.60687255859375,1154000
2026-06-08,APD,APD,281.9200134277344,284.4800109863281,274.3699951171875,276.7699890136719,275.0613098144531,1326700
2026-06-09,APD,APD,278.82000732421875,283.1400146484375,278.0199890136719,282.9800109863281,281.23297119140625,1314200
2026-06-10,APD,APD,284.69000244140625,286.239990234375,276.3800048828125,276.510009765625,274.80291748046875,1247900
2026-06-11,APD,APD,279.3999938964844,281.760009765625,277.7699890136719,278.1199951171875,276.4029846191406,979000
2026-06-12,APD,APD,280.0,287.07000732421875,279.57000732421875,281.6199951171875,279.8813781738281,1239500
2026-06-15,APD,APD,280.010009765625,283.989990234375,276.6600036621094,282.9599914550781,281.2131042480469,1164500
2026-06-16,APD,APD,283.07000732421875,284.8500061035156,278.2900085449219,280.4800109863281,278.7484130859375,1859200
2026-06-17,APD,APD,279.489990234375,283.5799865722656,279.3599853515625,281.75,280.01055908203125,1748100
2026-06-18,APD,APD,283.3999938964844,283.8399963378906,278.6199951171875,280.2099914550781,278.4800720214844,2568800
2026-06-22,APD,APD,279.3699951171875,284.8599853515625,278.80999755859375,283.1099853515625,281.3621520996094,1907200
2026-06-23,APD,APD,281.44000244140625,284.54998779296875,279.6300048828125,282.45001220703125,280.7062683105469,1874200
2026-06-24,APD,APD,282.0,282.57000732421875,275.510009765625,278.7300109863281,277.00921630859375,1826400
2026-06-25,APD,APD,277.82000732421875,282.6300048828125,276.3399963378906,279.92999267578125,278.2017822265625,1260300
2026-06-26,APD,APD,279.2900085449219,282.2699890136719,277.1700134277344,277.7900085449219,276.07501220703125,1741500
2026-06-29,APD,APD,277.4100036621094,279.17999267578125,270.1099853515625,271.3500061035156,269.6747741699219,1307300
2026-06-30,APD,APD,295.95001220703125,304.7699890136719,290.5899963378906,293.17999267578125,291.3699951171875,3510100
2026-07-01,APD,APD,291.3599853515625,307.760009765625,285.9100036621094,306.3999938964844,306.3999938964844,2692300
2026-07-02,APD,APD,306.4599914550781,314.2799987792969,303.8299865722656,314.19000244140625,314.19000244140625,1847200
2026-07-06,APD,APD,314.29998779296875,314.8699951171875,305.0199890136719,308.8599853515625,308.8599853515625,1368800
2026-07-07,APD,APD,310.0,311.6000061035156,304.9700012207031,305.04998779296875,305.04998779296875,923500
2026-07-08,APD,APD,303.7099914550781,303.7099914550781,296.5899963378906,296.75,296.75,1015000
2026-07-09,APD,APD,294.8299865722656,297.739990234375,292.94000244140625,295.8500061035156,295.8500061035156,1098300
2026-07-10,APD,APD,296.8599853515625,301.30999755859375,296.2900085449219,299.5299987792969,299.5299987792969,1349500
2026-07-13,APD,APD,300.9200134277344,304.32000732421875,299.0,301.9599914550781,301.9599914550781,892200
2026-07-14,APD,APD,303.69000244140625,307.1199951171875,297.9800109863281,299.3999938964844,299.3999938964844,1064800
2026-07-15,APD,APD,297.7699890136719,299.0799865722656,292.5899963378906,293.69000244140625,293.69000244140625,879500
2026-07-16,APD,APD,292.2200012207031,298.2799987792969,290.32000732421875,297.2900085449219,297.2900085449219,1265000
2026-07-17,APD,APD,297.79998779296875,304.510009765625,294.9200134277344,295.6199951171875,295.6199951171875,909500
2026-07-20,APD,APD,295.1000061035156,298.8599853515625,292.2200012207031,296.6300048828125,296.6300048828125,1044300
2026-07-21,APD,APD,299.9200134277344,301.9700012207031,296.0799865722656,296.3900146484375,296.3900146484375,1043500
2026-07-22,APD,APD,298.1000061035156,300.29998779296875,296.010009765625,297.0,297.0,1167300
2026-07-23,APD,APD,296.6199951171875,299.7799987792969,294.0799865722656,294.2900085449219,294.2900085449219,1296200
2026-07-24,APD,APD,294.7699890136719,298.760009765625,293.9800109863281,297.8699951171875,297.8699951171875,734700
2026-07-27,APD,APD,296.5,297.3399963378906,291.3800048828125,292.5799865722656,292.5799865722656,1218100
2026-07-28,APD,APD,293.1099853515625,298.1000061035156,292.5799865722656,292.8500061035156,292.8500061035156,1539100
2026-07-29,APD,APD,294.79998779296875,295.5299987792969,291.5400085449219,294.2699890136719,294.2699890136719,1068900
2026-07-30,APD,APD,308.5799865722656,311.0799865722656,297.3500061035156,300.20001220703125,300.20001220703125,1614400
2026-07-31,APD,APD,299.57000732421875,301.75,291.3800048828125,294.8900146484375,294.8900146484375,1463900
2026-08-03,APD,APD,295.1400146484375,296.010009765625,290.20001220703125,292.94000244140625,292.94000244140625,1605500
2026-08-04,APD,APD,290.8999938964844,296.92999267578125,288.0,294.7099914550781,294.7099914550781,1064000
2026-08-05,APD,APD,295.42999267578125,297.07000732421875,293.44000244140625,295.0899963378906,295.0899963378906,911300
2026-08-06,APD,APD,297.5299987792969,299.9800109863281,295.6700134277344,299.9200134277344,299.9200134277344,683600
2026-08-07,APD,APD,297.239990234375,303.6600036621094,295.8599853515625,303.44000244140625,303.44000244140625,749200
2026-08-10,APD,APD,303.989990234375,308.25,301.3500061035156,308.17999267578125,308.17999267578125,851900
2026-08-11,APD,APD,307.9800109863281,311.510009765625,307.25,309.30999755859375,309.30999755859375,796100
2026-08-12,APD,APD,308.3699951171875,308.54998779296875,302.94000244140625,304.07000732421875,304.07000732421875,613900
2026-08-13,APD,APD,303.7900085449219,307.3399963378906,302.6700134277344,305.5199890136719,305.5199890136719,710100
2026-08-14,APD,APD,305.9100036621094,309.20001220703125,304.1600036621094,308.9700012207031,308.9700012207031,474500
2026-08-17,APD,APD,307.8900146484375,307.989990234375,299.5,300.8599853515625,300.8599853515625,898100
2026-08-18,APD,APD,302.6700134277344,304.9800109863281,302.25,303.2300109863281,303.2300109863281,610000
2026-08-19,APD,APD,304.1199951171875,306.1400146484375,302.510009765625,303.2200012207031,303.2200012207031,948600
2026-08-20,APD,APD,302.4700012207031,311.0,297.8500061035156,300.3299865722656,300.3299865722656,1615400
2026-08-21,APD,APD,301.1099853515625,307.989990234375,299.8999938964844,305.1000061035156,305.1000061035156,1356000
2026-08-24,APD,APD,304.54998779296875,306.3999938964844,301.95001220703125,306.239990234375,306.239990234375,1187300
2026-08-25,APD,APD,304.9200134277344,306.57000732421875,302.3699951171875,303.8500061035156,303.8500061035156,832900
2026-08-26,APD,APD,303.5199890136719,308.8299865722656,302.739990234375,306.6600036621094,306.6600036621094,749800
2026-08-27,APD,APD,304.29998779296875,306.5299987792969,302.55999755859375,305.4700012207031,305.4700012207031,1001400
2026-08-28,APD,APD,307.0400085449219,308.3699951171875,305.19000244140625,308.0899963378906,308.0899963378906,1044700
2026-08-31,APD,APD,309.9599914550781,313.92999267578125,306.6199951171875,309.4599914550781,309.4599914550781,1448900
2026-09-01,APD,APD,308.0,308.8999938964844,303.94000244140625,305.32000732421875,305.32000732421875,966000
2026-09-02,APD,APD,306.19000244140625,311.79998779296875,306.19000244140625,309.45001220703125,309.45001220703125,882800
2026-09-03,APD,APD,311.1000061035156,311.7200012207031,302.57000732421875,304.2200012207031,304.2200012207031,722600
2026-09-04,APD,APD,302.260009765625,304.3999938964844,300.2099914550781,301.2699890136719,301.2699890136719,675600
