Date,Symbol,DownloadSymbol,Open,High,Low,Close,Adj Close,Volume
2016-07-14,CASY,CASY,131.55999755859375,131.74000549316406,130.14999389648438,130.27000427246094,121.25662994384766,419900
2016-07-15,CASY,CASY,130.49000549316406,131.22000122070312,129.3800048828125,130.2100067138672,121.20077514648438,450400
2016-07-18,CASY,CASY,130.3800048828125,131.44000244140625,129.6999969482422,130.72000122070312,121.67549896240234,252600
2016-07-19,CASY,CASY,130.99000549316406,131.5800018310547,129.9600067138672,131.13999938964844,122.06640625,242200
2016-07-20,CASY,CASY,131.6999969482422,133.0800018310547,131.02999877929688,132.72999572753906,123.54640197753906,358800
2016-07-21,CASY,CASY,132.67999267578125,132.8800048828125,131.1300048828125,132.07000732421875,122.93207550048828,256500
2016-07-22,CASY,CASY,131.8699951171875,133.52999877929688,131.52999877929688,133.50999450683594,124.27247619628906,282800
2016-07-25,CASY,CASY,134.86000061035156,135.2899932861328,133.50999450683594,134.86000061035156,125.52911376953125,401800
2016-07-26,CASY,CASY,135.88999938964844,136.22000122070312,134.60000610351562,135.9199981689453,126.51573181152344,473200
2016-07-27,CASY,CASY,136.0,136.00999450683594,132.2100067138672,132.77000427246094,123.5836410522461,407300
2016-07-28,CASY,CASY,132.52999877929688,133.0,131.1999969482422,131.97000122070312,123.06143951416016,348100
2016-07-29,CASY,CASY,132.0,134.5500030517578,131.2899932861328,133.5399932861328,124.52543640136719,347300
2016-08-01,CASY,CASY,133.49000549316406,134.3000030517578,132.2100067138672,133.5500030517578,124.53477478027344,298900
2016-08-02,CASY,CASY,133.99000549316406,134.0,131.16000366210938,131.9199981689453,123.01483154296875,299800
2016-08-03,CASY,CASY,131.57000732421875,132.5,130.0,132.47000122070312,123.52767944335938,330800
2016-08-04,CASY,CASY,132.7899932861328,133.61000061035156,130.88999938964844,131.4499969482422,122.57658386230469,397400
2016-08-05,CASY,CASY,132.13999938964844,134.0399932861328,131.3699951171875,133.47000122070312,124.4602279663086,351100
2016-08-08,CASY,CASY,134.02999877929688,134.02999877929688,132.0500030517578,133.05999755859375,124.07784271240234,260500
2016-08-09,CASY,CASY,132.77000427246094,133.64999389648438,132.55999755859375,132.72000122070312,123.76079559326172,228100
2016-08-10,CASY,CASY,132.8800048828125,134.22999572753906,132.19000244140625,133.0,124.02196502685547,274400
2016-08-11,CASY,CASY,132.9499969482422,134.02000427246094,131.4499969482422,132.0,123.08940887451172,298100
2016-08-12,CASY,CASY,132.30999755859375,132.50999450683594,131.25999450683594,132.0,123.08940887451172,260000
2016-08-15,CASY,CASY,131.33999633789062,132.58999633789062,131.2899932861328,132.2899932861328,123.35984802246094,333900
2016-08-16,CASY,CASY,132.0500030517578,132.97999572753906,130.85000610351562,131.8300018310547,122.93090057373047,321400
2016-08-17,CASY,CASY,131.85000610351562,132.4600067138672,131.10000610351562,132.32000732421875,123.3878402709961,249200
2016-08-18,CASY,CASY,132.72999572753906,134.39999389648438,132.72999572753906,134.33999633789062,125.2714614868164,251300
2016-08-19,CASY,CASY,134.4499969482422,135.67999267578125,133.99000549316406,134.33999633789062,125.2714614868164,299400
2016-08-22,CASY,CASY,134.42999267578125,135.38999938964844,132.75,134.77000427246094,125.67244720458984,298100
2016-08-23,CASY,CASY,135.0,135.0,132.85000610351562,132.8699951171875,123.90069580078125,228400
2016-08-24,CASY,CASY,133.0,134.17999267578125,133.0,133.7100067138672,124.68399810791016,242100
2016-08-25,CASY,CASY,133.27999877929688,134.13999938964844,132.85000610351562,133.8300018310547,124.7958755493164,170300
2016-08-26,CASY,CASY,133.83999633789062,134.5800018310547,132.1999969482422,133.11000061035156,124.12451934814453,158200
2016-08-29,CASY,CASY,132.88999938964844,134.0399932861328,132.5399932861328,133.41000366210938,124.40423583984375,166500
2016-08-30,CASY,CASY,133.6699981689453,134.2899932861328,131.80999755859375,132.14999389648438,123.22930908203125,315900
2016-08-31,CASY,CASY,131.8800048828125,132.8800048828125,130.8800048828125,131.30999755859375,122.44600677490234,295300
2016-09-01,CASY,CASY,131.80999755859375,132.4499969482422,130.9199981689453,131.47000122070312,122.5951919555664,349300
2016-09-02,CASY,CASY,131.75999450683594,133.75999450683594,131.64999389648438,133.27999877929688,124.28305053710938,305900
2016-09-06,CASY,CASY,133.88999938964844,134.57000732421875,131.69000244140625,133.30999755859375,124.31095123291016,504800
2016-09-07,CASY,CASY,121.25,122.73999786376953,115.37000274658203,121.20999908447266,113.02780151367188,3257200
2016-09-08,CASY,CASY,121.19000244140625,121.5,118.87999725341797,119.81999969482422,111.73162841796875,945200
2016-09-09,CASY,CASY,118.76000213623047,120.9800033569336,118.18000030517578,119.83999633789062,111.75032043457031,909500
2016-09-12,CASY,CASY,119.25,121.4800033569336,119.02999877929688,119.80000305175781,111.71296691894531,698500
2016-09-13,CASY,CASY,119.73999786376953,121.01000213623047,119.26000213623047,120.12000274658203,112.01139068603516,571900
2016-09-14,CASY,CASY,120.2300033569336,120.23999786376953,118.25,118.55000305175781,110.54735565185547,694200
2016-09-15,CASY,CASY,118.18000030517578,120.87000274658203,117.80000305175781,119.69999694824219,111.61968994140625,450800
2016-09-16,CASY,CASY,120.56999969482422,120.56999969482422,118.12999725341797,118.9800033569336,110.94832611083984,733600
2016-09-19,CASY,CASY,118.80999755859375,120.38999938964844,118.80999755859375,119.72000122070312,111.63838958740234,451500
2016-09-20,CASY,CASY,119.95999908447266,120.3499984741211,118.19000244140625,119.08000183105469,111.04157257080078,310200
2016-09-21,CASY,CASY,118.58000183105469,120.06999969482422,117.55000305175781,119.63999938964844,111.56377410888672,528600
2016-09-22,CASY,CASY,119.7699966430664,120.3499984741211,118.33999633789062,119.69999694824219,111.61968994140625,787400
2016-09-23,CASY,CASY,119.38999938964844,120.19999694824219,117.69999694824219,117.94000244140625,109.9785385131836,621200
2016-09-26,CASY,CASY,117.20999908447266,117.83999633789062,116.01000213623047,116.20999908447266,108.36534881591797,394400
2016-09-27,CASY,CASY,115.88999938964844,117.04000091552734,115.56999969482422,115.69999694824219,107.88973999023438,628000
2016-09-28,CASY,CASY,115.91999816894531,117.0,115.5,116.1500015258789,108.30937194824219,744600
2016-09-29,CASY,CASY,116.1500015258789,116.44000244140625,115.06999969482422,115.08999633789062,107.32093048095703,644400
2016-09-30,CASY,CASY,117.75,120.44999694824219,117.30999755859375,120.1500015258789,112.03936767578125,1121200
2016-10-03,CASY,CASY,119.48999786376953,120.55999755859375,118.73999786376953,119.0999984741211,111.06022644042969,649700
2016-10-04,CASY,CASY,119.0,120.73999786376953,117.13999938964844,117.19999694824219,109.28852844238281,597300
2016-10-05,CASY,CASY,116.97000122070312,117.69999694824219,116.61000061035156,116.77999877929688,108.8968505859375,1092100
2016-10-06,CASY,CASY,116.05000305175781,119.06999969482422,116.05000305175781,118.30999755859375,110.32354736328125,502900
2016-10-07,CASY,CASY,118.75,118.75,116.73999786376953,116.94999694824219,109.05535125732422,415200
2016-10-10,CASY,CASY,116.94999694824219,118.08000183105469,116.83999633789062,117.69000244140625,109.74541473388672,267100
2016-10-11,CASY,CASY,117.02999877929688,117.93000030517578,116.11000061035156,116.37000274658203,108.51453399658203,278300
2016-10-12,CASY,CASY,116.37000274658203,117.69999694824219,116.19999694824219,117.23999786376953,109.32579040527344,258000
2016-10-13,CASY,CASY,117.01000213623047,117.3499984741211,116.4000015258789,117.1500015258789,109.24187469482422,173200
2016-10-14,CASY,CASY,117.30999755859375,117.30999755859375,115.31999969482422,115.31999969482422,107.53543090820312,326200
2016-10-17,CASY,CASY,115.69999694824219,116.80999755859375,114.29000091552734,114.36000061035156,106.64021301269531,344700
2016-10-18,CASY,CASY,115.62000274658203,116.77999877929688,114.11000061035156,116.52999877929688,108.6637191772461,271900
2016-10-19,CASY,CASY,116.97000122070312,116.97000122070312,115.25,116.47000122070312,108.60778045654297,219500
2016-10-20,CASY,CASY,116.2699966430664,116.2699966430664,115.02999877929688,115.08000183105469,107.31161499023438,266700
2016-10-21,CASY,CASY,115.04000091552734,115.36000061035156,114.08999633789062,114.6500015258789,106.91065216064453,243200
2016-10-24,CASY,CASY,114.69999694824219,115.79000091552734,114.69999694824219,115.72000122070312,107.90841674804688,187600
2016-10-25,CASY,CASY,116.0,116.22000122070312,114.66999816894531,116.11000061035156,108.2720718383789,178500
2016-10-26,CASY,CASY,116.19000244140625,116.48999786376953,115.16999816894531,115.26000213623047,107.47944641113281,133000
2016-10-27,CASY,CASY,115.9000015258789,115.95999908447266,114.18000030517578,114.37000274658203,106.64955139160156,309300
2016-10-28,CASY,CASY,114.43000030517578,115.37999725341797,114.22000122070312,115.16000366210938,107.6120376586914,176800
2016-10-31,CASY,CASY,114.0,114.91000366210938,111.04000091552734,112.98999786376953,105.58423614501953,817400
2016-11-01,CASY,CASY,113.66000366210938,113.66000366210938,111.19000244140625,112.33000183105469,104.96751403808594,414600
2016-11-02,CASY,CASY,112.51000213623047,113.6500015258789,112.0999984741211,113.26000213623047,105.83655548095703,379200
2016-11-03,CASY,CASY,113.33999633789062,113.7699966430664,110.62999725341797,111.2699966430664,103.97698974609375,771400
2016-11-04,CASY,CASY,110.91999816894531,112.5999984741211,110.44999694824219,112.13999938964844,104.78997039794922,351200
2016-11-07,CASY,CASY,112.7699966430664,115.05999755859375,112.0199966430664,114.83999633789062,107.31301879882812,446300
2016-11-08,CASY,CASY,114.61000061035156,116.25,113.55999755859375,116.19999694824219,108.58384704589844,441600
2016-11-09,CASY,CASY,113.83000183105469,116.66000366210938,111.94000244140625,116.5999984741211,108.95761108398438,610100
2016-11-10,CASY,CASY,117.0,117.48999786376953,114.86000061035156,115.05999755859375,107.5185317993164,563200
2016-11-11,CASY,CASY,115.0,117.33999633789062,113.52999877929688,116.72000122070312,109.06975555419922,337700
2016-11-14,CASY,CASY,116.44999694824219,120.26000213623047,115.0,120.04000091552734,112.17216491699219,752200
2016-11-15,CASY,CASY,120.5,121.9800033569336,119.58000183105469,121.66000366210938,113.68596649169922,579800
2016-11-16,CASY,CASY,122.05000305175781,122.4000015258789,120.6500015258789,122.05000305175781,114.05043029785156,296000
2016-11-17,CASY,CASY,121.97000122070312,123.91999816894531,121.06999969482422,122.58999633789062,114.5550308227539,432300
2016-11-18,CASY,CASY,122.51000213623047,124.80999755859375,121.91999816894531,122.80999755859375,114.7606201171875,597700
2016-11-21,CASY,CASY,122.5,123.0,120.70999908447266,121.33999633789062,113.38695526123047,639300
2016-11-22,CASY,CASY,121.9000015258789,122.06999969482422,120.16999816894531,120.55000305175781,112.64873504638672,537500
2016-11-23,CASY,CASY,120.80999755859375,123.01000213623047,120.80999755859375,122.98999786376953,114.9288101196289,468900
2016-11-25,CASY,CASY,124.0,124.16999816894531,121.94000244140625,122.55000305175781,114.51766204833984,202000
2016-11-28,CASY,CASY,122.25,123.04000091552734,120.87999725341797,123.0199966430664,114.95684814453125,487600
2016-11-29,CASY,CASY,123.0199966430664,123.9000015258789,122.2300033569336,122.55999755859375,114.5269775390625,325300
2016-11-30,CASY,CASY,121.80999755859375,122.66000366210938,119.04000091552734,120.44999694824219,112.5552978515625,561700
2016-12-01,CASY,CASY,119.91000366210938,121.81999969482422,119.30999755859375,120.83000183105469,112.91038513183594,458000
2016-12-02,CASY,CASY,120.43000030517578,121.16000366210938,118.51000213623047,120.81999969482422,112.9010238647461,302800
2016-12-05,CASY,CASY,121.47000122070312,123.19000244140625,121.0999984741211,122.16999816894531,114.16255187988281,445800
2016-12-06,CASY,CASY,122.80999755859375,124.56999969482422,121.37000274658203,123.08000183105469,115.01292419433594,748900
2016-12-07,CASY,CASY,123.08999633789062,125.72000122070312,123.08999633789062,124.22000122070312,116.07820892333984,805300
2016-12-08,CASY,CASY,118.0,126.20999908447266,115.87000274658203,122.0,114.0036849975586,1739200
2016-12-09,CASY,CASY,122.1500015258789,122.83999633789062,118.31999969482422,122.66999816894531,114.62977600097656,673100
2016-12-12,CASY,CASY,122.80999755859375,123.98999786376953,119.36000061035156,121.87000274658203,113.88224029541016,662400
2016-12-13,CASY,CASY,122.2699966430664,122.2699966430664,120.33000183105469,121.58999633789062,113.62060546875,311900
2016-12-14,CASY,CASY,121.66000366210938,122.91000366210938,120.48999786376953,122.3499984741211,114.33074951171875,429900
2016-12-15,CASY,CASY,121.87999725341797,125.41999816894531,121.37999725341797,124.63999938964844,116.4706802368164,509800
2016-12-16,CASY,CASY,124.48999786376953,125.1500015258789,124.0199966430664,124.56999969482422,116.40525817871094,736800
2016-12-19,CASY,CASY,125.2300033569336,126.33999633789062,124.83999633789062,125.61000061035156,117.37706756591797,392300
2016-12-20,CASY,CASY,125.47000122070312,126.48999786376953,125.37999725341797,125.97000122070312,117.71350860595703,343600
2016-12-21,CASY,CASY,126.12000274658203,126.4000015258789,124.7300033569336,125.33999633789062,117.12480163574219,369100
2016-12-22,CASY,CASY,125.61000061035156,125.61000061035156,121.12999725341797,121.22000122070312,113.2748031616211,529100
2016-12-23,CASY,CASY,121.51000213623047,121.7300033569336,119.87999725341797,120.0999984741211,112.22824096679688,395400
2016-12-27,CASY,CASY,120.1500015258789,120.70999908447266,119.02999877929688,119.87000274658203,112.01329803466797,339200
2016-12-28,CASY,CASY,119.80999755859375,120.0,118.31999969482422,119.05999755859375,111.25640869140625,280100
2016-12-29,CASY,CASY,119.44999694824219,119.76000213623047,118.51000213623047,118.83999633789062,111.05081176757812,283700
2016-12-30,CASY,CASY,119.2300033569336,119.4800033569336,117.44999694824219,118.87999725341797,111.08819580078125,433200
2017-01-03,CASY,CASY,118.5,119.05000305175781,116.20999908447266,118.94999694824219,111.15361022949219,712100
2017-01-04,CASY,CASY,119.33000183105469,119.75,118.0999984741211,118.83999633789062,111.05081176757812,547900
2017-01-05,CASY,CASY,118.80000305175781,119.12000274658203,117.56999969482422,117.83000183105469,110.10701751708984,612800
2017-01-06,CASY,CASY,117.30000305175781,117.70999908447266,116.20999908447266,116.93000030517578,109.26602172851562,440300
2017-01-09,CASY,CASY,116.69000244140625,117.16999816894531,114.68000030517578,117.04000091552734,109.36880493164062,505900
2017-01-10,CASY,CASY,116.91999816894531,117.94999694824219,116.4000015258789,117.51000213623047,109.80795288085938,345100
2017-01-11,CASY,CASY,117.0,117.08000183105469,115.80999755859375,116.73999786376953,109.08847045898438,336500
2017-01-12,CASY,CASY,116.68000030517578,118.20999908447266,115.51000213623047,117.76000213623047,110.04159545898438,482900
2017-01-13,CASY,CASY,118.06999969482422,119.18000030517578,117.3499984741211,117.4000015258789,109.70519256591797,293900
2017-01-17,CASY,CASY,117.0,119.12999725341797,116.94000244140625,117.44999694824219,109.75191497802734,360800
2017-01-18,CASY,CASY,117.62999725341797,117.62999725341797,116.08000183105469,116.76000213623047,109.107177734375,460500
2017-01-19,CASY,CASY,116.54000091552734,117.5199966430664,114.94000244140625,115.0199966430664,107.481201171875,335300
2017-01-20,CASY,CASY,115.30999755859375,116.2300033569336,114.66999816894531,115.93000030517578,108.3315658569336,383300
2017-01-23,CASY,CASY,115.9000015258789,116.58000183105469,114.83999633789062,114.94000244140625,107.40641784667969,830800
2017-01-24,CASY,CASY,115.43000030517578,116.0,114.68000030517578,115.1500015258789,107.60266876220703,372600
2017-01-25,CASY,CASY,115.33000183105469,116.51000213623047,111.91999816894531,112.5999984741211,105.21981048583984,1123900
2017-01-26,CASY,CASY,112.7699966430664,114.04000091552734,111.83000183105469,112.04000091552734,104.69649505615234,716200
2017-01-27,CASY,CASY,111.69999694824219,112.1500015258789,110.87000274658203,112.08000183105469,104.73388671875,461100
2017-01-30,CASY,CASY,112.30999755859375,113.5,110.75,113.37999725341797,106.17606353759766,568600
2017-01-31,CASY,CASY,113.0,114.98999786376953,112.58000183105469,114.9000015258789,107.59949493408203,611000
2017-02-01,CASY,CASY,114.70999908447266,115.16999816894531,112.27999877929688,113.48999786376953,106.27904510498047,886900
2017-02-02,CASY,CASY,112.5999984741211,115.2300033569336,112.16000366210938,114.36000061035156,107.09378814697266,757300
2017-02-03,CASY,CASY,114.98999786376953,116.38999938964844,114.69000244140625,115.97000122070312,108.60144805908203,570300
2017-02-06,CASY,CASY,116.27999877929688,117.16999816894531,115.87999725341797,116.51000213623047,109.10719299316406,469200
2017-02-07,CASY,CASY,116.76000213623047,118.11000061035156,116.2699966430664,117.76000213623047,110.27774810791016,464100
2017-02-08,CASY,CASY,117.95999908447266,119.30000305175781,117.33999633789062,119.11000061035156,111.54193878173828,447500
2017-02-09,CASY,CASY,119.11000061035156,120.7300033569336,118.66999816894531,120.11000061035156,112.47842407226562,413100
2017-02-10,CASY,CASY,120.08000183105469,120.9000015258789,119.55000305175781,120.33999633789062,112.69383239746094,328300
2017-02-13,CASY,CASY,120.70999908447266,120.70999908447266,118.3499984741211,118.5199966430664,110.98947143554688,504200
2017-02-14,CASY,CASY,117.94000244140625,119.0999984741211,117.19999694824219,118.47000122070312,110.94263458251953,358400
2017-02-15,CASY,CASY,119.0199966430664,119.16000366210938,117.72000122070312,117.97000122070312,110.47439575195312,444600
2017-02-16,CASY,CASY,118.0,118.44999694824219,116.44000244140625,117.05999755859375,109.62226867675781,458200
2017-02-17,CASY,CASY,117.30999755859375,118.06999969482422,116.80000305175781,117.5,110.03425598144531,255600
2017-02-21,CASY,CASY,118.19000244140625,118.43000030517578,117.30000305175781,118.12999725341797,110.62422180175781,564900
2017-02-22,CASY,CASY,118.0,118.1500015258789,116.58000183105469,117.91999816894531,110.42758178710938,539400
2017-02-23,CASY,CASY,117.91999816894531,118.02999877929688,116.41999816894531,116.5999984741211,109.19143676757812,384400
2017-02-24,CASY,CASY,116.25,117.87999725341797,116.0199966430664,117.33999633789062,109.8844223022461,595700
2017-02-27,CASY,CASY,116.87000274658203,117.97000122070312,116.2300033569336,117.77999877929688,110.29649353027344,366200
2017-02-28,CASY,CASY,117.70999908447266,117.70999908447266,112.62999725341797,114.58000183105469,107.29979705810547,1356500
2017-03-01,CASY,CASY,114.5999984741211,116.44999694824219,114.58000183105469,116.02999877929688,108.65766143798828,699800
2017-03-02,CASY,CASY,115.20999908447266,116.98999786376953,115.18000030517578,115.58000183105469,108.23628997802734,525600
2017-03-03,CASY,CASY,114.9000015258789,115.29000091552734,113.44999694824219,113.91000366210938,106.6723861694336,669600
2017-03-06,CASY,CASY,114.25,115.91999816894531,113.97000122070312,114.19999694824219,106.94393920898438,757000
2017-03-07,CASY,CASY,108.25,112.44999694824219,107.62000274658203,109.77999877929688,102.8047866821289,2972400
2017-03-08,CASY,CASY,109.04000091552734,110.12999725341797,108.58999633789062,108.66000366210938,101.75596618652344,932700
2017-03-09,CASY,CASY,107.47000122070312,108.88999938964844,107.43000030517578,108.0199966430664,101.1566162109375,761500
2017-03-10,CASY,CASY,108.63999938964844,109.4000015258789,108.3499984741211,109.22000122070312,102.28034973144531,637900
2017-03-13,CASY,CASY,108.70999908447266,109.55000305175781,107.87999725341797,108.66000366210938,101.75596618652344,655200
2017-03-14,CASY,CASY,108.81999969482422,109.7300033569336,108.45999908447266,109.1500015258789,102.2148208618164,604000
2017-03-15,CASY,CASY,109.38999938964844,110.19000244140625,108.68000030517578,109.41999816894531,102.46769714355469,519300
2017-03-16,CASY,CASY,109.20999908447266,110.8499984741211,109.20999908447266,110.80000305175781,103.75997924804688,570600
2017-03-17,CASY,CASY,112.08000183105469,112.66999816894531,110.86000061035156,111.91000366210938,104.79945373535156,791100
2017-03-20,CASY,CASY,112.02999877929688,112.06999969482422,109.70999908447266,111.30000305175781,104.22819519042969,727700
2017-03-21,CASY,CASY,110.93000030517578,112.01000213623047,109.98999786376953,111.87000274658203,104.76199340820312,883500
2017-03-22,CASY,CASY,111.51000213623047,111.83999633789062,110.61000061035156,111.33000183105469,104.25628662109375,484700
2017-03-23,CASY,CASY,111.58999633789062,112.2699966430664,111.04000091552734,111.62999725341797,104.53722381591797,469300
2017-03-24,CASY,CASY,111.54000091552734,112.02999877929688,110.19999694824219,110.37999725341797,103.3666763305664,451500
2017-03-27,CASY,CASY,109.37000274658203,111.43000030517578,109.27999877929688,110.7699966430664,103.73188018798828,350900
2017-03-28,CASY,CASY,110.7699966430664,110.98999786376953,109.47000122070312,110.4800033569336,103.4603271484375,480000
2017-03-29,CASY,CASY,110.77999877929688,111.73999786376953,110.56999969482422,111.66999816894531,104.57469177246094,369000
2017-03-30,CASY,CASY,111.63999938964844,111.63999938964844,110.41000366210938,110.97000122070312,103.91915893554688,331300
2017-03-31,CASY,CASY,111.05000305175781,112.4800033569336,110.81999969482422,112.25,105.11783599853516,404900
2017-04-03,CASY,CASY,112.23999786376953,112.63999938964844,110.33999633789062,110.68000030517578,103.6476058959961,363200
2017-04-04,CASY,CASY,110.62000274658203,111.61000061035156,110.05000305175781,111.01000213623047,103.95662689208984,349900
2017-04-05,CASY,CASY,110.63999938964844,111.19999694824219,109.11000061035156,109.55000305175781,102.58940124511719,698000
2017-04-06,CASY,CASY,110.0,112.29000091552734,109.76000213623047,112.05999755859375,104.93993377685547,574200
2017-04-07,CASY,CASY,111.98999786376953,112.4800033569336,111.48999786376953,111.81999969482422,104.71516418457031,370600
2017-04-10,CASY,CASY,111.98999786376953,112.94000244140625,111.7300033569336,112.54000091552734,105.38941192626953,458000
2017-04-11,CASY,CASY,112.55999755859375,112.81999969482422,111.95999908447266,112.1500015258789,105.02420043945312,465600
2017-04-12,CASY,CASY,112.25,112.91000366210938,111.7699966430664,112.19999694824219,105.0710220336914,372000
2017-04-13,CASY,CASY,112.38999938964844,112.75,111.88999938964844,112.01000213623047,104.8930892944336,353600
2017-04-17,CASY,CASY,112.22000122070312,112.38999938964844,111.6500015258789,112.26000213623047,105.1272201538086,371800
2017-04-18,CASY,CASY,112.41999816894531,112.69999694824219,112.0,112.44999694824219,105.30513763427734,205500
2017-04-19,CASY,CASY,110.0,112.55999755859375,109.0199966430664,112.08999633789062,104.9679946899414,533600
2017-04-20,CASY,CASY,112.23999786376953,112.7699966430664,110.8499984741211,112.30000305175781,105.16468811035156,329200
2017-04-21,CASY,CASY,112.26000213623047,112.94000244140625,111.52999877929688,112.45999908447266,105.31449890136719,336400
2017-04-24,CASY,CASY,112.83000183105469,113.19999694824219,111.94000244140625,112.5999984741211,105.44560241699219,313900
2017-04-25,CASY,CASY,113.08999633789062,114.11000061035156,112.69999694824219,113.69999694824219,106.4757080078125,284700
2017-04-26,CASY,CASY,114.31999969482422,115.11000061035156,113.5199966430664,114.16999816894531,106.91585540771484,300400
2017-04-27,CASY,CASY,113.19999694824219,115.20999908447266,112.55000305175781,113.13999938964844,106.17447662353516,305500
2017-04-28,CASY,CASY,113.19000244140625,113.41000366210938,111.83999633789062,112.06999969482422,105.17034149169922,397600
2017-05-01,CASY,CASY,112.30999755859375,112.30999755859375,110.94999694824219,111.4000015258789,104.54158782958984,517600
2017-05-02,CASY,CASY,111.25,111.29000091552734,110.68000030517578,111.0,104.1662368774414,458900
2017-05-03,CASY,CASY,111.05999755859375,111.3499984741211,109.91999816894531,110.48999786376953,103.68761444091797,561700
2017-05-04,CASY,CASY,110.75,112.37999725341797,110.55000305175781,112.25,105.33927154541016,480400
2017-05-05,CASY,CASY,112.4000015258789,113.7699966430664,112.01000213623047,113.7300033569336,106.72818756103516,362300
2017-05-08,CASY,CASY,113.97000122070312,114.41000366210938,113.29000091552734,113.58999633789062,106.5968017578125,229900
2017-05-09,CASY,CASY,113.98999786376953,114.91000366210938,113.72000122070312,114.55999755859375,107.50706481933594,308900
2017-05-10,CASY,CASY,114.19000244140625,115.38999938964844,114.12000274658203,114.81999969482422,107.75102233886719,281200
2017-05-11,CASY,CASY,114.52999877929688,115.30999755859375,114.18000030517578,114.86000061035156,107.78861236572266,228300
2017-05-12,CASY,CASY,114.52999877929688,114.76000213623047,113.3499984741211,113.94999694824219,106.93460845947266,256300
2017-05-15,CASY,CASY,113.9000015258789,115.08000183105469,113.75,114.66999816894531,107.61029052734375,282900
2017-05-16,CASY,CASY,114.91000366210938,114.91000366210938,113.36000061035156,114.0199966430664,107.00032806396484,338300
2017-05-17,CASY,CASY,113.69999694824219,115.66999816894531,113.41999816894531,114.9800033569336,107.90119171142578,392800
2017-05-18,CASY,CASY,115.5,116.68000030517578,114.16000366210938,115.26000213623047,108.16395568847656,397600
2017-05-19,CASY,CASY,115.12999725341797,116.18000030517578,114.36000061035156,114.80000305175781,107.73230743408203,355300
2017-05-22,CASY,CASY,114.97000122070312,115.5999984741211,113.80999755859375,113.8499984741211,106.84077453613281,476100
2017-05-23,CASY,CASY,113.94000244140625,114.79000091552734,112.51000213623047,112.61000061035156,105.6771240234375,298600
2017-05-24,CASY,CASY,112.9000015258789,113.97000122070312,112.23999786376953,113.91999816894531,106.90646362304688,303500
2017-05-25,CASY,CASY,114.18000030517578,115.29000091552734,113.87000274658203,114.86000061035156,107.78861236572266,385400
2017-05-26,CASY,CASY,115.08999633789062,116.1500015258789,114.7300033569336,115.77999877929688,108.65194702148438,277500
2017-05-30,CASY,CASY,114.63999938964844,115.26000213623047,113.94999694824219,114.77999877929688,107.71355438232422,405800
2017-05-31,CASY,CASY,115.44999694824219,116.4800033569336,114.2699966430664,116.38999938964844,109.22441864013672,531500
2017-06-01,CASY,CASY,116.2699966430664,117.5,115.12000274658203,115.9800033569336,108.83965301513672,525000
2017-06-02,CASY,CASY,115.9800033569336,117.41000366210938,115.83999633789062,116.37000274658203,109.20561981201172,470600
2017-06-05,CASY,CASY,116.80000305175781,117.80000305175781,115.43000030517578,116.5,109.32763671875,827600
2017-06-06,CASY,CASY,111.70999908447266,111.9000015258789,105.72000122070312,106.66000366210938,100.09344482421875,2707500
2017-06-07,CASY,CASY,106.19999694824219,107.79000091552734,105.5,107.66999816894531,101.0412368774414,1051700
2017-06-08,CASY,CASY,108.0,109.55999755859375,106.81999969482422,109.37000274658203,102.63658905029297,818200
2017-06-09,CASY,CASY,109.7300033569336,111.54000091552734,109.2300033569336,110.66999816894531,103.85653686523438,620500
2017-06-12,CASY,CASY,110.5,111.31999969482422,108.81999969482422,109.08999633789062,102.37384033203125,592500
2017-06-13,CASY,CASY,108.87000274658203,109.43000030517578,108.19999694824219,108.69000244140625,101.99847412109375,446800
2017-06-14,CASY,CASY,108.4000015258789,109.18000030517578,108.30999755859375,109.02999877929688,102.31754302978516,383700
2017-06-15,CASY,CASY,107.69999694824219,109.29000091552734,106.73999786376953,108.83999633789062,102.13921356201172,644700
2017-06-16,CASY,CASY,107.88999938964844,108.52999877929688,105.58999633789062,108.02999877929688,101.37907409667969,946000
2017-06-19,CASY,CASY,108.5,108.5,106.73999786376953,108.02999877929688,101.37907409667969,386400
2017-06-20,CASY,CASY,107.98999786376953,107.98999786376953,106.31999969482422,106.73999786376953,100.16852569580078,538900
2017-06-21,CASY,CASY,107.0,107.83000183105469,106.48999786376953,106.98999786376953,100.4030990600586,365000
2017-06-22,CASY,CASY,106.44000244140625,106.87999725341797,105.5,105.5999984741211,99.09870910644531,391500
2017-06-23,CASY,CASY,105.58000183105469,107.83000183105469,104.63999938964844,106.58999633789062,100.02770233154297,1489100
2017-06-26,CASY,CASY,106.70999908447266,107.70999908447266,105.26000213623047,106.93000030517578,100.3468246459961,503200
2017-06-27,CASY,CASY,106.93000030517578,107.75,105.80999755859375,106.0,99.47406005859375,546300
2017-06-28,CASY,CASY,106.18000030517578,107.20999908447266,105.7699966430664,106.87999725341797,100.29988098144531,593900
2017-06-29,CASY,CASY,107.0,107.0,105.2699966430664,106.01000213623047,99.48343658447266,748700
2017-06-30,CASY,CASY,106.01000213623047,107.72000122070312,105.66999816894531,107.11000061035156,100.51571655273438,653800
2017-07-03,CASY,CASY,107.2300033569336,107.73999786376953,106.12999725341797,106.91999816894531,100.33743286132812,242200
2017-07-05,CASY,CASY,106.83000183105469,107.29000091552734,104.58999633789062,105.01000213623047,98.54502868652344,652200
2017-07-06,CASY,CASY,105.02999877929688,106.08999633789062,103.44000244140625,103.68000030517578,97.29691314697266,1020400
2017-07-07,CASY,CASY,103.66999816894531,104.6500015258789,102.91999816894531,104.2699966430664,97.85055541992188,521100
2017-07-10,CASY,CASY,104.30000305175781,104.62000274658203,101.9800033569336,102.16000366210938,95.8704833984375,794300
2017-07-11,CASY,CASY,102.30000305175781,103.1500015258789,101.88999938964844,102.7300033569336,96.40538024902344,402600
2017-07-12,CASY,CASY,103.55999755859375,104.83000183105469,102.81999969482422,104.11000061035156,97.70044708251953,438400
2017-07-13,CASY,CASY,104.55000305175781,105.23999786376953,104.0999984741211,104.5,98.06641387939453,464200
2017-07-14,CASY,CASY,104.8499984741211,105.3499984741211,104.20999908447266,104.87000274658203,98.41363525390625,373400
2017-07-17,CASY,CASY,104.62000274658203,104.9000015258789,104.08000183105469,104.12000274658203,97.70983123779297,442800
2017-07-18,CASY,CASY,104.48999786376953,104.91000366210938,103.26000213623047,104.16000366210938,97.74735260009766,506100
2017-07-19,CASY,CASY,104.51000213623047,105.95999908447266,104.44999694824219,105.56999969482422,99.07054138183594,437500
2017-07-20,CASY,CASY,105.80000305175781,107.44000244140625,105.62000274658203,106.75,100.17790985107422,507400
2017-07-21,CASY,CASY,106.76000213623047,107.47000122070312,106.05000305175781,106.70999908447266,100.14035034179688,480900
2017-07-24,CASY,CASY,107.11000061035156,107.5999984741211,106.31999969482422,106.91999816894531,100.33743286132812,371600
2017-07-25,CASY,CASY,107.0,108.83000183105469,106.47000122070312,108.5,101.82015228271484,540200
2017-07-26,CASY,CASY,108.7300033569336,108.7300033569336,106.86000061035156,106.94000244140625,100.3561782836914,409700
2017-07-27,CASY,CASY,107.2699966430664,108.55000305175781,106.44999694824219,108.22000122070312,101.55738067626953,434500
2017-07-28,CASY,CASY,107.7699966430664,108.12999725341797,105.87000274658203,105.9000015258789,99.61956024169922,522000
2017-07-31,CASY,CASY,105.66999816894531,106.83999633789062,105.06999969482422,106.75,100.4191665649414,396600
2017-08-01,CASY,CASY,106.83000183105469,107.98999786376953,106.20999908447266,107.3499984741211,100.98355865478516,334400
2017-08-02,CASY,CASY,107.45999908447266,108.36000061035156,106.48999786376953,108.19999694824219,101.78315734863281,418200
2017-08-03,CASY,CASY,108.37000274658203,109.20999908447266,107.77999877929688,109.1500015258789,102.67681121826172,418300
2017-08-04,CASY,CASY,108.87999725341797,110.44999694824219,108.77999877929688,109.45999908447266,102.96846008300781,407300
2017-08-07,CASY,CASY,109.30999755859375,109.95999908447266,108.05000305175781,108.87999725341797,102.42283630371094,298900
2017-08-08,CASY,CASY,108.87999725341797,109.26000213623047,107.51000213623047,107.70999908447266,101.32221221923828,276900
2017-08-09,CASY,CASY,107.66999816894531,107.98999786376953,106.37999725341797,106.9800033569336,100.6355209350586,321700
2017-08-10,CASY,CASY,106.94999694824219,107.18000030517578,105.8499984741211,106.12999725341797,99.83592987060547,303700
2017-08-11,CASY,CASY,106.4000015258789,107.69000244140625,106.20999908447266,106.52999877929688,100.21219635009766,304400
2017-08-14,CASY,CASY,107.19999694824219,107.2300033569336,105.54000091552734,105.58000183105469,99.31852722167969,436800
2017-08-15,CASY,CASY,105.19999694824219,105.22000122070312,103.55000305175781,104.37000274658203,98.18028259277344,358500
2017-08-16,CASY,CASY,104.75,106.04000091552734,104.05999755859375,104.81999969482422,98.60360717773438,383300
2017-08-17,CASY,CASY,104.30000305175781,105.45999908447266,104.0199966430664,104.18000030517578,98.0015640258789,338600
2017-08-18,CASY,CASY,104.0199966430664,105.73999786376953,103.47000122070312,104.2699966430664,98.08621978759766,422100
2017-08-21,CASY,CASY,103.66999816894531,104.43000030517578,102.68000030517578,103.27999877929688,97.1549301147461,409600
2017-08-22,CASY,CASY,104.18000030517578,105.0,103.7300033569336,104.94000244140625,98.71649169921875,264900
2017-08-23,CASY,CASY,104.69000244140625,105.68000030517578,104.22000122070312,104.94000244140625,98.71649169921875,244700
2017-08-24,CASY,CASY,105.37999725341797,105.6500015258789,102.7300033569336,102.94000244140625,96.83511352539062,440300
2017-08-25,CASY,CASY,103.12999725341797,105.61000061035156,103.08999633789062,105.16999816894531,98.93284606933594,303100
2017-08-28,CASY,CASY,105.16000366210938,105.80000305175781,104.05999755859375,105.27999877929688,99.03633880615234,336100
2017-08-29,CASY,CASY,104.08999633789062,104.69999694824219,103.73999786376953,104.11000061035156,97.93571472167969,286500
2017-08-30,CASY,CASY,103.66000366210938,105.16000366210938,103.43000030517578,104.93000030517578,98.70708465576172,407800
2017-08-31,CASY,CASY,104.58999633789062,105.62000274658203,104.38999938964844,105.41999816894531,99.16802215576172,362100
2017-09-01,CASY,CASY,105.55000305175781,106.81999969482422,105.20999908447266,105.48999786376953,99.2338638305664,591700
2017-09-05,CASY,CASY,105.52999877929688,107.16000366210938,103.62999725341797,104.83000183105469,98.613037109375,1022400
2017-09-06,CASY,CASY,106.08999633789062,106.73999786376953,99.76000213623047,106.48999786376953,100.174560546875,1338900
2017-09-07,CASY,CASY,106.5999984741211,108.25,104.45999908447266,108.18000030517578,101.7643051147461,829200
2017-09-08,CASY,CASY,107.54000091552734,108.69000244140625,106.33999633789062,107.19000244140625,100.83304595947266,635600
2017-09-11,CASY,CASY,107.9000015258789,107.9800033569336,105.87000274658203,106.08999633789062,99.79830169677734,411100
2017-09-12,CASY,CASY,106.13999938964844,107.2699966430664,105.44999694824219,106.98999786376953,100.64492797851562,527300
2017-09-13,CASY,CASY,107.0199966430664,107.86000061035156,106.58000183105469,106.83000183105469,100.4944076538086,298700
2017-09-14,CASY,CASY,106.80999755859375,106.80999755859375,105.1500015258789,105.26000213623047,99.01750183105469,364500
2017-09-15,CASY,CASY,105.30999755859375,106.9800033569336,105.19000244140625,106.75,100.4191665649414,652600
2017-09-18,CASY,CASY,106.80000305175781,108.73999786376953,106.30999755859375,108.12999725341797,101.71727752685547,436400
2017-09-19,CASY,CASY,108.13999938964844,108.94000244140625,107.55000305175781,107.58999633789062,101.20932006835938,394800
2017-09-20,CASY,CASY,107.69999694824219,109.0999984741211,107.47000122070312,108.9800033569336,102.51688385009766,360800
2017-09-21,CASY,CASY,108.98999786376953,109.73999786376953,108.0199966430664,108.08999633789062,101.67967224121094,287400
2017-09-22,CASY,CASY,107.79000091552734,108.55999755859375,107.55000305175781,107.88999938964844,101.49153900146484,230600
2017-09-25,CASY,CASY,107.6500015258789,110.44999694824219,107.55999755859375,110.18000030517578,103.64570617675781,491000
2017-09-26,CASY,CASY,110.19000244140625,112.61000061035156,109.93000030517578,110.87999725341797,104.30419921875,448900
2017-09-27,CASY,CASY,111.6500015258789,112.29000091552734,109.80999755859375,110.91999816894531,104.3418197631836,405100
2017-09-28,CASY,CASY,110.83999633789062,111.16000366210938,109.58000183105469,110.27999877929688,103.73979949951172,369100
2017-09-29,CASY,CASY,110.43000030517578,110.43000030517578,109.08999633789062,109.44999694824219,102.95901489257812,388500
2017-10-02,CASY,CASY,109.77999877929688,109.77999877929688,107.97000122070312,108.23999786376953,101.82079315185547,448800
2017-10-03,CASY,CASY,109.02999877929688,109.69999694824219,108.37999725341797,109.16000366210938,102.68622589111328,421700
2017-10-04,CASY,CASY,109.18000030517578,110.62999725341797,108.7699966430664,110.02999877929688,103.50462341308594,367400
2017-10-05,CASY,CASY,110.0999984741211,111.04000091552734,109.9800033569336,110.70999908447266,104.14427947998047,522400
2017-10-06,CASY,CASY,110.04000091552734,112.5999984741211,110.04000091552734,111.05999755859375,104.47354888916016,400200
2017-10-09,CASY,CASY,111.33000183105469,111.80999755859375,109.66999816894531,109.86000061035156,103.34471130371094,289800
2017-10-10,CASY,CASY,110.19999694824219,111.13999938964844,109.72000122070312,109.9800033569336,103.45761108398438,294500
2017-10-11,CASY,CASY,110.41000366210938,112.30000305175781,110.0199966430664,110.11000061035156,103.57988739013672,355700
2017-10-12,CASY,CASY,110.48999786376953,113.44999694824219,110.48999786376953,112.72000122070312,106.03508758544922,406900
2017-10-13,CASY,CASY,113.33999633789062,115.33999633789062,112.93000030517578,114.4000015258789,107.61546325683594,460800
2017-10-16,CASY,CASY,114.12999725341797,114.7699966430664,113.5,113.7300033569336,106.98519134521484,271400
2017-10-17,CASY,CASY,113.7300033569336,113.91999816894531,112.58000183105469,113.4000015258789,106.67475891113281,400300
2017-10-18,CASY,CASY,113.20999908447266,113.48999786376953,111.75,111.77999877929688,105.15083312988281,356600
2017-10-19,CASY,CASY,111.70999908447266,112.5199966430664,110.25,111.29000091552734,104.68990325927734,347800
2017-10-20,CASY,CASY,111.5999984741211,112.3499984741211,111.0999984741211,112.1500015258789,105.4989013671875,374700
2017-10-23,CASY,CASY,112.12000274658203,114.11000061035156,111.6500015258789,113.93000030517578,107.1733627319336,336700
2017-10-24,CASY,CASY,114.08999633789062,114.93000030517578,113.36000061035156,114.33000183105469,107.54963684082031,205800
2017-10-25,CASY,CASY,114.31999969482422,114.55999755859375,112.52999877929688,114.05000305175781,107.28620147705078,251900
2017-10-26,CASY,CASY,114.33000183105469,115.23999786376953,112.80999755859375,113.72000122070312,106.97578430175781,397500
2017-10-27,CASY,CASY,113.72000122070312,114.30999755859375,112.7300033569336,114.05000305175781,107.28620147705078,234000
2017-10-30,CASY,CASY,113.47000122070312,114.77999877929688,113.43000030517578,114.4800033569336,107.69071197509766,250200
2017-10-31,CASY,CASY,114.18000030517578,115.63999938964844,114.18000030517578,114.56999969482422,108.0207290649414,253600
2017-11-01,CASY,CASY,114.73999786376953,115.94999694824219,114.18000030517578,114.5199966430664,107.97356414794922,467900
2017-11-02,CASY,CASY,114.86000061035156,116.3499984741211,113.97000122070312,115.94999694824219,109.32181549072266,357300
2017-11-03,CASY,CASY,115.58000183105469,116.9000015258789,115.08000183105469,116.66000366210938,109.9912109375,386500
2017-11-06,CASY,CASY,116.6500015258789,117.20999908447266,115.6500015258789,116.19999694824219,109.5575180053711,269600
2017-11-07,CASY,CASY,116.41999816894531,116.87000274658203,112.05000305175781,113.58999633789062,107.09673309326172,484200
2017-11-08,CASY,CASY,113.37999725341797,114.7699966430664,112.41999816894531,113.95999908447266,107.4455795288086,492000
2017-11-09,CASY,CASY,114.12999725341797,114.6500015258789,113.38999938964844,113.81999969482422,107.3135757446289,348300
2017-11-10,CASY,CASY,114.19000244140625,115.77999877929688,113.63999938964844,115.44000244140625,108.84095764160156,415700
2017-11-13,CASY,CASY,115.19999694824219,116.31999969482422,115.05999755859375,115.62000274658203,109.01068115234375,335900
2017-11-14,CASY,CASY,115.0,116.05999755859375,115.0,115.9800033569336,109.35010528564453,207700
2017-11-15,CASY,CASY,115.25,115.68000030517578,114.37999725341797,114.76000213623047,108.19987487792969,455900
2017-11-16,CASY,CASY,114.94999694824219,117.0199966430664,114.94999694824219,116.83000183105469,110.15152740478516,229900
2017-11-17,CASY,CASY,117.02999877929688,118.58000183105469,117.02999877929688,118.04000091552734,111.29232788085938,462800
2017-11-20,CASY,CASY,117.83999633789062,119.37999725341797,117.05000305175781,119.23999786376953,112.42375946044922,285200
2017-11-21,CASY,CASY,119.26000213623047,119.26000213623047,118.13999938964844,118.70999908447266,111.92404174804688,253600
2017-11-22,CASY,CASY,118.61000061035156,119.55999755859375,118.61000061035156,119.30000305175781,112.48033142089844,210400
2017-11-24,CASY,CASY,119.55000305175781,120.62999725341797,118.4800033569336,119.26000213623047,112.44259643554688,132600
2017-11-27,CASY,CASY,119.55999755859375,121.02999877929688,117.86000061035156,117.87999725341797,111.14149475097656,308400
2017-11-28,CASY,CASY,118.0999984741211,119.36000061035156,117.58999633789062,119.11000061035156,112.3011474609375,596400
2017-11-29,CASY,CASY,119.33999633789062,123.38999938964844,119.33999633789062,122.31999969482422,115.32770538330078,344400
2017-11-30,CASY,CASY,122.55999755859375,124.55000305175781,119.93000030517578,120.75,113.8474349975586,423400
2017-12-01,CASY,CASY,120.73999786376953,122.04000091552734,118.62000274658203,120.5199966430664,113.63056945800781,327800
2017-12-04,CASY,CASY,121.58999633789062,122.83999633789062,120.97000122070312,121.66999816894531,114.7148208618164,358700
2017-12-05,CASY,CASY,121.68000030517578,123.58000183105469,121.3499984741211,123.43000030517578,116.37425231933594,399800
2017-12-06,CASY,CASY,123.81999969482422,125.12000274658203,123.56999969482422,124.56999969482422,117.44906616210938,411300
2017-12-07,CASY,CASY,124.37999725341797,125.3499984741211,123.0999984741211,123.66999816894531,116.60050201416016,437000
2017-12-08,CASY,CASY,124.05000305175781,125.05999755859375,123.5199966430664,124.80999755859375,117.67533874511719,377100
2017-12-11,CASY,CASY,125.05999755859375,125.16999816894531,120.7300033569336,121.25,114.31884765625,815600
2017-12-12,CASY,CASY,114.5,114.5,106.86000061035156,107.18000030517578,101.05313873291016,4063100
2017-12-13,CASY,CASY,107.0199966430664,108.55999755859375,105.83000183105469,107.86000061035156,101.69429779052734,1099900
2017-12-14,CASY,CASY,107.38999938964844,107.38999938964844,104.58999633789062,104.79000091552734,98.79978942871094,882000
2017-12-15,CASY,CASY,104.69000244140625,106.7300033569336,103.5,106.2300033569336,100.157470703125,1000500
2017-12-18,CASY,CASY,106.4000015258789,108.29000091552734,106.4000015258789,107.91999816894531,101.7508544921875,567800
2017-12-19,CASY,CASY,107.58000183105469,108.12000274658203,106.61000061035156,107.91000366210938,101.74143981933594,467200
2017-12-20,CASY,CASY,107.66999816894531,110.76000213623047,107.33000183105469,110.22000122070312,103.91937255859375,552600
2017-12-21,CASY,CASY,110.22000122070312,110.75,109.66000366210938,110.08999633789062,103.79680633544922,388100
2017-12-22,CASY,CASY,110.48999786376953,111.54000091552734,109.86000061035156,111.05999755859375,104.71136474609375,287000
2017-12-26,CASY,CASY,110.77999877929688,111.93000030517578,109.66999816894531,110.62999725341797,104.30593872070312,324900
2017-12-27,CASY,CASY,110.44999694824219,111.37000274658203,110.4000015258789,111.20999908447266,104.85277557373047,451800
2017-12-28,CASY,CASY,111.36000061035156,112.8499984741211,109.77999877929688,112.4800033569336,106.05018615722656,456200
2017-12-29,CASY,CASY,112.58000183105469,112.93000030517578,111.75,111.94000244140625,105.54104614257812,421300
2018-01-02,CASY,CASY,111.9800033569336,113.13999938964844,111.5,112.38999938964844,105.9653091430664,495200
2018-01-03,CASY,CASY,114.31999969482422,121.33999633789062,113.75,120.20999908447266,113.33831024169922,1648600
2018-01-04,CASY,CASY,121.4000015258789,123.55000305175781,119.79000091552734,122.69999694824219,115.68596649169922,645500
2018-01-05,CASY,CASY,123.58000183105469,125.2699966430664,120.80999755859375,121.44000244140625,114.49798583984375,709100
2018-01-08,CASY,CASY,120.6500015258789,123.26000213623047,120.61000061035156,122.98999786376953,115.95936584472656,343700
2018-01-09,CASY,CASY,123.12999725341797,123.12999725341797,120.69999694824219,122.43000030517578,115.43141174316406,276100
2018-01-10,CASY,CASY,121.93000030517578,121.93000030517578,119.83000183105469,120.08000183105469,113.2157211303711,599900
2018-01-11,CASY,CASY,120.44999694824219,122.22000122070312,119.36000061035156,122.20999908447266,115.2239761352539,337600
2018-01-12,CASY,CASY,122.88999938964844,125.55000305175781,119.4000015258789,124.25,117.14734649658203,391200
2018-01-16,CASY,CASY,124.91999816894531,125.12000274658203,122.87999725341797,123.05999755859375,116.02536010742188,320300
2018-01-17,CASY,CASY,123.52999877929688,123.87000274658203,122.20999908447266,122.94000244140625,115.91223907470703,301000
2018-01-18,CASY,CASY,122.9000015258789,124.37999725341797,122.22000122070312,123.55000305175781,116.48735809326172,285900
2018-01-19,CASY,CASY,123.0,123.41000366210938,121.5999984741211,122.12000274658203,115.13911437988281,530200
2018-01-22,CASY,CASY,122.31999969482422,122.70999908447266,121.5,122.12999725341797,115.14854431152344,427900
2018-01-23,CASY,CASY,122.19999694824219,124.83000183105469,121.44000244140625,124.04000091552734,116.94937896728516,271700
2018-01-24,CASY,CASY,124.6500015258789,125.80999755859375,123.5199966430664,124.86000061035156,117.72249603271484,231900
2018-01-25,CASY,CASY,125.43000030517578,126.3499984741211,123.68000030517578,124.36000061035156,117.25105285644531,335400
2018-01-26,CASY,CASY,124.27999877929688,128.50999450683594,122.44999694824219,127.7300033569336,120.42842102050781,834100
2018-01-29,CASY,CASY,127.33999633789062,128.13999938964844,124.04000091552734,124.25,117.14734649658203,447800
2018-01-30,CASY,CASY,123.66000366210938,123.66000366210938,121.83999633789062,123.0,115.96881866455078,398100
2018-01-31,CASY,CASY,123.05000305175781,124.27999877929688,120.83000183105469,121.11000061035156,114.4287338256836,290500
2018-02-01,CASY,CASY,120.7699966430664,121.29000091552734,118.1500015258789,119.95999908447266,113.34217834472656,359700
2018-02-02,CASY,CASY,119.0,119.0,116.87000274658203,117.19999694824219,110.73444366455078,258500
2018-02-05,CASY,CASY,116.20999908447266,117.16999816894531,112.75,112.94000244140625,106.70942687988281,392700
2018-02-06,CASY,CASY,111.80000305175781,115.37999725341797,110.76000213623047,114.8499984741211,108.51406860351562,457000
2018-02-07,CASY,CASY,114.8499984741211,116.87999725341797,114.55999755859375,115.02999877929688,108.68414306640625,339800
2018-02-08,CASY,CASY,115.22000122070312,115.52999877929688,112.45999908447266,112.58000183105469,106.36933135986328,653300
2018-02-09,CASY,CASY,113.5,114.11000061035156,109.0,111.94000244140625,105.76461791992188,358200
2018-02-12,CASY,CASY,112.33999633789062,113.1500015258789,110.58999633789062,111.26000213623047,105.12213134765625,383700
2018-02-13,CASY,CASY,110.83000183105469,112.83999633789062,110.05999755859375,112.52999877929688,106.32206726074219,370300
2018-02-14,CASY,CASY,111.9800033569336,114.63999938964844,111.80000305175781,113.79000091552734,107.5125503540039,380300
2018-02-15,CASY,CASY,114.41999816894531,115.2699966430664,112.97000122070312,115.18000030517578,108.82585906982422,308600
2018-02-16,CASY,CASY,115.38999938964844,117.8499984741211,115.11000061035156,116.79000091552734,110.34706115722656,550800
2018-02-20,CASY,CASY,115.93000030517578,116.75,114.30000305175781,115.3499984741211,108.98648834228516,378100
2018-02-21,CASY,CASY,115.63999938964844,115.91000366210938,113.61000061035156,113.69999694824219,107.42752838134766,399000
2018-02-22,CASY,CASY,113.95999908447266,114.30999755859375,112.51000213623047,112.72000122070312,106.50160217285156,270400
2018-02-23,CASY,CASY,113.37000274658203,113.54000091552734,111.5199966430664,112.12999725341797,105.94412994384766,399200
2018-02-26,CASY,CASY,112.16000366210938,114.69999694824219,111.61000061035156,113.80999755859375,107.53145599365234,399100
2018-02-27,CASY,CASY,114.19999694824219,114.47000122070312,113.4800033569336,113.73999786376953,107.46531677246094,293400
2018-02-28,CASY,CASY,114.01000213623047,114.1500015258789,112.30000305175781,112.30999755859375,106.11421966552734,241200
2018-03-01,CASY,CASY,112.30999755859375,114.47000122070312,111.69000244140625,112.45999908447266,106.2559585571289,357400
2018-03-02,CASY,CASY,111.63999938964844,112.25,109.44000244140625,111.9000015258789,105.72681427001953,451300
2018-03-05,CASY,CASY,111.22000122070312,112.81999969482422,110.26000213623047,111.55000305175781,105.39614868164062,452400
2018-03-06,CASY,CASY,111.47000122070312,112.3499984741211,110.2699966430664,111.16000366210938,105.02764129638672,779400
2018-03-07,CASY,CASY,108.68000030517578,114.5999984741211,105.44999694824219,112.58000183105469,106.36933135986328,1257300
2018-03-08,CASY,CASY,111.30999755859375,111.69999694824219,108.37999725341797,109.08000183105469,103.0623779296875,658100
2018-03-09,CASY,CASY,109.33000183105469,111.97000122070312,108.0,110.80000305175781,104.68749237060547,531400
2018-03-12,CASY,CASY,111.26000213623047,112.38999938964844,110.38999938964844,111.80999755859375,105.64179229736328,303800
2018-03-13,CASY,CASY,111.83000183105469,111.83000183105469,110.52999877929688,111.38999938964844,105.2449722290039,476800
2018-03-14,CASY,CASY,112.0,112.16000366210938,110.80000305175781,111.56999969482422,105.41504669189453,454000
2018-03-15,CASY,CASY,111.79000091552734,112.0199966430664,110.55000305175781,110.69999694824219,104.59300231933594,373300
2018-03-16,CASY,CASY,110.9000015258789,112.16000366210938,110.5199966430664,111.13999938964844,105.0087661743164,847500
2018-03-19,CASY,CASY,110.97000122070312,113.55000305175781,110.86000061035156,112.58999633789062,106.37875366210938,402400
2018-03-20,CASY,CASY,112.37000274658203,112.9800033569336,110.08999633789062,110.44999694824219,104.35681915283203,337900
2018-03-21,CASY,CASY,110.76000213623047,112.5,110.11000061035156,111.08000183105469,104.9520492553711,513300
2018-03-22,CASY,CASY,110.5199966430664,112.04000091552734,109.41999816894531,109.51000213623047,103.46868133544922,263100
2018-03-23,CASY,CASY,109.62999725341797,110.70999908447266,107.05000305175781,107.2699966430664,101.35225677490234,482500
2018-03-26,CASY,CASY,108.08999633789062,108.11000061035156,106.56999969482422,107.9000015258789,101.94747924804688,522600
2018-03-27,CASY,CASY,107.97000122070312,111.1500015258789,106.6500015258789,107.18000030517578,101.26720428466797,315700
2018-03-28,CASY,CASY,107.47000122070312,108.19999694824219,106.5199966430664,107.44999694824219,101.52230834960938,316600
2018-03-29,CASY,CASY,108.0,110.19999694824219,107.93000030517578,109.7699966430664,103.71434783935547,364200
2018-04-02,CASY,CASY,109.7699966430664,110.38999938964844,108.23999786376953,109.19999694824219,103.17576599121094,418100
2018-04-03,CASY,CASY,109.83000183105469,110.83000183105469,107.66999816894531,109.13999938964844,103.11905670166016,462900
2018-04-04,CASY,CASY,107.88999938964844,110.16999816894531,107.37999725341797,109.58000183105469,103.53480529785156,441700
2018-04-05,CASY,CASY,109.25,109.25,107.04000091552734,107.63999938964844,101.70182037353516,384700
2018-04-06,CASY,CASY,107.13999938964844,109.0999984741211,106.38999938964844,107.18000030517578,101.26720428466797,333200
2018-04-09,CASY,CASY,107.3499984741211,108.73999786376953,106.45999908447266,107.41999816894531,101.49398803710938,278200
2018-04-10,CASY,CASY,108.0,108.0999984741211,106.80000305175781,107.5199966430664,101.58843994140625,365300
2018-04-11,CASY,CASY,107.02999877929688,108.37999725341797,106.33999633789062,107.41999816894531,101.49398803710938,364900
2018-04-12,CASY,CASY,108.05000305175781,108.5199966430664,106.91999816894531,107.04000091552734,101.13495635986328,350000
2018-04-13,CASY,CASY,106.56999969482422,106.80000305175781,100.41999816894531,101.56999969482422,95.9666976928711,894700
2018-04-16,CASY,CASY,101.87999725341797,103.0,100.13999938964844,101.86000061035156,96.24067687988281,369000
2018-04-17,CASY,CASY,102.44000244140625,103.43000030517578,101.5999984741211,101.86000061035156,96.24067687988281,436100
2018-04-18,CASY,CASY,101.75,103.5,101.47000122070312,101.8499984741211,96.23125457763672,382900
2018-04-19,CASY,CASY,101.87000274658203,102.19000244140625,101.0999984741211,101.45999908447266,95.86276245117188,356800
2018-04-20,CASY,CASY,101.87999725341797,102.86000061035156,100.22000122070312,100.7699966430664,95.2108383178711,317400
2018-04-23,CASY,CASY,100.13999938964844,101.43000030517578,98.0199966430664,98.18000030517578,92.76371765136719,516500
2018-04-24,CASY,CASY,98.79000091552734,99.22000122070312,96.80999755859375,96.97000122070312,91.62049102783203,489600
2018-04-25,CASY,CASY,96.58999633789062,98.38999938964844,96.18000030517578,97.79000091552734,92.39524841308594,366100
2018-04-26,CASY,CASY,97.77999877929688,98.20999908447266,97.08000183105469,97.16999816894531,91.80943298339844,392500
2018-04-27,CASY,CASY,97.16999816894531,97.80000305175781,95.93000030517578,96.56999969482422,91.24252319335938,512500
2018-04-30,CASY,CASY,96.5999984741211,97.69999694824219,96.58000183105469,96.5999984741211,91.51726531982422,648400
2018-05-01,CASY,CASY,96.54000091552734,98.73999786376953,95.62000274658203,98.33000183105469,93.15625,556200
2018-05-02,CASY,CASY,97.88999938964844,99.83999633789062,96.43000030517578,99.0,93.79096984863281,790700
2018-05-03,CASY,CASY,98.77999877929688,99.58999633789062,98.06999969482422,98.80000305175781,93.60150909423828,482600
2018-05-04,CASY,CASY,98.95999908447266,100.5,98.7699966430664,99.54000091552734,94.30258178710938,406300
2018-05-07,CASY,CASY,99.80999755859375,101.5199966430664,99.55999755859375,100.95999908447266,95.6478500366211,475800
2018-05-08,CASY,CASY,101.0,101.73999786376953,98.66000366210938,98.69000244140625,93.49730682373047,631600
2018-05-09,CASY,CASY,98.81999969482422,100.30000305175781,98.41000366210938,99.44000244140625,94.20783996582031,346400
2018-05-10,CASY,CASY,99.87000274658203,99.87000274658203,99.0199966430664,99.33000183105469,94.1036376953125,208200
2018-05-11,CASY,CASY,99.08000183105469,100.30000305175781,99.04000091552734,99.73999786376953,94.49207305908203,288700
2018-05-14,CASY,CASY,99.5,100.6500015258789,99.12999725341797,100.20999908447266,94.93733978271484,505100
2018-05-15,CASY,CASY,100.16999816894531,100.97000122070312,99.7300033569336,100.36000061035156,95.0794677734375,273300
2018-05-16,CASY,CASY,100.62000274658203,102.0199966430664,100.48999786376953,101.51000213623047,96.16891479492188,375300
2018-05-17,CASY,CASY,101.75,102.41999816894531,101.08000183105469,101.2300033569336,95.90367126464844,417100
2018-05-18,CASY,CASY,101.37999725341797,101.83999633789062,100.27999877929688,100.58999633789062,95.2973403930664,494700
2018-05-21,CASY,CASY,100.76000213623047,101.22000122070312,100.05999755859375,100.30000305175781,95.02259063720703,398900
2018-05-22,CASY,CASY,100.08999633789062,100.08999633789062,96.2699966430664,96.77999877929688,91.68780517578125,710700
2018-05-23,CASY,CASY,96.30999755859375,104.2300033569336,95.18000030517578,99.8499984741211,94.59624481201172,3663900
2018-05-24,CASY,CASY,99.8499984741211,100.0199966430664,95.80000305175781,96.72000122070312,91.6309585571289,1095100
2018-05-25,CASY,CASY,96.69000244140625,97.44999694824219,95.9000015258789,96.25,91.18568420410156,473600
2018-05-29,CASY,CASY,95.7699966430664,97.41999816894531,95.45999908447266,96.75,91.65937805175781,609200
2018-05-30,CASY,CASY,97.12999725341797,99.19000244140625,96.69000244140625,98.83999633789062,93.63939666748047,540000
2018-05-31,CASY,CASY,98.61000061035156,99.0,96.33000183105469,96.80000305175781,91.70674133300781,578300
2018-06-01,CASY,CASY,97.4000015258789,97.66000366210938,96.5199966430664,96.69999694824219,91.61201477050781,514400
2018-06-04,CASY,CASY,97.19999694824219,98.97000122070312,95.87999725341797,96.16999816894531,91.1098861694336,528700
2018-06-05,CASY,CASY,96.05000305175781,98.1500015258789,95.66999816894531,97.75,92.60678100585938,728300
2018-06-06,CASY,CASY,98.19000244140625,98.86000061035156,97.58999633789062,98.69999694824219,93.50676727294922,391000
2018-06-07,CASY,CASY,98.70999908447266,98.80000305175781,96.52999877929688,96.80999755859375,91.71620178222656,350200
2018-06-08,CASY,CASY,96.73999786376953,97.6500015258789,96.05999755859375,96.61000061035156,91.52674102783203,502700
2018-06-11,CASY,CASY,96.69000244140625,97.62000274658203,95.52999877929688,96.37000274658203,91.29937744140625,639700
2018-06-12,CASY,CASY,94.30000305175781,97.25,90.41999816894531,96.66999816894531,91.58358764648438,2283800
2018-06-13,CASY,CASY,96.52999877929688,100.58999633789062,95.2699966430664,99.18000030517578,93.96153259277344,994400
2018-06-14,CASY,CASY,99.16999816894531,100.2699966430664,98.8499984741211,99.11000061035156,93.89521789550781,439400
2018-06-15,CASY,CASY,99.16999816894531,101.0199966430664,99.05999755859375,100.83000183105469,95.52471923828125,601900
2018-06-18,CASY,CASY,100.48999786376953,102.5199966430664,99.72000122070312,100.61000061035156,95.3162841796875,641200
2018-06-19,CASY,CASY,100.1500015258789,101.0199966430664,99.33999633789062,100.55999755859375,95.26891326904297,477500
2018-06-20,CASY,CASY,101.04000091552734,103.81999969482422,99.8499984741211,103.7300033569336,98.27212524414062,609700
2018-06-21,CASY,CASY,103.72000122070312,107.04000091552734,103.72000122070312,106.66999816894531,101.05742645263672,809200
2018-06-22,CASY,CASY,107.5,108.12000274658203,105.69999694824219,106.83999633789062,101.21847534179688,1017900
2018-06-25,CASY,CASY,106.8499984741211,108.79000091552734,106.2699966430664,108.33999633789062,102.63956451416016,609800
2018-06-26,CASY,CASY,108.5999984741211,108.91000366210938,106.94999694824219,107.20999908447266,101.56903839111328,490000
2018-06-27,CASY,CASY,106.76000213623047,108.45999908447266,105.01000213623047,106.51000213623047,100.90583038330078,622700
2018-06-28,CASY,CASY,106.1500015258789,107.2300033569336,104.62999725341797,106.16999816894531,100.583740234375,911400
2018-06-29,CASY,CASY,105.95999908447266,106.13999938964844,104.48999786376953,105.08000183105469,99.55110168457031,541100
2018-07-02,CASY,CASY,104.58000183105469,104.69999694824219,102.47000122070312,103.54000091552734,98.09211730957031,431100
2018-07-03,CASY,CASY,103.62999725341797,104.9000015258789,102.68000030517578,102.8499984741211,97.43841552734375,192000
2018-07-05,CASY,CASY,103.29000091552734,105.27999877929688,102.95999908447266,105.22000122070312,99.68370056152344,286100
2018-07-06,CASY,CASY,105.47000122070312,107.55000305175781,105.47000122070312,106.88999938964844,101.2658462524414,357000
2018-07-09,CASY,CASY,107.08000183105469,108.47000122070312,107.08000183105469,108.02999877929688,102.34587860107422,282700
2018-07-10,CASY,CASY,108.37999725341797,108.55000305175781,107.05999755859375,107.7300033569336,102.06167602539062,205000
2018-07-11,CASY,CASY,107.68000030517578,108.37000274658203,106.6500015258789,107.81999969482422,102.14690399169922,309800
2018-07-12,CASY,CASY,108.0,109.12999725341797,107.7699966430664,108.93000030517578,103.1985092163086,241000
2018-07-13,CASY,CASY,108.26000213623047,109.95999908447266,108.26000213623047,109.16999816894531,103.4259033203125,300900
2018-07-16,CASY,CASY,109.30999755859375,109.72000122070312,107.80999755859375,109.66999816894531,103.89957427978516,238500
2018-07-17,CASY,CASY,109.73999786376953,112.20999908447266,109.4800033569336,111.08000183105469,105.23538970947266,386700
2018-07-18,CASY,CASY,111.3499984741211,111.4000015258789,108.62999725341797,108.63999938964844,102.92379760742188,375600
2018-07-19,CASY,CASY,108.1500015258789,109.62000274658203,108.05999755859375,109.16000366210938,103.41641998291016,276400
2018-07-20,CASY,CASY,108.88999938964844,109.87000274658203,108.80000305175781,109.66999816894531,103.89957427978516,162900
2018-07-23,CASY,CASY,109.6500015258789,110.6500015258789,109.05999755859375,109.33000183105469,103.57747650146484,249300
2018-07-24,CASY,CASY,109.33999633789062,109.36000061035156,107.52999877929688,108.5,102.79114532470703,229700
2018-07-25,CASY,CASY,107.66000366210938,108.16999816894531,106.75,107.91999816894531,102.24166870117188,258600
2018-07-26,CASY,CASY,108.0999984741211,110.27999877929688,107.80000305175781,109.43000030517578,103.67220306396484,406600
2018-07-27,CASY,CASY,109.4000015258789,109.69000244140625,108.5199966430664,108.88999938964844,103.16061401367188,221300
2018-07-30,CASY,CASY,108.62999725341797,110.43000030517578,108.62999725341797,109.97000122070312,104.18378448486328,273500
2018-07-31,CASY,CASY,109.94999694824219,109.9800033569336,109.08000183105469,109.37999725341797,103.8988265991211,319200
2018-08-01,CASY,CASY,108.8499984741211,109.37999725341797,107.79000091552734,108.30000305175781,102.87296295166016,159100
2018-08-02,CASY,CASY,108.5,110.69000244140625,108.5,110.41000366210938,104.8772201538086,263400
2018-08-03,CASY,CASY,110.37000274658203,111.4000015258789,110.26000213623047,110.69000244140625,105.14318084716797,238400
2018-08-06,CASY,CASY,110.87999725341797,111.44000244140625,110.05000305175781,111.23999786376953,105.66561889648438,204800
2018-08-07,CASY,CASY,111.25,113.38999938964844,111.25,112.05000305175781,106.43502807617188,219700
2018-08-08,CASY,CASY,112.31999969482422,113.1500015258789,112.23999786376953,112.97000122070312,107.3089370727539,175500
2018-08-09,CASY,CASY,113.08999633789062,113.62000274658203,111.95999908447266,112.58000183105469,106.93848419189453,246100
2018-08-10,CASY,CASY,112.11000061035156,112.8499984741211,110.58999633789062,110.83999633789062,105.2856674194336,188700
2018-08-13,CASY,CASY,111.19000244140625,111.41999816894531,110.43000030517578,111.0,105.43766784667969,212700
2018-08-14,CASY,CASY,111.25,113.08000183105469,111.19000244140625,112.9000015258789,107.24242401123047,270700
2018-08-15,CASY,CASY,112.54000091552734,113.62999725341797,112.2300033569336,112.66000366210938,107.01445770263672,204200
2018-08-16,CASY,CASY,113.56999969482422,114.47000122070312,113.0999984741211,113.54000091552734,107.85037231445312,238900
2018-08-17,CASY,CASY,113.52999877929688,114.87000274658203,113.20999908447266,114.63999938964844,108.8952407836914,199100
2018-08-20,CASY,CASY,114.95999908447266,116.12999725341797,114.62999725341797,114.75,108.99972534179688,238200
2018-08-21,CASY,CASY,114.95999908447266,117.0199966430664,114.95999908447266,116.91999816894531,111.06098937988281,316900
2018-08-22,CASY,CASY,116.66999816894531,117.63999938964844,115.58000183105469,117.16000366210938,111.2889633178711,259900
2018-08-23,CASY,CASY,117.33000183105469,117.58999633789062,115.5999984741211,116.55000305175781,110.70952606201172,324500
2018-08-24,CASY,CASY,116.52999877929688,116.52999877929688,114.93000030517578,115.4000015258789,109.61713409423828,290000
2018-08-27,CASY,CASY,115.58000183105469,115.83000183105469,113.63999938964844,114.11000061035156,108.39179229736328,361500
2018-08-28,CASY,CASY,114.02999877929688,115.11000061035156,113.6500015258789,114.33999633789062,108.61028289794922,356800
2018-08-29,CASY,CASY,114.47000122070312,114.61000061035156,113.6500015258789,114.11000061035156,108.39179229736328,347800
2018-08-30,CASY,CASY,113.76000213623047,114.7300033569336,112.16000366210938,112.98999786376953,107.32791900634766,256200
2018-08-31,CASY,CASY,112.52999877929688,114.43000030517578,112.41000366210938,114.16999816894531,108.44879150390625,297100
2018-09-04,CASY,CASY,114.18000030517578,115.94999694824219,113.37000274658203,115.22000122070312,109.44618225097656,261300
2018-09-05,CASY,CASY,115.37000274658203,115.61000061035156,114.23999786376953,115.27999877929688,109.50315856933594,291100
2018-09-06,CASY,CASY,115.27999877929688,117.0,114.58999633789062,115.73999786376953,109.94010925292969,341300
2018-09-07,CASY,CASY,115.44999694824219,116.77999877929688,114.68000030517578,114.98999786376953,109.22769165039062,435200
2018-09-10,CASY,CASY,115.33999633789062,117.31999969482422,115.19999694824219,116.79000091552734,110.93751525878906,492400
2018-09-11,CASY,CASY,120.0,130.5,119.51000213623047,124.77999877929688,118.52710723876953,2042100
2018-09-12,CASY,CASY,126.26000213623047,128.8300018310547,125.4000015258789,128.24000549316406,121.81373596191406,660200
2018-09-13,CASY,CASY,128.24000549316406,128.85000610351562,126.56999969482422,127.77999877929688,121.37677764892578,370300
2018-09-14,CASY,CASY,127.98999786376953,129.0,125.48999786376953,126.11000061035156,119.79046630859375,494500
2018-09-17,CASY,CASY,126.43000030517578,126.43000030517578,124.62999725341797,125.27999877929688,119.0020523071289,440500
2018-09-18,CASY,CASY,127.6500015258789,128.8300018310547,126.69000244140625,127.76000213623047,121.35780334472656,587500
2018-09-19,CASY,CASY,127.66999816894531,128.24000549316406,126.95999908447266,127.16999816894531,120.79735565185547,441700
2018-09-20,CASY,CASY,127.63999938964844,129.36000061035156,127.44999694824219,128.27000427246094,121.84223175048828,413100
2018-09-21,CASY,CASY,128.35000610351562,129.1999969482422,127.5999984741211,128.8800048828125,122.42166900634766,700100
2018-09-24,CASY,CASY,128.5,129.0800018310547,127.5999984741211,128.35000610351562,121.91822814941406,399600
2018-09-25,CASY,CASY,129.27000427246094,130.1999969482422,128.6999969482422,129.25,122.77313232421875,637000
2018-09-26,CASY,CASY,129.7100067138672,130.49000549316406,128.27000427246094,129.63999938964844,123.1435775756836,274600
2018-09-27,CASY,CASY,129.6300048828125,130.33999633789062,129.1999969482422,129.74000549316406,123.2385482788086,220100
2018-09-28,CASY,CASY,129.92999267578125,130.74000549316406,128.97000122070312,129.11000061035156,122.64013671875,277600
2018-10-01,CASY,CASY,129.1199951171875,129.7100067138672,127.36000061035156,127.56999969482422,121.17729187011719,341200
2018-10-02,CASY,CASY,127.06999969482422,128.14999389648438,126.56999969482422,127.13999938964844,120.76887512207031,408000
2018-10-03,CASY,CASY,127.19999694824219,127.94000244140625,126.12000274658203,126.20999908447266,119.88545989990234,279900
2018-10-04,CASY,CASY,126.13999938964844,126.54000091552734,123.95999908447266,124.31999969482422,118.09016418457031,499600
2018-10-05,CASY,CASY,124.13999938964844,125.61000061035156,122.58000183105469,123.4000015258789,117.21627807617188,300400
2018-10-08,CASY,CASY,123.31999969482422,124.19000244140625,122.05000305175781,123.58000183105469,117.38723754882812,304300
2018-10-09,CASY,CASY,123.81999969482422,124.72000122070312,122.77999877929688,124.20999908447266,117.98568725585938,280800
2018-10-10,CASY,CASY,123.98999786376953,124.56999969482422,122.54000091552734,122.7300033569336,116.57984161376953,272200
2018-10-11,CASY,CASY,122.41000366210938,127.11000061035156,122.33000183105469,125.02999877929688,118.76458740234375,802900
2018-10-12,CASY,CASY,125.54000091552734,126.52999877929688,121.66000366210938,123.70999908447266,117.5107192993164,527800
2018-10-15,CASY,CASY,123.75,126.1500015258789,123.45999908447266,125.36000061035156,119.07805633544922,276300
2018-10-16,CASY,CASY,125.66999816894531,127.5,125.1500015258789,127.41999816894531,121.0348129272461,248600
2018-10-17,CASY,CASY,127.56999969482422,129.52000427246094,126.4000015258789,129.08999633789062,122.62110900878906,413000
2018-10-18,CASY,CASY,129.77999877929688,130.2899932861328,127.61000061035156,127.87999725341797,121.4717788696289,378500
2018-10-19,CASY,CASY,128.05999755859375,128.49000549316406,126.19000244140625,126.70999908447266,120.36038208007812,235100
2018-10-22,CASY,CASY,126.41999816894531,127.12999725341797,124.93000030517578,125.6500015258789,119.353515625,267400
2018-10-23,CASY,CASY,124.7300033569336,126.80999755859375,122.33999633789062,126.05999755859375,119.74297332763672,258500
2018-10-24,CASY,CASY,125.83999633789062,127.83000183105469,124.87000274658203,124.98999786376953,118.72659301757812,394200
2018-10-25,CASY,CASY,125.18000030517578,126.08999633789062,124.1500015258789,124.47000122070312,118.2326431274414,206600
2018-10-26,CASY,CASY,123.51000213623047,124.04000091552734,120.63999938964844,122.0199966430664,115.90542602539062,392800
2018-10-29,CASY,CASY,122.66000366210938,125.45999908447266,120.0,123.9800033569336,117.76720428466797,246400
2018-10-30,CASY,CASY,124.16000366210938,127.87999725341797,122.80999755859375,126.5,120.1609115600586,273800
2018-10-31,CASY,CASY,126.66000366210938,127.30999755859375,124.7300033569336,126.11000061035156,120.06571960449219,231200
2018-11-01,CASY,CASY,126.19999694824219,127.4800033569336,124.7699966430664,126.58000183105469,120.51319122314453,213700
2018-11-02,CASY,CASY,126.87999725341797,128.47999572753906,126.55999755859375,127.87999725341797,121.7508773803711,189500
2018-11-05,CASY,CASY,127.87000274658203,128.63999938964844,127.02999877929688,128.30999755859375,122.16028594970703,230000
2018-11-06,CASY,CASY,128.3800048828125,129.77000427246094,127.0,129.1300048828125,122.94099426269531,214200
2018-11-07,CASY,CASY,129.02000427246094,132.64999389648438,129.02000427246094,132.32000732421875,125.97810363769531,255300
2018-11-08,CASY,CASY,132.2100067138672,133.07000732421875,130.10000610351562,130.97999572753906,124.7022933959961,146800
2018-11-09,CASY,CASY,130.52000427246094,131.30999755859375,129.05999755859375,130.5399932861328,124.28337860107422,189900
2018-11-12,CASY,CASY,130.0399932861328,131.2899932861328,128.72999572753906,129.8000030517578,123.57886505126953,227400
2018-11-13,CASY,CASY,130.14999389648438,130.14999389648438,127.80999755859375,127.87999725341797,121.7508773803711,232000
2018-11-14,CASY,CASY,128.6699981689453,129.50999450683594,126.22000122070312,126.41999816894531,120.36083984375,252300
2018-11-15,CASY,CASY,126.52999877929688,127.56999969482422,124.70999908447266,127.55000305175781,121.43670654296875,296800
2018-11-16,CASY,CASY,126.94000244140625,129.4199981689453,126.08999633789062,128.44000244140625,122.2840576171875,362100
2018-11-19,CASY,CASY,128.55999755859375,129.50999450683594,126.44000244140625,126.75,120.675048828125,209700
2018-11-20,CASY,CASY,127.04000091552734,127.04000091552734,124.33999633789062,124.86000061035156,118.87564086914062,350400
2018-11-21,CASY,CASY,124.76000213623047,126.22000122070312,123.62000274658203,125.45999908447266,119.44686889648438,165900
2018-11-23,CASY,CASY,125.6500015258789,127.87000274658203,125.6500015258789,127.08000183105469,120.98921966552734,105900
2018-11-26,CASY,CASY,128.3000030517578,128.47999572753906,126.83000183105469,127.70999908447266,121.58902740478516,138200
2018-11-27,CASY,CASY,127.33999633789062,128.9499969482422,127.06999969482422,127.12000274658203,121.02731323242188,134100
2018-11-28,CASY,CASY,126.86000061035156,128.97999572753906,126.2699966430664,128.24000549316406,122.09361267089844,144600
2018-11-29,CASY,CASY,127.94999694824219,130.72000122070312,127.83000183105469,130.2100067138672,123.96923065185547,282300
2018-11-30,CASY,CASY,129.30999755859375,131.0800018310547,128.5800018310547,129.47000122070312,123.26467895507812,312400
2018-12-03,CASY,CASY,129.89999389648438,130.92999267578125,127.16000366210938,130.74000549316406,124.47378540039062,393300
2018-12-04,CASY,CASY,131.52000427246094,131.97999572753906,125.12999725341797,126.58000183105469,120.51319122314453,515700
2018-12-06,CASY,CASY,126.23999786376953,126.9800033569336,123.4800033569336,126.01000213623047,119.97052764892578,310300
2018-12-07,CASY,CASY,125.6500015258789,126.83999633789062,121.4000015258789,121.4800033569336,115.6576156616211,416500
2018-12-10,CASY,CASY,121.26000213623047,122.12999725341797,118.44999694824219,119.68000030517578,113.94390106201172,755200
2018-12-11,CASY,CASY,116.79000091552734,129.6699981689453,116.2300033569336,129.4600067138672,123.25517272949219,1403400
2018-12-12,CASY,CASY,130.0,137.0800018310547,129.49000549316406,135.6999969482422,129.19607543945312,1024600
2018-12-13,CASY,CASY,136.75999450683594,137.0500030517578,135.00999450683594,136.67999267578125,130.12911987304688,576900
2018-12-14,CASY,CASY,136.0399932861328,137.0,133.55999755859375,134.30999755859375,127.87266540527344,395300
2018-12-17,CASY,CASY,134.17999267578125,134.83999633789062,131.47000122070312,131.6699981689453,125.35924530029297,487200
2018-12-18,CASY,CASY,131.88999938964844,133.33999633789062,129.6699981689453,130.1999969482422,123.95968627929688,367900
2018-12-19,CASY,CASY,130.2899932861328,131.61000061035156,127.47000122070312,128.22999572753906,122.08407592773438,242800
2018-12-20,CASY,CASY,128.25999450683594,128.3800048828125,125.2699966430664,126.44000244140625,120.37989807128906,282500
2018-12-21,CASY,CASY,126.83000183105469,128.67999267578125,124.2300033569336,124.55000305175781,118.58048248291016,581300
2018-12-24,CASY,CASY,124.16999816894531,126.05999755859375,121.23999786376953,121.3499984741211,115.53385162353516,165700
2018-12-26,CASY,CASY,121.5,126.9000015258789,121.5,126.5999984741211,120.53224182128906,246600
2018-12-27,CASY,CASY,125.44000244140625,126.83999633789062,122.86000061035156,126.79000091552734,120.71311950683594,247000
2018-12-28,CASY,CASY,126.97000122070312,128.3699951171875,125.63999938964844,126.75,120.675048828125,239100
2018-12-31,CASY,CASY,127.79000091552734,128.52999877929688,126.05000305175781,128.13999938964844,121.9984359741211,288500
2019-01-02,CASY,CASY,127.11000061035156,127.12999725341797,124.69000244140625,126.26000213623047,120.20854187011719,462400
2019-01-03,CASY,CASY,126.25,127.06999969482422,124.4800033569336,124.62000274658203,118.64713287353516,342100
2019-01-04,CASY,CASY,125.5,129.0,124.52999877929688,128.38999938964844,122.2364501953125,377100
2019-01-07,CASY,CASY,127.87000274658203,130.3000030517578,126.83999633789062,128.19000244140625,122.04603576660156,260000
2019-01-08,CASY,CASY,129.94000244140625,130.0399932861328,128.3800048828125,129.5800018310547,123.36941528320312,206000
2019-01-09,CASY,CASY,130.3300018310547,131.52000427246094,128.8800048828125,129.57000732421875,123.35987854003906,187000
2019-01-10,CASY,CASY,129.57000732421875,130.9499969482422,127.76000213623047,130.3000030517578,124.05490112304688,156400
2019-01-11,CASY,CASY,130.50999450683594,131.57000732421875,129.8000030517578,131.0399932861328,124.7594223022461,161400
2019-01-14,CASY,CASY,130.3800048828125,132.5399932861328,130.2100067138672,130.83999633789062,124.56898498535156,234000
2019-01-15,CASY,CASY,131.3699951171875,133.19000244140625,130.89999389648438,132.6999969482422,126.33987426757812,236700
2019-01-16,CASY,CASY,132.77000427246094,133.9199981689453,131.50999450683594,133.0399932861328,126.66356658935547,201700
2019-01-17,CASY,CASY,132.35000610351562,134.5800018310547,131.89999389648438,133.42999267578125,127.03490447998047,294000
2019-01-18,CASY,CASY,133.97000122070312,135.27000427246094,132.75999450683594,134.02999877929688,127.60610961914062,223600
2019-01-22,CASY,CASY,133.4600067138672,133.6999969482422,131.08999633789062,132.58999633789062,126.23514556884766,169900
2019-01-23,CASY,CASY,133.19000244140625,134.1199951171875,131.6699981689453,133.38999938964844,126.99679565429688,253000
2019-01-24,CASY,CASY,133.41000366210938,134.19000244140625,132.55999755859375,133.9499969482422,127.52996826171875,292000
2019-01-25,CASY,CASY,134.8699951171875,135.77999877929688,133.36000061035156,133.66000366210938,127.25383758544922,419600
2019-01-28,CASY,CASY,133.0399932861328,134.27999877929688,131.22000122070312,131.3000030517578,125.0069808959961,247800
2019-01-29,CASY,CASY,131.2899932861328,131.2899932861328,128.91000366210938,130.02999877929688,123.79782104492188,241500
2019-01-30,CASY,CASY,130.05999755859375,131.02000427246094,128.27000427246094,129.42999267578125,123.2265853881836,327100
2019-01-31,CASY,CASY,128.8800048828125,128.9199981689453,124.72000122070312,128.67999267578125,122.78767395019531,485300
2019-02-01,CASY,CASY,128.42999267578125,128.83999633789062,126.30000305175781,127.12999725341797,121.30864715576172,359200
2019-02-04,CASY,CASY,127.68000030517578,129.74000549316406,126.20999908447266,129.16000366210938,123.24565124511719,314500
2019-02-05,CASY,CASY,129.16000366210938,132.22000122070312,129.16000366210938,131.74000549316406,125.7075424194336,288400
2019-02-06,CASY,CASY,132.0,133.16000366210938,131.10000610351562,132.75,126.67130279541016,241400
2019-02-07,CASY,CASY,132.41000366210938,132.41000366210938,130.4600067138672,131.36000061035156,125.34498596191406,200600
2019-02-08,CASY,CASY,130.86000061035156,131.64999389648438,126.66000366210938,128.7899932861328,122.89259338378906,289100
2019-02-11,CASY,CASY,128.72000122070312,131.6199951171875,128.72000122070312,131.27999877929688,125.26859283447266,334600
2019-02-12,CASY,CASY,131.8699951171875,133.08999633789062,130.60000610351562,132.30999755859375,126.25141906738281,310300
2019-02-13,CASY,CASY,132.3000030517578,132.91000366210938,131.58999633789062,132.27999877929688,126.22278594970703,205000
2019-02-14,CASY,CASY,131.89999389648438,133.57000732421875,131.0500030517578,133.02999877929688,126.93844604492188,320700
2019-02-15,CASY,CASY,133.69000244140625,135.7100067138672,133.63999938964844,135.5500030517578,129.3430938720703,511000
2019-02-19,CASY,CASY,136.1300048828125,136.38999938964844,134.3300018310547,134.9499969482422,128.77056884765625,289500
2019-02-20,CASY,CASY,134.89999389648438,135.4499969482422,133.8699951171875,134.27999877929688,128.1312713623047,316000
2019-02-21,CASY,CASY,134.4600067138672,134.9499969482422,133.1300048828125,133.8000030517578,127.67317962646484,212300
2019-02-22,CASY,CASY,134.00999450683594,134.97000122070312,132.8000030517578,134.86000061035156,128.6846923828125,165300
2019-02-25,CASY,CASY,135.25,136.1300048828125,134.5500030517578,135.4499969482422,129.24765014648438,268200
2019-02-26,CASY,CASY,135.7100067138672,138.4499969482422,134.9199981689453,136.9499969482422,130.678955078125,501000
2019-02-27,CASY,CASY,137.1999969482422,138.24000549316406,135.9499969482422,136.42999267578125,130.18276977539062,476100
2019-02-28,CASY,CASY,136.50999450683594,136.5399932861328,134.10000610351562,134.74000549316406,128.57015991210938,323900
2019-03-01,CASY,CASY,134.86000061035156,135.69000244140625,133.19000244140625,134.85000610351562,128.6751251220703,287700
2019-03-04,CASY,CASY,134.85000610351562,135.25,131.6699981689453,133.27999877929688,127.1770248413086,372900
2019-03-05,CASY,CASY,133.3300018310547,134.24000549316406,132.82000732421875,133.24000549316406,127.13882446289062,197600
2019-03-06,CASY,CASY,133.50999450683594,134.07000732421875,131.77999877929688,131.85000610351562,125.8125,245500
2019-03-07,CASY,CASY,130.91000366210938,132.02000427246094,127.69999694824219,131.39999389648438,125.38310241699219,327900
2019-03-08,CASY,CASY,130.94000244140625,132.0,128.61000061035156,129.27000427246094,123.35064697265625,432000
2019-03-11,CASY,CASY,129.0,132.0500030517578,129.0,131.2899932861328,125.27814483642578,721100
2019-03-12,CASY,CASY,135.0,136.52000427246094,131.7100067138672,131.86000061035156,125.82203674316406,1020300
2019-03-13,CASY,CASY,132.52999877929688,133.5800018310547,128.47000122070312,129.19000244140625,123.27429962158203,751900
2019-03-14,CASY,CASY,128.50999450683594,129.8000030517578,127.62000274658203,127.62999725341797,121.7857437133789,424700
2019-03-15,CASY,CASY,128.0,128.9199981689453,127.3499984741211,127.66999816894531,121.82391357421875,672200
2019-03-18,CASY,CASY,127.91000366210938,128.1300048828125,126.56999969482422,127.95999908447266,122.10062408447266,406800
2019-03-19,CASY,CASY,128.39999389648438,128.6199951171875,126.16000366210938,126.54000091552734,120.74565887451172,423400
2019-03-20,CASY,CASY,126.08999633789062,127.37000274658203,125.81999969482422,126.44999694824219,120.6597671508789,608100
2019-03-21,CASY,CASY,125.97000122070312,126.75,125.1500015258789,126.1500015258789,120.37350463867188,361000
2019-03-22,CASY,CASY,126.0199966430664,126.2699966430664,123.72000122070312,123.80000305175781,118.13111877441406,363900
2019-03-25,CASY,CASY,123.79000091552734,125.6500015258789,122.86000061035156,124.79000091552734,119.07579803466797,316800
2019-03-26,CASY,CASY,125.56999969482422,126.70999908447266,124.95999908447266,125.83999633789062,120.07769775390625,342300
2019-03-27,CASY,CASY,125.94000244140625,127.08000183105469,124.5199966430664,126.5999984741211,120.80290985107422,330900
2019-03-28,CASY,CASY,126.87000274658203,128.55999755859375,126.38999938964844,127.7300033569336,121.88114929199219,243700
2019-03-29,CASY,CASY,127.79000091552734,129.60000610351562,127.79000091552734,128.77000427246094,122.87352752685547,368200
2019-04-01,CASY,CASY,129.5,129.66000366210938,128.44000244140625,129.4199981689453,123.49378204345703,360400
2019-04-02,CASY,CASY,129.2899932861328,129.4199981689453,127.75,128.75999450683594,122.86398315429688,331300
2019-04-03,CASY,CASY,129.4199981689453,130.61000061035156,127.80999755859375,130.0399932861328,124.08538055419922,288800
2019-04-04,CASY,CASY,130.24000549316406,130.6300048828125,129.72999572753906,130.0800018310547,124.12353515625,310500
2019-04-05,CASY,CASY,130.13999938964844,131.16000366210938,130.10000610351562,130.8300018310547,124.83920288085938,374700
2019-04-08,CASY,CASY,130.8300018310547,131.5,129.77999877929688,129.9499969482422,123.99949645996094,275200
2019-04-09,CASY,CASY,129.5800018310547,130.69000244140625,128.69000244140625,128.69000244140625,122.79718780517578,251100
2019-04-10,CASY,CASY,128.97999572753906,130.3300018310547,128.77999877929688,130.17999267578125,124.21900177001953,351300
2019-04-11,CASY,CASY,130.3800048828125,131.9199981689453,129.72999572753906,131.72999572753906,125.69798278808594,324400
2019-04-12,CASY,CASY,132.13999938964844,133.0500030517578,131.3000030517578,132.47999572753906,126.41362762451172,250600
2019-04-15,CASY,CASY,132.38999938964844,133.86000061035156,132.1300048828125,133.52000427246094,127.40606689453125,354800
2019-04-16,CASY,CASY,134.2100067138672,134.72999572753906,133.25999450683594,133.39999389648438,127.29155731201172,258400
2019-04-17,CASY,CASY,133.6699981689453,134.4499969482422,132.99000549316406,133.7100067138672,127.58733367919922,214600
2019-04-18,CASY,CASY,133.8800048828125,135.0,132.8699951171875,133.88999938964844,127.7591323852539,289700
2019-04-22,CASY,CASY,133.58999633789062,134.77999877929688,131.3000030517578,132.0,125.95563507080078,387100
2019-04-23,CASY,CASY,132.38999938964844,133.8699951171875,132.27999877929688,132.97999572753906,126.89076232910156,205500
2019-04-24,CASY,CASY,133.0800018310547,134.1699981689453,132.9199981689453,133.3000030517578,127.19610595703125,267100
2019-04-25,CASY,CASY,132.44000244140625,132.80999755859375,129.3300018310547,129.8699951171875,123.92317199707031,400400
2019-04-26,CASY,CASY,129.58999633789062,131.07000732421875,128.42999267578125,130.4199981689453,124.44801330566406,360200
2019-04-29,CASY,CASY,130.97999572753906,132.6699981689453,130.57000732421875,131.57000732421875,125.54534149169922,300200
2019-04-30,CASY,CASY,131.05999755859375,132.5800018310547,130.6199951171875,132.35000610351562,126.56857299804688,228600
2019-05-01,CASY,CASY,132.33999633789062,135.08999633789062,131.3000030517578,131.5800018310547,125.83220672607422,353600
2019-05-02,CASY,CASY,131.75999450683594,133.05999755859375,130.02000427246094,131.22999572753906,125.49751281738281,383700
2019-05-03,CASY,CASY,131.8699951171875,132.75999450683594,130.6999969482422,131.11000061035156,125.38276672363281,238200
2019-05-06,CASY,CASY,130.0500030517578,131.7100067138672,130.0500030517578,131.0399932861328,125.31578826904297,277900
2019-05-07,CASY,CASY,130.7899932861328,131.10000610351562,128.27999877929688,128.89999389648438,123.269287109375,451300
2019-05-08,CASY,CASY,128.86000061035156,132.05999755859375,128.38999938964844,131.38999938964844,125.65052795410156,270400
2019-05-09,CASY,CASY,130.72999572753906,133.19000244140625,129.8800048828125,132.8800048828125,127.07542419433594,210100
2019-05-10,CASY,CASY,132.80999755859375,135.5800018310547,131.75999450683594,134.8800048828125,128.988037109375,411100
2019-05-13,CASY,CASY,133.02999877929688,133.17999267578125,131.1199951171875,132.00999450683594,126.2434310913086,214600
2019-05-14,CASY,CASY,132.3699951171875,133.77999877929688,132.00999450683594,132.57000732421875,126.77894592285156,226100
2019-05-15,CASY,CASY,132.14999389648438,133.5399932861328,131.52999877929688,132.8800048828125,127.07542419433594,235200
2019-05-16,CASY,CASY,133.22999572753906,135.10000610351562,132.69000244140625,133.58999633789062,127.75436401367188,276600
2019-05-17,CASY,CASY,133.0500030517578,134.8800048828125,131.47999572753906,131.74000549316406,125.98523712158203,202700
2019-05-20,CASY,CASY,131.02999877929688,132.91000366210938,131.0,132.16000366210938,126.38690948486328,130900
2019-05-21,CASY,CASY,132.5399932861328,133.85000610351562,132.4499969482422,133.6999969482422,127.85958862304688,201900
2019-05-22,CASY,CASY,133.2899932861328,134.02999877929688,132.1699981689453,133.69000244140625,127.85009002685547,115000
2019-05-23,CASY,CASY,133.39999389648438,133.39999389648438,132.0,132.99000549316406,127.18067932128906,183400
2019-05-24,CASY,CASY,133.67999267578125,134.0,132.41000366210938,133.27999877929688,127.45795440673828,158200
2019-05-28,CASY,CASY,133.57000732421875,135.24000549316406,133.11000061035156,133.11000061035156,127.29534149169922,168800
2019-05-29,CASY,CASY,132.38999938964844,132.38999938964844,130.49000549316406,131.22000122070312,125.48794555664062,168500
2019-05-30,CASY,CASY,131.10000610351562,131.25,129.3699951171875,130.07000732421875,124.38819122314453,179100
2019-05-31,CASY,CASY,129.44000244140625,129.52999877929688,128.1699981689453,129.0800018310547,123.44142150878906,226600
2019-06-03,CASY,CASY,129.1699981689453,131.2100067138672,128.27000427246094,128.83999633789062,123.21190643310547,290300
2019-06-04,CASY,CASY,129.92999267578125,131.72000122070312,129.74000549316406,131.60000610351562,125.85134887695312,300100
2019-06-05,CASY,CASY,132.17999267578125,133.19000244140625,131.0500030517578,131.14999389648438,125.4210205078125,376100
2019-06-06,CASY,CASY,131.10000610351562,134.27000427246094,130.32000732421875,134.1699981689453,128.30906677246094,433000
2019-06-07,CASY,CASY,134.52999877929688,134.8300018310547,133.10000610351562,133.89999389648438,128.05087280273438,262700
2019-06-10,CASY,CASY,134.47000122070312,134.9600067138672,132.22999572753906,133.0399932861328,127.2284164428711,449200
2019-06-11,CASY,CASY,146.97000122070312,149.47999572753906,142.82000732421875,146.38999938964844,139.9952850341797,1352500
2019-06-12,CASY,CASY,147.3300018310547,151.2899932861328,147.08999633789062,149.88999938964844,143.34234619140625,620900
2019-06-13,CASY,CASY,151.38999938964844,153.5399932861328,150.72000122070312,152.2899932861328,145.6375274658203,485600
2019-06-14,CASY,CASY,152.86000061035156,154.35000610351562,150.63999938964844,151.97999572753906,145.3411102294922,490500
2019-06-17,CASY,CASY,153.7899932861328,153.88999938964844,151.11000061035156,153.52999877929688,146.82339477539062,377400
2019-06-18,CASY,CASY,153.94000244140625,155.19000244140625,151.8300018310547,152.35000610351562,145.69491577148438,260100
2019-06-19,CASY,CASY,152.2899932861328,153.85000610351562,150.6999969482422,153.63999938964844,146.92855834960938,239600
2019-06-20,CASY,CASY,153.99000549316406,155.32000732421875,152.7100067138672,154.50999450683594,147.76058959960938,305100
2019-06-21,CASY,CASY,154.63999938964844,155.67999267578125,153.11000061035156,154.02999877929688,147.30154418945312,411100
2019-06-24,CASY,CASY,153.6999969482422,155.57000732421875,153.1300048828125,154.00999450683594,147.28244018554688,248900
2019-06-25,CASY,CASY,153.63999938964844,155.3699951171875,152.9499969482422,154.66000366210938,147.9040069580078,387700
2019-06-26,CASY,CASY,154.6300048828125,154.6300048828125,152.19000244140625,152.32000732421875,145.66622924804688,405100
2019-06-27,CASY,CASY,152.82000732421875,155.88999938964844,152.55999755859375,155.58999633789062,148.79336547851562,397100
2019-06-28,CASY,CASY,155.80999755859375,156.82000732421875,153.52000427246094,155.99000549316406,149.17591857910156,770400
2019-07-01,CASY,CASY,157.14999389648438,158.1699981689453,154.5800018310547,157.9499969482422,151.05032348632812,451900
2019-07-02,CASY,CASY,157.9600067138672,158.2100067138672,155.49000549316406,155.75,148.94639587402344,256800
2019-07-03,CASY,CASY,156.14999389648438,158.42999267578125,156.1300048828125,157.58999633789062,150.7060089111328,298400
2019-07-05,CASY,CASY,156.77999877929688,159.2899932861328,156.1999969482422,159.0,152.054443359375,313800
2019-07-08,CASY,CASY,158.8000030517578,158.82000732421875,157.1699981689453,157.63999938964844,150.75384521484375,259100
2019-07-09,CASY,CASY,157.42999267578125,158.35000610351562,156.67999267578125,157.64999389648438,150.76336669921875,264400
2019-07-10,CASY,CASY,157.5399932861328,157.97000122070312,155.5500030517578,156.8300018310547,149.97923278808594,302100
2019-07-11,CASY,CASY,157.02999877929688,158.11000061035156,156.0,157.97999572753906,151.07901000976562,220100
2019-07-12,CASY,CASY,157.9499969482422,160.49000549316406,157.27999877929688,159.52999877929688,152.56129455566406,268700
2019-07-15,CASY,CASY,160.22999572753906,160.77000427246094,159.00999450683594,159.5399932861328,152.57081604003906,263100
2019-07-16,CASY,CASY,159.80999755859375,161.24000549316406,158.99000549316406,160.25,153.24978637695312,253300
2019-07-17,CASY,CASY,160.25,160.85000610351562,159.05999755859375,160.44000244140625,153.4315185546875,287800
2019-07-18,CASY,CASY,162.0,163.94000244140625,159.94000244140625,163.7899932861328,156.63516235351562,301400
2019-07-19,CASY,CASY,163.86000061035156,165.3800048828125,163.57000732421875,164.8000030517578,157.60108947753906,337900
2019-07-22,CASY,CASY,164.89999389648438,165.32000732421875,162.0,162.77000427246094,155.65972900390625,418600
2019-07-23,CASY,CASY,163.42999267578125,163.42999267578125,160.75999450683594,162.64999389648438,155.54498291015625,389700
2019-07-24,CASY,CASY,162.22999572753906,163.88999938964844,161.0800018310547,162.77000427246094,155.65972900390625,210700
2019-07-25,CASY,CASY,162.77000427246094,163.25999450683594,161.08999633789062,161.1699981689453,154.129638671875,312100
2019-07-26,CASY,CASY,161.5800018310547,163.9499969482422,160.58999633789062,163.5500030517578,156.40567016601562,344600
2019-07-29,CASY,CASY,163.89999389648438,164.00999450683594,161.4199981689453,161.82000732421875,154.75123596191406,236800
2019-07-30,CASY,CASY,161.6999969482422,163.3300018310547,160.97000122070312,162.72000122070312,155.61192321777344,261600
2019-07-31,CASY,CASY,161.80999755859375,163.91000366210938,161.22000122070312,161.91000366210938,155.14239501953125,268200
2019-08-01,CASY,CASY,161.72000122070312,163.2899932861328,160.60000610351562,162.2899932861328,155.5065460205078,305400
2019-08-02,CASY,CASY,161.75999450683594,164.0399932861328,161.24000549316406,163.63999938964844,156.800048828125,318000
2019-08-05,CASY,CASY,161.3699951171875,162.72000122070312,160.58999633789062,161.9499969482422,155.18077087402344,364900
2019-08-06,CASY,CASY,162.3800048828125,165.77999877929688,162.16000366210938,164.7100067138672,157.8253936767578,282800
2019-08-07,CASY,CASY,161.5,165.99000549316406,161.22999572753906,165.33999633789062,158.42901611328125,352400
2019-08-08,CASY,CASY,165.58999633789062,167.97999572753906,165.58999633789062,166.7899932861328,159.81845092773438,348500
2019-08-09,CASY,CASY,166.44000244140625,167.77000427246094,166.02000427246094,166.6999969482422,159.73223876953125,169100
2019-08-12,CASY,CASY,165.3800048828125,166.63999938964844,164.32000732421875,166.02999877929688,159.09022521972656,391500
2019-08-13,CASY,CASY,166.6999969482422,169.35000610351562,166.3800048828125,166.60000610351562,159.6363983154297,400500
2019-08-14,CASY,CASY,164.8000030517578,165.25,163.61000061035156,164.22000122070312,157.3558807373047,257200
2019-08-15,CASY,CASY,163.64999389648438,167.66000366210938,162.94000244140625,166.86000061035156,159.88551330566406,303900
2019-08-16,CASY,CASY,167.49000549316406,171.1300048828125,166.5800018310547,170.02000427246094,162.91343688964844,934500
2019-08-19,CASY,CASY,171.3000030517578,172.86000061035156,170.0500030517578,171.97999572753906,164.79150390625,249100
2019-08-20,CASY,CASY,171.89999389648438,173.30999755859375,170.11000061035156,171.5800018310547,164.4082489013672,277000
2019-08-21,CASY,CASY,172.6999969482422,172.77999877929688,171.22999572753906,171.9199981689453,164.7340087890625,218300
2019-08-22,CASY,CASY,172.27000427246094,172.83999633789062,170.6999969482422,171.91000366210938,164.7244110107422,254400
2019-08-23,CASY,CASY,170.9499969482422,172.36000061035156,168.80999755859375,169.27000427246094,162.19476318359375,199700
2019-08-26,CASY,CASY,170.1699981689453,170.1699981689453,167.80999755859375,169.9499969482422,162.8463592529297,220000
2019-08-27,CASY,CASY,170.24000549316406,170.72999572753906,168.32000732421875,168.85000610351562,161.79232788085938,265200
2019-08-28,CASY,CASY,168.3300018310547,170.85000610351562,168.3300018310547,170.55999755859375,163.4308624267578,150900
2019-08-29,CASY,CASY,170.19000244140625,172.0500030517578,168.9499969482422,171.6999969482422,164.52320861816406,349500
2019-08-30,CASY,CASY,172.44000244140625,172.99000549316406,167.5800018310547,167.85000610351562,160.8341064453125,384900
2019-09-03,CASY,CASY,167.8699951171875,167.99000549316406,164.72999572753906,166.11000061035156,159.16688537597656,576600
2019-09-04,CASY,CASY,167.6699981689453,167.91000366210938,165.7100067138672,167.3000030517578,160.30711364746094,354500
2019-09-05,CASY,CASY,168.1699981689453,170.85000610351562,166.9499969482422,170.19000244140625,163.0763397216797,543800
2019-09-06,CASY,CASY,170.6300048828125,173.2899932861328,169.00999450683594,169.3300018310547,162.2522735595703,442200
2019-09-09,CASY,CASY,170.13999938964844,171.0,165.08999633789062,167.3000030517578,160.30711364746094,944900
2019-09-10,CASY,CASY,164.77000427246094,171.32000732421875,163.02999877929688,169.9600067138672,162.85595703125,850800
2019-09-11,CASY,CASY,170.3300018310547,170.55999755859375,164.1300048828125,166.5800018310547,159.6172332763672,567600
2019-09-12,CASY,CASY,167.1999969482422,169.9600067138672,166.11000061035156,169.8000030517578,162.70260620117188,415700
2019-09-13,CASY,CASY,169.8699951171875,172.6300048828125,168.97999572753906,170.97999572753906,163.83328247070312,330700
2019-09-16,CASY,CASY,170.4499969482422,170.4499969482422,163.6199951171875,163.80999755859375,156.9630126953125,407000
2019-09-17,CASY,CASY,164.0800018310547,166.82000732421875,163.64999389648438,166.14999389648438,159.2051239013672,370200
2019-09-18,CASY,CASY,166.2899932861328,166.91000366210938,162.3300018310547,163.55999755859375,156.7234344482422,247000
2019-09-19,CASY,CASY,164.4600067138672,166.05999755859375,164.3000030517578,165.22000122070312,158.31407165527344,248000
2019-09-20,CASY,CASY,165.3300018310547,166.89999389648438,163.74000549316406,164.49000549316406,157.61456298828125,535800
2019-09-23,CASY,CASY,164.50999450683594,168.27000427246094,164.50999450683594,167.64999389648438,160.6425323486328,256100
2019-09-24,CASY,CASY,167.7100067138672,168.3300018310547,165.33999633789062,166.11000061035156,159.16688537597656,253500
2019-09-25,CASY,CASY,166.5,166.91000366210938,163.10000610351562,165.36000061035156,158.44827270507812,323100
2019-09-26,CASY,CASY,165.61000061035156,166.3699951171875,162.0500030517578,162.10000610351562,155.32443237304688,193200
2019-09-27,CASY,CASY,162.6300048828125,163.08999633789062,160.1699981689453,161.11000061035156,154.37588500976562,268800
2019-09-30,CASY,CASY,161.52999877929688,163.1999969482422,160.9199981689453,161.16000366210938,154.42376708984375,278700
2019-10-01,CASY,CASY,161.9499969482422,163.3000030517578,161.0800018310547,161.5800018310547,154.8262481689453,163600
2019-10-02,CASY,CASY,160.8000030517578,161.11000061035156,159.07000732421875,160.52000427246094,153.81051635742188,200500
2019-10-03,CASY,CASY,160.35000610351562,161.47000122070312,159.1699981689453,161.3300018310547,154.58668518066406,231600
2019-10-04,CASY,CASY,161.3300018310547,163.4499969482422,161.1300048828125,163.35000610351562,156.522216796875,158800
2019-10-07,CASY,CASY,162.8699951171875,164.25,162.25999450683594,163.39999389648438,156.57012939453125,339700
2019-10-08,CASY,CASY,162.6199951171875,164.49000549316406,161.33999633789062,161.5399932861328,154.7878875732422,256100
2019-10-09,CASY,CASY,162.41000366210938,164.22999572753906,160.5500030517578,160.72000122070312,154.00213623046875,179600
2019-10-10,CASY,CASY,160.5399932861328,161.75,159.3000030517578,160.4600067138672,153.75302124023438,194600
2019-10-11,CASY,CASY,160.57000732421875,162.61000061035156,160.57000732421875,161.4499969482422,154.70167541503906,226100
2019-10-14,CASY,CASY,161.02000427246094,162.42999267578125,160.60000610351562,161.33999633789062,154.5962677001953,248300
2019-10-15,CASY,CASY,161.67999267578125,162.35000610351562,160.25,160.99000549316406,154.26092529296875,253400
2019-10-16,CASY,CASY,160.8300018310547,161.74000549316406,159.6300048828125,161.5399932861328,154.7878875732422,278200
2019-10-17,CASY,CASY,162.07000732421875,164.36000061035156,160.8300018310547,163.67999267578125,156.8384246826172,195400
2019-10-18,CASY,CASY,163.94000244140625,165.52999877929688,163.02000427246094,164.4199981689453,157.54750061035156,197600
2019-10-21,CASY,CASY,165.0,165.5399932861328,162.6199951171875,162.72999572753906,155.92813110351562,142100
2019-10-22,CASY,CASY,163.0800018310547,164.19000244140625,162.07000732421875,163.9199981689453,157.06842041015625,156300
2019-10-23,CASY,CASY,164.2899932861328,164.64999389648438,162.4199981689453,163.3000030517578,156.4742889404297,158400
2019-10-24,CASY,CASY,163.3000030517578,164.11000061035156,162.1699981689453,163.5399932861328,156.70423889160156,131600
2019-10-25,CASY,CASY,163.50999450683594,166.57000732421875,162.85000610351562,166.41000366210938,159.45431518554688,174500
2019-10-28,CASY,CASY,167.02000427246094,167.49000549316406,165.0800018310547,166.02000427246094,159.08058166503906,242900
2019-10-29,CASY,CASY,165.25999450683594,165.9600067138672,164.25,165.6199951171875,158.69737243652344,239900
2019-10-30,CASY,CASY,165.86000061035156,166.1300048828125,163.64999389648438,165.82000732421875,158.8889617919922,173600
2019-10-31,CASY,CASY,166.0,174.47999572753906,166.0,170.80999755859375,163.98687744140625,532400
2019-11-01,CASY,CASY,170.74000549316406,174.32000732421875,169.4499969482422,172.5800018310547,165.68618774414062,429800
2019-11-04,CASY,CASY,173.10000610351562,174.8800048828125,171.8000030517578,172.35000610351562,165.46534729003906,314400
2019-11-05,CASY,CASY,172.5800018310547,174.30999755859375,172.2100067138672,173.35000610351562,166.4254150390625,294200
2019-11-06,CASY,CASY,173.8800048828125,174.2100067138672,172.10000610351562,172.80999755859375,165.90695190429688,183800
2019-11-07,CASY,CASY,173.35000610351562,174.08999633789062,166.8300018310547,166.9600067138672,160.29066467285156,286900
2019-11-08,CASY,CASY,167.0500030517578,168.05999755859375,165.55999755859375,166.82000732421875,160.15625,215900
2019-11-11,CASY,CASY,166.8800048828125,169.4600067138672,166.50999450683594,167.47000122070312,160.78030395507812,188000
2019-11-12,CASY,CASY,168.00999450683594,169.8699951171875,167.36000061035156,169.00999450683594,162.25875854492188,255800
2019-11-13,CASY,CASY,169.0500030517578,170.83999633789062,168.3300018310547,170.02999877929688,163.23802185058594,224100
2019-11-14,CASY,CASY,169.82000732421875,171.22999572753906,168.77000427246094,170.94000244140625,164.11166381835938,204300
2019-11-15,CASY,CASY,171.13999938964844,171.97999572753906,169.5,170.69000244140625,163.87164306640625,689800
2019-11-18,CASY,CASY,170.8699951171875,172.42999267578125,170.0500030517578,170.5800018310547,163.76609802246094,218300
2019-11-19,CASY,CASY,170.7899932861328,171.72999572753906,169.77999877929688,170.52999877929688,163.71810913085938,199600
2019-11-20,CASY,CASY,170.08999633789062,172.67999267578125,169.6199951171875,172.30999755859375,165.427001953125,245300
2019-11-21,CASY,CASY,172.19000244140625,172.61000061035156,170.9600067138672,171.74000549316406,164.87973022460938,184100
2019-11-22,CASY,CASY,171.85000610351562,172.25,170.5,171.8800048828125,165.01414489746094,170900
2019-11-25,CASY,CASY,172.35000610351562,174.49000549316406,171.64999389648438,173.4600067138672,166.53102111816406,243000
2019-11-26,CASY,CASY,173.08999633789062,175.17999267578125,173.08999633789062,174.61000061035156,167.63504028320312,234400
2019-11-27,CASY,CASY,174.72000122070312,176.6199951171875,174.02999877929688,176.3800048828125,169.33441162109375,156600
2019-11-29,CASY,CASY,176.58999633789062,176.89999389648438,173.6699981689453,173.77000427246094,166.82867431640625,110200
2019-12-02,CASY,CASY,173.72000122070312,176.8000030517578,173.14999389648438,176.6300048828125,169.57443237304688,217900
2019-12-03,CASY,CASY,174.88999938964844,176.14999389648438,173.2100067138672,175.66000366210938,168.64312744140625,177700
2019-12-04,CASY,CASY,175.92999267578125,177.19000244140625,172.97000122070312,173.88999938964844,166.94383239746094,233200
2019-12-05,CASY,CASY,173.19000244140625,175.13999938964844,173.11000061035156,173.66000366210938,166.7230224609375,200500
2019-12-06,CASY,CASY,174.6199951171875,176.66000366210938,174.05999755859375,175.6999969482422,168.68153381347656,239500
2019-12-09,CASY,CASY,177.17999267578125,179.2100067138672,173.24000549316406,175.32000732421875,168.3167266845703,492900
2019-12-10,CASY,CASY,165.0,171.0,157.3300018310547,158.72000122070312,152.37982177734375,1314000
2019-12-11,CASY,CASY,158.02000427246094,158.32000732421875,154.25,156.8699951171875,150.60372924804688,613800
2019-12-12,CASY,CASY,157.5,157.5,153.77999877929688,154.02000427246094,147.86756896972656,375200
2019-12-13,CASY,CASY,153.50999450683594,154.3000030517578,152.0500030517578,153.80999755859375,147.6658935546875,375500
2019-12-16,CASY,CASY,153.85000610351562,156.57000732421875,152.5,155.02000427246094,148.82760620117188,338400
2019-12-17,CASY,CASY,155.3000030517578,157.6999969482422,154.5399932861328,156.80999755859375,150.5460968017578,433500
2019-12-18,CASY,CASY,157.67999267578125,157.9499969482422,155.47999572753906,156.88999938964844,150.62290954589844,331900
2019-12-19,CASY,CASY,157.33999633789062,158.3800048828125,156.35000610351562,157.72000122070312,151.41976928710938,292900
2019-12-20,CASY,CASY,157.83999633789062,159.1199951171875,157.30999755859375,159.08999633789062,152.7350311279297,881400
2019-12-23,CASY,CASY,159.19000244140625,159.19000244140625,155.6999969482422,157.64999389648438,151.35252380371094,248400
2019-12-24,CASY,CASY,158.00999450683594,159.89999389648438,157.52000427246094,158.49000549316406,152.1589813232422,120900
2019-12-26,CASY,CASY,158.5800018310547,159.3699951171875,157.5800018310547,158.50999450683594,152.17822265625,188600
2019-12-27,CASY,CASY,158.47999572753906,158.97000122070312,157.25,157.3800048828125,151.09335327148438,172600
2019-12-30,CASY,CASY,157.50999450683594,158.92999267578125,157.07000732421875,158.2899932861328,151.9669952392578,170800
2019-12-31,CASY,CASY,158.2100067138672,159.83999633789062,158.2100067138672,158.99000549316406,152.6390380859375,244600
2020-01-02,CASY,CASY,159.77000427246094,159.94000244140625,157.30999755859375,159.0500030517578,152.69664001464844,257700
2020-01-03,CASY,CASY,158.77000427246094,161.0,156.72000122070312,160.83999633789062,154.4151153564453,366500
2020-01-06,CASY,CASY,160.6199951171875,164.36000061035156,160.00999450683594,164.13999938964844,157.5833282470703,589400
2020-01-07,CASY,CASY,163.60000610351562,164.41000366210938,162.00999450683594,164.14999389648438,157.5929412841797,318300
2020-01-08,CASY,CASY,163.6999969482422,164.55999755859375,162.30999755859375,163.02999877929688,156.51763916015625,328600
2020-01-09,CASY,CASY,163.5800018310547,164.86000061035156,162.6300048828125,164.2100067138672,157.65048217773438,241800
2020-01-10,CASY,CASY,164.07000732421875,168.13999938964844,163.74000549316406,168.00999450683594,161.2987060546875,338800
2020-01-13,CASY,CASY,168.47999572753906,170.3300018310547,168.14999389648438,168.9199981689453,162.17234802246094,287800
2020-01-14,CASY,CASY,168.6199951171875,169.41000366210938,167.22000122070312,168.1300048828125,161.41392517089844,458400
2020-01-15,CASY,CASY,167.3300018310547,169.38999938964844,166.60000610351562,167.1999969482422,160.5211181640625,342900
2020-01-16,CASY,CASY,167.25999450683594,168.9199981689453,166.50999450683594,167.13999938964844,160.46351623535156,319400
2020-01-17,CASY,CASY,167.99000549316406,170.7100067138672,166.85000610351562,168.82000732421875,162.0763702392578,305600
2020-01-21,CASY,CASY,169.30999755859375,169.82000732421875,167.86000061035156,169.02999877929688,162.2779541015625,284800
2020-01-22,CASY,CASY,169.66000366210938,169.8300018310547,166.60000610351562,166.83999633789062,160.1754608154297,300900
2020-01-23,CASY,CASY,166.97000122070312,169.38999938964844,165.64999389648438,168.13999938964844,161.42352294921875,240400
2020-01-24,CASY,CASY,168.72999572753906,169.82000732421875,165.32000732421875,165.60000610351562,158.98500061035156,290200
2020-01-27,CASY,CASY,164.1300048828125,167.52999877929688,164.1300048828125,166.02999877929688,159.39784240722656,441200
2020-01-28,CASY,CASY,166.47000122070312,167.36000061035156,163.0399932861328,163.49000549316406,156.959228515625,346300
2020-01-29,CASY,CASY,162.85000610351562,165.64999389648438,162.8000030517578,163.42999267578125,156.90164184570312,321500
2020-01-30,CASY,CASY,163.25999450683594,163.25999450683594,160.17999267578125,161.47000122070312,155.0199737548828,422600
2020-01-31,CASY,CASY,160.97000122070312,161.67999267578125,158.49000549316406,160.86000061035156,154.74099731445312,909200
2020-02-03,CASY,CASY,160.8699951171875,163.9199981689453,160.25999450683594,163.16000366210938,156.95352172851562,340200
2020-02-04,CASY,CASY,163.82000732421875,164.92999267578125,161.47000122070312,161.7899932861328,155.6356201171875,288500
2020-02-05,CASY,CASY,162.6699981689453,164.36000061035156,161.9499969482422,163.19000244140625,156.9823760986328,274600
2020-02-06,CASY,CASY,163.61000061035156,164.3699951171875,162.86000061035156,163.38999938964844,157.1747283935547,262500
2020-02-07,CASY,CASY,163.36000061035156,164.85000610351562,162.27999877929688,164.5,158.2425079345703,244400
2020-02-10,CASY,CASY,164.5399932861328,167.1699981689453,163.9499969482422,165.52000427246094,159.22372436523438,186700
2020-02-11,CASY,CASY,165.72000122070312,165.72000122070312,160.82000732421875,163.57000732421875,157.34793090820312,324600
2020-02-12,CASY,CASY,163.94000244140625,164.94000244140625,162.88999938964844,164.11000061035156,157.86740112304688,175600
2020-02-13,CASY,CASY,163.35000610351562,170.57000732421875,162.47999572753906,170.2100067138672,163.73533630371094,456500
2020-02-14,CASY,CASY,170.66000366210938,173.9499969482422,169.36000061035156,173.82000732421875,167.2080078125,338800
2020-02-18,CASY,CASY,173.9600067138672,175.66000366210938,172.27999877929688,172.82000732421875,166.2460174560547,226400
2020-02-19,CASY,CASY,173.32000732421875,175.07000732421875,172.0399932861328,174.00999450683594,167.39077758789062,269200
2020-02-20,CASY,CASY,174.3000030517578,177.0,173.77000427246094,176.52000427246094,169.80532836914062,365400
2020-02-21,CASY,CASY,176.25999450683594,181.99000549316406,175.24000549316406,179.9199981689453,173.0760040283203,585500
2020-02-24,CASY,CASY,178.0,181.74000549316406,175.0500030517578,181.05999755859375,174.17257690429688,305000
2020-02-25,CASY,CASY,180.97000122070312,181.25,175.91000366210938,177.22000122070312,170.47866821289062,254600
2020-02-26,CASY,CASY,177.4600067138672,179.8800048828125,172.7100067138672,174.0500030517578,167.4292755126953,385300
2020-02-27,CASY,CASY,172.58999633789062,176.3800048828125,170.30999755859375,170.30999755859375,163.83151245117188,280500
2020-02-28,CASY,CASY,167.25,167.9199981689453,160.7100067138672,163.02000427246094,156.81883239746094,500200
2020-03-02,CASY,CASY,163.60000610351562,165.7100067138672,160.67999267578125,163.77000427246094,157.54031372070312,515200
2020-03-03,CASY,CASY,163.94000244140625,166.97999572753906,161.99000549316406,163.52999877929688,157.3094482421875,455200
2020-03-04,CASY,CASY,165.7100067138672,170.35000610351562,165.4600067138672,170.05999755859375,163.59100341796875,307300
2020-03-05,CASY,CASY,166.6300048828125,169.0399932861328,165.02000427246094,166.22000122070312,159.8971405029297,525900
2020-03-06,CASY,CASY,163.5399932861328,173.99000549316406,161.69000244140625,173.1300048828125,166.54428100585938,568900
2020-03-09,CASY,CASY,168.3800048828125,174.99000549316406,164.02000427246094,172.0,165.45724487304688,653800
2020-03-10,CASY,CASY,170.4499969482422,176.27000427246094,169.0,174.88999938964844,168.23731994628906,733200
2020-03-11,CASY,CASY,173.33999633789062,176.1999969482422,157.64999389648438,159.30999755859375,153.24996948242188,638500
2020-03-12,CASY,CASY,152.33999633789062,154.72000122070312,144.38999938964844,145.63999938964844,140.09996032714844,766600
2020-03-13,CASY,CASY,150.64999389648438,163.16000366210938,143.97999572753906,162.13999938964844,155.97230529785156,706300
2020-03-16,CASY,CASY,146.02999877929688,158.44000244140625,142.1300048828125,145.9499969482422,140.39816284179688,601900
2020-03-17,CASY,CASY,148.5800018310547,165.39999389648438,147.47000122070312,163.07000732421875,156.866943359375,613700
2020-03-18,CASY,CASY,156.1999969482422,174.97999572753906,153.4600067138672,163.7100067138672,157.4825897216797,777800
2020-03-19,CASY,CASY,164.3300018310547,169.66000366210938,150.10000610351562,155.38999938964844,149.4790496826172,654500
2020-03-20,CASY,CASY,153.67999267578125,154.02000427246094,142.8000030517578,143.8000030517578,138.32992553710938,630100
2020-03-23,CASY,CASY,144.74000549316406,144.74000549316406,114.01000213623047,123.01000213623047,118.33076477050781,855600
2020-03-24,CASY,CASY,127.30999755859375,141.27999877929688,125.01000213623047,137.16000366210938,131.9425048828125,677800
2020-03-25,CASY,CASY,135.99000549316406,146.0,133.30999755859375,136.5399932861328,131.3461151123047,538200
2020-03-26,CASY,CASY,137.22000122070312,140.5800018310547,128.9199981689453,132.1699981689453,127.14236450195312,431700
2020-03-27,CASY,CASY,130.22999572753906,136.77999877929688,127.30999755859375,132.24000549316406,127.20962524414062,604500
2020-03-30,CASY,CASY,134.8800048828125,134.8800048828125,128.0,132.8300018310547,127.7772216796875,333400
2020-03-31,CASY,CASY,131.7899932861328,135.49000549316406,130.00999450683594,132.49000549316406,127.4501724243164,393400
2020-04-01,CASY,CASY,129.3699951171875,132.86000061035156,126.27999877929688,127.31999969482422,122.4768295288086,388800
2020-04-02,CASY,CASY,125.8499984741211,129.47000122070312,123.05000305175781,126.05000305175781,121.25516510009766,358200
2020-04-03,CASY,CASY,122.16000366210938,123.98999786376953,117.25,120.56999969482422,115.98360443115234,419000
2020-04-06,CASY,CASY,123.38999938964844,137.0800018310547,122.87999725341797,135.97999572753906,130.80743408203125,387600
2020-04-07,CASY,CASY,136.6999969482422,141.66000366210938,136.35000610351562,139.02999877929688,133.7414093017578,339100
2020-04-08,CASY,CASY,140.9600067138672,144.33999633789062,135.72999572753906,141.3000030517578,135.92503356933594,316700
2020-04-09,CASY,CASY,143.07000732421875,146.66000366210938,141.77000427246094,143.33999633789062,137.88742065429688,302200
2020-04-13,CASY,CASY,142.1699981689453,146.77000427246094,141.02999877929688,145.5399932861328,140.0037841796875,279300
2020-04-14,CASY,CASY,150.08999633789062,151.6699981689453,147.0,151.1699981689453,145.41961669921875,341000
2020-04-15,CASY,CASY,149.88999938964844,149.88999938964844,143.50999450683594,143.89999389648438,138.4261474609375,378900
2020-04-16,CASY,CASY,144.49000549316406,146.72999572753906,142.74000549316406,144.1699981689453,138.6858673095703,317700
2020-04-17,CASY,CASY,146.57000732421875,154.49000549316406,145.07000732421875,153.94000244140625,148.08421325683594,309500
2020-04-20,CASY,CASY,153.4199981689453,154.8300018310547,148.8300018310547,152.86000061035156,147.04531860351562,268700
2020-04-21,CASY,CASY,151.0,153.1999969482422,148.83999633789062,151.0,145.2560577392578,221200
2020-04-22,CASY,CASY,153.25,154.3800048828125,151.63999938964844,153.85000610351562,147.99766540527344,167900
2020-04-23,CASY,CASY,153.85000610351562,155.30999755859375,152.55999755859375,153.6199951171875,147.77638244628906,146600
2020-04-24,CASY,CASY,154.7100067138672,155.99000549316406,152.67999267578125,153.77000427246094,147.92074584960938,238800
2020-04-27,CASY,CASY,155.00999450683594,157.3000030517578,153.52000427246094,155.8000030517578,149.87350463867188,153800
2020-04-28,CASY,CASY,157.1199951171875,158.6999969482422,152.2899932861328,152.80999755859375,146.9971923828125,180600
2020-04-29,CASY,CASY,154.64999389648438,156.9199981689453,152.27999877929688,155.67999267578125,149.75807189941406,321400
2020-04-30,CASY,CASY,154.35000610351562,154.35000610351562,149.0,151.41000366210938,145.95050048828125,415700
2020-05-01,CASY,CASY,150.0399932861328,150.8699951171875,145.36000061035156,149.75,144.35032653808594,201700
2020-05-04,CASY,CASY,148.60000610351562,154.0399932861328,148.3000030517578,153.13999938964844,147.6180877685547,196100
2020-05-05,CASY,CASY,153.6300048828125,155.74000549316406,152.6300048828125,153.63999938964844,148.10006713867188,176400
2020-05-06,CASY,CASY,153.8800048828125,154.58999633789062,149.52000427246094,149.85000610351562,144.44674682617188,195600
2020-05-07,CASY,CASY,152.24000549316406,153.1999969482422,145.91000366210938,146.16000366210938,140.88975524902344,284400
2020-05-08,CASY,CASY,147.8800048828125,152.3800048828125,147.6999969482422,151.82000732421875,146.345703125,270400
2020-05-11,CASY,CASY,151.75,153.49000549316406,147.32000732421875,147.99000549316406,142.65379333496094,436200
2020-05-12,CASY,CASY,148.82000732421875,149.85000610351562,143.4499969482422,143.55999755859375,138.383544921875,365700
2020-05-13,CASY,CASY,143.22999572753906,145.02000427246094,139.4199981689453,142.2899932861328,137.15931701660156,263000
2020-05-14,CASY,CASY,141.58999633789062,146.5800018310547,140.14999389648438,146.10000610351562,140.83192443847656,356700
2020-05-15,CASY,CASY,145.52999877929688,146.80999755859375,142.07000732421875,145.5800018310547,140.3306884765625,569800
2020-05-18,CASY,CASY,149.10000610351562,151.22999572753906,147.9499969482422,149.77000427246094,144.3695831298828,231600
2020-05-19,CASY,CASY,148.02999877929688,149.80999755859375,145.4499969482422,145.47999572753906,140.23431396484375,161800
2020-05-20,CASY,CASY,147.17999267578125,149.94000244140625,146.39999389648438,148.22000122070312,142.87545776367188,212400
2020-05-21,CASY,CASY,148.60000610351562,150.8800048828125,148.42999267578125,150.3300018310547,144.90939331054688,297000
2020-05-22,CASY,CASY,150.25999450683594,153.17999267578125,149.42999267578125,151.4499969482422,145.98902893066406,160200
2020-05-26,CASY,CASY,153.47999572753906,155.8000030517578,152.3699951171875,152.63999938964844,147.1361541748047,204300
2020-05-27,CASY,CASY,154.5,156.75999450683594,152.9600067138672,155.89999389648438,150.27859497070312,242000
2020-05-28,CASY,CASY,156.72000122070312,160.08999633789062,155.00999450683594,157.8000030517578,152.11009216308594,239100
2020-05-29,CASY,CASY,157.8000030517578,160.27999877929688,154.72000122070312,159.72999572753906,153.97052001953125,249600
2020-06-01,CASY,CASY,160.97000122070312,163.3699951171875,159.0399932861328,161.3000030517578,155.4838409423828,228600
2020-06-02,CASY,CASY,164.24000549316406,167.1199951171875,162.5500030517578,166.02000427246094,160.03370666503906,325100
2020-06-03,CASY,CASY,167.6999969482422,169.97999572753906,166.22999572753906,168.9600067138672,162.86770629882812,406100
2020-06-04,CASY,CASY,169.6300048828125,172.5,167.27999877929688,168.41000366210938,162.3374786376953,542100
2020-06-05,CASY,CASY,171.72000122070312,174.39999389648438,167.85000610351562,169.17999267578125,163.0797119140625,421100
2020-06-08,CASY,CASY,173.82000732421875,174.0,166.47999572753906,169.50999450683594,163.3978271484375,489800
2020-06-09,CASY,CASY,161.52000427246094,169.3000030517578,159.30999755859375,161.3300018310547,155.5127716064453,1026500
2020-06-10,CASY,CASY,161.1699981689453,163.02999877929688,155.6999969482422,156.39999389648438,150.76051330566406,420300
2020-06-11,CASY,CASY,153.47000122070312,153.66000366210938,147.82000732421875,148.63999938964844,143.2803192138672,408600
2020-06-12,CASY,CASY,151.17999267578125,154.8699951171875,148.63999938964844,151.27999877929688,145.82518005371094,355700
2020-06-15,CASY,CASY,148.83999633789062,154.4499969482422,147.0,154.32000732421875,148.75552368164062,323600
2020-06-16,CASY,CASY,158.8000030517578,160.0,154.44000244140625,155.00999450683594,149.42066955566406,302200
2020-06-17,CASY,CASY,157.47999572753906,158.6199951171875,152.02000427246094,153.92999267578125,148.37957763671875,214800
2020-06-18,CASY,CASY,154.0,155.00999450683594,152.9499969482422,154.07000732421875,148.5146026611328,205700
2020-06-19,CASY,CASY,155.19000244140625,157.1999969482422,154.2100067138672,155.6999969482422,150.0858154296875,295100
2020-06-22,CASY,CASY,150.36000061035156,155.5500030517578,150.36000061035156,152.25999450683594,146.76980590820312,310600
2020-06-23,CASY,CASY,153.7899932861328,154.13999938964844,152.3800048828125,152.47000122070312,146.97225952148438,169200
2020-06-24,CASY,CASY,150.97999572753906,151.1300048828125,146.52000427246094,149.22999572753906,143.8490753173828,231000
2020-06-25,CASY,CASY,148.3699951171875,148.47000122070312,145.85000610351562,146.6199951171875,141.3331756591797,290900
2020-06-26,CASY,CASY,146.6199951171875,147.33999633789062,142.33999633789062,142.60000610351562,137.45819091796875,592500
2020-06-29,CASY,CASY,145.1699981689453,148.77000427246094,144.41000366210938,148.38999938964844,143.03939819335938,371900
2020-06-30,CASY,CASY,147.47000122070312,150.10000610351562,146.83999633789062,149.52000427246094,144.12863159179688,298100
2020-07-01,CASY,CASY,148.61000061035156,151.0500030517578,145.47999572753906,150.00999450683594,144.60096740722656,387700
2020-07-02,CASY,CASY,152.32000732421875,154.32000732421875,149.25999450683594,149.72000122070312,144.3214111328125,368300
2020-07-06,CASY,CASY,151.80999755859375,153.11000061035156,149.83999633789062,150.92999267578125,145.48780822753906,281200
2020-07-07,CASY,CASY,149.13999938964844,151.44000244140625,148.3699951171875,149.97000122070312,144.56239318847656,272700
2020-07-08,CASY,CASY,150.52999877929688,150.99000549316406,148.55999755859375,149.5800018310547,144.1864776611328,213600
2020-07-09,CASY,CASY,148.9199981689453,153.0,148.9199981689453,151.4600067138672,145.9986572265625,241400
2020-07-10,CASY,CASY,151.66000366210938,154.9600067138672,150.5,154.27000427246094,148.7073516845703,214700
2020-07-13,CASY,CASY,153.30999755859375,156.97999572753906,152.3699951171875,153.69000244140625,148.14825439453125,262600
2020-07-14,CASY,CASY,154.4199981689453,156.5800018310547,153.6699981689453,155.94000244140625,150.317138671875,229400
2020-07-15,CASY,CASY,157.86000061035156,159.30999755859375,156.7899932861328,157.63999938964844,151.955810546875,338200
2020-07-16,CASY,CASY,157.9499969482422,159.32000732421875,156.35000610351562,158.2899932861328,152.58236694335938,274500
2020-07-17,CASY,CASY,158.39999389648438,162.24000549316406,157.77999877929688,161.88999938964844,156.05258178710938,199500
2020-07-20,CASY,CASY,160.72999572753906,161.44000244140625,158.4600067138672,159.9499969482422,154.1825408935547,217200
2020-07-21,CASY,CASY,161.1999969482422,164.57000732421875,158.92999267578125,164.02000427246094,158.10577392578125,288900
2020-07-22,CASY,CASY,164.0,165.72999572753906,162.0800018310547,164.57000732421875,158.635986328125,190600
2020-07-23,CASY,CASY,164.99000549316406,166.77000427246094,164.4499969482422,165.6999969482422,159.72525024414062,134400
2020-07-24,CASY,CASY,165.6999969482422,167.05999755859375,162.75999450683594,163.6699981689453,157.76846313476562,243300
2020-07-27,CASY,CASY,163.5800018310547,164.44000244140625,163.02000427246094,164.16000366210938,158.24075317382812,147900
2020-07-28,CASY,CASY,164.74000549316406,165.33999633789062,162.85000610351562,162.8800048828125,157.0068817138672,170900
2020-07-29,CASY,CASY,163.02999877929688,165.0,160.49000549316406,161.91000366210938,156.07186889648438,188500
2020-07-30,CASY,CASY,160.08999633789062,162.25,160.08999633789062,160.77000427246094,154.97296142578125,149300
2020-07-31,CASY,CASY,160.49000549316406,161.9499969482422,157.0500030517578,159.19000244140625,153.7560272216797,251200
2020-08-03,CASY,CASY,159.7899932861328,165.00999450683594,159.02000427246094,164.77000427246094,159.14552307128906,306000
2020-08-04,CASY,CASY,164.86000061035156,171.85000610351562,164.63999938964844,171.2899932861328,165.44296264648438,344900
2020-08-05,CASY,CASY,170.8699951171875,170.8699951171875,167.16000366210938,169.3000030517578,163.52085876464844,307100
2020-08-06,CASY,CASY,169.5399932861328,171.47000122070312,168.44000244140625,169.8800048828125,164.08108520507812,165000
2020-08-07,CASY,CASY,169.63999938964844,171.36000061035156,169.63999938964844,171.05999755859375,165.22080993652344,185000
2020-08-10,CASY,CASY,171.69000244140625,174.02000427246094,168.77000427246094,171.7100067138672,165.84860229492188,171700
2020-08-11,CASY,CASY,172.99000549316406,174.22000122070312,171.32000732421875,171.41000366210938,165.55885314941406,207000
2020-08-12,CASY,CASY,173.80999755859375,174.32000732421875,172.35000610351562,172.97000122070312,167.06561279296875,211700
2020-08-13,CASY,CASY,172.49000549316406,173.4600067138672,171.27000427246094,172.22000122070312,166.34120178222656,134100
2020-08-14,CASY,CASY,172.17999267578125,175.3300018310547,172.11000061035156,174.88999938964844,168.92007446289062,137800
2020-08-17,CASY,CASY,175.42999267578125,178.02000427246094,174.8000030517578,176.69000244140625,170.65866088867188,217600
2020-08-18,CASY,CASY,176.72000122070312,178.6999969482422,175.24000549316406,177.0,170.9580535888672,242900
2020-08-19,CASY,CASY,176.72999572753906,179.49000549316406,175.64999389648438,177.60000610351562,171.53756713867188,170900
2020-08-20,CASY,CASY,176.41000366210938,178.64999389648438,176.3000030517578,177.07000732421875,171.02565002441406,223400
2020-08-21,CASY,CASY,176.6699981689453,179.02999877929688,176.25999450683594,178.69000244140625,172.59034729003906,183600
2020-08-24,CASY,CASY,179.0,179.8800048828125,177.91000366210938,179.80999755859375,173.67208862304688,99200
2020-08-25,CASY,CASY,180.0,180.0,176.2100067138672,177.6699981689453,171.6051788330078,189600
2020-08-26,CASY,CASY,177.10000610351562,177.10000610351562,174.22000122070312,174.49000549316406,168.53372192382812,210400
2020-08-27,CASY,CASY,175.0500030517578,178.0500030517578,175.02000427246094,176.52000427246094,170.49447631835938,131300
2020-08-28,CASY,CASY,177.30999755859375,178.0,176.24000549316406,177.69000244140625,171.62445068359375,162000
2020-08-31,CASY,CASY,177.30999755859375,178.58999633789062,176.11000061035156,177.85000610351562,171.7789764404297,184700
2020-09-01,CASY,CASY,178.32000732421875,179.2100067138672,175.85000610351562,176.24000549316406,170.22396850585938,221700
2020-09-02,CASY,CASY,177.25999450683594,181.9199981689453,177.02999877929688,181.4600067138672,175.26580810546875,236900
2020-09-03,CASY,CASY,181.64999389648438,182.99000549316406,177.0500030517578,177.85000610351562,171.7789764404297,253700
2020-09-04,CASY,CASY,179.1300048828125,179.3699951171875,173.91000366210938,176.0500030517578,170.0404510498047,259200
2020-09-08,CASY,CASY,175.6699981689453,177.02999877929688,172.2899932861328,174.1300048828125,168.18601989746094,275800
2020-09-09,CASY,CASY,174.3699951171875,183.4499969482422,169.05999755859375,170.25999450683594,164.4481201171875,635000
2020-09-10,CASY,CASY,174.0,179.80999755859375,172.00999450683594,177.0800018310547,171.0353240966797,455300
2020-09-11,CASY,CASY,177.55999755859375,181.44000244140625,175.8699951171875,179.0,172.88975524902344,281200
2020-09-14,CASY,CASY,176.30999755859375,178.85000610351562,175.1999969482422,176.25999450683594,170.24331665039062,298000
2020-09-15,CASY,CASY,177.0,178.25999450683594,175.27000427246094,176.39999389648438,170.3785400390625,209100
2020-09-16,CASY,CASY,177.38999938964844,178.63999938964844,174.80999755859375,175.47000122070312,169.4802703857422,250300
2020-09-17,CASY,CASY,174.4600067138672,179.7100067138672,174.17999267578125,176.9499969482422,170.90972900390625,283500
2020-09-18,CASY,CASY,177.2100067138672,177.24000549316406,172.91000366210938,173.41000366210938,167.4906005859375,461200
2020-09-21,CASY,CASY,171.9600067138672,172.55999755859375,169.5800018310547,171.16000366210938,165.3173828125,372100
2020-09-22,CASY,CASY,172.00999450683594,174.17999267578125,171.11000061035156,172.8300018310547,166.93040466308594,220500
2020-09-23,CASY,CASY,173.4499969482422,174.5500030517578,170.4499969482422,171.27000427246094,165.42361450195312,360100
2020-09-24,CASY,CASY,171.1699981689453,172.92999267578125,168.61000061035156,172.49000549316406,166.6019744873047,206000
2020-09-25,CASY,CASY,171.61000061035156,173.9499969482422,171.27999877929688,173.6699981689453,167.74169921875,181500
2020-09-28,CASY,CASY,174.99000549316406,176.72000122070312,174.8300018310547,175.82000732421875,169.81832885742188,164400
2020-09-29,CASY,CASY,175.44000244140625,178.0,174.55999755859375,177.30999755859375,171.2574462890625,222400
2020-09-30,CASY,CASY,177.38999938964844,179.57000732421875,176.63999938964844,177.64999389648438,171.58583068847656,252400
2020-10-01,CASY,CASY,177.05999755859375,180.97999572753906,177.00999450683594,180.1999969482422,174.04879760742188,181500
2020-10-02,CASY,CASY,178.61000061035156,181.8300018310547,177.8699951171875,181.0500030517578,174.8697967529297,178800
2020-10-05,CASY,CASY,181.77999877929688,184.83999633789062,181.77999877929688,183.80999755859375,177.53555297851562,162700
2020-10-06,CASY,CASY,185.0,186.5800018310547,181.92999267578125,182.64999389648438,176.41514587402344,194100
2020-10-07,CASY,CASY,184.1199951171875,185.24000549316406,180.75,180.99000549316406,174.81187438964844,199200
2020-10-08,CASY,CASY,181.1300048828125,183.61000061035156,180.75,182.77000427246094,176.53109741210938,145700
2020-10-09,CASY,CASY,183.9600067138672,184.77000427246094,182.61000061035156,183.30999755859375,177.05262756347656,114400
2020-10-12,CASY,CASY,184.0,185.42999267578125,183.3300018310547,184.9600067138672,178.64633178710938,132400
2020-10-13,CASY,CASY,185.10000610351562,185.97000122070312,183.33999633789062,184.5399932861328,178.2406768798828,128700
2020-10-14,CASY,CASY,184.52999877929688,186.11000061035156,181.94000244140625,182.8000030517578,176.56007385253906,154800
2020-10-15,CASY,CASY,178.00999450683594,183.9199981689453,178.00999450683594,183.2899932861328,177.03330993652344,143000
2020-10-16,CASY,CASY,183.97000122070312,185.6199951171875,182.9600067138672,184.74000549316406,178.43385314941406,160200
2020-10-19,CASY,CASY,184.11000061035156,185.9499969482422,180.74000549316406,181.64999389648438,175.4492950439453,150100
2020-10-20,CASY,CASY,183.00999450683594,185.64999389648438,182.00999450683594,182.24000549316406,176.0191650390625,135600
2020-10-21,CASY,CASY,183.24000549316406,184.9499969482422,181.9600067138672,183.17999267578125,176.92703247070312,129500
2020-10-22,CASY,CASY,182.8800048828125,185.05999755859375,182.22999572753906,184.14999389648438,177.86395263671875,220100
2020-10-23,CASY,CASY,184.94000244140625,185.55999755859375,182.0399932861328,182.33999633789062,176.1157684326172,201600
2020-10-26,CASY,CASY,181.25,182.47999572753906,179.3699951171875,181.42999267578125,175.23680114746094,160000
2020-10-27,CASY,CASY,180.85000610351562,182.47999572753906,180.10000610351562,180.47999572753906,174.3192138671875,133500
2020-10-28,CASY,CASY,178.1999969482422,179.7100067138672,172.14999389648438,172.64999389648438,166.7565155029297,207600
2020-10-29,CASY,CASY,171.35000610351562,173.9499969482422,168.0399932861328,170.72000122070312,164.89236450195312,234700
2020-10-30,CASY,CASY,170.10000610351562,172.30999755859375,165.3800048828125,168.57000732421875,163.12156677246094,259200
2020-11-02,CASY,CASY,169.8699951171875,169.8699951171875,165.82000732421875,167.8300018310547,162.40548706054688,232400
2020-11-03,CASY,CASY,169.57000732421875,175.50999450683594,169.3300018310547,174.60000610351562,168.95664978027344,164400
2020-11-04,CASY,CASY,174.80999755859375,176.7899932861328,171.5,172.3800048828125,166.8084259033203,156300
2020-11-05,CASY,CASY,170.14999389648438,177.25999450683594,170.14999389648438,176.97999572753906,171.25975036621094,137200
2020-11-06,CASY,CASY,178.0,179.2899932861328,174.74000549316406,177.19000244140625,171.4629669189453,92900
2020-11-09,CASY,CASY,187.8699951171875,191.8300018310547,182.0,190.36000061035156,184.20729064941406,340100
2020-11-10,CASY,CASY,191.97000122070312,196.5800018310547,188.66000366210938,193.6999969482422,187.43930053710938,199700
2020-11-11,CASY,CASY,193.1300048828125,194.52000427246094,191.02999877929688,192.69000244140625,186.4619598388672,225100
2020-11-12,CASY,CASY,193.44000244140625,193.6300048828125,187.82000732421875,189.1300048828125,183.01698303222656,152500
2020-11-13,CASY,CASY,188.2899932861328,192.49000549316406,188.2899932861328,191.02000427246094,184.84593200683594,117600
2020-11-16,CASY,CASY,194.5800018310547,194.5800018310547,190.47000122070312,191.39999389648438,185.21360778808594,202200
2020-11-17,CASY,CASY,190.27999877929688,192.3000030517578,187.1199951171875,190.42999267578125,184.27499389648438,237700
2020-11-18,CASY,CASY,190.72000122070312,190.72000122070312,183.4199981689453,183.58999633789062,177.65609741210938,163600
2020-11-19,CASY,CASY,182.72999572753906,185.22999572753906,181.25,182.1300048828125,176.24325561523438,159200
2020-11-20,CASY,CASY,183.6699981689453,185.49000549316406,178.66000366210938,179.0,173.21441650390625,242500
2020-11-23,CASY,CASY,180.02999877929688,181.72000122070312,177.49000549316406,181.25,175.39170837402344,292400
2020-11-24,CASY,CASY,182.94000244140625,185.00999450683594,182.00999450683594,182.77000427246094,176.86256408691406,149400
2020-11-25,CASY,CASY,183.91000366210938,185.0,180.92999267578125,181.0399932861328,175.18849182128906,198600
2020-11-27,CASY,CASY,180.75,183.1199951171875,179.14999389648438,181.1199951171875,175.26593017578125,86100
2020-11-30,CASY,CASY,181.1199951171875,182.5,177.8000030517578,181.67999267578125,175.80783081054688,286100
2020-12-01,CASY,CASY,184.00999450683594,187.6199951171875,183.1199951171875,185.99000549316406,179.97854614257812,211100
2020-12-02,CASY,CASY,185.6199951171875,186.27000427246094,182.6300048828125,184.10000610351562,178.1496124267578,221600
2020-12-03,CASY,CASY,182.5399932861328,186.66000366210938,178.9600067138672,185.94000244140625,179.93008422851562,284100
2020-12-04,CASY,CASY,185.2899932861328,191.6300048828125,185.0,191.55999755859375,185.36849975585938,289700
2020-12-07,CASY,CASY,192.67999267578125,194.67999267578125,187.27000427246094,187.82000732421875,181.74935913085938,321800
2020-12-08,CASY,CASY,185.0,187.17999267578125,180.24000549316406,181.5,175.6336212158203,558300
2020-12-09,CASY,CASY,182.92999267578125,183.77999877929688,176.88999938964844,178.55999755859375,172.78868103027344,348500
2020-12-10,CASY,CASY,178.77000427246094,179.7100067138672,175.3699951171875,178.72000122070312,172.9434814453125,315400
2020-12-11,CASY,CASY,178.1300048828125,179.0,174.25999450683594,175.38999938964844,169.7211151123047,281200
2020-12-14,CASY,CASY,177.7100067138672,178.6300048828125,172.5800018310547,173.0399932861328,167.44705200195312,273100
2020-12-15,CASY,CASY,174.5,176.72000122070312,173.8300018310547,176.2100067138672,170.5146026611328,432700
2020-12-16,CASY,CASY,177.0,178.3000030517578,174.3000030517578,176.86000061035156,171.14358520507812,247800
2020-12-17,CASY,CASY,177.25,182.85000610351562,177.00999450683594,181.22000122070312,175.36268615722656,317400
2020-12-18,CASY,CASY,181.22000122070312,183.2899932861328,180.35000610351562,181.35000610351562,175.48851013183594,680900
2020-12-21,CASY,CASY,180.22000122070312,180.88999938964844,177.49000549316406,178.72999572753906,172.95314025878906,241100
2020-12-22,CASY,CASY,177.8699951171875,178.41000366210938,176.0500030517578,177.63999938964844,171.8983917236328,180500
2020-12-23,CASY,CASY,179.2100067138672,179.30999755859375,176.36000061035156,177.3000030517578,171.5693817138672,234000
2020-12-24,CASY,CASY,178.10000610351562,178.8800048828125,176.6999969482422,177.72000122070312,171.97579956054688,75900
2020-12-28,CASY,CASY,177.4600067138672,180.3800048828125,174.72000122070312,180.2899932861328,174.46273803710938,225000
2020-12-29,CASY,CASY,181.60000610351562,181.60000610351562,177.52999877929688,178.75,172.97254943847656,170700
2020-12-30,CASY,CASY,179.00999450683594,180.25,177.88999938964844,178.8699951171875,173.088623046875,146800
2020-12-31,CASY,CASY,178.33999633789062,180.0,177.50999450683594,178.6199951171875,172.84671020507812,192400
2021-01-04,CASY,CASY,180.49000549316406,180.80999755859375,176.67999267578125,177.44000244140625,171.7048797607422,267400
2021-01-05,CASY,CASY,176.11000061035156,180.7100067138672,175.02000427246094,177.82000732421875,172.07260131835938,378000
2021-01-06,CASY,CASY,178.5800018310547,184.6699981689453,175.49000549316406,183.7899932861328,177.849609375,384400
2021-01-07,CASY,CASY,183.99000549316406,186.75999450683594,183.4499969482422,184.9600067138672,178.98179626464844,328200
2021-01-08,CASY,CASY,184.7899932861328,185.5800018310547,183.24000549316406,184.94000244140625,178.9624481201172,256000
2021-01-11,CASY,CASY,182.5399932861328,185.10000610351562,180.69000244140625,181.99000549316406,176.1077880859375,241400
2021-01-12,CASY,CASY,182.9499969482422,186.52000427246094,182.52999877929688,185.55999755859375,179.5623779296875,236600
2021-01-13,CASY,CASY,185.5800018310547,185.5800018310547,180.5,184.0500030517578,178.10122680664062,350200
2021-01-14,CASY,CASY,185.69000244140625,188.0,184.58999633789062,186.7899932861328,180.7526397705078,300800
2021-01-15,CASY,CASY,186.30999755859375,188.27999877929688,185.22000122070312,186.72999572753906,180.694580078125,218500
2021-01-19,CASY,CASY,188.22999572753906,191.75999450683594,186.47999572753906,189.2899932861328,183.1718292236328,300600
2021-01-20,CASY,CASY,190.35000610351562,195.61000061035156,188.5399932861328,194.97000122070312,188.66824340820312,357200
2021-01-21,CASY,CASY,195.27000427246094,199.0800018310547,195.1199951171875,196.17999267578125,189.83914184570312,268700
2021-01-22,CASY,CASY,196.0399932861328,199.4600067138672,195.97000122070312,197.41000366210938,191.02938842773438,245600
2021-01-25,CASY,CASY,197.22000122070312,201.0,195.58999633789062,199.0500030517578,192.6164093017578,190700
2021-01-26,CASY,CASY,200.61000061035156,204.77000427246094,195.30999755859375,203.47999572753906,196.90321350097656,196400
2021-01-27,CASY,CASY,203.5800018310547,209.9199981689453,203.25,207.24000549316406,200.54164123535156,478000
2021-01-28,CASY,CASY,207.5500030517578,209.63999938964844,195.0,195.30999755859375,188.99722290039062,356700
2021-01-29,CASY,CASY,194.82000732421875,195.67999267578125,187.00999450683594,187.47999572753906,181.7366943359375,362300
2021-02-01,CASY,CASY,188.27999877929688,188.4199981689453,183.5399932861328,185.2100067138672,179.53628540039062,323800
2021-02-02,CASY,CASY,186.1199951171875,192.52999877929688,184.9199981689453,188.50999450683594,182.73516845703125,274500
2021-02-03,CASY,CASY,187.85000610351562,189.05999755859375,184.9199981689453,186.05999755859375,180.36024475097656,173500
2021-02-04,CASY,CASY,187.3000030517578,190.3300018310547,186.10000610351562,190.00999450683594,184.18922424316406,241700
2021-02-05,CASY,CASY,190.69000244140625,194.77999877929688,190.69000244140625,194.02000427246094,188.0763397216797,198100
2021-02-08,CASY,CASY,201.16000366210938,203.02999877929688,197.0,202.72999572753906,196.51951599121094,313100
2021-02-09,CASY,CASY,203.52999877929688,207.77999877929688,202.52000427246094,205.0,198.7200164794922,355500
2021-02-10,CASY,CASY,205.52000427246094,207.9600067138672,204.61000061035156,207.85000610351562,201.48272705078125,227400
2021-02-11,CASY,CASY,207.69000244140625,211.55999755859375,207.3800048828125,211.17999267578125,204.710693359375,300300
2021-02-12,CASY,CASY,211.6999969482422,212.61000061035156,208.69000244140625,209.1999969482422,202.79132080078125,293700
2021-02-16,CASY,CASY,208.86000061035156,213.6199951171875,208.0,213.00999450683594,206.484619140625,227400
2021-02-17,CASY,CASY,213.07000732421875,213.07000732421875,208.85000610351562,209.52000427246094,203.1015625,247800
2021-02-18,CASY,CASY,208.99000549316406,210.08999633789062,206.02999877929688,208.35000610351562,201.9674072265625,188500
2021-02-19,CASY,CASY,208.5,210.9499969482422,208.08999633789062,208.91000366210938,202.51025390625,162700
2021-02-22,CASY,CASY,208.92999267578125,209.88999938964844,204.7899932861328,205.5399932861328,199.2434539794922,219600
2021-02-23,CASY,CASY,204.91000366210938,206.58999633789062,202.3300018310547,204.1199951171875,197.866943359375,167800
2021-02-24,CASY,CASY,204.3800048828125,207.5800018310547,202.92999267578125,206.3699951171875,200.04803466796875,199300
2021-02-25,CASY,CASY,207.7100067138672,209.39999389648438,203.00999450683594,203.9600067138672,197.71185302734375,163600
2021-02-26,CASY,CASY,204.77999877929688,207.77999877929688,201.16000366210938,201.9600067138672,195.7731475830078,210600
2021-03-01,CASY,CASY,203.64999389648438,205.60000610351562,202.72999572753906,203.02000427246094,196.80067443847656,172200
2021-03-02,CASY,CASY,201.94000244140625,203.35000610351562,197.83999633789062,199.66000366210938,193.54360961914062,213200
2021-03-03,CASY,CASY,200.2899932861328,202.5399932861328,198.25999450683594,199.60000610351562,193.48545837402344,184000
2021-03-04,CASY,CASY,199.08999633789062,200.5399932861328,194.94000244140625,197.47999572753906,191.43035888671875,236800
2021-03-05,CASY,CASY,199.97000122070312,204.7100067138672,197.0,203.6199951171875,197.38226318359375,324800
2021-03-08,CASY,CASY,204.57000732421875,207.63999938964844,201.02000427246094,202.2100067138672,196.01553344726562,316300
2021-03-09,CASY,CASY,201.5,203.39999389648438,196.44000244140625,197.35000610351562,191.3043670654297,350500
2021-03-10,CASY,CASY,198.38999938964844,205.22000122070312,197.5800018310547,204.4600067138672,198.19656372070312,266500
2021-03-11,CASY,CASY,204.60000610351562,205.39999389648438,202.08999633789062,202.77999877929688,196.56805419921875,201500
2021-03-12,CASY,CASY,203.85000610351562,206.60000610351562,200.27000427246094,206.30999755859375,199.98989868164062,185200
2021-03-15,CASY,CASY,207.7100067138672,209.61000061035156,206.32000732421875,208.36000061035156,201.97711181640625,204000
2021-03-16,CASY,CASY,208.89999389648438,210.69000244140625,206.8699951171875,207.38999938964844,201.03677368164062,148400
2021-03-17,CASY,CASY,207.5500030517578,207.66000366210938,203.5,206.94000244140625,200.60060119628906,109800
2021-03-18,CASY,CASY,207.44000244140625,207.86000061035156,204.3300018310547,204.97000122070312,198.69090270996094,188900
2021-03-19,CASY,CASY,204.97999572753906,209.36000061035156,204.89999389648438,207.94000244140625,201.56996154785156,318900
2021-03-22,CASY,CASY,210.22999572753906,211.4600067138672,206.63999938964844,207.35000610351562,200.99803161621094,308600
2021-03-23,CASY,CASY,206.1300048828125,210.58999633789062,204.07000732421875,209.60000610351562,203.17909240722656,293800
2021-03-24,CASY,CASY,210.4499969482422,211.72000122070312,205.80999755859375,206.08999633789062,199.77662658691406,196900
2021-03-25,CASY,CASY,205.89999389648438,213.14999389648438,205.13999938964844,211.92999267578125,205.4376983642578,196400
2021-03-26,CASY,CASY,211.9499969482422,217.22000122070312,209.27999877929688,216.91000366210938,210.2651824951172,144700
2021-03-29,CASY,CASY,217.14999389648438,221.2899932861328,213.9199981689453,215.1699981689453,208.5784454345703,192100
2021-03-30,CASY,CASY,215.97999572753906,218.8699951171875,213.97000122070312,217.22999572753906,210.5753631591797,198500
2021-03-31,CASY,CASY,216.3699951171875,218.6999969482422,215.58999633789062,216.19000244140625,209.5672149658203,201000
2021-04-01,CASY,CASY,216.0399932861328,217.4499969482422,213.00999450683594,216.6999969482422,210.06158447265625,134400
2021-04-05,CASY,CASY,218.0,220.7100067138672,217.08999633789062,219.77000427246094,213.03753662109375,150300
2021-04-06,CASY,CASY,218.30999755859375,220.5800018310547,217.17999267578125,219.0,212.29115295410156,168000
2021-04-07,CASY,CASY,217.38999938964844,218.9600067138672,214.0500030517578,215.47999572753906,208.87899780273438,176800
2021-04-08,CASY,CASY,216.24000549316406,217.4199981689453,214.49000549316406,217.11000061035156,210.45899963378906,126100
2021-04-09,CASY,CASY,217.6300048828125,220.00999450683594,215.8800048828125,219.61000061035156,212.8824462890625,96600
2021-04-12,CASY,CASY,220.52999877929688,220.52999877929688,217.69000244140625,218.6699981689453,211.97125244140625,183300
2021-04-13,CASY,CASY,219.24000549316406,219.24000549316406,216.8300018310547,217.36000061035156,210.7013397216797,134300
2021-04-14,CASY,CASY,217.91000366210938,219.0399932861328,217.25,217.50999450683594,210.84677124023438,150500
2021-04-15,CASY,CASY,218.1999969482422,220.89999389648438,217.3800048828125,220.38999938964844,213.63851928710938,208800
2021-04-16,CASY,CASY,221.55999755859375,224.32000732421875,221.42999267578125,223.32000732421875,216.47877502441406,140100
2021-04-19,CASY,CASY,224.1999969482422,224.67999267578125,221.9199981689453,224.27999877929688,217.40939331054688,139400
2021-04-20,CASY,CASY,225.0,225.0,222.25,223.25999450683594,216.42063903808594,117400
2021-04-21,CASY,CASY,224.25,225.27000427246094,222.42999267578125,222.9499969482422,216.12013244628906,118300
2021-04-22,CASY,CASY,222.1199951171875,223.36000061035156,220.30999755859375,221.7100067138672,214.91810607910156,98800
2021-04-23,CASY,CASY,221.80999755859375,225.2100067138672,220.6300048828125,224.0399932861328,217.17674255371094,107500
2021-04-26,CASY,CASY,224.0399932861328,225.25,220.83999633789062,223.13999938964844,216.30429077148438,141400
2021-04-27,CASY,CASY,223.11000061035156,225.52999877929688,221.22999572753906,221.80999755859375,215.01504516601562,115600
2021-04-28,CASY,CASY,222.36000061035156,224.7899932861328,220.94000244140625,224.3699951171875,217.4966278076172,127100
2021-04-29,CASY,CASY,224.83999633789062,226.60000610351562,221.91000366210938,222.94000244140625,216.11045837402344,102300
2021-04-30,CASY,CASY,223.75,224.9499969482422,220.32000732421875,222.19000244140625,215.7123565673828,210600
2021-05-03,CASY,CASY,223.8300018310547,225.1999969482422,222.19000244140625,222.47999572753906,215.99392700195312,134900
2021-05-04,CASY,CASY,221.91000366210938,222.10000610351562,219.42999267578125,221.61000061035156,215.14926147460938,105100
2021-05-05,CASY,CASY,222.39999389648438,222.66000366210938,220.57000732421875,222.3300018310547,215.84828186035156,96400
2021-05-06,CASY,CASY,223.44000244140625,224.00999450683594,221.0500030517578,222.2899932861328,215.8094482421875,95600
2021-05-07,CASY,CASY,221.25999450683594,224.75999450683594,219.0399932861328,223.27000427246094,216.76087951660156,148100
2021-05-10,CASY,CASY,224.19000244140625,226.05999755859375,222.80999755859375,224.35000610351562,217.80943298339844,127300
2021-05-11,CASY,CASY,223.16000366210938,223.50999450683594,217.8300018310547,218.55999755859375,212.18820190429688,184800
2021-05-12,CASY,CASY,218.1999969482422,218.8800048828125,214.0,217.44000244140625,211.10084533691406,242400
2021-05-13,CASY,CASY,217.92999267578125,227.1300048828125,217.92999267578125,225.91000366210938,219.3239288330078,304300
2021-05-14,CASY,CASY,226.0,229.17999267578125,222.61000061035156,223.83999633789062,217.3142852783203,237400
2021-05-17,CASY,CASY,224.38999938964844,228.27000427246094,224.08999633789062,226.27000427246094,219.67347717285156,235500
2021-05-18,CASY,CASY,225.7100067138672,226.92999267578125,223.39999389648438,223.94000244140625,217.41134643554688,153500
2021-05-19,CASY,CASY,223.2100067138672,224.14999389648438,217.0,219.25,212.8581085205078,261100
2021-05-20,CASY,CASY,219.5800018310547,220.61000061035156,218.00999450683594,219.41000366210938,213.01344299316406,213300
2021-05-21,CASY,CASY,219.7899932861328,223.8300018310547,218.5399932861328,219.4499969482422,213.05226135253906,195500
2021-05-24,CASY,CASY,221.16000366210938,223.11000061035156,219.35000610351562,220.86000061035156,214.42117309570312,132100
2021-05-25,CASY,CASY,220.4499969482422,222.22000122070312,218.1699981689453,218.97000122070312,212.5862579345703,256900
2021-05-26,CASY,CASY,219.22999572753906,222.11000061035156,218.17999267578125,221.24000549316406,214.7900848388672,179800
2021-05-27,CASY,CASY,221.1999969482422,222.0800018310547,216.3800048828125,217.25,210.9163818359375,417600
2021-05-28,CASY,CASY,218.25,221.27000427246094,218.25,220.83999633789062,214.40176391601562,219700
2021-06-01,CASY,CASY,221.10000610351562,221.69000244140625,216.8000030517578,217.69000244140625,211.3435516357422,170100
2021-06-02,CASY,CASY,218.27000427246094,220.08999633789062,214.52000427246094,214.8300018310547,208.56700134277344,316200
2021-06-03,CASY,CASY,215.19000244140625,216.52999877929688,213.27000427246094,215.60000610351562,209.31451416015625,247600
2021-06-04,CASY,CASY,216.5800018310547,221.08999633789062,216.00999450683594,218.9600067138672,212.57656860351562,284200
2021-06-07,CASY,CASY,218.77000427246094,219.86000061035156,214.75999450683594,215.2899932861328,209.01353454589844,194600
2021-06-08,CASY,CASY,215.05999755859375,216.35000610351562,214.36000061035156,214.75999450683594,208.4989776611328,321800
2021-06-09,CASY,CASY,206.27999877929688,207.69000244140625,200.27999877929688,204.89999389648438,198.92642211914062,601600
2021-06-10,CASY,CASY,206.0399932861328,206.97999572753906,203.94000244140625,205.69000244140625,199.6934051513672,249900
2021-06-11,CASY,CASY,205.38999938964844,207.86000061035156,205.08999633789062,207.5,201.45066833496094,176200
2021-06-14,CASY,CASY,207.88999938964844,207.91000366210938,202.9199981689453,204.67999267578125,198.7128448486328,168400
2021-06-15,CASY,CASY,205.33999633789062,205.55999755859375,202.4199981689453,203.82000732421875,197.87796020507812,186800
2021-06-16,CASY,CASY,203.77000427246094,205.89999389648438,202.4600067138672,204.8800048828125,198.90704345703125,353600
2021-06-17,CASY,CASY,205.02000427246094,205.02000427246094,200.5800018310547,201.7100067138672,195.82948303222656,186000
2021-06-18,CASY,CASY,200.4600067138672,201.22000122070312,196.86000061035156,197.07000732421875,191.32476806640625,311400
2021-06-21,CASY,CASY,197.57000732421875,202.10000610351562,197.57000732421875,201.88999938964844,196.00418090820312,198700
2021-06-22,CASY,CASY,197.8800048828125,199.74000549316406,197.17999267578125,198.8000030517578,193.0042724609375,370600
2021-06-23,CASY,CASY,199.72000122070312,199.72000122070312,195.75999450683594,198.27000427246094,192.48971557617188,264700
2021-06-24,CASY,CASY,199.0500030517578,199.0500030517578,194.55999755859375,194.92999267578125,189.24708557128906,337400
2021-06-25,CASY,CASY,194.75999450683594,197.99000549316406,193.66000366210938,196.9499969482422,191.2082061767578,518000
2021-06-28,CASY,CASY,196.4199981689453,197.36000061035156,194.30999755859375,196.92999267578125,191.18878173828125,243200
2021-06-29,CASY,CASY,196.47000122070312,197.0,193.13999938964844,193.32000732421875,187.68406677246094,283600
2021-06-30,CASY,CASY,193.27000427246094,195.30999755859375,192.3300018310547,194.63999938964844,188.96556091308594,200300
2021-07-01,CASY,CASY,195.5800018310547,196.60000610351562,194.60000610351562,195.25,189.5577850341797,233100
2021-07-02,CASY,CASY,195.11000061035156,196.00999450683594,194.1199951171875,195.10000610351562,189.4121551513672,137900
2021-07-06,CASY,CASY,194.44000244140625,194.44000244140625,191.33999633789062,193.3300018310547,187.69374084472656,216500
2021-07-07,CASY,CASY,193.3000030517578,195.1199951171875,193.3000030517578,193.72000122070312,188.07241821289062,172400
2021-07-08,CASY,CASY,192.5,194.86000061035156,191.74000549316406,193.63999938964844,187.9947052001953,136000
2021-07-09,CASY,CASY,195.3000030517578,197.55999755859375,194.6300048828125,197.27999877929688,191.528564453125,202200
2021-07-12,CASY,CASY,196.7899932861328,196.7899932861328,194.4499969482422,195.77000427246094,190.06259155273438,154300
2021-07-13,CASY,CASY,195.19000244140625,196.0399932861328,193.5399932861328,193.7100067138672,188.0626678466797,147800
2021-07-14,CASY,CASY,193.7100067138672,194.69000244140625,192.94000244140625,193.64999389648438,188.00440979003906,109600
2021-07-15,CASY,CASY,193.1699981689453,195.2100067138672,192.22000122070312,194.5500030517578,188.87820434570312,115500
2021-07-16,CASY,CASY,195.63999938964844,197.14999389648438,195.11000061035156,195.14999389648438,189.46070861816406,158300
2021-07-19,CASY,CASY,193.6300048828125,195.05999755859375,191.69000244140625,192.99000549316406,187.3636932373047,164500
2021-07-20,CASY,CASY,193.1999969482422,197.61000061035156,193.0800018310547,196.47000122070312,190.7422332763672,223000
2021-07-21,CASY,CASY,197.0,197.0,194.9199981689453,195.42999267578125,189.73251342773438,142100
2021-07-22,CASY,CASY,194.97000122070312,196.47000122070312,192.50999450683594,192.67999267578125,187.06268310546875,124400
2021-07-23,CASY,CASY,193.5399932861328,195.52000427246094,192.11000061035156,195.14999389648438,189.46070861816406,142500
2021-07-26,CASY,CASY,197.5800018310547,199.64999389648438,195.88999938964844,196.6199951171875,190.88780212402344,221700
2021-07-27,CASY,CASY,195.47999572753906,196.6999969482422,194.69000244140625,196.27999877929688,190.5576934814453,117600
2021-07-28,CASY,CASY,196.6300048828125,197.77000427246094,195.3000030517578,196.88999938964844,191.14996337890625,113600
2021-07-29,CASY,CASY,197.67999267578125,199.5399932861328,197.33999633789062,197.7899932861328,192.02374267578125,114700
2021-07-30,CASY,CASY,196.82000732421875,199.6300048828125,196.82000732421875,197.7100067138672,192.2765655517578,353700
2021-08-02,CASY,CASY,198.4499969482422,198.9499969482422,195.2100067138672,196.7899932861328,191.38186645507812,161900
2021-08-03,CASY,CASY,197.0399932861328,198.8300018310547,195.92999267578125,197.25,191.82923889160156,133800
2021-08-04,CASY,CASY,196.89999389648438,197.17999267578125,192.58999633789062,192.92999267578125,187.6279296875,192500
2021-08-05,CASY,CASY,193.3000030517578,196.3699951171875,192.97000122070312,196.22000122070312,190.82752990722656,129900
2021-08-06,CASY,CASY,196.7899932861328,196.7899932861328,194.8300018310547,195.4499969482422,190.0786895751953,85000
2021-08-09,CASY,CASY,195.91000366210938,198.17999267578125,195.5399932861328,196.9199981689453,191.50830078125,123400
2021-08-10,CASY,CASY,197.0800018310547,199.27000427246094,196.36000061035156,197.75,192.31544494628906,111100
2021-08-11,CASY,CASY,197.5,199.0,197.0800018310547,197.32000732421875,191.89730834960938,99600
2021-08-12,CASY,CASY,197.0399932861328,199.0,196.5500030517578,198.14999389648438,192.70449829101562,114200
2021-08-13,CASY,CASY,198.75,199.75999450683594,198.0399932861328,198.9600067138672,193.4922332763672,69600
2021-08-16,CASY,CASY,198.83999633789062,200.49000549316406,197.8000030517578,198.75999450683594,193.2977294921875,80000
2021-08-17,CASY,CASY,198.13999938964844,200.97999572753906,196.99000549316406,200.30999755859375,194.80516052246094,187500
2021-08-18,CASY,CASY,199.77000427246094,200.72000122070312,198.6300048828125,199.00999450683594,193.5408477783203,120800
2021-08-19,CASY,CASY,198.69000244140625,200.67999267578125,198.0,200.0,194.50363159179688,81000
2021-08-20,CASY,CASY,200.52999877929688,202.72000122070312,199.07000732421875,200.6699981689453,195.1552276611328,180400
2021-08-23,CASY,CASY,200.89999389648438,202.69000244140625,199.5,202.11000061035156,196.55567932128906,118400
2021-08-24,CASY,CASY,202.8000030517578,202.8000030517578,200.25,201.72999572753906,196.1861114501953,112100
2021-08-25,CASY,CASY,202.52999877929688,205.67999267578125,201.92999267578125,203.88999938964844,198.2867431640625,151900
2021-08-26,CASY,CASY,203.55999755859375,203.55999755859375,200.02000427246094,201.3300018310547,195.79708862304688,121700
2021-08-27,CASY,CASY,201.83999633789062,204.22000122070312,200.6999969482422,203.6300048828125,198.03390502929688,153300
2021-08-30,CASY,CASY,203.58999633789062,205.72999572753906,202.42999267578125,204.22999572753906,198.6173858642578,106400
2021-08-31,CASY,CASY,204.85000610351562,205.6999969482422,202.52000427246094,204.55999755859375,198.93833923339844,140800
2021-09-01,CASY,CASY,204.77000427246094,205.67999267578125,203.3699951171875,205.0800018310547,199.4440155029297,100500
2021-09-02,CASY,CASY,206.0,208.0,204.9499969482422,208.0,202.28378295898438,186400
2021-09-03,CASY,CASY,207.2100067138672,207.5800018310547,205.3300018310547,206.5,200.8250274658203,120400
2021-09-07,CASY,CASY,206.4199981689453,208.19000244140625,202.25999450683594,202.66000366210938,197.0905303955078,310100
2021-09-08,CASY,CASY,201.5,201.5,189.42999267578125,193.02999877929688,187.72518920898438,592300
2021-09-09,CASY,CASY,193.17999267578125,196.5800018310547,191.6699981689453,195.22999572753906,189.86471557617188,278300
2021-09-10,CASY,CASY,195.25,195.57000732421875,189.75999450683594,190.3800048828125,185.14805603027344,271200
2021-09-13,CASY,CASY,192.00999450683594,194.8699951171875,190.0399932861328,194.60000610351562,189.2520751953125,269000
2021-09-14,CASY,CASY,198.1300048828125,198.1300048828125,190.3000030517578,191.27999877929688,186.0232696533203,185400
2021-09-15,CASY,CASY,191.0,193.35000610351562,190.5,193.10000610351562,187.7932891845703,142800
2021-09-16,CASY,CASY,192.50999450683594,194.5,192.47000122070312,192.88999938964844,187.5890350341797,153300
2021-09-17,CASY,CASY,192.63999938964844,193.41000366210938,191.16000366210938,192.17999267578125,186.8985595703125,433200
2021-09-20,CASY,CASY,190.13999938964844,191.25,185.9600067138672,187.0399932861328,181.89984130859375,219200
2021-09-21,CASY,CASY,187.97999572753906,188.82000732421875,186.24000549316406,187.22999572753906,182.0845947265625,176400
2021-09-22,CASY,CASY,187.85000610351562,190.0,187.25999450683594,188.10000610351562,182.9306640625,182100
2021-09-23,CASY,CASY,188.99000549316406,191.1999969482422,188.1999969482422,188.41000366210938,183.23219299316406,275000
2021-09-24,CASY,CASY,188.5800018310547,190.27999877929688,187.9600067138672,189.27999877929688,184.0782470703125,132600
2021-09-27,CASY,CASY,189.49000549316406,191.66000366210938,189.49000549316406,190.94000244140625,185.6926727294922,138700
2021-09-28,CASY,CASY,191.83999633789062,192.05999755859375,189.69000244140625,190.80999755859375,185.56619262695312,177800
2021-09-29,CASY,CASY,191.0500030517578,193.6199951171875,190.9499969482422,191.91000366210938,186.63597106933594,169100
2021-09-30,CASY,CASY,191.36000061035156,192.05999755859375,187.75,188.4499969482422,183.27108764648438,219700
2021-10-01,CASY,CASY,189.3000030517578,190.2100067138672,185.92999267578125,187.39999389648438,182.2499237060547,197200
2021-10-04,CASY,CASY,187.57000732421875,189.27000427246094,187.1300048828125,187.97999572753906,182.81398010253906,192200
2021-10-05,CASY,CASY,187.8800048828125,190.36000061035156,187.36000061035156,189.02000427246094,183.8253936767578,164900
2021-10-06,CASY,CASY,188.61000061035156,189.17999267578125,186.41000366210938,189.02000427246094,183.8253936767578,128400
2021-10-07,CASY,CASY,194.27999877929688,194.27999877929688,189.16000366210938,189.5399932861328,184.3311309814453,159600
2021-10-08,CASY,CASY,188.6999969482422,191.63999938964844,187.4499969482422,190.4499969482422,185.216064453125,96500
2021-10-11,CASY,CASY,189.97999572753906,190.83999633789062,185.1699981689453,185.30999755859375,180.21734619140625,197000
2021-10-12,CASY,CASY,185.9199981689453,188.75999450683594,185.36000061035156,186.75999450683594,181.6275177001953,123300
2021-10-13,CASY,CASY,187.27999877929688,187.27999877929688,184.66000366210938,186.2899932861328,181.17042541503906,117600
2021-10-14,CASY,CASY,187.3000030517578,189.6999969482422,186.11000061035156,189.41000366210938,184.20468139648438,85800
2021-10-15,CASY,CASY,190.83999633789062,190.83999633789062,187.0,187.42999267578125,182.27908325195312,121600
2021-10-18,CASY,CASY,186.22999572753906,189.88999938964844,185.9199981689453,188.82000732421875,183.63088989257812,103000
2021-10-19,CASY,CASY,189.88999938964844,191.02000427246094,188.74000549316406,190.22999572753906,185.002197265625,98900
2021-10-20,CASY,CASY,190.11000061035156,191.92999267578125,189.67999267578125,190.3800048828125,185.14805603027344,108000
2021-10-21,CASY,CASY,190.6999969482422,191.94000244140625,190.4600067138672,190.97999572753906,185.7315216064453,100300
2021-10-22,CASY,CASY,191.25999450683594,194.32000732421875,191.25999450683594,191.88999938964844,186.6165313720703,86200
2021-10-25,CASY,CASY,192.25999450683594,195.08999633789062,190.69000244140625,193.49000549316406,188.17257690429688,124200
2021-10-26,CASY,CASY,193.72000122070312,193.72000122070312,187.22999572753906,187.97000122070312,182.8042449951172,197800
2021-10-27,CASY,CASY,188.8699951171875,191.7899932861328,188.32000732421875,188.9600067138672,183.76707458496094,139100
2021-10-28,CASY,CASY,189.0,190.75999450683594,188.19000244140625,188.5,183.31968688964844,157200
2021-10-29,CASY,CASY,187.75,191.9199981689453,187.75,191.5399932861328,186.62265014648438,208500
2021-11-01,CASY,CASY,192.4499969482422,194.47000122070312,191.39999389648438,193.4499969482422,188.48358154296875,185500
2021-11-02,CASY,CASY,194.52999877929688,194.67999267578125,192.0500030517578,192.36000061035156,187.42161560058594,142000
2021-11-03,CASY,CASY,192.52999877929688,199.8000030517578,192.52999877929688,199.77000427246094,194.64132690429688,175500
2021-11-04,CASY,CASY,200.0,202.3300018310547,198.74000549316406,198.89999389648438,193.79373168945312,168600
2021-11-05,CASY,CASY,200.08999633789062,201.61000061035156,199.36000061035156,201.50999450683594,196.3367156982422,169400
2021-11-08,CASY,CASY,201.75999450683594,202.2100067138672,198.35000610351562,201.36000061035156,196.1905517578125,125100
2021-11-09,CASY,CASY,201.0,202.27000427246094,200.22000122070312,201.92999267578125,196.74594116210938,127500
2021-11-10,CASY,CASY,202.3000030517578,202.94000244140625,199.64999389648438,200.08999633789062,194.953125,100800
2021-11-11,CASY,CASY,200.77999877929688,201.99000549316406,198.1999969482422,200.97999572753906,195.8203125,82800
2021-11-12,CASY,CASY,200.7899932861328,201.38999938964844,199.08999633789062,199.49000549316406,194.36856079101562,91300
2021-11-15,CASY,CASY,199.52000427246094,200.5800018310547,198.00999450683594,198.47999572753906,193.38453674316406,110500
2021-11-16,CASY,CASY,198.3800048828125,199.0800018310547,196.02999877929688,196.35000610351562,191.30918884277344,140400
2021-11-17,CASY,CASY,195.86000061035156,196.17999267578125,192.58999633789062,193.6300048828125,188.6589813232422,226600
2021-11-18,CASY,CASY,194.4600067138672,196.0399932861328,190.33999633789062,191.1999969482422,186.29139709472656,218100
2021-11-19,CASY,CASY,190.97999572753906,194.6999969482422,190.3000030517578,194.07000732421875,189.08773803710938,173100
2021-11-22,CASY,CASY,195.5800018310547,201.39999389648438,193.6300048828125,199.9600067138672,194.82647705078125,149900
2021-11-23,CASY,CASY,200.92999267578125,201.99000549316406,198.4199981689453,200.60000610351562,195.45005798339844,138800
2021-11-24,CASY,CASY,200.9199981689453,200.9199981689453,196.30999755859375,197.4600067138672,192.39068603515625,108900
2021-11-26,CASY,CASY,195.82000732421875,196.05999755859375,193.5800018310547,194.8300018310547,189.82818603515625,97300
2021-11-29,CASY,CASY,195.52999877929688,198.36000061035156,195.2100067138672,197.33999633789062,192.2737579345703,165700
2021-11-30,CASY,CASY,197.74000549316406,200.25999450683594,193.25999450683594,194.2899932861328,189.3020477294922,382300
2021-12-01,CASY,CASY,195.52999877929688,201.5800018310547,190.5800018310547,190.69000244140625,185.79449462890625,312000
2021-12-02,CASY,CASY,191.05999755859375,197.50999450683594,191.05999755859375,196.22999572753906,191.19224548339844,172500
2021-12-03,CASY,CASY,197.38999938964844,198.8000030517578,194.47999572753906,195.77000427246094,190.74403381347656,175100
2021-12-06,CASY,CASY,196.66000366210938,203.72000122070312,196.66000366210938,201.88999938964844,196.70692443847656,209100
2021-12-07,CASY,CASY,203.0,203.5800018310547,199.82000732421875,201.22000122070312,196.0541534423828,291700
2021-12-08,CASY,CASY,187.5,192.07000732421875,182.0,187.36000061035156,182.5499725341797,669300
2021-12-09,CASY,CASY,186.4199981689453,188.38999938964844,181.32000732421875,181.88999938964844,177.22039794921875,392400
2021-12-10,CASY,CASY,182.50999450683594,188.88999938964844,181.25,187.52000427246094,182.70587158203125,389900
2021-12-13,CASY,CASY,186.2100067138672,193.86000061035156,186.2100067138672,191.99000549316406,187.06109619140625,329600
2021-12-14,CASY,CASY,191.00999450683594,192.94000244140625,188.92999267578125,190.6999969482422,185.80421447753906,284500
2021-12-15,CASY,CASY,191.94000244140625,192.32000732421875,188.27000427246094,191.19000244140625,186.28164672851562,266700
2021-12-16,CASY,CASY,192.69000244140625,193.19000244140625,188.4499969482422,190.00999450683594,185.1319122314453,286600
2021-12-17,CASY,CASY,190.47999572753906,195.52000427246094,190.47999572753906,192.89999389648438,187.94775390625,603000
2021-12-20,CASY,CASY,192.64999389648438,193.5800018310547,190.1999969482422,191.6999969482422,186.77853393554688,321100
2021-12-21,CASY,CASY,192.75,194.5800018310547,191.27000427246094,191.9199981689453,186.99290466308594,280000
2021-12-22,CASY,CASY,191.07000732421875,193.16000366210938,191.07000732421875,192.25,187.31442260742188,147700
2021-12-23,CASY,CASY,193.17999267578125,195.0,191.7100067138672,194.5800018310547,189.58460998535156,198400
2021-12-27,CASY,CASY,194.0,195.99000549316406,192.1699981689453,193.3800048828125,188.4154052734375,207300
2021-12-28,CASY,CASY,194.5500030517578,197.22000122070312,193.38999938964844,196.77999877929688,191.72811889648438,195600
2021-12-29,CASY,CASY,196.3699951171875,199.2899932861328,195.72999572753906,198.8800048828125,193.7742462158203,171600
2021-12-30,CASY,CASY,199.7899932861328,200.57000732421875,195.25999450683594,195.72999572753906,190.70509338378906,203000
2021-12-31,CASY,CASY,195.86000061035156,198.0800018310547,195.14999389648438,197.35000610351562,192.2835235595703,133100
2022-01-03,CASY,CASY,197.27000427246094,199.16000366210938,195.4499969482422,197.27999877929688,192.2152557373047,166200
2022-01-04,CASY,CASY,197.0,197.85000610351562,194.83999633789062,195.0,189.9938507080078,215100
2022-01-05,CASY,CASY,195.64999389648438,199.5399932861328,193.52999877929688,193.5500030517578,188.58106994628906,236800
2022-01-06,CASY,CASY,193.64999389648438,199.30999755859375,193.5500030517578,197.13999938964844,192.0789031982422,279500
2022-01-07,CASY,CASY,197.32000732421875,198.50999450683594,194.8300018310547,196.52999877929688,191.48452758789062,183600
2022-01-10,CASY,CASY,197.08999633789062,197.27999877929688,194.3800048828125,196.77999877929688,191.72811889648438,184800
2022-01-11,CASY,CASY,196.89999389648438,196.99000549316406,193.52999877929688,196.5800018310547,191.53326416015625,255900
2022-01-12,CASY,CASY,196.07000732421875,197.3300018310547,194.30999755859375,194.85000610351562,189.84765625,244000
2022-01-13,CASY,CASY,196.4199981689453,198.22000122070312,194.8699951171875,196.10000610351562,191.06558227539062,170800
2022-01-14,CASY,CASY,196.10000610351562,196.10000610351562,189.38999938964844,191.16000366210938,186.2523956298828,371900
2022-01-18,CASY,CASY,189.75,190.39999389648438,187.0399932861328,188.88999938964844,184.0406951904297,158200
2022-01-19,CASY,CASY,189.0,190.36000061035156,187.82000732421875,188.7100067138672,183.8653564453125,242800
2022-01-20,CASY,CASY,189.6999969482422,190.4499969482422,184.27999877929688,184.75,180.00698852539062,364900
2022-01-21,CASY,CASY,183.82000732421875,185.67999267578125,180.77999877929688,181.1699981689453,176.51889038085938,238300
2022-01-24,CASY,CASY,180.38999938964844,190.3000030517578,180.38999938964844,189.22000122070312,184.36221313476562,270000
2022-01-25,CASY,CASY,188.92999267578125,188.92999267578125,183.7100067138672,185.00999450683594,180.26025390625,228700
2022-01-26,CASY,CASY,185.44000244140625,187.0,181.52999877929688,183.55999755859375,178.84751892089844,215400
2022-01-27,CASY,CASY,184.1199951171875,188.22000122070312,183.9199981689453,185.4600067138672,180.69873046875,206100
2022-01-28,CASY,CASY,184.6199951171875,187.52000427246094,182.61000061035156,187.3800048828125,182.56944274902344,320400
2022-01-31,CASY,CASY,186.11000061035156,187.99000549316406,183.6199951171875,187.80999755859375,183.3308563232422,254700
2022-02-01,CASY,CASY,187.3000030517578,188.6999969482422,185.0,188.52000427246094,184.02394104003906,319000
2022-02-02,CASY,CASY,188.64999389648438,190.4600067138672,186.92999267578125,189.47000122070312,184.9512481689453,319400
2022-02-03,CASY,CASY,189.1999969482422,191.22999572753906,186.66000366210938,187.41000366210938,182.94039916992188,147800
2022-02-04,CASY,CASY,187.17999267578125,188.0399932861328,182.72999572753906,185.7899932861328,181.3590087890625,138600
2022-02-07,CASY,CASY,186.30999755859375,186.61000061035156,183.89999389648438,184.2100067138672,179.8167266845703,172800
2022-02-08,CASY,CASY,184.22000122070312,187.58999633789062,184.0500030517578,186.82000732421875,182.36447143554688,144500
2022-02-09,CASY,CASY,187.11000061035156,189.27999877929688,186.10000610351562,186.77000427246094,182.3156280517578,209200
2022-02-10,CASY,CASY,185.44000244140625,187.9600067138672,182.5399932861328,182.97000122070312,178.60629272460938,193900
2022-02-11,CASY,CASY,180.42999267578125,185.22000122070312,180.42999267578125,181.72999572753906,177.39585876464844,277100
2022-02-14,CASY,CASY,182.00999450683594,183.6699981689453,180.8699951171875,182.6199951171875,178.26461791992188,235100
2022-02-15,CASY,CASY,183.9499969482422,186.47000122070312,183.8800048828125,185.1999969482422,180.78309631347656,252200
2022-02-16,CASY,CASY,184.41000366210938,185.30999755859375,182.10000610351562,184.3699951171875,179.97286987304688,145700
2022-02-17,CASY,CASY,183.86000061035156,185.08999633789062,182.19000244140625,182.22999572753906,177.88394165039062,119600
2022-02-18,CASY,CASY,182.52000427246094,184.9199981689453,181.9199981689453,184.67999267578125,180.27548217773438,144900
2022-02-22,CASY,CASY,185.11000061035156,185.11000061035156,180.88999938964844,181.4600067138672,177.1322784423828,165900
2022-02-23,CASY,CASY,183.0,185.6999969482422,181.72999572753906,182.99000549316406,178.62579345703125,233300
2022-02-24,CASY,CASY,180.41000366210938,182.10000610351562,176.9499969482422,181.42999267578125,177.1029815673828,345400
2022-02-25,CASY,CASY,181.72000122070312,188.1199951171875,181.47000122070312,186.92999267578125,182.4718017578125,185000
2022-02-28,CASY,CASY,185.35000610351562,188.61000061035156,184.8699951171875,188.0800018310547,183.5944061279297,357400
2022-03-01,CASY,CASY,187.82000732421875,188.94000244140625,185.22999572753906,185.50999450683594,181.085693359375,408400
2022-03-02,CASY,CASY,185.16000366210938,190.0,184.0,189.1199951171875,184.60960388183594,299400
2022-03-03,CASY,CASY,190.0,192.1199951171875,187.75999450683594,188.83999633789062,184.33628845214844,209100
2022-03-04,CASY,CASY,189.27999877929688,191.49000549316406,186.02999877929688,190.41000366210938,185.8688507080078,710700
2022-03-07,CASY,CASY,189.72000122070312,190.6699981689453,176.50999450683594,177.5800018310547,173.34483337402344,422100
2022-03-08,CASY,CASY,177.22000122070312,179.55999755859375,170.82000732421875,171.8300018310547,167.73194885253906,689100
2022-03-09,CASY,CASY,175.0,187.35000610351562,172.5,185.2100067138672,180.79286193847656,585000
2022-03-10,CASY,CASY,185.08999633789062,185.08999633789062,178.52000427246094,179.14999389648438,174.87734985351562,314300
2022-03-11,CASY,CASY,181.0500030517578,181.0500030517578,174.11000061035156,174.25,170.09422302246094,349900
2022-03-14,CASY,CASY,174.94000244140625,180.89999389648438,174.0500030517578,180.17999267578125,175.88282775878906,520000
2022-03-15,CASY,CASY,184.02000427246094,186.3699951171875,180.7100067138672,185.35000610351562,180.9295196533203,379200
2022-03-16,CASY,CASY,187.69000244140625,190.3300018310547,182.80999755859375,186.89999389648438,182.44256591796875,255500
2022-03-17,CASY,CASY,186.8800048828125,190.5,186.0,190.02000427246094,185.4881591796875,230800
2022-03-18,CASY,CASY,190.97999572753906,191.99000549316406,187.92999267578125,191.57000732421875,187.00119018554688,329200
2022-03-21,CASY,CASY,190.2899932861328,192.25,189.52999877929688,190.49000549316406,185.9469451904297,191600
2022-03-22,CASY,CASY,191.64999389648438,192.1999969482422,189.57000732421875,189.99000549316406,185.4588623046875,187200
2022-03-23,CASY,CASY,189.27000427246094,190.57000732421875,187.5399932861328,189.49000549316406,184.97080993652344,196800
2022-03-24,CASY,CASY,189.8699951171875,193.5500030517578,189.3699951171875,193.22000122070312,188.61180114746094,184900
2022-03-25,CASY,CASY,193.99000549316406,196.9499969482422,192.27000427246094,196.75,192.0576171875,231000
2022-03-28,CASY,CASY,197.0500030517578,199.75999450683594,195.25,199.5500030517578,194.79087829589844,294300
2022-03-29,CASY,CASY,200.0,202.33999633789062,199.6300048828125,201.14999389648438,196.3527069091797,220000
2022-03-30,CASY,CASY,200.2899932861328,202.5,197.5500030517578,199.55999755859375,194.80059814453125,158700
2022-03-31,CASY,CASY,199.3699951171875,202.16000366210938,197.75,198.1699981689453,193.44378662109375,315700
2022-04-01,CASY,CASY,199.52000427246094,200.9600067138672,196.72999572753906,198.22000122070312,193.4925994873047,338800
2022-04-04,CASY,CASY,198.3300018310547,200.47000122070312,196.1999969482422,199.58999633789062,194.82992553710938,403900
2022-04-05,CASY,CASY,200.05999755859375,201.6300048828125,198.66000366210938,200.8000030517578,196.0110626220703,320100
2022-04-06,CASY,CASY,199.2100067138672,203.60000610351562,198.1699981689453,202.9499969482422,198.10977172851562,262200
2022-04-07,CASY,CASY,203.6999969482422,209.14999389648438,202.13999938964844,207.8000030517578,202.8441162109375,359600
2022-04-08,CASY,CASY,207.8800048828125,210.52000427246094,206.9199981689453,207.5500030517578,202.60008239746094,245800
2022-04-11,CASY,CASY,208.6999969482422,209.4600067138672,205.44000244140625,206.33999633789062,201.41888427734375,257500
2022-04-12,CASY,CASY,207.0399932861328,208.02000427246094,205.1199951171875,205.5800018310547,200.67706298828125,185400
2022-04-13,CASY,CASY,205.60000610351562,210.9600067138672,204.61000061035156,210.6300048828125,205.60662841796875,224800
2022-04-14,CASY,CASY,210.41000366210938,212.4199981689453,208.63999938964844,209.24000549316406,204.24978637695312,188900
2022-04-18,CASY,CASY,208.27000427246094,210.0,207.3800048828125,208.49000549316406,203.51763916015625,172000
2022-04-19,CASY,CASY,208.72000122070312,213.8300018310547,208.72000122070312,213.02999877929688,207.9493865966797,206700
2022-04-20,CASY,CASY,213.25,216.08999633789062,213.25,215.8300018310547,210.68263244628906,132000
2022-04-21,CASY,CASY,212.1300048828125,216.39999389648438,210.05999755859375,213.27999877929688,208.19342041015625,220800
2022-04-22,CASY,CASY,213.6199951171875,214.0399932861328,209.82000732421875,211.1300048828125,206.09469604492188,229800
2022-04-25,CASY,CASY,211.5399932861328,212.8000030517578,208.16000366210938,211.85000610351562,206.79754638671875,249900
2022-04-26,CASY,CASY,210.30999755859375,211.75,205.7100067138672,206.0500030517578,201.1358642578125,242700
2022-04-27,CASY,CASY,205.8800048828125,210.49000549316406,205.0,208.17999267578125,203.2150421142578,224300
2022-04-28,CASY,CASY,208.69000244140625,208.83999633789062,204.8699951171875,206.72999572753906,201.79962158203125,193200
2022-04-29,CASY,CASY,205.75999450683594,206.3699951171875,199.91000366210938,201.3000030517578,196.83236694335938,343600
2022-05-02,CASY,CASY,202.17999267578125,204.0,199.02000427246094,201.8000030517578,197.3212890625,219700
2022-05-03,CASY,CASY,201.63999938964844,204.61000061035156,201.14999389648438,203.52999877929688,199.0128631591797,217700
2022-05-04,CASY,CASY,204.57000732421875,207.6300048828125,201.69000244140625,207.36000061035156,202.75787353515625,371100
2022-05-05,CASY,CASY,207.36000061035156,208.8000030517578,200.6199951171875,203.0,198.49461364746094,332100
2022-05-06,CASY,CASY,202.0,203.4499969482422,196.5500030517578,197.32000732421875,192.9407196044922,276500
2022-05-09,CASY,CASY,195.8300018310547,200.0399932861328,195.7100067138672,197.69000244140625,193.30250549316406,311100
2022-05-10,CASY,CASY,196.8300018310547,199.74000549316406,195.3000030517578,196.8300018310547,192.46157836914062,335800
2022-05-11,CASY,CASY,197.22000122070312,201.1300048828125,195.1999969482422,198.6699981689453,194.2607421875,458100
2022-05-12,CASY,CASY,199.3000030517578,204.75,197.08999633789062,203.94000244140625,199.41380310058594,336900
2022-05-13,CASY,CASY,205.9499969482422,208.22000122070312,203.6699981689453,207.74000549316406,203.1294403076172,194000
2022-05-16,CASY,CASY,207.77999877929688,212.36000061035156,206.17999267578125,210.17999267578125,205.51527404785156,292700
2022-05-17,CASY,CASY,212.0,214.4600067138672,208.52000427246094,213.9499969482422,209.2016143798828,224000
2022-05-18,CASY,CASY,211.75999450683594,213.85000610351562,200.16000366210938,201.0399932861328,196.57814025878906,500000
2022-05-19,CASY,CASY,198.3300018310547,202.8300018310547,193.89999389648438,199.77999877929688,195.34609985351562,344500
2022-05-20,CASY,CASY,201.38999938964844,201.38999938964844,195.32000732421875,199.91000366210938,195.4731903076172,376400
2022-05-23,CASY,CASY,200.3800048828125,201.7100067138672,198.27000427246094,199.57000732421875,195.1407928466797,232200
2022-05-24,CASY,CASY,197.5800018310547,201.88999938964844,196.25999450683594,201.3000030517578,196.83236694335938,188300
2022-05-25,CASY,CASY,203.69000244140625,206.0500030517578,201.3699951171875,203.02999877929688,198.5239715576172,259700
2022-05-26,CASY,CASY,204.6999969482422,208.83999633789062,203.83999633789062,206.41000366210938,201.82896423339844,217600
2022-05-27,CASY,CASY,206.94000244140625,210.25,206.94000244140625,209.97999572753906,205.3197021484375,144400
2022-05-31,CASY,CASY,208.1300048828125,210.49000549316406,205.97999572753906,209.5399932861328,204.88949584960938,256300
2022-06-01,CASY,CASY,212.97000122070312,213.3800048828125,205.11000061035156,207.25,202.65032958984375,233400
2022-06-02,CASY,CASY,206.5399932861328,210.9499969482422,205.42999267578125,210.9499969482422,206.2681884765625,325600
2022-06-03,CASY,CASY,209.97000122070312,212.97000122070312,209.07000732421875,211.67999267578125,206.98196411132812,217800
2022-06-06,CASY,CASY,214.24000549316406,214.24000549316406,206.6699981689453,207.32000732421875,202.71876525878906,439200
2022-06-07,CASY,CASY,203.82000732421875,207.77000427246094,203.16000366210938,206.25,201.67250061035156,539500
2022-06-08,CASY,CASY,201.92999267578125,204.08999633789062,195.35000610351562,197.92999267578125,193.53713989257812,784300
2022-06-09,CASY,CASY,197.0800018310547,198.94000244140625,193.57000732421875,193.6999969482422,189.40103149414062,356200
2022-06-10,CASY,CASY,191.8000030517578,193.67999267578125,189.55999755859375,190.97999572753906,186.74142456054688,330300
2022-06-13,CASY,CASY,188.5399932861328,189.00999450683594,183.67999267578125,185.92999267578125,181.80348205566406,289900
2022-06-14,CASY,CASY,188.05999755859375,188.05999755859375,184.25999450683594,186.13999938964844,182.00885009765625,275700
2022-06-15,CASY,CASY,187.1300048828125,189.82000732421875,184.3699951171875,186.57000732421875,182.42930603027344,257700
2022-06-16,CASY,CASY,183.82000732421875,185.92999267578125,181.75999450683594,183.83999633789062,179.7598876953125,261600
2022-06-17,CASY,CASY,185.3699951171875,186.24000549316406,181.60000610351562,181.74000549316406,177.7064666748047,416700
2022-06-21,CASY,CASY,183.0,184.52000427246094,181.39999389648438,184.25,180.16078186035156,387100
2022-06-22,CASY,CASY,182.55999755859375,187.36000061035156,182.55999755859375,186.72999572753906,182.58572387695312,401000
2022-06-23,CASY,CASY,187.99000549316406,189.47999572753906,186.33999633789062,189.02999877929688,184.83470153808594,267700
2022-06-24,CASY,CASY,190.94000244140625,192.30999755859375,188.38999938964844,191.52999877929688,187.2792205810547,492400
2022-06-27,CASY,CASY,191.02000427246094,194.5399932861328,190.42999267578125,194.5,190.18328857421875,197100
2022-06-28,CASY,CASY,195.94000244140625,196.99000549316406,190.17999267578125,190.41000366210938,186.18408203125,331400
2022-06-29,CASY,CASY,190.9499969482422,193.52000427246094,185.7100067138672,186.4499969482422,182.3119659423828,274100
2022-06-30,CASY,CASY,185.1699981689453,186.75999450683594,182.69000244140625,184.97999572753906,180.87457275390625,266100
2022-07-01,CASY,CASY,184.7100067138672,187.2899932861328,183.22999572753906,186.58999633789062,182.4488067626953,254700
2022-07-05,CASY,CASY,184.32000732421875,188.6199951171875,183.4499969482422,188.57000732421875,184.3848876953125,434900
2022-07-06,CASY,CASY,188.82000732421875,194.92999267578125,188.49000549316406,193.86000061035156,189.5574951171875,555700
2022-07-07,CASY,CASY,195.11000061035156,195.97999572753906,191.10000610351562,193.25,188.9610137939453,333000
2022-07-08,CASY,CASY,193.3300018310547,195.91000366210938,192.02000427246094,194.0500030517578,189.74325561523438,237700
2022-07-11,CASY,CASY,193.8699951171875,197.07000732421875,193.33999633789062,195.52000427246094,191.18063354492188,219400
2022-07-12,CASY,CASY,195.47000122070312,198.2899932861328,192.8699951171875,193.8000030517578,189.49880981445312,256000
2022-07-13,CASY,CASY,192.8699951171875,197.27000427246094,192.8699951171875,195.30999755859375,190.9752960205078,172700
2022-07-14,CASY,CASY,193.94000244140625,199.3699951171875,192.64999389648438,198.49000549316406,194.08470153808594,231000
2022-07-15,CASY,CASY,200.0,202.0800018310547,198.9600067138672,201.58999633789062,197.11595153808594,333900
2022-07-18,CASY,CASY,202.33999633789062,202.75,196.2100067138672,196.80999755859375,192.44200134277344,403200
2022-07-19,CASY,CASY,200.91000366210938,200.91000366210938,197.10000610351562,198.91000366210938,194.4954071044922,355100
2022-07-20,CASY,CASY,199.5,199.61000061035156,197.05999755859375,198.49000549316406,194.08470153808594,236700
2022-07-21,CASY,CASY,197.74000549316406,199.6199951171875,196.35000610351562,198.44000244140625,194.0358428955078,249700
2022-07-22,CASY,CASY,198.82000732421875,200.67999267578125,197.86000061035156,198.7100067138672,194.29983520507812,178700
2022-07-25,CASY,CASY,199.55999755859375,200.02000427246094,197.64999389648438,198.89999389648438,194.4856414794922,231700
2022-07-26,CASY,CASY,196.94000244140625,196.94000244140625,194.89999389648438,196.30999755859375,191.95309448242188,339000
2022-07-27,CASY,CASY,196.63999938964844,199.2899932861328,195.10000610351562,198.72999572753906,194.3194122314453,205500
2022-07-28,CASY,CASY,198.66000366210938,202.99000549316406,197.05999755859375,202.8800048828125,198.37730407714844,358200
2022-07-29,CASY,CASY,202.22999572753906,203.6199951171875,201.02999877929688,202.64999389648438,198.5242462158203,358500
2022-08-01,CASY,CASY,201.6199951171875,206.89999389648438,201.11000061035156,205.55999755859375,201.37496948242188,233300
2022-08-02,CASY,CASY,206.25999450683594,206.25999450683594,202.3300018310547,203.77999877929688,199.63121032714844,245500
2022-08-03,CASY,CASY,204.0399932861328,207.86000061035156,203.80999755859375,206.72000122070312,202.51138305664062,233600
2022-08-04,CASY,CASY,206.44000244140625,207.58999633789062,203.77000427246094,206.83999633789062,202.62893676757812,237300
2022-08-05,CASY,CASY,205.83999633789062,207.77999877929688,205.44000244140625,207.3800048828125,203.157958984375,192600
2022-08-08,CASY,CASY,207.0800018310547,210.24000549316406,206.97000122070312,207.83999633789062,203.60858154296875,233700
2022-08-09,CASY,CASY,207.9499969482422,209.11000061035156,206.39999389648438,206.88999938964844,202.67794799804688,184600
2022-08-10,CASY,CASY,209.27999877929688,209.5800018310547,205.08999633789062,205.52000427246094,201.3358154296875,207400
2022-08-11,CASY,CASY,205.97999572753906,208.5399932861328,205.77000427246094,206.39999389648438,202.19790649414062,206500
2022-08-12,CASY,CASY,206.66000366210938,208.8699951171875,206.66000366210938,208.42999267578125,204.1865692138672,181400
2022-08-15,CASY,CASY,208.10000610351562,211.11000061035156,207.02000427246094,209.60000610351562,205.332763671875,140400
2022-08-16,CASY,CASY,209.38999938964844,214.19000244140625,209.38999938964844,213.0800018310547,208.7418975830078,154100
2022-08-17,CASY,CASY,213.5800018310547,214.24000549316406,211.9600067138672,212.85000610351562,208.51658630371094,160400
2022-08-18,CASY,CASY,215.0,220.0500030517578,214.32000732421875,218.58999633789062,214.1397247314453,319400
2022-08-19,CASY,CASY,218.91000366210938,222.1999969482422,218.58999633789062,221.89999389648438,217.38233947753906,278400
2022-08-22,CASY,CASY,222.08999633789062,222.39999389648438,218.61000061035156,219.0,214.54139709472656,191600
2022-08-23,CASY,CASY,218.5399932861328,220.0,216.92999267578125,217.13999938964844,212.71925354003906,255300
2022-08-24,CASY,CASY,217.74000549316406,218.80999755859375,216.6999969482422,218.55999755859375,214.11033630371094,176000
2022-08-25,CASY,CASY,218.75,219.1999969482422,216.91000366210938,218.77999877929688,214.3258514404297,170600
2022-08-26,CASY,CASY,218.67999267578125,219.1999969482422,216.57000732421875,217.1999969482422,212.77801513671875,206700
2022-08-29,CASY,CASY,216.10000610351562,218.55999755859375,212.3699951171875,217.47000122070312,213.0425262451172,209800
2022-08-30,CASY,CASY,218.32000732421875,218.32000732421875,214.30999755859375,214.67999267578125,210.30931091308594,209600
2022-08-31,CASY,CASY,214.67999267578125,216.25,213.1300048828125,213.77000427246094,209.41783142089844,227400
2022-09-01,CASY,CASY,213.64999389648438,215.8699951171875,211.9499969482422,215.6999969482422,211.30856323242188,185300
2022-09-02,CASY,CASY,216.47999572753906,217.64999389648438,212.52999877929688,213.24000549316406,208.89865112304688,215100
2022-09-06,CASY,CASY,216.4499969482422,217.72999572753906,213.10000610351562,215.17999267578125,210.79913330078125,302200
2022-09-07,CASY,CASY,214.8000030517578,221.6300048828125,213.97000122070312,221.39999389648438,216.89248657226562,379600
2022-09-08,CASY,CASY,214.16000366210938,222.02000427246094,213.69000244140625,219.89999389648438,215.42303466796875,543100
2022-09-09,CASY,CASY,222.2100067138672,223.89999389648438,219.63999938964844,221.1300048828125,216.6280059814453,298500
2022-09-12,CASY,CASY,220.5,221.9499969482422,217.10000610351562,217.44000244140625,213.01312255859375,366300
2022-09-13,CASY,CASY,216.0399932861328,220.08999633789062,214.14999389648438,214.6999969482422,210.32894897460938,295400
2022-09-14,CASY,CASY,214.75999450683594,216.4199981689453,212.9199981689453,214.82000732421875,210.4464874267578,293400
2022-09-15,CASY,CASY,215.5399932861328,216.07000732421875,213.8800048828125,214.66000366210938,210.2897186279297,214700
2022-09-16,CASY,CASY,213.91000366210938,215.72999572753906,212.2100067138672,214.89999389648438,210.52481079101562,300600
2022-09-19,CASY,CASY,214.1199951171875,216.60000610351562,214.0,216.4199981689453,212.01388549804688,179400
2022-09-20,CASY,CASY,215.77999877929688,216.1300048828125,211.49000549316406,213.66000366210938,209.31008911132812,149700
2022-09-21,CASY,CASY,213.75999450683594,216.08999633789062,212.58999633789062,212.86000061035156,208.5263671875,164600
2022-09-22,CASY,CASY,212.36000061035156,212.36000061035156,208.2899932861328,208.64999389648438,204.40208435058594,187200
2022-09-23,CASY,CASY,207.0399932861328,207.88999938964844,201.0800018310547,202.5399932861328,198.41647338867188,344600
2022-09-26,CASY,CASY,201.7100067138672,203.49000549316406,200.42999267578125,201.92999267578125,197.8188934326172,261000
2022-09-27,CASY,CASY,202.07000732421875,203.3000030517578,197.22000122070312,198.1999969482422,194.16485595703125,239700
2022-09-28,CASY,CASY,199.1999969482422,206.63999938964844,198.08999633789062,205.60000610351562,201.4141845703125,408600
2022-09-29,CASY,CASY,204.66000366210938,204.82000732421875,201.4199981689453,204.2899932861328,200.13084411621094,226900
2022-09-30,CASY,CASY,204.3000030517578,205.4600067138672,202.4199981689453,202.52000427246094,198.3968963623047,242900
2022-10-03,CASY,CASY,203.91000366210938,207.72000122070312,201.47000122070312,206.89999389648438,202.68771362304688,238300
2022-10-04,CASY,CASY,207.9199981689453,209.6999969482422,202.0500030517578,203.1300048828125,198.9944610595703,470800
2022-10-05,CASY,CASY,202.6300048828125,204.8300018310547,200.7899932861328,202.75,198.6221923828125,315700
2022-10-06,CASY,CASY,203.22999572753906,206.17999267578125,202.8800048828125,203.2899932861328,199.1511993408203,413700
2022-10-07,CASY,CASY,202.5500030517578,203.47000122070312,199.1999969482422,200.17999267578125,196.10452270507812,250900
2022-10-10,CASY,CASY,200.14999389648438,201.41000366210938,197.61000061035156,199.2899932861328,195.23265075683594,233200
2022-10-11,CASY,CASY,198.9600067138672,204.77999877929688,198.9600067138672,204.30999755859375,200.15045166015625,262300
2022-10-12,CASY,CASY,204.7899932861328,205.24000549316406,202.00999450683594,202.52000427246094,198.3968963623047,174700
2022-10-13,CASY,CASY,201.4600067138672,207.91000366210938,200.52999877929688,206.0500030517578,201.8550262451172,298300
2022-10-14,CASY,CASY,206.64999389648438,207.61000061035156,201.8000030517578,202.3800048828125,198.25975036621094,308100
2022-10-17,CASY,CASY,204.67999267578125,208.44000244140625,204.67999267578125,207.80999755859375,203.57916259765625,262900
2022-10-18,CASY,CASY,210.0,212.4600067138672,209.6300048828125,211.27000427246094,206.96875,344900
2022-10-19,CASY,CASY,210.9499969482422,212.6300048828125,208.75999450683594,210.52999877929688,206.2438201904297,251400
2022-10-20,CASY,CASY,210.5500030517578,210.5500030517578,205.10000610351562,208.0800018310547,203.8437042236328,366400
2022-10-21,CASY,CASY,207.33999633789062,214.97000122070312,207.1199951171875,214.52999877929688,210.1623992919922,205200
2022-10-24,CASY,CASY,215.0,220.4199981689453,214.83999633789062,218.42999267578125,213.98294067382812,234000
2022-10-25,CASY,CASY,218.4499969482422,220.27000427246094,216.19000244140625,219.6199951171875,215.14874267578125,261400
2022-10-26,CASY,CASY,220.33999633789062,221.5399932861328,216.9199981689453,221.41000366210938,216.90231323242188,201000
2022-10-27,CASY,CASY,222.25999450683594,228.52999877929688,222.25999450683594,227.63999938964844,223.00546264648438,310700
2022-10-28,CASY,CASY,228.2100067138672,231.77999877929688,225.9199981689453,231.35000610351562,226.6399383544922,254600
2022-10-31,CASY,CASY,230.72000122070312,234.13999938964844,229.82000732421875,232.7100067138672,228.3473358154297,357200
2022-11-01,CASY,CASY,232.36000061035156,232.41000366210938,229.60000610351562,230.55999755859375,226.2376251220703,243400
2022-11-02,CASY,CASY,230.3300018310547,233.3000030517578,227.13999938964844,227.4499969482422,223.18592834472656,273300
2022-11-03,CASY,CASY,225.30999755859375,228.99000549316406,225.25999450683594,227.2100067138672,222.95045471191406,193100
2022-11-04,CASY,CASY,228.1199951171875,228.3699951171875,221.05999755859375,224.94000244140625,220.72299194335938,197800
2022-11-07,CASY,CASY,226.02000427246094,231.39999389648438,224.47999572753906,230.91000366210938,226.58106994628906,233600
2022-11-08,CASY,CASY,230.83999633789062,234.35000610351562,230.0500030517578,233.22000122070312,228.84776306152344,222700
2022-11-09,CASY,CASY,231.82000732421875,234.72000122070312,230.41000366210938,233.39999389648438,229.02435302734375,167000
2022-11-10,CASY,CASY,235.0500030517578,239.5,234.52000427246094,239.1300048828125,234.64695739746094,285700
2022-11-11,CASY,CASY,238.5500030517578,239.4499969482422,232.0800018310547,232.9499969482422,228.5828094482422,263000
2022-11-14,CASY,CASY,233.92999267578125,238.4600067138672,233.25,234.6999969482422,230.3000030517578,209500
2022-11-15,CASY,CASY,236.30999755859375,237.8800048828125,235.00999450683594,236.41000366210938,231.97796630859375,175000
2022-11-16,CASY,CASY,237.11000061035156,241.27999877929688,236.9600067138672,240.58999633789062,236.07962036132812,156900
2022-11-17,CASY,CASY,239.05999755859375,239.05999755859375,234.74000549316406,237.1199951171875,232.67462158203125,211300
2022-11-18,CASY,CASY,239.4199981689453,240.91000366210938,238.27999877929688,239.72000122070312,235.22589111328125,282200
2022-11-21,CASY,CASY,239.49000549316406,241.69000244140625,239.25999450683594,239.27999877929688,234.79417419433594,157400
2022-11-22,CASY,CASY,240.0800018310547,242.55999755859375,238.35000610351562,241.75999450683594,237.22764587402344,227900
2022-11-23,CASY,CASY,240.8699951171875,242.27999877929688,238.75,239.02000427246094,234.53904724121094,151800
2022-11-25,CASY,CASY,239.00999450683594,242.50999450683594,238.42999267578125,241.5,236.9725341796875,87100
2022-11-28,CASY,CASY,241.44000244140625,243.8000030517578,239.97999572753906,240.3300018310547,235.82447814941406,173600
2022-11-29,CASY,CASY,240.74000549316406,241.00999450683594,236.88999938964844,237.05999755859375,232.61575317382812,237200
2022-11-30,CASY,CASY,236.33999633789062,243.36000061035156,235.9600067138672,243.02000427246094,238.46405029296875,321700
2022-12-01,CASY,CASY,244.4199981689453,244.4199981689453,234.2100067138672,234.7899932861328,230.3883056640625,257700
2022-12-02,CASY,CASY,233.6999969482422,236.72000122070312,232.22000122070312,234.1199951171875,229.73086547851562,273700
2022-12-05,CASY,CASY,231.8699951171875,232.72999572753906,228.69000244140625,230.64999389648438,226.32594299316406,316200
2022-12-06,CASY,CASY,230.77999877929688,231.75999450683594,227.5,229.9600067138672,225.6488800048828,470100
2022-12-07,CASY,CASY,234.75,248.42999267578125,228.0500030517578,246.9499969482422,242.3203582763672,452000
2022-12-08,CASY,CASY,245.0,249.89999389648438,243.5800018310547,248.6300048828125,243.9688720703125,376500
2022-12-09,CASY,CASY,248.7899932861328,248.8000030517578,242.88999938964844,243.13999938964844,238.58180236816406,236400
2022-12-12,CASY,CASY,243.44000244140625,247.0399932861328,242.63999938964844,245.3699951171875,240.76998901367188,210300
2022-12-13,CASY,CASY,246.99000549316406,246.99000549316406,243.2899932861328,244.50999450683594,239.9261016845703,172200
2022-12-14,CASY,CASY,245.02999877929688,246.77999877929688,243.39999389648438,244.64999389648438,240.06350708007812,206900
2022-12-15,CASY,CASY,242.97000122070312,244.08999633789062,240.80999755859375,241.85000610351562,237.3159637451172,247600
2022-12-16,CASY,CASY,240.60000610351562,245.25,235.5800018310547,240.10000610351562,235.5988006591797,926800
2022-12-19,CASY,CASY,240.83999633789062,244.27999877929688,233.8300018310547,233.97000122070312,229.5836944580078,315000
2022-12-20,CASY,CASY,233.07000732421875,233.52000427246094,230.0,232.9600067138672,228.59263610839844,363300
2022-12-21,CASY,CASY,235.0,237.8699951171875,234.02000427246094,235.41000366210938,230.99673461914062,243000
2022-12-22,CASY,CASY,235.0800018310547,235.19000244140625,231.41000366210938,233.8300018310547,229.44630432128906,187200
2022-12-23,CASY,CASY,234.02000427246094,237.0,232.52000427246094,235.25,230.8396759033203,144800
2022-12-27,CASY,CASY,236.25,238.0,230.4199981689453,230.55999755859375,226.2376251220703,146400
2022-12-28,CASY,CASY,231.74000549316406,232.02999877929688,227.25,227.25,222.98968505859375,189400
2022-12-29,CASY,CASY,228.19000244140625,228.19000244140625,225.25,226.6999969482422,222.44998168945312,166300
2022-12-30,CASY,CASY,225.0,225.3300018310547,222.5,224.35000610351562,220.14404296875,153200
2023-01-03,CASY,CASY,226.25,226.25,220.66000366210938,220.9499969482422,216.8078155517578,194400
2023-01-04,CASY,CASY,221.80999755859375,222.25999450683594,218.3800048828125,219.57000732421875,215.45370483398438,169600
2023-01-05,CASY,CASY,218.22000122070312,220.50999450683594,217.47000122070312,217.60000610351562,213.52059936523438,250100
2023-01-06,CASY,CASY,218.47000122070312,223.13999938964844,217.22000122070312,222.9600067138672,218.78012084960938,246600
2023-01-09,CASY,CASY,222.4499969482422,226.2100067138672,221.6699981689453,223.44000244140625,219.2510986328125,242800
2023-01-10,CASY,CASY,224.24000549316406,224.24000549316406,216.97999572753906,219.17999267578125,215.07098388671875,241200
2023-01-11,CASY,CASY,218.94000244140625,222.08999633789062,218.13999938964844,220.9199981689453,216.7783660888672,241700
2023-01-12,CASY,CASY,221.72000122070312,223.97999572753906,219.77000427246094,221.0800018310547,216.93539428710938,222300
2023-01-13,CASY,CASY,220.0399932861328,225.11000061035156,219.30999755859375,224.77000427246094,220.55621337890625,251100
2023-01-17,CASY,CASY,225.47999572753906,230.35000610351562,225.14999389648438,229.9499969482422,225.6390838623047,365400
2023-01-18,CASY,CASY,230.47999572753906,230.7899932861328,226.88999938964844,228.5,224.2162322998047,291400
2023-01-19,CASY,CASY,229.6999969482422,231.33999633789062,229.33999633789062,230.22000122070312,225.9040069580078,363500
2023-01-20,CASY,CASY,232.32000732421875,233.1999969482422,226.8800048828125,227.4600067138672,223.1957550048828,354600
2023-01-23,CASY,CASY,226.6699981689453,231.52999877929688,226.50999450683594,227.72000122070312,223.4508819580078,306200
2023-01-24,CASY,CASY,226.83999633789062,230.83999633789062,226.41000366210938,228.4499969482422,224.16720581054688,191200
2023-01-25,CASY,CASY,228.3000030517578,231.8699951171875,226.24000549316406,230.6699981689453,226.3455810546875,141500
2023-01-26,CASY,CASY,230.50999450683594,231.69000244140625,229.27999877929688,230.63999938964844,226.31613159179688,134800
2023-01-27,CASY,CASY,231.00999450683594,231.33999633789062,227.8699951171875,228.05999755859375,223.7844696044922,123700
2023-01-30,CASY,CASY,228.8000030517578,232.6300048828125,228.24000549316406,230.3800048828125,226.06101989746094,159600
2023-01-31,CASY,CASY,231.1999969482422,236.07000732421875,230.08999633789062,235.91000366210938,231.8697967529297,301500
2023-02-01,CASY,CASY,236.4499969482422,236.4499969482422,226.05999755859375,232.60000610351562,228.61647033691406,453300
2023-02-02,CASY,CASY,232.89999389648438,232.89999389648438,221.0,224.27000427246094,220.4291534423828,393000
2023-02-03,CASY,CASY,224.0399932861328,224.99000549316406,221.4499969482422,223.77999877929688,219.94749450683594,277500
2023-02-06,CASY,CASY,223.32000732421875,225.57000732421875,222.50999450683594,223.5399932861328,219.71163940429688,233300
2023-02-07,CASY,CASY,222.25,225.2899932861328,220.2899932861328,224.74000549316406,220.89108276367188,218100
2023-02-08,CASY,CASY,224.69000244140625,225.7899932861328,224.08999633789062,224.7899932861328,220.94021606445312,162700
2023-02-09,CASY,CASY,226.1999969482422,226.49000549316406,218.6699981689453,219.3300018310547,215.57371520996094,218200
2023-02-10,CASY,CASY,220.3699951171875,223.69000244140625,216.58999633789062,222.1199951171875,218.31593322753906,222000
2023-02-13,CASY,CASY,221.66000366210938,224.6300048828125,221.27000427246094,223.0500030517578,219.2300262451172,143900
2023-02-14,CASY,CASY,223.05999755859375,223.05999755859375,217.02999877929688,220.3000030517578,216.52713012695312,289300
2023-02-15,CASY,CASY,219.69000244140625,223.6999969482422,218.9199981689453,223.42999267578125,219.60350036621094,187500
2023-02-16,CASY,CASY,223.10000610351562,224.5800018310547,220.25999450683594,220.5500030517578,216.77281188964844,199500
2023-02-17,CASY,CASY,218.64999389648438,219.63999938964844,215.85000610351562,217.30999755859375,213.5883026123047,383600
2023-02-21,CASY,CASY,217.10000610351562,218.9499969482422,213.42999267578125,217.8800048828125,214.14857482910156,208700
2023-02-22,CASY,CASY,217.85000610351562,219.75999450683594,216.22999572753906,216.44000244140625,212.7332305908203,181700
2023-02-23,CASY,CASY,216.33999633789062,217.22000122070312,213.08999633789062,214.13999938964844,210.47259521484375,215300
2023-02-24,CASY,CASY,212.57000732421875,213.80999755859375,210.77000427246094,212.6300048828125,208.98851013183594,178300
2023-02-27,CASY,CASY,213.25,214.3800048828125,209.4600067138672,210.72000122070312,207.11119079589844,188400
2023-02-28,CASY,CASY,209.7100067138672,211.8300018310547,207.75999450683594,207.9499969482422,204.38864135742188,220500
2023-03-01,CASY,CASY,207.7100067138672,211.97000122070312,206.4199981689453,210.3699951171875,206.76719665527344,302700
2023-03-02,CASY,CASY,210.94000244140625,211.99000549316406,209.6699981689453,211.24000549316406,207.62228393554688,223400
2023-03-03,CASY,CASY,213.1699981689453,214.42999267578125,210.58999633789062,213.17999267578125,209.52903747558594,359700
2023-03-06,CASY,CASY,212.9199981689453,213.86000061035156,210.1999969482422,211.72000122070312,208.0940399169922,338300
2023-03-07,CASY,CASY,211.22999572753906,213.74000549316406,209.22000122070312,209.6999969482422,206.10865783691406,359000
2023-03-08,CASY,CASY,219.0,221.67999267578125,211.86000061035156,217.82000732421875,214.08963012695312,693200
2023-03-09,CASY,CASY,219.36000061035156,220.0,216.4499969482422,217.77000427246094,214.04049682617188,323500
2023-03-10,CASY,CASY,216.72000122070312,216.72000122070312,209.50999450683594,211.72000122070312,208.0940399169922,275900
2023-03-13,CASY,CASY,210.80999755859375,213.39999389648438,209.3300018310547,210.39999389648438,206.79666137695312,199700
2023-03-14,CASY,CASY,212.0399932861328,213.19000244140625,207.60000610351562,209.14999389648438,205.56808471679688,272500
2023-03-15,CASY,CASY,207.3300018310547,209.2100067138672,205.38999938964844,207.64999389648438,204.09373474121094,264600
2023-03-16,CASY,CASY,206.69000244140625,209.9199981689453,205.60000610351562,208.17999267578125,204.61465454101562,295200
2023-03-17,CASY,CASY,208.0399932861328,208.0399932861328,202.1300048828125,205.6999969482422,202.17713928222656,556400
2023-03-20,CASY,CASY,206.61000061035156,210.27000427246094,206.61000061035156,207.8699951171875,204.3099822998047,206100
2023-03-21,CASY,CASY,209.41000366210938,211.1300048828125,208.44000244140625,209.82000732421875,206.2266082763672,223900
2023-03-22,CASY,CASY,210.25,213.00999450683594,208.89999389648438,208.89999389648438,205.3223876953125,232600
2023-03-23,CASY,CASY,208.8300018310547,209.6300048828125,205.4199981689453,206.72999572753906,203.1895294189453,180200
2023-03-24,CASY,CASY,206.8699951171875,210.72000122070312,206.5399932861328,209.6199951171875,206.03001403808594,140600
2023-03-27,CASY,CASY,210.89999389648438,213.0800018310547,210.52000427246094,211.8699951171875,208.24151611328125,219900
2023-03-28,CASY,CASY,211.9199981689453,216.3300018310547,211.5,215.22999572753906,211.54393005371094,237300
2023-03-29,CASY,CASY,215.75,215.75,213.25999450683594,213.75,210.08932495117188,154200
2023-03-30,CASY,CASY,214.3300018310547,215.47000122070312,212.99000549316406,214.42999267578125,210.7576141357422,142700
2023-03-31,CASY,CASY,215.47000122070312,217.19000244140625,215.19000244140625,216.4600067138672,212.75289916992188,150100
2023-04-03,CASY,CASY,217.22000122070312,218.97999572753906,216.10000610351562,217.27000427246094,213.5490264892578,223500
2023-04-04,CASY,CASY,217.6999969482422,217.88999938964844,212.8000030517578,214.3000030517578,210.6298828125,239300
2023-04-05,CASY,CASY,213.77999877929688,215.6699981689453,212.60000610351562,214.72999572753906,211.05252075195312,185700
2023-04-06,CASY,CASY,215.05999755859375,216.72999572753906,213.6999969482422,215.05999755859375,211.37686157226562,216000
2023-04-10,CASY,CASY,214.86000061035156,218.4199981689453,214.86000061035156,217.9199981689453,214.18785095214844,186800
2023-04-11,CASY,CASY,218.22999572753906,223.39999389648438,218.22999572753906,222.88999938964844,219.07276916503906,299200
2023-04-12,CASY,CASY,223.27999877929688,224.0,221.4499969482422,223.25,219.4265594482422,287100
2023-04-13,CASY,CASY,223.02999877929688,224.3300018310547,220.50999450683594,223.27000427246094,219.4462432861328,253400
2023-04-14,CASY,CASY,226.0,228.89999389648438,225.3699951171875,226.4499969482422,222.57179260253906,224800
2023-04-17,CASY,CASY,226.89999389648438,228.58999633789062,226.02000427246094,228.25,224.34097290039062,280400
2023-04-18,CASY,CASY,228.19000244140625,228.61000061035156,224.89999389648438,226.2899932861328,222.41452026367188,251500
2023-04-19,CASY,CASY,226.8300018310547,228.47000122070312,225.83999633789062,227.30999755859375,223.41705322265625,226500
2023-04-20,CASY,CASY,226.8699951171875,228.69000244140625,224.52999877929688,228.38999938964844,224.4785614013672,264000
2023-04-21,CASY,CASY,228.50999450683594,229.36000061035156,222.47999572753906,224.58999633789062,220.74363708496094,376600
2023-04-24,CASY,CASY,223.83999633789062,226.5500030517578,223.83999633789062,226.33999633789062,222.46368408203125,248700
2023-04-25,CASY,CASY,225.42999267578125,226.75999450683594,223.3699951171875,223.4199981689453,219.59368896484375,162200
2023-04-26,CASY,CASY,222.0,225.0,222.0,222.8000030517578,218.98431396484375,229700
2023-04-27,CASY,CASY,222.97999572753906,227.6699981689453,222.75999450683594,227.1999969482422,223.30892944335938,204500
2023-04-28,CASY,CASY,227.24000549316406,229.8000030517578,226.8699951171875,228.82000732421875,225.2779541015625,166600
2023-05-01,CASY,CASY,228.5500030517578,233.25,227.9600067138672,232.83999633789062,229.23574829101562,247000
2023-05-02,CASY,CASY,232.22999572753906,236.5,230.30999755859375,235.8800048828125,232.22869873046875,254100
2023-05-03,CASY,CASY,236.4600067138672,241.25999450683594,236.0,238.9199981689453,235.2216339111328,291500
2023-05-04,CASY,CASY,239.05999755859375,240.4499969482422,236.80999755859375,237.91000366210938,234.2272491455078,241500
2023-05-05,CASY,CASY,238.2100067138672,240.13999938964844,233.38999938964844,233.66000366210938,230.04307556152344,212600
2023-05-08,CASY,CASY,233.38999938964844,235.19000244140625,229.61000061035156,230.11000061035156,226.54800415039062,286600
2023-05-09,CASY,CASY,230.11000061035156,233.8300018310547,229.3699951171875,233.10000610351562,229.49171447753906,200200
2023-05-10,CASY,CASY,233.61000061035156,235.22999572753906,231.86000061035156,233.64999389648438,230.03323364257812,108100
2023-05-11,CASY,CASY,233.77000427246094,233.77000427246094,230.07000732421875,230.47999572753906,226.91229248046875,119600
2023-05-12,CASY,CASY,230.63999938964844,236.5500030517578,229.69000244140625,236.05999755859375,232.40589904785156,204800
2023-05-15,CASY,CASY,235.88999938964844,237.35000610351562,230.25,232.92999267578125,229.3243408203125,221700
2023-05-16,CASY,CASY,231.6699981689453,232.0,226.75,226.86000061035156,223.34829711914062,150700
2023-05-17,CASY,CASY,226.85000610351562,230.9600067138672,226.13999938964844,229.80999755859375,226.2526397705078,137200
2023-05-18,CASY,CASY,228.58999633789062,230.33999633789062,227.0399932861328,229.0399932861328,225.49456787109375,148300
2023-05-19,CASY,CASY,229.27999877929688,230.0,227.02999877929688,229.16000366210938,225.6127471923828,232600
2023-05-22,CASY,CASY,230.4499969482422,231.66000366210938,227.35000610351562,229.52000427246094,225.9671630859375,232000
2023-05-23,CASY,CASY,228.57000732421875,229.57000732421875,225.6999969482422,227.22000122070312,223.70277404785156,259700
2023-05-24,CASY,CASY,227.9600067138672,230.13999938964844,226.6699981689453,229.6999969482422,226.14434814453125,201900
2023-05-25,CASY,CASY,230.33999633789062,232.92999267578125,229.41000366210938,231.91000366210938,228.32012939453125,178700
2023-05-26,CASY,CASY,232.02999877929688,234.4199981689453,229.94000244140625,230.25999450683594,226.69569396972656,199500
2023-05-30,CASY,CASY,230.8300018310547,235.13999938964844,229.2100067138672,229.4499969482422,225.89820861816406,314400
2023-05-31,CASY,CASY,229.5,230.6199951171875,224.16000366210938,225.64999389648438,222.15704345703125,341000
2023-06-01,CASY,CASY,226.13999938964844,227.74000549316406,223.5399932861328,225.16000366210938,221.67462158203125,249500
2023-06-02,CASY,CASY,225.85000610351562,229.5399932861328,225.85000610351562,229.0500030517578,225.50442504882812,239200
2023-06-05,CASY,CASY,228.9199981689453,231.36000061035156,226.6999969482422,227.9199981689453,224.39190673828125,445500
2023-06-06,CASY,CASY,226.88999938964844,229.1199951171875,222.47000122070312,224.25999450683594,220.78855895996094,381400
2023-06-07,CASY,CASY,218.3000030517578,219.27000427246094,212.5,217.67999267578125,214.3104248046875,697300
2023-06-08,CASY,CASY,216.02999877929688,220.35000610351562,215.1699981689453,219.80999755859375,216.4074249267578,350100
2023-06-09,CASY,CASY,217.89999389648438,220.72000122070312,216.14999389648438,218.16000366210938,214.78297424316406,413300
2023-06-12,CASY,CASY,218.6699981689453,221.00999450683594,218.22999572753906,220.25,216.8406219482422,316100
2023-06-13,CASY,CASY,219.41000366210938,221.77999877929688,219.36000061035156,220.66000366210938,217.24429321289062,213800
2023-06-14,CASY,CASY,220.69000244140625,222.36000061035156,219.1300048828125,220.32000732421875,216.90957641601562,243500
2023-06-15,CASY,CASY,220.16000366210938,222.99000549316406,218.4600067138672,222.5800018310547,219.13458251953125,295600
2023-06-16,CASY,CASY,223.33999633789062,223.4499969482422,219.07000732421875,219.6199951171875,216.2203826904297,388500
2023-06-20,CASY,CASY,219.02000427246094,222.24000549316406,217.74000549316406,218.52999877929688,215.14727783203125,290000
2023-06-21,CASY,CASY,218.77000427246094,221.77999877929688,216.9499969482422,221.0,217.5790252685547,243800
2023-06-22,CASY,CASY,221.36000061035156,223.77999877929688,221.36000061035156,223.5399932861328,220.07968139648438,196800
2023-06-23,CASY,CASY,224.1999969482422,226.55999755859375,223.33999633789062,224.66000366210938,221.18238830566406,447600
2023-06-26,CASY,CASY,224.9600067138672,225.92999267578125,222.14999389648438,223.05999755859375,219.60714721679688,431000
2023-06-27,CASY,CASY,223.13999938964844,228.4499969482422,222.2100067138672,227.72999572753906,224.20484924316406,262900
2023-06-28,CASY,CASY,228.58999633789062,238.13999938964844,227.9600067138672,235.44000244140625,231.79551696777344,677400
2023-06-29,CASY,CASY,235.4199981689453,240.6999969482422,234.88999938964844,239.50999450683594,235.80250549316406,520400
2023-06-30,CASY,CASY,240.25999450683594,245.72000122070312,240.25999450683594,243.8800048828125,240.10488891601562,427300
2023-07-03,CASY,CASY,243.69000244140625,246.0399932861328,242.55999755859375,243.22999572753906,239.4649200439453,182000
2023-07-05,CASY,CASY,243.27000427246094,246.8000030517578,243.27000427246094,245.47000122070312,241.6702423095703,362800
2023-07-06,CASY,CASY,245.10000610351562,246.5800018310547,242.86000061035156,243.9199981689453,240.1442413330078,275700
2023-07-07,CASY,CASY,243.72000122070312,245.8000030517578,242.50999450683594,242.6199951171875,238.8643798828125,310300
2023-07-10,CASY,CASY,242.77000427246094,245.0,241.3699951171875,242.36000061035156,238.6083984375,307800
2023-07-11,CASY,CASY,241.82000732421875,245.49000549316406,241.82000732421875,244.61000061035156,240.82357788085938,192200
2023-07-12,CASY,CASY,245.25999450683594,245.9600067138672,242.11000061035156,243.38999938964844,239.6224365234375,204900
2023-07-13,CASY,CASY,243.69000244140625,244.42999267578125,242.5399932861328,243.02000427246094,239.25819396972656,188600
2023-07-14,CASY,CASY,243.6999969482422,243.6999969482422,241.5800018310547,243.17999267578125,239.41566467285156,236500
2023-07-17,CASY,CASY,243.57000732421875,249.3000030517578,243.25999450683594,248.80999755859375,244.95855712890625,261800
2023-07-18,CASY,CASY,253.88999938964844,256.489990234375,252.0,255.75,251.7910919189453,236900
2023-07-19,CASY,CASY,256.239990234375,256.7300109863281,253.25,254.50999450683594,250.57034301757812,234400
2023-07-20,CASY,CASY,255.10000610351562,257.8599853515625,252.30999755859375,256.1199951171875,252.15536499023438,206800
2023-07-21,CASY,CASY,257.0400085449219,257.3299865722656,255.60000610351562,256.07000732421875,252.10618591308594,234700
2023-07-24,CASY,CASY,255.91000366210938,257.0199890136719,254.8300018310547,256.6300048828125,252.65750122070312,207900
2023-07-25,CASY,CASY,256.29998779296875,256.9599914550781,254.3300018310547,254.55999755859375,250.6195526123047,180800
2023-07-26,CASY,CASY,254.66000366210938,257.7699890136719,254.22000122070312,254.82000732421875,250.87554931640625,153700
2023-07-27,CASY,CASY,254.8000030517578,255.11000061035156,248.77000427246094,249.38999938964844,245.52955627441406,236800
2023-07-28,CASY,CASY,250.8300018310547,252.58999633789062,250.50999450683594,251.4600067138672,247.56752014160156,169900
2023-07-31,CASY,CASY,251.49000549316406,253.97999572753906,251.1699981689453,252.66000366210938,249.17501831054688,331000
2023-08-01,CASY,CASY,253.1199951171875,255.9499969482422,248.02000427246094,248.13999938964844,244.71739196777344,172300
2023-08-02,CASY,CASY,247.72000122070312,249.0,245.89999389648438,246.66000366210938,243.2578125,179900
2023-08-03,CASY,CASY,245.7899932861328,246.42999267578125,242.74000549316406,244.92999267578125,241.55165100097656,285500
2023-08-04,CASY,CASY,245.60000610351562,247.5,243.0800018310547,243.77999877929688,240.41754150390625,272900
2023-08-07,CASY,CASY,243.75999450683594,248.49000549316406,243.75,247.0500030517578,243.64242553710938,137700
2023-08-08,CASY,CASY,246.9600067138672,247.2100067138672,244.0,246.44000244140625,243.04083251953125,159500
2023-08-09,CASY,CASY,247.3000030517578,248.63999938964844,245.58999633789062,246.64999389648438,243.2479248046875,163500
2023-08-10,CASY,CASY,248.14999389648438,249.99000549316406,247.32000732421875,248.9499969482422,245.51622009277344,148800
2023-08-11,CASY,CASY,249.0,251.0399932861328,247.25,247.61000061035156,244.19471740722656,198300
2023-08-14,CASY,CASY,247.86000061035156,249.3699951171875,247.60000610351562,248.77999877929688,245.3485870361328,210400
2023-08-15,CASY,CASY,248.89999389648438,250.61000061035156,247.39999389648438,248.50999450683594,245.08229064941406,123700
2023-08-16,CASY,CASY,249.6199951171875,252.05999755859375,248.05999755859375,248.57000732421875,245.14144897460938,151200
2023-08-17,CASY,CASY,248.7899932861328,249.74000549316406,244.94000244140625,244.9600067138672,241.5812530517578,130900
2023-08-18,CASY,CASY,244.63999938964844,247.9600067138672,244.63999938964844,246.88999938964844,243.48464965820312,158900
2023-08-21,CASY,CASY,247.02000427246094,248.24000549316406,245.22999572753906,248.1699981689453,244.74693298339844,213300
2023-08-22,CASY,CASY,248.1699981689453,248.3699951171875,243.64999389648438,244.16000366210938,240.79229736328125,198000
2023-08-23,CASY,CASY,243.82000732421875,246.32000732421875,243.08999633789062,245.85000610351562,242.45895385742188,191800
2023-08-24,CASY,CASY,244.86000061035156,244.92999267578125,240.94000244140625,241.82000732421875,238.48455810546875,239000
2023-08-25,CASY,CASY,243.3000030517578,245.82000732421875,243.1300048828125,244.39999389648438,241.0289764404297,231300
2023-08-28,CASY,CASY,244.75999450683594,246.5500030517578,243.13999938964844,244.02000427246094,240.65420532226562,164000
2023-08-29,CASY,CASY,243.60000610351562,246.6699981689453,242.75,246.58999633789062,243.18875122070312,158100
2023-08-30,CASY,CASY,247.39999389648438,248.0,244.9600067138672,245.25,241.86724853515625,224200
2023-08-31,CASY,CASY,245.0500030517578,245.22999572753906,243.07000732421875,244.41000366210938,241.03884887695312,231400
2023-09-01,CASY,CASY,244.89999389648438,245.08999633789062,241.9199981689453,243.24000549316406,239.8849639892578,171400
2023-09-05,CASY,CASY,242.83999633789062,244.1300048828125,238.91000366210938,241.05999755859375,237.73504638671875,315800
2023-09-06,CASY,CASY,240.89999389648438,243.75,238.55999755859375,238.69000244140625,235.39773559570312,246300
2023-09-07,CASY,CASY,239.0500030517578,243.57000732421875,239.0500030517578,239.83999633789062,236.53187561035156,430200
2023-09-08,CASY,CASY,240.08999633789062,243.9600067138672,240.08999633789062,241.8699951171875,238.5338592529297,205000
2023-09-11,CASY,CASY,241.8699951171875,242.3300018310547,238.44000244140625,239.39999389648438,236.0979461669922,388200
2023-09-12,CASY,CASY,255.9199981689453,267.95001220703125,254.25,266.1199951171875,262.4493713378906,936700
2023-09-13,CASY,CASY,268.1600036621094,275.8399963378906,266.1099853515625,275.69000244140625,271.88739013671875,624200
2023-09-14,CASY,CASY,275.5400085449219,280.0,272.55999755859375,279.9599914550781,276.0984802246094,428100
2023-09-15,CASY,CASY,280.0,282.0,278.0799865722656,278.8399963378906,274.9939270019531,742300
2023-09-18,CASY,CASY,280.0,284.17999267578125,278.8699951171875,281.6099853515625,277.7257080078125,318100
2023-09-19,CASY,CASY,283.3399963378906,283.3399963378906,279.3500061035156,279.6099853515625,275.7532653808594,298900
2023-09-20,CASY,CASY,279.8399963378906,282.3399963378906,279.29998779296875,281.3599853515625,277.47918701171875,180400
2023-09-21,CASY,CASY,281.3599853515625,281.3599853515625,278.07000732421875,278.5899963378906,274.7473449707031,192600
2023-09-22,CASY,CASY,279.239990234375,281.2699890136719,277.4800109863281,277.8599853515625,274.02740478515625,227000
2023-09-25,CASY,CASY,278.0,279.94000244140625,276.1499938964844,278.54998779296875,274.7079162597656,273100
2023-09-26,CASY,CASY,277.1000061035156,279.5400085449219,274.3999938964844,274.6400146484375,270.8518371582031,238000
2023-09-27,CASY,CASY,274.6300048828125,275.5,272.1000061035156,274.0899963378906,270.3094482421875,166200
2023-09-28,CASY,CASY,274.1700134277344,275.92999267578125,273.5,274.1199951171875,270.3390197753906,149100
2023-09-29,CASY,CASY,274.9100036621094,274.9100036621094,271.0899963378906,271.5199890136719,267.77490234375,218600
2023-10-02,CASY,CASY,271.260009765625,272.4800109863281,270.7699890136719,271.79998779296875,268.0510559082031,158700
2023-10-03,CASY,CASY,271.42999267578125,276.70001220703125,267.239990234375,268.70001220703125,264.99383544921875,172400
2023-10-04,CASY,CASY,269.8299865722656,273.2300109863281,267.5,272.7300109863281,268.9682312011719,284500
2023-10-05,CASY,CASY,271.07000732421875,275.0,271.07000732421875,274.0299987792969,270.2503356933594,254200
2023-10-06,CASY,CASY,272.70001220703125,272.82000732421875,267.5199890136719,269.69000244140625,265.9701232910156,261800
2023-10-09,CASY,CASY,268.1600036621094,273.4599914550781,268.1600036621094,272.42999267578125,268.6723327636719,189400
2023-10-10,CASY,CASY,273.1099853515625,278.8299865722656,273.1099853515625,276.42999267578125,272.6171875,202700
2023-10-11,CASY,CASY,277.2200012207031,278.2099914550781,271.2699890136719,271.8900146484375,268.1397705078125,221800
2023-10-12,CASY,CASY,273.4700012207031,273.4700012207031,265.8399963378906,266.3699951171875,262.6959533691406,252100
2023-10-13,CASY,CASY,266.8399963378906,268.95001220703125,262.54998779296875,266.4800109863281,262.8044128417969,231200
2023-10-16,CASY,CASY,268.67999267578125,271.1700134277344,267.6199951171875,268.57000732421875,264.8656005859375,189100
2023-10-17,CASY,CASY,268.55999755859375,275.0,268.2099914550781,274.07000732421875,270.2897644042969,382400
2023-10-18,CASY,CASY,274.44000244140625,274.7799987792969,268.6300048828125,269.010009765625,265.2995300292969,219700
2023-10-19,CASY,CASY,269.2799987792969,269.2799987792969,263.1199951171875,264.05999755859375,260.41778564453125,258400
2023-10-20,CASY,CASY,264.04998779296875,267.3399963378906,261.7099914550781,261.9800109863281,258.3664855957031,212400
2023-10-23,CASY,CASY,261.0299987792969,266.7699890136719,260.1300048828125,264.760009765625,261.10809326171875,240900
2023-10-24,CASY,CASY,265.7200012207031,268.0,264.3999938964844,265.989990234375,262.32110595703125,231200
2023-10-25,CASY,CASY,265.6499938964844,270.8599853515625,265.6499938964844,268.8599853515625,265.151611328125,257400
2023-10-26,CASY,CASY,269.07000732421875,273.5799865722656,269.0199890136719,271.44000244140625,267.6960144042969,252000
2023-10-27,CASY,CASY,272.30999755859375,273.8800048828125,268.1300048828125,268.5,264.7966003417969,205700
2023-10-30,CASY,CASY,269.1499938964844,272.82000732421875,266.54998779296875,270.6400146484375,266.9070129394531,197000
2023-10-31,CASY,CASY,270.6400146484375,273.44000244140625,270.1600036621094,271.9100036621094,268.58624267578125,420400
2023-11-01,CASY,CASY,272.2200012207031,273.8299865722656,269.510009765625,270.2099914550781,266.906982421875,248700
2023-11-02,CASY,CASY,270.4200134277344,274.1499938964844,269.3599853515625,270.75,267.44049072265625,177700
2023-11-03,CASY,CASY,272.17999267578125,274.92999267578125,271.8599853515625,273.57000732421875,270.2259826660156,154000
2023-11-06,CASY,CASY,274.2699890136719,274.7900085449219,271.3800048828125,272.8500061035156,269.5148010253906,187500
2023-11-07,CASY,CASY,272.20001220703125,274.95001220703125,272.0899963378906,274.3599853515625,271.0063171386719,129700
2023-11-08,CASY,CASY,275.0,276.8599853515625,272.1499938964844,274.6499938964844,271.29278564453125,211000
2023-11-09,CASY,CASY,274.8399963378906,276.510009765625,271.1099853515625,275.19000244140625,271.826171875,229400
2023-11-10,CASY,CASY,276.05999755859375,277.739990234375,275.2200012207031,275.92999267578125,272.55712890625,149400
2023-11-13,CASY,CASY,275.6300048828125,279.7099914550781,275.6300048828125,279.1199951171875,275.7080993652344,213700
2023-11-14,CASY,CASY,280.0,283.4800109863281,279.5400085449219,281.45001220703125,278.00970458984375,179300
2023-11-15,CASY,CASY,282.0400085449219,283.79998779296875,279.75,282.75,279.29376220703125,301000
2023-11-16,CASY,CASY,281.7799987792969,284.0,279.2900085449219,281.30999755859375,277.8713684082031,266400
2023-11-17,CASY,CASY,282.3500061035156,282.4200134277344,272.7300109863281,277.7200012207031,274.3252258300781,427500
2023-11-20,CASY,CASY,278.1600036621094,283.0,277.3699951171875,281.6199951171875,278.1775817871094,242900
2023-11-21,CASY,CASY,281.489990234375,283.8299865722656,279.45001220703125,282.8900146484375,279.43206787109375,183700
2023-11-22,CASY,CASY,284.75,286.6199951171875,282.3299865722656,284.6000061035156,281.12115478515625,211500
2023-11-24,CASY,CASY,284.9599914550781,285.1700134277344,281.44000244140625,282.1300048828125,278.6813659667969,103200
2023-11-27,CASY,CASY,282.25,283.19000244140625,279.5,282.6400146484375,279.18511962890625,212000
2023-11-28,CASY,CASY,282.1000061035156,282.6400146484375,276.8900146484375,279.4200134277344,276.00445556640625,246800
2023-11-29,CASY,CASY,279.82000732421875,280.6000061035156,273.2699890136719,273.75,270.4037780761719,279600
2023-11-30,CASY,CASY,274.7099914550781,276.0400085449219,272.9800109863281,275.3999938964844,272.0335998535156,336500
2023-12-01,CASY,CASY,276.1300048828125,277.8999938964844,274.92999267578125,276.30999755859375,272.9324645996094,177600
2023-12-04,CASY,CASY,275.5199890136719,280.30999755859375,275.5199890136719,276.9800109863281,273.5943298339844,212900
2023-12-05,CASY,CASY,276.6499938964844,277.9599914550781,275.5,275.57000732421875,272.2015075683594,173800
2023-12-06,CASY,CASY,275.57000732421875,276.6199951171875,273.3500061035156,274.67999267578125,271.3223876953125,288400
2023-12-07,CASY,CASY,277.010009765625,280.989990234375,273.8699951171875,274.6499938964844,271.29278564453125,195300
2023-12-08,CASY,CASY,271.010009765625,272.4100036621094,267.8699951171875,268.010009765625,264.73394775390625,343500
2023-12-11,CASY,CASY,271.9700012207031,273.989990234375,267.19000244140625,273.80999755859375,270.4630126953125,593400
2023-12-12,CASY,CASY,270.6400146484375,284.489990234375,266.55999755859375,272.6700134277344,269.33697509765625,602300
2023-12-13,CASY,CASY,276.1099853515625,281.9800109863281,272.67999267578125,278.1300048828125,274.730224609375,527400
2023-12-14,CASY,CASY,278.25,278.25,266.5799865722656,271.3299865722656,268.01336669921875,457500
2023-12-15,CASY,CASY,272.0,273.1700134277344,267.5400085449219,267.70001220703125,264.427734375,497600
2023-12-18,CASY,CASY,270.1700134277344,272.9200134277344,269.75,271.4200134277344,268.102294921875,310700
2023-12-19,CASY,CASY,272.7799987792969,274.8900146484375,271.8999938964844,273.8699951171875,270.5223388671875,193100
2023-12-20,CASY,CASY,273.6499938964844,273.6499938964844,269.3800048828125,269.42999267578125,266.1365661621094,180100
2023-12-21,CASY,CASY,271.0400085449219,274.2099914550781,270.0299987792969,274.0,270.65069580078125,155100
2023-12-22,CASY,CASY,274.3599853515625,275.79998779296875,273.0,273.80999755859375,270.4630126953125,108300
2023-12-26,CASY,CASY,273.0199890136719,273.7900085449219,271.6000061035156,272.70001220703125,269.3666076660156,139600
2023-12-27,CASY,CASY,274.17999267578125,275.30999755859375,273.010009765625,274.5299987792969,271.1742248535156,148100
2023-12-28,CASY,CASY,274.3399963378906,275.489990234375,274.1700134277344,275.010009765625,271.64837646484375,156000
2023-12-29,CASY,CASY,274.5,275.5199890136719,273.25,274.739990234375,271.38165283203125,226100
2024-01-02,CASY,CASY,273.3900146484375,277.6000061035156,273.3900146484375,277.5799865722656,274.1869201660156,227000
2024-01-03,CASY,CASY,277.0,278.4700012207031,274.510009765625,276.1600036621094,272.7843322753906,224600
2024-01-04,CASY,CASY,277.44000244140625,279.95001220703125,277.1499938964844,278.8999938964844,275.49078369140625,267000
2024-01-05,CASY,CASY,279.5400085449219,285.3299865722656,277.9100036621094,284.3399963378906,280.86431884765625,428500
2024-01-08,CASY,CASY,285.2699890136719,287.9100036621094,283.8299865722656,285.5899963378906,282.0989990234375,235600
2024-01-09,CASY,CASY,285.6000061035156,286.6700134277344,283.0,283.0199890136719,279.5604248046875,151100
2024-01-10,CASY,CASY,282.2900085449219,284.05999755859375,279.9100036621094,282.9800109863281,279.52093505859375,222000
2024-01-11,CASY,CASY,283.5400085449219,287.20001220703125,281.260009765625,287.1199951171875,283.6103515625,233200
2024-01-12,CASY,CASY,287.739990234375,289.67999267578125,287.2699890136719,287.5199890136719,284.0054016113281,129700
2024-01-16,CASY,CASY,288.760009765625,289.9700012207031,286.9800109863281,288.5799865722656,285.052490234375,238000
2024-01-17,CASY,CASY,288.4100036621094,291.510009765625,286.7900085449219,287.0400085449219,283.5313415527344,275200
2024-01-18,CASY,CASY,286.5400085449219,287.1700134277344,282.239990234375,285.2099914550781,281.72369384765625,241300
2024-01-19,CASY,CASY,284.6099853515625,287.5199890136719,282.5899963378906,285.5799865722656,282.0892028808594,195200
2024-01-22,CASY,CASY,286.94000244140625,287.6199951171875,284.6499938964844,286.0899963378906,282.5929260253906,176200
2024-01-23,CASY,CASY,286.5799865722656,288.5299987792969,285.0,285.7300109863281,282.2373352050781,220600
2024-01-24,CASY,CASY,286.3599853515625,287.0799865722656,281.75,282.1700134277344,278.72088623046875,180600
2024-01-25,CASY,CASY,282.510009765625,284.8699951171875,281.2300109863281,283.8299865722656,280.36053466796875,216700
2024-01-26,CASY,CASY,283.4599914550781,284.6499938964844,274.07000732421875,275.45001220703125,272.0830078125,261900
2024-01-29,CASY,CASY,274.82000732421875,275.0299987792969,268.07000732421875,273.25,269.9098815917969,406200
2024-01-30,CASY,CASY,273.1000061035156,274.6099853515625,268.9599914550781,274.4100036621094,271.05572509765625,365500
2024-01-31,CASY,CASY,272.9800109863281,274.010009765625,269.6000061035156,271.3599853515625,268.46368408203125,341400
2024-02-01,CASY,CASY,271.1600036621094,276.2900085449219,269.3500061035156,274.739990234375,271.8076171875,255600
2024-02-02,CASY,CASY,274.7300109863281,276.82000732421875,272.55999755859375,275.05999755859375,272.1241455078125,255400
2024-02-05,CASY,CASY,275.6400146484375,275.6400146484375,269.5,273.5199890136719,270.6006164550781,262800
2024-02-06,CASY,CASY,273.9100036621094,276.6099853515625,272.4599914550781,276.1099853515625,273.1629638671875,187600
2024-02-07,CASY,CASY,277.7699890136719,280.3500061035156,274.80999755859375,275.20001220703125,272.2626953125,233700
2024-02-08,CASY,CASY,275.2699890136719,285.42999267578125,275.2699890136719,285.0199890136719,281.97784423828125,310600
2024-02-09,CASY,CASY,284.5799865722656,286.6099853515625,281.5899963378906,286.44000244140625,283.3827209472656,213600
2024-02-12,CASY,CASY,285.0,287.9800109863281,281.67999267578125,285.07000732421875,282.0273132324219,216300
2024-02-13,CASY,CASY,285.1600036621094,287.1099853515625,279.989990234375,280.6600036621094,277.6644287109375,215300
2024-02-14,CASY,CASY,282.42999267578125,284.2799987792969,280.04998779296875,283.75,280.721435546875,219100
2024-02-15,CASY,CASY,284.57000732421875,289.32000732421875,284.57000732421875,286.1300048828125,283.0760192871094,211100
2024-02-16,CASY,CASY,286.6400146484375,290.1300048828125,285.5899963378906,287.6600036621094,284.5896301269531,174600
2024-02-20,CASY,CASY,289.739990234375,291.1600036621094,286.4599914550781,288.4800109863281,285.4010009765625,234100
2024-02-21,CASY,CASY,289.0799865722656,290.3299865722656,287.7699890136719,288.17999267578125,285.1040954589844,145800
2024-02-22,CASY,CASY,288.8500061035156,294.9200134277344,288.1199951171875,294.55999755859375,291.4160461425781,201100
2024-02-23,CASY,CASY,296.3399963378906,300.6700134277344,295.6099853515625,299.75,296.5506591796875,223000
2024-02-26,CASY,CASY,299.2799987792969,301.2200012207031,298.0799865722656,299.0400085449219,295.8482360839844,210700
2024-02-27,CASY,CASY,300.260009765625,302.17999267578125,299.0199890136719,300.9200134277344,297.7082214355469,203300
2024-02-28,CASY,CASY,301.2099914550781,304.1199951171875,300.8699951171875,304.1199951171875,300.8739929199219,179500
2024-02-29,CASY,CASY,305.45001220703125,305.45001220703125,302.25,304.489990234375,301.2400207519531,229500
2024-03-01,CASY,CASY,303.6300048828125,307.6400146484375,303.5799865722656,306.8500061035156,303.5749206542969,193300
2024-03-04,CASY,CASY,308.2200012207031,314.9599914550781,308.0899963378906,313.70001220703125,310.351806640625,269500
2024-03-05,CASY,CASY,314.2699890136719,314.989990234375,290.7900085449219,291.2799987792969,288.1710510253906,635500
2024-03-06,CASY,CASY,294.92999267578125,304.44000244140625,294.92999267578125,300.9100036621094,297.6982727050781,374700
2024-03-07,CASY,CASY,303.5299987792969,307.8599853515625,303.0,307.1499938964844,303.87164306640625,321100
2024-03-08,CASY,CASY,307.5199890136719,308.0,301.17999267578125,302.17999267578125,298.95477294921875,214400
2024-03-11,CASY,CASY,301.44000244140625,303.6499938964844,297.17999267578125,298.760009765625,295.5712585449219,437400
2024-03-12,CASY,CASY,296.0,302.0400085449219,291.30999755859375,294.0299987792969,290.8917541503906,604900
2024-03-13,CASY,CASY,293.6000061035156,296.19000244140625,290.0,295.9100036621094,292.75164794921875,307700
2024-03-14,CASY,CASY,296.5299987792969,299.9200134277344,293.80999755859375,297.5199890136719,294.34442138671875,292400
2024-03-15,CASY,CASY,297.25,307.2099914550781,297.0899963378906,305.42999267578125,302.16998291015625,685300
2024-03-18,CASY,CASY,306.25,308.6499938964844,303.95001220703125,305.1700134277344,301.91278076171875,337700
2024-03-19,CASY,CASY,306.4700012207031,310.0,306.4200134277344,308.9200134277344,305.6227722167969,188500
2024-03-20,CASY,CASY,309.70001220703125,315.3900146484375,307.9599914550781,315.1499938964844,311.7862243652344,262400
2024-03-21,CASY,CASY,316.20001220703125,318.2699890136719,313.9100036621094,318.1099853515625,314.71466064453125,296800
2024-03-22,CASY,CASY,318.45001220703125,319.9800109863281,316.4200134277344,316.5899963378906,313.21087646484375,303200
2024-03-25,CASY,CASY,318.5400085449219,320.0,316.0400085449219,319.3800048828125,315.9711608886719,456000
2024-03-26,CASY,CASY,320.3900146484375,324.3999938964844,315.489990234375,316.4599914550781,313.082275390625,429800
2024-03-27,CASY,CASY,319.239990234375,320.70001220703125,316.1199951171875,318.69000244140625,315.2885437011719,267900
2024-03-28,CASY,CASY,319.20001220703125,320.4700012207031,316.7799987792969,318.45001220703125,315.0510559082031,245600
2024-04-01,CASY,CASY,317.94000244140625,320.19000244140625,314.2300109863281,315.3699951171875,312.00396728515625,287500
2024-04-02,CASY,CASY,313.95001220703125,315.0299987792969,308.8599853515625,312.5,309.16455078125,315700
2024-04-03,CASY,CASY,312.5,316.67999267578125,309.7099914550781,315.510009765625,312.1424560546875,282000
2024-04-04,CASY,CASY,316.42999267578125,317.92999267578125,309.0199890136719,311.17999267578125,307.858642578125,198400
2024-04-05,CASY,CASY,310.3399963378906,317.0899963378906,310.3399963378906,316.6700134277344,313.2900695800781,192100
2024-04-08,CASY,CASY,314.70001220703125,318.4800109863281,312.25,313.2300109863281,309.8868103027344,278700
2024-04-09,CASY,CASY,311.9200134277344,312.6400146484375,306.69000244140625,312.19000244140625,308.8578796386719,389200
2024-04-10,CASY,CASY,310.67999267578125,312.6099853515625,306.45001220703125,312.3299865722656,308.996337890625,306500
2024-04-11,CASY,CASY,312.69000244140625,312.69000244140625,306.79998779296875,309.7900085449219,306.4834899902344,358300
2024-04-12,CASY,CASY,307.760009765625,311.0299987792969,306.6000061035156,310.05999755859375,306.7506103515625,236400
2024-04-15,CASY,CASY,312.95001220703125,315.5199890136719,311.1600036621094,312.7799987792969,309.44158935546875,511500
2024-04-16,CASY,CASY,312.9800109863281,315.989990234375,311.4700012207031,312.54998779296875,309.2140197753906,262400
2024-04-17,CASY,CASY,316.0199890136719,317.45001220703125,306.69000244140625,309.1700134277344,305.8701171875,358800
2024-04-18,CASY,CASY,311.04998779296875,312.29998779296875,308.70001220703125,309.3999938964844,306.09759521484375,328300
2024-04-19,CASY,CASY,310.0899963378906,312.2099914550781,307.010009765625,310.4100036621094,307.096923828125,307300
2024-04-22,CASY,CASY,310.8299865722656,316.5199890136719,309.510009765625,313.4800109863281,310.1341552734375,291900
2024-04-23,CASY,CASY,313.1700134277344,314.8900146484375,311.8299865722656,313.32000732421875,309.975830078125,255700
2024-04-24,CASY,CASY,312.510009765625,317.2200012207031,312.510009765625,315.6400146484375,312.2710266113281,238000
2024-04-25,CASY,CASY,313.95001220703125,321.80999755859375,313.95001220703125,317.7799987792969,314.3882141113281,251600
2024-04-26,CASY,CASY,317.739990234375,322.6199951171875,317.739990234375,320.0299987792969,316.6141662597656,229700
2024-04-29,CASY,CASY,320.9800109863281,324.3900146484375,319.5899963378906,323.2699890136719,319.8196105957031,308700
2024-04-30,CASY,CASY,321.45001220703125,323.1300048828125,318.0199890136719,319.5799865722656,316.5901184082031,386200
2024-05-01,CASY,CASY,318.54998779296875,321.4700012207031,318.2099914550781,318.6600036621094,315.6787109375,277100
2024-05-02,CASY,CASY,319.69000244140625,320.0,314.29998779296875,316.5799865722656,313.6181945800781,408000
2024-05-03,CASY,CASY,316.8800048828125,317.70001220703125,313.6700134277344,313.9200134277344,310.9830627441406,244100
2024-05-06,CASY,CASY,315.6300048828125,323.44000244140625,314.9200134277344,323.20001220703125,320.1762390136719,234400
2024-05-07,CASY,CASY,323.20001220703125,330.79998779296875,323.20001220703125,329.8599853515625,326.77392578125,346000
2024-05-08,CASY,CASY,329.94000244140625,332.95001220703125,323.8399963378906,327.8999938964844,324.832275390625,253200
2024-05-09,CASY,CASY,329.05999755859375,333.239990234375,328.2799987792969,332.9100036621094,329.7954406738281,258100
2024-05-10,CASY,CASY,333.1400146484375,337.7799987792969,331.1199951171875,337.6099853515625,334.4513854980469,231400
2024-05-13,CASY,CASY,338.82000732421875,340.5899963378906,337.6199951171875,340.260009765625,337.0766296386719,259800
2024-05-14,CASY,CASY,341.7300109863281,344.010009765625,336.6099853515625,337.760009765625,334.6000671386719,401900
2024-05-15,CASY,CASY,335.8999938964844,339.8800048828125,335.7200012207031,337.67999267578125,334.520751953125,319100
2024-05-16,CASY,CASY,338.0,339.0899963378906,332.69000244140625,333.92999267578125,330.8058776855469,317900
2024-05-17,CASY,CASY,334.0,335.760009765625,332.1199951171875,335.4800109863281,332.34130859375,209700
2024-05-20,CASY,CASY,335.4599914550781,339.4200134277344,333.2699890136719,334.4700012207031,331.3407897949219,205300
2024-05-21,CASY,CASY,334.6300048828125,336.8800048828125,332.8599853515625,336.1700134277344,333.02490234375,182700
2024-05-22,CASY,CASY,335.8999938964844,340.8699951171875,334.1499938964844,337.0799865722656,333.92633056640625,213800
2024-05-23,CASY,CASY,337.1400146484375,341.05999755859375,334.4800109863281,338.19000244140625,335.0259704589844,199700
2024-05-24,CASY,CASY,339.739990234375,344.6099853515625,337.44000244140625,343.1400146484375,339.9297180175781,185600
2024-05-28,CASY,CASY,342.0,342.260009765625,335.0400085449219,337.32000732421875,334.1641540527344,243200
2024-05-29,CASY,CASY,335.0,337.20001220703125,325.1000061035156,325.32000732421875,322.2764587402344,273500
2024-05-30,CASY,CASY,325.9100036621094,329.07000732421875,323.2099914550781,327.6499938964844,324.5845947265625,178700
2024-05-31,CASY,CASY,328.8699951171875,332.3599853515625,326.8299865722656,331.7799987792969,328.6759338378906,237300
2024-06-03,CASY,CASY,330.6099853515625,334.0,327.6700134277344,330.9700012207031,327.8735046386719,215100
2024-06-04,CASY,CASY,328.739990234375,330.7699890136719,313.8900146484375,322.70001220703125,319.68096923828125,396300
2024-06-05,CASY,CASY,326.55999755859375,328.5299987792969,321.0799865722656,326.1199951171875,323.0689392089844,345100
2024-06-06,CASY,CASY,325.8800048828125,326.989990234375,322.9800109863281,326.8800048828125,323.8218078613281,247200
2024-06-07,CASY,CASY,326.69000244140625,333.9100036621094,326.69000244140625,328.6300048828125,325.5553894042969,235100
2024-06-10,CASY,CASY,326.3599853515625,328.6300048828125,324.0799865722656,328.3299865722656,325.25823974609375,346400
2024-06-11,CASY,CASY,328.0,328.9800109863281,322.7799987792969,326.5299987792969,323.4751281738281,526300
2024-06-12,CASY,CASY,363.0,389.44000244140625,350.0,381.1300048828125,377.56427001953125,1643600
2024-06-13,CASY,CASY,383.3999938964844,383.3999938964844,373.0,376.5799865722656,373.05682373046875,492600
2024-06-14,CASY,CASY,375.2799987792969,375.2799987792969,366.55999755859375,372.0199890136719,368.5395202636719,280700
2024-06-17,CASY,CASY,371.54998779296875,379.2200012207031,370.0199890136719,377.29998779296875,373.7700500488281,283100
2024-06-18,CASY,CASY,377.1000061035156,380.6199951171875,375.92999267578125,376.8299865722656,373.304443359375,383000
2024-06-20,CASY,CASY,377.6700134277344,378.3500061035156,365.8699951171875,368.4100036621094,364.9632873535156,488100
2024-06-21,CASY,CASY,369.7799987792969,372.55999755859375,367.0199890136719,371.7699890136719,368.29180908203125,438100
2024-06-24,CASY,CASY,371.5,381.2900085449219,370.95001220703125,380.82000732421875,377.2571716308594,366900
2024-06-25,CASY,CASY,379.9100036621094,384.5899963378906,377.94000244140625,380.9700012207031,377.4057312011719,369700
2024-06-26,CASY,CASY,380.989990234375,382.3500061035156,376.5,381.69000244140625,378.1190490722656,311000
2024-06-27,CASY,CASY,379.9200134277344,383.010009765625,377.8399963378906,382.8699951171875,379.2879638671875,352200
2024-06-28,CASY,CASY,383.1700134277344,385.82000732421875,377.44000244140625,381.55999755859375,377.9902038574219,643900
2024-07-01,CASY,CASY,381.82000732421875,381.82000732421875,375.3399963378906,377.19000244140625,373.6611328125,212200
2024-07-02,CASY,CASY,376.0799865722656,376.4599914550781,372.2699890136719,373.8999938964844,370.4018859863281,229900
2024-07-03,CASY,CASY,373.8999938964844,374.82000732421875,370.0,370.260009765625,366.7960205078125,111300
2024-07-05,CASY,CASY,369.8900146484375,371.17999267578125,366.3299865722656,369.3599853515625,365.90435791015625,261200
2024-07-08,CASY,CASY,370.5199890136719,371.29998779296875,366.5299987792969,367.57000732421875,364.13116455078125,212800
2024-07-09,CASY,CASY,366.6000061035156,369.1099853515625,360.30999755859375,360.6199951171875,357.24609375,213900
2024-07-10,CASY,CASY,361.17999267578125,364.30999755859375,360.0,363.55999755859375,360.1585998535156,190000
2024-07-11,CASY,CASY,370.7300109863281,376.29998779296875,368.989990234375,376.0400085449219,372.52191162109375,272500
2024-07-12,CASY,CASY,376.7900085449219,379.010009765625,375.20001220703125,376.44000244140625,372.91815185546875,200900
2024-07-15,CASY,CASY,377.25,381.7099914550781,377.25,379.7900085449219,376.2367858886719,215300
2024-07-16,CASY,CASY,382.29998779296875,386.0,380.5899963378906,383.29998779296875,379.71392822265625,231400
2024-07-17,CASY,CASY,380.5199890136719,381.7799987792969,377.239990234375,379.1099853515625,375.56317138671875,146400
2024-07-18,CASY,CASY,381.07000732421875,383.0,371.0299987792969,376.4200134277344,372.8982849121094,220500
2024-07-19,CASY,CASY,376.4200134277344,379.9800109863281,375.17999267578125,376.6499938964844,373.12615966796875,179800
2024-07-22,CASY,CASY,377.2200012207031,380.7799987792969,375.8999938964844,378.9599914550781,375.41461181640625,164100
2024-07-23,CASY,CASY,378.70001220703125,381.0400085449219,376.0199890136719,376.69000244140625,373.1658020019531,163300
2024-07-24,CASY,CASY,375.489990234375,380.6300048828125,373.4200134277344,374.1300048828125,370.6297302246094,220900
2024-07-25,CASY,CASY,374.1300048828125,377.9800109863281,371.489990234375,372.7799987792969,369.2923889160156,175200
2024-07-26,CASY,CASY,377.5,401.07000732421875,377.5,391.1600036621094,387.50042724609375,437300
2024-07-29,CASY,CASY,392.4700012207031,395.0299987792969,384.6700134277344,388.0199890136719,384.3898010253906,258700
2024-07-30,CASY,CASY,391.3500061035156,395.0,386.7699890136719,387.5400085449219,383.914306640625,250900
2024-07-31,CASY,CASY,390.0299987792969,391.6499938964844,384.760009765625,387.8399963378906,384.2114562988281,310400
2024-08-01,CASY,CASY,389.010009765625,391.9800109863281,379.80999755859375,383.1000061035156,380.0057373046875,202200
2024-08-02,CASY,CASY,376.5799865722656,381.239990234375,369.69000244140625,371.92999267578125,368.92596435546875,368400
2024-08-05,CASY,CASY,363.04998779296875,375.4800109863281,357.1499938964844,371.8699951171875,368.86639404296875,361300
2024-08-06,CASY,CASY,372.0,379.1300048828125,371.82000732421875,373.7300109863281,370.71142578125,232300
2024-08-07,CASY,CASY,378.1400146484375,378.42999267578125,366.07000732421875,367.5400085449219,364.57147216796875,147100
2024-08-08,CASY,CASY,368.8599853515625,377.9800109863281,368.8599853515625,375.5199890136719,372.4869689941406,155200
2024-08-09,CASY,CASY,374.1499938964844,375.3699951171875,369.2799987792969,374.760009765625,371.73309326171875,147400
2024-08-12,CASY,CASY,375.5400085449219,375.5400085449219,369.489990234375,371.010009765625,368.0133972167969,165100
2024-08-13,CASY,CASY,372.45001220703125,372.94000244140625,365.4700012207031,367.2099914550781,364.24407958984375,146500
2024-08-14,CASY,CASY,368.1400146484375,369.3999938964844,365.69000244140625,366.30999755859375,363.3514099121094,140400
2024-08-15,CASY,CASY,372.9599914550781,382.8999938964844,372.92999267578125,378.4200134277344,375.3635559082031,368300
2024-08-16,CASY,CASY,376.9700012207031,383.69000244140625,376.9700012207031,380.2900085449219,377.21844482421875,210900
2024-08-19,CASY,CASY,378.8900146484375,385.2799987792969,378.8900146484375,382.80999755859375,379.71807861328125,260200
2024-08-20,CASY,CASY,382.6099853515625,387.57000732421875,373.95001220703125,374.82000732421875,371.7926025390625,132200
2024-08-21,CASY,CASY,378.30999755859375,378.7900085449219,373.010009765625,378.3599853515625,375.3039855957031,127800
2024-08-22,CASY,CASY,378.6600036621094,379.70001220703125,369.4100036621094,370.07000732421875,367.08099365234375,158600
2024-08-23,CASY,CASY,371.510009765625,372.6199951171875,368.1300048828125,369.3999938964844,366.4164123535156,176300
2024-08-26,CASY,CASY,372.3299865722656,375.5299987792969,369.5400085449219,375.42999267578125,372.397705078125,224600
2024-08-27,CASY,CASY,374.67999267578125,375.3699951171875,371.1600036621094,372.9599914550781,369.9476623535156,159000
2024-08-28,CASY,CASY,372.4800109863281,373.45001220703125,366.6000061035156,368.0799865722656,365.10699462890625,181600
2024-08-29,CASY,CASY,368.4800109863281,368.4800109863281,357.8399963378906,358.8399963378906,355.941650390625,281000
2024-08-30,CASY,CASY,360.0,363.5,354.94000244140625,362.30999755859375,359.38360595703125,301700
2024-09-03,CASY,CASY,364.04998779296875,365.04998779296875,353.94000244140625,354.9200134277344,352.0533447265625,285300
2024-09-04,CASY,CASY,352.92999267578125,355.010009765625,350.5199890136719,354.5199890136719,351.65655517578125,362000
2024-09-05,CASY,CASY,358.0,382.29998779296875,352.0,380.739990234375,377.6647644042969,728400
2024-09-06,CASY,CASY,380.239990234375,383.2699890136719,372.25,373.82000732421875,370.8006896972656,365200
2024-09-09,CASY,CASY,376.7799987792969,376.7799987792969,365.9599914550781,366.9700012207031,364.0060119628906,345100
2024-09-10,CASY,CASY,367.1300048828125,376.8800048828125,366.3999938964844,374.9100036621094,371.8818664550781,264200
2024-09-11,CASY,CASY,371.8999938964844,374.30999755859375,366.5199890136719,373.3800048828125,370.3642578125,229300
2024-09-12,CASY,CASY,375.0899963378906,382.30999755859375,374.5199890136719,382.07000732421875,378.9841003417969,217700
2024-09-13,CASY,CASY,382.7300109863281,387.0400085449219,379.04998779296875,381.6300048828125,378.54754638671875,287100
2024-09-16,CASY,CASY,384.489990234375,386.30999755859375,380.1700134277344,380.67999267578125,377.6052551269531,214700
2024-09-17,CASY,CASY,383.3299865722656,383.3299865722656,372.82000732421875,375.30999755859375,372.2786560058594,227400
2024-09-18,CASY,CASY,375.30999755859375,377.75,372.5,373.0199890136719,370.00714111328125,118200
2024-09-19,CASY,CASY,372.239990234375,373.7900085449219,364.0,365.2300109863281,362.2800598144531,284900
2024-09-20,CASY,CASY,363.5199890136719,368.3900146484375,362.4200134277344,368.0,365.0276794433594,453100
2024-09-23,CASY,CASY,371.0799865722656,378.6300048828125,369.3699951171875,377.94000244140625,374.887451171875,263700
2024-09-24,CASY,CASY,378.8999938964844,378.8999938964844,371.7900085449219,371.8699951171875,368.86639404296875,230600
2024-09-25,CASY,CASY,373.8299865722656,373.8299865722656,369.3599853515625,371.9800109863281,368.9755554199219,180900
2024-09-26,CASY,CASY,371.69000244140625,375.25,367.0,373.760009765625,370.7412109375,278200
2024-09-27,CASY,CASY,376.3900146484375,376.4100036621094,371.2799987792969,373.30999755859375,370.2947998046875,152300
2024-09-30,CASY,CASY,373.1400146484375,375.8999938964844,370.0799865722656,375.7099914550781,372.6753845214844,211100
2024-10-01,CASY,CASY,376.6300048828125,378.3999938964844,370.42999267578125,377.4700012207031,374.42120361328125,174800
2024-10-02,CASY,CASY,377.3599853515625,377.3599853515625,369.2699890136719,370.1700134277344,367.18017578125,213400
2024-10-03,CASY,CASY,367.75,370.9599914550781,363.0,366.6499938964844,363.6885986328125,189500
2024-10-04,CASY,CASY,366.6499938964844,370.7900085449219,366.0,370.5899963378906,367.5967712402344,153100
2024-10-07,CASY,CASY,371.57000732421875,374.55999755859375,368.1600036621094,372.4200134277344,369.4120178222656,264100
2024-10-08,CASY,CASY,373.6400146484375,381.20001220703125,373.1199951171875,380.739990234375,377.6647644042969,190100
2024-10-09,CASY,CASY,381.17999267578125,392.260009765625,381.17999267578125,391.19000244140625,388.0303955078125,296600
2024-10-10,CASY,CASY,389.19000244140625,389.19000244140625,375.19000244140625,380.8800048828125,377.80364990234375,265700
2024-10-11,CASY,CASY,380.8800048828125,387.1499938964844,380.70001220703125,385.8999938964844,382.7831115722656,149800
2024-10-14,CASY,CASY,388.3900146484375,392.0,386.3900146484375,390.7799987792969,387.62371826171875,215700
2024-10-15,CASY,CASY,391.3500061035156,396.57000732421875,389.0400085449219,389.2300109863281,386.0862121582031,252700
2024-10-16,CASY,CASY,388.5400085449219,390.32000732421875,383.3999938964844,389.7200012207031,386.5722961425781,246200
2024-10-17,CASY,CASY,391.7699890136719,391.7699890136719,386.010009765625,387.0799865722656,383.95355224609375,151700
2024-10-18,CASY,CASY,387.70001220703125,390.3999938964844,386.7799987792969,390.1499938964844,386.998779296875,140500
2024-10-21,CASY,CASY,390.1199951171875,393.2699890136719,388.5299987792969,392.1199951171875,388.9529113769531,189900
2024-10-22,CASY,CASY,389.6000061035156,391.5299987792969,387.44000244140625,390.4200134277344,387.26666259765625,176200
2024-10-23,CASY,CASY,388.5199890136719,390.8399963378906,387.1700134277344,390.5,387.3459777832031,180700
2024-10-24,CASY,CASY,391.32000732421875,392.0,384.6000061035156,386.6199951171875,383.4972839355469,141000
2024-10-25,CASY,CASY,389.07000732421875,391.4100036621094,386.9200134277344,391.1300048828125,387.97088623046875,145000
2024-10-28,CASY,CASY,393.760009765625,401.1700134277344,392.510009765625,400.6099853515625,397.3742980957031,198500
2024-10-29,CASY,CASY,399.69000244140625,400.6300048828125,395.1099853515625,398.510009765625,395.291259765625,244000
2024-10-30,CASY,CASY,398.30999755859375,400.3800048828125,397.69000244140625,398.30999755859375,395.0928955078125,172700
2024-10-31,CASY,CASY,398.260009765625,398.5899963378906,392.6400146484375,394.0199890136719,390.8375549316406,195300
2024-11-01,CASY,CASY,393.5199890136719,396.739990234375,392.4100036621094,393.19000244140625,390.5097961425781,196200
2024-11-04,CASY,CASY,388.1199951171875,393.9100036621094,379.44000244140625,381.0799865722656,378.4823303222656,302100
2024-11-05,CASY,CASY,377.6000061035156,397.489990234375,377.6000061035156,396.8999938964844,394.1944885253906,258300
2024-11-06,CASY,CASY,409.07000732421875,416.1300048828125,404.6499938964844,409.17999267578125,406.3907775878906,279000
2024-11-07,CASY,CASY,410.75,416.6000061035156,408.1300048828125,413.3699951171875,410.55218505859375,176400
2024-11-08,CASY,CASY,414.0,420.2699890136719,412.3900146484375,412.8500061035156,410.0357666015625,229700
2024-11-11,CASY,CASY,412.5,415.07000732421875,409.4700012207031,410.9700012207031,408.16864013671875,202300
2024-11-12,CASY,CASY,413.05999755859375,418.3699951171875,410.2099914550781,417.05999755859375,414.2170715332031,187200
2024-11-13,CASY,CASY,418.19000244140625,418.19000244140625,408.95001220703125,409.1099853515625,406.3212585449219,260400
2024-11-14,CASY,CASY,411.4700012207031,411.8299865722656,402.19000244140625,405.7099914550781,402.9444274902344,245800
2024-11-15,CASY,CASY,403.0199890136719,406.8699951171875,396.5299987792969,401.3999938964844,398.6637878417969,189500
2024-11-18,CASY,CASY,401.5899963378906,405.6099853515625,399.32000732421875,404.6000061035156,401.842041015625,164900
2024-11-19,CASY,CASY,404.05999755859375,412.2699890136719,403.989990234375,411.6700134277344,408.8638000488281,172200
2024-11-20,CASY,CASY,412.7799987792969,415.55999755859375,407.6499938964844,413.95001220703125,411.1282958984375,161500
2024-11-21,CASY,CASY,416.3800048828125,418.82000732421875,410.2799987792969,416.3999938964844,413.5616149902344,162100
2024-11-22,CASY,CASY,418.3699951171875,428.6099853515625,417.2300109863281,427.8800048828125,424.96331787109375,274800
2024-11-25,CASY,CASY,430.4100036621094,435.6000061035156,425.6600036621094,426.69000244140625,423.78143310546875,283300
2024-11-26,CASY,CASY,423.95001220703125,427.7200012207031,421.6099853515625,426.489990234375,423.5827941894531,199400
2024-11-27,CASY,CASY,428.6700134277344,429.04998779296875,417.6300048828125,420.9800109863281,418.1103515625,213300
2024-11-29,CASY,CASY,424.1700134277344,424.1700134277344,419.6600036621094,420.8900146484375,418.0209655761719,82500
2024-12-02,CASY,CASY,421.6499938964844,423.54998779296875,418.1300048828125,421.0799865722656,418.2096862792969,205100
2024-12-03,CASY,CASY,422.8500061035156,423.4599914550781,414.44000244140625,417.5199890136719,414.6739196777344,269300
2024-12-04,CASY,CASY,419.7900085449219,422.0299987792969,414.9700012207031,415.7699890136719,412.93585205078125,187800
2024-12-05,CASY,CASY,417.44000244140625,421.9599914550781,414.5899963378906,420.07000732421875,417.2065734863281,162800
2024-12-06,CASY,CASY,420.260009765625,424.3800048828125,419.7699890136719,422.2699890136719,419.39154052734375,267700
2024-12-09,CASY,CASY,425.3800048828125,425.70001220703125,412.3500061035156,418.1099853515625,415.2599182128906,474100
2024-12-10,CASY,CASY,419.5899963378906,428.9200134277344,406.32000732421875,416.8599853515625,414.0184020996094,482000
2024-12-11,CASY,CASY,419.760009765625,439.67999267578125,419.760009765625,427.80999755859375,424.8937683105469,391600
2024-12-12,CASY,CASY,427.3699951171875,430.55999755859375,423.0400085449219,425.70001220703125,422.7982482910156,192100
2024-12-13,CASY,CASY,423.7200012207031,427.8599853515625,423.44000244140625,425.2699890136719,422.37109375,187700
2024-12-16,CASY,CASY,423.05999755859375,428.1300048828125,423.05999755859375,424.510009765625,421.6163024902344,265000
2024-12-17,CASY,CASY,422.3900146484375,427.05999755859375,417.8299865722656,421.3900146484375,418.51751708984375,224800
2024-12-18,CASY,CASY,420.7699890136719,421.4800109863281,404.989990234375,406.1600036621094,403.3913879394531,288900
2024-12-19,CASY,CASY,406.739990234375,413.07000732421875,404.6700134277344,409.1499938964844,406.3609619140625,219000
2024-12-20,CASY,CASY,409.25,412.7900085449219,402.510009765625,403.1600036621094,400.4117736816406,765300
2024-12-23,CASY,CASY,401.0,401.2799987792969,395.44000244140625,399.55999755859375,396.8363342285156,205100
2024-12-24,CASY,CASY,400.2799987792969,403.69000244140625,396.70001220703125,403.6700134277344,400.9183654785156,64100
2024-12-26,CASY,CASY,403.6700134277344,407.54998779296875,402.0299987792969,405.4800109863281,402.7160339355469,177300
2024-12-27,CASY,CASY,402.4800109863281,405.9800109863281,401.6000061035156,403.9800109863281,401.22625732421875,134600
2024-12-30,CASY,CASY,399.8699951171875,401.2699890136719,397.1199951171875,398.70001220703125,395.98223876953125,128300
2024-12-31,CASY,CASY,399.19000244140625,404.3500061035156,396.04998779296875,396.2300109863281,393.5290832519531,195300
2025-01-02,CASY,CASY,398.239990234375,401.239990234375,394.3299865722656,394.6499938964844,391.95977783203125,202600
2025-01-03,CASY,CASY,394.1499938964844,399.8999938964844,392.3800048828125,397.92999267578125,395.21746826171875,171200
2025-01-06,CASY,CASY,398.8999938964844,402.5899963378906,395.3399963378906,396.760009765625,394.05548095703125,241700
2025-01-07,CASY,CASY,396.3599853515625,397.04998779296875,388.8299865722656,389.30999755859375,386.65631103515625,223400
2025-01-08,CASY,CASY,389.2699890136719,391.20001220703125,386.1400146484375,390.8399963378906,388.1758117675781,163300
2025-01-10,CASY,CASY,388.8399963378906,390.25,380.9700012207031,386.05999755859375,383.4283752441406,313200
2025-01-13,CASY,CASY,382.29998779296875,392.9200134277344,380.0,392.5400085449219,389.8642578125,262300
2025-01-14,CASY,CASY,393.6199951171875,400.010009765625,393.4800109863281,395.0,392.3074645996094,271900
2025-01-15,CASY,CASY,402.1000061035156,403.0,390.3699951171875,391.29998779296875,388.63262939453125,247800
2025-01-16,CASY,CASY,390.6000061035156,393.5199890136719,383.4800109863281,390.9800109863281,388.31488037109375,284700
2025-01-17,CASY,CASY,393.8500061035156,393.8500061035156,387.5299987792969,391.510009765625,388.84124755859375,266900
2025-01-21,CASY,CASY,392.7200012207031,404.3800048828125,392.1700134277344,402.4100036621094,399.66693115234375,254700
2025-01-22,CASY,CASY,403.510009765625,403.510009765625,398.5799865722656,401.2099914550781,398.4751281738281,144600
2025-01-23,CASY,CASY,400.30999755859375,409.3800048828125,399.20001220703125,407.7900085449219,405.0102844238281,300500
2025-01-24,CASY,CASY,406.760009765625,411.739990234375,404.1700134277344,411.25,408.44671630859375,250800
2025-01-27,CASY,CASY,406.54998779296875,420.9100036621094,406.54998779296875,419.989990234375,417.1270751953125,275000
2025-01-28,CASY,CASY,420.0,420.8999938964844,410.9200134277344,415.70001220703125,412.8663635253906,320600
2025-01-29,CASY,CASY,415.5,422.6199951171875,415.5,419.5899963378906,416.72979736328125,232100
2025-01-30,CASY,CASY,423.1700134277344,426.80999755859375,420.3500061035156,423.05999755859375,420.1761779785156,252200
2025-01-31,CASY,CASY,422.8399963378906,423.4599914550781,417.6099853515625,421.7699890136719,418.8949890136719,312500
2025-02-03,CASY,CASY,413.19000244140625,422.6400146484375,410.9800109863281,419.5799865722656,417.2144775390625,330100
2025-02-04,CASY,CASY,417.2300109863281,424.3399963378906,417.2300109863281,420.989990234375,418.6165771484375,178600
2025-02-05,CASY,CASY,420.989990234375,429.739990234375,419.30999755859375,429.4200134277344,426.9990539550781,242100
2025-02-06,CASY,CASY,432.489990234375,438.5400085449219,430.739990234375,435.2699890136719,432.81597900390625,374800
2025-02-07,CASY,CASY,437.2900085449219,437.2900085449219,426.4100036621094,426.82000732421875,424.4136657714844,350700
2025-02-10,CASY,CASY,427.70001220703125,432.8399963378906,425.8900146484375,432.1700134277344,429.7335510253906,332800
2025-02-11,CASY,CASY,432.19000244140625,433.4599914550781,424.3599853515625,427.54998779296875,425.1395568847656,263200
2025-02-12,CASY,CASY,423.6700134277344,437.0299987792969,423.29998779296875,435.3500061035156,432.8955993652344,257300
2025-02-13,CASY,CASY,440.05999755859375,443.2200012207031,435.0299987792969,442.5400085449219,440.0450744628906,305400
2025-02-14,CASY,CASY,443.69000244140625,445.1700134277344,431.8500061035156,432.1700134277344,429.7335510253906,270800
2025-02-18,CASY,CASY,431.79998779296875,434.30999755859375,424.8699951171875,425.9800109863281,423.57843017578125,324300
2025-02-19,CASY,CASY,423.1000061035156,429.3500061035156,423.1000061035156,426.2099914550781,423.8070983886719,239000
2025-02-20,CASY,CASY,422.7099914550781,424.8500061035156,418.8399963378906,420.5400085449219,418.1690979003906,264500
2025-02-21,CASY,CASY,420.17999267578125,420.17999267578125,403.1000061035156,405.5899963378906,403.3033752441406,481900
2025-02-24,CASY,CASY,406.510009765625,416.7900085449219,404.55999755859375,414.55999755859375,412.2227783203125,268900
2025-02-25,CASY,CASY,413.6000061035156,423.8900146484375,413.6000061035156,422.739990234375,420.3566589355469,323600
2025-02-26,CASY,CASY,419.54998779296875,423.4100036621094,412.9200134277344,416.0,413.6546630859375,417800
2025-02-27,CASY,CASY,417.239990234375,419.42999267578125,408.4800109863281,409.0899963378906,406.78363037109375,181000
2025-02-28,CASY,CASY,410.739990234375,414.67999267578125,408.1400146484375,414.2099914550781,411.874755859375,226900
2025-03-03,CASY,CASY,413.8500061035156,419.42999267578125,406.8399963378906,408.0,405.69976806640625,251000
2025-03-04,CASY,CASY,404.7200012207031,412.5,402.1400146484375,408.0299987792969,405.7296447753906,258500
2025-03-05,CASY,CASY,408.3299865722656,408.3299865722656,400.0799865722656,404.82000732421875,402.5377502441406,246800
2025-03-06,CASY,CASY,400.69000244140625,406.0899963378906,394.2300109863281,395.29998779296875,393.0714111328125,341200
2025-03-07,CASY,CASY,394.0,399.32000732421875,382.4100036621094,398.7300109863281,396.4820861816406,348500
2025-03-10,CASY,CASY,394.3699951171875,395.42999267578125,380.489990234375,381.67999267578125,379.5281677246094,511600
2025-03-11,CASY,CASY,380.0,387.45001220703125,372.0899963378906,378.7099914550781,376.5748596191406,576400
2025-03-12,CASY,CASY,392.45001220703125,412.2099914550781,388.5400085449219,402.07000732421875,399.80322265625,798000
2025-03-13,CASY,CASY,402.07000732421875,404.989990234375,384.05999755859375,385.0199890136719,382.8493347167969,519900
2025-03-14,CASY,CASY,388.7300109863281,396.3399963378906,381.3299865722656,395.6300048828125,393.3995056152344,327300
2025-03-17,CASY,CASY,392.510009765625,402.07000732421875,391.0400085449219,399.67999267578125,397.4266662597656,271000
2025-03-18,CASY,CASY,397.6499938964844,397.6499938964844,386.0400085449219,386.8900146484375,384.7088317871094,196900
2025-03-19,CASY,CASY,388.67999267578125,403.19000244140625,388.67999267578125,402.2300109863281,399.9623107910156,398100
2025-03-20,CASY,CASY,399.7799987792969,401.9800109863281,392.82000732421875,394.8399963378906,392.6139831542969,269500
2025-03-21,CASY,CASY,392.6600036621094,404.3900146484375,391.54998779296875,404.0,401.72235107421875,493300
2025-03-24,CASY,CASY,406.510009765625,412.7300109863281,400.2300109863281,412.5,410.1744079589844,400000
2025-03-25,CASY,CASY,413.489990234375,417.7699890136719,411.1499938964844,417.4200134277344,415.06671142578125,345200
2025-03-26,CASY,CASY,418.1099853515625,427.6199951171875,417.3800048828125,426.0,423.59832763671875,698200
2025-03-27,CASY,CASY,423.8299865722656,436.6400146484375,421.2799987792969,430.69000244140625,428.2618408203125,396800
2025-03-28,CASY,CASY,428.739990234375,432.0,423.4700012207031,432.0,429.5644836425781,326000
2025-03-31,CASY,CASY,427.8299865722656,438.2300109863281,425.80999755859375,434.0400085449219,431.59295654296875,477500
2025-04-01,CASY,CASY,432.42999267578125,442.45001220703125,432.1499938964844,440.6300048828125,438.1458740234375,328500
2025-04-02,CASY,CASY,434.6400146484375,446.6000061035156,434.6400146484375,443.8800048828125,441.37750244140625,274900
2025-04-03,CASY,CASY,429.3699951171875,458.9200134277344,429.3699951171875,449.1700134277344,446.6377258300781,664000
2025-04-04,CASY,CASY,437.30999755859375,444.5899963378906,414.4100036621094,415.82000732421875,413.4757385253906,729700
2025-04-07,CASY,CASY,403.9200134277344,427.0199890136719,397.79998779296875,418.010009765625,415.6533508300781,716700
2025-04-08,CASY,CASY,434.7799987792969,436.4599914550781,411.75,416.489990234375,414.1419372558594,375300
2025-04-09,CASY,CASY,412.92999267578125,450.8699951171875,410.010009765625,439.739990234375,437.2608642578125,557500
2025-04-10,CASY,CASY,436.9800109863281,443.6400146484375,426.739990234375,438.010009765625,435.5406188964844,392200
2025-04-11,CASY,CASY,445.0,459.4599914550781,436.1199951171875,457.25,454.6721496582031,520300
2025-04-14,CASY,CASY,459.010009765625,462.8900146484375,446.7900085449219,460.7799987792969,458.1822204589844,393200
2025-04-15,CASY,CASY,460.79998779296875,467.8800048828125,460.2799987792969,464.4100036621094,461.7917785644531,460400
2025-04-16,CASY,CASY,463.0899963378906,468.8800048828125,452.54998779296875,457.3299865722656,454.7516784667969,346900
2025-04-17,CASY,CASY,457.3299865722656,463.19000244140625,456.04998779296875,460.07000732421875,457.47625732421875,365400
2025-04-21,CASY,CASY,455.69000244140625,459.1499938964844,445.9200134277344,451.70001220703125,449.1534118652344,253500
2025-04-22,CASY,CASY,457.8900146484375,463.4200134277344,453.3399963378906,458.8900146484375,456.3028869628906,509700
2025-04-23,CASY,CASY,467.0299987792969,467.0299987792969,449.5400085449219,455.3900146484375,452.8226318359375,341500
2025-04-24,CASY,CASY,453.989990234375,454.94000244140625,444.6300048828125,447.2900085449219,444.768310546875,332700
2025-04-25,CASY,CASY,447.1300048828125,450.75,443.07000732421875,447.3399963378906,444.8179626464844,419500
2025-04-28,CASY,CASY,450.17999267578125,455.3399963378906,447.42999267578125,454.2300109863281,451.6691589355469,291100
2025-04-29,CASY,CASY,452.79998779296875,464.4200134277344,451.80999755859375,463.3999938964844,460.7874450683594,257000
2025-04-30,CASY,CASY,461.5,463.70001220703125,455.510009765625,462.5899963378906,459.9820251464844,341900
2025-05-01,CASY,CASY,460.5400085449219,462.5899963378906,455.0199890136719,455.5400085449219,453.4618835449219,329000
2025-05-02,CASY,CASY,460.0199890136719,464.3599853515625,457.9700012207031,458.6499938964844,456.5577087402344,182800
2025-05-05,CASY,CASY,454.6099853515625,470.55999755859375,454.6099853515625,466.3800048828125,464.25244140625,285400
2025-05-06,CASY,CASY,462.6499938964844,467.7900085449219,462.6499938964844,467.20001220703125,465.0687255859375,254400
2025-05-07,CASY,CASY,467.4100036621094,474.9700012207031,465.82000732421875,465.9599914550781,463.8343811035156,251200
2025-05-08,CASY,CASY,465.0299987792969,471.7799987792969,450.30999755859375,452.5,450.4357604980469,471600
2025-05-09,CASY,CASY,451.0400085449219,456.239990234375,434.1499938964844,448.6600036621094,446.61328125,811300
2025-05-12,CASY,CASY,450.260009765625,454.9800109863281,434.7300109863281,436.79998779296875,434.8074035644531,666400
2025-05-13,CASY,CASY,436.79998779296875,440.2900085449219,430.6000061035156,432.79998779296875,430.82562255859375,446600
2025-05-14,CASY,CASY,431.5899963378906,435.2300109863281,430.6499938964844,430.8599853515625,428.89447021484375,294100
2025-05-15,CASY,CASY,430.6700134277344,445.9200134277344,430.0,442.42999267578125,440.4117126464844,374200
2025-05-16,CASY,CASY,442.42999267578125,456.489990234375,442.42999267578125,456.1499938964844,454.069091796875,376800
2025-05-19,CASY,CASY,450.8699951171875,456.75,450.8699951171875,456.0899963378906,454.0093994140625,230600
2025-05-20,CASY,CASY,455.9800109863281,460.32000732421875,455.9800109863281,458.6400146484375,456.5477600097656,238000
2025-05-21,CASY,CASY,454.3299865722656,456.25,448.2900085449219,450.42999267578125,448.37518310546875,325900
2025-05-22,CASY,CASY,449.9800109863281,452.3699951171875,443.7200012207031,444.04998779296875,442.0242919921875,203400
2025-05-23,CASY,CASY,442.0799865722656,448.1000061035156,441.6000061035156,445.7300109863281,443.6966552734375,225300
2025-05-27,CASY,CASY,446.9100036621094,449.9200134277344,444.7200012207031,447.5,445.4585876464844,501100
2025-05-28,CASY,CASY,447.5,451.6099853515625,444.79998779296875,447.510009765625,445.4685363769531,300300
2025-05-29,CASY,CASY,446.75,446.75,438.0,440.510009765625,438.5004577636719,403000
2025-05-30,CASY,CASY,440.7900085449219,448.4800109863281,437.5799865722656,437.760009765625,435.7630310058594,433800
2025-06-02,CASY,CASY,436.510009765625,443.5199890136719,435.4700012207031,440.0,437.9927673339844,801000
2025-06-03,CASY,CASY,438.6700134277344,444.3299865722656,433.1600036621094,438.67999267578125,436.6788330078125,421600
2025-06-04,CASY,CASY,439.260009765625,449.760009765625,436.0299987792969,448.25,446.20513916015625,563100
2025-06-05,CASY,CASY,448.4100036621094,450.489990234375,443.5299987792969,445.69000244140625,443.6568603515625,513700
2025-06-06,CASY,CASY,447.2099914550781,449.1199951171875,440.1099853515625,444.0400085449219,442.01434326171875,403600
2025-06-09,CASY,CASY,441.5899963378906,443.5,433.6300048828125,439.2900085449219,437.2860412597656,693500
2025-06-10,CASY,CASY,496.0199890136719,509.0799865722656,481.29998779296875,490.20001220703125,487.96380615234375,1341500
2025-06-11,CASY,CASY,490.989990234375,504.0799865722656,488.9100036621094,499.5299987792969,497.251220703125,706700
2025-06-12,CASY,CASY,500.8500061035156,507.30999755859375,495.0,506.989990234375,504.67718505859375,603800
2025-06-13,CASY,CASY,506.9599914550781,512.8800048828125,502.07000732421875,506.1600036621094,503.8509521484375,457900
2025-06-16,CASY,CASY,506.0,512.22998046875,505.0199890136719,506.3900146484375,504.0799560546875,466300
2025-06-17,CASY,CASY,505.739990234375,512.4199829101562,503.0,507.6300048828125,505.31427001953125,501100
2025-06-18,CASY,CASY,511.04998779296875,511.04998779296875,505.29998779296875,506.30999755859375,504.00030517578125,397100
2025-06-20,CASY,CASY,506.6700134277344,511.79998779296875,498.7200012207031,500.2699890136719,497.9878234863281,456600
2025-06-23,CASY,CASY,505.45001220703125,510.82000732421875,500.3299865722656,510.42999267578125,508.1014709472656,308400
2025-06-24,CASY,CASY,510.5,514.3200073242188,501.3699951171875,510.9100036621094,508.5793151855469,360600
2025-06-25,CASY,CASY,510.510009765625,511.010009765625,504.1099853515625,505.1300048828125,502.82568359375,286500
2025-06-26,CASY,CASY,507.04998779296875,509.2200012207031,501.0,504.010009765625,501.7107849121094,303300
2025-06-27,CASY,CASY,503.5299987792969,511.7099914550781,499.95001220703125,506.17999267578125,503.8708801269531,462900
2025-06-30,CASY,CASY,504.70001220703125,510.9100036621094,499.80999755859375,510.2699890136719,507.9422302246094,284700
2025-07-01,CASY,CASY,508.010009765625,512.780029296875,504.489990234375,510.6400146484375,508.3105773925781,398800
2025-07-02,CASY,CASY,509.3599853515625,511.75,505.010009765625,510.9200134277344,508.5892639160156,311600
2025-07-03,CASY,CASY,510.29998779296875,517.3099975585938,508.8900146484375,517.22998046875,514.8704833984375,173700
2025-07-07,CASY,CASY,517.22998046875,526.3300170898438,514.1400146484375,526.1599731445312,523.7597045898438,341800
2025-07-08,CASY,CASY,522.6400146484375,526.8200073242188,509.19000244140625,512.2999877929688,509.96295166015625,414000
2025-07-09,CASY,CASY,513.219970703125,522.7100219726562,508.25,522.3200073242188,519.9371948242188,352700
2025-07-10,CASY,CASY,521.0399780273438,526.719970703125,517.739990234375,523.5999755859375,521.2113647460938,380500
2025-07-11,CASY,CASY,523.5999755859375,526.6599731445312,514.3099975585938,516.5900268554688,514.2333374023438,274700
2025-07-14,CASY,CASY,517.4099731445312,526.469970703125,514.1199951171875,523.280029296875,520.8928833007812,256500
2025-07-15,CASY,CASY,522.5499877929688,524.2100219726562,517.3800048828125,517.6599731445312,515.2984619140625,225100
2025-07-16,CASY,CASY,520.6599731445312,521.6400146484375,515.0399780273438,517.7999877929688,515.4379272460938,222700
2025-07-17,CASY,CASY,519.719970703125,519.719970703125,508.6099853515625,515.6699829101562,513.3175659179688,250300
2025-07-18,CASY,CASY,516.6199951171875,518.5,506.69000244140625,510.25,507.92230224609375,214500
2025-07-21,CASY,CASY,510.19000244140625,520.0,510.19000244140625,518.260009765625,515.895751953125,278300
2025-07-22,CASY,CASY,520.3099975585938,526.0,519.1199951171875,523.4199829101562,521.0322875976562,264400
2025-07-23,CASY,CASY,523.3800048828125,530.1699829101562,519.6900024414062,524.0,521.6095581054688,456200
2025-07-24,CASY,CASY,524.0,529.0,519.0599975585938,526.0599975585938,523.66015625,271400
2025-07-25,CASY,CASY,527.8200073242188,531.239990234375,525.5,527.510009765625,525.1035766601562,280300
2025-07-28,CASY,CASY,525.5399780273438,530.5900268554688,523.5499877929688,525.0399780273438,522.6448364257812,327900
2025-07-29,CASY,CASY,524.1699829101562,527.75,519.7000122070312,521.9600219726562,519.5789184570312,254200
2025-07-30,CASY,CASY,522.969970703125,527.9299926757812,521.5599975585938,525.1199951171875,522.7244873046875,174400
2025-07-31,CASY,CASY,524.030029296875,530.5900268554688,518.8099975585938,520.1300048828125,517.7572021484375,258900
2025-08-01,CASY,CASY,519.3800048828125,524.52001953125,516.010009765625,522.780029296875,520.9661254882812,200000
2025-08-04,CASY,CASY,521.6099853515625,529.530029296875,520.27001953125,523.25,521.4345092773438,309800
2025-08-05,CASY,CASY,521.2899780273438,524.3400268554688,513.77001953125,514.75,512.9639282226562,237500
2025-08-06,CASY,CASY,514.1699829101562,522.2899780273438,514.1699829101562,521.489990234375,519.6805419921875,249400
2025-08-07,CASY,CASY,523.0,523.0,512.8099975585938,518.280029296875,516.4817504882812,219100
2025-08-08,CASY,CASY,520.2000122070312,523.9600219726562,517.1099853515625,518.969970703125,517.1692504882812,209400
2025-08-11,CASY,CASY,519.0599975585938,521.969970703125,513.8200073242188,515.780029296875,513.9904174804688,206900
2025-08-12,CASY,CASY,517.2999877929688,520.3300170898438,512.5399780273438,519.6500244140625,517.8469848632812,157600
2025-08-13,CASY,CASY,518.9099731445312,518.9099731445312,509.3299865722656,515.0900268554688,513.302734375,196300
2025-08-14,CASY,CASY,515.97998046875,522.22998046875,507.1499938964844,508.17999267578125,506.416748046875,243100
2025-08-15,CASY,CASY,508.55999755859375,509.7900085449219,505.0400085449219,507.8399963378906,506.0779113769531,194900
2025-08-18,CASY,CASY,506.5400085449219,510.5199890136719,505.9100036621094,506.20001220703125,504.443603515625,190700
2025-08-19,CASY,CASY,505.0,511.7200012207031,505.0,509.0400085449219,507.27374267578125,164100
2025-08-20,CASY,CASY,510.95001220703125,515.9099731445312,508.79998779296875,513.3900146484375,511.6086730957031,338100
2025-08-21,CASY,CASY,511.4599914550781,512.2100219726562,505.6499938964844,510.17999267578125,508.4097900390625,184600
2025-08-22,CASY,CASY,510.5199890136719,510.5199890136719,498.8699951171875,503.260009765625,501.5137939453125,301800
2025-08-25,CASY,CASY,502.3699951171875,503.42999267578125,496.17999267578125,496.6099853515625,494.8868408203125,173900
2025-08-26,CASY,CASY,498.9200134277344,505.6499938964844,493.9800109863281,496.7799987792969,495.0562744140625,268800
2025-08-27,CASY,CASY,496.30999755859375,500.0,491.0,498.2900085449219,496.5610656738281,243800
2025-08-28,CASY,CASY,498.5799865722656,498.5799865722656,490.0,496.0,494.27899169921875,169000
2025-08-29,CASY,CASY,497.7699890136719,497.7699890136719,490.0,494.5199890136719,492.80413818359375,242900
2025-09-02,CASY,CASY,490.8900146484375,498.7699890136719,490.5,497.9800109863281,496.25213623046875,342400
2025-09-03,CASY,CASY,497.57000732421875,501.1600036621094,493.70001220703125,499.6000061035156,497.86651611328125,203800
2025-09-04,CASY,CASY,501.7300109863281,501.7300109863281,494.6400146484375,498.17999267578125,496.4514465332031,217900
2025-09-05,CASY,CASY,499.29998779296875,506.70001220703125,498.3399963378906,505.6400146484375,503.88555908203125,281300
2025-09-08,CASY,CASY,516.1099853515625,523.0399780273438,505.6400146484375,521.5,519.6904907226562,1244200
2025-09-09,CASY,CASY,514.260009765625,543.2000122070312,505.29998779296875,541.2999877929688,539.4218139648438,1287200
2025-09-10,CASY,CASY,546.47998046875,549.2100219726562,529.3300170898438,538.5,536.631591796875,630200
2025-09-11,CASY,CASY,540.280029296875,557.3800048828125,540.280029296875,553.989990234375,552.0678100585938,501900
2025-09-12,CASY,CASY,554.75,559.3699951171875,549.1199951171875,553.8900146484375,551.9682006835938,315100
2025-09-15,CASY,CASY,554.280029296875,562.97998046875,552.4600219726562,554.9099731445312,552.9844970703125,331800
2025-09-16,CASY,CASY,554.8800048828125,565.7100219726562,548.6500244140625,561.1799926757812,559.2328491210938,582400
2025-09-17,CASY,CASY,565.719970703125,571.5700073242188,554.6500244140625,555.3099975585938,553.3831787109375,601700
2025-09-18,CASY,CASY,550.8099975585938,557.52001953125,541.3800048828125,543.7100219726562,541.823486328125,473400
2025-09-19,CASY,CASY,545.3599853515625,547.9500122070312,537.989990234375,547.0999755859375,545.20166015625,594200
2025-09-22,CASY,CASY,542.4400024414062,548.1799926757812,542.4400024414062,547.4500122070312,545.550537109375,321900
2025-09-23,CASY,CASY,549.5999755859375,556.02001953125,546.9400024414062,551.0800170898438,549.1678466796875,324300
2025-09-24,CASY,CASY,551.0,556.4400024414062,544.5,547.0499877929688,545.15185546875,215900
2025-09-25,CASY,CASY,545.1199951171875,547.9099731445312,542.4299926757812,543.1300048828125,541.2454223632812,232800
2025-09-26,CASY,CASY,545.6900024414062,549.47998046875,533.97998046875,547.5399780273438,545.64013671875,210900
2025-09-29,CASY,CASY,548.8400268554688,560.9500122070312,545.030029296875,560.9400024414062,558.99365234375,273200
2025-09-30,CASY,CASY,558.3599853515625,566.72998046875,558.0800170898438,565.3200073242188,563.3584594726562,234000
2025-10-01,CASY,CASY,564.0900268554688,569.3400268554688,558.6099853515625,559.1599731445312,557.2197875976562,310700
2025-10-02,CASY,CASY,555.3599853515625,564.1400146484375,555.3599853515625,561.4000244140625,559.4521484375,303500
2025-10-03,CASY,CASY,564.3699951171875,567.47998046875,554.77001953125,567.47998046875,565.5109252929688,181400
2025-10-06,CASY,CASY,565.4500122070312,566.3699951171875,557.4199829101562,558.8200073242188,556.8809814453125,231900
2025-10-07,CASY,CASY,559.0999755859375,565.3599853515625,547.260009765625,554.780029296875,552.8551025390625,201500
2025-10-08,CASY,CASY,554.5900268554688,555.0499877929688,549.2100219726562,553.739990234375,551.8186645507812,249500
2025-10-09,CASY,CASY,554.3900146484375,558.489990234375,546.489990234375,552.239990234375,550.3238525390625,349100
2025-10-10,CASY,CASY,552.6099853515625,558.7999877929688,552.030029296875,556.6699829101562,554.7384643554688,176700
2025-10-13,CASY,CASY,557.6099853515625,567.9299926757812,557.0,565.6199951171875,563.6574096679688,222800
2025-10-14,CASY,CASY,568.0700073242188,572.1799926757812,560.2000122070312,561.1900024414062,559.2427978515625,331700
2025-10-15,CASY,CASY,565.739990234375,571.8499755859375,561.3400268554688,564.1699829101562,562.2124633789062,369800
2025-10-16,CASY,CASY,562.3499755859375,563.9500122070312,555.8200073242188,561.3300170898438,559.3823852539062,261200
2025-10-17,CASY,CASY,564.1799926757812,567.7999877929688,557.4600219726562,567.0499877929688,565.08251953125,186500
2025-10-20,CASY,CASY,564.5700073242188,565.989990234375,558.0700073242188,564.4000244140625,562.4417114257812,259500
2025-10-21,CASY,CASY,565.219970703125,565.219970703125,547.5900268554688,548.1300048828125,546.2280883789062,249200
2025-10-22,CASY,CASY,549.280029296875,550.4099731445312,542.9099731445312,545.1500244140625,543.2584838867188,251000
2025-10-23,CASY,CASY,544.8499755859375,544.8499755859375,531.7999877929688,532.8699951171875,531.0211181640625,484400
2025-10-24,CASY,CASY,535.8200073242188,536.9299926757812,528.6199951171875,531.1400146484375,529.2970581054688,286700
2025-10-27,CASY,CASY,530.6500244140625,538.1400146484375,527.0800170898438,535.9500122070312,534.0903930664062,231100
2025-10-28,CASY,CASY,534.5,540.0,529.1400146484375,532.3800048828125,530.5327758789062,222200
2025-10-29,CASY,CASY,528.7999877929688,534.0399780273438,525.0999755859375,529.0900268554688,527.254150390625,228400
2025-10-30,CASY,CASY,526.2999877929688,527.0999755859375,516.0,518.5399780273438,516.7407836914062,421800
2025-10-31,CASY,CASY,512.7000122070312,515.8099975585938,497.3800048828125,513.1900024414062,511.97210693359375,479200
2025-11-03,CASY,CASY,511.4800109863281,517.1099853515625,501.9100036621094,513.6500244140625,512.4310302734375,365800
2025-11-04,CASY,CASY,512.3699951171875,524.9500122070312,511.32000732421875,522.9500122070312,521.708984375,335200
2025-11-05,CASY,CASY,523.6400146484375,534.0599975585938,517.5800170898438,525.6400146484375,524.3926391601562,365000
2025-11-06,CASY,CASY,522.6300048828125,525.0,513.0999755859375,523.0800170898438,521.8386840820312,243300
2025-11-07,CASY,CASY,523.27001953125,534.969970703125,519.4600219726562,533.5700073242188,532.3037719726562,202500
2025-11-10,CASY,CASY,533.760009765625,537.3200073242188,523.1400146484375,532.5399780273438,531.2761840820312,243000
2025-11-11,CASY,CASY,534.3599853515625,540.0999755859375,531.6300048828125,539.4600219726562,538.1798095703125,180300
2025-11-12,CASY,CASY,539.27001953125,543.239990234375,534.5700073242188,534.8800048828125,533.6106567382812,155300
2025-11-13,CASY,CASY,537.780029296875,541.1500244140625,531.3200073242188,536.6599731445312,535.3864135742188,312000
2025-11-14,CASY,CASY,536.0599975585938,546.7899780273438,534.3300170898438,538.1900024414062,536.9127807617188,295500
2025-11-17,CASY,CASY,539.4199829101562,543.6799926757812,535.3499755859375,536.3400268554688,535.0671997070312,341300
2025-11-18,CASY,CASY,536.3400268554688,550.1300048828125,535.0599975585938,548.3200073242188,547.018798828125,344400
2025-11-19,CASY,CASY,547.6400146484375,558.8800048828125,547.6400146484375,556.7100219726562,555.3888549804688,282100
2025-11-20,CASY,CASY,558.9099731445312,561.3400268554688,545.8800048828125,551.239990234375,549.9318237304688,270300
2025-11-21,CASY,CASY,551.260009765625,564.6099853515625,549.5900268554688,560.2999877929688,558.9703369140625,390700
2025-11-24,CASY,CASY,558.3699951171875,560.5499877929688,539.510009765625,540.7899780273438,539.5066528320312,420200
2025-11-25,CASY,CASY,544.47998046875,566.030029296875,542.0,565.4400024414062,564.09814453125,319900
2025-11-26,CASY,CASY,565.6300048828125,572.75,563.510009765625,571.1799926757812,569.824462890625,245500
2025-11-28,CASY,CASY,570.989990234375,573.760009765625,568.22998046875,570.4600219726562,569.106201171875,104800
2025-12-01,CASY,CASY,572.3900146484375,573.5999755859375,565.0,569.1300048828125,567.7794189453125,278500
2025-12-02,CASY,CASY,572.8800048828125,572.8800048828125,564.8499755859375,566.8099975585938,565.46484375,221200
2025-12-03,CASY,CASY,562.7999877929688,570.0,554.0900268554688,555.2999877929688,553.982177734375,237800
2025-12-04,CASY,CASY,555.2999877929688,565.3800048828125,555.0800170898438,563.1500244140625,561.8135986328125,377600
2025-12-05,CASY,CASY,563.1699829101562,569.4400024414062,557.0,567.030029296875,565.6843872070312,276600
2025-12-08,CASY,CASY,569.0399780273438,569.72998046875,560.260009765625,566.52001953125,565.1755981445312,301900
2025-12-09,CASY,CASY,566.7100219726562,568.9000244140625,554.0999755859375,563.239990234375,561.9033813476562,537800
2025-12-10,CASY,CASY,538.5499877929688,569.3900146484375,529.8400268554688,533.1799926757812,531.9146728515625,740600
2025-12-11,CASY,CASY,535.2000122070312,547.8900146484375,531.1300048828125,542.6799926757812,541.3921508789062,367800
2025-12-12,CASY,CASY,543.02001953125,546.989990234375,533.5,540.0700073242188,538.7883911132812,240600
2025-12-15,CASY,CASY,542.5599975585938,549.4099731445312,538.989990234375,546.9199829101562,545.6220703125,395300
2025-12-16,CASY,CASY,547.0399780273438,553.9500122070312,542.27001953125,552.8200073242188,551.508056640625,308700
2025-12-17,CASY,CASY,552.8200073242188,558.760009765625,551.4099731445312,554.72998046875,553.4135131835938,224700
2025-12-18,CASY,CASY,553.0,559.97998046875,541.1199951171875,547.5399780273438,546.2406005859375,348400
2025-12-19,CASY,CASY,546.1300048828125,559.52001953125,544.0599975585938,558.489990234375,557.1646118164062,529900
2025-12-22,CASY,CASY,559.219970703125,574.6799926757812,557.5,573.5800170898438,572.2188720703125,295600
2025-12-23,CASY,CASY,573.47998046875,575.97998046875,564.760009765625,566.97998046875,565.6344604492188,262400
2025-12-24,CASY,CASY,566.760009765625,571.3599853515625,566.760009765625,567.8300170898438,566.4824829101562,121700
2025-12-26,CASY,CASY,567.760009765625,573.989990234375,565.3300170898438,568.7999877929688,567.4501953125,146000
2025-12-29,CASY,CASY,567.2000122070312,575.969970703125,565.25,566.9400024414062,565.5945434570312,197600
2025-12-30,CASY,CASY,563.1900024414062,569.7999877929688,560.5700073242188,561.5999755859375,560.2672729492188,199400
2025-12-31,CASY,CASY,560.6099853515625,563.219970703125,552.25,552.7100219726562,551.3983764648438,212700
2026-01-02,CASY,CASY,551.8300170898438,559.7100219726562,551.4099731445312,556.260009765625,554.9398803710938,184200
2026-01-05,CASY,CASY,552.8400268554688,569.1300048828125,552.8400268554688,564.260009765625,562.9208984375,292800
2026-01-06,CASY,CASY,565.5800170898438,567.5,557.010009765625,563.8400268554688,562.501953125,231900
2026-01-07,CASY,CASY,566.1199951171875,574.0,564.4099731445312,573.6099853515625,572.2487182617188,226300
2026-01-08,CASY,CASY,576.3699951171875,592.1799926757812,575.219970703125,586.3800048828125,584.9884033203125,371800
2026-01-09,CASY,CASY,590.0999755859375,603.4600219726562,588.02001953125,593.7999877929688,592.3908081054688,389400
2026-01-12,CASY,CASY,593.0399780273438,610.0900268554688,593.0,602.4500122070312,601.0203247070312,324800
2026-01-13,CASY,CASY,603.489990234375,607.8499755859375,600.0,604.6300048828125,603.195068359375,331500
2026-01-14,CASY,CASY,609.5999755859375,622.0,604.510009765625,616.2999877929688,614.83740234375,324700
2026-01-15,CASY,CASY,619.8499755859375,641.1199951171875,614.2000122070312,637.3699951171875,635.857421875,560900
2026-01-16,CASY,CASY,633.4600219726562,641.1199951171875,630.0,640.4099731445312,638.8901977539062,433000
2026-01-20,CASY,CASY,642.3300170898438,647.989990234375,636.4500122070312,638.5700073242188,637.0545654296875,520900
2026-01-21,CASY,CASY,632.0599975585938,637.8300170898438,621.1099853515625,625.4199829101562,623.935791015625,442400
2026-01-22,CASY,CASY,625.9500122070312,632.47998046875,614.1199951171875,618.8099975585938,617.3414916992188,409600
2026-01-23,CASY,CASY,618.7000122070312,623.4099731445312,613.6300048828125,623.3300170898438,621.8507690429688,237100
2026-01-26,CASY,CASY,625.219970703125,628.0,611.1400146484375,617.1199951171875,615.6554565429688,275100
2026-01-27,CASY,CASY,618.9199829101562,623.8099975585938,612.5399780273438,617.0399780273438,615.5756225585938,236400
2026-01-28,CASY,CASY,615.010009765625,617.25,608.0,615.2899780273438,613.829833984375,195300
2026-01-29,CASY,CASY,615.2999877929688,615.3499755859375,601.6900024414062,611.3200073242188,609.8692016601562,287400
2026-01-30,CASY,CASY,605.72998046875,613.3099975585938,603.4000244140625,606.5,605.6254272460938,322400
2026-02-02,CASY,CASY,607.8200073242188,625.9099731445312,606.0,625.8599853515625,624.9574584960938,288100
2026-02-03,CASY,CASY,626.4099731445312,644.0,623.780029296875,641.3699951171875,640.445068359375,376000
2026-02-04,CASY,CASY,643.530029296875,658.27001953125,635.0,647.760009765625,646.8258666992188,512300
2026-02-05,CASY,CASY,648.8300170898438,658.2899780273438,641.1400146484375,653.02001953125,652.0783081054688,351700
2026-02-06,CASY,CASY,651.7899780273438,664.4099731445312,651.7899780273438,660.9000244140625,659.9469604492188,430000
2026-02-09,CASY,CASY,663.3300170898438,666.280029296875,652.52001953125,658.9600219726562,658.009765625,290500
2026-02-10,CASY,CASY,660.7999877929688,661.3499755859375,652.97998046875,653.719970703125,652.7772216796875,397200
2026-02-11,CASY,CASY,656.4500122070312,661.5,642.7899780273438,648.7899780273438,647.8543701171875,316700
2026-02-12,CASY,CASY,654.3900146484375,678.6699829101562,653.5,663.8800048828125,662.9226684570312,495500
2026-02-13,CASY,CASY,665.0399780273438,674.25,659.280029296875,665.8599853515625,664.8997192382812,329000
2026-02-17,CASY,CASY,665.9199829101562,673.530029296875,655.7100219726562,661.530029296875,660.5759887695312,229600
2026-02-18,CASY,CASY,662.9500122070312,671.1599731445312,654.3599853515625,657.6799926757812,656.7315673828125,287200
2026-02-19,CASY,CASY,657.489990234375,665.760009765625,655.6699829101562,663.1099853515625,662.1536865234375,328200
2026-02-20,CASY,CASY,663.0599975585938,670.2000122070312,656.3900146484375,667.219970703125,666.2578125,237600
2026-02-23,CASY,CASY,667.1099853515625,674.3200073242188,658.2999877929688,671.75,670.78125,316400
2026-02-24,CASY,CASY,674.989990234375,684.6099853515625,669.5499877929688,681.47998046875,680.4972534179688,269100
2026-02-25,CASY,CASY,683.6300048828125,685.5399780273438,670.260009765625,675.739990234375,674.7655029296875,285700
2026-02-26,CASY,CASY,676.3599853515625,685.7899780273438,674.0399780273438,682.3499755859375,681.365966796875,253900
2026-02-27,CASY,CASY,681.9199829101562,690.0,680.47998046875,685.5900268554688,684.601318359375,2365200
2026-03-02,CASY,CASY,681.8400268554688,687.5900268554688,676.3099975585938,687.010009765625,686.019287109375,414500
2026-03-03,CASY,CASY,681.3300170898438,686.4500122070312,658.0499877929688,678.219970703125,677.241943359375,395300
2026-03-04,CASY,CASY,678.219970703125,684.0700073242188,669.8599853515625,683.8900146484375,682.9037475585938,354200
2026-03-05,CASY,CASY,675.9600219726562,678.7999877929688,665.0,670.9099731445312,669.9424438476562,661400
2026-03-06,CASY,CASY,662.6099853515625,674.7000122070312,660.6900024414062,664.5999755859375,663.6416015625,588800
2026-03-09,CASY,CASY,658.75,665.3200073242188,627.489990234375,664.5399780273438,663.5816650390625,982600
2026-03-10,CASY,CASY,651.02001953125,693.5999755859375,648.9500122070312,689.9199829101562,688.925048828125,688400
2026-03-11,CASY,CASY,689.22998046875,696.6599731445312,680.0700073242188,685.0,684.01220703125,610700
2026-03-12,CASY,CASY,683.97998046875,683.97998046875,668.8800048828125,673.8099975585938,672.8383178710938,390400
2026-03-13,CASY,CASY,681.8400268554688,690.0999755859375,660.010009765625,660.8699951171875,659.9169921875,443400
2026-03-16,CASY,CASY,668.3800048828125,676.8900146484375,661.0,673.27001953125,672.299072265625,294600
2026-03-17,CASY,CASY,673.3099975585938,694.9299926757812,673.3099975585938,691.780029296875,690.7824096679688,360000
2026-03-18,CASY,CASY,688.010009765625,688.5700073242188,666.8900146484375,669.52001953125,668.5545043945312,328200
2026-03-19,CASY,CASY,668.1199951171875,675.0,662.760009765625,665.1599731445312,664.2007446289062,519400
2026-03-20,CASY,CASY,665.010009765625,670.510009765625,651.0,659.6300048828125,658.6787719726562,479400
2026-03-23,CASY,CASY,673.6599731445312,680.3400268554688,663.5,677.02001953125,676.0436401367188,345800
2026-03-24,CASY,CASY,671.260009765625,694.47998046875,671.260009765625,689.0399780273438,688.0463256835938,532100
2026-03-25,CASY,CASY,689.6599731445312,721.5,689.6599731445312,714.22998046875,713.2000122070312,765000
2026-03-26,CASY,CASY,709.0499877929688,720.4299926757812,704.5,711.8099975585938,710.7835083007812,453200
2026-03-27,CASY,CASY,708.1500244140625,716.280029296875,703.2999877929688,714.239990234375,713.2100219726562,295900
2026-03-30,CASY,CASY,712.75,715.5,700.0,704.7999877929688,703.7836303710938,338700
2026-03-31,CASY,CASY,704.7999877929688,728.5399780273438,704.7999877929688,727.8599853515625,726.8103637695312,586200
2026-04-01,CASY,CASY,726.8400268554688,738.0,722.9099731445312,737.1599731445312,736.096923828125,684500
2026-04-02,CASY,CASY,735.4000244140625,746.5700073242188,727.3200073242188,743.4199829101562,742.347900390625,368100
2026-04-06,CASY,CASY,743.1900024414062,753.4099731445312,740.6400146484375,747.77001953125,746.691650390625,312400
2026-04-07,CASY,CASY,757.25,757.25,738.5999755859375,741.8200073242188,740.7501831054688,710700
2026-04-08,CASY,CASY,749.8499755859375,762.510009765625,737.9500122070312,758.3699951171875,757.2763061523438,8688600
2026-04-09,CASY,CASY,753.5900268554688,774.22998046875,751.3300170898438,758.760009765625,757.6658325195312,707700
2026-04-10,CASY,CASY,760.02001953125,762.5999755859375,730.2000122070312,738.1699829101562,737.10546875,574100
2026-04-13,CASY,CASY,737.2899780273438,737.2899780273438,729.1900024414062,735.0,733.9400634765625,426700
2026-04-14,CASY,CASY,733.530029296875,743.72998046875,730.25,742.4500122070312,741.3793334960938,373800
2026-04-15,CASY,CASY,738.030029296875,744.5700073242188,730.0,736.8300170898438,735.7674560546875,295600
2026-04-16,CASY,CASY,738.22998046875,742.75,731.6500244140625,737.219970703125,736.1568603515625,400000
2026-04-17,CASY,CASY,738.989990234375,758.7100219726562,735.0900268554688,754.719970703125,753.631591796875,369400
2026-04-20,CASY,CASY,760.22998046875,770.3300170898438,752.739990234375,768.4500122070312,767.3418579101562,331600
2026-04-21,CASY,CASY,766.5599975585938,784.2000122070312,765.0,781.8200073242188,780.6925659179688,305900
2026-04-22,CASY,CASY,786.1300048828125,787.3599853515625,774.4400024414062,782.9099731445312,781.7809448242188,286000
2026-04-23,CASY,CASY,786.3900146484375,798.4600219726562,780.8599853515625,789.8200073242188,788.6810302734375,398200
2026-04-24,CASY,CASY,798.3499755859375,802.5599975585938,789.9000244140625,799.5499877929688,798.39697265625,372900
2026-04-27,CASY,CASY,803.5800170898438,806.489990234375,791.3900146484375,804.5,803.33984375,352300
2026-04-28,CASY,CASY,802.2100219726562,804.27001953125,777.0499877929688,784.6099853515625,783.478515625,339700
2026-04-29,CASY,CASY,786.0700073242188,786.47998046875,771.4400024414062,781.5,780.373046875,263100
2026-04-30,CASY,CASY,788.2899780273438,823.6099853515625,788.2899780273438,822.1500244140625,820.9644165039062,411600
2026-05-01,CASY,CASY,822.0,836.7100219726562,821.0,835.9199829101562,835.2936401367188,377500
2026-05-04,CASY,CASY,833.75,857.8599853515625,831.3599853515625,852.6300048828125,851.9911499023438,397400
2026-05-05,CASY,CASY,856.010009765625,867.5599975585938,854.1400146484375,862.3499755859375,861.7037963867188,338000
2026-05-06,CASY,CASY,864.989990234375,865.0900268554688,848.0,858.1400146484375,857.4970092773438,365600
2026-05-07,CASY,CASY,853.6900024414062,859.6900024414062,832.3499755859375,850.9500122070312,850.3123779296875,422800
2026-05-08,CASY,CASY,860.3699951171875,868.0800170898438,855.72998046875,859.489990234375,858.8460083007812,256900
2026-05-11,CASY,CASY,864.8499755859375,877.530029296875,859.6599731445312,877.0700073242188,876.412841796875,370700
2026-05-12,CASY,CASY,876.7000122070312,879.25,863.25,867.1900024414062,866.5402221679688,475000
2026-05-13,CASY,CASY,871.969970703125,889.989990234375,868.4400024414062,888.3599853515625,887.6943359375,388500
2026-05-14,CASY,CASY,890.0,901.0,876.530029296875,877.47998046875,876.822509765625,446500
2026-05-15,CASY,CASY,873.2899780273438,879.989990234375,844.739990234375,852.75,852.1110229492188,793800
2026-05-18,CASY,CASY,863.1699829101562,868.9600219726562,851.4099731445312,855.8699951171875,855.2286987304688,371100
2026-05-19,CASY,CASY,851.0999755859375,856.4400024414062,838.219970703125,852.1500244140625,851.5115356445312,335900
2026-05-20,CASY,CASY,858.3099975585938,877.6699829101562,852.1699829101562,852.510009765625,851.8712158203125,364400
2026-05-21,CASY,CASY,843.3800048828125,847.2999877929688,809.4500122070312,824.7999877929688,824.1819458007812,564700
2026-05-22,CASY,CASY,825.0,834.2000122070312,813.5399780273438,825.02001953125,824.40185546875,487200
2026-05-26,CASY,CASY,827.5800170898438,832.7000122070312,807.6099853515625,809.4099731445312,808.803466796875,561800
2026-05-27,CASY,CASY,809.4099731445312,816.5499877929688,779.3800048828125,784.3800048828125,783.7922973632812,733700
2026-05-28,CASY,CASY,792.8800048828125,802.5800170898438,768.5499877929688,780.969970703125,780.3848266601562,679100
2026-05-29,CASY,CASY,777.5399780273438,784.2899780273438,754.0900268554688,767.1400146484375,766.565185546875,1061400
2026-06-01,CASY,CASY,759.1799926757812,770.0,739.1799926757812,745.5800170898438,745.0213623046875,638600
2026-06-02,CASY,CASY,742.510009765625,764.0,740.0,754.2100219726562,753.6448974609375,420800
2026-06-03,CASY,CASY,754.6599731445312,789.2999877929688,752.7000122070312,774.1900024414062,773.6099243164062,544700
2026-06-04,CASY,CASY,775.97998046875,780.3400268554688,757.5800170898438,761.5700073242188,760.9993896484375,448000
2026-06-05,CASY,CASY,760.6799926757812,771.4400024414062,759.1699829101562,761.9099731445312,761.339111328125,434900
2026-06-08,CASY,CASY,758.97998046875,765.0,750.3499755859375,751.6300048828125,751.0668334960938,503400
2026-06-09,CASY,CASY,756.7100219726562,768.3499755859375,749.4500122070312,761.1799926757812,760.609619140625,1023700
2026-06-10,CASY,CASY,800.6500244140625,917.469970703125,793.010009765625,915.5999755859375,914.9139404296875,2010600
2026-06-11,CASY,CASY,919.1900024414062,927.8499755859375,890.0,916.280029296875,915.5934448242188,892900
2026-06-12,CASY,CASY,920.0,927.2999877929688,885.4400024414062,895.1400146484375,894.4692993164062,491100
2026-06-15,CASY,CASY,900.6500244140625,900.6500244140625,853.4500122070312,872.3900146484375,871.736328125,582900
2026-06-16,CASY,CASY,873.1699829101562,887.3900146484375,863.010009765625,865.280029296875,864.6317138671875,408900
2026-06-17,CASY,CASY,860.6199951171875,865.75,840.0,850.8499755859375,850.2124633789062,407500
2026-06-18,CASY,CASY,859.5599975585938,862.3800048828125,832.5,842.25,841.618896484375,788900
2026-06-22,CASY,CASY,845.0,845.0,830.5599975585938,831.6699829101562,831.0468139648438,378200
2026-06-23,CASY,CASY,835.010009765625,839.510009765625,826.0,831.8900146484375,831.2666625976562,441400
2026-06-24,CASY,CASY,833.4099731445312,835.6300048828125,762.760009765625,801.3499755859375,800.74951171875,901200
2026-06-25,CASY,CASY,800.0,801.0,777.3300170898438,784.7100219726562,784.1220703125,708300
2026-06-26,CASY,CASY,786.780029296875,793.6400146484375,763.25,778.6300048828125,778.0465698242188,1426500
2026-06-29,CASY,CASY,792.8099975585938,804.6599731445312,765.6199951171875,780.239990234375,779.6553344726562,751100
2026-06-30,CASY,CASY,785.1799926757812,799.9299926757812,765.030029296875,794.7899780273438,794.1944580078125,645000
2026-07-01,CASY,CASY,793.5900268554688,793.5900268554688,771.6099853515625,784.280029296875,783.6923828125,507000
2026-07-02,CASY,CASY,784.280029296875,799.1599731445312,781.22998046875,797.4199829101562,796.822509765625,517400
2026-07-06,CASY,CASY,800.0,810.0,792.8800048828125,807.1799926757812,806.5751953125,518900
2026-07-07,CASY,CASY,814.1699829101562,820.0900268554688,792.3200073242188,801.989990234375,801.3890380859375,538000
2026-07-08,CASY,CASY,810.010009765625,844.47998046875,804.5399780273438,843.0999755859375,842.46826171875,777600
2026-07-09,CASY,CASY,841.7000122070312,845.0,819.9500122070312,822.0,821.3840942382812,377400
2026-07-10,CASY,CASY,825.0499877929688,830.0,813.3800048828125,819.8300170898438,819.2156982421875,272100
2026-07-13,CASY,CASY,830.7100219726562,862.2899780273438,827.0,859.0999755859375,858.4562377929688,505500
2026-07-14,CASY,CASY,867.97998046875,869.989990234375,845.1099853515625,847.1900024414062,846.5552368164062,405100
2026-07-15,CASY,CASY,846.0,847.1699829101562,805.6300048828125,808.489990234375,807.8842163085938,344800
2026-07-16,CASY,CASY,805.6699829101562,832.0,805.6699829101562,827.0399780273438,826.4202880859375,238700
2026-07-17,CASY,CASY,834.4600219726562,862.6699829101562,820.0,859.1199951171875,858.4762573242188,332800
2026-07-20,CASY,CASY,861.5800170898438,873.0499877929688,859.1300048828125,866.4600219726562,865.810791015625,266600
2026-07-21,CASY,CASY,874.010009765625,874.010009765625,857.5,858.260009765625,857.616943359375,301600
2026-07-22,CASY,CASY,863.8599853515625,869.969970703125,856.489990234375,856.739990234375,856.0980224609375,169800
2026-07-23,CASY,CASY,849.5599975585938,880.1400146484375,840.0,875.25,874.5941772460938,372600
2026-07-24,CASY,CASY,880.0,882.77001953125,848.6199951171875,861.6300048828125,860.984375,250100
2026-07-27,CASY,CASY,867.4299926757812,867.4299926757812,840.4199829101562,853.3800048828125,852.7406005859375,292000
2026-07-28,CASY,CASY,867.0,878.510009765625,854.219970703125,856.8599853515625,856.2179565429688,388900
2026-07-29,CASY,CASY,858.1500244140625,885.489990234375,858.1500244140625,867.1599731445312,866.5101928710938,349900
2026-07-30,CASY,CASY,867.1900024414062,879.0,858.3499755859375,867.5,866.8499755859375,236500
2026-07-31,CASY,CASY,867.0599975585938,879.6599731445312,863.6699829101562,871.0,871.0,218800
2026-08-03,CASY,CASY,868.52001953125,872.489990234375,848.0599975585938,860.3699951171875,860.3699951171875,269900
2026-08-04,CASY,CASY,859.6599731445312,868.5900268554688,850.2100219726562,850.6599731445312,850.6599731445312,376400
2026-08-05,CASY,CASY,856.2000122070312,863.1799926757812,841.3400268554688,852.8599853515625,852.8599853515625,290700
2026-08-06,CASY,CASY,860.780029296875,866.0,811.1900024414062,832.4199829101562,832.4199829101562,323800
2026-08-07,CASY,CASY,826.469970703125,837.5999755859375,818.4199829101562,833.9500122070312,833.9500122070312,270000
2026-08-10,CASY,CASY,825.280029296875,855.0499877929688,825.280029296875,854.4600219726562,854.4600219726562,383800
2026-08-11,CASY,CASY,844.4000244140625,859.97998046875,827.6799926757812,829.9099731445312,829.9099731445312,246100
2026-08-12,CASY,CASY,826.4299926757812,841.7999877929688,825.5900268554688,839.030029296875,839.030029296875,227100
2026-08-13,CASY,CASY,843.1199951171875,856.3300170898438,839.7000122070312,853.780029296875,853.780029296875,258700
2026-08-14,CASY,CASY,854.1699829101562,857.7899780273438,844.9299926757812,846.4500122070312,846.4500122070312,242700
2026-08-17,CASY,CASY,846.6400146484375,875.0499877929688,842.02001953125,870.010009765625,870.010009765625,334200
2026-08-18,CASY,CASY,870.6199951171875,882.6799926757812,851.8400268554688,855.0,855.0,269400
2026-08-19,CASY,CASY,854.1900024414062,868.010009765625,833.5999755859375,836.1500244140625,836.1500244140625,267500
2026-08-20,CASY,CASY,822.0,839.0499877929688,817.969970703125,828.3800048828125,828.3800048828125,306600
2026-08-21,CASY,CASY,839.780029296875,839.780029296875,824.0,835.739990234375,835.739990234375,349300
2026-08-24,CASY,CASY,842.489990234375,856.3400268554688,834.469970703125,854.2100219726562,854.2100219726562,202500
2026-08-25,CASY,CASY,855.7999877929688,860.0,820.2100219726562,824.9199829101562,824.9199829101562,260000
2026-08-26,CASY,CASY,822.489990234375,827.6300048828125,806.5,807.1199951171875,807.1199951171875,224400
2026-08-27,CASY,CASY,799.3599853515625,803.510009765625,762.0399780273438,763.3800048828125,763.3800048828125,454500
2026-08-28,CASY,CASY,760.0,762.9600219726562,740.0,755.469970703125,755.469970703125,442100
2026-08-31,CASY,CASY,756.3400268554688,764.1799926757812,747.1599731445312,752.2100219726562,752.2100219726562,419800
2026-09-01,CASY,CASY,758.8800048828125,778.5900268554688,753.27001953125,766.9099731445312,766.9099731445312,433500
2026-09-02,CASY,CASY,763.6599731445312,766.6099853515625,745.739990234375,753.5900268554688,753.5900268554688,376600
2026-09-03,CASY,CASY,750.9400024414062,765.75,740.2100219726562,758.4199829101562,758.4199829101562,374300
2026-09-04,CASY,CASY,751.260009765625,767.0,747.280029296875,756.0900268554688,756.0900268554688,405200
