Date,Symbol,DownloadSymbol,Open,High,Low,Close,Adj Close,Volume
2019-05-24,CTVA,CTVA,29.75,32.0,28.5,29.0,26.491384506225586,44000
2019-05-28,CTVA,CTVA,29.25,30.5,28.510000228881836,28.764999389648438,26.27671241760254,61500
2019-05-29,CTVA,CTVA,29.899999618530273,29.899999618530273,27.65999984741211,28.5,26.03464126586914,207800
2019-05-30,CTVA,CTVA,28.989999771118164,29.15999984741211,28.219999313354492,28.799999237060547,26.308687210083008,666000
2019-05-31,CTVA,CTVA,28.5,28.59000015258789,26.969999313354492,26.969999313354492,24.636993408203125,853800
2019-06-03,CTVA,CTVA,26.540000915527344,27.0,24.3700008392334,24.809999465942383,22.663843154907227,19259600
2019-06-04,CTVA,CTVA,24.350000381469727,27.940000534057617,24.350000381469727,27.75,25.349517822265625,20135100
2019-06-05,CTVA,CTVA,27.540000915527344,28.219999313354492,26.459999084472656,28.010000228881836,25.58702278137207,10740200
2019-06-06,CTVA,CTVA,27.690000534057617,27.690000534057617,26.229999542236328,26.899999618530273,24.573049545288086,13986100
2019-06-07,CTVA,CTVA,26.170000076293945,26.93000030517578,25.71500015258789,26.309999465942383,24.034080505371094,10049100
2019-06-10,CTVA,CTVA,26.06999969482422,26.739999771118164,25.1200008392334,25.309999465942383,23.120580673217773,10247200
2019-06-11,CTVA,CTVA,25.010000228881836,25.360000610351562,24.530000686645508,24.950000762939453,22.791725158691406,11641200
2019-06-12,CTVA,CTVA,25.110000610351562,25.450000762939453,24.479999542236328,25.06999969482422,22.901348114013672,13392000
2019-06-13,CTVA,CTVA,25.059999465942383,25.190000534057617,24.700000762939453,24.969999313354492,22.809995651245117,9710800
2019-06-14,CTVA,CTVA,24.760000228881836,25.239999771118164,24.549999237060547,25.190000534057617,23.010969161987305,7036800
2019-06-17,CTVA,CTVA,25.530000686645508,26.899999618530273,25.450000762939453,25.950000762939453,23.705223083496094,13710100
2019-06-18,CTVA,CTVA,26.030000686645508,27.56999969482422,25.75,27.299999237060547,24.938438415527344,14485400
2019-06-19,CTVA,CTVA,27.479999542236328,27.479999542236328,26.8700008392334,27.149999618530273,24.80141830444336,10228800
2019-06-20,CTVA,CTVA,27.3700008392334,27.600000381469727,26.420000076293945,27.15999984741211,24.81056022644043,7728000
2019-06-21,CTVA,CTVA,26.8700008392334,27.709999084472656,26.8700008392334,27.209999084472656,24.856229782104492,12548900
2019-06-24,CTVA,CTVA,27.139999389648438,28.450000762939453,27.05299949645996,28.010000228881836,25.58702278137207,6494900
2019-06-25,CTVA,CTVA,28.020000457763672,28.09000015258789,27.479999542236328,27.670000076293945,25.27643585205078,6698600
2019-06-26,CTVA,CTVA,27.93000030517578,29.375,27.850000381469727,29.260000228881836,26.728899002075195,6735100
2019-06-27,CTVA,CTVA,29.3799991607666,30.329999923706055,29.260000228881836,29.56999969482422,27.012081146240234,5879600
2019-06-28,CTVA,CTVA,29.600000381469727,29.75,29.260000228881836,29.56999969482422,27.012081146240234,15517800
2019-07-01,CTVA,CTVA,29.579999923706055,30.75,28.950000762939453,29.68000030517578,27.112565994262695,5272900
2019-07-02,CTVA,CTVA,29.5,29.600000381469727,28.139999389648438,28.989999771118164,26.482257843017578,5438300
2019-07-03,CTVA,CTVA,28.780000686645508,28.899999618530273,28.200000762939453,28.799999237060547,26.308687210083008,2234900
2019-07-05,CTVA,CTVA,28.450000762939453,29.31999969482422,28.260000228881836,28.639999389648438,26.16252899169922,2888200
2019-07-08,CTVA,CTVA,28.389999389648438,28.389999389648438,27.639999389648438,27.770000457763672,25.36779022216797,3478600
2019-07-09,CTVA,CTVA,27.469999313354492,27.770000457763672,26.829999923706055,26.989999771118164,24.655261993408203,5285700
2019-07-10,CTVA,CTVA,26.809999465942383,27.0,26.440000534057617,26.5,24.20764923095703,5133700
2019-07-11,CTVA,CTVA,26.549999237060547,26.799999237060547,25.959999084472656,26.43000030517578,24.143705368041992,6066200
2019-07-12,CTVA,CTVA,26.420000076293945,27.729999542236328,26.260000228881836,27.600000381469727,25.212493896484375,5154500
2019-07-15,CTVA,CTVA,27.40999984741211,28.270000457763672,27.399999618530273,28.079999923706055,25.650970458984375,3443100
2019-07-16,CTVA,CTVA,27.93000030517578,28.5,27.71500015258789,27.860000610351562,25.450000762939453,3735900
2019-07-17,CTVA,CTVA,27.600000381469727,27.709999084472656,26.850000381469727,26.8799991607666,24.554777145385742,3999300
2019-07-18,CTVA,CTVA,26.579999923706055,26.979999542236328,26.413000106811523,26.649999618530273,24.34467124938965,3009800
2019-07-19,CTVA,CTVA,26.790000915527344,27.479999542236328,26.639999389648438,27.389999389648438,25.020660400390625,4694800
2019-07-22,CTVA,CTVA,27.34000015258789,27.850000381469727,27.209999084472656,27.760000228881836,25.358657836914062,2546100
2019-07-23,CTVA,CTVA,27.649999618530273,28.479999542236328,27.450000762939453,28.1200008392334,25.68751335144043,2921400
2019-07-24,CTVA,CTVA,27.770000457763672,28.520000457763672,27.6299991607666,28.31999969482422,25.870216369628906,2311800
2019-07-25,CTVA,CTVA,28.100000381469727,28.399999618530273,27.75,28.020000457763672,25.596162796020508,3532200
2019-07-26,CTVA,CTVA,27.719999313354492,28.524999618530273,27.649999618530273,28.479999542236328,26.016368865966797,3052700
2019-07-29,CTVA,CTVA,28.360000610351562,28.950000762939453,28.31999969482422,28.780000686645508,26.290416717529297,6245200
2019-07-30,CTVA,CTVA,28.0,29.290000915527344,27.799999237060547,29.1299991607666,26.73088836669922,7142300
2019-07-31,CTVA,CTVA,29.100000381469727,30.149999618530273,28.709999084472656,29.5,27.070415496826172,7662000
2019-08-01,CTVA,CTVA,29.5,32.779998779296875,29.309999465942383,31.25,28.676288604736328,11564200
2019-08-02,CTVA,CTVA,30.940000534057617,31.540000915527344,30.850000381469727,31.459999084472656,28.86899185180664,7305800
2019-08-05,CTVA,CTVA,30.6299991607666,30.969999313354492,29.639999389648438,29.899999618530273,27.437475204467773,5552500
2019-08-06,CTVA,CTVA,30.059999465942383,30.219999313354492,29.469999313354492,30.049999237060547,27.575119018554688,5355900
2019-08-07,CTVA,CTVA,29.579999923706055,30.829999923706055,29.43000030517578,30.639999389648438,28.116525650024414,4925200
2019-08-08,CTVA,CTVA,30.709999084472656,31.790000915527344,30.670000076293945,31.610000610351562,29.006643295288086,3962600
2019-08-09,CTVA,CTVA,31.940000534057617,32.0,31.219999313354492,31.6299991607666,29.02499008178711,4753200
2019-08-12,CTVA,CTVA,31.489999771118164,31.829999923706055,29.510000228881836,29.6299991607666,27.189706802368164,7112500
2019-08-13,CTVA,CTVA,29.329999923706055,30.149999618530273,29.190000534057617,29.600000381469727,27.16217613220215,6855400
2019-08-14,CTVA,CTVA,29.1200008392334,29.360000610351562,28.280000686645508,28.34000015258789,26.005950927734375,4580100
2019-08-15,CTVA,CTVA,28.93000030517578,29.229999542236328,27.93000030517578,28.420000076293945,26.079364776611328,3561600
2019-08-16,CTVA,CTVA,28.690000534057617,30.309999465942383,28.559999465942383,30.239999771118164,27.749469757080078,4285100
2019-08-19,CTVA,CTVA,30.75,30.84000015258789,30.25,30.56999969482422,28.052295684814453,4207300
2019-08-20,CTVA,CTVA,30.6200008392334,30.68000030517578,30.09000015258789,30.260000228881836,27.767831802368164,3073700
2019-08-21,CTVA,CTVA,30.299999237060547,30.979999542236328,30.280000686645508,30.579999923706055,28.06147003173828,2815400
2019-08-22,CTVA,CTVA,30.780000686645508,30.950000762939453,30.209999084472656,30.290000915527344,27.795352935791016,3351400
2019-08-23,CTVA,CTVA,29.799999237060547,30.15999984741211,28.809999465942383,29.049999237060547,26.657480239868164,3911600
2019-08-26,CTVA,CTVA,29.350000381469727,29.475000381469727,28.670000076293945,29.020000457763672,26.62994384765625,3479800
2019-08-27,CTVA,CTVA,29.149999618530273,29.43000030517578,28.53499984741211,28.729999542236328,26.363826751708984,3528400
2019-08-28,CTVA,CTVA,28.479999542236328,29.530000686645508,28.309999465942383,29.170000076293945,26.767597198486328,5091800
2019-08-29,CTVA,CTVA,29.549999237060547,30.22800064086914,29.520000457763672,29.709999084472656,27.263118743896484,3135600
2019-08-30,CTVA,CTVA,30.0,30.030000686645508,29.260000228881836,29.31999969482422,26.905242919921875,5220200
2019-09-03,CTVA,CTVA,28.989999771118164,29.100000381469727,28.0,28.229999542236328,25.905010223388672,3279100
2019-09-04,CTVA,CTVA,28.6200008392334,28.84000015258789,28.170000076293945,28.43000030517578,26.08853530883789,2962100
2019-09-05,CTVA,CTVA,28.739999771118164,28.989999771118164,27.950000762939453,28.459999084472656,26.116065979003906,4972700
2019-09-06,CTVA,CTVA,28.450000762939453,28.809999465942383,27.889999389648438,28.389999389648438,26.051830291748047,5140000
2019-09-09,CTVA,CTVA,28.350000381469727,28.81999969482422,28.020000457763672,28.75,26.38218879699707,4661000
2019-09-10,CTVA,CTVA,28.700000762939453,29.1299991607666,28.139999389648438,28.559999465942383,26.20783233642578,3682900
2019-09-11,CTVA,CTVA,28.5,29.299999237060547,28.110000610351562,29.270000457763672,26.859359741210938,3033600
2019-09-12,CTVA,CTVA,29.5,30.09000015258789,28.899999618530273,29.899999618530273,27.437475204467773,7967600
2019-09-13,CTVA,CTVA,30.040000915527344,30.350000381469727,29.899999618530273,30.1200008392334,27.639358520507812,4919600
2019-09-16,CTVA,CTVA,30.049999237060547,30.059999465942383,28.84000015258789,29.399999618530273,26.978649139404297,3300700
2019-09-17,CTVA,CTVA,29.31999969482422,29.469999313354492,28.959999084472656,28.979999542236328,26.59324073791504,4118200
2019-09-18,CTVA,CTVA,28.75,29.459999084472656,28.75,29.149999618530273,26.749242782592773,3606000
2019-09-19,CTVA,CTVA,29.260000228881836,29.709999084472656,29.059999465942383,29.139999389648438,26.740062713623047,3222400
2019-09-20,CTVA,CTVA,29.350000381469727,29.56999969482422,28.850000381469727,28.920000076293945,26.53818702697754,6865000
2019-09-23,CTVA,CTVA,28.639999389648438,29.0,28.44499969482422,28.8799991607666,26.5014705657959,3314300
2019-09-24,CTVA,CTVA,28.709999084472656,28.989999771118164,27.961000442504883,28.239999771118164,25.9141845703125,2840500
2019-09-25,CTVA,CTVA,28.219999313354492,28.5,27.770000457763672,28.200000762939453,25.87748146057129,3154200
2019-09-26,CTVA,CTVA,28.110000610351562,28.200000762939453,27.489999771118164,27.639999389648438,25.363603591918945,3532100
2019-09-27,CTVA,CTVA,27.549999237060547,28.229999542236328,27.309999465942383,27.799999237060547,25.51042366027832,4534900
2019-09-30,CTVA,CTVA,27.899999618530273,28.350000381469727,27.760000228881836,28.0,25.693958282470703,6245000
2019-10-01,CTVA,CTVA,28.030000686645508,28.3799991607666,27.229999542236328,27.549999237060547,25.2810115814209,5843200
2019-10-02,CTVA,CTVA,27.149999618530273,27.670000076293945,26.6200008392334,26.940000534057617,24.721248626708984,5181600
2019-10-03,CTVA,CTVA,26.90999984741211,27.15999984741211,26.510000228881836,26.8799991607666,24.666194915771484,3622400
2019-10-04,CTVA,CTVA,27.0,27.038000106811523,25.801000595092773,25.889999389648438,23.75773048400879,4851400
2019-10-07,CTVA,CTVA,26.0,26.469999313354492,25.729999542236328,26.0,23.858671188354492,5474100
2019-10-08,CTVA,CTVA,25.639999389648438,26.43000030517578,25.59000015258789,26.219999313354492,24.0605525970459,6214200
2019-10-09,CTVA,CTVA,26.790000915527344,26.829999923706055,25.739999771118164,26.170000076293945,24.014667510986328,3916700
2019-10-10,CTVA,CTVA,26.170000076293945,26.719999313354492,25.709999084472656,25.729999542236328,23.610912322998047,3003300
2019-10-11,CTVA,CTVA,26.100000381469727,27.1200008392334,25.989999771118164,26.65999984741211,24.46431541442871,4555600
2019-10-14,CTVA,CTVA,26.399999618530273,26.770000457763672,26.200000762939453,26.329999923706055,24.16149139404297,3064900
2019-10-15,CTVA,CTVA,26.219999313354492,27.09000015258789,26.065000534057617,26.700000762939453,24.501018524169922,3826500
2019-10-16,CTVA,CTVA,26.350000381469727,27.229999542236328,26.290000915527344,26.8700008392334,24.657024383544922,3023500
2019-10-17,CTVA,CTVA,27.049999237060547,27.209999084472656,26.65999984741211,26.770000457763672,24.56525993347168,2196500
2019-10-18,CTVA,CTVA,26.600000381469727,26.639999389648438,25.639999389648438,26.040000915527344,23.89537239074707,4332300
2019-10-21,CTVA,CTVA,26.290000915527344,26.579999923706055,25.43000030517578,25.5,23.399845123291016,3318300
2019-10-22,CTVA,CTVA,25.510000228881836,26.049999237060547,25.229999542236328,25.979999542236328,23.840322494506836,4166600
2019-10-23,CTVA,CTVA,25.889999389648438,26.020000457763672,25.21500015258789,25.610000610351562,23.500791549682617,4140000
2019-10-24,CTVA,CTVA,25.6299991607666,26.549999237060547,25.5,26.3700008392334,24.19819450378418,5359700
2019-10-25,CTVA,CTVA,26.3700008392334,26.959999084472656,26.239999771118164,26.729999542236328,24.52855110168457,2676900
2019-10-28,CTVA,CTVA,26.790000915527344,27.139999389648438,26.600000381469727,26.770000457763672,24.56525993347168,2943500
2019-10-29,CTVA,CTVA,26.510000228881836,27.239999771118164,26.420000076293945,26.780000686645508,24.57443618774414,2837000
2019-10-30,CTVA,CTVA,27.049999237060547,27.59000015258789,26.90999984741211,27.479999542236328,25.216781616210938,5993500
2019-10-31,CTVA,CTVA,26.5,27.479999542236328,25.25,26.3799991607666,24.207374572753906,7084400
2019-11-01,CTVA,CTVA,26.18000030517578,26.600000381469727,25.510000228881836,26.18000030517578,24.02384376525879,10081500
2019-11-04,CTVA,CTVA,26.170000076293945,26.420000076293945,25.649999618530273,25.739999771118164,23.620084762573242,8316200
2019-11-05,CTVA,CTVA,25.479999542236328,26.030000686645508,24.760000228881836,25.65999984741211,23.54667091369629,8240500
2019-11-06,CTVA,CTVA,25.81999969482422,26.31999969482422,25.719999313354492,26.1299991607666,23.977962493896484,6560000
2019-11-07,CTVA,CTVA,26.469999313354492,26.479999542236328,26.1200008392334,26.149999618530273,23.996315002441406,4554200
2019-11-08,CTVA,CTVA,26.100000381469727,26.363000869750977,25.90999984741211,26.200000762939453,24.042200088500977,2998800
2019-11-11,CTVA,CTVA,26.040000915527344,26.739999771118164,25.690000534057617,26.739999771118164,24.5377254486084,3258300
2019-11-12,CTVA,CTVA,26.93000030517578,27.239999771118164,26.530000686645508,26.719999313354492,24.51937484741211,4665500
2019-11-13,CTVA,CTVA,26.5,26.540000915527344,25.459999084472656,25.719999313354492,23.601728439331055,3759900
2019-11-14,CTVA,CTVA,25.709999084472656,26.860000610351562,25.709999084472656,26.3799991607666,24.207374572753906,7274500
2019-11-15,CTVA,CTVA,26.56999969482422,26.6200008392334,25.434999465942383,25.479999542236328,23.38149642944336,4788600
2019-11-18,CTVA,CTVA,25.5,25.764999389648438,25.360000610351562,25.479999542236328,23.38149642944336,4656400
2019-11-19,CTVA,CTVA,25.549999237060547,25.924999237060547,25.309999465942383,25.700000762939453,23.583377838134766,4135100
2019-11-20,CTVA,CTVA,25.6200008392334,25.700000762939453,24.915000915527344,24.979999542236328,22.92267608642578,4531200
2019-11-21,CTVA,CTVA,24.969999313354492,25.40999984741211,24.93000030517578,25.110000610351562,23.041969299316406,4165700
2019-11-22,CTVA,CTVA,25.030000686645508,25.575000762939453,25.030000686645508,25.540000915527344,23.43655776977539,11212400
2019-11-25,CTVA,CTVA,25.739999771118164,26.110000610351562,25.649999618530273,25.93000030517578,23.794435501098633,6107900
2019-11-26,CTVA,CTVA,25.780000686645508,26.204999923706055,25.700000762939453,25.8799991607666,23.748552322387695,7580900
2019-11-27,CTVA,CTVA,25.770000457763672,26.219999313354492,25.68000030517578,26.049999237060547,24.025238037109375,6745600
2019-11-29,CTVA,CTVA,25.969999313354492,26.079999923706055,25.549999237060547,26.020000457763672,23.9975643157959,8233100
2019-12-02,CTVA,CTVA,26.030000686645508,26.139999389648438,25.040000915527344,25.18000030517578,23.222850799560547,7232800
2019-12-03,CTVA,CTVA,24.81999969482422,24.8700008392334,24.299999237060547,24.649999618530273,22.734052658081055,8645000
2019-12-04,CTVA,CTVA,24.899999618530273,25.211999893188477,24.6200008392334,24.84000015258789,22.909282684326172,13263000
2019-12-05,CTVA,CTVA,24.969999313354492,25.09000015258789,24.100000381469727,24.81999969482422,22.890838623046875,7510700
2019-12-06,CTVA,CTVA,25.0,25.559999465942383,24.940000534057617,25.260000228881836,23.296642303466797,5835800
2019-12-09,CTVA,CTVA,25.469999313354492,26.1299991607666,25.395000457763672,25.770000457763672,23.76700210571289,6603500
2019-12-10,CTVA,CTVA,25.690000534057617,25.8799991607666,25.420000076293945,25.8700008392334,23.859230041503906,5134600
2019-12-11,CTVA,CTVA,25.889999389648438,26.270000457763672,25.829999923706055,26.200000762939453,24.16358184814453,5215000
2019-12-12,CTVA,CTVA,26.1200008392334,27.075000762939453,26.0,26.979999542236328,24.882946014404297,4930200
2019-12-13,CTVA,CTVA,26.979999542236328,27.149999618530273,26.459999084472656,26.489999771118164,24.4310359954834,6268800
2019-12-16,CTVA,CTVA,26.940000534057617,27.559999465942383,26.850000381469727,27.549999237060547,25.40864372253418,9527400
2019-12-17,CTVA,CTVA,27.260000228881836,27.549999237060547,26.579999923706055,26.770000457763672,24.68927574157715,9227900
2019-12-18,CTVA,CTVA,26.709999084472656,27.940000534057617,26.489999771118164,27.81999969482422,25.65765953063965,13869000
2019-12-19,CTVA,CTVA,27.739999771118164,28.270000457763672,27.459999084472656,27.709999084472656,25.55620765686035,11975100
2019-12-20,CTVA,CTVA,27.68000030517578,28.25,27.440000534057617,28.18000030517578,25.989681243896484,30573900
2019-12-23,CTVA,CTVA,28.190000534057617,28.7450008392334,28.100000381469727,28.65999984741211,26.4323673248291,5970800
2019-12-24,CTVA,CTVA,28.600000381469727,29.040000915527344,28.3799991607666,28.809999465942383,26.570711135864258,1698400
2019-12-26,CTVA,CTVA,28.68000030517578,29.200000762939453,28.6299991607666,29.190000534057617,26.921173095703125,2599300
2019-12-27,CTVA,CTVA,29.200000762939453,29.280000686645508,28.979999542236328,29.139999389648438,26.87506103515625,2738200
2019-12-30,CTVA,CTVA,29.1299991607666,29.229999542236328,28.790000915527344,28.860000610351562,26.6168270111084,2795600
2019-12-31,CTVA,CTVA,28.850000381469727,29.59000015258789,28.809999465942383,29.559999465942383,27.262420654296875,3414500
2020-01-02,CTVA,CTVA,29.809999465942383,29.809999465942383,28.719999313354492,28.739999771118164,26.506153106689453,6896100
2020-01-03,CTVA,CTVA,28.420000076293945,28.899999618530273,28.360000610351562,28.399999618530273,26.192575454711914,5611400
2020-01-06,CTVA,CTVA,28.079999923706055,28.500999450683594,27.975000381469727,28.360000610351562,26.15568733215332,6972800
2020-01-07,CTVA,CTVA,28.309999465942383,28.719999313354492,28.170000076293945,28.469999313354492,26.257137298583984,6014800
2020-01-08,CTVA,CTVA,28.5,28.780000686645508,28.100000381469727,28.700000762939453,26.46926498413086,3684500
2020-01-09,CTVA,CTVA,28.799999237060547,28.850000381469727,28.3799991607666,28.729999542236328,26.496929168701172,3703200
2020-01-10,CTVA,CTVA,28.809999465942383,28.93000030517578,28.31999969482422,28.350000381469727,26.146465301513672,4498700
2020-01-13,CTVA,CTVA,28.34000015258789,28.600000381469727,28.155000686645508,28.579999923706055,26.35859489440918,4735100
2020-01-14,CTVA,CTVA,28.559999465942383,28.790000915527344,28.299999237060547,28.639999389648438,26.413925170898438,5370600
2020-01-15,CTVA,CTVA,28.649999618530273,28.889999389648438,28.475000381469727,28.68000030517578,26.4508113861084,6336800
2020-01-16,CTVA,CTVA,28.770000457763672,29.260000228881836,28.524999618530273,29.219999313354492,26.94883918762207,5847900
2020-01-17,CTVA,CTVA,28.459999084472656,28.6299991607666,27.6299991607666,28.299999237060547,26.100353240966797,8668600
2020-01-21,CTVA,CTVA,28.059999465942383,28.350000381469727,27.709999084472656,27.81999969482422,25.65765953063965,5514000
2020-01-22,CTVA,CTVA,27.81999969482422,28.25,27.5,28.15999984741211,25.971235275268555,8672900
2020-01-23,CTVA,CTVA,28.010000228881836,28.510000228881836,27.510000228881836,28.450000762939453,26.238697052001953,4139400
2020-01-24,CTVA,CTVA,28.309999465942383,28.354999542236328,27.709999084472656,27.950000762939453,25.777555465698242,4996200
2020-01-27,CTVA,CTVA,27.229999542236328,27.530000686645508,26.969999313354492,27.15999984741211,25.04895782470703,4195000
2020-01-28,CTVA,CTVA,27.299999237060547,27.579999923706055,27.0,27.559999465942383,25.417869567871094,5618800
2020-01-29,CTVA,CTVA,27.549999237060547,27.989999771118164,27.510000228881836,27.799999237060547,25.63921356201172,3499600
2020-01-30,CTVA,CTVA,27.940000534057617,29.44700050354004,27.600000381469727,29.239999771118164,26.967288970947266,9762200
2020-01-31,CTVA,CTVA,28.780000686645508,29.149999618530273,28.459999084472656,28.920000076293945,26.672157287597656,6788300
2020-02-03,CTVA,CTVA,29.059999465942383,30.260000228881836,28.81999969482422,30.1200008392334,27.77889060974121,9430800
2020-02-04,CTVA,CTVA,30.610000610351562,31.110000610351562,30.045000076293945,30.950000762939453,28.54438018798828,5853400
2020-02-05,CTVA,CTVA,30.31999969482422,31.709999084472656,29.690000534057617,31.709999084472656,29.24530601501465,5745300
2020-02-06,CTVA,CTVA,32.0,32.06999969482422,31.299999237060547,31.59000015258789,29.134632110595703,6383600
2020-02-07,CTVA,CTVA,31.40999984741211,31.43000030517578,30.795000076293945,31.040000915527344,28.62738609313965,3716100
2020-02-10,CTVA,CTVA,30.739999771118164,31.014999389648438,30.46500015258789,30.600000381469727,28.221582412719727,3416600
2020-02-11,CTVA,CTVA,30.65999984741211,31.350000381469727,30.40999984741211,30.510000228881836,28.138572692871094,3705400
2020-02-12,CTVA,CTVA,30.739999771118164,31.09000015258789,30.649999618530273,30.940000534057617,28.535154342651367,3023400
2020-02-13,CTVA,CTVA,30.68000030517578,31.040000915527344,30.454999923706055,30.600000381469727,28.221582412719727,4543000
2020-02-14,CTVA,CTVA,30.65999984741211,30.93000030517578,30.579999923706055,30.709999084472656,28.323030471801758,3895500
2020-02-18,CTVA,CTVA,30.68000030517578,31.479999542236328,30.610000610351562,31.399999618530273,28.95940589904785,3524700
2020-02-19,CTVA,CTVA,31.399999618530273,31.799999237060547,31.219999313354492,31.520000457763672,29.070079803466797,3042600
2020-02-20,CTVA,CTVA,31.3700008392334,32.08000183105469,31.31999969482422,31.56999969482422,29.116186141967773,2460300
2020-02-21,CTVA,CTVA,31.350000381469727,31.670000076293945,31.18000030517578,31.219999313354492,28.79339027404785,3955200
2020-02-24,CTVA,CTVA,30.469999313354492,30.889999389648438,30.270000457763672,30.65999984741211,28.276920318603516,3441300
2020-02-25,CTVA,CTVA,30.6200008392334,30.81999969482422,28.229999542236328,28.3799991607666,26.174135208129883,5045600
2020-02-26,CTVA,CTVA,28.40999984741211,29.33300018310547,28.31999969482422,28.5,26.284809112548828,4157900
2020-02-27,CTVA,CTVA,28.1200008392334,28.670000076293945,27.239999771118164,27.290000915527344,25.168855667114258,4702500
2020-02-28,CTVA,CTVA,26.530000686645508,27.200000762939453,25.860000610351562,27.200000762939453,25.085851669311523,9732700
2020-03-02,CTVA,CTVA,27.270000457763672,28.260000228881836,26.86199951171875,28.239999771118164,26.17009162902832,7440100
2020-03-03,CTVA,CTVA,28.479999542236328,29.260000228881836,27.489999771118164,27.920000076293945,25.873546600341797,8503900
2020-03-04,CTVA,CTVA,28.190000534057617,28.920000076293945,27.809999465942383,28.899999618530273,26.781713485717773,6341400
2020-03-05,CTVA,CTVA,28.0,28.424999237060547,27.15999984741211,27.309999465942383,25.30825424194336,3974300
2020-03-06,CTVA,CTVA,26.520000457763672,26.579999923706055,24.920000076293945,25.299999237060547,23.445587158203125,5843700
2020-03-09,CTVA,CTVA,23.280000686645508,24.31999969482422,22.8700008392334,23.06999969482422,21.379039764404297,7758500
2020-03-10,CTVA,CTVA,24.399999618530273,25.989999771118164,23.8799991607666,25.90999984741211,24.010875701904297,6696200
2020-03-11,CTVA,CTVA,25.010000228881836,25.65999984741211,24.450000762939453,25.0,23.167573928833008,6382300
2020-03-12,CTVA,CTVA,22.8700008392334,24.950000762939453,22.260000228881836,22.34000015258789,20.702545166015625,6448100
2020-03-13,CTVA,CTVA,23.829999923706055,25.0,21.549999237060547,24.81999969482422,23.000768661499023,7214500
2020-03-16,CTVA,CTVA,21.510000228881836,23.34000015258789,20.565000534057617,20.739999771118164,19.219820022583008,6308300
2020-03-17,CTVA,CTVA,21.229999542236328,24.139999389648438,20.719999313354492,22.670000076293945,21.008358001708984,7555300
2020-03-18,CTVA,CTVA,21.079999923706055,23.399999618530273,20.3799991607666,21.56999969482422,19.988985061645508,7526200
2020-03-19,CTVA,CTVA,21.18000030517578,24.799999237060547,20.540000915527344,23.260000228881836,21.555112838745117,5291400
2020-03-20,CTVA,CTVA,23.200000762939453,23.239999771118164,21.110000610351562,22.530000686645508,20.878620147705078,10607100
2020-03-23,CTVA,CTVA,22.219999313354492,23.52899932861328,21.420000076293945,21.920000076293945,20.313329696655273,8693500
2020-03-24,CTVA,CTVA,23.010000228881836,23.969999313354492,21.5,22.329999923706055,20.693281173706055,8305600
2020-03-25,CTVA,CTVA,22.75,25.139999389648438,22.139999389648438,23.399999618530273,21.68484878540039,5823500
2020-03-26,CTVA,CTVA,23.110000610351562,24.850000381469727,22.885000228881836,24.139999389648438,22.370607376098633,7085600
2020-03-27,CTVA,CTVA,23.110000610351562,24.809999465942383,22.665000915527344,23.209999084472656,21.508779525756836,4538800
2020-03-30,CTVA,CTVA,23.280000686645508,24.31999969482422,22.90999984741211,24.09000015258789,22.324277877807617,4469500
2020-03-31,CTVA,CTVA,24.229999542236328,24.56999969482422,23.350000381469727,23.5,21.77751922607422,4090400
2020-04-01,CTVA,CTVA,23.25,23.600000381469727,22.350000381469727,22.510000228881836,20.860084533691406,6706600
2020-04-02,CTVA,CTVA,22.850000381469727,23.43000030517578,21.816999435424805,22.239999771118164,20.609872817993164,6302000
2020-04-03,CTVA,CTVA,22.209999084472656,23.049999237060547,22.1200008392334,22.6200008392334,20.96202278137207,5961100
2020-04-06,CTVA,CTVA,23.5,24.57200050354004,23.219999313354492,24.260000228881836,22.481813430786133,6132500
2020-04-07,CTVA,CTVA,25.0,25.93000030517578,24.350000381469727,24.530000686645508,22.732023239135742,5777100
2020-04-08,CTVA,CTVA,24.549999237060547,26.170000076293945,24.40999984741211,26.049999237060547,24.140615463256836,4231800
2020-04-09,CTVA,CTVA,26.200000762939453,28.06999969482422,26.200000762939453,27.93000030517578,25.882814407348633,6076900
2020-04-13,CTVA,CTVA,27.31999969482422,27.489999771118164,25.899999618530273,26.559999465942383,24.61322784423828,3453900
2020-04-14,CTVA,CTVA,27.59000015258789,27.844999313354492,26.040000915527344,26.440000534057617,24.502029418945312,2853300
2020-04-15,CTVA,CTVA,26.06999969482422,26.149999618530273,24.614999771118164,25.510000228881836,23.64019775390625,2927100
2020-04-16,CTVA,CTVA,25.3799991607666,25.743999481201172,24.579999923706055,25.15999984741211,23.31584930419922,2663500
2020-04-17,CTVA,CTVA,25.940000534057617,26.315000534057617,24.920000076293945,25.510000228881836,23.64019775390625,5696900
2020-04-20,CTVA,CTVA,25.860000610351562,25.860000610351562,24.56999969482422,24.6299991607666,22.824691772460938,4242500
2020-04-21,CTVA,CTVA,24.010000228881836,24.950000762939453,23.860000610351562,24.270000457763672,22.4910831451416,5773900
2020-04-22,CTVA,CTVA,24.75,25.21500015258789,24.290000915527344,24.940000534057617,23.111974716186523,3936700
2020-04-23,CTVA,CTVA,25.280000686645508,25.84000015258789,25.010000228881836,25.399999618530273,23.538253784179688,2754500
2020-04-24,CTVA,CTVA,25.579999923706055,26.68000030517578,25.3799991607666,26.270000457763672,24.344486236572266,3851300
2020-04-27,CTVA,CTVA,26.329999923706055,26.559999465942383,25.510000228881836,25.559999465942383,23.6865291595459,4908800
2020-04-28,CTVA,CTVA,26.149999618530273,26.514999389648438,25.809999465942383,26.190000534057617,24.270349502563477,3812800
2020-04-29,CTVA,CTVA,26.81999969482422,27.260000228881836,26.459999084472656,27.049999237060547,25.067312240600586,2008800
2020-04-30,CTVA,CTVA,26.700000762939453,26.700000762939453,25.860000610351562,26.190000534057617,24.270349502563477,2678300
2020-05-01,CTVA,CTVA,25.829999923706055,25.829999923706055,25.09000015258789,25.489999771118164,23.62166404724121,2457600
2020-05-04,CTVA,CTVA,25.149999618530273,25.459999084472656,24.81800079345703,25.420000076293945,23.556793212890625,4121600
2020-05-05,CTVA,CTVA,25.399999618530273,26.510000228881836,25.209999084472656,26.18000030517578,24.261083602905273,2412300
2020-05-06,CTVA,CTVA,26.190000534057617,26.729999542236328,25.010000228881836,25.010000228881836,23.176841735839844,3304300
2020-05-07,CTVA,CTVA,25.969999313354492,27.25,25.969999313354492,26.450000762939453,24.511293411254883,4475300
2020-05-08,CTVA,CTVA,26.719999313354492,26.969999313354492,25.459999084472656,25.979999542236328,24.07573890686035,4765100
2020-05-11,CTVA,CTVA,25.100000381469727,25.149999618530273,24.290000915527344,24.3799991607666,22.593017578125,6871900
2020-05-12,CTVA,CTVA,24.290000915527344,24.450000762939453,23.219999313354492,23.25,21.545841217041016,4881100
2020-05-13,CTVA,CTVA,23.149999618530273,23.399999618530273,22.3799991607666,23.270000457763672,21.56437873840332,4581500
2020-05-14,CTVA,CTVA,22.770000457763672,23.360000610351562,22.3799991607666,23.31999969482422,21.73212432861328,3357400
2020-05-15,CTVA,CTVA,23.200000762939453,23.270000457763672,22.6200008392334,22.770000457763672,21.21957015991211,3601200
2020-05-18,CTVA,CTVA,23.690000534057617,24.280000686645508,23.040000915527344,24.010000228881836,22.375139236450195,5834600
2020-05-19,CTVA,CTVA,24.110000610351562,24.3799991607666,23.59000015258789,23.989999771118164,22.35649871826172,6195900
2020-05-20,CTVA,CTVA,24.68000030517578,25.604999542236328,24.649999618530273,25.09000015258789,23.381601333618164,4719600
2020-05-21,CTVA,CTVA,24.940000534057617,25.479999542236328,24.510000228881836,24.549999237060547,22.878372192382812,4021000
2020-05-22,CTVA,CTVA,24.5,24.670000076293945,24.25,24.540000915527344,22.869049072265625,3830600
2020-05-26,CTVA,CTVA,25.43000030517578,26.059999465942383,25.200000762939453,25.639999389648438,23.894147872924805,3797800
2020-05-27,CTVA,CTVA,25.889999389648438,26.174999237060547,25.459999084472656,25.799999237060547,24.043254852294922,5831000
2020-05-28,CTVA,CTVA,26.260000228881836,27.469999313354492,25.920000076293945,26.989999771118164,25.15222930908203,4069200
2020-05-29,CTVA,CTVA,26.729999542236328,27.43000030517578,26.709999084472656,27.309999465942383,25.450435638427734,6293700
2020-06-01,CTVA,CTVA,27.100000381469727,27.25,26.5,26.81999969482422,24.993804931640625,3167100
2020-06-02,CTVA,CTVA,26.93000030517578,28.030000686645508,26.75,28.010000228881836,26.1027774810791,4302500
2020-06-03,CTVA,CTVA,28.170000076293945,28.950000762939453,28.149999618530273,28.5,26.559412002563477,3287700
2020-06-04,CTVA,CTVA,28.799999237060547,30.18000030517578,28.6299991607666,30.170000076293945,28.115699768066406,6759100
2020-06-05,CTVA,CTVA,31.0,31.690000534057617,30.489999771118164,30.649999618530273,28.563018798828125,4189400
2020-06-08,CTVA,CTVA,29.690000534057617,30.81999969482422,29.309999465942383,30.010000228881836,27.966596603393555,4850400
2020-06-09,CTVA,CTVA,29.639999389648438,29.96500015258789,29.079999923706055,29.59000015258789,27.575199127197266,5365200
2020-06-10,CTVA,CTVA,29.479999542236328,30.1299991607666,29.139999389648438,29.139999389648438,27.155834197998047,4184300
2020-06-11,CTVA,CTVA,28.43000030517578,28.440000534057617,27.020000457763672,27.100000381469727,25.254741668701172,5928500
2020-06-12,CTVA,CTVA,28.440000534057617,28.489999771118164,27.200000762939453,27.540000915527344,25.664779663085938,3843900
2020-06-15,CTVA,CTVA,26.739999771118164,27.110000610351562,26.520000457763672,26.770000457763672,24.947208404541016,5109000
2020-06-16,CTVA,CTVA,28.3799991607666,28.719999313354492,27.450000762939453,27.81999969482422,25.925710678100586,8797100
2020-06-17,CTVA,CTVA,27.770000457763672,27.889999389648438,27.06999969482422,27.350000381469727,25.487712860107422,5295300
2020-06-18,CTVA,CTVA,27.350000381469727,27.56999969482422,27.209999084472656,27.479999542236328,25.608861923217773,4402000
2020-06-19,CTVA,CTVA,27.989999771118164,27.989999771118164,26.729999542236328,27.1299991607666,25.28269386291504,6693100
2020-06-22,CTVA,CTVA,26.969999313354492,27.649999618530273,26.510000228881836,27.579999923706055,25.702056884765625,3936700
2020-06-23,CTVA,CTVA,27.84000015258789,27.90999984741211,27.3700008392334,27.420000076293945,25.552947998046875,3022700
2020-06-24,CTVA,CTVA,26.8700008392334,26.920000076293945,26.030000686645508,26.06999969482422,24.29487419128418,3985000
2020-06-25,CTVA,CTVA,25.979999542236328,26.3700008392334,25.719999313354492,26.200000762939453,24.41602325439453,5600200
2020-06-26,CTVA,CTVA,26.110000610351562,26.15999984741211,25.53499984741211,25.920000076293945,24.15508460998535,4319200
2020-06-29,CTVA,CTVA,26.350000381469727,26.6299991607666,26.040000915527344,26.139999389648438,24.360107421875,3931000
2020-06-30,CTVA,CTVA,26.1200008392334,27.079999923706055,25.799999237060547,26.790000915527344,24.965850830078125,4590500
2020-07-01,CTVA,CTVA,26.950000762939453,27.399999618530273,26.459999084472656,27.040000915527344,25.198829650878906,4838000
2020-07-02,CTVA,CTVA,27.3799991607666,28.110000610351562,27.3799991607666,27.56999969482422,25.69273567199707,3766400
2020-07-06,CTVA,CTVA,28.219999313354492,28.219999313354492,27.079999923706055,27.530000686645508,25.655460357666016,3668300
2020-07-07,CTVA,CTVA,27.270000457763672,27.270000457763672,26.899999618530273,27.139999389648438,25.292007446289062,5931800
2020-07-08,CTVA,CTVA,27.079999923706055,27.1299991607666,25.440000534057617,25.860000610351562,24.099170684814453,5560400
2020-07-09,CTVA,CTVA,26.030000686645508,26.05500030517578,25.440000534057617,25.75,23.99666404724121,4392200
2020-07-10,CTVA,CTVA,25.829999923706055,26.6200008392334,25.700000762939453,26.6200008392334,24.807422637939453,2464100
2020-07-13,CTVA,CTVA,27.110000610351562,27.18000030517578,26.600000381469727,26.84000015258789,25.012439727783203,2782600
2020-07-14,CTVA,CTVA,26.670000076293945,27.239999771118164,26.510000228881836,27.079999923706055,25.236106872558594,8445800
2020-07-15,CTVA,CTVA,27.860000610351562,28.049999237060547,27.420000076293945,27.940000534057617,26.037540435791016,2994200
2020-07-16,CTVA,CTVA,27.75,28.2549991607666,27.71500015258789,27.920000076293945,26.018905639648438,1977300
2020-07-17,CTVA,CTVA,28.059999465942383,28.43000030517578,27.75,28.350000381469727,26.419626235961914,2704500
2020-07-20,CTVA,CTVA,28.1299991607666,28.260000228881836,27.719999313354492,27.719999313354492,25.832521438598633,1677300
2020-07-21,CTVA,CTVA,27.860000610351562,28.450000762939453,27.860000610351562,28.350000381469727,26.419626235961914,3064200
2020-07-22,CTVA,CTVA,28.040000915527344,28.68000030517578,28.040000915527344,28.65999984741211,26.708518981933594,1954200
2020-07-23,CTVA,CTVA,28.469999313354492,28.920000076293945,28.325000762939453,28.670000076293945,26.717838287353516,2428200
2020-07-24,CTVA,CTVA,28.739999771118164,28.809999465942383,28.309999465942383,28.520000457763672,26.578052520751953,1877400
2020-07-27,CTVA,CTVA,28.559999465942383,29.0,28.479999542236328,28.809999465942383,26.84830093383789,2683100
2020-07-28,CTVA,CTVA,28.65999984741211,28.760000228881836,28.1299991607666,28.190000534057617,26.270517349243164,3500600
2020-07-29,CTVA,CTVA,28.1299991607666,28.829999923706055,28.1299991607666,28.809999465942383,26.84830093383789,2840200
2020-07-30,CTVA,CTVA,28.219999313354492,28.530000686645508,27.790000915527344,28.479999542236328,26.540769577026367,3311900
2020-07-31,CTVA,CTVA,28.399999618530273,28.700000762939453,28.020000457763672,28.559999465942383,26.615327835083008,7305100
2020-08-03,CTVA,CTVA,28.780000686645508,28.899999618530273,28.469999313354492,28.520000457763672,26.578052520751953,3600600
2020-08-04,CTVA,CTVA,28.5,28.99799919128418,28.43000030517578,28.709999084472656,26.755111694335938,4663400
2020-08-05,CTVA,CTVA,29.0,29.139999389648438,28.549999237060547,28.549999237060547,26.60600471496582,5502300
2020-08-06,CTVA,CTVA,26.8799991607666,27.25,25.219999313354492,25.420000076293945,23.68913459777832,11668200
2020-08-07,CTVA,CTVA,25.34000015258789,25.5,24.829999923706055,25.31999969482422,23.595943450927734,7460000
2020-08-10,CTVA,CTVA,25.040000915527344,25.6299991607666,24.979999542236328,25.420000076293945,23.68913459777832,8355800
2020-08-11,CTVA,CTVA,25.889999389648438,27.030000686645508,25.7450008392334,26.780000686645508,24.956527709960938,8120000
2020-08-12,CTVA,CTVA,27.200000762939453,27.299999237060547,26.1299991607666,26.360000610351562,24.56513023376465,5139300
2020-08-13,CTVA,CTVA,26.329999923706055,27.0,26.079999923706055,26.920000076293945,25.21133041381836,9040600
2020-08-14,CTVA,CTVA,26.75,28.110000610351562,26.559999465942383,27.8700008392334,26.101032257080078,5367300
2020-08-17,CTVA,CTVA,27.889999389648438,28.139999389648438,27.33300018310547,27.770000457763672,26.00737762451172,9275000
2020-08-18,CTVA,CTVA,27.850000381469727,28.420000076293945,27.809999465942383,28.399999618530273,26.597389221191406,3124700
2020-08-19,CTVA,CTVA,28.149999618530273,28.610000610351562,28.0,28.559999465942383,26.747238159179688,5122000
2020-08-20,CTVA,CTVA,28.25,28.799999237060547,28.170000076293945,28.799999237060547,26.972002029418945,4583500
2020-08-21,CTVA,CTVA,28.639999389648438,28.700000762939453,28.014999389648438,28.440000534057617,26.634849548339844,6864100
2020-08-24,CTVA,CTVA,28.8700008392334,28.979999542236328,28.200000762939453,28.540000915527344,26.728506088256836,4409500
2020-08-25,CTVA,CTVA,28.700000762939453,29.170000076293945,28.610000610351562,28.649999618530273,26.83152198791504,2344000
2020-08-26,CTVA,CTVA,28.649999618530273,29.280000686645508,28.43000030517578,29.229999542236328,27.374710083007812,2458300
2020-08-27,CTVA,CTVA,29.239999771118164,29.450000762939453,29.05500030517578,29.290000915527344,27.43090057373047,1791300
2020-08-28,CTVA,CTVA,29.399999618530273,29.81999969482422,29.1299991607666,29.520000457763672,27.646305084228516,3202600
2020-08-31,CTVA,CTVA,29.43000030517578,29.43000030517578,28.530000686645508,28.549999237060547,26.73786735534668,3974800
2020-09-01,CTVA,CTVA,28.579999923706055,29.450000762939453,28.420000076293945,29.440000534057617,27.571380615234375,3797800
2020-09-02,CTVA,CTVA,29.329999923706055,30.190000534057617,29.1200008392334,30.1299991607666,28.21758460998535,3610200
2020-09-03,CTVA,CTVA,29.920000076293945,30.209999084472656,29.110000610351562,29.40999984741211,27.543283462524414,3800800
2020-09-04,CTVA,CTVA,29.799999237060547,30.1200008392334,29.05500030517578,29.31999969482422,27.45899200439453,5136800
2020-09-08,CTVA,CTVA,29.06999969482422,29.06999969482422,28.229999542236328,28.299999237060547,26.50373649597168,4213500
2020-09-09,CTVA,CTVA,28.540000915527344,29.40999984741211,28.510000228881836,28.739999771118164,26.91581153869629,2818000
2020-09-10,CTVA,CTVA,28.719999313354492,29.260000228881836,28.690000534057617,29.139999389648438,27.290422439575195,4138000
2020-09-11,CTVA,CTVA,29.34000015258789,29.450000762939453,28.93000030517578,29.020000457763672,27.178037643432617,3131400
2020-09-14,CTVA,CTVA,29.110000610351562,29.43000030517578,28.844999313354492,28.969999313354492,27.131214141845703,3917900
2020-09-15,CTVA,CTVA,29.059999465942383,29.690000534057617,29.030000686645508,29.450000762939453,27.580745697021484,3127900
2020-09-16,CTVA,CTVA,29.59000015258789,29.959999084472656,29.135000228881836,29.229999542236328,27.374710083007812,5769100
2020-09-17,CTVA,CTVA,28.899999618530273,29.760000228881836,28.739999771118164,29.579999923706055,27.702489852905273,5728400
2020-09-18,CTVA,CTVA,29.6299991607666,29.719999313354492,28.854999542236328,28.989999771118164,27.149946212768555,7175600
2020-09-21,CTVA,CTVA,28.190000534057617,28.520000457763672,27.915000915527344,28.219999313354492,26.428815841674805,6130200
2020-09-22,CTVA,CTVA,28.09000015258789,28.239999771118164,27.809999465942383,28.09000015258789,26.30707359313965,5703500
2020-09-23,CTVA,CTVA,27.90999984741211,28.309999465942383,27.389999389648438,27.459999084472656,25.71705436706543,4874200
2020-09-24,CTVA,CTVA,27.459999084472656,27.954999923706055,27.18000030517578,27.6299991607666,25.876266479492188,3031700
2020-09-25,CTVA,CTVA,27.3700008392334,28.53499984741211,27.309999465942383,28.3799991607666,26.57866096496582,2556300
2020-09-28,CTVA,CTVA,28.81999969482422,29.31999969482422,28.75,28.969999313354492,27.131214141845703,2714400
2020-09-29,CTVA,CTVA,28.770000457763672,29.020000457763672,28.485000610351562,28.59000015258789,26.775333404541016,1972000
2020-09-30,CTVA,CTVA,28.770000457763672,29.540000915527344,28.524999618530273,28.809999465942383,26.98136329650879,8009400
2020-10-01,CTVA,CTVA,28.8799991607666,29.309999465942383,28.610000610351562,28.68000030517578,26.859617233276367,4918400
2020-10-02,CTVA,CTVA,28.399999618530273,29.780000686645508,28.290000915527344,29.3700008392334,27.505823135375977,4851300
2020-10-05,CTVA,CTVA,29.770000457763672,30.280000686645508,29.770000457763672,30.110000610351562,28.198854446411133,5166300
2020-10-06,CTVA,CTVA,30.34000015258789,30.7549991607666,30.030000686645508,30.09000015258789,28.18012237548828,4972400
2020-10-07,CTVA,CTVA,30.40999984741211,31.079999923706055,30.3700008392334,30.530000686645508,28.592191696166992,5575400
2020-10-08,CTVA,CTVA,31.78499984741211,32.63999938964844,31.29599952697754,32.33000183105469,30.2779483795166,7033600
2020-10-09,CTVA,CTVA,32.45000076293945,33.689998626708984,32.290000915527344,33.43000030517578,31.308122634887695,5323300
2020-10-12,CTVA,CTVA,33.61000061035156,33.86000061035156,33.310001373291016,33.59000015258789,31.457975387573242,3968100
2020-10-13,CTVA,CTVA,33.310001373291016,33.77000045776367,33.012001037597656,33.70000076293945,31.560993194580078,5405200
2020-10-14,CTVA,CTVA,33.790000915527344,34.36000061035156,33.470001220703125,33.81999969482422,31.673368453979492,3363700
2020-10-15,CTVA,CTVA,33.18000030517578,34.095001220703125,33.18000030517578,33.9900016784668,31.832582473754883,3035100
2020-10-16,CTVA,CTVA,34.33000183105469,34.40999984741211,34.06999969482422,34.08000183105469,31.916873931884766,2802000
2020-10-19,CTVA,CTVA,34.2599983215332,34.540000915527344,33.189998626708984,33.52000045776367,31.392417907714844,5716500
2020-10-20,CTVA,CTVA,33.7400016784668,33.75,32.91999816894531,33.06999969482422,30.970972061157227,3697400
2020-10-21,CTVA,CTVA,33.099998474121094,33.290000915527344,32.73099899291992,32.900001525878906,30.811767578125,3451400
2020-10-22,CTVA,CTVA,32.939998626708984,33.369998931884766,32.75,33.130001068115234,31.027172088623047,2646200
2020-10-23,CTVA,CTVA,33.150001525878906,33.494998931884766,33.040000915527344,33.16999816894531,31.064626693725586,3552400
2020-10-26,CTVA,CTVA,32.83000183105469,33.0,32.20500183105469,32.709999084472656,30.633827209472656,2679000
2020-10-27,CTVA,CTVA,32.779998779296875,32.84000015258789,32.33000183105469,32.34000015258789,30.287307739257812,2268400
2020-10-28,CTVA,CTVA,31.459999084472656,32.119998931884766,31.15999984741211,31.860000610351562,29.837778091430664,3974000
2020-10-29,CTVA,CTVA,31.600000381469727,32.685001373291016,31.540000915527344,32.5,30.43716049194336,3936000
2020-10-30,CTVA,CTVA,32.38999938964844,32.97999954223633,32.11000061035156,32.97999954223633,30.886699676513672,4327700
2020-11-02,CTVA,CTVA,33.279998779296875,33.84000015258789,33.099998474121094,33.47999954223633,31.354955673217773,3722000
2020-11-03,CTVA,CTVA,33.400001525878906,33.54999923706055,32.529998779296875,32.93000030517578,30.839868545532227,3620600
2020-11-04,CTVA,CTVA,32.959999084472656,33.3849983215332,32.11000061035156,32.779998779296875,30.69937515258789,3832400
2020-11-05,CTVA,CTVA,33.150001525878906,34.45000076293945,33.09000015258789,33.939998626708984,31.78575325012207,3876100
2020-11-06,CTVA,CTVA,34.189998626708984,34.388999938964844,33.6150016784668,33.70000076293945,31.560993194580078,2576800
2020-11-09,CTVA,CTVA,34.9900016784668,36.279998779296875,34.599998474121094,34.63999938964844,32.44131851196289,4633900
2020-11-10,CTVA,CTVA,34.75,36.38999938964844,34.75,36.22999954223633,33.930397033691406,6713100
2020-11-11,CTVA,CTVA,36.369998931884766,36.900001525878906,36.150001525878906,36.630001068115234,34.305023193359375,4494500
2020-11-12,CTVA,CTVA,36.34000015258789,36.34000015258789,34.8650016784668,35.060001373291016,32.95161437988281,3750300
2020-11-13,CTVA,CTVA,35.130001068115234,36.220001220703125,35.130001068115234,36.0099983215332,33.844482421875,3361500
2020-11-16,CTVA,CTVA,36.900001525878906,37.56999969482422,36.34000015258789,37.43000030517578,35.17908477783203,3498000
2020-11-17,CTVA,CTVA,37.0099983215332,37.29499816894531,36.560001373291016,37.02000045776367,34.793739318847656,3706200
2020-11-18,CTVA,CTVA,37.2400016784668,37.540000915527344,36.689998626708984,36.689998626708984,34.48358154296875,2329400
2020-11-19,CTVA,CTVA,36.63999938964844,37.310001373291016,36.38999938964844,36.959999084472656,34.73735809326172,3274100
2020-11-20,CTVA,CTVA,36.935001373291016,37.27000045776367,36.849998474121094,37.15999984741211,34.92532730102539,2536500
2020-11-23,CTVA,CTVA,37.529998779296875,38.29999923706055,37.52000045776367,37.790000915527344,35.5174446105957,2712000
2020-11-24,CTVA,CTVA,38.15999984741211,39.0099983215332,37.90999984741211,38.900001525878906,36.560691833496094,4449400
2020-11-25,CTVA,CTVA,38.779998779296875,38.88999938964844,38.32500076293945,38.58000183105469,36.25992965698242,2738900
2020-11-27,CTVA,CTVA,38.540000915527344,38.970001220703125,38.31999969482422,38.40999984741211,36.100154876708984,1368500
2020-11-30,CTVA,CTVA,38.40999984741211,38.59000015258789,37.7400016784668,38.31999969482422,36.01557159423828,4864600
2020-12-01,CTVA,CTVA,38.70000076293945,39.439998626708984,38.2400016784668,38.310001373291016,36.00616455078125,3367500
2020-12-02,CTVA,CTVA,38.130001068115234,38.67499923706055,37.90999984741211,38.27000045776367,35.96857833862305,3503800
2020-12-03,CTVA,CTVA,38.15999984741211,38.619998931884766,37.86000061035156,38.209999084472656,35.91218948364258,2874200
2020-12-04,CTVA,CTVA,38.38999938964844,38.81999969482422,38.25,38.650001525878906,36.32572555541992,3633500
2020-12-07,CTVA,CTVA,38.4900016784668,38.775001525878906,37.834999084472656,37.939998626708984,35.658416748046875,3012900
2020-12-08,CTVA,CTVA,37.7599983215332,38.45500183105469,37.61000061035156,38.41999816894531,36.10955047607422,4178100
2020-12-09,CTVA,CTVA,38.470001220703125,39.369998931884766,38.459999084472656,39.0099983215332,36.664066314697266,3293800
2020-12-10,CTVA,CTVA,38.66999816894531,39.22999954223633,38.4900016784668,38.7400016784668,36.41030502319336,3124000
2020-12-11,CTVA,CTVA,38.310001373291016,38.70000076293945,38.060001373291016,38.38999938964844,36.08135986328125,3131000
2020-12-14,CTVA,CTVA,40.0,40.22999954223633,38.71500015258789,38.7599983215332,36.429100036621094,3594000
2020-12-15,CTVA,CTVA,39.2400016784668,39.31800079345703,38.2400016784668,39.220001220703125,36.861446380615234,3789100
2020-12-16,CTVA,CTVA,39.29999923706055,39.29999923706055,38.619998931884766,39.08000183105469,36.72986602783203,3164700
2020-12-17,CTVA,CTVA,39.33000183105469,39.70000076293945,39.21200180053711,39.68000030517578,37.293785095214844,4322000
2020-12-18,CTVA,CTVA,39.41999816894531,39.68000030517578,38.82500076293945,39.40999984741211,37.040016174316406,9395000
2020-12-21,CTVA,CTVA,38.65999984741211,39.619998931884766,38.32099914550781,39.54999923706055,37.171592712402344,2894300
2020-12-22,CTVA,CTVA,39.61000061035156,39.71500015258789,38.95000076293945,38.97999954223633,36.63587188720703,2713800
2020-12-23,CTVA,CTVA,39.11000061035156,39.540000915527344,39.11000061035156,39.18000030517578,36.823856353759766,2330800
2020-12-24,CTVA,CTVA,39.029998779296875,39.54999923706055,39.029998779296875,39.5,37.124603271484375,847600
2020-12-28,CTVA,CTVA,39.369998931884766,39.56999969482422,38.31999969482422,38.349998474121094,36.043758392333984,2545800
2020-12-29,CTVA,CTVA,38.66999816894531,38.91999816894531,37.67499923706055,37.939998626708984,35.658416748046875,3183900
2020-12-30,CTVA,CTVA,38.189998626708984,38.689998626708984,38.0099983215332,38.439998626708984,36.12834548950195,3396800
2020-12-31,CTVA,CTVA,38.65999984741211,38.970001220703125,38.290000915527344,38.720001220703125,36.391517639160156,2316800
2021-01-04,CTVA,CTVA,38.869998931884766,39.20000076293945,38.09000015258789,38.349998474121094,36.043758392333984,3693700
2021-01-05,CTVA,CTVA,38.279998779296875,39.04999923706055,38.220001220703125,38.81999969482422,36.485496520996094,2647700
2021-01-06,CTVA,CTVA,39.31999969482422,41.5099983215332,38.9900016784668,41.06999969482422,38.600189208984375,4991400
2021-01-07,CTVA,CTVA,41.650001525878906,42.4900016784668,41.380001068115234,41.79999923706055,39.286285400390625,3986200
2021-01-08,CTVA,CTVA,42.52000045776367,43.33000183105469,42.16999816894531,43.25,40.64909362792969,4667300
2021-01-11,CTVA,CTVA,42.63999938964844,43.7599983215332,42.45500183105469,43.619998931884766,40.99684143066406,3624100
2021-01-12,CTVA,CTVA,43.5,44.849998474121094,43.08000183105469,44.58000183105469,41.89911651611328,4517800
2021-01-13,CTVA,CTVA,44.47999954223633,44.959999084472656,43.459999084472656,44.130001068115234,41.47616958618164,2634700
2021-01-14,CTVA,CTVA,44.310001373291016,44.7400016784668,44.060001373291016,44.209999084472656,41.551368713378906,2113100
2021-01-15,CTVA,CTVA,43.880001068115234,43.9900016784668,43.04999923706055,43.75,41.11902618408203,3792200
2021-01-19,CTVA,CTVA,43.70000076293945,43.810001373291016,42.900001525878906,43.529998779296875,40.912254333496094,2507900
2021-01-20,CTVA,CTVA,43.880001068115234,43.900001525878906,43.290000915527344,43.65999984741211,41.03443908691406,2660900
2021-01-21,CTVA,CTVA,43.790000915527344,44.36000061035156,41.33000183105469,41.650001525878906,39.14531707763672,6190400
2021-01-22,CTVA,CTVA,41.279998779296875,42.279998779296875,41.04999923706055,42.060001373291016,39.53065490722656,5239000
2021-01-25,CTVA,CTVA,41.65999984741211,41.849998474121094,40.09000015258789,41.29999923706055,38.81635665893555,4729600
2021-01-26,CTVA,CTVA,41.59000015258789,41.83000183105469,39.470001220703125,39.47999954223633,37.10580062866211,3252100
2021-01-27,CTVA,CTVA,38.83000183105469,38.869998931884766,36.540000915527344,38.689998626708984,36.363319396972656,5413500
2021-01-28,CTVA,CTVA,39.25,40.630001068115234,39.13999938964844,40.290000915527344,37.867103576660156,4019100
2021-01-29,CTVA,CTVA,39.93000030517578,40.38999938964844,39.380001068115234,39.86000061035156,37.46295928955078,3686800
2021-02-01,CTVA,CTVA,40.13999938964844,41.09000015258789,39.86000061035156,40.709999084472656,38.261844635009766,2761800
2021-02-02,CTVA,CTVA,41.279998779296875,41.86000061035156,41.08000183105469,41.4900016784668,38.99494552612305,2451400
2021-02-03,CTVA,CTVA,41.529998779296875,42.13999938964844,41.222999572753906,41.86000061035156,39.34268569946289,2668700
2021-02-04,CTVA,CTVA,41.849998474121094,43.33000183105469,41.20000076293945,42.65999984741211,40.09457015991211,3403300
2021-02-05,CTVA,CTVA,44.68000030517578,44.93000030517578,43.75,43.900001525878906,41.260009765625,3533300
2021-02-08,CTVA,CTVA,43.939998626708984,44.13999938964844,43.29999923706055,43.61000061035156,40.987449645996094,2719500
2021-02-09,CTVA,CTVA,43.66999816894531,43.97999954223633,43.209999084472656,43.43000030517578,40.81827163696289,4515600
2021-02-10,CTVA,CTVA,43.459999084472656,43.54999923706055,42.2400016784668,43.040000915527344,40.45171356201172,3234700
2021-02-11,CTVA,CTVA,42.959999084472656,43.79999923706055,42.880001068115234,43.540000915527344,40.92164993286133,3030100
2021-02-12,CTVA,CTVA,43.54999923706055,44.45500183105469,43.525001525878906,44.369998931884766,41.70174026489258,1973600
2021-02-16,CTVA,CTVA,44.31999969482422,45.35499954223633,44.310001373291016,45.279998779296875,42.5570182800293,2532300
2021-02-17,CTVA,CTVA,45.0,45.17499923706055,44.220001220703125,44.97999954223633,42.27505874633789,1877600
2021-02-18,CTVA,CTVA,44.90999984741211,45.08000183105469,43.439998626708984,44.20000076293945,41.54195785522461,3106400
2021-02-19,CTVA,CTVA,44.36000061035156,45.86000061035156,44.29999923706055,45.470001220703125,42.7355842590332,3558400
2021-02-22,CTVA,CTVA,45.58000183105469,46.7599983215332,45.11000061035156,46.68000030517578,43.872825622558594,4308400
2021-02-23,CTVA,CTVA,46.5099983215332,46.89500045776367,45.880001068115234,46.43000030517578,43.63785934448242,6306000
2021-02-24,CTVA,CTVA,46.4900016784668,47.150001525878906,46.31999969482422,46.40999984741211,43.619056701660156,3217000
2021-02-25,CTVA,CTVA,46.65999984741211,46.65999984741211,45.029998779296875,45.36000061035156,42.632205963134766,2920500
2021-02-26,CTVA,CTVA,45.220001220703125,45.779998779296875,44.369998931884766,45.150001525878906,42.556800842285156,4889100
2021-03-01,CTVA,CTVA,45.81999969482422,46.7400016784668,45.7599983215332,46.27000045776367,43.61247634887695,2553400
2021-03-02,CTVA,CTVA,46.33000183105469,46.810001373291016,45.720001220703125,45.779998779296875,43.15060806274414,2935800
2021-03-03,CTVA,CTVA,45.560001373291016,45.959999084472656,45.099998474121094,45.34000015258789,42.73588180541992,2842400
2021-03-04,CTVA,CTVA,45.09000015258789,45.34000015258789,43.06999969482422,43.849998474121094,41.33146286010742,3530300
2021-03-05,CTVA,CTVA,44.349998474121094,45.01499938964844,42.900001525878906,44.84000015258789,42.264610290527344,2853600
2021-03-08,CTVA,CTVA,45.34000015258789,46.310001373291016,44.86000061035156,44.900001525878906,42.3211555480957,3485300
2021-03-09,CTVA,CTVA,45.029998779296875,45.459999084472656,44.560001373291016,44.709999084472656,42.14207077026367,3973900
2021-03-10,CTVA,CTVA,45.02000045776367,47.13999938964844,44.900001525878906,47.0,44.300537109375,3388500
2021-03-11,CTVA,CTVA,47.25,47.66999816894531,46.75,46.86000061035156,44.1685905456543,2487700
2021-03-12,CTVA,CTVA,47.0,47.09000015258789,46.22999954223633,46.900001525878906,44.2062873840332,2176700
2021-03-15,CTVA,CTVA,46.86000061035156,46.900001525878906,45.54999923706055,46.83000183105469,44.14030456542969,2993300
2021-03-16,CTVA,CTVA,46.83000183105469,46.880001068115234,45.86199951171875,46.16999816894531,43.51821517944336,2300400
2021-03-17,CTVA,CTVA,46.20000076293945,47.29999923706055,46.185001373291016,47.2599983215332,44.54561233520508,2711100
2021-03-18,CTVA,CTVA,47.25,47.97999954223633,46.6150016784668,46.959999084472656,44.262840270996094,3180700
2021-03-19,CTVA,CTVA,46.72999954223633,47.66999816894531,46.06999969482422,47.06999969482422,44.36652374267578,9286600
2021-03-22,CTVA,CTVA,47.599998474121094,47.959999084472656,46.849998474121094,47.29999923706055,44.583316802978516,3358900
2021-03-23,CTVA,CTVA,46.689998626708984,47.0,45.56999969482422,45.849998474121094,43.21658706665039,4287200
2021-03-24,CTVA,CTVA,46.16999816894531,46.810001373291016,45.9900016784668,46.189998626708984,43.53706741333008,3425200
2021-03-25,CTVA,CTVA,45.93000030517578,47.11000061035156,45.599998474121094,46.779998779296875,44.09317398071289,3739800
2021-03-26,CTVA,CTVA,47.349998474121094,48.04999923706055,46.90999984741211,47.90999984741211,45.15828323364258,3358500
2021-03-29,CTVA,CTVA,47.779998779296875,48.47999954223633,47.52000045776367,47.77000045776367,45.02631759643555,4063200
2021-03-30,CTVA,CTVA,47.58000183105469,47.88999938964844,46.7400016784668,46.939998626708984,44.24399185180664,2573000
2021-03-31,CTVA,CTVA,46.86000061035156,47.290000915527344,46.255001068115234,46.619998931884766,43.9423713684082,3814100
2021-04-01,CTVA,CTVA,46.939998626708984,46.97999954223633,46.040000915527344,46.7400016784668,44.055477142333984,2976900
2021-04-05,CTVA,CTVA,46.880001068115234,47.2400016784668,46.63999938964844,47.040000915527344,44.338253021240234,3039100
2021-04-06,CTVA,CTVA,47.099998474121094,47.970001220703125,46.900001525878906,47.7400016784668,44.998050689697266,2541300
2021-04-07,CTVA,CTVA,47.79999923706055,47.79999923706055,46.540000915527344,46.75,44.06489944458008,2208900
2021-04-08,CTVA,CTVA,46.5099983215332,47.119998931884766,46.18000030517578,46.93000030517578,44.234561920166016,2181800
2021-04-09,CTVA,CTVA,47.27000045776367,47.64500045776367,46.81999969482422,47.130001068115234,44.42308044433594,2552900
2021-04-12,CTVA,CTVA,47.36000061035156,47.650001525878906,46.83000183105469,47.099998474121094,44.39480209350586,2449800
2021-04-13,CTVA,CTVA,47.11000061035156,47.20000076293945,46.5099983215332,46.869998931884766,44.178009033203125,2542700
2021-04-14,CTVA,CTVA,46.83000183105469,47.63999938964844,46.77000045776367,47.220001220703125,44.50790786743164,2958000
2021-04-15,CTVA,CTVA,47.59000015258789,47.71500015258789,46.87300109863281,47.52000045776367,44.790679931640625,2190300
2021-04-16,CTVA,CTVA,47.970001220703125,48.13999938964844,47.290000915527344,47.5,44.77183151245117,2834900
2021-04-19,CTVA,CTVA,47.709999084472656,47.880001068115234,46.900001525878906,47.52000045776367,44.790679931640625,3157200
2021-04-20,CTVA,CTVA,47.36000061035156,47.82500076293945,46.65999984741211,46.959999084472656,44.262840270996094,2421900
2021-04-21,CTVA,CTVA,46.880001068115234,48.29999923706055,46.72999954223633,48.279998779296875,45.50702667236328,2732600
2021-04-22,CTVA,CTVA,48.34000015258789,48.869998931884766,47.689998626708984,48.08000183105469,45.318511962890625,3445600
2021-04-23,CTVA,CTVA,48.09000015258789,48.915000915527344,47.95000076293945,48.630001068115234,45.83692169189453,2501300
2021-04-26,CTVA,CTVA,48.720001220703125,49.34000015258789,48.64500045776367,48.869998931884766,46.063133239746094,1890000
2021-04-27,CTVA,CTVA,48.790000915527344,49.27000045776367,48.599998474121094,49.15999984741211,46.336483001708984,2083400
2021-04-28,CTVA,CTVA,49.41999816894531,49.810001373291016,49.060001373291016,49.189998626708984,46.36476135253906,2641600
2021-04-29,CTVA,CTVA,49.560001373291016,49.72999954223633,49.02000045776367,49.560001373291016,46.7135009765625,1809000
2021-04-30,CTVA,CTVA,49.400001525878906,49.755001068115234,48.70000076293945,48.7599983215332,45.95945739746094,2426100
2021-05-03,CTVA,CTVA,49.22999954223633,49.97999954223633,49.06999969482422,49.72999954223633,46.87374496459961,2480700
2021-05-04,CTVA,CTVA,49.0,49.84000015258789,48.7599983215332,49.790000915527344,46.93029022216797,3447100
2021-05-05,CTVA,CTVA,47.54999923706055,47.9900016784668,46.810001373291016,47.68000030517578,44.94148254394531,4184300
2021-05-06,CTVA,CTVA,47.810001373291016,48.45000076293945,46.56999969482422,48.40999984741211,45.62956237792969,3228800
2021-05-07,CTVA,CTVA,48.279998779296875,49.292999267578125,48.18000030517578,48.86000061035156,46.05370330810547,3362700
2021-05-10,CTVA,CTVA,49.189998626708984,49.97999954223633,46.84000015258789,46.9900016784668,44.291114807128906,5547300
2021-05-11,CTVA,CTVA,46.290000915527344,47.25,45.70000076293945,47.09000015258789,44.3853759765625,4086200
2021-05-12,CTVA,CTVA,47.529998779296875,47.599998474121094,45.040000915527344,45.18000030517578,42.585079193115234,4909600
2021-05-13,CTVA,CTVA,45.20000076293945,46.22999954223633,44.880001068115234,45.91999816894531,43.407466888427734,6047400
2021-05-14,CTVA,CTVA,46.33000183105469,46.790000915527344,46.099998474121094,46.31999969482422,43.785587310791016,2211900
2021-05-17,CTVA,CTVA,46.540000915527344,46.66999816894531,45.88999938964844,46.220001220703125,43.6910514831543,4149000
2021-05-18,CTVA,CTVA,45.959999084472656,46.290000915527344,45.70000076293945,45.779998779296875,43.275123596191406,3353400
2021-05-19,CTVA,CTVA,45.33000183105469,45.43000030517578,44.439998626708984,44.81999969482422,42.367652893066406,3138400
2021-05-20,CTVA,CTVA,44.790000915527344,44.93000030517578,44.09000015258789,44.130001068115234,41.71541213989258,4225900
2021-05-21,CTVA,CTVA,44.65999984741211,45.290000915527344,44.599998474121094,44.70000076293945,42.25422668457031,4346100
2021-05-24,CTVA,CTVA,45.040000915527344,45.45000076293945,44.91299819946289,45.150001525878906,42.679603576660156,4032000
2021-05-25,CTVA,CTVA,45.099998474121094,45.71500015258789,44.58000183105469,44.599998474121094,42.159698486328125,3549500
2021-05-26,CTVA,CTVA,44.779998779296875,45.02000045776367,44.36000061035156,44.779998779296875,42.32984924316406,4609100
2021-05-27,CTVA,CTVA,45.29999923706055,45.79999923706055,45.04999923706055,45.18000030517578,42.70795822143555,3708600
2021-05-28,CTVA,CTVA,45.41999816894531,45.68000030517578,45.150001525878906,45.5,43.01045608520508,3028100
2021-06-01,CTVA,CTVA,46.0,46.172000885009766,45.70500183105469,45.970001220703125,43.45474624633789,2543100
2021-06-02,CTVA,CTVA,46.11000061035156,46.1150016784668,45.40999984741211,45.65999984741211,43.16169738769531,2729400
2021-06-03,CTVA,CTVA,45.31999969482422,46.16999816894531,45.13999938964844,45.97999954223633,43.46418762207031,3318100
2021-06-04,CTVA,CTVA,46.20000076293945,46.362998962402344,45.810001373291016,45.959999084472656,43.445281982421875,1437600
2021-06-07,CTVA,CTVA,46.0,46.279998779296875,45.209999084472656,45.93000030517578,43.41691970825195,1989000
2021-06-08,CTVA,CTVA,45.77000045776367,46.349998474121094,45.470001220703125,45.900001525878906,43.38856506347656,2464800
2021-06-09,CTVA,CTVA,45.849998474121094,45.959999084472656,45.40999984741211,45.4900016784668,43.000999450683594,3077400
2021-06-10,CTVA,CTVA,45.939998626708984,46.0099983215332,44.54999923706055,44.560001373291016,42.121883392333984,2921800
2021-06-11,CTVA,CTVA,44.88999938964844,45.29999923706055,44.29999923706055,44.540000915527344,42.10297393798828,2942800
2021-06-14,CTVA,CTVA,44.470001220703125,44.560001373291016,43.709999084472656,43.959999084472656,41.55471420288086,2263800
2021-06-15,CTVA,CTVA,44.09000015258789,44.66999816894531,43.709999084472656,44.310001373291016,41.885562896728516,2747700
2021-06-16,CTVA,CTVA,44.25,44.290000915527344,43.525001525878906,43.70000076293945,41.30894088745117,3422100
2021-06-17,CTVA,CTVA,43.65999984741211,43.779998779296875,42.5099983215332,43.5099983215332,41.12933349609375,5380700
2021-06-18,CTVA,CTVA,42.7400016784668,43.189998626708984,42.59000015258789,42.709999084472656,40.373104095458984,7900400
2021-06-21,CTVA,CTVA,43.150001525878906,43.79999923706055,43.150001525878906,43.40999984741211,41.03480911254883,3819300
2021-06-22,CTVA,CTVA,43.470001220703125,43.70000076293945,43.099998474121094,43.4900016784668,41.11043930053711,2226100
2021-06-23,CTVA,CTVA,43.47999954223633,44.025001525878906,43.47999954223633,43.56999969482422,41.18605041503906,2627100
2021-06-24,CTVA,CTVA,43.84000015258789,44.875,43.459999084472656,44.349998474121094,41.92337417602539,3528900
2021-06-25,CTVA,CTVA,44.650001525878906,44.72999954223633,44.0,44.15999984741211,41.743770599365234,3675800
2021-06-28,CTVA,CTVA,44.150001525878906,44.46500015258789,43.564998626708984,44.34000015258789,41.913917541503906,3515000
2021-06-29,CTVA,CTVA,44.7400016784668,45.060001373291016,44.189998626708984,44.279998779296875,41.85720443725586,2121800
2021-06-30,CTVA,CTVA,44.43000030517578,44.46500015258789,44.03499984741211,44.349998474121094,41.92337417602539,3230200
2021-07-01,CTVA,CTVA,44.540000915527344,44.900001525878906,44.07500076293945,44.619998931884766,42.17860412597656,2103800
2021-07-02,CTVA,CTVA,44.73500061035156,44.81999969482422,44.20000076293945,44.5,42.06517028808594,1833900
2021-07-06,CTVA,CTVA,44.45000076293945,44.5,43.81999969482422,44.09000015258789,41.67760467529297,2183600
2021-07-07,CTVA,CTVA,43.7599983215332,44.349998474121094,42.880001068115234,43.380001068115234,41.00645065307617,3348100
2021-07-08,CTVA,CTVA,42.939998626708984,43.290000915527344,42.56100082397461,42.900001525878906,40.552711486816406,2307700
2021-07-09,CTVA,CTVA,43.54999923706055,43.619998931884766,42.95500183105469,43.45000076293945,41.07262420654297,3265600
2021-07-12,CTVA,CTVA,42.88999938964844,44.0099983215332,42.689998626708984,43.79999923706055,41.40346908569336,2485500
2021-07-13,CTVA,CTVA,43.91999816894531,44.099998474121094,42.95000076293945,43.04999923706055,40.69450378417969,2388200
2021-07-14,CTVA,CTVA,43.099998474121094,43.68000030517578,42.58000183105469,42.66999816894531,40.335296630859375,3114200
2021-07-15,CTVA,CTVA,42.400001525878906,43.040000915527344,42.119998931884766,42.41999816894531,40.098976135253906,2904400
2021-07-16,CTVA,CTVA,42.4900016784668,42.650001525878906,41.595001220703125,41.810001373291016,39.52235794067383,3419700
2021-07-19,CTVA,CTVA,41.13999938964844,41.31999969482422,40.599998474121094,40.93000030517578,38.69050979614258,4629200
2021-07-20,CTVA,CTVA,40.90999984741211,42.02000045776367,40.7400016784668,41.72999954223633,39.44673156738281,2978300
2021-07-21,CTVA,CTVA,42.25,42.68000030517578,42.064998626708984,42.209999084472656,39.90046691894531,3482700
2021-07-22,CTVA,CTVA,42.34000015258789,42.3849983215332,41.724998474121094,42.27000045776367,39.957183837890625,1458500
2021-07-23,CTVA,CTVA,42.459999084472656,42.459999084472656,41.900001525878906,42.130001068115234,39.82484436035156,1590300
2021-07-26,CTVA,CTVA,42.2599983215332,42.45000076293945,41.849998474121094,42.349998474121094,40.03281021118164,2840200
2021-07-27,CTVA,CTVA,42.0,42.58000183105469,41.40999984741211,42.529998779296875,40.20295333862305,2860100
2021-07-28,CTVA,CTVA,42.66999816894531,43.150001525878906,42.45000076293945,42.81999969482422,40.47709655761719,2819800
2021-07-29,CTVA,CTVA,43.27000045776367,43.779998779296875,43.11000061035156,43.220001220703125,40.855194091796875,2394500
2021-07-30,CTVA,CTVA,42.810001373291016,43.494998931884766,42.720001220703125,42.779998779296875,40.43927001953125,2116200
2021-08-02,CTVA,CTVA,43.0,43.45000076293945,42.45000076293945,42.47999954223633,40.15568923950195,1803300
2021-08-03,CTVA,CTVA,42.599998474121094,43.10499954223633,42.27000045776367,43.06999969482422,40.713409423828125,3147200
2021-08-04,CTVA,CTVA,42.790000915527344,42.88999938964844,42.2400016784668,42.27000045776367,39.957183837890625,2159000
2021-08-05,CTVA,CTVA,42.33000183105469,42.66999816894531,41.40999984741211,41.439998626708984,39.1725959777832,5051800
2021-08-06,CTVA,CTVA,44.0,45.709999084472656,43.75,44.7599983215332,42.310935974121094,6031100
2021-08-09,CTVA,CTVA,44.86000061035156,45.560001373291016,44.560001373291016,45.18000030517578,42.70795822143555,4724200
2021-08-10,CTVA,CTVA,45.15999984741211,45.83000183105469,45.029998779296875,45.630001068115234,43.13333511352539,3043700
2021-08-11,CTVA,CTVA,45.650001525878906,45.880001068115234,45.34000015258789,45.7400016784668,43.237327575683594,2455500
2021-08-12,CTVA,CTVA,45.61000061035156,46.18000030517578,45.11000061035156,46.060001373291016,43.673484802246094,2987400
2021-08-13,CTVA,CTVA,46.13999938964844,46.33000183105469,45.900001525878906,45.9900016784668,43.607112884521484,2872700
2021-08-16,CTVA,CTVA,45.5,45.65999984741211,45.11000061035156,45.16999816894531,42.8296012878418,4732800
2021-08-17,CTVA,CTVA,45.0,45.25,44.34000015258789,45.06999969482422,42.73478317260742,6382800
2021-08-18,CTVA,CTVA,44.81999969482422,45.32500076293945,43.900001525878906,43.939998626708984,41.66332244873047,3524700
2021-08-19,CTVA,CTVA,43.2599983215332,43.685001373291016,42.470001220703125,42.54999923706055,40.3453483581543,2458000
2021-08-20,CTVA,CTVA,42.4900016784668,42.810001373291016,41.834999084472656,41.939998626708984,39.76696014404297,3006200
2021-08-23,CTVA,CTVA,42.16999816894531,42.369998931884766,41.85499954223633,41.95000076293945,39.77643585205078,3609800
2021-08-24,CTVA,CTVA,42.0099983215332,42.81999969482422,42.0099983215332,42.54999923706055,40.3453483581543,3524600
2021-08-25,CTVA,CTVA,42.470001220703125,43.96500015258789,42.27000045776367,43.779998779296875,41.51161575317383,3784400
2021-08-26,CTVA,CTVA,43.849998474121094,44.53499984741211,43.65999984741211,43.9900016784668,41.71073532104492,3495500
2021-08-27,CTVA,CTVA,44.22999954223633,44.834999084472656,44.099998474121094,44.18000030517578,41.890899658203125,2580300
2021-08-30,CTVA,CTVA,44.27000045776367,44.27000045776367,43.709999084472656,43.7599983215332,41.49266052246094,1854900
2021-08-31,CTVA,CTVA,43.88999938964844,44.029998779296875,43.47999954223633,43.970001220703125,41.6917724609375,4187000
2021-09-01,CTVA,CTVA,44.36000061035156,44.494998931884766,43.63999938964844,44.380001068115234,42.080543518066406,2518000
2021-09-02,CTVA,CTVA,44.439998626708984,45.43000030517578,44.40999984741211,44.91999816894531,42.59255599975586,2817600
2021-09-03,CTVA,CTVA,44.810001373291016,45.474998474121094,44.810001373291016,44.91999816894531,42.59255599975586,3472000
2021-09-07,CTVA,CTVA,44.619998931884766,44.7599983215332,44.290000915527344,44.33000183105469,42.03312683105469,2455100
2021-09-08,CTVA,CTVA,44.34000015258789,44.599998474121094,43.599998474121094,44.13999938964844,41.85296630859375,3013300
2021-09-09,CTVA,CTVA,43.91999816894531,44.13999938964844,43.52000045776367,43.58000183105469,41.321983337402344,2703300
2021-09-10,CTVA,CTVA,44.119998931884766,44.119998931884766,43.36000061035156,43.41999816894531,41.17027282714844,2061200
2021-09-13,CTVA,CTVA,43.599998474121094,43.849998474121094,42.619998931884766,43.13999938964844,40.904788970947266,1907400
2021-09-14,CTVA,CTVA,43.36000061035156,43.459999084472656,42.15999984741211,42.2599983215332,40.07037353515625,1787500
2021-09-15,CTVA,CTVA,42.29999923706055,43.09000015258789,42.23500061035156,42.970001220703125,40.74359130859375,2177900
2021-09-16,CTVA,CTVA,42.900001525878906,42.97999954223633,42.29999923706055,42.58000183105469,40.3737907409668,2711200
2021-09-17,CTVA,CTVA,42.45000076293945,42.93000030517578,41.310001373291016,41.869998931884766,39.70058822631836,7032100
2021-09-20,CTVA,CTVA,41.0,41.56999969482422,40.720001220703125,41.4900016784668,39.340274810791016,2506600
2021-09-21,CTVA,CTVA,41.66999816894531,41.79999923706055,41.1349983215332,41.400001525878906,39.25494384765625,3350900
2021-09-22,CTVA,CTVA,41.880001068115234,42.39500045776367,41.779998779296875,41.939998626708984,39.76696014404297,2126700
2021-09-23,CTVA,CTVA,42.20000076293945,42.790000915527344,42.119998931884766,42.40999984741211,40.212608337402344,2644000
2021-09-24,CTVA,CTVA,42.25,42.54999923706055,42.029998779296875,42.310001373291016,40.1177864074707,2311800
2021-09-27,CTVA,CTVA,42.369998931884766,43.56999969482422,42.369998931884766,43.459999084472656,41.208194732666016,2967200
2021-09-28,CTVA,CTVA,43.58000183105469,44.0099983215332,42.685001373291016,43.040000915527344,40.80996322631836,2988400
2021-09-29,CTVA,CTVA,43.18000030517578,43.22999954223633,42.61000061035156,42.86000061035156,40.639278411865234,2024700
2021-09-30,CTVA,CTVA,42.900001525878906,43.08000183105469,42.060001373291016,42.08000183105469,39.89970397949219,2433200
2021-10-01,CTVA,CTVA,42.349998474121094,43.8650016784668,42.189998626708984,43.5,41.24612808227539,3540600
2021-10-04,CTVA,CTVA,43.599998474121094,43.869998931884766,42.40999984741211,42.54999923706055,40.3453483581543,2853900
2021-10-05,CTVA,CTVA,42.689998626708984,43.8849983215332,42.47999954223633,43.459999084472656,41.208194732666016,3173800
2021-10-06,CTVA,CTVA,42.849998474121094,43.03499984741211,41.56800079345703,42.0,39.82384490966797,3050200
2021-10-07,CTVA,CTVA,42.470001220703125,43.04999923706055,42.290000915527344,42.4900016784668,40.288455963134766,2005400
2021-10-08,CTVA,CTVA,42.7599983215332,43.20000076293945,42.5,42.779998779296875,40.563438415527344,1402700
2021-10-11,CTVA,CTVA,42.93000030517578,43.38999938964844,42.41999816894531,42.459999084472656,40.26001739501953,1257900
2021-10-12,CTVA,CTVA,42.209999084472656,42.560001373291016,41.779998779296875,41.95000076293945,39.77643585205078,1609000
2021-10-13,CTVA,CTVA,42.31999969482422,42.349998474121094,41.369998931884766,42.2400016784668,40.05141830444336,2374000
2021-10-14,CTVA,CTVA,42.59000015258789,43.61000061035156,42.529998779296875,43.369998931884766,41.122859954833984,1530600
2021-10-15,CTVA,CTVA,43.68000030517578,43.92499923706055,43.33000183105469,43.5099983215332,41.25560760498047,2226100
2021-10-18,CTVA,CTVA,42.42499923706055,43.52000045776367,42.11000061035156,43.279998779296875,41.03752517700195,2104600
2021-10-19,CTVA,CTVA,43.5099983215332,43.67499923706055,42.93000030517578,43.630001068115234,41.36940383911133,1418600
2021-10-20,CTVA,CTVA,43.54999923706055,44.529998779296875,43.54999923706055,44.130001068115234,41.84348678588867,2084900
2021-10-21,CTVA,CTVA,43.83000183105469,44.0,42.59000015258789,42.709999084472656,40.4970588684082,2653300
2021-10-22,CTVA,CTVA,42.75,43.25,42.58000183105469,42.75,40.53498840332031,1875700
2021-10-25,CTVA,CTVA,42.9900016784668,43.099998474121094,42.4900016784668,42.52000045776367,40.31690979003906,3361100
2021-10-26,CTVA,CTVA,42.650001525878906,42.85499954223633,42.308998107910156,42.709999084472656,40.4970588684082,1656700
2021-10-27,CTVA,CTVA,42.459999084472656,42.54999923706055,42.06999969482422,42.11000061035156,39.92815399169922,2147300
2021-10-28,CTVA,CTVA,42.189998626708984,43.13999938964844,42.189998626708984,43.040000915527344,40.80996322631836,2593400
2021-10-29,CTVA,CTVA,42.90999984741211,43.4900016784668,42.689998626708984,43.150001525878906,40.914268493652344,3683900
2021-11-01,CTVA,CTVA,43.16999816894531,43.43000030517578,42.849998474121094,43.0099983215332,40.781517028808594,2651700
2021-11-02,CTVA,CTVA,43.04999923706055,43.34000015258789,42.13999938964844,42.84000015258789,40.62031555175781,4306700
2021-11-03,CTVA,CTVA,42.619998931884766,45.13999938964844,42.619998931884766,44.810001373291016,42.48825454711914,4392900
2021-11-04,CTVA,CTVA,45.5,47.650001525878906,45.18000030517578,47.400001525878906,44.94405746459961,4465900
2021-11-05,CTVA,CTVA,47.68000030517578,48.56999969482422,47.29999923706055,47.599998474121094,45.133697509765625,2727300
2021-11-08,CTVA,CTVA,47.90999984741211,48.18000030517578,46.40999984741211,46.540000915527344,44.12862014770508,4538200
2021-11-09,CTVA,CTVA,46.619998931884766,48.119998931884766,46.61000061035156,47.849998474121094,45.37074279785156,2541700
2021-11-10,CTVA,CTVA,47.45000076293945,48.18000030517578,47.29999923706055,47.68000030517578,45.34221267700195,2025300
2021-11-11,CTVA,CTVA,47.61000061035156,48.29999923706055,47.560001373291016,47.689998626708984,45.35171890258789,1397400
2021-11-12,CTVA,CTVA,47.900001525878906,48.77000045776367,47.834999084472656,48.70000076293945,46.312198638916016,3811500
2021-11-15,CTVA,CTVA,49.064998626708984,49.400001525878906,48.09000015258789,48.369998931884766,45.998382568359375,1790700
2021-11-16,CTVA,CTVA,48.869998931884766,49.099998474121094,48.400001525878906,48.43000030517578,46.05544662475586,1645700
2021-11-17,CTVA,CTVA,48.22999954223633,48.72999954223633,48.04999923706055,48.349998474121094,45.97936248779297,1533100
2021-11-18,CTVA,CTVA,48.58000183105469,49.0,48.279998779296875,48.66999816894531,46.283668518066406,2404900
2021-11-19,CTVA,CTVA,48.33000183105469,48.4900016784668,47.64500045776367,47.810001373291016,45.465843200683594,3253700
2021-11-22,CTVA,CTVA,47.95000076293945,48.76499938964844,47.540000915527344,47.54999923706055,45.21858596801758,2710700
2021-11-23,CTVA,CTVA,47.70000076293945,47.9900016784668,47.02000045776367,47.900001525878906,45.55141830444336,2005200
2021-11-24,CTVA,CTVA,47.540000915527344,47.849998474121094,47.27000045776367,47.56999969482422,45.237606048583984,1291900
2021-11-26,CTVA,CTVA,46.20000076293945,47.0099983215332,46.119998931884766,46.83000183105469,44.53388977050781,1306500
2021-11-29,CTVA,CTVA,47.29499816894531,47.400001525878906,46.43000030517578,46.59000015258789,44.30565643310547,2080700
2021-11-30,CTVA,CTVA,46.29999923706055,46.41999816894531,44.77000045776367,45.0,42.79362106323242,4761900
2021-12-01,CTVA,CTVA,45.779998779296875,46.970001220703125,44.63999938964844,44.65999984741211,42.47028350830078,2598900
2021-12-02,CTVA,CTVA,44.97999954223633,46.5,44.8849983215332,46.189998626708984,43.92525863647461,2705200
2021-12-03,CTVA,CTVA,46.25,47.5,45.57500076293945,46.040000915527344,43.782623291015625,3760300
2021-12-06,CTVA,CTVA,46.63999938964844,47.54999923706055,46.34000015258789,47.099998474121094,44.790653228759766,3202300
2021-12-07,CTVA,CTVA,47.68000030517578,48.41999816894531,47.4900016784668,47.75,45.40877914428711,2661700
2021-12-08,CTVA,CTVA,48.09000015258789,48.349998474121094,47.49700164794922,48.11000061035156,45.75113296508789,2712200
2021-12-09,CTVA,CTVA,47.79999923706055,48.41999816894531,47.72999954223633,48.029998779296875,45.67505645751953,1983900
2021-12-10,CTVA,CTVA,48.400001525878906,48.65999984741211,47.689998626708984,47.959999084472656,45.60847473144531,2242500
2021-12-13,CTVA,CTVA,47.599998474121094,47.650001525878906,46.54999923706055,46.630001068115234,44.34370422363281,2268800
2021-12-14,CTVA,CTVA,46.540000915527344,47.029998779296875,46.125,46.310001373291016,44.03938674926758,2425100
2021-12-15,CTVA,CTVA,46.2599983215332,46.2599983215332,45.119998931884766,46.09000015258789,43.83017349243164,2913100
2021-12-16,CTVA,CTVA,46.439998626708984,47.45500183105469,46.29999923706055,46.97999954223633,44.67653274536133,3363800
2021-12-17,CTVA,CTVA,47.13999938964844,47.13999938964844,45.939998626708984,46.08000183105469,43.82065963745117,6903500
2021-12-20,CTVA,CTVA,45.68000030517578,45.68000030517578,43.88999938964844,44.7599983215332,42.56537628173828,3372700
2021-12-21,CTVA,CTVA,45.27000045776367,46.119998931884766,45.06999969482422,45.81999969482422,43.573402404785156,2223400
2021-12-22,CTVA,CTVA,45.849998474121094,46.220001220703125,45.650001525878906,45.93000030517578,43.678016662597656,2940500
2021-12-23,CTVA,CTVA,46.02000045776367,46.790000915527344,45.939998626708984,46.439998626708984,44.16301727294922,1923800
2021-12-27,CTVA,CTVA,46.38999938964844,47.029998779296875,46.25,47.0099983215332,44.70506286621094,1310500
2021-12-28,CTVA,CTVA,46.939998626708984,47.540000915527344,46.810001373291016,47.380001068115234,45.05691146850586,1616700
2021-12-29,CTVA,CTVA,47.209999084472656,47.529998779296875,47.029998779296875,47.349998474121094,45.02839279174805,1160900
2021-12-30,CTVA,CTVA,47.5,47.7599983215332,47.060001373291016,47.119998931884766,44.809669494628906,1192200
2021-12-31,CTVA,CTVA,46.939998626708984,47.41999816894531,46.880001068115234,47.279998779296875,44.961822509765625,1457000
2022-01-03,CTVA,CTVA,47.400001525878906,47.779998779296875,46.790000915527344,46.900001525878906,44.60045623779297,2071200
2022-01-04,CTVA,CTVA,47.11000061035156,48.33000183105469,47.11000061035156,47.77000045776367,45.42781066894531,2529200
2022-01-05,CTVA,CTVA,48.02000045776367,48.2599983215332,47.209999084472656,47.2400016784668,44.923789978027344,2498600
2022-01-06,CTVA,CTVA,47.540000915527344,48.25,47.06999969482422,47.900001525878906,45.55141830444336,2685800
2022-01-07,CTVA,CTVA,47.900001525878906,48.79999923706055,47.79999923706055,48.41999816894531,46.04593276977539,2463600
2022-01-10,CTVA,CTVA,48.29999923706055,48.29999923706055,46.81999969482422,47.38999938964844,45.06643295288086,2145200
2022-01-11,CTVA,CTVA,47.5099983215332,48.4900016784668,47.25,48.40999984741211,46.036415100097656,1867000
2022-01-12,CTVA,CTVA,48.970001220703125,49.349998474121094,48.4900016784668,48.86000061035156,46.46435546875,1988000
2022-01-13,CTVA,CTVA,48.81999969482422,49.40999984741211,48.540000915527344,48.900001525878906,46.50239562988281,2107800
2022-01-14,CTVA,CTVA,48.31999969482422,48.779998779296875,47.814998626708984,48.599998474121094,46.21710205078125,2039600
2022-01-18,CTVA,CTVA,48.13999938964844,48.36000061035156,47.75,48.13999938964844,45.779659271240234,1877800
2022-01-19,CTVA,CTVA,48.43000030517578,48.5,47.16999816894531,47.220001220703125,44.904762268066406,2530800
2022-01-20,CTVA,CTVA,47.5,47.97999954223633,46.400001525878906,46.540000915527344,44.25811004638672,2191200
2022-01-21,CTVA,CTVA,46.16999816894531,46.75,45.31999969482422,45.439998626708984,43.2120475769043,2360700
2022-01-24,CTVA,CTVA,44.70000076293945,46.290000915527344,43.7400016784668,46.06999969482422,43.81114959716797,3365500
2022-01-25,CTVA,CTVA,45.040000915527344,46.43000030517578,44.220001220703125,46.04999923706055,43.7921257019043,4314600
2022-01-26,CTVA,CTVA,46.439998626708984,47.11000061035156,45.3849983215332,46.0099983215332,43.75409698486328,2986200
2022-01-27,CTVA,CTVA,46.47999954223633,47.54999923706055,46.29999923706055,46.84000015258789,44.54339599609375,2506200
2022-01-28,CTVA,CTVA,46.7599983215332,47.47999954223633,46.099998474121094,47.459999084472656,45.13299560546875,2271500
2022-01-31,CTVA,CTVA,47.439998626708984,48.20000076293945,47.2599983215332,48.08000183105469,45.722599029541016,2573500
2022-02-01,CTVA,CTVA,47.95000076293945,48.34000015258789,47.36000061035156,47.93000030517578,45.579952239990234,4429000
2022-02-02,CTVA,CTVA,47.869998931884766,48.36000061035156,47.65999984741211,48.130001068115234,45.77015686035156,3597400
2022-02-03,CTVA,CTVA,48.040000915527344,49.349998474121094,47.369998931884766,48.529998779296875,46.15053176879883,4054900
2022-02-04,CTVA,CTVA,48.25,50.755001068115234,48.25,50.25,47.78620910644531,4931500
2022-02-07,CTVA,CTVA,50.349998474121094,50.5,49.349998474121094,49.54999923706055,47.12052917480469,4646600
2022-02-08,CTVA,CTVA,49.650001525878906,50.41999816894531,49.34000015258789,50.369998931884766,47.900325775146484,4336000
2022-02-09,CTVA,CTVA,50.849998474121094,51.625,50.79999923706055,51.540000915527344,49.01295471191406,2901500
2022-02-10,CTVA,CTVA,51.29999923706055,52.380001068115234,50.70000076293945,50.95000076293945,48.451881408691406,4628200
2022-02-11,CTVA,CTVA,50.93000030517578,51.7400016784668,50.470001220703125,51.04999923706055,48.54697799682617,3194800
2022-02-14,CTVA,CTVA,51.20000076293945,51.54999923706055,50.369998931884766,50.900001525878906,48.40433883666992,5552300
2022-02-15,CTVA,CTVA,50.439998626708984,51.130001068115234,50.20000076293945,50.88999938964844,48.39482879638672,4652900
2022-02-16,CTVA,CTVA,51.279998779296875,51.900001525878906,50.900001525878906,51.459999084472656,48.93687438964844,3283700
2022-02-17,CTVA,CTVA,50.85499954223633,51.58000183105469,50.459999084472656,51.27000045776367,48.75618362426758,2920200
2022-02-18,CTVA,CTVA,51.4900016784668,51.810001373291016,50.47999954223633,50.70000076293945,48.214141845703125,2670100
2022-02-22,CTVA,CTVA,50.720001220703125,51.2400016784668,50.25,50.66999816894531,48.185611724853516,2923700
2022-02-23,CTVA,CTVA,50.9900016784668,51.5099983215332,50.310001373291016,50.41999816894531,47.94786071777344,3330800
2022-02-24,CTVA,CTVA,49.599998474121094,50.154998779296875,49.0099983215332,50.04999923706055,47.59600067138672,3156900
2022-02-25,CTVA,CTVA,50.290000915527344,51.86000061035156,50.18000030517578,51.84000015258789,49.298248291015625,3414300
2022-02-28,CTVA,CTVA,51.0099983215332,52.060001373291016,50.650001525878906,52.029998779296875,49.612918853759766,4551900
2022-03-01,CTVA,CTVA,52.119998931884766,52.36000061035156,50.02000045776367,50.369998931884766,48.030033111572266,3091100
2022-03-02,CTVA,CTVA,50.83000183105469,51.810001373291016,50.7400016784668,51.29999923706055,48.91682815551758,4594300
2022-03-03,CTVA,CTVA,51.650001525878906,51.77000045776367,50.92499923706055,51.52000045776367,49.126609802246094,3877000
2022-03-04,CTVA,CTVA,51.040000915527344,51.529998779296875,50.119998931884766,51.47999954223633,49.08846664428711,5847100
2022-03-07,CTVA,CTVA,51.88999938964844,54.02000045776367,51.099998474121094,51.220001220703125,48.840545654296875,8059100
2022-03-08,CTVA,CTVA,51.060001373291016,51.7400016784668,49.560001373291016,50.08000183105469,47.75350570678711,5231200
2022-03-09,CTVA,CTVA,50.40999984741211,51.93000030517578,50.220001220703125,51.529998779296875,49.13613510131836,4827300
2022-03-10,CTVA,CTVA,51.04999923706055,53.689998626708984,51.04999923706055,53.59000015258789,51.100440979003906,4712500
2022-03-11,CTVA,CTVA,53.84000015258789,55.040000915527344,53.35900115966797,53.650001525878906,51.15766143798828,4039100
2022-03-14,CTVA,CTVA,53.939998626708984,54.79999923706055,53.209999084472656,54.209999084472656,51.69163513183594,4971100
2022-03-15,CTVA,CTVA,54.119998931884766,55.439998626708984,53.869998931884766,54.9900016784668,52.43540954589844,5530400
2022-03-16,CTVA,CTVA,55.4900016784668,56.099998474121094,53.939998626708984,54.7599983215332,52.216094970703125,5367600
2022-03-17,CTVA,CTVA,54.40999984741211,55.96500015258789,54.400001525878906,55.790000915527344,53.198246002197266,4400000
2022-03-18,CTVA,CTVA,55.79999923706055,55.97999954223633,55.040000915527344,55.849998474121094,53.255455017089844,11274700
2022-03-21,CTVA,CTVA,56.189998626708984,56.97999954223633,55.584999084472656,56.95000076293945,54.30435562133789,5814000
2022-03-22,CTVA,CTVA,57.25,57.34000015258789,56.290000915527344,56.47999954223633,53.85618591308594,5106500
2022-03-23,CTVA,CTVA,57.16999816894531,57.72999954223633,56.45000076293945,57.40999984741211,54.74298095703125,3902500
2022-03-24,CTVA,CTVA,57.650001525878906,58.7400016784668,57.619998931884766,58.4900016784668,55.772804260253906,4758800
2022-03-25,CTVA,CTVA,58.52000045776367,59.810001373291016,58.52000045776367,59.790000915527344,57.012428283691406,4670200
2022-03-28,CTVA,CTVA,59.34000015258789,59.58000183105469,58.599998474121094,59.029998779296875,56.28772735595703,3276600
2022-03-29,CTVA,CTVA,57.849998474121094,58.119998931884766,56.25,58.029998779296875,55.33417892456055,4215100
2022-03-30,CTVA,CTVA,58.529998779296875,59.09000015258789,57.9900016784668,58.369998931884766,55.658382415771484,3440100
2022-03-31,CTVA,CTVA,58.040000915527344,58.939998626708984,57.36000061035156,57.47999954223633,54.809730529785156,4327800
2022-04-01,CTVA,CTVA,57.90999984741211,58.45000076293945,57.63999938964844,58.290000915527344,55.58209228515625,2430900
2022-04-04,CTVA,CTVA,58.33000183105469,58.880001068115234,57.345001220703125,58.66999816894531,55.94445037841797,2356800
2022-04-05,CTVA,CTVA,58.79999923706055,59.13999938964844,58.040000915527344,58.279998779296875,55.572566986083984,3220000
2022-04-06,CTVA,CTVA,58.20000076293945,58.7400016784668,57.869998931884766,58.04999923706055,55.35325622558594,2868800
2022-04-07,CTVA,CTVA,58.220001220703125,58.75,57.915000915527344,58.4900016784668,55.772804260253906,2321800
2022-04-08,CTVA,CTVA,59.20000076293945,60.310001373291016,58.86000061035156,59.63999938964844,56.869388580322266,2478900
2022-04-11,CTVA,CTVA,59.75,60.06999969482422,59.349998474121094,59.75,56.974281311035156,2487700
2022-04-12,CTVA,CTVA,59.84000015258789,60.72999954223633,59.61000061035156,60.630001068115234,57.81339645385742,2813000
2022-04-13,CTVA,CTVA,60.84000015258789,61.209999084472656,60.11000061035156,60.95000076293945,58.118534088134766,2193500
2022-04-14,CTVA,CTVA,61.33000183105469,61.7400016784668,60.880001068115234,61.0099983215332,58.17573547363281,3714400
2022-04-18,CTVA,CTVA,61.029998779296875,61.5,60.720001220703125,60.95000076293945,58.118534088134766,3289700
2022-04-19,CTVA,CTVA,61.349998474121094,61.83000183105469,60.63999938964844,61.13999938964844,58.29970169067383,3865400
2022-04-20,CTVA,CTVA,61.560001373291016,61.8849983215332,60.40999984741211,61.31999969482422,58.471336364746094,4258500
2022-04-21,CTVA,CTVA,61.880001068115234,62.040000915527344,60.099998474121094,60.209999084472656,57.412906646728516,3942200
2022-04-22,CTVA,CTVA,59.84000015258789,60.16999816894531,57.189998626708984,57.68000030517578,55.00044631958008,4987500
2022-04-25,CTVA,CTVA,56.88999938964844,57.529998779296875,55.779998779296875,57.29999923706055,54.638092041015625,4215500
2022-04-26,CTVA,CTVA,57.2400016784668,57.77000045776367,56.5,56.630001068115234,53.99921798706055,4118800
2022-04-27,CTVA,CTVA,56.93000030517578,57.90999984741211,56.4900016784668,57.220001220703125,54.56180953979492,4522700
2022-04-28,CTVA,CTVA,57.709999084472656,58.05500030517578,56.8650016784668,57.81999969482422,55.133941650390625,4599700
2022-04-29,CTVA,CTVA,58.06999969482422,58.88999938964844,57.56999969482422,57.689998626708984,55.00997543334961,6933100
2022-05-02,CTVA,CTVA,57.77000045776367,58.0,56.150001525878906,57.34000015258789,54.67624282836914,5231600
2022-05-03,CTVA,CTVA,57.40999984741211,57.58000183105469,56.5,57.2599983215332,54.59994888305664,5304900
2022-05-04,CTVA,CTVA,57.52000045776367,59.21500015258789,57.04999923706055,59.13999938964844,56.392616271972656,5025300
2022-05-05,CTVA,CTVA,56.349998474121094,59.599998474121094,56.33000183105469,58.040000915527344,55.34370803833008,6842900
2022-05-06,CTVA,CTVA,57.13999938964844,57.27000045776367,54.83000183105469,55.7400016784668,53.15056228637695,5236400
2022-05-09,CTVA,CTVA,55.03499984741211,55.03499984741211,52.95000076293945,53.08000183105469,50.6141357421875,5314400
2022-05-10,CTVA,CTVA,54.25,54.380001068115234,52.263999938964844,52.81999969482422,50.366207122802734,4323300
2022-05-11,CTVA,CTVA,52.79999923706055,54.47999954223633,52.540000915527344,53.599998474121094,51.109981536865234,3899600
2022-05-12,CTVA,CTVA,53.029998779296875,54.060001373291016,52.68000030517578,54.04999923706055,51.674041748046875,3748600
2022-05-13,CTVA,CTVA,54.47999954223633,55.935001373291016,54.400001525878906,55.470001220703125,53.03162384033203,3881300
2022-05-16,CTVA,CTVA,55.40999984741211,57.18000030517578,55.279998779296875,56.540000915527344,54.054588317871094,3620700
2022-05-17,CTVA,CTVA,57.279998779296875,57.91999816894531,56.66999816894531,57.61000061035156,55.077545166015625,4238000
2022-05-18,CTVA,CTVA,57.0359992980957,58.29999923706055,56.86000061035156,57.09000015258789,54.580413818359375,4319300
2022-05-19,CTVA,CTVA,56.47999954223633,59.07600021362305,56.43000030517578,59.0,56.40645217895508,6912300
2022-05-20,CTVA,CTVA,59.470001220703125,59.779998779296875,58.040000915527344,59.22999954223633,56.626338958740234,9441900
2022-05-23,CTVA,CTVA,59.849998474121094,61.17499923706055,59.19200134277344,60.90999984741211,58.232486724853516,4956300
2022-05-24,CTVA,CTVA,60.65999984741211,62.19499969482422,60.25,62.09000015258789,59.36061477661133,5808300
2022-05-25,CTVA,CTVA,61.66999816894531,62.459999084472656,61.39500045776367,62.0099983215332,59.28413772583008,5374200
2022-05-26,CTVA,CTVA,62.52000045776367,64.02999877929688,62.45000076293945,63.16999816894531,60.393131256103516,5745200
2022-05-27,CTVA,CTVA,62.939998626708984,63.1150016784668,61.220001220703125,62.90999984741211,60.14456558227539,6501900
2022-05-31,CTVA,CTVA,62.97999954223633,63.970001220703125,62.36000061035156,62.619998931884766,59.86732482910156,12551200
2022-06-01,CTVA,CTVA,63.0099983215332,63.27000045776367,61.80099868774414,62.33000183105469,59.59007263183594,4259100
2022-06-02,CTVA,CTVA,62.720001220703125,63.02000045776367,62.060001373291016,62.540000915527344,59.79083251953125,4820200
2022-06-03,CTVA,CTVA,62.5,62.70000076293945,61.7400016784668,62.0,59.27457046508789,3425000
2022-06-06,CTVA,CTVA,62.20000076293945,62.415000915527344,61.380001068115234,61.720001220703125,59.006874084472656,2699300
2022-06-07,CTVA,CTVA,61.349998474121094,62.529998779296875,61.310001373291016,62.380001068115234,59.63786697387695,3560000
2022-06-08,CTVA,CTVA,61.86000061035156,62.400001525878906,61.31999969482422,62.0,59.27457046508789,3734400
2022-06-09,CTVA,CTVA,61.470001220703125,61.650001525878906,60.86000061035156,61.08000183105469,58.395015716552734,4500600
2022-06-10,CTVA,CTVA,60.15999984741211,60.314998626708984,57.970001220703125,57.97999954223633,55.43128204345703,3551200
2022-06-13,CTVA,CTVA,56.619998931884766,57.189998626708984,55.779998779296875,56.2400016784668,53.76777648925781,3721400
2022-06-14,CTVA,CTVA,56.2400016784668,56.7400016784668,55.869998931884766,56.38999938964844,53.91118621826172,4443200
2022-06-15,CTVA,CTVA,56.869998931884766,57.209999084472656,54.900001525878906,55.529998779296875,53.08898162841797,4482700
2022-06-16,CTVA,CTVA,54.599998474121094,54.72999954223633,53.68000030517578,54.040000915527344,51.664485931396484,4880000
2022-06-17,CTVA,CTVA,54.119998931884766,54.529998779296875,52.65999984741211,53.220001220703125,50.880531311035156,12994200
2022-06-21,CTVA,CTVA,54.459999084472656,55.619998931884766,53.93000030517578,55.369998931884766,52.9360237121582,3590200
2022-06-22,CTVA,CTVA,53.709999084472656,54.65999984741211,53.41999816894531,53.43000030517578,51.081295013427734,4488400
2022-06-23,CTVA,CTVA,53.25,53.540000915527344,50.755001068115234,50.93000030517578,48.69119644165039,5882000
2022-06-24,CTVA,CTVA,51.43000030517578,53.599998474121094,51.21500015258789,53.560001373291016,51.20558166503906,8329500
2022-06-27,CTVA,CTVA,53.709999084472656,54.31999969482422,53.08000183105469,54.2400016784668,51.85569381713867,4769100
2022-06-28,CTVA,CTVA,54.88999938964844,55.720001220703125,53.900001525878906,54.27000045776367,51.88437271118164,4755300
2022-06-29,CTVA,CTVA,54.4900016784668,54.95000076293945,53.97800064086914,54.529998779296875,52.1329345703125,3208200
2022-06-30,CTVA,CTVA,53.900001525878906,54.7400016784668,53.56999969482422,54.13999938964844,51.76008605957031,3588100
2022-07-01,CTVA,CTVA,53.619998931884766,54.439998626708984,52.65999984741211,54.119998931884766,51.740962982177734,2130500
2022-07-05,CTVA,CTVA,52.790000915527344,53.040000915527344,51.2599983215332,52.099998474121094,49.809757232666016,4655000
2022-07-06,CTVA,CTVA,52.130001068115234,52.36000061035156,50.5,52.040000915527344,49.75239944458008,3851300
2022-07-07,CTVA,CTVA,53.4900016784668,53.599998474121094,52.7599983215332,52.849998474121094,50.52679443359375,3879700
2022-07-08,CTVA,CTVA,53.08000183105469,53.220001220703125,52.09000015258789,52.72999954223633,50.41206359863281,2554800
2022-07-11,CTVA,CTVA,52.15999984741211,52.97999954223633,52.01499938964844,52.90999984741211,50.58415603637695,2249700
2022-07-12,CTVA,CTVA,52.630001068115234,53.5,52.16999816894531,52.560001373291016,50.24954605102539,2713300
2022-07-13,CTVA,CTVA,51.869998931884766,52.40999984741211,51.625999450683594,51.970001220703125,49.685482025146484,1675200
2022-07-14,CTVA,CTVA,51.31999969482422,51.869998931884766,50.029998779296875,51.4900016784668,49.22657775878906,3560400
2022-07-15,CTVA,CTVA,52.310001373291016,52.4900016784668,51.62099838256836,52.0,49.71416091918945,2589600
2022-07-18,CTVA,CTVA,52.560001373291016,53.040000915527344,52.0099983215332,52.2400016784668,49.943599700927734,1867500
2022-07-19,CTVA,CTVA,52.68000030517578,54.220001220703125,52.61000061035156,53.7400016784668,51.37767791748047,2273100
2022-07-20,CTVA,CTVA,53.40999984741211,54.27000045776367,53.375,54.02000045776367,51.64537048339844,1679300
2022-07-21,CTVA,CTVA,53.619998931884766,53.90999984741211,52.83000183105469,53.880001068115234,51.51150894165039,1482300
2022-07-22,CTVA,CTVA,54.04999923706055,54.52000045776367,53.58000183105469,54.0099983215332,51.635799407958984,1971600
2022-07-25,CTVA,CTVA,54.619998931884766,55.60499954223633,54.18000030517578,55.470001220703125,53.03162384033203,2643000
2022-07-26,CTVA,CTVA,55.650001525878906,56.02000045776367,55.04999923706055,55.459999084472656,53.02206039428711,1692200
2022-07-27,CTVA,CTVA,55.90999984741211,56.89500045776367,54.970001220703125,56.61000061035156,54.12150955200195,2248500
2022-07-28,CTVA,CTVA,56.80500030517578,57.24700164794922,56.27000045776367,56.959999084472656,54.45612335205078,2293400
2022-07-29,CTVA,CTVA,57.43000030517578,58.040000915527344,57.22999954223633,57.54999923706055,55.02018737792969,2338900
2022-08-01,CTVA,CTVA,57.0,57.529998779296875,56.34000015258789,56.900001525878906,54.398765563964844,2621600
2022-08-02,CTVA,CTVA,56.84000015258789,56.939998626708984,55.689998626708984,55.7400016784668,53.28974914550781,3025200
2022-08-03,CTVA,CTVA,56.099998474121094,56.099998474121094,55.560001373291016,55.70000076293945,53.25151062011719,3164600
2022-08-04,CTVA,CTVA,55.59000015258789,55.75,54.68000030517578,55.220001220703125,52.79261016845703,3218800
2022-08-05,CTVA,CTVA,56.970001220703125,58.40999984741211,56.7400016784668,57.900001525878906,55.35480499267578,5728000
2022-08-08,CTVA,CTVA,59.310001373291016,60.689998626708984,59.02000045776367,59.09000015258789,56.49249267578125,4055600
2022-08-09,CTVA,CTVA,59.130001068115234,60.13999938964844,59.130001068115234,59.720001220703125,57.094791412353516,3022100
2022-08-10,CTVA,CTVA,60.709999084472656,60.94499969482422,59.77000045776367,60.09000015258789,57.44853210449219,2604500
2022-08-11,CTVA,CTVA,60.4900016784668,61.04999923706055,60.1349983215332,60.27000045776367,57.76481628417969,1985300
2022-08-12,CTVA,CTVA,60.470001220703125,61.77000045776367,60.13999938964844,61.7599983215332,59.19288635253906,2744000
2022-08-15,CTVA,CTVA,60.86000061035156,61.83000183105469,60.470001220703125,61.61000061035156,59.04911422729492,3836200
2022-08-16,CTVA,CTVA,61.63999938964844,62.31999969482422,61.63999938964844,62.099998474121094,59.51875686645508,2523100
2022-08-17,CTVA,CTVA,61.5,61.900001525878906,61.209999084472656,61.869998931884766,59.29830551147461,1747600
2022-08-18,CTVA,CTVA,62.290000915527344,62.810001373291016,62.119998931884766,62.369998931884766,59.777523040771484,1980500
2022-08-19,CTVA,CTVA,62.04999923706055,62.185001373291016,61.130001068115234,61.33000183105469,58.780757904052734,2232200
2022-08-22,CTVA,CTVA,60.72999954223633,61.34000015258789,60.599998474121094,61.040000915527344,58.502811431884766,1912800
2022-08-23,CTVA,CTVA,61.22999954223633,61.970001220703125,61.22999954223633,61.77000045776367,59.20246124267578,1952700
2022-08-24,CTVA,CTVA,61.900001525878906,62.470001220703125,61.22999954223633,61.900001525878906,59.32706832885742,2307200
2022-08-25,CTVA,CTVA,62.40999984741211,63.345001220703125,62.18000030517578,63.2400016784668,60.611366271972656,2522400
2022-08-26,CTVA,CTVA,63.47999954223633,63.76599884033203,62.279998779296875,62.31999969482422,59.7296028137207,1889200
2022-08-29,CTVA,CTVA,61.599998474121094,62.470001220703125,61.349998474121094,61.90999984741211,59.33665084838867,1803200
2022-08-30,CTVA,CTVA,61.58000183105469,61.869998931884766,60.709999084472656,61.77000045776367,59.20246124267578,2539200
2022-08-31,CTVA,CTVA,61.7400016784668,62.209999084472656,61.18000030517578,61.43000030517578,58.87660598754883,3710500
2022-09-01,CTVA,CTVA,60.779998779296875,60.93000030517578,59.95000076293945,60.810001373291016,58.28235626220703,2468400
2022-09-02,CTVA,CTVA,61.560001373291016,62.209999084472656,61.0,61.2400016784668,58.69449996948242,2644100
2022-09-06,CTVA,CTVA,61.61000061035156,61.75,60.029998779296875,60.31999969482422,57.81273651123047,2303200
2022-09-07,CTVA,CTVA,59.8849983215332,61.9900016784668,59.779998779296875,61.81999969482422,59.250389099121094,2058800
2022-09-08,CTVA,CTVA,61.369998931884766,62.130001068115234,61.099998474121094,62.040000915527344,59.46124267578125,2873500
2022-09-09,CTVA,CTVA,62.59000015258789,62.97999954223633,61.79499816894531,62.52000045776367,59.92129135131836,2021200
2022-09-12,CTVA,CTVA,62.869998931884766,62.869998931884766,61.290000915527344,62.11000061035156,59.52833938598633,4922200
2022-09-13,CTVA,CTVA,61.060001373291016,63.83000183105469,61.0099983215332,62.650001525878906,60.04589080810547,4939200
2022-09-14,CTVA,CTVA,63.029998779296875,64.30000305175781,62.7599983215332,63.810001373291016,61.15768051147461,5006500
2022-09-15,CTVA,CTVA,63.810001373291016,63.97999954223633,61.96500015258789,62.119998931884766,59.53791809082031,5786400
2022-09-16,CTVA,CTVA,61.22999954223633,61.599998474121094,60.380001068115234,61.349998474121094,58.79991912841797,7511800
2022-09-19,CTVA,CTVA,60.5,61.65999984741211,60.5,61.41999816894531,58.867008209228516,2386800
2022-09-20,CTVA,CTVA,60.84000015258789,61.56999969482422,60.22999954223633,61.400001525878906,58.84784698486328,2707100
2022-09-21,CTVA,CTVA,62.220001220703125,62.220001220703125,59.20000076293945,59.22999954223633,56.76804733276367,3101500
2022-09-22,CTVA,CTVA,59.54999923706055,60.59000015258789,59.54999923706055,59.7599983215332,57.27601623535156,3170800
2022-09-23,CTVA,CTVA,58.779998779296875,58.810001373291016,57.090999603271484,57.91999816894531,55.51249694824219,2686800
2022-09-26,CTVA,CTVA,57.880001068115234,58.96799850463867,57.51499938964844,57.61000061035156,55.21537780761719,3941600
2022-09-27,CTVA,CTVA,58.25,58.58000183105469,56.900001525878906,57.2599983215332,54.87992477416992,2357400
2022-09-28,CTVA,CTVA,57.4900016784668,58.69499969482422,57.16999816894531,58.380001068115234,55.953365325927734,3517500
2022-09-29,CTVA,CTVA,57.849998474121094,58.08000183105469,56.59000015258789,57.209999084472656,54.83200454711914,2431000
2022-09-30,CTVA,CTVA,56.939998626708984,58.0,56.38999938964844,57.150001525878906,54.77450180053711,3688200
2022-10-03,CTVA,CTVA,58.47999954223633,59.474998474121094,57.89500045776367,59.18000030517578,56.72011947631836,3680100
2022-10-04,CTVA,CTVA,59.97999954223633,61.81999969482422,59.91999816894531,61.7599983215332,59.19288635253906,3986600
2022-10-05,CTVA,CTVA,61.36000061035156,61.959999084472656,61.0099983215332,61.52000045776367,58.96285629272461,2978100
2022-10-06,CTVA,CTVA,61.209999084472656,61.959999084472656,60.75,60.88999938964844,58.35904312133789,3219100
2022-10-07,CTVA,CTVA,60.70000076293945,61.25,60.099998474121094,60.83000183105469,58.30154037475586,2420500
2022-10-10,CTVA,CTVA,61.33000183105469,61.7599983215332,60.7599983215332,61.04999923706055,58.51240158081055,2133300
2022-10-11,CTVA,CTVA,60.59000015258789,61.72999954223633,60.2599983215332,60.7599983215332,58.23445129394531,2198800
2022-10-12,CTVA,CTVA,60.81999969482422,61.064998626708984,60.15999984741211,60.790000915527344,58.26320266723633,2395700
2022-10-13,CTVA,CTVA,60.11000061035156,63.23500061035156,59.5099983215332,62.95000076293945,60.33342361450195,3067800
2022-10-14,CTVA,CTVA,63.25,63.25,58.599998474121094,58.72999954223633,56.2888298034668,4043200
2022-10-17,CTVA,CTVA,59.849998474121094,60.98500061035156,59.849998474121094,60.36000061035156,57.85107421875,2693300
2022-10-18,CTVA,CTVA,61.77000045776367,62.400001525878906,60.84000015258789,61.619998931884766,59.0587043762207,2934600
2022-10-19,CTVA,CTVA,61.224998474121094,62.2400016784668,61.099998474121094,61.79999923706055,59.23122024536133,2174000
2022-10-20,CTVA,CTVA,62.380001068115234,62.7400016784668,61.369998931884766,61.93000030517578,59.35580825805664,2886400
2022-10-21,CTVA,CTVA,61.959999084472656,63.03499984741211,61.380001068115234,62.880001068115234,60.26633071899414,2566200
2022-10-24,CTVA,CTVA,63.04999923706055,63.77000045776367,62.689998626708984,63.36000061035156,60.72637176513672,3123400
2022-10-25,CTVA,CTVA,63.0099983215332,65.01000213623047,62.9900016784668,64.95999908447266,62.25988006591797,4597400
2022-10-26,CTVA,CTVA,65.49500274658203,66.2699966430664,64.69999694824219,65.87000274658203,63.132041931152344,5580600
2022-10-27,CTVA,CTVA,66.3499984741211,66.69000244140625,65.80999755859375,65.97000122070312,63.2278938293457,3822600
2022-10-28,CTVA,CTVA,66.08999633789062,66.5,65.25299835205078,66.0199966430664,63.275814056396484,2951200
2022-10-31,CTVA,CTVA,65.9800033569336,66.5,64.88999938964844,65.33999633789062,62.62407684326172,3672900
2022-11-01,CTVA,CTVA,66.02999877929688,67.19999694824219,65.80000305175781,67.11000061035156,64.32050323486328,3694100
2022-11-02,CTVA,CTVA,67.05999755859375,68.43000030517578,66.83999633789062,66.91000366210938,64.12882995605469,4385400
2022-11-03,CTVA,CTVA,65.76000213623047,67.63999938964844,65.7300033569336,66.9800033569336,64.1958999633789,5408700
2022-11-04,CTVA,CTVA,66.9800033569336,67.2699966430664,63.95000076293945,65.37000274658203,62.652828216552734,5722400
2022-11-07,CTVA,CTVA,65.33000183105469,67.0199966430664,65.26000213623047,66.04000091552734,63.29498291015625,3421800
2022-11-08,CTVA,CTVA,66.08999633789062,67.5199966430664,65.87999725341797,67.19000244140625,64.39717864990234,2901300
2022-11-09,CTVA,CTVA,67.06999969482422,67.87000274658203,66.73500061035156,67.05000305175781,64.26300048828125,3595000
2022-11-10,CTVA,CTVA,68.02999877929688,68.02999877929688,66.52999877929688,67.20999908447266,64.56077575683594,4523900
2022-11-11,CTVA,CTVA,67.86000061035156,68.0999984741211,64.29499816894531,64.7699966430664,62.216949462890625,5139300
2022-11-14,CTVA,CTVA,64.93000030517578,67.66999816894531,64.83000183105469,66.7300033569336,64.09971618652344,3240400
2022-11-15,CTVA,CTVA,66.72000122070312,67.05000305175781,64.81999969482422,66.72000122070312,64.09009552001953,3422100
2022-11-16,CTVA,CTVA,66.30000305175781,66.58999633789062,65.05999755859375,65.3499984741211,62.77410125732422,3064300
2022-11-17,CTVA,CTVA,64.55000305175781,65.63999938964844,63.7599983215332,65.43000030517578,62.85093307495117,3637400
2022-11-18,CTVA,CTVA,65.63999938964844,65.94000244140625,64.77999877929688,65.19999694824219,62.62999725341797,2999700
2022-11-21,CTVA,CTVA,65.0,65.72000122070312,64.05000305175781,65.1500015258789,62.58197784423828,3290300
2022-11-22,CTVA,CTVA,65.92500305175781,66.33000183105469,65.37999725341797,66.08999633789062,63.48493576049805,1896700
2022-11-23,CTVA,CTVA,65.98999786376953,66.30999755859375,65.31999969482422,65.80000305175781,63.20636749267578,1653700
2022-11-25,CTVA,CTVA,66.0,66.33000183105469,65.61000061035156,66.33000183105469,63.71547317504883,704300
2022-11-28,CTVA,CTVA,65.70999908447266,65.73999786376953,64.6500015258789,64.93000030517578,62.37064743041992,2570200
2022-11-29,CTVA,CTVA,65.01000213623047,65.87999725341797,64.97000122070312,65.56999969482422,62.98542785644531,1736500
2022-11-30,CTVA,CTVA,65.73999786376953,67.19000244140625,64.80400085449219,67.16000366210938,64.51274871826172,5060000
2022-12-01,CTVA,CTVA,67.3499984741211,67.41999816894531,65.83999633789062,66.25,63.63862228393555,1705900
2022-12-02,CTVA,CTVA,65.97000122070312,67.55000305175781,65.83000183105469,67.30999755859375,64.65682983398438,1865100
2022-12-05,CTVA,CTVA,66.95999908447266,67.11000061035156,64.02999877929688,64.36000061035156,61.823123931884766,2573200
2022-12-06,CTVA,CTVA,64.5,65.4000015258789,63.16999816894531,63.65999984741211,61.15071105957031,2674200
2022-12-07,CTVA,CTVA,63.66999816894531,64.33000183105469,63.20000076293945,63.7599983215332,61.246768951416016,2747600
2022-12-08,CTVA,CTVA,64.30000305175781,64.62000274658203,63.4900016784668,63.7400016784668,61.2275505065918,1892300
2022-12-09,CTVA,CTVA,63.529998779296875,64.0,62.630001068115234,62.9900016784668,60.50712203979492,2078700
2022-12-12,CTVA,CTVA,63.0,63.279998779296875,61.619998931884766,62.290000915527344,59.83470916748047,3637200
2022-12-13,CTVA,CTVA,63.220001220703125,63.625,62.369998931884766,62.63999938964844,60.1709098815918,2384600
2022-12-14,CTVA,CTVA,62.72999954223633,63.025001525878906,61.400001525878906,61.70000076293945,59.267967224121094,2956500
2022-12-15,CTVA,CTVA,60.9900016784668,61.36000061035156,59.91999816894531,60.22999954223633,57.85591125488281,3922600
2022-12-16,CTVA,CTVA,59.744998931884766,60.08000183105469,59.0,59.779998779296875,57.42363739013672,9735200
2022-12-19,CTVA,CTVA,60.029998779296875,60.290000915527344,58.01499938964844,58.29999923706055,56.001983642578125,3379000
2022-12-20,CTVA,CTVA,58.54999923706055,59.40999984741211,58.310001373291016,58.88999938964844,56.5687255859375,2645200
2022-12-21,CTVA,CTVA,59.09000015258789,59.900001525878906,58.41999816894531,59.38999938964844,57.04902267456055,2429000
2022-12-22,CTVA,CTVA,59.22999954223633,59.2400016784668,57.959999084472656,58.900001525878906,56.57833480834961,2305700
2022-12-23,CTVA,CTVA,58.90999984741211,59.6349983215332,58.81999969482422,59.380001068115234,57.03941345214844,1136400
2022-12-27,CTVA,CTVA,59.630001068115234,60.029998779296875,59.2599983215332,59.7599983215332,57.40443420410156,1683900
2022-12-28,CTVA,CTVA,59.7599983215332,59.93000030517578,58.47999954223633,58.630001068115234,56.31898498535156,1656800
2022-12-29,CTVA,CTVA,58.7400016784668,59.625,58.7400016784668,58.97999954223633,56.655181884765625,1548200
2022-12-30,CTVA,CTVA,58.7599983215332,59.16999816894531,58.33000183105469,58.779998779296875,56.46306228637695,1858200
2023-01-03,CTVA,CTVA,58.72999954223633,59.119998931884766,58.29999923706055,58.93000030517578,56.60715103149414,2351100
2023-01-04,CTVA,CTVA,59.25,59.79999923706055,58.720001220703125,59.689998626708984,57.33719253540039,3428600
2023-01-05,CTVA,CTVA,59.22999954223633,59.689998626708984,58.900001525878906,59.040000915527344,56.71281814575195,3314700
2023-01-06,CTVA,CTVA,59.77000045776367,61.13999938964844,59.59000015258789,61.0099983215332,58.605159759521484,2867000
2023-01-09,CTVA,CTVA,61.20000076293945,61.95500183105469,60.75,61.11000061035156,58.70122146606445,2243100
2023-01-10,CTVA,CTVA,61.41999816894531,61.790000915527344,60.4900016784668,61.75,59.316001892089844,1736300
2023-01-11,CTVA,CTVA,62.81999969482422,62.95000076293945,61.64500045776367,62.08000183105469,59.63299560546875,2807600
2023-01-12,CTVA,CTVA,62.099998474121094,62.85100173950195,61.709999084472656,62.58000183105469,60.11327362060547,2888500
2023-01-13,CTVA,CTVA,62.56999969482422,63.0099983215332,61.875,62.720001220703125,60.24776840209961,2066300
2023-01-17,CTVA,CTVA,62.775001525878906,63.54499816894531,62.650001525878906,62.70000076293945,60.22854232788086,3163500
2023-01-18,CTVA,CTVA,62.939998626708984,63.060001373291016,61.40999984741211,61.5099983215332,59.085453033447266,2621500
2023-01-19,CTVA,CTVA,61.619998931884766,62.36000061035156,61.150001525878906,62.220001220703125,59.76747512817383,3085700
2023-01-20,CTVA,CTVA,62.400001525878906,62.9900016784668,61.650001525878906,62.36000061035156,59.90195846557617,2570800
2023-01-23,CTVA,CTVA,62.31999969482422,62.470001220703125,61.564998626708984,61.900001525878906,59.46009063720703,2754300
2023-01-24,CTVA,CTVA,62.08000183105469,62.54999923706055,61.20000076293945,62.5099983215332,60.04603576660156,2169400
2023-01-25,CTVA,CTVA,61.88999938964844,63.150001525878906,61.41999816894531,63.130001068115234,60.641597747802734,2149800
2023-01-26,CTVA,CTVA,63.5,63.64500045776367,62.56999969482422,63.130001068115234,60.641597747802734,3726500
2023-01-27,CTVA,CTVA,62.79999923706055,64.08499908447266,62.68000030517578,63.83000183105469,61.31401443481445,3738500
2023-01-30,CTVA,CTVA,63.28499984741211,63.959999084472656,62.189998626708984,62.529998779296875,60.06525802612305,2869300
2023-01-31,CTVA,CTVA,62.61000061035156,64.47000122070312,62.47999954223633,64.44999694824219,61.90956115722656,3797200
2023-02-01,CTVA,CTVA,64.01000213623047,65.20999908447266,63.900001525878906,64.4800033569336,61.93839645385742,4132900
2023-02-02,CTVA,CTVA,62.34000015258789,62.97999954223633,61.060001373291016,62.0,59.5561408996582,9167000
2023-02-03,CTVA,CTVA,61.099998474121094,61.88999938964844,61.099998474121094,61.5,59.07585144042969,4689600
2023-02-06,CTVA,CTVA,61.244998931884766,61.400001525878906,60.2400016784668,60.70000076293945,58.30738830566406,4277400
2023-02-07,CTVA,CTVA,60.56999969482422,60.939998626708984,59.84000015258789,60.709999084472656,58.31699752807617,4114400
2023-02-08,CTVA,CTVA,60.48500061035156,62.029998779296875,60.439998626708984,61.880001068115234,59.44087600708008,4131400
2023-02-09,CTVA,CTVA,63.48500061035156,63.790000915527344,62.2599983215332,62.599998474121094,60.13248825073242,4260000
2023-02-10,CTVA,CTVA,62.86000061035156,64.9800033569336,62.86000061035156,64.47000122070312,61.92878723144531,4935500
2023-02-13,CTVA,CTVA,64.06999969482422,64.23100280761719,62.310001373291016,62.470001220703125,60.00762176513672,3864300
2023-02-14,CTVA,CTVA,62.040000915527344,62.790000915527344,61.619998931884766,62.18000030517578,59.72904968261719,2741500
2023-02-15,CTVA,CTVA,61.619998931884766,62.27000045776367,61.540000915527344,62.11000061035156,59.66181182861328,2574700
2023-02-16,CTVA,CTVA,61.72999954223633,63.099998474121094,61.66999816894531,62.75,60.27657699584961,2277100
2023-02-17,CTVA,CTVA,62.40999984741211,62.959999084472656,61.5099983215332,61.810001373291016,59.37363815307617,4037100
2023-02-21,CTVA,CTVA,61.880001068115234,62.18000030517578,60.01499938964844,60.060001373291016,57.69261169433594,3398200
2023-02-22,CTVA,CTVA,60.25,62.0,59.58000183105469,61.939998626708984,59.49850082397461,5076300
2023-02-23,CTVA,CTVA,62.13999938964844,62.573001861572266,61.04999923706055,62.0,59.5561408996582,4058500
2023-02-24,CTVA,CTVA,61.16999816894531,61.83000183105469,60.459999084472656,61.68000030517578,59.248756408691406,2909800
2023-02-27,CTVA,CTVA,61.560001373291016,62.439998626708984,61.2599983215332,62.11000061035156,59.66181182861328,3516400
2023-02-28,CTVA,CTVA,61.72999954223633,62.470001220703125,61.40999984741211,62.290000915527344,59.97956848144531,6824500
2023-03-01,CTVA,CTVA,62.13999938964844,63.0099983215332,62.09000015258789,62.150001525878906,59.844757080078125,2758600
2023-03-02,CTVA,CTVA,62.400001525878906,63.599998474121094,62.040000915527344,63.54999923706055,61.19282531738281,2537100
2023-03-03,CTVA,CTVA,63.18000030517578,63.75,62.90999984741211,63.70000076293945,61.33726501464844,2412700
2023-03-06,CTVA,CTVA,63.36000061035156,64.04000091552734,62.79999923706055,63.25,60.903953552246094,3932600
2023-03-07,CTVA,CTVA,62.79999923706055,63.0099983215332,61.83000183105469,62.970001220703125,60.634342193603516,4239300
2023-03-08,CTVA,CTVA,62.97999954223633,62.97999954223633,61.540000915527344,62.20000076293945,59.892906188964844,4877400
2023-03-09,CTVA,CTVA,62.34000015258789,62.40999984741211,59.90999984741211,59.91999816894531,57.69747543334961,2485400
2023-03-10,CTVA,CTVA,59.61000061035156,59.790000915527344,58.404998779296875,58.88999938964844,56.70567321777344,2632500
2023-03-13,CTVA,CTVA,58.040000915527344,59.33000183105469,57.57500076293945,58.619998931884766,56.4456901550293,2897900
2023-03-14,CTVA,CTVA,59.63999938964844,60.03300094604492,58.185001373291016,58.91999816894531,56.734561920166016,3774800
2023-03-15,CTVA,CTVA,57.709999084472656,57.79999923706055,56.13999938964844,56.849998474121094,54.74134063720703,4254000
2023-03-16,CTVA,CTVA,56.255001068115234,57.18000030517578,55.810001373291016,56.959999084472656,54.847267150878906,4861400
2023-03-17,CTVA,CTVA,56.40999984741211,57.130001068115234,56.11000061035156,56.61000061035156,54.51024627685547,12011000
2023-03-20,CTVA,CTVA,56.959999084472656,57.88999938964844,56.959999084472656,57.619998931884766,55.48278045654297,4243200
2023-03-21,CTVA,CTVA,58.380001068115234,58.95000076293945,58.11000061035156,58.5099983215332,56.33977508544922,2758500
2023-03-22,CTVA,CTVA,58.38999938964844,58.65999984741211,57.43000030517578,57.439998626708984,55.3094596862793,2320900
2023-03-23,CTVA,CTVA,57.5,58.029998779296875,56.52000045776367,56.810001373291016,54.70283126831055,2454200
2023-03-24,CTVA,CTVA,56.119998931884766,57.130001068115234,55.900001525878906,56.84000015258789,54.73171615600586,2559300
2023-03-27,CTVA,CTVA,57.38999938964844,58.3650016784668,57.130001068115234,57.70000076293945,55.559818267822266,3560800
2023-03-28,CTVA,CTVA,57.94499969482422,58.597999572753906,57.79999923706055,58.099998474121094,55.944976806640625,2224400
2023-03-29,CTVA,CTVA,58.75,60.0,58.599998474121094,59.939998626708984,57.71672821044922,4911900
2023-03-30,CTVA,CTVA,60.709999084472656,60.72999954223633,59.560001373291016,59.95000076293945,57.72636032104492,3152500
2023-03-31,CTVA,CTVA,60.11000061035156,60.43299865722656,59.84000015258789,60.310001373291016,58.07300567626953,2700100
2023-04-03,CTVA,CTVA,60.56999969482422,61.06999969482422,60.3650016784668,61.0,58.73741149902344,3420300
2023-04-04,CTVA,CTVA,60.56999969482422,60.650001525878906,59.915000915527344,60.400001525878906,58.159671783447266,3465200
2023-04-05,CTVA,CTVA,60.040000915527344,60.85499954223633,60.01499938964844,60.720001220703125,58.467803955078125,2956100
2023-04-06,CTVA,CTVA,60.470001220703125,60.47999954223633,59.09000015258789,59.79999923706055,57.5819206237793,3045900
2023-04-10,CTVA,CTVA,59.880001068115234,60.70000076293945,59.72999954223633,60.290000915527344,58.053749084472656,2040900
2023-04-11,CTVA,CTVA,60.34000015258789,61.119998931884766,60.08000183105469,60.93000030517578,58.67000961303711,2119900
2023-04-12,CTVA,CTVA,61.33000183105469,62.220001220703125,61.09000015258789,61.790000915527344,59.498111724853516,2904500
2023-04-13,CTVA,CTVA,62.02000045776367,62.86899948120117,61.689998626708984,62.720001220703125,60.39361572265625,2642600
2023-04-14,CTVA,CTVA,62.900001525878906,63.3650016784668,61.83000183105469,62.130001068115234,59.825504302978516,1697400
2023-04-17,CTVA,CTVA,62.45000076293945,62.84000015258789,62.084999084472656,62.77000045776367,60.4417610168457,1641800
2023-04-18,CTVA,CTVA,62.90999984741211,63.060001373291016,62.540000915527344,62.970001220703125,60.634342193603516,1624400
2023-04-19,CTVA,CTVA,62.79999923706055,62.970001220703125,62.09000015258789,62.25,59.9410514831543,1482500
2023-04-20,CTVA,CTVA,61.75,62.01499938964844,61.43000030517578,61.88999938964844,59.59440231323242,1691100
2023-04-21,CTVA,CTVA,62.099998474121094,62.099998474121094,61.13999938964844,61.47999954223633,59.199607849121094,1626400
2023-04-24,CTVA,CTVA,61.7599983215332,61.83000183105469,61.334999084472656,61.5099983215332,59.22850036621094,1393700
2023-04-25,CTVA,CTVA,61.084999084472656,61.209999084472656,60.380001068115234,60.529998779296875,58.284847259521484,1718400
2023-04-26,CTVA,CTVA,60.119998931884766,60.33000183105469,59.209999084472656,59.63999938964844,57.427860260009766,1762700
2023-04-27,CTVA,CTVA,59.63999938964844,60.73500061035156,59.63999938964844,60.66999816894531,58.419654846191406,1791000
2023-04-28,CTVA,CTVA,60.61000061035156,61.34000015258789,60.53499984741211,61.119998931884766,58.852962493896484,2980000
2023-05-01,CTVA,CTVA,61.189998626708984,61.869998931884766,60.9900016784668,61.459999084472656,59.18034362792969,1846400
2023-05-02,CTVA,CTVA,60.8849983215332,61.0,58.65999984741211,60.63999938964844,58.39076232910156,2617800
2023-05-03,CTVA,CTVA,60.880001068115234,61.06999969482422,59.94499969482422,60.0,57.774505615234375,2372200
2023-05-04,CTVA,CTVA,60.349998474121094,60.56999969482422,56.84000015258789,56.880001068115234,54.770233154296875,4165200
2023-05-05,CTVA,CTVA,57.630001068115234,58.8849983215332,57.54999923706055,58.25,56.08941650390625,3142900
2023-05-08,CTVA,CTVA,58.93000030517578,59.040000915527344,57.529998779296875,57.59000015258789,55.45389938354492,2399400
2023-05-09,CTVA,CTVA,57.119998931884766,57.34000015258789,56.64500045776367,57.099998474121094,54.98207092285156,2771700
2023-05-10,CTVA,CTVA,57.68000030517578,57.86000061035156,56.400001525878906,57.56999969482422,55.43464279174805,2707400
2023-05-11,CTVA,CTVA,56.810001373291016,57.150001525878906,56.435001373291016,56.83000183105469,54.72208786010742,2211100
2023-05-12,CTVA,CTVA,57.08000183105469,57.380001068115234,56.39500045776367,57.02000045776367,54.9050407409668,1937800
2023-05-15,CTVA,CTVA,57.224998474121094,57.974998474121094,56.95000076293945,57.900001525878906,55.75239944458008,2049300
2023-05-16,CTVA,CTVA,57.54999923706055,57.72999954223633,56.880001068115234,56.970001220703125,54.856895446777344,2066900
2023-05-17,CTVA,CTVA,57.09000015258789,57.11000061035156,55.849998474121094,55.959999084472656,53.88435363769531,2952100
2023-05-18,CTVA,CTVA,55.63999938964844,56.27000045776367,54.869998931884766,56.189998626708984,54.10581588745117,2714300
2023-05-19,CTVA,CTVA,56.529998779296875,57.32699966430664,56.36000061035156,56.970001220703125,54.856895446777344,2284100
2023-05-22,CTVA,CTVA,57.36000061035156,57.369998931884766,56.54999923706055,56.86000061035156,54.750972747802734,2179400
2023-05-23,CTVA,CTVA,56.58000183105469,56.849998474121094,55.83000183105469,56.029998779296875,53.951759338378906,2627400
2023-05-24,CTVA,CTVA,56.099998474121094,56.16999816894531,55.05500030517578,55.25,53.20069122314453,1870900
2023-05-25,CTVA,CTVA,54.939998626708984,55.34000015258789,54.619998931884766,54.849998474121094,52.81552505493164,2255200
2023-05-26,CTVA,CTVA,55.18000030517578,55.779998779296875,54.970001220703125,55.16999816894531,53.1236572265625,2953600
2023-05-30,CTVA,CTVA,55.119998931884766,55.119998931884766,54.18199920654297,54.970001220703125,52.93108367919922,3789800
2023-05-31,CTVA,CTVA,54.529998779296875,54.75,52.970001220703125,53.4900016784668,51.646907806396484,6882800
2023-06-01,CTVA,CTVA,53.44499969482422,53.86000061035156,52.7599983215332,53.86000061035156,52.004154205322266,3872400
2023-06-02,CTVA,CTVA,55.27000045776367,56.119998931884766,54.849998474121094,55.91999816894531,53.99317932128906,3365800
2023-06-05,CTVA,CTVA,55.90999984741211,56.93000030517578,55.86000061035156,56.20000076293945,54.26352310180664,3424200
2023-06-06,CTVA,CTVA,55.849998474121094,57.84000015258789,55.7599983215332,57.619998931884766,55.63459396362305,3438000
2023-06-07,CTVA,CTVA,57.810001373291016,58.560001373291016,57.65999984741211,58.09000015258789,56.08840560913086,5948900
2023-06-08,CTVA,CTVA,58.18000030517578,58.18000030517578,57.310001373291016,57.83000183105469,55.837364196777344,2850300
2023-06-09,CTVA,CTVA,57.290000915527344,57.40999984741211,55.88999938964844,56.439998626708984,54.4952507019043,4734000
2023-06-12,CTVA,CTVA,56.45000076293945,57.290000915527344,56.08000183105469,57.0,55.03595733642578,3261100
2023-06-13,CTVA,CTVA,57.15999984741211,58.02000045776367,57.15999984741211,57.70000076293945,55.71184539794922,2184300
2023-06-14,CTVA,CTVA,57.95500183105469,58.06700134277344,56.85499954223633,57.029998779296875,55.06492233276367,2447100
2023-06-15,CTVA,CTVA,57.13999938964844,57.9900016784668,57.13999938964844,57.68000030517578,55.69253158569336,3801400
2023-06-16,CTVA,CTVA,57.66999816894531,57.869998931884766,56.775001525878906,57.22999954223633,55.258033752441406,10092000
2023-06-20,CTVA,CTVA,56.810001373291016,56.970001220703125,56.22999954223633,56.540000915527344,54.591819763183594,3439500
2023-06-21,CTVA,CTVA,56.2400016784668,58.810001373291016,56.09600067138672,58.56999969482422,56.5518684387207,4451100
2023-06-22,CTVA,CTVA,58.380001068115234,58.45500183105469,57.709999084472656,57.88999938964844,55.89529037475586,2015100
2023-06-23,CTVA,CTVA,57.4900016784668,57.880001068115234,56.959999084472656,57.22999954223633,55.258033752441406,4214000
2023-06-26,CTVA,CTVA,57.45000076293945,58.25,57.38999938964844,58.0099983215332,56.011165618896484,1862400
2023-06-27,CTVA,CTVA,57.84000015258789,58.0,56.40999984741211,57.33000183105469,55.354591369628906,3870100
2023-06-28,CTVA,CTVA,57.630001068115234,57.63999938964844,56.334999084472656,56.939998626708984,54.97802734375,2973800
2023-06-29,CTVA,CTVA,56.77000045776367,57.72999954223633,56.650001525878906,57.70000076293945,55.71184539794922,1927400
2023-06-30,CTVA,CTVA,57.849998474121094,57.849998474121094,56.61000061035156,57.29999923706055,55.325618743896484,5280200
2023-07-03,CTVA,CTVA,57.689998626708984,58.310001373291016,57.564998626708984,58.0,56.001502990722656,2013500
2023-07-05,CTVA,CTVA,57.06999969482422,57.34700012207031,56.29999923706055,56.54999923706055,54.60145950317383,4413100
2023-07-06,CTVA,CTVA,56.150001525878906,56.77000045776367,55.95000076293945,56.619998931884766,54.66905212402344,3614600
2023-07-07,CTVA,CTVA,56.41999816894531,57.54899978637695,56.41999816894531,57.29999923706055,55.325618743896484,3735800
2023-07-10,CTVA,CTVA,55.970001220703125,56.150001525878906,53.119998931884766,54.09000015258789,52.226234436035156,8954000
2023-07-11,CTVA,CTVA,53.93000030517578,54.540000915527344,53.5,54.52000045776367,52.641422271728516,4271700
2023-07-12,CTVA,CTVA,54.900001525878906,54.95600128173828,53.880001068115234,54.029998779296875,52.168296813964844,5022200
2023-07-13,CTVA,CTVA,53.939998626708984,54.66999816894531,53.75899887084961,54.61000061035156,52.72831344604492,3528300
2023-07-14,CTVA,CTVA,54.849998474121094,54.849998474121094,53.810001373291016,54.25,52.380714416503906,3180000
2023-07-17,CTVA,CTVA,54.25,54.90999984741211,54.15999984741211,54.59000015258789,52.70899963378906,2633200
2023-07-18,CTVA,CTVA,55.16999816894531,55.61000061035156,54.91999816894531,55.099998474121094,53.20143127441406,5000600
2023-07-19,CTVA,CTVA,55.5,56.470001220703125,55.5,56.189998626708984,54.253868103027344,4543600
2023-07-20,CTVA,CTVA,56.709999084472656,56.96500015258789,56.18000030517578,56.619998931884766,54.66905212402344,2328400
2023-07-21,CTVA,CTVA,56.7599983215332,56.849998474121094,56.21500015258789,56.349998474121094,54.40835952758789,1891900
2023-07-24,CTVA,CTVA,56.560001373291016,56.91999816894531,56.06999969482422,56.70000076293945,54.74629592895508,2508900
2023-07-25,CTVA,CTVA,56.63999938964844,56.63999938964844,55.81999969482422,56.22999954223633,54.29249572753906,3082200
2023-07-26,CTVA,CTVA,55.90999984741211,56.27000045776367,55.459999084472656,55.790000915527344,53.867652893066406,3173200
2023-07-27,CTVA,CTVA,55.91999816894531,56.310001373291016,55.45000076293945,55.59000015258789,53.67454528808594,2904400
2023-07-28,CTVA,CTVA,56.10499954223633,56.25,55.810001373291016,56.13999938964844,54.205596923828125,2697200
2023-07-31,CTVA,CTVA,56.369998931884766,56.47999954223633,56.02000045776367,56.43000030517578,54.485599517822266,2184800
2023-08-01,CTVA,CTVA,56.150001525878906,56.380001068115234,55.720001220703125,55.939998626708984,54.01248550415039,3106000
2023-08-02,CTVA,CTVA,55.400001525878906,56.41999816894531,55.209999084472656,55.900001525878906,53.97386169433594,3378600
2023-08-03,CTVA,CTVA,55.56999969482422,56.244998931884766,55.11000061035156,55.689998626708984,53.77109909057617,4796700
2023-08-04,CTVA,CTVA,55.08000183105469,57.4900016784668,54.75,56.02000045776367,54.0897331237793,7329700
2023-08-07,CTVA,CTVA,55.970001220703125,56.02000045776367,54.38999938964844,54.56999969482422,52.68968963623047,3939500
2023-08-08,CTVA,CTVA,54.09000015258789,54.845001220703125,53.900001525878906,54.18000030517578,52.3131217956543,2916100
2023-08-09,CTVA,CTVA,54.029998779296875,54.290000915527344,53.25,53.369998931884766,51.531036376953125,3674600
2023-08-10,CTVA,CTVA,53.619998931884766,53.71500015258789,52.09000015258789,52.209999084472656,50.411006927490234,5140500
2023-08-11,CTVA,CTVA,52.220001220703125,52.66999816894531,51.970001220703125,52.40999984741211,50.6041145324707,2990400
2023-08-14,CTVA,CTVA,52.0,52.060001373291016,51.5099983215332,52.0,50.20824432373047,2305400
2023-08-15,CTVA,CTVA,51.380001068115234,51.400001525878906,50.13999938964844,50.650001525878906,48.90476608276367,5545700
2023-08-16,CTVA,CTVA,50.599998474121094,50.91999816894531,50.005001068115234,50.0099983215332,48.286808013916016,4172100
2023-08-17,CTVA,CTVA,50.0,51.0,49.95000076293945,50.43000030517578,48.69234085083008,3909300
2023-08-18,CTVA,CTVA,50.040000915527344,51.0,50.040000915527344,50.7599983215332,49.01096725463867,4778200
2023-08-21,CTVA,CTVA,50.77000045776367,50.87300109863281,50.154998779296875,50.209999084472656,48.47991943359375,2486300
2023-08-22,CTVA,CTVA,50.040000915527344,50.20000076293945,49.18000030517578,49.380001068115234,47.678524017333984,3498300
2023-08-23,CTVA,CTVA,49.29999923706055,49.33000183105469,48.68000030517578,49.08000183105469,47.388851165771484,5037600
2023-08-24,CTVA,CTVA,48.84000015258789,49.724998474121094,48.72999954223633,49.650001525878906,47.93921661376953,3935200
2023-08-25,CTVA,CTVA,49.93000030517578,50.439998626708984,49.630001068115234,49.939998626708984,48.2192268371582,5374200
2023-08-28,CTVA,CTVA,50.130001068115234,51.119998931884766,50.130001068115234,50.93000030517578,49.175113677978516,3791900
2023-08-29,CTVA,CTVA,51.150001525878906,51.380001068115234,50.790000915527344,51.310001373291016,49.54201889038086,3143500
2023-08-30,CTVA,CTVA,51.27000045776367,51.56999969482422,51.04499816894531,51.2599983215332,49.49374008178711,3462800
2023-08-31,CTVA,CTVA,51.2599983215332,51.279998779296875,50.45000076293945,50.5099983215332,48.92228698730469,3958200
2023-09-01,CTVA,CTVA,51.0,51.400001525878906,50.849998474121094,51.11000061035156,49.5034294128418,3573200
2023-09-05,CTVA,CTVA,51.529998779296875,51.900001525878906,50.95000076293945,50.959999084472656,49.35813522338867,6091000
2023-09-06,CTVA,CTVA,50.849998474121094,51.0099983215332,50.15999984741211,50.5,48.912601470947266,4988300
2023-09-07,CTVA,CTVA,50.13999938964844,50.63999938964844,48.84000015258789,49.560001373291016,48.00215148925781,9868200
2023-09-08,CTVA,CTVA,49.68000030517578,49.91999816894531,49.2599983215332,49.58000183105469,48.021522521972656,2997600
2023-09-11,CTVA,CTVA,49.720001220703125,50.25,49.56999969482422,49.810001373291016,48.244293212890625,3350800
2023-09-12,CTVA,CTVA,50.040000915527344,51.709999084472656,49.5,51.630001068115234,50.007083892822266,6620700
2023-09-13,CTVA,CTVA,51.86000061035156,53.400001525878906,51.86000061035156,51.9900016784668,50.35576629638672,6209400
2023-09-14,CTVA,CTVA,52.59000015258789,52.92499923706055,52.16999816894531,52.61000061035156,50.95627975463867,4979700
2023-09-15,CTVA,CTVA,52.5099983215332,53.25,52.41999816894531,52.54999923706055,50.89815902709961,11700500
2023-09-18,CTVA,CTVA,52.439998626708984,52.709999084472656,51.68000030517578,51.869998931884766,50.239532470703125,4218300
2023-09-19,CTVA,CTVA,52.33000183105469,52.630001068115234,52.04999923706055,52.540000915527344,50.88846969604492,5439500
2023-09-20,CTVA,CTVA,52.9900016784668,52.9900016784668,51.689998626708984,51.77000045776367,50.14268112182617,4121300
2023-09-21,CTVA,CTVA,51.25,51.779998779296875,51.0,51.529998779296875,49.91022491455078,3519100
2023-09-22,CTVA,CTVA,51.59000015258789,51.790000915527344,51.23500061035156,51.41999816894531,49.803680419921875,3208600
2023-09-25,CTVA,CTVA,51.029998779296875,51.369998931884766,50.689998626708984,51.27000045776367,49.65839385986328,4334400
2023-09-26,CTVA,CTVA,51.029998779296875,51.41999816894531,50.540000915527344,50.790000915527344,49.1934814453125,3817800
2023-09-27,CTVA,CTVA,51.029998779296875,51.33000183105469,50.400001525878906,50.75,49.15474319458008,2591000
2023-09-28,CTVA,CTVA,50.810001373291016,51.22999954223633,50.45000076293945,50.90999984741211,49.30970764160156,3086000
2023-09-29,CTVA,CTVA,51.29999923706055,51.54999923706055,50.91999816894531,51.15999984741211,49.551856994628906,3507600
2023-10-02,CTVA,CTVA,50.939998626708984,50.939998626708984,49.72999954223633,50.04999923706055,48.47674560546875,3666300
2023-10-03,CTVA,CTVA,49.54999923706055,50.630001068115234,49.40999984741211,50.34000015258789,48.757625579833984,3856900
2023-10-04,CTVA,CTVA,50.5099983215332,51.02000045776367,50.14500045776367,50.45000076293945,48.864166259765625,2759500
2023-10-05,CTVA,CTVA,50.130001068115234,50.529998779296875,49.43000030517578,49.83000183105469,48.26366424560547,2497300
2023-10-06,CTVA,CTVA,49.66999816894531,50.4900016784668,49.439998626708984,50.04999923706055,48.47674560546875,2920400
2023-10-09,CTVA,CTVA,49.88999938964844,50.60499954223633,49.439998626708984,50.59000015258789,48.99977493286133,3119800
2023-10-10,CTVA,CTVA,50.72999954223633,51.189998626708984,50.45500183105469,50.52000045776367,48.931968688964844,2248400
2023-10-11,CTVA,CTVA,50.470001220703125,50.529998779296875,48.59000015258789,49.880001068115234,48.31209182739258,4008900
2023-10-12,CTVA,CTVA,50.189998626708984,50.189998626708984,49.130001068115234,49.439998626708984,47.88592529296875,1897000
2023-10-13,CTVA,CTVA,49.459999084472656,49.84000015258789,49.04999923706055,49.54999923706055,47.99246597290039,2248000
2023-10-16,CTVA,CTVA,49.869998931884766,50.03499984741211,49.369998931884766,49.810001373291016,48.244293212890625,2174900
2023-10-17,CTVA,CTVA,49.68000030517578,51.58000183105469,49.650001525878906,51.560001373291016,49.939273834228516,3335200
2023-10-18,CTVA,CTVA,51.41999816894531,51.93000030517578,51.11000061035156,51.22999954223633,49.61965560913086,3455700
2023-10-19,CTVA,CTVA,51.334999084472656,51.91999816894531,50.849998474121094,50.959999084472656,49.35813522338867,2617000
2023-10-20,CTVA,CTVA,51.47999954223633,51.630001068115234,50.25,50.2599983215332,48.68014144897461,2363800
2023-10-23,CTVA,CTVA,47.380001068115234,49.290000915527344,47.380001068115234,48.77000045776367,47.236976623535156,5078100
2023-10-24,CTVA,CTVA,48.45000076293945,48.78499984741211,48.09000015258789,48.40999984741211,46.8882942199707,3765900
2023-10-25,CTVA,CTVA,48.529998779296875,49.15999984741211,48.40999984741211,48.630001068115234,47.101383209228516,2394400
2023-10-26,CTVA,CTVA,49.02000045776367,49.31999969482422,48.61000061035156,48.709999084472656,47.178863525390625,2856600
2023-10-27,CTVA,CTVA,47.5,48.20000076293945,47.209999084472656,47.81999969482422,46.31684494018555,5864100
2023-10-30,CTVA,CTVA,48.16999816894531,48.349998474121094,47.525001525878906,48.220001220703125,46.70426940917969,3637600
2023-10-31,CTVA,CTVA,48.029998779296875,48.34000015258789,47.33000183105469,48.13999938964844,46.62678527832031,3755200
2023-11-01,CTVA,CTVA,48.13999938964844,48.29999923706055,47.43000030517578,47.7400016784668,46.239356994628906,4446800
2023-11-02,CTVA,CTVA,47.91999816894531,49.59000015258789,47.91999816894531,49.560001373291016,48.00215148925781,2771400
2023-11-03,CTVA,CTVA,49.79999923706055,50.650001525878906,49.689998626708984,50.22999954223633,48.65108871459961,2843100
2023-11-06,CTVA,CTVA,50.16999816894531,50.25,49.72999954223633,49.970001220703125,48.39925765991211,2640900
2023-11-07,CTVA,CTVA,49.529998779296875,49.849998474121094,49.130001068115234,49.279998779296875,47.7309455871582,3070700
2023-11-08,CTVA,CTVA,49.31999969482422,49.582000732421875,48.58000183105469,48.619998931884766,47.09169387817383,2811700
2023-11-09,CTVA,CTVA,49.66999816894531,49.66999816894531,44.29499816894531,44.5099983215332,43.11088943481445,7045300
2023-11-10,CTVA,CTVA,44.369998931884766,44.65999984741211,43.349998474121094,43.54999923706055,42.18105697631836,5287900
2023-11-13,CTVA,CTVA,43.43000030517578,45.349998474121094,43.220001220703125,45.290000915527344,43.86637496948242,7620400
2023-11-14,CTVA,CTVA,45.4900016784668,46.9900016784668,45.4900016784668,46.279998779296875,44.82524871826172,4344200
2023-11-15,CTVA,CTVA,46.380001068115234,47.25,46.380001068115234,46.72999954223633,45.26110076904297,2854000
2023-11-16,CTVA,CTVA,47.29999923706055,47.95000076293945,46.334999084472656,46.970001220703125,45.49356460571289,3101000
2023-11-17,CTVA,CTVA,47.20000076293945,47.59000015258789,46.80500030517578,47.31999969482422,45.832557678222656,3495300
2023-11-20,CTVA,CTVA,47.310001373291016,47.310001373291016,46.630001068115234,46.86000061035156,45.387020111083984,3238800
2023-11-21,CTVA,CTVA,46.84000015258789,47.04999923706055,46.2400016784668,46.27000045776367,44.8155632019043,2709300
2023-11-22,CTVA,CTVA,46.290000915527344,46.459999084472656,45.4900016784668,46.36000061035156,44.902732849121094,1984300
2023-11-24,CTVA,CTVA,46.20000076293945,47.29999923706055,46.09000015258789,46.66999816894531,45.2029914855957,1411400
2023-11-27,CTVA,CTVA,45.91999816894531,46.26499938964844,45.59000015258789,45.72999954223633,44.292545318603516,3223100
2023-11-28,CTVA,CTVA,45.650001525878906,46.279998779296875,45.29999923706055,45.5,44.06976318359375,4426900
2023-11-29,CTVA,CTVA,45.75,46.040000915527344,45.279998779296875,45.5,44.06976318359375,3426500
2023-11-30,CTVA,CTVA,45.459999084472656,45.54999923706055,45.02000045776367,45.20000076293945,43.93368911743164,7518600
2023-12-01,CTVA,CTVA,45.36000061035156,46.42499923706055,45.08000183105469,46.20000076293945,44.905670166015625,5788300
2023-12-04,CTVA,CTVA,45.900001525878906,46.21500015258789,45.16999816894531,45.220001220703125,43.953128814697266,5222800
2023-12-05,CTVA,CTVA,44.939998626708984,45.178001403808594,43.88999938964844,43.88999938964844,42.66039276123047,4894000
2023-12-06,CTVA,CTVA,44.09000015258789,44.599998474121094,43.97999954223633,44.150001525878906,42.91310501098633,3746300
2023-12-07,CTVA,CTVA,44.25,44.70000076293945,44.099998474121094,44.5,43.25330352783203,4821500
2023-12-08,CTVA,CTVA,44.619998931884766,45.31999969482422,44.5,45.150001525878906,43.885093688964844,5691400
2023-12-11,CTVA,CTVA,45.56999969482422,45.900001525878906,45.2599983215332,45.79999923706055,44.51688766479492,5526700
2023-12-12,CTVA,CTVA,45.65999984741211,45.65999984741211,44.720001220703125,44.810001373291016,43.554622650146484,4052500
2023-12-13,CTVA,CTVA,45.13999938964844,45.72999954223633,44.709999084472656,45.540000915527344,44.26416778564453,8684900
2023-12-14,CTVA,CTVA,45.915000915527344,47.52000045776367,45.915000915527344,46.540000915527344,45.23614501953125,7659600
2023-12-15,CTVA,CTVA,46.380001068115234,46.709999084472656,46.060001373291016,46.54999923706055,45.245872497558594,14029300
2023-12-18,CTVA,CTVA,46.880001068115234,47.400001525878906,46.400001525878906,47.18000030517578,45.85822296142578,7038500
2023-12-19,CTVA,CTVA,47.529998779296875,48.17499923706055,47.439998626708984,47.86000061035156,46.5191650390625,6079700
2023-12-20,CTVA,CTVA,47.779998779296875,47.875,46.459999084472656,46.59000015258789,45.284751892089844,4518500
2023-12-21,CTVA,CTVA,46.90999984741211,47.36000061035156,46.790000915527344,47.290000915527344,45.96514129638672,3070000
2023-12-22,CTVA,CTVA,47.45500183105469,47.70000076293945,47.189998626708984,47.459999084472656,46.13037872314453,2657600
2023-12-26,CTVA,CTVA,47.5,48.119998931884766,47.29999923706055,48.0,46.65523910522461,2636000
2023-12-27,CTVA,CTVA,47.880001068115234,48.33000183105469,47.606998443603516,47.97999954223633,46.635807037353516,1856500
2023-12-28,CTVA,CTVA,48.0,48.220001220703125,47.779998779296875,48.09000015258789,46.74272537231445,1984000
2023-12-29,CTVA,CTVA,47.959999084472656,48.22999954223633,47.52000045776367,47.91999816894531,46.57748794555664,2120300
2024-01-02,CTVA,CTVA,47.83000183105469,48.84000015258789,47.75199890136719,48.560001373291016,47.19955825805664,3123400
2024-01-03,CTVA,CTVA,48.279998779296875,48.46799850463867,47.849998474121094,48.08000183105469,46.73300552368164,3469300
2024-01-04,CTVA,CTVA,48.099998474121094,48.22999954223633,47.40999984741211,47.599998474121094,46.266456604003906,3079900
2024-01-05,CTVA,CTVA,47.599998474121094,47.7599983215332,46.91999816894531,47.33000183105469,46.004024505615234,2773800
2024-01-08,CTVA,CTVA,47.02000045776367,47.2400016784668,46.279998779296875,47.0099983215332,45.6929817199707,2414600
2024-01-09,CTVA,CTVA,46.689998626708984,46.75,46.0,46.5099983215332,45.20698928833008,3042800
2024-01-10,CTVA,CTVA,45.970001220703125,46.31999969482422,45.86000061035156,46.04999923706055,44.75987243652344,2595400
2024-01-11,CTVA,CTVA,46.2599983215332,46.56999969482422,45.83000183105469,46.029998779296875,44.74043655395508,4007900
2024-01-12,CTVA,CTVA,46.41999816894531,46.54999923706055,45.84000015258789,46.11000061035156,44.81820297241211,3299000
2024-01-16,CTVA,CTVA,46.025001525878906,46.053001403808594,45.2599983215332,45.4900016784668,44.21556854248047,5702900
2024-01-17,CTVA,CTVA,45.0,45.630001068115234,44.67499923706055,44.84000015258789,43.58378219604492,3644900
2024-01-18,CTVA,CTVA,44.689998626708984,44.7400016784668,44.06999969482422,44.40999984741211,43.16582489013672,4040000
2024-01-19,CTVA,CTVA,44.16999816894531,45.63999938964844,44.0099983215332,45.599998474121094,44.32248306274414,5115300
2024-01-22,CTVA,CTVA,45.165000915527344,45.560001373291016,44.79999923706055,44.970001220703125,43.71013259887695,4708200
2024-01-23,CTVA,CTVA,45.47999954223633,45.880001068115234,45.05500030517578,45.43000030517578,44.15725326538086,2634600
2024-01-24,CTVA,CTVA,45.61000061035156,45.665000915527344,44.90999984741211,45.40999984741211,44.13780975341797,2454400
2024-01-25,CTVA,CTVA,45.75,45.83000183105469,45.0099983215332,45.2400016784668,43.97256851196289,3958100
2024-01-26,CTVA,CTVA,45.65999984741211,45.939998626708984,45.25,45.86000061035156,44.57521057128906,3226200
2024-01-29,CTVA,CTVA,45.7400016784668,45.939998626708984,45.29999923706055,45.93000030517578,44.64324188232422,2123200
2024-01-30,CTVA,CTVA,45.619998931884766,46.145999908447266,45.58000183105469,45.83000183105469,44.546043395996094,2948200
2024-01-31,CTVA,CTVA,46.0099983215332,46.349998474121094,45.459999084472656,45.47999954223633,44.205848693847656,5825300
2024-02-01,CTVA,CTVA,56.4900016784668,57.7599983215332,52.36000061035156,54.060001373291016,52.54547882080078,12192900
2024-02-02,CTVA,CTVA,54.29999923706055,54.5,52.88999938964844,53.040000915527344,51.55404281616211,5601500
2024-02-05,CTVA,CTVA,52.5,52.5,51.654998779296875,51.79999923706055,50.34878921508789,5824300
2024-02-06,CTVA,CTVA,51.75,52.415000915527344,51.310001373291016,52.09000015258789,50.63066101074219,4725400
2024-02-07,CTVA,CTVA,52.34000015258789,54.189998626708984,52.34000015258789,54.06999969482422,52.55519104003906,7010000
2024-02-08,CTVA,CTVA,53.9900016784668,54.33000183105469,52.650001525878906,53.2400016784668,51.748451232910156,6199800
2024-02-09,CTVA,CTVA,53.040000915527344,53.9109992980957,52.880001068115234,53.599998474121094,52.09836196899414,2929800
2024-02-12,CTVA,CTVA,54.630001068115234,55.310001373291016,54.459999084472656,55.040000915527344,53.49802017211914,3274500
2024-02-13,CTVA,CTVA,54.58000183105469,54.9900016784668,53.349998474121094,53.630001068115234,52.127525329589844,3525700
2024-02-14,CTVA,CTVA,54.11000061035156,54.30500030517578,53.55500030517578,54.08000183105469,52.564910888671875,3260500
2024-02-15,CTVA,CTVA,54.290000915527344,55.40999984741211,54.290000915527344,54.68000030517578,53.14810562133789,3048100
2024-02-16,CTVA,CTVA,54.77000045776367,55.279998779296875,54.52000045776367,54.79999923706055,53.26474380493164,3892700
2024-02-20,CTVA,CTVA,54.380001068115234,54.70000076293945,53.95000076293945,54.36000061035156,52.83707046508789,3113400
2024-02-21,CTVA,CTVA,54.220001220703125,54.540000915527344,53.959999084472656,54.220001220703125,52.70098876953125,2325500
2024-02-22,CTVA,CTVA,54.06999969482422,54.869998931884766,53.90999984741211,54.709999084472656,53.17726135253906,4256400
2024-02-23,CTVA,CTVA,54.619998931884766,55.11000061035156,54.48500061035156,54.900001525878906,53.361942291259766,2400300
2024-02-26,CTVA,CTVA,54.61000061035156,55.19499969482422,54.47999954223633,54.81999969482422,53.284175872802734,2593700
2024-02-27,CTVA,CTVA,55.07500076293945,55.34000015258789,54.85499954223633,55.130001068115234,53.58549499511719,2186100
2024-02-28,CTVA,CTVA,54.880001068115234,55.077999114990234,54.15999984741211,54.540000915527344,53.012027740478516,3568600
2024-02-29,CTVA,CTVA,54.47999954223633,54.5,53.25,53.52000045776367,52.17365646362305,6804300
2024-03-01,CTVA,CTVA,53.4900016784668,54.34000015258789,53.4900016784668,53.65999984741211,52.31013107299805,4274200
2024-03-04,CTVA,CTVA,53.36000061035156,53.9900016784668,53.349998474121094,53.61000061035156,52.26139831542969,2490200
2024-03-05,CTVA,CTVA,53.439998626708984,54.11000061035156,53.36000061035156,53.939998626708984,52.583091735839844,2904900
2024-03-06,CTVA,CTVA,54.099998474121094,54.540000915527344,53.77000045776367,54.029998779296875,52.67082595825195,4142500
2024-03-07,CTVA,CTVA,54.43000030517578,55.13999938964844,54.275001525878906,54.4900016784668,53.11925506591797,3330900
2024-03-08,CTVA,CTVA,54.47999954223633,54.84000015258789,54.400001525878906,54.68000030517578,53.30447769165039,4260600
2024-03-11,CTVA,CTVA,54.58000183105469,55.689998626708984,54.58000183105469,55.09000015258789,53.70416259765625,4053600
2024-03-12,CTVA,CTVA,55.20000076293945,55.369998931884766,54.17499923706055,55.11000061035156,53.723655700683594,4423800
2024-03-13,CTVA,CTVA,55.34000015258789,55.790000915527344,55.20000076293945,55.29999923706055,53.908878326416016,3165200
2024-03-14,CTVA,CTVA,55.09000015258789,55.220001220703125,54.49300003051758,55.20000076293945,53.811397552490234,3514800
2024-03-15,CTVA,CTVA,54.84000015258789,55.68000030517578,54.84000015258789,55.09000015258789,53.70416259765625,6496000
2024-03-18,CTVA,CTVA,55.45000076293945,55.45000076293945,54.52000045776367,54.709999084472656,53.33372116088867,3169500
2024-03-19,CTVA,CTVA,54.70000076293945,55.01499938964844,54.34000015258789,54.66999816894531,53.294734954833984,3134600
2024-03-20,CTVA,CTVA,54.849998474121094,55.86600112915039,54.63999938964844,55.72999954223633,54.328060150146484,5427100
2024-03-21,CTVA,CTVA,55.81999969482422,55.88999938964844,55.25,55.779998779296875,54.376808166503906,2467400
2024-03-22,CTVA,CTVA,55.939998626708984,56.08000183105469,54.970001220703125,55.06999969482422,53.684669494628906,1993500
2024-03-25,CTVA,CTVA,55.279998779296875,55.65999984741211,54.9379997253418,55.630001068115234,54.23058319091797,2132600
2024-03-26,CTVA,CTVA,55.650001525878906,56.349998474121094,55.630001068115234,56.29999923706055,54.88372802734375,3283700
2024-03-27,CTVA,CTVA,56.59000015258789,57.040000915527344,56.529998779296875,57.0,55.56611251831055,2629300
2024-03-28,CTVA,CTVA,57.150001525878906,58.18000030517578,57.08000183105469,57.66999816894531,56.21925354003906,4563900
2024-04-01,CTVA,CTVA,57.56999969482422,57.75,57.01499938964844,57.68000030517578,56.229007720947266,3847100
2024-04-02,CTVA,CTVA,57.79999923706055,58.06999969482422,57.11000061035156,57.16999816894531,55.73183822631836,3092900
2024-04-03,CTVA,CTVA,57.209999084472656,57.63999938964844,57.06999969482422,57.40999984741211,55.965797424316406,3025200
2024-04-04,CTVA,CTVA,58.119998931884766,58.15999984741211,56.91999816894531,56.95000076293945,55.51737594604492,2627400
2024-04-05,CTVA,CTVA,56.869998931884766,57.04999923706055,56.26300048828125,56.849998474121094,55.41988754272461,2267400
2024-04-08,CTVA,CTVA,57.099998474121094,57.52000045776367,56.849998474121094,57.52000045776367,56.073036193847656,3770300
2024-04-09,CTVA,CTVA,57.72999954223633,57.849998474121094,56.84000015258789,57.52000045776367,56.073036193847656,1902000
2024-04-10,CTVA,CTVA,56.619998931884766,57.439998626708984,56.2400016784668,57.15999984741211,55.72209548950195,2133300
2024-04-11,CTVA,CTVA,56.90999984741211,57.150001525878906,56.029998779296875,56.459999084472656,55.039703369140625,1870600
2024-04-12,CTVA,CTVA,54.66999816894531,55.685001373291016,53.64500045776367,53.7599983215332,52.40761947631836,3906700
2024-04-15,CTVA,CTVA,54.5099983215332,54.59000015258789,53.189998626708984,53.66999816894531,52.31987762451172,2709500
2024-04-16,CTVA,CTVA,53.529998779296875,53.7599983215332,53.20500183105469,53.31999969482422,51.97869110107422,2742800
2024-04-17,CTVA,CTVA,53.59000015258789,54.34000015258789,53.4900016784668,53.529998779296875,52.18340301513672,2656500
2024-04-18,CTVA,CTVA,53.86000061035156,54.165000915527344,53.61000061035156,53.959999084472656,52.60258102416992,1614900
2024-04-19,CTVA,CTVA,53.900001525878906,54.84000015258789,53.880001068115234,54.79999923706055,53.42145919799805,2052600
2024-04-22,CTVA,CTVA,54.79999923706055,55.459999084472656,54.40999984741211,55.20000076293945,53.811397552490234,2315600
2024-04-23,CTVA,CTVA,54.66999816894531,55.56999969482422,54.66999816894531,55.18000030517578,53.79189682006836,2576200
2024-04-24,CTVA,CTVA,54.650001525878906,55.064998626708984,54.29999923706055,54.77000045776367,53.392215728759766,1811700
2024-04-25,CTVA,CTVA,54.79999923706055,54.95000076293945,54.060001373291016,54.70000076293945,53.323970794677734,1593400
2024-04-26,CTVA,CTVA,54.369998931884766,55.19499969482422,54.36000061035156,54.91999816894531,53.53843688964844,2350200
2024-04-29,CTVA,CTVA,55.20000076293945,55.5,54.9900016784668,55.5,54.10385513305664,2348000
2024-04-30,CTVA,CTVA,55.099998474121094,55.150001525878906,54.11000061035156,54.130001068115234,52.768310546875,3520000
2024-05-01,CTVA,CTVA,54.38999938964844,54.72999954223633,53.650001525878906,53.90999984741211,52.5538444519043,3590000
2024-05-02,CTVA,CTVA,57.0,57.70000076293945,56.310001373291016,56.97999954223633,55.5466194152832,6605000
2024-05-03,CTVA,CTVA,57.029998779296875,57.400001525878906,56.56999969482422,57.15999984741211,55.72209548950195,2977600
2024-05-06,CTVA,CTVA,57.720001220703125,57.79199981689453,56.2599983215332,56.36000061035156,54.94221496582031,3205100
2024-05-07,CTVA,CTVA,56.65999984741211,57.88999938964844,56.65999984741211,57.52000045776367,56.073036193847656,5527600
2024-05-08,CTVA,CTVA,57.31999969482422,57.64099884033203,56.810001373291016,56.81999969482422,55.3906364440918,4291900
2024-05-09,CTVA,CTVA,57.060001373291016,57.939998626708984,57.060001373291016,57.83000183105469,56.37523651123047,4051600
2024-05-10,CTVA,CTVA,58.0,58.7599983215332,57.45000076293945,57.47999954223633,56.03403854370117,3754500
2024-05-13,CTVA,CTVA,57.65999984741211,58.45000076293945,57.290000915527344,57.29999923706055,55.85856628417969,3034100
2024-05-14,CTVA,CTVA,57.65999984741211,57.939998626708984,57.209999084472656,57.54999923706055,56.10227966308594,3898000
2024-05-15,CTVA,CTVA,57.880001068115234,58.20000076293945,56.900001525878906,57.130001068115234,55.692848205566406,4157400
2024-05-16,CTVA,CTVA,57.0099983215332,57.13999938964844,55.88999938964844,56.0,54.591270446777344,5081800
2024-05-17,CTVA,CTVA,56.20000076293945,56.560001373291016,55.869998931884766,56.45000076293945,55.02995681762695,5282000
2024-05-20,CTVA,CTVA,56.540000915527344,57.0,56.36000061035156,56.7400016784668,55.312660217285156,2869800
2024-05-21,CTVA,CTVA,56.79999923706055,56.970001220703125,56.43000030517578,56.650001525878906,55.224918365478516,3032200
2024-05-22,CTVA,CTVA,56.22999954223633,57.11000061035156,56.22999954223633,56.97999954223633,55.5466194152832,2955100
2024-05-23,CTVA,CTVA,56.939998626708984,56.9900016784668,55.189998626708984,55.56999969482422,54.172088623046875,3121400
2024-05-24,CTVA,CTVA,55.56999969482422,56.05500030517578,55.279998779296875,55.5099983215332,54.11359405517578,2282200
2024-05-28,CTVA,CTVA,55.46500015258789,55.790000915527344,55.040000915527344,55.65999984741211,54.25982666015625,2418800
2024-05-29,CTVA,CTVA,55.099998474121094,55.5099983215332,54.22999954223633,54.27000045776367,52.90479278564453,4255800
2024-05-30,CTVA,CTVA,54.369998931884766,55.2599983215332,54.369998931884766,55.2400016784668,53.85039138793945,2171600
2024-05-31,CTVA,CTVA,55.18000030517578,56.02000045776367,54.98500061035156,55.939998626708984,54.53278732299805,3593400
2024-06-03,CTVA,CTVA,55.7599983215332,56.0099983215332,54.939998626708984,55.56999969482422,54.172088623046875,2310900
2024-06-04,CTVA,CTVA,54.93000030517578,55.15999984741211,53.630001068115234,53.70000076293945,52.50029373168945,2995900
2024-06-05,CTVA,CTVA,53.630001068115234,54.084999084472656,53.470001220703125,54.060001373291016,52.85224533081055,2033700
2024-06-06,CTVA,CTVA,54.029998779296875,55.005001068115234,53.875,54.91999816894531,53.69303512573242,2624000
2024-06-07,CTVA,CTVA,53.959999084472656,54.66999816894531,52.720001220703125,52.900001525878906,51.71816635131836,3750700
2024-06-10,CTVA,CTVA,52.65999984741211,52.66999816894531,51.654998779296875,51.709999084472656,50.55474853515625,5329900
2024-06-11,CTVA,CTVA,51.099998474121094,52.439998626708984,50.0099983215332,51.63999938964844,50.48631286621094,6635800
2024-06-12,CTVA,CTVA,52.060001373291016,52.720001220703125,51.52000045776367,51.939998626708984,50.779605865478516,3326000
2024-06-13,CTVA,CTVA,51.63999938964844,51.959999084472656,50.959999084472656,51.58000183105469,50.42765808105469,3512600
2024-06-14,CTVA,CTVA,51.56999969482422,51.79999923706055,50.47999954223633,51.18000030517578,50.03659439086914,1619300
2024-06-17,CTVA,CTVA,51.2599983215332,52.20000076293945,51.150001525878906,52.040000915527344,50.87738037109375,2622900
2024-06-18,CTVA,CTVA,52.279998779296875,52.79999923706055,51.369998931884766,51.88999938964844,50.73072814941406,2577800
2024-06-20,CTVA,CTVA,51.779998779296875,52.909000396728516,51.599998474121094,52.369998931884766,51.200008392333984,3617600
2024-06-21,CTVA,CTVA,52.439998626708984,53.040000915527344,51.970001220703125,52.91999816894531,51.73772048950195,8369800
2024-06-24,CTVA,CTVA,53.09000015258789,53.36000061035156,52.75,52.90999984741211,51.72794723510742,2909400
2024-06-25,CTVA,CTVA,52.61000061035156,53.08000183105469,52.20000076293945,53.040000915527344,51.85503387451172,3330800
2024-06-26,CTVA,CTVA,52.90999984741211,53.7400016784668,52.779998779296875,53.63999938964844,52.44163131713867,3410400
2024-06-27,CTVA,CTVA,53.619998931884766,53.83000183105469,53.25,53.650001525878906,52.451412200927734,2958100
2024-06-28,CTVA,CTVA,54.11000061035156,54.59000015258789,53.525001525878906,53.939998626708984,52.73493194580078,6301400
2024-07-01,CTVA,CTVA,53.90999984741211,54.244998931884766,52.869998931884766,53.06999969482422,51.884368896484375,2549800
2024-07-02,CTVA,CTVA,52.9900016784668,53.189998626708984,52.619998931884766,52.77000045776367,51.59107208251953,2186800
2024-07-03,CTVA,CTVA,52.86000061035156,53.150001525878906,52.2599983215332,52.47999954223633,51.307552337646484,1238100
2024-07-05,CTVA,CTVA,52.09000015258789,52.470001220703125,51.7400016784668,52.439998626708984,51.2684440612793,1493500
2024-07-08,CTVA,CTVA,52.459999084472656,52.564998626708984,51.5,51.720001220703125,50.56453323364258,2996900
2024-07-09,CTVA,CTVA,51.630001068115234,51.689998626708984,50.689998626708984,50.720001220703125,49.58686828613281,2577500
2024-07-10,CTVA,CTVA,50.79999923706055,51.060001373291016,50.36000061035156,51.02000045776367,49.880165100097656,3435900
2024-07-11,CTVA,CTVA,51.45000076293945,52.47999954223633,51.380001068115234,52.27000045776367,51.10224914550781,2243900
2024-07-12,CTVA,CTVA,52.650001525878906,53.30500030517578,52.040000915527344,53.099998474121094,51.91368865966797,2496000
2024-07-15,CTVA,CTVA,53.02000045776367,53.275001525878906,52.45000076293945,52.900001525878906,51.71816635131836,2646100
2024-07-16,CTVA,CTVA,52.970001220703125,54.224998474121094,52.915000915527344,54.20000076293945,52.98912048339844,2818000
2024-07-17,CTVA,CTVA,54.220001220703125,55.68000030517578,54.220001220703125,55.540000915527344,54.29918670654297,3089900
2024-07-18,CTVA,CTVA,54.810001373291016,56.130001068115234,54.689998626708984,55.20000076293945,53.96678161621094,2592000
2024-07-19,CTVA,CTVA,55.279998779296875,55.279998779296875,54.349998474121094,54.779998779296875,53.55616760253906,2088300
2024-07-22,CTVA,CTVA,54.900001525878906,54.970001220703125,53.939998626708984,54.77000045776367,53.54639434814453,1494700
2024-07-23,CTVA,CTVA,54.54999923706055,54.790000915527344,54.2599983215332,54.38999938964844,53.17488098144531,1625500
2024-07-24,CTVA,CTVA,54.689998626708984,54.900001525878906,53.7400016784668,53.81999969482422,52.61760711669922,1999600
2024-07-25,CTVA,CTVA,53.619998931884766,55.90999984741211,53.540000915527344,55.279998779296875,54.04499435424805,2798200
2024-07-26,CTVA,CTVA,55.45000076293945,56.060001373291016,55.20000076293945,55.38999938964844,54.15253448486328,2272000
2024-07-29,CTVA,CTVA,55.31999969482422,56.04999923706055,55.040000915527344,55.459999084472656,54.22096633911133,1906900
2024-07-30,CTVA,CTVA,55.61000061035156,56.04999923706055,55.189998626708984,55.529998779296875,54.289405822753906,2002900
2024-07-31,CTVA,CTVA,55.790000915527344,56.560001373291016,55.43000030517578,56.099998474121094,54.846675872802734,3682600
2024-08-01,CTVA,CTVA,53.959999084472656,55.66999816894531,52.88999938964844,53.0,51.8159294128418,6146400
2024-08-02,CTVA,CTVA,52.279998779296875,52.95000076293945,51.02000045776367,51.58000183105469,50.42765808105469,3784000
2024-08-05,CTVA,CTVA,50.58000183105469,52.20000076293945,50.29999923706055,51.310001373291016,50.16368865966797,3627700
2024-08-06,CTVA,CTVA,51.16999816894531,51.95000076293945,50.95000076293945,51.18000030517578,50.03659439086914,3654300
2024-08-07,CTVA,CTVA,51.459999084472656,52.38999938964844,50.75,50.779998779296875,49.64552688598633,2520500
2024-08-08,CTVA,CTVA,51.06999969482422,51.63999938964844,50.959999084472656,51.54999923706055,50.3983268737793,2645700
2024-08-09,CTVA,CTVA,51.4900016784668,51.77000045776367,50.779998779296875,51.560001373291016,50.408103942871094,1841200
2024-08-12,CTVA,CTVA,51.529998779296875,51.7400016784668,51.130001068115234,51.220001220703125,50.07569885253906,1724700
2024-08-13,CTVA,CTVA,51.34000015258789,52.029998779296875,51.0,51.72999954223633,50.574310302734375,2181500
2024-08-14,CTVA,CTVA,51.869998931884766,52.06999969482422,51.25,51.9900016784668,50.8285026550293,2011900
2024-08-15,CTVA,CTVA,52.66999816894531,52.95000076293945,52.38999938964844,52.7599983215332,51.581295013427734,2270800
2024-08-16,CTVA,CTVA,52.779998779296875,53.91999816894531,52.59000015258789,53.79999923706055,52.59805679321289,2926100
2024-08-19,CTVA,CTVA,54.0,54.630001068115234,53.814998626708984,54.310001373291016,53.09667205810547,2517400
2024-08-20,CTVA,CTVA,54.209999084472656,54.209999084472656,53.52000045776367,53.599998474121094,52.40252685546875,2760700
2024-08-21,CTVA,CTVA,53.869998931884766,54.41999816894531,53.75,54.279998779296875,53.06733703613281,1584600
2024-08-22,CTVA,CTVA,54.22999954223633,54.560001373291016,53.970001220703125,54.54999923706055,53.33130645751953,1922200
2024-08-23,CTVA,CTVA,54.84000015258789,55.6349983215332,54.7400016784668,55.58000183105469,54.338294982910156,4475900
2024-08-26,CTVA,CTVA,55.79999923706055,56.275001525878906,55.380001068115234,55.650001525878906,54.40673065185547,2602500
2024-08-27,CTVA,CTVA,55.34000015258789,55.650001525878906,54.95000076293945,55.560001373291016,54.3187370300293,3809600
2024-08-28,CTVA,CTVA,55.52000045776367,56.040000915527344,55.09000015258789,56.0,54.74890899658203,2308000
2024-08-29,CTVA,CTVA,56.5,57.415000915527344,55.869998931884766,57.0,55.726566314697266,2807100
2024-08-30,CTVA,CTVA,56.77000045776367,57.56999969482422,56.70500183105469,57.29999923706055,56.019866943359375,4229100
2024-09-03,CTVA,CTVA,56.45000076293945,56.58000183105469,55.349998474121094,55.56999969482422,54.49018096923828,3146400
2024-09-04,CTVA,CTVA,55.79999923706055,56.08000183105469,55.185001373291016,55.5,54.42153549194336,2449300
2024-09-05,CTVA,CTVA,55.86000061035156,56.310001373291016,54.95000076293945,55.11000061035156,54.039119720458984,3896700
2024-09-06,CTVA,CTVA,54.91999816894531,55.65999984741211,54.880001068115234,55.33000183105469,54.254844665527344,5004100
2024-09-09,CTVA,CTVA,55.63999938964844,56.2599983215332,55.2400016784668,55.79999923706055,54.7157096862793,4233700
2024-09-10,CTVA,CTVA,55.90999984741211,55.90999984741211,55.029998779296875,55.380001068115234,54.30387496948242,2525100
2024-09-11,CTVA,CTVA,55.2599983215332,55.290000915527344,53.93000030517578,55.150001525878906,54.07834243774414,2764000
2024-09-12,CTVA,CTVA,55.18000030517578,55.724998474121094,55.0099983215332,55.70000076293945,54.61764907836914,2491800
2024-09-13,CTVA,CTVA,55.93000030517578,56.70500183105469,55.93000030517578,56.630001068115234,55.52958297729492,1703300
2024-09-16,CTVA,CTVA,56.900001525878906,57.189998626708984,55.79999923706055,56.27000045776367,55.176570892333984,2208800
2024-09-17,CTVA,CTVA,56.65999984741211,57.13999938964844,56.529998779296875,57.040000915527344,55.93161392211914,1922500
2024-09-18,CTVA,CTVA,56.72999954223633,57.900001525878906,56.72999954223633,57.439998626708984,56.3238410949707,2484100
2024-09-19,CTVA,CTVA,58.279998779296875,58.91999816894531,57.79999923706055,58.599998474121094,57.461299896240234,3626800
2024-09-20,CTVA,CTVA,58.04999923706055,58.04999923706055,57.0099983215332,57.58000183105469,56.46112060546875,8144000
2024-09-23,CTVA,CTVA,57.61000061035156,58.13999938964844,57.58000183105469,58.0,56.87295913696289,3200000
2024-09-24,CTVA,CTVA,58.22999954223633,58.540000915527344,55.66999816894531,57.849998474121094,56.72587203979492,4220400
2024-09-25,CTVA,CTVA,58.04999923706055,58.07500076293945,56.81999969482422,57.150001525878906,56.03947830200195,2350200
2024-09-26,CTVA,CTVA,57.560001373291016,58.189998626708984,57.349998474121094,58.02000045776367,56.8925666809082,2107100
2024-09-27,CTVA,CTVA,58.380001068115234,59.07500076293945,58.349998474121094,58.58000183105469,57.441688537597656,2434500
2024-09-30,CTVA,CTVA,58.66999816894531,58.79999923706055,58.099998474121094,58.790000915527344,57.64760971069336,3266000
2024-10-01,CTVA,CTVA,58.09000015258789,58.819000244140625,57.900001525878906,57.9900016784668,56.8631591796875,3513600
2024-10-02,CTVA,CTVA,58.2599983215332,58.90999984741211,57.8489990234375,58.63999938964844,57.50052261352539,3010000
2024-10-03,CTVA,CTVA,58.36000061035156,58.52000045776367,57.959999084472656,58.09000015258789,56.961212158203125,1666900
2024-10-04,CTVA,CTVA,58.61000061035156,58.79999923706055,58.11000061035156,58.33000183105469,57.19654846191406,1327000
2024-10-07,CTVA,CTVA,58.029998779296875,58.18000030517578,57.209999084472656,57.459999084472656,56.34345245361328,2224100
2024-10-08,CTVA,CTVA,57.099998474121094,57.279998779296875,56.5099983215332,56.88999938964844,55.78453063964844,1741200
2024-10-09,CTVA,CTVA,56.79999923706055,57.2400016784668,56.474998474121094,56.5,55.40210723876953,1660500
2024-10-10,CTVA,CTVA,56.02000045776367,56.619998931884766,55.650001525878906,56.54999923706055,55.45113754272461,2156400
2024-10-11,CTVA,CTVA,56.650001525878906,57.5,56.63999938964844,56.84000015258789,55.735504150390625,2883600
2024-10-14,CTVA,CTVA,56.720001220703125,57.83000183105469,56.45000076293945,57.7599983215332,56.63762664794922,1925800
2024-10-15,CTVA,CTVA,57.59000015258789,57.77000045776367,57.130001068115234,57.29999923706055,56.186561584472656,3149700
2024-10-16,CTVA,CTVA,58.47999954223633,59.040000915527344,57.93000030517578,58.95000076293945,57.80449676513672,2482500
2024-10-17,CTVA,CTVA,58.7599983215332,59.125999450683594,58.369998931884766,58.95000076293945,57.80449676513672,2659900
2024-10-18,CTVA,CTVA,59.369998931884766,59.68000030517578,58.93000030517578,59.40999984741211,58.255558013916016,2604300
2024-10-21,CTVA,CTVA,59.470001220703125,59.47999954223633,58.54999923706055,59.25,58.09866714477539,3047100
2024-10-22,CTVA,CTVA,58.970001220703125,59.20000076293945,58.32500076293945,59.119998931884766,57.971195220947266,2349400
2024-10-23,CTVA,CTVA,59.4900016784668,60.880001068115234,59.31999969482422,60.790000915527344,59.608741760253906,2783100
2024-10-24,CTVA,CTVA,60.900001525878906,61.20000076293945,60.43000030517578,60.779998779296875,59.59893798828125,3673400
2024-10-25,CTVA,CTVA,60.95000076293945,61.20500183105469,60.33000183105469,60.349998474121094,59.17729568481445,2632300
2024-10-28,CTVA,CTVA,60.5099983215332,61.25,60.369998931884766,61.130001068115234,59.942138671875,3028600
2024-10-29,CTVA,CTVA,60.90999984741211,61.380001068115234,60.70000076293945,60.790000915527344,59.608741760253906,2511000
2024-10-30,CTVA,CTVA,60.939998626708984,62.380001068115234,60.939998626708984,61.56999969482422,60.37358474731445,3067100
2024-10-31,CTVA,CTVA,61.689998626708984,61.95000076293945,60.91999816894531,60.91999816894531,59.73621368408203,3605900
2024-11-01,CTVA,CTVA,60.810001373291016,61.349998474121094,60.529998779296875,60.86000061035156,59.67738723754883,2458800
2024-11-04,CTVA,CTVA,61.060001373291016,61.63999938964844,60.744998931884766,61.209999084472656,60.02058029174805,2578400
2024-11-05,CTVA,CTVA,60.93000030517578,61.939998626708984,60.65999984741211,61.75,60.55009460449219,2166000
2024-11-06,CTVA,CTVA,63.75,63.75,60.779998779296875,61.7400016784668,60.5402946472168,4744500
2024-11-07,CTVA,CTVA,58.0,59.20000076293945,57.29999923706055,58.63999938964844,57.50052261352539,7352900
2024-11-08,CTVA,CTVA,58.970001220703125,59.540000915527344,58.150001525878906,58.33000183105469,57.19654846191406,4673800
2024-11-11,CTVA,CTVA,58.83000183105469,59.2599983215332,58.310001373291016,58.52000045776367,57.38285446166992,2735500
2024-11-12,CTVA,CTVA,58.54999923706055,58.54999923706055,57.0,57.130001068115234,56.019866943359375,2695900
2024-11-13,CTVA,CTVA,57.29499816894531,58.02000045776367,57.255001068115234,57.65999984741211,56.5395622253418,2396000
2024-11-14,CTVA,CTVA,57.68000030517578,57.849998474121094,57.11000061035156,57.40999984741211,56.2944221496582,2628300
2024-11-15,CTVA,CTVA,57.25,57.459999084472656,55.18000030517578,55.209999084472656,54.13717269897461,5636700
2024-11-18,CTVA,CTVA,55.41999816894531,57.04999923706055,55.310001373291016,56.9900016784668,55.88258743286133,4190700
2024-11-19,CTVA,CTVA,56.33000183105469,58.40999984741211,56.16999816894531,58.2400016784668,57.108299255371094,4217600
2024-11-20,CTVA,CTVA,58.459999084472656,59.025001525878906,58.0,58.7599983215332,57.61819076538086,3507200
2024-11-21,CTVA,CTVA,59.33000183105469,61.06999969482422,58.88999938964844,60.7599983215332,59.579322814941406,4520600
2024-11-22,CTVA,CTVA,60.47999954223633,61.27000045776367,60.060001373291016,61.22999954223633,60.04019546508789,3745800
2024-11-25,CTVA,CTVA,61.630001068115234,64.19999694824219,61.630001068115234,64.12999725341797,62.88384246826172,9733800
2024-11-26,CTVA,CTVA,63.34000015258789,63.875,62.7599983215332,63.25,62.02094268798828,3959100
2024-11-27,CTVA,CTVA,63.36000061035156,64.0999984741211,62.36000061035156,62.5,61.28551483154297,2517700
2024-11-29,CTVA,CTVA,61.779998779296875,62.560001373291016,61.310001373291016,62.2400016784668,61.030574798583984,2467400
2024-12-02,CTVA,CTVA,62.25,62.46500015258789,61.56999969482422,62.22999954223633,61.187889099121094,3224600
2024-12-03,CTVA,CTVA,62.400001525878906,62.4900016784668,61.61000061035156,62.0,60.96174621582031,2631000
2024-12-04,CTVA,CTVA,61.529998779296875,61.784000396728516,60.96099853515625,61.16999816894531,60.1456413269043,2407700
2024-12-05,CTVA,CTVA,61.20000076293945,61.4900016784668,60.7400016784668,60.779998779296875,59.76217269897461,2475300
2024-12-06,CTVA,CTVA,60.369998931884766,60.97999954223633,59.41999816894531,59.4900016784668,58.49378204345703,2953700
2024-12-09,CTVA,CTVA,59.810001373291016,60.81999969482422,59.65999984741211,59.7400016784668,58.73958969116211,3394400
2024-12-10,CTVA,CTVA,59.790000915527344,59.88999938964844,58.150001525878906,59.41999816894531,58.42494201660156,3749200
2024-12-11,CTVA,CTVA,59.529998779296875,60.5,59.31999969482422,59.779998779296875,58.77891540527344,5431300
2024-12-12,CTVA,CTVA,59.810001373291016,60.13999938964844,59.26499938964844,59.29999923706055,58.30696105957031,2009500
2024-12-13,CTVA,CTVA,59.25,59.75,58.709999084472656,59.4900016784668,58.49378204345703,1990100
2024-12-16,CTVA,CTVA,59.345001220703125,60.095001220703125,58.91999816894531,58.95000076293945,57.96281433105469,3978300
2024-12-17,CTVA,CTVA,58.643001556396484,59.099998474121094,57.76499938964844,58.56999969482422,57.58918380737305,4885300
2024-12-18,CTVA,CTVA,58.470001220703125,58.9900016784668,56.369998931884766,56.40999984741211,55.465354919433594,4224100
2024-12-19,CTVA,CTVA,56.790000915527344,56.93000030517578,56.15999984741211,56.15999984741211,55.219539642333984,4026800
2024-12-20,CTVA,CTVA,56.41999816894531,57.88999938964844,56.29999923706055,57.47999954223633,56.517433166503906,11010700
2024-12-23,CTVA,CTVA,57.56999969482422,57.65999984741211,56.150001525878906,56.91999816894531,55.9668083190918,2456500
2024-12-24,CTVA,CTVA,57.13999938964844,57.51499938964844,56.400001525878906,57.47999954223633,56.517433166503906,986400
2024-12-26,CTVA,CTVA,56.88999938964844,57.81999969482422,56.619998931884766,57.43000030517578,56.46826934814453,1401600
2024-12-27,CTVA,CTVA,56.970001220703125,57.91999816894531,56.95000076293945,57.2400016784668,56.281455993652344,1502100
2024-12-30,CTVA,CTVA,56.68000030517578,56.959999084472656,56.220001220703125,56.560001373291016,55.61284255981445,1802000
2024-12-31,CTVA,CTVA,56.630001068115234,57.099998474121094,56.459999084472656,56.959999084472656,56.006141662597656,1750200
2025-01-02,CTVA,CTVA,56.86000061035156,57.349998474121094,56.29999923706055,56.34000015258789,55.39652633666992,2487200
2025-01-03,CTVA,CTVA,56.59000015258789,56.959999084472656,55.70000076293945,55.939998626708984,55.00322341918945,2380800
2025-01-06,CTVA,CTVA,56.28499984741211,57.900001525878906,56.28499984741211,56.939998626708984,55.98647689819336,2980800
2025-01-07,CTVA,CTVA,56.709999084472656,57.65999984741211,56.65999984741211,57.029998779296875,56.07496643066406,2777700
2025-01-08,CTVA,CTVA,57.0,57.19900131225586,56.46699905395508,57.150001525878906,56.192962646484375,2833700
2025-01-10,CTVA,CTVA,55.68000030517578,57.43000030517578,55.68000030517578,57.09000015258789,56.133968353271484,3886500
2025-01-13,CTVA,CTVA,57.20000076293945,60.029998779296875,57.20000076293945,59.93000030517578,58.92641067504883,3845400
2025-01-14,CTVA,CTVA,60.060001373291016,60.970001220703125,60.0099983215332,60.88999938964844,59.870330810546875,3181600
2025-01-15,CTVA,CTVA,61.63999938964844,61.900001525878906,60.33000183105469,60.91999816894531,59.89982604980469,3521100
2025-01-16,CTVA,CTVA,60.91999816894531,61.68000030517578,60.619998931884766,61.630001068115234,60.597938537597656,2187700
2025-01-17,CTVA,CTVA,61.66999816894531,62.43000030517578,61.599998474121094,62.31999969482422,61.27638244628906,2621600
2025-01-21,CTVA,CTVA,62.86000061035156,63.15999984741211,62.220001220703125,63.119998931884766,62.06298828125,2146500
2025-01-22,CTVA,CTVA,62.95000076293945,63.16999816894531,62.45000076293945,62.5099983215332,61.463199615478516,2045000
2025-01-23,CTVA,CTVA,62.5,64.2300033569336,62.29999923706055,64.19000244140625,63.11507034301758,3415700
2025-01-24,CTVA,CTVA,64.20999908447266,64.31999969482422,63.332000732421875,63.959999084472656,62.888919830322266,2386000
2025-01-27,CTVA,CTVA,64.52999877929688,64.72000122070312,63.79499816894531,64.47000122070312,63.390380859375,3426900
2025-01-28,CTVA,CTVA,64.44999694824219,64.86000061035156,64.11000061035156,64.27999877929688,63.20356369018555,3155500
2025-01-29,CTVA,CTVA,64.44000244140625,65.44000244140625,64.23999786376953,65.0,63.911502838134766,4177400
2025-01-30,CTVA,CTVA,65.29499816894531,66.23999786376953,64.88999938964844,66.1500015258789,65.04225158691406,3913700
2025-01-31,CTVA,CTVA,65.80000305175781,66.16000366210938,64.93000030517578,65.2699966430664,64.17698669433594,3750100
2025-02-03,CTVA,CTVA,64.31999969482422,65.12000274658203,63.150001525878906,64.61000061035156,63.52803039550781,4693900
2025-02-04,CTVA,CTVA,65.20999908447266,65.9000015258789,64.87999725341797,65.69999694824219,64.59978485107422,3479700
2025-02-05,CTVA,CTVA,63.36000061035156,65.01000213623047,63.0,63.81999969482422,62.75126647949219,8909400
2025-02-06,CTVA,CTVA,63.56999969482422,64.38999938964844,60.91999816894531,62.36000061035156,61.31571578979492,11376800
2025-02-07,CTVA,CTVA,62.5,64.61499786376953,61.9900016784668,62.34000015258789,61.296051025390625,5558700
2025-02-10,CTVA,CTVA,62.81999969482422,63.13999938964844,62.060001373291016,62.209999084472656,61.1682243347168,3221900
2025-02-11,CTVA,CTVA,62.08000183105469,63.459999084472656,61.83000183105469,62.970001220703125,61.915504455566406,4129000
2025-02-12,CTVA,CTVA,62.25,62.75,61.9900016784668,62.060001373291016,61.02074432373047,2566100
2025-02-13,CTVA,CTVA,62.279998779296875,62.90999984741211,61.9900016784668,62.86000061035156,61.80733871459961,2153900
2025-02-14,CTVA,CTVA,63.5,64.44000244140625,63.11000061035156,63.959999084472656,62.888919830322266,3906200
2025-02-18,CTVA,CTVA,64.0999984741211,64.83000183105469,63.77000045776367,64.45999908447266,63.38054656982422,3446200
2025-02-19,CTVA,CTVA,63.61000061035156,64.30000305175781,63.33000183105469,63.63999938964844,62.57427978515625,2384000
2025-02-20,CTVA,CTVA,63.7400016784668,63.95000076293945,63.20000076293945,63.83000183105469,62.76109313964844,2241900
2025-02-21,CTVA,CTVA,63.63999938964844,63.72999954223633,62.53499984741211,62.7599983215332,61.709014892578125,2476700
2025-02-24,CTVA,CTVA,63.34000015258789,63.38999938964844,62.52000045776367,62.61000061035156,61.5615234375,3005100
2025-02-25,CTVA,CTVA,62.83000183105469,63.2400016784668,62.290000915527344,62.97999954223633,61.925331115722656,2082000
2025-02-26,CTVA,CTVA,63.130001068115234,63.130001068115234,62.180999755859375,62.79999923706055,61.748348236083984,3276200
2025-02-27,CTVA,CTVA,62.91999816894531,63.76499938964844,62.5,62.81999969482422,61.768009185791016,4088000
2025-02-28,CTVA,CTVA,62.9900016784668,63.060001373291016,61.74800109863281,62.97999954223633,61.925331115722656,3509600
2025-03-03,CTVA,CTVA,63.05500030517578,63.5,60.029998779296875,60.400001525878906,59.549278259277344,4531700
2025-03-04,CTVA,CTVA,60.349998474121094,60.52000045776367,59.029998779296875,59.79999923706055,58.957725524902344,3838900
2025-03-05,CTVA,CTVA,59.93000030517578,61.20000076293945,59.709999084472656,61.15999984741211,60.29856872558594,3807500
2025-03-06,CTVA,CTVA,61.0,61.529998779296875,60.29999923706055,60.86000061035156,60.00279235839844,3258600
2025-03-07,CTVA,CTVA,60.599998474121094,61.20000076293945,59.970001220703125,60.560001373291016,59.70702362060547,3614200
2025-03-10,CTVA,CTVA,60.08000183105469,60.7599983215332,59.435001373291016,60.2400016784668,59.39152526855469,4015800
2025-03-11,CTVA,CTVA,60.2400016784668,60.5099983215332,59.65999984741211,59.970001220703125,59.12533187866211,4442400
2025-03-12,CTVA,CTVA,59.959999084472656,60.470001220703125,58.55500030517578,59.0,58.16899108886719,3371700
2025-03-13,CTVA,CTVA,58.77000045776367,59.2400016784668,58.09000015258789,58.59000015258789,57.7647705078125,3304000
2025-03-14,CTVA,CTVA,59.09000015258789,59.91999816894531,58.77000045776367,59.81999969482422,58.97744369506836,2987600
2025-03-17,CTVA,CTVA,59.88999938964844,61.90999984741211,59.875,61.58000183105469,60.7126579284668,2802800
2025-03-18,CTVA,CTVA,61.474998474121094,61.75,61.06800079345703,61.58000183105469,60.7126579284668,3443700
2025-03-19,CTVA,CTVA,61.56999969482422,62.779998779296875,61.41999816894531,62.459999084472656,61.580257415771484,3743200
2025-03-20,CTVA,CTVA,62.09000015258789,62.36000061035156,61.54999923706055,61.83000183105469,60.959136962890625,2684800
2025-03-21,CTVA,CTVA,61.540000915527344,61.939998626708984,61.154998779296875,61.720001220703125,60.85068893432617,6880500
2025-03-24,CTVA,CTVA,62.599998474121094,62.599998474121094,61.650001525878906,62.06999969482422,61.19575119018555,2117800
2025-03-25,CTVA,CTVA,62.08000183105469,62.349998474121094,61.560001373291016,61.849998474121094,60.978851318359375,2565200
2025-03-26,CTVA,CTVA,62.06999969482422,62.9900016784668,62.04999923706055,62.70000076293945,61.8168830871582,2634300
2025-03-27,CTVA,CTVA,62.70000076293945,63.125,62.189998626708984,62.439998626708984,61.56053924560547,2833100
2025-03-28,CTVA,CTVA,62.349998474121094,62.529998779296875,60.720001220703125,61.060001373291016,60.199981689453125,2534300
2025-03-31,CTVA,CTVA,61.29999923706055,63.220001220703125,60.86000061035156,62.93000030517578,62.04364013671875,4566000
2025-04-01,CTVA,CTVA,63.08000183105469,63.755001068115234,62.380001068115234,63.54999923706055,62.654911041259766,5043400
2025-04-02,CTVA,CTVA,63.189998626708984,64.02999877929688,62.9900016784668,64.0,63.09857177734375,2098100
2025-04-03,CTVA,CTVA,62.45000076293945,62.5,61.090999603271484,61.29999923706055,60.43659973144531,3125800
2025-04-04,CTVA,CTVA,59.810001373291016,59.97999954223633,55.470001220703125,55.790000915527344,55.00420379638672,6393000
2025-04-07,CTVA,CTVA,55.220001220703125,58.7400016784668,53.400001525878906,55.56999969482422,54.78730773925781,6454100
2025-04-08,CTVA,CTVA,56.654998779296875,57.189998626708984,54.25,55.52000045776367,54.73801040649414,7888600
2025-04-09,CTVA,CTVA,55.0,59.18000030517578,54.5,58.560001373291016,57.73519515991211,6272900
2025-04-10,CTVA,CTVA,57.72999954223633,58.36000061035156,56.13999938964844,57.939998626708984,57.123924255371094,4042100
2025-04-11,CTVA,CTVA,57.599998474121094,59.79999923706055,57.0,59.279998779296875,58.44504928588867,3068200
2025-04-14,CTVA,CTVA,59.880001068115234,60.81999969482422,59.380001068115234,60.290000915527344,59.44082260131836,2240600
2025-04-15,CTVA,CTVA,59.97999954223633,60.630001068115234,59.650001525878906,59.70000076293945,58.859130859375,2328200
2025-04-16,CTVA,CTVA,59.630001068115234,60.2599983215332,58.90999984741211,59.20000076293945,58.366180419921875,4063800
2025-04-17,CTVA,CTVA,59.59000015258789,60.119998931884766,59.22999954223633,59.7400016784668,58.89857482910156,3661100
2025-04-21,CTVA,CTVA,59.380001068115234,59.7599983215332,58.58000183105469,59.119998931884766,58.28730392456055,1860300
2025-04-22,CTVA,CTVA,59.61000061035156,60.75,59.38999938964844,60.650001525878906,59.795753479003906,2263600
2025-04-23,CTVA,CTVA,61.38999938964844,62.25,60.59000015258789,61.06999969482422,60.2098388671875,2339800
2025-04-24,CTVA,CTVA,61.18000030517578,61.900001525878906,60.792999267578125,61.709999084472656,60.840824127197266,3774700
2025-04-25,CTVA,CTVA,61.2599983215332,62.09000015258789,61.0,61.470001220703125,60.60420227050781,1805400
2025-04-28,CTVA,CTVA,61.709999084472656,62.349998474121094,61.099998474121094,61.560001373291016,60.69293975830078,2319500
2025-04-29,CTVA,CTVA,61.16999816894531,62.52000045776367,60.9900016784668,61.79999923706055,60.92955780029297,3340100
2025-04-30,CTVA,CTVA,61.119998931884766,62.13999938964844,60.68000030517578,61.9900016784668,61.11688232421875,6048800
2025-05-01,CTVA,CTVA,61.470001220703125,62.505001068115234,61.209999084472656,62.02000045776367,61.146453857421875,2851800
2025-05-02,CTVA,CTVA,62.689998626708984,63.0,61.79999923706055,62.630001068115234,61.747867584228516,3181600
2025-05-05,CTVA,CTVA,62.34000015258789,62.97999954223633,61.90999984741211,62.40999984741211,61.53096389770508,2275900
2025-05-06,CTVA,CTVA,62.34000015258789,62.84000015258789,62.0,62.45000076293945,61.57040023803711,2680800
2025-05-07,CTVA,CTVA,62.66999816894531,62.81999969482422,62.02000045776367,62.47999954223633,61.5999755859375,3290700
2025-05-08,CTVA,CTVA,64.62999725341797,67.25,63.81999969482422,66.86000061035156,65.91828918457031,6172800
2025-05-09,CTVA,CTVA,66.70999908447266,67.93000030517578,66.56800079345703,67.79000091552734,66.8351821899414,4289100
2025-05-12,CTVA,CTVA,69.12999725341797,69.27999877929688,67.44999694824219,67.95999908447266,67.0027847290039,3809800
2025-05-13,CTVA,CTVA,68.08999633789062,68.6500015258789,67.79000091552734,67.9000015258789,66.94364166259766,3550700
2025-05-14,CTVA,CTVA,67.43000030517578,67.80999755859375,66.70999908447266,67.58999633789062,66.63799285888672,4005500
2025-05-15,CTVA,CTVA,67.48999786376953,68.47000122070312,67.27999877929688,68.29000091552734,67.3281478881836,2931700
2025-05-16,CTVA,CTVA,68.26000213623047,68.77799987792969,67.93000030517578,68.61000061035156,67.64363861083984,3064600
2025-05-19,CTVA,CTVA,68.25,69.08999633789062,68.125,68.80999755859375,67.8408203125,4995300
2025-05-20,CTVA,CTVA,68.77999877929688,69.22000122070312,68.38999938964844,69.18000030517578,68.20561218261719,3265700
2025-05-21,CTVA,CTVA,68.80000305175781,69.41999816894531,68.61599731445312,68.95999908447266,67.98870086669922,2415000
2025-05-22,CTVA,CTVA,68.77999877929688,68.9800033569336,68.16999816894531,68.58999633789062,67.62391662597656,2085000
2025-05-23,CTVA,CTVA,68.41000366210938,69.23999786376953,67.93000030517578,69.05999755859375,68.08728790283203,2541500
2025-05-27,CTVA,CTVA,69.43000030517578,70.43499755859375,69.41000366210938,70.41000366210938,69.41828155517578,4534200
2025-05-28,CTVA,CTVA,70.48999786376953,70.70999908447266,69.94499969482422,70.31999969482422,69.32955169677734,2441000
2025-05-29,CTVA,CTVA,70.27999877929688,70.27999877929688,69.4000015258789,69.70999908447266,68.7281494140625,3173100
2025-05-30,CTVA,CTVA,69.62000274658203,71.01000213623047,69.20500183105469,70.80000305175781,69.80280303955078,5450700
2025-06-02,CTVA,CTVA,70.69000244140625,71.11000061035156,70.1500015258789,70.94999694824219,70.11903381347656,3578400
2025-06-03,CTVA,CTVA,70.80000305175781,71.30999755859375,70.19000244140625,71.19000244140625,70.35623168945312,3467800
2025-06-04,CTVA,CTVA,71.52999877929688,71.87999725341797,71.23999786376953,71.37999725341797,70.54400634765625,2776800
2025-06-05,CTVA,CTVA,71.80000305175781,71.80000305175781,71.12999725341797,71.19999694824219,70.3661117553711,3278600
2025-06-06,CTVA,CTVA,71.41999816894531,72.23999786376953,71.41999816894531,71.63999938964844,70.80095672607422,2855000
2025-06-09,CTVA,CTVA,71.79000091552734,72.30000305175781,71.16000366210938,72.01000213623047,71.16663360595703,2888400
2025-06-10,CTVA,CTVA,72.02999877929688,72.3949966430664,71.41000366210938,71.55000305175781,70.71202087402344,3491500
2025-06-11,CTVA,CTVA,71.93000030517578,72.13999938964844,71.5,72.06999969482422,71.2259292602539,8169300
2025-06-12,CTVA,CTVA,72.0,72.52999877929688,71.30000305175781,72.5199966430664,71.67064666748047,5547200
2025-06-13,CTVA,CTVA,72.22000122070312,72.91000366210938,71.93000030517578,72.43000030517578,71.58171844482422,3344800
2025-06-16,CTVA,CTVA,72.83000183105469,74.19000244140625,72.62000274658203,74.19000244140625,73.32110595703125,3168500
2025-06-17,CTVA,CTVA,74.15499877929688,74.62999725341797,73.61499786376953,74.20999908447266,73.34085845947266,5042500
2025-06-18,CTVA,CTVA,74.04000091552734,74.83999633789062,74.04000091552734,74.12000274658203,73.25192260742188,3721900
2025-06-20,CTVA,CTVA,74.08000183105469,74.63999938964844,72.87000274658203,73.72000122070312,72.85661315917969,14522900
2025-06-23,CTVA,CTVA,73.79000091552734,74.95999908447266,73.5,74.44000244140625,73.56817626953125,4926900
2025-06-24,CTVA,CTVA,74.27999877929688,74.55500030517578,73.29000091552734,73.29000091552734,72.431640625,4629400
2025-06-25,CTVA,CTVA,73.22000122070312,73.65499877929688,72.94000244140625,73.23999786376953,72.38221740722656,4961700
2025-06-26,CTVA,CTVA,73.95999908447266,75.05000305175781,73.625,74.30000305175781,73.42981719970703,5650000
2025-06-27,CTVA,CTVA,74.33000183105469,74.79499816894531,73.87999725341797,74.38999938964844,73.51876068115234,5390700
2025-06-30,CTVA,CTVA,74.08999633789062,74.62000274658203,73.69999694824219,74.52999877929688,73.65711212158203,3201600
2025-07-01,CTVA,CTVA,74.51000213623047,75.22000122070312,74.10399627685547,75.11000061035156,74.2303237915039,3614200
2025-07-02,CTVA,CTVA,75.4000015258789,77.04000091552734,75.2699966430664,77.0,76.09819030761719,3292000
2025-07-03,CTVA,CTVA,76.91999816894531,77.41000366210938,76.70500183105469,77.12000274658203,76.21678924560547,1419300
2025-07-07,CTVA,CTVA,77.08000183105469,77.33000183105469,76.12000274658203,76.58000183105469,75.68311309814453,2461500
2025-07-08,CTVA,CTVA,76.9000015258789,77.23999786376953,75.98500061035156,76.44999694824219,75.55462646484375,3032800
2025-07-09,CTVA,CTVA,76.56999969482422,76.66999816894531,74.86000061035156,76.19999694824219,75.30754852294922,6570500
2025-07-10,CTVA,CTVA,76.06999969482422,76.06999969482422,74.62999725341797,74.83000183105469,73.95359802246094,4418100
2025-07-11,CTVA,CTVA,74.33999633789062,74.44999694824219,73.36000061035156,73.56999969482422,72.70835876464844,4389800
2025-07-14,CTVA,CTVA,73.77999877929688,74.19999694824219,73.04000091552734,73.11000061035156,72.25374603271484,2876300
2025-07-15,CTVA,CTVA,73.37000274658203,73.41600036621094,71.93000030517578,72.08999633789062,71.24568939208984,5725000
2025-07-16,CTVA,CTVA,72.22000122070312,73.03500366210938,71.77999877929688,72.9800033569336,72.12528228759766,4036200
2025-07-17,CTVA,CTVA,73.0199966430664,73.54000091552734,72.66100311279297,73.16999816894531,72.31304931640625,2688200
2025-07-18,CTVA,CTVA,73.13999938964844,73.58999633789062,72.48999786376953,73.05000305175781,72.1944580078125,3693200
2025-07-21,CTVA,CTVA,73.0999984741211,73.80000305175781,72.83000183105469,73.0,72.14503479003906,2655300
2025-07-22,CTVA,CTVA,73.16000366210938,74.29499816894531,73.01000213623047,73.75,72.88624572753906,3733900
2025-07-23,CTVA,CTVA,73.9000015258789,74.30999755859375,73.62999725341797,73.9000015258789,73.03450012207031,3827600
2025-07-24,CTVA,CTVA,73.47000122070312,73.80000305175781,72.66999816894531,73.12000274658203,72.26362609863281,3399100
2025-07-25,CTVA,CTVA,72.83999633789062,73.5,72.55000305175781,73.43000030517578,72.56999969482422,2668500
2025-07-28,CTVA,CTVA,73.2300033569336,73.2300033569336,72.2699966430664,72.4000015258789,71.55205535888672,2317900
2025-07-29,CTVA,CTVA,72.83000183105469,73.08000183105469,72.4800033569336,72.87999725341797,72.02643585205078,2631400
2025-07-30,CTVA,CTVA,72.8499984741211,72.8499984741211,71.70999908447266,71.9800033569336,71.1369857788086,4975900
2025-07-31,CTVA,CTVA,71.81999969482422,72.30000305175781,71.66500091552734,72.12999725341797,71.28522491455078,4852700
2025-08-01,CTVA,CTVA,71.6500015258789,71.83000183105469,70.58000183105469,71.16999816894531,70.33646392822266,4770900
2025-08-04,CTVA,CTVA,71.55000305175781,72.01000213623047,71.32499694824219,71.91999816894531,71.07769012451172,3943500
2025-08-05,CTVA,CTVA,72.54000091552734,72.70999908447266,71.80000305175781,72.30999755859375,71.4631118774414,3744000
2025-08-06,CTVA,CTVA,72.0999984741211,72.30999755859375,71.05999755859375,71.16999816894531,70.33646392822266,4566100
2025-08-07,CTVA,CTVA,70.51000213623047,71.47000122070312,68.69999694824219,71.05000305175781,70.2178726196289,7323300
2025-08-08,CTVA,CTVA,71.30000305175781,71.30000305175781,70.2699966430664,70.91000366210938,70.07952117919922,5568000
2025-08-11,CTVA,CTVA,71.0,72.56500244140625,70.95500183105469,72.45999908447266,71.61135864257812,5965500
2025-08-12,CTVA,CTVA,72.73999786376953,73.0,70.81999969482422,71.02999877929688,70.19810485839844,5485900
2025-08-13,CTVA,CTVA,72.04000091552734,72.3949966430664,70.83499908447266,72.33000183105469,71.48287200927734,4693600
2025-08-14,CTVA,CTVA,72.0,72.16999816894531,71.3499984741211,71.87000274658203,71.02827453613281,3242800
2025-08-15,CTVA,CTVA,71.94000244140625,72.23999786376953,71.5999984741211,71.76000213623047,70.91956329345703,2649600
2025-08-18,CTVA,CTVA,71.72000122070312,72.6500015258789,71.65499877929688,72.29000091552734,71.44334411621094,2818500
2025-08-19,CTVA,CTVA,72.29000091552734,72.4800033569336,71.87000274658203,72.4000015258789,71.55205535888672,2723500
2025-08-20,CTVA,CTVA,72.41000366210938,73.16999816894531,72.33000183105469,72.95999908447266,72.10550689697266,3086800
2025-08-21,CTVA,CTVA,72.70999908447266,73.26499938964844,72.55999755859375,72.9800033569336,72.12528228759766,2815400
2025-08-22,CTVA,CTVA,73.33000183105469,73.58000183105469,72.69499969482422,73.37000274658203,72.51070404052734,2664000
2025-08-25,CTVA,CTVA,73.30000305175781,73.82499694824219,72.9000015258789,73.5999984741211,72.73800659179688,3261600
2025-08-26,CTVA,CTVA,73.43000030517578,73.95999908447266,72.12999725341797,73.94000244140625,73.07402801513672,6802600
2025-08-27,CTVA,CTVA,73.80000305175781,75.12000274658203,73.61000061035156,75.02999877929688,74.15125274658203,6016400
2025-08-28,CTVA,CTVA,75.02999877929688,75.16000366210938,73.38500213623047,74.31999969482422,73.44957733154297,3928400
2025-08-29,CTVA,CTVA,74.2300033569336,74.62999725341797,74.05500030517578,74.19000244140625,73.32110595703125,4035000
2025-09-02,CTVA,CTVA,73.72000122070312,74.03500366210938,73.30000305175781,73.91999816894531,73.23194122314453,3261700
2025-09-03,CTVA,CTVA,73.45999908447266,73.6969985961914,72.3499984741211,72.38999938964844,71.71617126464844,3244900
2025-09-04,CTVA,CTVA,72.44000244140625,72.80999755859375,72.01000213623047,72.6500015258789,71.9737548828125,3147800
2025-09-05,CTVA,CTVA,72.52999877929688,72.7300033569336,71.38999938964844,72.30000305175781,71.62701416015625,3173200
2025-09-08,CTVA,CTVA,72.19999694824219,73.02999877929688,71.69999694824219,72.94999694824219,72.27095794677734,4724500
2025-09-09,CTVA,CTVA,73.13999938964844,73.66000366210938,72.0,72.5,71.82514953613281,3336700
2025-09-10,CTVA,CTVA,72.18000030517578,72.80999755859375,71.55999755859375,71.77999877929688,71.11184692382812,2939500
2025-09-11,CTVA,CTVA,71.63999938964844,73.11000061035156,71.58499908447266,72.98999786376953,72.31058502197266,2750400
2025-09-12,CTVA,CTVA,72.9000015258789,75.91000366210938,72.33000183105469,74.29000091552734,73.59849548339844,6599900
2025-09-15,CTVA,CTVA,73.88999938964844,74.5,69.27999877929688,70.06999969482422,69.41777038574219,8800600
2025-09-16,CTVA,CTVA,70.01000213623047,70.4000015258789,69.44999694824219,69.87999725341797,69.22953796386719,5056600
2025-09-17,CTVA,CTVA,70.08000183105469,71.0999984741211,69.7699966430664,70.63999938964844,69.98246765136719,3470100
2025-09-18,CTVA,CTVA,70.83999633789062,71.02200317382812,70.12999725341797,70.66000366210938,70.00228118896484,5365900
2025-09-19,CTVA,CTVA,70.56999969482422,71.0199966430664,70.38999938964844,70.86000061035156,70.2004165649414,12447700
2025-09-22,CTVA,CTVA,70.4000015258789,70.4800033569336,69.73999786376953,69.75,69.10075378417969,2831500
2025-09-23,CTVA,CTVA,69.94000244140625,70.55999755859375,69.43499755859375,69.4800033569336,68.83326721191406,3360900
2025-09-24,CTVA,CTVA,69.63999938964844,70.33999633789062,69.44499969482422,69.61000061035156,68.96205139160156,3474700
2025-09-25,CTVA,CTVA,69.93000030517578,69.98500061035156,65.91000366210938,67.08000183105469,66.45560455322266,7240300
2025-09-26,CTVA,CTVA,67.54000091552734,68.12000274658203,67.19200134277344,68.08999633789062,67.4561996459961,4817100
2025-09-29,CTVA,CTVA,68.4000015258789,68.66999816894531,67.55000305175781,67.7699966430664,67.13917541503906,5341400
2025-09-30,CTVA,CTVA,67.9000015258789,67.94999694824219,67.19000244140625,67.62999725341797,67.00048065185547,4701400
2025-10-01,CTVA,CTVA,66.9000015258789,66.9000015258789,60.70500183105469,61.470001220703125,60.897823333740234,12189800
2025-10-02,CTVA,CTVA,61.32500076293945,63.68000030517578,61.32500076293945,63.4900016784668,62.899017333984375,11310300
2025-10-03,CTVA,CTVA,62.5,63.65999984741211,62.4900016784668,63.369998931884766,62.78013610839844,4328900
2025-10-06,CTVA,CTVA,63.52000045776367,65.06500244140625,63.400001525878906,64.30000305175781,63.70148468017578,5261000
2025-10-07,CTVA,CTVA,64.19000244140625,65.61000061035156,63.779998779296875,65.61000061035156,64.9992904663086,4409800
2025-10-08,CTVA,CTVA,65.18000030517578,65.44499969482422,62.79999923706055,63.11000061035156,62.52255630493164,6075900
2025-10-09,CTVA,CTVA,63.59000015258789,63.814998626708984,62.54999923706055,62.75,62.16590881347656,3033100
2025-10-10,CTVA,CTVA,62.70000076293945,63.125,61.83000183105469,61.83000183105469,61.25447463989258,2925600
2025-10-13,CTVA,CTVA,62.27000045776367,63.04100036621094,62.18000030517578,62.66999816894531,62.08665084838867,2157600
2025-10-14,CTVA,CTVA,62.459999084472656,62.77000045776367,62.040000915527344,62.66999816894531,62.08665084838867,4189300
2025-10-15,CTVA,CTVA,62.650001525878906,62.84000015258789,61.875,61.90999984741211,61.3337287902832,3550800
2025-10-16,CTVA,CTVA,62.0,62.268001556396484,60.9900016784668,61.0,60.43219757080078,4379700
2025-10-17,CTVA,CTVA,61.08000183105469,62.04499816894531,60.95000076293945,61.400001525878906,60.82847595214844,7513400
2025-10-20,CTVA,CTVA,61.959999084472656,62.43000030517578,61.540000915527344,61.97999954223633,61.403076171875,4634300
2025-10-21,CTVA,CTVA,61.93000030517578,62.33000183105469,61.650001525878906,61.970001220703125,61.39317321777344,4074700
2025-10-22,CTVA,CTVA,61.900001525878906,63.22600173950195,61.900001525878906,63.119998931884766,62.53246307373047,5414300
2025-10-23,CTVA,CTVA,63.95000076293945,63.95000076293945,63.029998779296875,63.47999954223633,62.88911056518555,3227700
2025-10-24,CTVA,CTVA,63.79999923706055,63.900001525878906,63.439998626708984,63.65999984741211,63.06743621826172,2627800
2025-10-27,CTVA,CTVA,64.0199966430664,64.55999755859375,63.66999816894531,63.93000030517578,63.334922790527344,3973500
2025-10-28,CTVA,CTVA,63.7599983215332,63.88999938964844,63.189998626708984,63.459999084472656,62.86929702758789,2821400
2025-10-29,CTVA,CTVA,63.040000915527344,63.39500045776367,62.7400016784668,63.20000076293945,62.61172103881836,5030400
2025-10-30,CTVA,CTVA,61.279998779296875,61.95500183105469,60.939998626708984,61.70000076293945,61.12568283081055,5796300
2025-10-31,CTVA,CTVA,61.33000183105469,61.939998626708984,61.04999923706055,61.439998626708984,60.86810302734375,4608800
2025-11-03,CTVA,CTVA,60.95000076293945,62.060001373291016,60.53499984741211,62.060001373291016,61.48233413696289,6059600
2025-11-04,CTVA,CTVA,61.810001373291016,62.92599868774414,61.279998779296875,62.5,61.91823196411133,5189600
2025-11-05,CTVA,CTVA,64.69999694824219,64.83000183105469,63.0099983215332,63.66999816894531,63.07733917236328,6989100
2025-11-06,CTVA,CTVA,63.09000015258789,63.72999954223633,62.52000045776367,63.150001525878906,62.56218719482422,5146100
2025-11-07,CTVA,CTVA,63.310001373291016,64.17500305175781,62.654998779296875,64.1500015258789,63.552879333496094,3686800
2025-11-10,CTVA,CTVA,64.30999755859375,65.97899627685547,64.05999755859375,65.55999755859375,64.94976043701172,3695500
2025-11-11,CTVA,CTVA,65.54000091552734,66.1500015258789,65.18000030517578,65.72000122070312,65.10826873779297,2912500
2025-11-12,CTVA,CTVA,65.58000183105469,66.87999725341797,65.26000213623047,66.4800033569336,65.86119842529297,3131400
2025-11-13,CTVA,CTVA,66.68499755859375,67.0199966430664,66.13500213623047,66.19999694824219,65.58378601074219,3408700
2025-11-14,CTVA,CTVA,66.06999969482422,66.87000274658203,65.76000213623047,66.0,65.38565826416016,2862500
2025-11-17,CTVA,CTVA,66.33999633789062,66.44000244140625,63.845001220703125,63.880001068115234,63.2853889465332,3998600
2025-11-18,CTVA,CTVA,63.75,65.08000183105469,63.560001373291016,64.5,63.899620056152344,3148300
2025-11-19,CTVA,CTVA,64.76000213623047,65.0199966430664,64.05000305175781,64.68000030517578,64.07794952392578,2505800
2025-11-20,CTVA,CTVA,65.0199966430664,65.95999908447266,64.19499969482422,64.37999725341797,63.78072738647461,5939400
2025-11-21,CTVA,CTVA,64.77999877929688,66.58999633789062,64.66999816894531,65.54000091552734,64.92993927001953,5184100
2025-11-24,CTVA,CTVA,65.54000091552734,65.8499984741211,65.08000183105469,65.66000366210938,65.048828125,3825600
2025-11-25,CTVA,CTVA,66.0199966430664,66.5770034790039,65.4800033569336,66.05000305175781,65.43519592285156,3722700
2025-11-26,CTVA,CTVA,65.91000366210938,66.96499633789062,65.70999908447266,66.6500015258789,66.02960968017578,2062300
2025-11-28,CTVA,CTVA,66.69000244140625,67.72000122070312,66.68000030517578,67.47000122070312,66.84197235107422,1976700
2025-12-01,CTVA,CTVA,67.1500015258789,67.83999633789062,66.5199966430664,66.54000091552734,66.09696960449219,3498200
2025-12-02,CTVA,CTVA,66.87000274658203,67.01499938964844,65.2699966430664,65.5999984741211,65.16322326660156,2603900
2025-12-03,CTVA,CTVA,65.80000305175781,66.23999786376953,65.2699966430664,65.30000305175781,64.86521911621094,3885900
2025-12-04,CTVA,CTVA,65.80999755859375,66.44999694824219,65.62999725341797,66.29000091552734,65.84864044189453,3644800
2025-12-05,CTVA,CTVA,66.16999816894531,67.02999877929688,65.93000030517578,66.0,65.56056213378906,5353300
2025-12-08,CTVA,CTVA,65.87000274658203,66.06999969482422,65.05999755859375,65.08999633789062,64.65662384033203,5423200
2025-12-09,CTVA,CTVA,65.05999755859375,65.98999786376953,65.02999877929688,65.83999633789062,65.40161895751953,5325800
2025-12-10,CTVA,CTVA,65.69000244140625,65.79000091552734,64.0999984741211,65.0999984741211,64.66655731201172,6388200
2025-12-11,CTVA,CTVA,65.33999633789062,66.81999969482422,65.08999633789062,66.04000091552734,65.60029602050781,2662900
2025-12-12,CTVA,CTVA,66.5999984741211,66.83999633789062,65.79000091552734,66.12000274658203,65.67977142333984,2666800
2025-12-15,CTVA,CTVA,66.29000091552734,66.41899871826172,65.0999984741211,65.87999725341797,65.44135284423828,4106100
2025-12-16,CTVA,CTVA,65.97000122070312,65.98999786376953,65.31999969482422,65.4800033569336,65.04402160644531,2700100
2025-12-17,CTVA,CTVA,65.48999786376953,66.48999786376953,65.1500015258789,66.43000030517578,65.98770141601562,3973300
2025-12-18,CTVA,CTVA,66.83000183105469,67.45999908447266,66.44000244140625,66.95999908447266,66.51416778564453,3839700
2025-12-19,CTVA,CTVA,67.24500274658203,67.24500274658203,66.1500015258789,66.30999755859375,65.86849975585938,8981900
2025-12-22,CTVA,CTVA,66.31999969482422,67.1500015258789,66.31999969482422,67.08999633789062,66.64329528808594,2410500
2025-12-23,CTVA,CTVA,67.08000183105469,67.2300033569336,66.5,67.1500015258789,66.7029037475586,2635300
2025-12-24,CTVA,CTVA,67.19999694824219,67.56999969482422,67.0250015258789,67.33000183105469,66.88170623779297,770500
2025-12-26,CTVA,CTVA,67.31999969482422,67.62999725341797,67.13999938964844,67.44000244140625,66.99097442626953,1199300
2025-12-29,CTVA,CTVA,67.25,67.66000366210938,67.25,67.6500015258789,67.19957733154297,1994200
2025-12-30,CTVA,CTVA,67.66999816894531,67.9800033569336,67.27999877929688,67.37000274658203,66.92144775390625,1721200
2025-12-31,CTVA,CTVA,67.30999755859375,67.49500274658203,67.01000213623047,67.02999877929688,66.58370208740234,2075700
2026-01-02,CTVA,CTVA,67.0,67.95500183105469,66.33000183105469,67.76000213623047,67.30885314941406,2977300
2026-01-05,CTVA,CTVA,67.52999877929688,68.37999725341797,66.70999908447266,67.8499984741211,67.39824676513672,2816600
2026-01-06,CTVA,CTVA,67.69999694824219,69.73999786376953,67.26000213623047,69.37000274658203,68.90813446044922,4440400
2026-01-07,CTVA,CTVA,69.05000305175781,69.75,68.13500213623047,68.54000091552734,68.08364868164062,3276100
2026-01-08,CTVA,CTVA,68.30000305175781,70.38999938964844,67.88500213623047,70.13999938964844,69.6729965209961,2908600
2026-01-09,CTVA,CTVA,70.0199966430664,70.56999969482422,68.62999725341797,68.6500015258789,68.19292449951172,3341200
2026-01-12,CTVA,CTVA,68.58000183105469,69.51000213623047,67.93000030517578,68.48999786376953,68.03398132324219,3647000
2026-01-13,CTVA,CTVA,68.70999908447266,69.26000213623047,68.58000183105469,68.8499984741211,68.39158630371094,2267900
2026-01-14,CTVA,CTVA,69.51000213623047,70.7300033569336,69.30500030517578,69.94000244140625,69.47433471679688,5006500
2026-01-15,CTVA,CTVA,70.25,70.87000274658203,69.33000183105469,70.5,70.03060150146484,7045100
2026-01-16,CTVA,CTVA,69.48999786376953,70.06999969482422,68.91500091552734,69.63999938964844,69.17632293701172,3401500
2026-01-20,CTVA,CTVA,69.36000061035156,69.69999694824219,68.41999816894531,68.9000015258789,68.44125366210938,2658500
2026-01-21,CTVA,CTVA,70.33999633789062,71.88999938964844,69.53500366210938,71.4800033569336,71.00407409667969,6140200
2026-01-22,CTVA,CTVA,71.87000274658203,72.30000305175781,71.29000091552734,71.55999755859375,71.08354187011719,2756100
2026-01-23,CTVA,CTVA,71.62999725341797,72.15499877929688,71.33999633789062,71.69999694824219,71.22261047363281,3467200
2026-01-26,CTVA,CTVA,72.37999725341797,72.6500015258789,71.79000091552734,72.62999725341797,72.14641571044922,5351200
2026-01-27,CTVA,CTVA,72.61000061035156,73.31999969482422,72.5,73.0,72.51395416259766,4475300
2026-01-28,CTVA,CTVA,73.0,73.36000061035156,72.41500091552734,73.05000305175781,72.56362915039062,2742900
2026-01-29,CTVA,CTVA,73.5,74.0,73.04499816894531,73.83999633789062,73.34835052490234,3613900
2026-01-30,CTVA,CTVA,73.55000305175781,73.69999694824219,72.26000213623047,72.80000305175781,72.31529235839844,3703500
2026-02-02,CTVA,CTVA,72.80000305175781,73.70999908447266,72.5199966430664,73.19999694824219,72.7126235961914,3496600
2026-02-03,CTVA,CTVA,73.38999938964844,75.18499755859375,73.38999938964844,75.04000091552734,74.54036712646484,5662000
2026-02-04,CTVA,CTVA,73.08999633789062,76.63999938964844,73.0,75.12000274658203,74.61984252929688,7132800
2026-02-05,CTVA,CTVA,74.41000366210938,75.0,72.30999755859375,72.47000122070312,71.98748016357422,5733500
2026-02-06,CTVA,CTVA,73.16000366210938,73.86499786376953,72.16000366210938,72.5999984741211,72.11661529541016,4199200
2026-02-09,CTVA,CTVA,71.91999816894531,73.86000061035156,71.83999633789062,73.62000274658203,73.12982177734375,4262400
2026-02-10,CTVA,CTVA,73.97000122070312,74.62999725341797,73.80999755859375,74.22000122070312,73.72583770751953,3294500
2026-02-11,CTVA,CTVA,74.69000244140625,75.91000366210938,74.33000183105469,75.31999969482422,74.81851196289062,5684400
2026-02-12,CTVA,CTVA,75.69999694824219,76.0999984741211,73.96499633789062,74.11000061035156,73.61656188964844,4671000
2026-02-13,CTVA,CTVA,73.87000274658203,75.41999816894531,73.87000274658203,75.02999877929688,74.53043365478516,3500300
2026-02-17,CTVA,CTVA,75.19000244140625,75.86499786376953,74.86000061035156,75.55000305175781,75.04698181152344,3373500
2026-02-18,CTVA,CTVA,75.94999694824219,76.62000274658203,75.66500091552734,76.58999633789062,76.08004760742188,3040400
2026-02-19,CTVA,CTVA,76.44999694824219,77.10800170898438,76.16999816894531,77.0199966430664,76.50718688964844,3716500
2026-02-20,CTVA,CTVA,76.80000305175781,77.04000091552734,75.36499786376953,76.30999755859375,75.80191802978516,5560900
2026-02-23,CTVA,CTVA,76.08999633789062,77.23999786376953,75.9000015258789,76.45999908447266,75.95091247558594,4076400
2026-02-24,CTVA,CTVA,76.2699966430664,77.9800033569336,76.23999786376953,77.97000122070312,77.45085906982422,3064200
2026-02-25,CTVA,CTVA,78.01000213623047,78.58999633789062,77.16999816894531,77.66999816894531,77.15286254882812,5502500
2026-02-26,CTVA,CTVA,77.77999877929688,78.83000183105469,77.45999908447266,78.81999969482422,78.29520416259766,3239200
2026-02-27,CTVA,CTVA,78.63999938964844,80.2249984741211,78.41999816894531,80.12000274658203,79.5865478515625,5332100
2026-03-02,CTVA,CTVA,79.91000366210938,80.90499877929688,79.28600311279297,80.5199966430664,80.16397857666016,4008800
2026-03-03,CTVA,CTVA,78.73999786376953,80.13500213623047,77.72000122070312,78.93000030517578,78.58100891113281,4984400
2026-03-04,CTVA,CTVA,79.70999908447266,79.93000030517578,77.91500091552734,78.0,77.6551284790039,4584600
2026-03-05,CTVA,CTVA,77.58999633789062,77.93000030517578,76.06999969482422,76.58999633789062,76.25135040283203,3863600
2026-03-06,CTVA,CTVA,76.4000015258789,77.05000305175781,74.86000061035156,76.95999908447266,76.61972045898438,3506800
2026-03-09,CTVA,CTVA,76.90499877929688,78.37000274658203,76.12000274658203,78.30000305175781,77.95380401611328,3896300
2026-03-10,CTVA,CTVA,77.97000122070312,78.3550033569336,76.2699966430664,76.30999755859375,75.97259521484375,3719800
2026-03-11,CTVA,CTVA,76.33999633789062,78.69000244140625,75.95999908447266,78.62999725341797,78.28234100341797,3136000
2026-03-12,CTVA,CTVA,78.91999816894531,80.19000244140625,78.67500305175781,79.75,79.39738464355469,3550300
2026-03-13,CTVA,CTVA,80.2300033569336,80.51200103759766,78.19999694824219,79.20999908447266,78.85977935791016,5153000
2026-03-16,CTVA,CTVA,79.19000244140625,79.56500244140625,78.6050033569336,79.04000091552734,78.6905288696289,3816200
2026-03-17,CTVA,CTVA,79.83999633789062,80.69499969482422,79.2699966430664,80.05000305175781,79.6960678100586,3165200
2026-03-18,CTVA,CTVA,80.4000015258789,80.5,79.33000183105469,79.33999633789062,78.98919677734375,3404300
2026-03-19,CTVA,CTVA,79.30000305175781,79.54000091552734,77.06999969482422,78.06999969482422,77.72481536865234,4854400
2026-03-20,CTVA,CTVA,78.58000183105469,78.58000183105469,76.75,77.33000183105469,76.98808288574219,9435800
2026-03-23,CTVA,CTVA,78.80999755859375,79.27999877929688,77.18000030517578,77.76000213623047,77.41619110107422,5145300
2026-03-24,CTVA,CTVA,77.87999725341797,81.12000274658203,77.87999725341797,80.58000183105469,80.22371673583984,4811500
2026-03-25,CTVA,CTVA,80.66000366210938,82.26000213623047,80.49500274658203,82.02999877929688,81.66730499267578,3357600
2026-03-26,CTVA,CTVA,81.73999786376953,82.88999938964844,81.72000122070312,82.7300033569336,82.36421203613281,3105500
2026-03-27,CTVA,CTVA,82.5999984741211,82.81500244140625,81.58499908447266,81.98999786376953,81.62747955322266,4535600
2026-03-30,CTVA,CTVA,82.9800033569336,83.5999984741211,82.56500244140625,82.94999694824219,82.58323669433594,5083200
2026-03-31,CTVA,CTVA,83.0,84.0,82.30000305175781,83.70999908447266,83.33988189697266,5423200
2026-04-01,CTVA,CTVA,83.5199966430664,84.13999938964844,82.72000122070312,83.80999755859375,83.4394302368164,5582100
2026-04-02,CTVA,CTVA,83.6500015258789,85.55500030517578,83.58999633789062,85.45999908447266,85.08213806152344,3669600
2026-04-06,CTVA,CTVA,85.04000091552734,85.48999786376953,83.62999725341797,84.25,83.87749481201172,3799600
2026-04-07,CTVA,CTVA,84.22000122070312,85.62999725341797,84.08999633789062,85.33000183105469,84.95271301269531,2927300
2026-04-08,CTVA,CTVA,84.19999694824219,84.26000213623047,82.01000213623047,83.95999908447266,83.5887680053711,5932500
2026-04-09,CTVA,CTVA,84.04000091552734,85.06999969482422,82.77999877929688,83.55999755859375,83.19054412841797,3485800
2026-04-10,CTVA,CTVA,83.6500015258789,84.12000274658203,83.12999725341797,83.83000183105469,83.4593505859375,1980800
2026-04-13,CTVA,CTVA,84.18000030517578,84.625,82.8949966430664,83.51000213623047,83.1407699584961,2943000
2026-04-14,CTVA,CTVA,83.30999755859375,84.29000091552734,82.51000213623047,82.94999694824219,82.58323669433594,3372600
2026-04-15,CTVA,CTVA,82.91000366210938,82.91000366210938,81.13999938964844,81.31999969482422,80.96044921875,3258800
2026-04-16,CTVA,CTVA,81.20999908447266,81.94000244140625,80.23200225830078,81.16000366210938,80.80115509033203,3692800
2026-04-17,CTVA,CTVA,80.12000274658203,80.76000213623047,78.91000366210938,80.33999633789062,79.98477172851562,4368400
2026-04-20,CTVA,CTVA,80.47000122070312,81.44999694824219,79.9000015258789,80.29000091552734,79.93499755859375,3287200
2026-04-21,CTVA,CTVA,80.56999969482422,81.00499725341797,79.47000122070312,80.3499984741211,79.9947280883789,2353900
2026-04-22,CTVA,CTVA,80.66000366210938,81.0199966430664,78.69999694824219,79.3499984741211,78.99916076660156,2616700
2026-04-23,CTVA,CTVA,79.52999877929688,80.66000366210938,78.8499984741211,79.62999725341797,79.27791595458984,2274300
2026-04-24,CTVA,CTVA,79.4000015258789,79.86000061035156,78.36000061035156,79.80000305175781,79.4471664428711,2514200
2026-04-27,CTVA,CTVA,79.9800033569336,80.71499633789062,79.12999725341797,79.41999816894531,79.06884765625,2805000
2026-04-28,CTVA,CTVA,80.05999755859375,80.2699966430664,78.53500366210938,78.94000244140625,78.59097290039062,2569000
2026-04-29,CTVA,CTVA,79.02999877929688,80.26000213623047,78.79000091552734,79.37000274658203,79.01907348632812,2578100
2026-04-30,CTVA,CTVA,79.30000305175781,81.3949966430664,78.77999877929688,81.01000213623047,80.65181732177734,3562400
2026-05-01,CTVA,CTVA,81.4800033569336,81.79000091552734,80.8499984741211,80.8499984741211,80.49252319335938,3543100
2026-05-04,CTVA,CTVA,80.7300033569336,81.81999969482422,80.42400360107422,81.69000244140625,81.32881164550781,3334600
2026-05-05,CTVA,CTVA,82.0,84.31999969482422,81.91000366210938,83.9000015258789,83.52903747558594,5015500
2026-05-06,CTVA,CTVA,82.23999786376953,83.55000305175781,81.17500305175781,81.7699966430664,81.408447265625,5345100
2026-05-07,CTVA,CTVA,80.94999694824219,81.36000061035156,78.76000213623047,79.06999969482422,78.72039031982422,6275000
2026-05-08,CTVA,CTVA,79.30999755859375,81.44999694824219,78.79000091552734,81.12999725341797,80.77127838134766,4624200
2026-05-11,CTVA,CTVA,81.55999755859375,83.33000183105469,81.12999725341797,82.83000183105469,82.46377563476562,4570700
2026-05-12,CTVA,CTVA,82.94999694824219,83.54499816894531,81.36499786376953,82.58999633789062,82.22482299804688,3373600
2026-05-13,CTVA,CTVA,82.75,83.41999816894531,82.0999984741211,83.3499984741211,82.9814682006836,3076300
2026-05-14,CTVA,CTVA,83.43000030517578,84.19000244140625,82.2699966430664,83.30000305175781,82.93169403076172,3830800
2026-05-15,CTVA,CTVA,82.76000213623047,83.55000305175781,82.1500015258789,82.20999908447266,81.84651184082031,2956100
2026-05-18,CTVA,CTVA,82.08000183105469,82.58000183105469,81.05999755859375,81.08000183105469,80.72150421142578,2747600
2026-05-19,CTVA,CTVA,80.4800033569336,80.4800033569336,78.83499908447266,78.98999786376953,78.6407470703125,3106600
2026-05-20,CTVA,CTVA,78.58000183105469,80.0,78.3499984741211,78.80000305175781,78.45159149169922,3891600
2026-05-21,CTVA,CTVA,78.75,79.26499938964844,78.13300323486328,79.04000091552734,78.6905288696289,3626400
2026-05-22,CTVA,CTVA,79.3499984741211,80.20500183105469,79.1500015258789,79.55999755859375,79.20822143554688,2135400
2026-05-26,CTVA,CTVA,79.45999908447266,80.26499938964844,79.08999633789062,79.08999633789062,78.74030303955078,2164300
2026-05-27,CTVA,CTVA,78.58000183105469,80.34500122070312,78.12999725341797,79.88999938964844,79.5367660522461,3085600
2026-05-28,CTVA,CTVA,80.38999938964844,81.23999786376953,79.66999816894531,80.5999984741211,80.2436294555664,2808300
2026-05-29,CTVA,CTVA,80.37999725341797,80.78500366210938,78.26000213623047,78.27999877929688,77.93388366699219,6431300
2026-06-01,CTVA,CTVA,78.1500015258789,78.58000183105469,77.02999877929688,77.68000030517578,77.51477813720703,2658100
2026-06-02,CTVA,CTVA,77.7300033569336,78.51499938964844,77.12000274658203,77.56999969482422,77.40501403808594,2729100
2026-06-03,CTVA,CTVA,77.27999877929688,79.41000366210938,77.13999938964844,77.80000305175781,77.63452911376953,3324200
2026-06-04,CTVA,CTVA,77.91999816894531,78.66000366210938,76.87999725341797,77.45999908447266,77.29524993896484,3398500
2026-06-05,CTVA,CTVA,77.45999908447266,78.5999984741211,76.52999877929688,77.02999877929688,76.86615753173828,3343200
2026-06-08,CTVA,CTVA,76.95999908447266,77.30000305175781,75.86000061035156,75.86000061035156,75.69865417480469,4956500
2026-06-09,CTVA,CTVA,75.26000213623047,75.80999755859375,74.45999908447266,75.01000213623047,74.8504638671875,4223600
2026-06-10,CTVA,CTVA,75.44000244140625,75.93900299072266,74.41999816894531,74.45999908447266,74.30162811279297,4426400
2026-06-11,CTVA,CTVA,75.70999908447266,75.88999938964844,74.54000091552734,74.86000061035156,74.70077514648438,4249800
2026-06-12,CTVA,CTVA,75.08000183105469,76.33000183105469,75.01000213623047,76.13999938964844,75.97805786132812,4116200
2026-06-15,CTVA,CTVA,75.93000030517578,77.36000061035156,75.5250015258789,75.70999908447266,75.54896545410156,4117300
2026-06-16,CTVA,CTVA,75.69999694824219,77.16000366210938,75.5,76.87000274658203,76.70650482177734,4681700
2026-06-17,CTVA,CTVA,76.87000274658203,78.9000015258789,76.66000366210938,77.37000274658203,77.2054443359375,4221400
2026-06-18,CTVA,CTVA,77.37999725341797,79.05000305175781,76.5199966430664,78.58999633789062,78.42284393310547,13360300
2026-06-22,CTVA,CTVA,78.12000274658203,78.91999816894531,77.86000061035156,78.86000061035156,78.69226837158203,3948500
2026-06-23,CTVA,CTVA,78.41000366210938,80.2750015258789,77.9800033569336,79.11000061035156,78.94174194335938,5827900
2026-06-24,CTVA,CTVA,79.19000244140625,80.95999908447266,78.79000091552734,80.08999633789062,79.91964721679688,5200200
2026-06-25,CTVA,CTVA,80.01499938964844,81.77999877929688,79.96499633789062,81.62000274658203,81.44640350341797,3439700
2026-06-26,CTVA,CTVA,81.5199966430664,82.66999816894531,81.01000213623047,82.62000274658203,82.44427490234375,6394900
2026-06-29,CTVA,CTVA,82.05000305175781,83.44000244140625,81.5199966430664,83.37000274658203,83.19268035888672,3076400
2026-06-30,CTVA,CTVA,83.27999877929688,85.17500305175781,82.93499755859375,84.69000244140625,84.50987243652344,3636400
2026-07-01,CTVA,CTVA,84.6500015258789,85.94999694824219,82.95500183105469,83.54000091552734,83.36231994628906,4631600
2026-07-02,CTVA,CTVA,83.56500244140625,85.83000183105469,83.1050033569336,85.80000305175781,85.61751556396484,3168100
2026-07-06,CTVA,CTVA,85.30999755859375,86.51000213623047,84.44999694824219,86.38999938964844,86.20625305175781,4167300
2026-07-07,CTVA,CTVA,86.9000015258789,87.69000244140625,86.0999984741211,86.75,86.56549072265625,3138200
2026-07-08,CTVA,CTVA,86.75,86.80000305175781,84.37200164794922,85.18000030517578,84.99882507324219,2913600
2026-07-09,CTVA,CTVA,84.61000061035156,85.91999816894531,83.61499786376953,83.86000061035156,83.68163299560547,2993100
2026-07-10,CTVA,CTVA,83.98999786376953,85.96499633789062,83.23300170898438,85.68000030517578,85.49776458740234,2181800
2026-07-13,CTVA,CTVA,86.38999938964844,87.22000122070312,85.38999938964844,86.06999969482422,85.88693237304688,2735600
2026-07-14,CTVA,CTVA,86.80000305175781,87.41999816894531,84.55999755859375,84.91000366210938,84.72940826416016,2884400
2026-07-15,CTVA,CTVA,84.2699966430664,84.55999755859375,82.9800033569336,84.44999694824219,84.27037811279297,4378100
2026-07-16,CTVA,CTVA,84.95999908447266,86.86000061035156,84.48999786376953,86.6500015258789,86.46570587158203,3854100
2026-07-17,CTVA,CTVA,86.52999877929688,88.21499633789062,86.52999877929688,87.30000305175781,87.11431884765625,3783100
2026-07-20,CTVA,CTVA,86.77999877929688,87.58999633789062,86.0999984741211,86.77999877929688,86.59542083740234,3594200
2026-07-21,CTVA,CTVA,87.2699966430664,87.83999633789062,86.27999877929688,86.94000244140625,86.75508880615234,2412700
2026-07-22,CTVA,CTVA,87.63999938964844,88.56999969482422,87.41500091552734,88.52999877929688,88.3416976928711,2140600
2026-07-23,CTVA,CTVA,88.87999725341797,89.38999938964844,87.86000061035156,88.77999877929688,88.59117126464844,3193200
2026-07-24,CTVA,CTVA,89.05000305175781,89.27999877929688,88.12000274658203,89.25,89.06017303466797,2484200
2026-07-27,CTVA,CTVA,88.77999877929688,88.9800033569336,86.94999694824219,87.58000183105469,87.39372253417969,3681400
2026-07-28,CTVA,CTVA,88.55999755859375,89.74500274658203,87.77999877929688,88.94999694824219,88.76080322265625,5697600
2026-07-29,CTVA,CTVA,89.30000305175781,90.97000122070312,88.58499908447266,90.51000213623047,90.31749725341797,3922100
2026-07-30,CTVA,CTVA,90.0,90.5270004272461,89.19999694824219,89.33999633789062,89.14997863769531,5561900
2026-07-31,CTVA,CTVA,83.98999786376953,84.13500213623047,78.66999816894531,78.70999908447266,78.54258728027344,11530700
2026-08-03,CTVA,CTVA,78.0,78.45999908447266,75.93000030517578,76.04000091552734,75.87826538085938,7955600
2026-08-04,CTVA,CTVA,75.70999908447266,78.33999633789062,74.51000213623047,78.30999755859375,78.14344024658203,6806100
2026-08-05,CTVA,CTVA,79.19999694824219,80.72000122070312,78.6500015258789,78.66999816894531,78.50267028808594,6562200
2026-08-06,CTVA,CTVA,78.45999908447266,78.48500061035156,76.33000183105469,76.86000061035156,76.69652557373047,6403300
2026-08-07,CTVA,CTVA,76.5999984741211,77.45999908447266,75.68000030517578,76.83000183105469,76.66658782958984,3375300
2026-08-10,CTVA,CTVA,77.1500015258789,77.41000366210938,76.19999694824219,76.47000122070312,76.30735778808594,4246000
2026-08-11,CTVA,CTVA,76.13999938964844,76.94999694824219,75.58999633789062,76.22000122070312,76.0578842163086,3592900
2026-08-12,CTVA,CTVA,75.75,75.98999786376953,74.94000244140625,75.52999877929688,75.36935424804688,5063700
2026-08-13,CTVA,CTVA,75.61000061035156,76.22000122070312,74.95999908447266,75.79000091552734,75.62879943847656,2866800
2026-08-14,CTVA,CTVA,75.97000122070312,77.12999725341797,75.52999877929688,76.68000030517578,76.51690673828125,2336400
2026-08-17,CTVA,CTVA,76.54000091552734,76.6449966430664,75.46499633789062,76.01000213623047,75.84833526611328,3228800
2026-08-18,CTVA,CTVA,76.7699966430664,78.22000122070312,76.47599792480469,77.91000366210938,77.74429321289062,4054600
2026-08-19,CTVA,CTVA,78.4000015258789,79.4800033569336,78.4000015258789,78.56999969482422,78.40288543701172,3716300
2026-08-20,CTVA,CTVA,78.83000183105469,82.12000274658203,78.81999969482422,79.45999908447266,79.2909927368164,4927700
2026-08-21,CTVA,CTVA,80.23999786376953,82.1500015258789,79.44999694824219,81.79000091552734,81.61603546142578,4674900
2026-08-24,CTVA,CTVA,82.0,84.19999694824219,81.2699966430664,82.80999755859375,82.63386535644531,9243700
2026-08-25,CTVA,CTVA,82.5,83.95999908447266,81.73999786376953,83.05000305175781,82.87335968017578,3098100
2026-08-26,CTVA,CTVA,83.11000061035156,84.5999984741211,82.62999725341797,82.87999725341797,82.70372009277344,3924500
2026-08-27,CTVA,CTVA,82.05000305175781,83.4749984741211,81.33000183105469,82.4000015258789,82.22473907470703,3942700
2026-08-28,CTVA,CTVA,83.18000030517578,84.12999725341797,82.05999755859375,83.9000015258789,83.72154998779297,3130200
2026-08-31,CTVA,CTVA,84.04000091552734,85.27999877929688,83.71499633789062,84.62999725341797,84.44999694824219,5751000
2026-09-01,CTVA,CTVA,85.48999786376953,87.83999633789062,85.29000091552734,87.7300033569336,87.7300033569336,5567300
2026-09-02,CTVA,CTVA,88.2699966430664,90.77999877929688,88.0,89.97000122070312,89.97000122070312,8787900
2026-09-03,CTVA,CTVA,90.23999786376953,90.87000274658203,87.95999908447266,88.62000274658203,88.62000274658203,5552700
2026-09-04,CTVA,CTVA,87.63999938964844,88.20999908447266,86.63999938964844,87.86000061035156,87.86000061035156,4274300
