Date,Symbol,DownloadSymbol,Open,High,Low,Close,Adj Close,Volume
2016-07-14,CVX,CVX,107.19999694824219,107.58000183105469,106.43000030517578,106.69999694824219,69.25335693359375,4750900
2016-07-15,CVX,CVX,107.33000183105469,107.54000091552734,106.38999938964844,107.02999877929688,69.46757507324219,6164300
2016-07-18,CVX,CVX,106.66999816894531,106.75,106.0199966430664,106.08999633789062,68.85745239257812,4931500
2016-07-19,CVX,CVX,105.9800033569336,106.2699966430664,105.6500015258789,106.04000091552734,68.82501220703125,4630800
2016-07-20,CVX,CVX,105.93000030517578,106.12999725341797,105.0,105.58999633789062,68.5329360961914,6802000
2016-07-21,CVX,CVX,105.4000015258789,105.8499984741211,104.87000274658203,105.38999938964844,68.40313720703125,5701000
2016-07-22,CVX,CVX,105.68000030517578,106.0,105.19999694824219,105.66000366210938,68.57836151123047,5255400
2016-07-25,CVX,CVX,104.86000061035156,105.11000061035156,102.77999877929688,103.06999969482422,66.89732360839844,7784000
2016-07-26,CVX,CVX,102.56999969482422,103.16000366210938,102.08000183105469,102.68000030517578,66.64420318603516,6101100
2016-07-27,CVX,CVX,102.68000030517578,103.31999969482422,101.80000305175781,102.26000213623047,66.37161254882812,5412200
2016-07-28,CVX,CVX,102.08999633789062,102.22000122070312,100.9800033569336,101.79000091552734,66.06653594970703,8226200
2016-07-29,CVX,CVX,100.52999877929688,102.66000366210938,99.8499984741211,102.4800033569336,66.51438903808594,10157600
2016-08-01,CVX,CVX,101.33000183105469,102.0999984741211,98.62000274658203,99.11000061035156,64.32709503173828,11550600
2016-08-02,CVX,CVX,99.5199966430664,100.06999969482422,97.91000366210938,99.58999633789062,64.6386489868164,9752700
2016-08-03,CVX,CVX,99.6500015258789,100.63999938964844,99.29000091552734,100.61000061035156,65.30067443847656,6611700
2016-08-04,CVX,CVX,100.27999877929688,101.08000183105469,100.0,100.38999938964844,65.15786743164062,6088100
2016-08-05,CVX,CVX,100.98999786376953,101.06999969482422,99.72000122070312,100.51000213623047,65.23576354980469,6710500
2016-08-08,CVX,CVX,100.98999786376953,101.68000030517578,100.72000122070312,101.19999694824219,65.6836166381836,5447500
2016-08-09,CVX,CVX,101.8499984741211,102.0,100.7699966430664,101.31999969482422,65.76150512695312,4957300
2016-08-10,CVX,CVX,101.6500015258789,101.80999755859375,99.94000244140625,100.13999938964844,64.9956283569336,5081300
2016-08-11,CVX,CVX,100.6500015258789,101.86000061035156,100.38999938964844,101.4000015258789,65.81341552734375,4836600
2016-08-12,CVX,CVX,101.73999786376953,102.33000183105469,101.26000213623047,102.16000366210938,66.30670166015625,5199000
2016-08-15,CVX,CVX,102.61000061035156,103.05999755859375,102.41999816894531,102.7699966430664,66.70262145996094,4886300
2016-08-16,CVX,CVX,102.7699966430664,102.93000030517578,102.33000183105469,102.62000274658203,66.6052474975586,5384300
2016-08-17,CVX,CVX,101.5,102.30000305175781,101.0199966430664,102.22000122070312,67.04470825195312,5311600
2016-08-18,CVX,CVX,102.62999725341797,103.5999984741211,102.05999755859375,103.55000305175781,67.91704559326172,6944400
2016-08-19,CVX,CVX,103.06999969482422,103.12999725341797,102.12000274658203,102.31999969482422,67.11029052734375,5057200
2016-08-22,CVX,CVX,101.75,102.4000015258789,101.23999786376953,101.94000244140625,66.86104583740234,5494900
2016-08-23,CVX,CVX,102.02999877929688,102.16999816894531,101.5,101.68000030517578,66.69053649902344,4929700
2016-08-24,CVX,CVX,101.4000015258789,102.29000091552734,101.27999877929688,102.19999694824219,67.0315933227539,5178300
2016-08-25,CVX,CVX,102.29000091552734,102.29000091552734,101.52999877929688,101.88999938964844,66.82827758789062,4490100
2016-08-26,CVX,CVX,102.11000061035156,102.4800033569336,100.86000061035156,101.31999969482422,66.45442199707031,4776200
2016-08-29,CVX,CVX,101.23999786376953,102.2300033569336,101.0,102.05000305175781,66.9332046508789,4026900
2016-08-30,CVX,CVX,102.05000305175781,102.62999725341797,101.37000274658203,101.69999694824219,66.70365142822266,3712800
2016-08-31,CVX,CVX,101.19999694824219,101.33000183105469,99.91999816894531,100.58000183105469,65.96905517578125,6249100
2016-09-01,CVX,CVX,100.3499984741211,100.58000183105469,99.47000122070312,100.20999908447266,65.72637939453125,6045000
2016-09-02,CVX,CVX,100.88999938964844,101.45999908447266,100.26000213623047,100.93000030517578,66.1986312866211,4676600
2016-09-06,CVX,CVX,101.20999908447266,102.61000061035156,100.97000122070312,102.43000030517578,67.18242645263672,5429000
2016-09-07,CVX,CVX,102.75,103.05000305175781,102.23999786376953,102.87999725341797,67.47759246826172,5284300
2016-09-08,CVX,CVX,103.33999633789062,104.3499984741211,102.47000122070312,104.12000274658203,68.29088592529297,5788800
2016-09-09,CVX,CVX,103.3499984741211,103.41000366210938,101.2300033569336,101.2699966430664,66.4216079711914,7808700
2016-09-12,CVX,CVX,101.19999694824219,102.55000305175781,100.56999969482422,102.25,67.06439208984375,8149100
2016-09-13,CVX,CVX,101.6500015258789,101.6500015258789,99.16999816894531,99.43000030517578,65.21478271484375,9300400
2016-09-14,CVX,CVX,99.12000274658203,99.94999694824219,98.16999816894531,98.41999816894531,64.55231475830078,8201400
2016-09-15,CVX,CVX,98.5,100.38999938964844,98.43000030517578,99.5,65.26069641113281,6701600
2016-09-16,CVX,CVX,98.33000183105469,98.80999755859375,97.52999877929688,97.83999633789062,64.17192840576172,12725600
2016-09-19,CVX,CVX,98.33000183105469,98.8499984741211,97.98999786376953,98.04000091552734,64.30309295654297,6182000
2016-09-20,CVX,CVX,98.16999816894531,98.4800033569336,97.68000030517578,97.69999694824219,64.08009338378906,5771900
2016-09-21,CVX,CVX,98.3499984741211,99.69000244140625,98.25,99.62999725341797,65.34593963623047,6361600
2016-09-22,CVX,CVX,100.5199966430664,100.75,99.83999633789062,99.9800033569336,65.57554626464844,5416700
2016-09-23,CVX,CVX,99.33999633789062,100.55000305175781,98.87000274658203,99.22000122070312,65.07707214355469,7396800
2016-09-26,CVX,CVX,99.48999786376953,100.27999877929688,98.66000366210938,98.77999877929688,64.7884521484375,5781800
2016-09-27,CVX,CVX,98.23999786376953,99.66000366210938,97.79000091552734,98.9800033569336,64.91963958740234,6476100
2016-09-28,CVX,CVX,99.5199966430664,102.27999877929688,98.75,102.1500015258789,66.99878692626953,10190900
2016-09-29,CVX,CVX,102.0,102.2699966430664,100.4800033569336,101.2699966430664,66.4216079711914,8148400
2016-09-30,CVX,CVX,101.83000183105469,103.5999984741211,101.2300033569336,102.91999816894531,67.50382995605469,9431500
2016-10-03,CVX,CVX,102.55000305175781,102.83000183105469,101.91000366210938,102.44999694824219,67.195556640625,4334700
2016-10-04,CVX,CVX,102.70999908447266,102.91999816894531,100.76000213623047,101.2699966430664,66.4216079711914,6505400
2016-10-05,CVX,CVX,101.98999786376953,102.87000274658203,101.75,102.2300033569336,67.05128479003906,5912800
2016-10-06,CVX,CVX,102.31999969482422,102.69999694824219,101.33999633789062,102.18000030517578,67.0184555053711,4362900
2016-10-07,CVX,CVX,102.5,103.47000122070312,102.19000244140625,102.2699966430664,67.07749938964844,5844500
2016-10-10,CVX,CVX,103.20999908447266,104.41999816894531,103.20999908447266,103.9800033569336,68.19906616210938,5982700
2016-10-11,CVX,CVX,103.77999877929688,104.0999984741211,102.68000030517578,103.04000091552734,67.58255004882812,5337300
2016-10-12,CVX,CVX,102.73999786376953,102.83000183105469,101.5999984741211,102.1500015258789,66.99878692626953,4935100
2016-10-13,CVX,CVX,101.48999786376953,101.72000122070312,99.61000061035156,100.79000091552734,66.10679626464844,7883000
2016-10-14,CVX,CVX,101.4800033569336,101.95999908447266,100.61000061035156,101.08000183105469,66.29700469970703,5114700
2016-10-17,CVX,CVX,100.94000244140625,101.48999786376953,100.62000274658203,101.36000061035156,66.48065185546875,4540800
2016-10-18,CVX,CVX,101.98999786376953,102.25,101.12000274658203,101.79000091552734,66.76266479492188,4720900
2016-10-19,CVX,CVX,102.47000122070312,103.69999694824219,102.23999786376953,102.2699966430664,67.07749938964844,5905700
2016-10-20,CVX,CVX,101.63999938964844,102.22000122070312,100.69000244140625,101.87000274658203,66.81513214111328,4820900
2016-10-21,CVX,CVX,101.05999755859375,101.55999755859375,100.62999725341797,101.30000305175781,66.44129180908203,5622400
2016-10-24,CVX,CVX,101.55999755859375,101.58000183105469,100.05999755859375,100.66000366210938,66.02153015136719,6077300
2016-10-25,CVX,CVX,100.75,101.66999816894531,100.5199966430664,100.7699966430664,66.0936508178711,4730700
2016-10-26,CVX,CVX,100.31999969482422,101.52999877929688,99.87000274658203,101.19000244140625,66.36914825439453,6353700
2016-10-27,CVX,CVX,101.51000213623047,101.9800033569336,99.91999816894531,99.91999816894531,65.5361557006836,9897800
2016-10-28,CVX,CVX,101.12000274658203,105.02999877929688,100.94999694824219,103.81999969482422,68.0941162109375,17435400
2016-10-31,CVX,CVX,103.81999969482422,105.45999908447266,103.77999877929688,104.75,68.7040786743164,12340800
2016-11-01,CVX,CVX,105.51000213623047,106.73999786376953,105.44999694824219,106.4800033569336,69.83877563476562,12755600
2016-11-02,CVX,CVX,105.6500015258789,106.05000305175781,104.25,105.38999938964844,69.1238784790039,8405200
2016-11-03,CVX,CVX,105.52999877929688,106.19000244140625,104.94999694824219,105.38999938964844,69.1238784790039,5703200
2016-11-04,CVX,CVX,105.25,105.48999786376953,104.37999725341797,104.77999877929688,68.72378540039062,7085400
2016-11-07,CVX,CVX,106.0,106.9800033569336,105.77999877929688,106.8499984741211,70.08145904541016,7333800
2016-11-08,CVX,CVX,106.56999969482422,108.19000244140625,106.41999816894531,107.29000091552734,70.37005615234375,8050000
2016-11-09,CVX,CVX,106.04000091552734,108.26000213623047,105.69000244140625,107.63999938964844,70.59960174560547,9161800
2016-11-10,CVX,CVX,107.54000091552734,108.5,107.23999786376953,107.79000091552734,70.697998046875,8739500
2016-11-11,CVX,CVX,107.4800033569336,107.6500015258789,105.94000244140625,106.63999938964844,69.94374084472656,7939500
2016-11-14,CVX,CVX,106.1500015258789,106.7300033569336,105.58999633789062,106.58999633789062,69.91091918945312,7656000
2016-11-15,CVX,CVX,107.48999786376953,109.05999755859375,107.4000015258789,108.95999908447266,71.46537780761719,12156500
2016-11-16,CVX,CVX,108.19999694824219,109.0,107.73999786376953,108.3499984741211,71.77674865722656,7723700
2016-11-17,CVX,CVX,109.0,110.0999984741211,107.58999633789062,108.12000274658203,71.62438201904297,6638100
2016-11-18,CVX,CVX,108.56999969482422,109.66999816894531,108.1500015258789,109.19999694824219,72.33981323242188,6815500
2016-11-21,CVX,CVX,110.36000061035156,111.0,110.06999969482422,110.18000030517578,72.98900604248047,8476800
2016-11-22,CVX,CVX,110.79000091552734,111.0,109.30999755859375,110.62000274658203,73.28050231933594,6440500
2016-11-23,CVX,CVX,110.4000015258789,111.47000122070312,110.04000091552734,111.0,73.53224182128906,4472700
2016-11-25,CVX,CVX,110.54000091552734,111.22000122070312,110.12000274658203,111.0,73.53224182128906,3238600
2016-11-28,CVX,CVX,110.94999694824219,111.56999969482422,110.37999725341797,110.5,73.20100402832031,6406700
2016-11-29,CVX,CVX,109.0999984741211,109.72000122070312,108.4000015258789,109.33999633789062,72.43255615234375,7461900
2016-11-30,CVX,CVX,112.05000305175781,112.9800033569336,111.30000305175781,111.55999755859375,73.90319061279297,17301900
2016-12-01,CVX,CVX,112.79000091552734,114.91000366210938,112.52999877929688,113.29000091552734,75.04925537109375,11792300
2016-12-02,CVX,CVX,113.19999694824219,113.80999755859375,112.27999877929688,113.0,74.8571548461914,6167400
2016-12-05,CVX,CVX,113.38999938964844,114.4800033569336,113.02999877929688,113.25,75.02275848388672,6909800
2016-12-06,CVX,CVX,112.38999938964844,113.48999786376953,112.20999908447266,112.76000213623047,74.69811248779297,6033600
2016-12-07,CVX,CVX,113.04000091552734,114.4800033569336,112.81999969482422,114.44000244140625,75.81107330322266,6434100
2016-12-08,CVX,CVX,114.7300033569336,115.4000015258789,114.19999694824219,115.16999816894531,76.29467010498047,5519700
2016-12-09,CVX,CVX,114.98999786376953,115.98999786376953,114.97000122070312,115.80999755859375,76.71862030029297,5771600
2016-12-12,CVX,CVX,117.7699966430664,118.98999786376953,116.56999969482422,117.1500015258789,77.60631561279297,10044700
2016-12-13,CVX,CVX,117.9000015258789,118.30999755859375,116.02999877929688,117.41999816894531,77.78516387939453,8644200
2016-12-14,CVX,CVX,116.70999908447266,117.87999725341797,115.76000213623047,115.95999908447266,76.81800079345703,7878400
2016-12-15,CVX,CVX,115.62999725341797,117.38999938964844,115.36000061035156,117.05000305175781,77.5400619506836,7458300
2016-12-16,CVX,CVX,117.83999633789062,118.58000183105469,117.41999816894531,118.08000183105469,78.2223892211914,13752300
2016-12-19,CVX,CVX,118.37000274658203,118.44999694824219,117.41999816894531,117.6500015258789,77.93754577636719,5772500
2016-12-20,CVX,CVX,117.8499984741211,118.62999725341797,117.66999816894531,117.94999694824219,78.13627624511719,4319100
2016-12-21,CVX,CVX,118.33999633789062,119.0,117.86000061035156,117.91000366210938,78.10978698730469,5024600
2016-12-22,CVX,CVX,117.94000244140625,118.98999786376953,117.7699966430664,118.7699966430664,78.67947387695312,4992500
2016-12-23,CVX,CVX,118.41000366210938,118.69999694824219,118.05000305175781,118.41999816894531,78.44762420654297,2682900
2016-12-27,CVX,CVX,118.5,118.9000015258789,118.11000061035156,118.22000122070312,78.31513214111328,2986900
2016-12-28,CVX,CVX,118.30999755859375,118.86000061035156,117.75,117.91000366210938,78.10978698730469,4086700
2016-12-29,CVX,CVX,118.01000213623047,118.41999816894531,117.4800033569336,117.81999969482422,78.0501480102539,3214500
2016-12-30,CVX,CVX,117.44000244140625,118.23999786376953,117.30999755859375,117.69999694824219,77.97064208984375,5020500
2017-01-03,CVX,CVX,118.37999725341797,119.0,116.58999633789062,117.8499984741211,78.07000732421875,7404800
2017-01-04,CVX,CVX,118.41000366210938,118.6500015258789,117.5999984741211,117.81999969482422,78.0501480102539,6679900
2017-01-05,CVX,CVX,118.0,118.4800033569336,116.72000122070312,117.30999755859375,77.71229553222656,5928600
2017-01-06,CVX,CVX,117.44999694824219,117.58000183105469,116.37999725341797,116.83999633789062,77.40093994140625,4762500
2017-01-09,CVX,CVX,116.29000091552734,116.36000061035156,115.11000061035156,115.83999633789062,76.73849487304688,6891800
2017-01-10,CVX,CVX,115.55999755859375,116.38999938964844,114.88999938964844,114.95999908447266,76.15552520751953,6184400
2017-01-11,CVX,CVX,115.1500015258789,116.44999694824219,114.86000061035156,115.93000030517578,76.79813385009766,6158200
2017-01-12,CVX,CVX,116.5,116.98999786376953,115.41000366210938,116.16000366210938,76.95051574707031,4940000
2017-01-13,CVX,CVX,115.86000061035156,116.87999725341797,115.61000061035156,116.37999725341797,77.09622192382812,4953000
2017-01-17,CVX,CVX,116.4000015258789,116.7699966430664,116.11000061035156,116.27999877929688,77.02999114990234,4669700
2017-01-18,CVX,CVX,115.68000030517578,116.04000091552734,115.4000015258789,115.94000244140625,76.80475616455078,4855300
2017-01-19,CVX,CVX,115.88999938964844,115.95999908447266,115.29000091552734,115.58000183105469,76.56625366210938,3427800
2017-01-20,CVX,CVX,116.31999969482422,116.75,115.33999633789062,115.5999984741211,76.57952117919922,6730900
2017-01-23,CVX,CVX,115.12000274658203,115.95999908447266,114.98999786376953,115.38999938964844,76.4404067993164,5104100
2017-01-24,CVX,CVX,115.8499984741211,117.11000061035156,115.61000061035156,116.37000274658203,77.0895767211914,5024400
2017-01-25,CVX,CVX,116.9000015258789,117.43000030517578,116.33999633789062,117.23999786376953,77.66593170166016,5276800
2017-01-26,CVX,CVX,117.5,117.81999969482422,116.5,116.55000305175781,77.20883178710938,6937300
2017-01-27,CVX,CVX,113.52999877929688,114.69999694824219,112.8499984741211,113.79000091552734,75.38048553466797,11698900
2017-01-30,CVX,CVX,113.1500015258789,113.80000305175781,110.72000122070312,111.81999969482422,74.07542419433594,8252900
2017-01-31,CVX,CVX,111.88999938964844,112.19999694824219,110.76000213623047,111.3499984741211,73.76409912109375,7951000
2017-02-01,CVX,CVX,111.19999694824219,111.77999877929688,110.83999633789062,111.0,73.53224182128906,5889300
2017-02-02,CVX,CVX,111.16999816894531,112.23999786376953,110.70999908447266,112.20999908447266,74.33378601074219,6289000
2017-02-03,CVX,CVX,112.41000366210938,114.27999877929688,112.13999938964844,113.56999969482422,75.23473358154297,6623500
2017-02-06,CVX,CVX,113.27999877929688,113.5,112.44999694824219,112.9800033569336,74.8438949584961,5637300
2017-02-07,CVX,CVX,112.9800033569336,113.0999984741211,111.11000061035156,111.38999938964844,73.79057312011719,6038400
2017-02-08,CVX,CVX,111.12999725341797,111.79000091552734,110.31999969482422,111.58000183105469,73.91645812988281,5188800
2017-02-09,CVX,CVX,111.58000183105469,112.62999725341797,111.58000183105469,112.26000213623047,74.36691284179688,4607800
2017-02-10,CVX,CVX,112.75,113.44999694824219,112.37000274658203,113.05000305175781,74.8902587890625,6194300
2017-02-13,CVX,CVX,113.36000061035156,113.98999786376953,113.05000305175781,113.91000366210938,75.4599609375,4858500
2017-02-14,CVX,CVX,112.68000030517578,113.06999969482422,111.77999877929688,112.5199966430664,75.25263977050781,5811200
2017-02-15,CVX,CVX,112.20999908447266,113.23999786376953,112.20999908447266,112.56999969482422,75.28607940673828,7048100
2017-02-16,CVX,CVX,112.98999786376953,112.98999786376953,110.43000030517578,110.68000030517578,74.02205657958984,9478200
2017-02-17,CVX,CVX,110.41999816894531,110.56999969482422,109.2699966430664,110.33000183105469,73.78799438476562,8111000
2017-02-21,CVX,CVX,110.7300033569336,112.30999755859375,110.5999984741211,111.72000122070312,74.71762084960938,6619100
2017-02-22,CVX,CVX,111.19000244140625,111.77999877929688,110.30999755859375,110.37999725341797,73.82142639160156,5732000
2017-02-23,CVX,CVX,111.33999633789062,111.83000183105469,110.75,111.0199966430664,74.24944305419922,8659700
2017-02-24,CVX,CVX,110.9000015258789,111.0199966430664,109.47000122070312,110.12000274658203,73.64754486083984,6189400
2017-02-27,CVX,CVX,110.6500015258789,112.2699966430664,110.37000274658203,111.75,74.7376708984375,7275800
2017-02-28,CVX,CVX,111.66000366210938,112.76000213623047,111.48999786376953,112.5,75.2392807006836,7030200
2017-03-01,CVX,CVX,112.91999816894531,114.38999938964844,112.87999725341797,113.87999725341797,76.1622085571289,7353800
2017-03-02,CVX,CVX,113.66999816894531,114.2699966430664,113.30999755859375,113.36000061035156,75.81442260742188,5892500
2017-03-03,CVX,CVX,113.36000061035156,113.88999938964844,113.20999908447266,113.55000305175781,75.94149780273438,4905600
2017-03-06,CVX,CVX,113.25,113.5,112.66999816894531,113.16999816894531,75.68736267089844,4731900
2017-03-07,CVX,CVX,113.54000091552734,113.87999725341797,111.69000244140625,111.80999755859375,74.77780151367188,6660300
2017-03-08,CVX,CVX,111.68000030517578,111.91999816894531,109.4000015258789,109.61000061035156,73.30645751953125,9071600
2017-03-09,CVX,CVX,109.30999755859375,110.16999816894531,108.51000213623047,110.04000091552734,73.59404754638672,7247400
2017-03-10,CVX,CVX,111.4000015258789,111.41000366210938,109.44000244140625,110.61000061035156,73.97523498535156,6560300
2017-03-13,CVX,CVX,110.51000213623047,110.80999755859375,109.30999755859375,109.3499984741211,73.13256072998047,6369300
2017-03-14,CVX,CVX,108.47000122070312,108.56999969482422,107.12000274658203,107.36000061035156,71.80167388916016,9935700
2017-03-15,CVX,CVX,108.08000183105469,108.9800033569336,107.54000091552734,108.87999725341797,72.8182144165039,9472100
2017-03-16,CVX,CVX,108.80999755859375,108.87999725341797,107.44000244140625,107.86000061035156,72.13607025146484,8894700
2017-03-17,CVX,CVX,108.0,108.41999816894531,107.68000030517578,107.68000030517578,72.01567077636719,14353400
2017-03-20,CVX,CVX,107.2699966430664,107.8499984741211,107.0199966430664,107.66000366210938,72.00227355957031,5301900
2017-03-21,CVX,CVX,108.05999755859375,108.2300033569336,107.4000015258789,108.04000091552734,72.25645446777344,7406300
2017-03-22,CVX,CVX,107.6500015258789,108.8499984741211,107.5199966430664,108.38999938964844,72.49052429199219,8106800
2017-03-23,CVX,CVX,108.29000091552734,108.86000061035156,107.75,107.87000274658203,72.14275360107422,5451200
2017-03-24,CVX,CVX,107.93000030517578,108.41999816894531,107.69999694824219,107.98999786376953,72.22299194335938,6339900
2017-03-27,CVX,CVX,107.0,107.3499984741211,105.81999969482422,106.27999877929688,71.07933807373047,6479400
2017-03-28,CVX,CVX,106.27999877929688,107.73999786376953,106.12000274658203,107.16999816894531,71.67461395263672,6331500
2017-03-29,CVX,CVX,106.94999694824219,108.08000183105469,106.87999725341797,108.06999969482422,72.2765121459961,4919900
2017-03-30,CVX,CVX,108.1500015258789,108.68000030517578,107.19999694824219,107.77999877929688,72.08255004882812,6797700
2017-03-31,CVX,CVX,107.69999694824219,108.13999938964844,107.05000305175781,107.37000274658203,71.808349609375,6159000
2017-04-03,CVX,CVX,107.22000122070312,107.97000122070312,106.37999725341797,107.80000305175781,72.095947265625,5800900
2017-04-04,CVX,CVX,107.87999725341797,108.72000122070312,107.01000213623047,108.66000366210938,72.67110443115234,4687400
2017-04-05,CVX,CVX,109.6500015258789,110.66999816894531,108.55999755859375,108.63999938964844,72.65774536132812,6398800
2017-04-06,CVX,CVX,109.12000274658203,109.6500015258789,108.75,109.29000091552734,73.09243774414062,3934500
2017-04-07,CVX,CVX,109.37999725341797,109.58000183105469,108.66999816894531,108.86000061035156,72.80487060546875,4889400
2017-04-10,CVX,CVX,109.12000274658203,110.19999694824219,108.97000122070312,109.43000030517578,73.18608093261719,4812100
2017-04-11,CVX,CVX,109.52999877929688,109.54000091552734,108.05999755859375,108.97000122070312,72.87842559814453,3956500
2017-04-12,CVX,CVX,109.36000061035156,109.36000061035156,108.44999694824219,108.97000122070312,72.87842559814453,5053300
2017-04-13,CVX,CVX,108.63999938964844,108.73999786376953,105.93000030517578,106.0999984741211,70.95899963378906,6894800
2017-04-17,CVX,CVX,106.16999816894531,106.4800033569336,105.6500015258789,106.16999816894531,71.00580596923828,5278800
2017-04-18,CVX,CVX,105.80999755859375,106.68000030517578,105.31999969482422,105.68000030517578,70.67811584472656,4252700
2017-04-19,CVX,CVX,105.88999938964844,106.13999938964844,103.83000183105469,104.2300033569336,69.70832061767578,6667900
2017-04-20,CVX,CVX,104.4000015258789,105.69000244140625,104.36000061035156,104.87999725341797,70.14305877685547,4988100
2017-04-21,CVX,CVX,104.80000305175781,105.43000030517578,104.29000091552734,104.88999938964844,70.14973449707031,5432600
2017-04-24,CVX,CVX,105.79000091552734,106.41000366210938,105.37000274658203,105.93000030517578,70.84529113769531,4538200
2017-04-25,CVX,CVX,106.30000305175781,106.97000122070312,106.18000030517578,106.7300033569336,71.38032531738281,4619000
2017-04-26,CVX,CVX,106.4000015258789,107.4800033569336,105.97000122070312,106.08000183105469,70.94561004638672,6687400
2017-04-27,CVX,CVX,105.95999908447266,105.9800033569336,104.66999816894531,105.47000122070312,70.53764343261719,5781800
2017-04-28,CVX,CVX,107.05000305175781,107.5999984741211,105.98999786376953,106.69999694824219,71.36026763916016,6848400
2017-05-01,CVX,CVX,106.26000213623047,106.7300033569336,105.76000213623047,105.91999816894531,70.8386001586914,4955500
2017-05-02,CVX,CVX,106.11000061035156,106.52999877929688,105.08999633789062,105.36000061035156,70.46407318115234,5112200
2017-05-03,CVX,CVX,105.36000061035156,107.26000213623047,105.12999725341797,106.72000122070312,71.3736343383789,5663000
2017-05-04,CVX,CVX,106.23999786376953,106.33000183105469,104.13999938964844,104.80999755859375,70.09624481201172,8039900
2017-05-05,CVX,CVX,104.91999816894531,105.88999938964844,104.69999694824219,105.79000091552734,70.75165557861328,5060000
2017-05-08,CVX,CVX,105.93000030517578,106.72000122070312,105.81999969482422,106.68000030517578,71.34689331054688,5175100
2017-05-09,CVX,CVX,106.51000213623047,106.75,104.81999969482422,105.08000183105469,70.27681732177734,5024000
2017-05-10,CVX,CVX,105.81999969482422,106.83000183105469,105.54000091552734,106.5,71.22650146484375,5582800
2017-05-11,CVX,CVX,107.08000183105469,107.08000183105469,105.62999725341797,106.20999908447266,71.03257751464844,4632100
2017-05-12,CVX,CVX,106.05999755859375,106.29000091552734,105.4800033569336,105.95999908447266,70.8653564453125,4488200
2017-05-15,CVX,CVX,107.1500015258789,107.70999908447266,106.68000030517578,106.8499984741211,71.4605484008789,6647500
2017-05-16,CVX,CVX,107.56999969482422,107.66000366210938,106.94000244140625,107.25,71.72809600830078,5001400
2017-05-17,CVX,CVX,106.16999816894531,106.2699966430664,104.62000274658203,104.69999694824219,70.73495483398438,6384300
2017-05-18,CVX,CVX,104.55000305175781,105.68000030517578,103.83999633789062,105.16999816894531,71.05252075195312,5618100
2017-05-19,CVX,CVX,105.5199966430664,106.5199966430664,105.16999816894531,106.5199966430664,71.96455383300781,8383500
2017-05-22,CVX,CVX,107.08999633789062,107.08999633789062,105.75,106.12000274658203,71.69432830810547,4491100
2017-05-23,CVX,CVX,106.06999969482422,106.55999755859375,105.9800033569336,106.2699966430664,71.795654296875,3457100
2017-05-24,CVX,CVX,106.0999984741211,106.36000061035156,105.7300033569336,106.22000122070312,71.76189422607422,3457200
2017-05-25,CVX,CVX,106.0999984741211,106.70999908447266,104.72000122070312,105.11000061035156,71.01195526123047,5293800
2017-05-26,CVX,CVX,105.05000305175781,105.29000091552734,104.5999984741211,104.72000122070312,70.74848937988281,3752500
2017-05-30,CVX,CVX,104.3499984741211,104.70999908447266,103.75,104.05999755859375,70.3025894165039,4288000
2017-05-31,CVX,CVX,103.55000305175781,103.88999938964844,103.06999969482422,103.4800033569336,69.9107437133789,8037900
2017-06-01,CVX,CVX,103.69000244140625,104.27999877929688,103.43000030517578,104.2699966430664,70.44445037841797,4769400
2017-06-02,CVX,CVX,103.81999969482422,103.94000244140625,102.7699966430664,103.11000061035156,69.66078186035156,5864000
2017-06-05,CVX,CVX,102.80000305175781,103.58000183105469,102.62999725341797,103.19000244140625,69.71482849121094,4523300
2017-06-06,CVX,CVX,103.11000061035156,104.44999694824219,102.76000213623047,104.16999816894531,70.37691497802734,4683900
2017-06-07,CVX,CVX,103.97000122070312,104.43000030517578,102.55000305175781,103.7699966430664,70.1066665649414,7197100
2017-06-08,CVX,CVX,103.7699966430664,104.73999786376953,103.44000244140625,104.0,70.26203918457031,6493600
2017-06-09,CVX,CVX,104.01000213623047,106.48999786376953,104.01000213623047,106.4000015258789,71.88350677490234,6595600
2017-06-12,CVX,CVX,106.4000015258789,108.43000030517578,106.4000015258789,108.04000091552734,72.99147033691406,8690600
2017-06-13,CVX,CVX,108.33999633789062,108.48999786376953,107.16000366210938,108.12999725341797,73.0522689819336,6099700
2017-06-14,CVX,CVX,107.91000366210938,107.98999786376953,105.73999786376953,106.5999984741211,72.01863098144531,6202300
2017-06-15,CVX,CVX,106.5,106.80000305175781,105.87000274658203,106.33000183105469,71.83621215820312,5441400
2017-06-16,CVX,CVX,106.94000244140625,108.36000061035156,106.20999908447266,108.3499984741211,73.2009048461914,11633900
2017-06-19,CVX,CVX,108.30999755859375,108.37999725341797,107.13999938964844,107.45999908447266,72.59961700439453,4577800
2017-06-20,CVX,CVX,106.25,106.5999984741211,105.37999725341797,106.4800033569336,71.93754577636719,5171200
2017-06-21,CVX,CVX,105.88999938964844,106.9000015258789,103.91999816894531,104.48999786376953,70.59310150146484,6989400
2017-06-22,CVX,CVX,104.4800033569336,105.13999938964844,104.04000091552734,104.44999694824219,70.5660629272461,4197400
2017-06-23,CVX,CVX,104.25,105.41999816894531,104.23999786376953,105.0,70.93763732910156,5773300
2017-06-26,CVX,CVX,105.02999877929688,105.19000244140625,104.02999877929688,104.13999938964844,70.35665130615234,3602500
2017-06-27,CVX,CVX,104.7300033569336,104.88999938964844,104.02999877929688,104.06999969482422,70.3093490600586,4170300
2017-06-28,CVX,CVX,104.43000030517578,104.9000015258789,104.04000091552734,104.27999877929688,70.45124816894531,4162300
2017-06-29,CVX,CVX,104.37999725341797,105.1500015258789,104.05000305175781,104.12000274658203,70.3431167602539,4288600
2017-06-30,CVX,CVX,104.52999877929688,104.72000122070312,103.88999938964844,104.33000183105469,70.48499298095703,5497000
2017-07-03,CVX,CVX,104.23999786376953,106.95999908447266,104.23999786376953,106.30000305175781,71.81593322753906,4419100
2017-07-05,CVX,CVX,105.98999786376953,106.30000305175781,104.2699966430664,104.62000274658203,70.6809310913086,4482700
2017-07-06,CVX,CVX,104.66999816894531,105.12999725341797,103.70999908447266,103.81999969482422,70.14044189453125,5084800
2017-07-07,CVX,CVX,103.58999633789062,103.76000213623047,102.80999755859375,103.48999786376953,69.91749572753906,6457000
2017-07-10,CVX,CVX,103.44000244140625,103.58000183105469,102.5999984741211,103.04000091552734,69.61348724365234,4629000
2017-07-11,CVX,CVX,103.1500015258789,103.5,102.55000305175781,103.12000274658203,69.66754150390625,4322400
2017-07-12,CVX,CVX,104.0,104.75,103.47000122070312,103.88999938964844,70.18771362304688,3978100
2017-07-13,CVX,CVX,103.80000305175781,104.20999908447266,103.45999908447266,104.12999725341797,70.34986877441406,4439100
2017-07-14,CVX,CVX,104.37999725341797,104.63999938964844,103.7300033569336,104.44000244140625,70.55933380126953,3644300
2017-07-17,CVX,CVX,104.31999969482422,104.97000122070312,104.08000183105469,104.20999908447266,70.4039306640625,5572400
2017-07-18,CVX,CVX,104.5999984741211,104.5999984741211,103.51000213623047,103.72000122070312,70.0728759765625,4339400
2017-07-19,CVX,CVX,103.55999755859375,104.4800033569336,103.51000213623047,104.45999908447266,70.57283020019531,4932000
2017-07-20,CVX,CVX,105.0,105.37000274658203,103.81999969482422,104.62999725341797,70.68767547607422,5367800
2017-07-21,CVX,CVX,104.18000030517578,104.37999725341797,103.1500015258789,103.25,69.75537109375,5304100
2017-07-24,CVX,CVX,103.18000030517578,103.56999969482422,102.91999816894531,103.19999694824219,69.72158813476562,4080400
2017-07-25,CVX,CVX,104.44999694824219,105.1500015258789,104.31999969482422,104.38999938964844,70.52555084228516,7093800
2017-07-26,CVX,CVX,104.62999725341797,106.08000183105469,104.19999694824219,105.12000274658203,71.01873016357422,5881400
2017-07-27,CVX,CVX,104.87999725341797,106.31999969482422,104.61000061035156,106.11000061035156,71.68757629394531,5888400
2017-07-28,CVX,CVX,106.70999908447266,109.12999725341797,106.36000061035156,108.12000274658203,73.04552459716797,7812600
2017-07-31,CVX,CVX,108.38999938964844,110.0,108.1500015258789,109.19000244140625,73.76842498779297,7561200
2017-08-01,CVX,CVX,109.54000091552734,110.97000122070312,109.41999816894531,110.77999877929688,74.84259033203125,8162900
2017-08-02,CVX,CVX,110.38999938964844,111.19999694824219,109.8499984741211,110.45999908447266,74.62640380859375,6212300
2017-08-03,CVX,CVX,110.2300033569336,110.44999694824219,109.05000305175781,109.43000030517578,73.93055725097656,5605400
2017-08-04,CVX,CVX,109.43000030517578,110.19999694824219,109.43000030517578,110.11000061035156,74.38996124267578,4643500
2017-08-07,CVX,CVX,109.80999755859375,110.29000091552734,109.58000183105469,109.77999877929688,74.16700744628906,4762800
2017-08-08,CVX,CVX,110.0,110.70999908447266,109.7699966430664,110.3499984741211,74.55208587646484,4107300
2017-08-09,CVX,CVX,110.73999786376953,111.41000366210938,110.26000213623047,110.88999938964844,74.91693878173828,3966800
2017-08-10,CVX,CVX,111.2300033569336,111.44000244140625,110.02999877929688,110.11000061035156,74.38996124267578,4950700
2017-08-11,CVX,CVX,110.19999694824219,110.48999786376953,109.12999725341797,109.2300033569336,73.79544830322266,3383000
2017-08-14,CVX,CVX,109.26000213623047,109.81999969482422,108.31999969482422,108.70999908447266,73.44409942626953,4286100
2017-08-15,CVX,CVX,108.75,108.9000015258789,107.52999877929688,108.56999969482422,73.34953308105469,5310700
2017-08-16,CVX,CVX,107.62999725341797,107.91999816894531,106.69000244140625,106.83999633789062,72.90596771240234,4186600
2017-08-17,CVX,CVX,106.61000061035156,106.87000274658203,105.91000366210938,105.91999816894531,72.27816772460938,5870300
2017-08-18,CVX,CVX,105.83999633789062,107.33999633789062,105.5,106.4800033569336,72.66033935546875,5467400
2017-08-21,CVX,CVX,106.4800033569336,106.4800033569336,105.30000305175781,105.77999877929688,72.18265533447266,3560400
2017-08-22,CVX,CVX,105.98999786376953,106.91999816894531,105.80999755859375,106.36000061035156,72.57843780517578,5630900
2017-08-23,CVX,CVX,106.20999908447266,107.05999755859375,106.11000061035156,106.61000061035156,72.74903106689453,4185800
2017-08-24,CVX,CVX,106.5,107.66999816894531,106.33000183105469,107.44000244140625,73.3154067993164,5059700
2017-08-25,CVX,CVX,107.81999969482422,108.70999908447266,107.5199966430664,108.2300033569336,73.85447692871094,4384200
2017-08-28,CVX,CVX,108.54000091552734,108.58999633789062,107.2699966430664,107.76000213623047,73.53377532958984,3681600
2017-08-29,CVX,CVX,107.43000030517578,108.05000305175781,107.04000091552734,107.86000061035156,73.60200500488281,3230600
2017-08-30,CVX,CVX,107.58000183105469,107.83999633789062,107.0999984741211,107.7300033569336,73.51329803466797,3126000
2017-08-31,CVX,CVX,108.0,108.2300033569336,107.5,107.62000274658203,73.438232421875,5508200
2017-09-01,CVX,CVX,107.68000030517578,109.16000366210938,107.51000213623047,108.76000213623047,74.21617126464844,3660300
2017-09-05,CVX,CVX,109.36000061035156,110.26000213623047,108.69999694824219,109.44000244140625,74.68017578125,5198500
2017-09-06,CVX,CVX,110.0,112.2300033569336,109.80000305175781,111.79000091552734,76.28379821777344,8577300
2017-09-07,CVX,CVX,112.18000030517578,112.87000274658203,111.36000061035156,111.80000305175781,76.29059600830078,5937800
2017-09-08,CVX,CVX,111.58999633789062,111.75,110.52999877929688,110.77999877929688,75.59456634521484,4033100
2017-09-11,CVX,CVX,111.83000183105469,112.56999969482422,111.5199966430664,112.5199966430664,76.78193664550781,5973400
2017-09-12,CVX,CVX,112.81999969482422,112.94999694824219,111.86000061035156,112.48999786376953,76.76144409179688,5110100
2017-09-13,CVX,CVX,112.48999786376953,114.31999969482422,112.27999877929688,114.18000030517578,77.91468811035156,5889400
2017-09-14,CVX,CVX,114.26000213623047,115.33999633789062,114.18000030517578,114.44999694824219,78.09892272949219,5819100
2017-09-15,CVX,CVX,114.83000183105469,114.91000366210938,113.62999725341797,114.62999725341797,78.22176361083984,8387600
2017-09-18,CVX,CVX,114.41999816894531,115.22000122070312,114.31999969482422,115.19000244140625,78.60387420654297,4954600
2017-09-19,CVX,CVX,115.25,116.41999816894531,115.19000244140625,116.33999633789062,79.38863372802734,6188000
2017-09-20,CVX,CVX,116.5,117.1500015258789,116.19999694824219,116.37000274658203,79.40911865234375,5378200
2017-09-21,CVX,CVX,116.22000122070312,116.5199966430664,115.83000183105469,116.47000122070312,79.47734069824219,4334500
2017-09-22,CVX,CVX,116.41000366210938,117.83000183105469,116.2699966430664,117.29000091552734,80.03692626953125,5307100
2017-09-25,CVX,CVX,117.2300033569336,118.33000183105469,117.0199966430664,117.98999786376953,80.51456451416016,5980300
2017-09-26,CVX,CVX,117.79000091552734,118.02999877929688,117.25,117.5199966430664,80.19384002685547,4874700
2017-09-27,CVX,CVX,117.45999908447266,117.5999984741211,116.7699966430664,117.44999694824219,80.14606475830078,3926800
2017-09-28,CVX,CVX,117.16999816894531,118.12999725341797,117.0199966430664,117.62000274658203,80.26207733154297,4949000
2017-09-29,CVX,CVX,117.16999816894531,117.5199966430664,116.7300033569336,117.5,80.18020629882812,4874800
2017-10-02,CVX,CVX,116.41999816894531,117.79000091552734,115.52999877929688,117.43000030517578,80.1324234008789,4285600
2017-10-03,CVX,CVX,117.08000183105469,118.25,117.01000213623047,117.81999969482422,80.39857482910156,3892200
2017-10-04,CVX,CVX,117.81999969482422,117.87000274658203,117.12999725341797,117.58000183105469,80.23478698730469,3443400
2017-10-05,CVX,CVX,117.44999694824219,118.69000244140625,117.33000183105469,118.58000183105469,80.91717529296875,5470900
2017-10-06,CVX,CVX,117.94999694824219,118.1500015258789,116.80000305175781,117.02999877929688,79.85948181152344,3533300
2017-10-09,CVX,CVX,117.33999633789062,118.08000183105469,117.01000213623047,117.70999908447266,80.32349395751953,2951900
2017-10-10,CVX,CVX,118.4000015258789,119.81999969482422,118.29000091552734,118.80000305175781,81.06729888916016,5683100
2017-10-11,CVX,CVX,119.20999908447266,119.5199966430664,118.58000183105469,119.33000183105469,81.42896270751953,3926100
2017-10-12,CVX,CVX,118.48999786376953,119.6500015258789,118.30999755859375,119.13999938964844,81.29930877685547,3929700
2017-10-13,CVX,CVX,119.79000091552734,120.0,119.06999969482422,119.16000366210938,81.31297302246094,4640100
2017-10-16,CVX,CVX,119.83999633789062,120.88999938964844,119.43000030517578,120.12999725341797,81.97486877441406,5500700
2017-10-17,CVX,CVX,120.2300033569336,120.73999786376953,119.83000183105469,120.22000122070312,82.0362777709961,4844300
2017-10-18,CVX,CVX,119.4000015258789,120.0199966430664,117.98999786376953,118.1500015258789,80.62374877929688,5505100
2017-10-19,CVX,CVX,118.05999755859375,118.73999786376953,117.94999694824219,118.19999694824219,80.65788269042969,4576600
2017-10-20,CVX,CVX,118.61000061035156,118.77999877929688,118.06999969482422,118.63999938964844,80.95813751220703,4924300
2017-10-23,CVX,CVX,118.72000122070312,119.30000305175781,118.44999694824219,118.93000030517578,81.1560287475586,3872400
2017-10-24,CVX,CVX,119.4800033569336,119.91999816894531,119.06999969482422,119.2300033569336,81.36072540283203,4472400
2017-10-25,CVX,CVX,119.0,119.44000244140625,118.1500015258789,118.44000244140625,80.8216323852539,4553100
2017-10-26,CVX,CVX,118.77999877929688,119.0,118.13999938964844,118.44000244140625,80.8216323852539,4092900
2017-10-27,CVX,CVX,116.12999725341797,116.4000015258789,112.56999969482422,113.54000091552734,77.47795104980469,14534100
2017-10-30,CVX,CVX,113.16999816894531,115.0999984741211,112.83999633789062,114.38999938964844,78.0579605102539,7517800
2017-10-31,CVX,CVX,114.44999694824219,116.37999725341797,113.81999969482422,115.88999938964844,79.08155059814453,7154800
2017-11-01,CVX,CVX,116.30000305175781,116.97000122070312,115.3499984741211,115.9000015258789,79.08839416503906,5030300
2017-11-02,CVX,CVX,116.20999908447266,116.47000122070312,114.70999908447266,115.33000183105469,78.69941711425781,4329600
2017-11-03,CVX,CVX,115.4800033569336,115.75,114.7300033569336,114.98999786376953,78.4674301147461,4101800
2017-11-06,CVX,CVX,115.37000274658203,117.16000366210938,114.98999786376953,117.04000091552734,79.86630249023438,5950300
2017-11-07,CVX,CVX,117.37999725341797,118.0,116.4800033569336,117.23999786376953,80.00277709960938,5219500
2017-11-08,CVX,CVX,116.77999877929688,117.1500015258789,115.9000015258789,116.66999816894531,79.61381530761719,5092800
2017-11-09,CVX,CVX,115.9000015258789,117.5,115.62000274658203,117.23999786376953,80.00277709960938,5103300
2017-11-10,CVX,CVX,116.70999908447266,117.30999755859375,116.0999984741211,117.18000030517578,79.96183013916016,5156900
2017-11-13,CVX,CVX,117.22000122070312,117.7699966430664,116.68000030517578,117.2300033569336,79.99594116210938,4279200
2017-11-14,CVX,CVX,116.81999969482422,117.26000213623047,116.25,116.91999816894531,79.784423828125,6996500
2017-11-15,CVX,CVX,116.20999908447266,117.2300033569336,116.06999969482422,116.44999694824219,79.46369934082031,5372600
2017-11-16,CVX,CVX,115.25,115.81999969482422,114.37999725341797,114.56999969482422,78.91268157958984,5888700
2017-11-17,CVX,CVX,114.66999816894531,114.98999786376953,113.9000015258789,114.70999908447266,79.00911712646484,4337500
2017-11-20,CVX,CVX,114.7699966430664,115.02999877929688,114.44000244140625,114.72000122070312,79.0160140991211,4634200
2017-11-21,CVX,CVX,115.13999938964844,115.86000061035156,114.91999816894531,115.16999816894531,79.32594299316406,4596000
2017-11-22,CVX,CVX,115.48999786376953,116.77999877929688,115.31999969482422,115.91000366210938,79.83565521240234,3951000
2017-11-24,CVX,CVX,116.55000305175781,116.8499984741211,116.30999755859375,116.51000213623047,80.2489013671875,1744200
2017-11-27,CVX,CVX,115.8499984741211,116.02999877929688,115.23999786376953,115.58999633789062,79.61521911621094,4490300
2017-11-28,CVX,CVX,115.91999816894531,116.80999755859375,115.73999786376953,116.44999694824219,80.20755767822266,4004700
2017-11-29,CVX,CVX,116.19999694824219,117.25,115.83000183105469,117.18000030517578,80.71038055419922,3661000
2017-11-30,CVX,CVX,117.26000213623047,119.1500015258789,117.2300033569336,118.98999786376953,81.95706939697266,7896600
2017-12-01,CVX,CVX,119.80999755859375,120.45999908447266,118.5199966430664,119.51000213623047,82.3152084350586,6831800
2017-12-04,CVX,CVX,119.80999755859375,122.30000305175781,119.37000274658203,120.83999633789062,83.23127746582031,7366400
2017-12-05,CVX,CVX,120.54000091552734,121.4000015258789,120.1500015258789,120.38999938964844,82.92134094238281,4380700
2017-12-06,CVX,CVX,119.98999786376953,120.87999725341797,119.5199966430664,119.61000061035156,82.38406372070312,4852500
2017-12-07,CVX,CVX,119.5,120.0999984741211,118.95999908447266,119.62999725341797,82.39787292480469,4908500
2017-12-08,CVX,CVX,119.95999908447266,120.23999786376953,119.0999984741211,119.91999816894531,82.59758758544922,4122200
2017-12-11,CVX,CVX,120.29000091552734,121.11000061035156,120.12000274658203,120.41999816894531,82.94197845458984,5929700
2017-12-12,CVX,CVX,119.80999755859375,120.73999786376953,119.55999755859375,119.68000030517578,82.43229675292969,4300200
2017-12-13,CVX,CVX,119.43000030517578,120.16999816894531,118.68000030517578,119.93000030517578,82.6044921875,4399800
2017-12-14,CVX,CVX,119.80999755859375,120.27999877929688,119.5,119.52999877929688,82.32899475097656,3736900
2017-12-15,CVX,CVX,120.44000244140625,120.47000122070312,119.51000213623047,119.7300033569336,82.46676635742188,11226900
2017-12-18,CVX,CVX,119.91999816894531,121.29000091552734,119.62000274658203,119.69999694824219,82.44608306884766,4654100
2017-12-19,CVX,CVX,120.31999969482422,120.75,119.51000213623047,119.83999633789062,82.54251098632812,4599300
2017-12-20,CVX,CVX,120.27999877929688,121.30000305175781,119.6500015258789,120.88999938964844,83.26573944091797,6286700
2017-12-21,CVX,CVX,121.38999938964844,125.3499984741211,121.06999969482422,124.81999969482422,85.97260284423828,10109000
2017-12-22,CVX,CVX,124.8499984741211,125.6500015258789,124.56999969482422,124.9800033569336,86.08279418945312,4735100
2017-12-26,CVX,CVX,125.2300033569336,126.13999938964844,125.05000305175781,125.9800033569336,86.7715835571289,3348500
2017-12-27,CVX,CVX,125.95999908447266,126.19999694824219,125.12999725341797,125.55000305175781,86.47537994384766,3452300
2017-12-28,CVX,CVX,125.69000244140625,125.88999938964844,125.29000091552734,125.58000183105469,86.49608612060547,2191800
2017-12-29,CVX,CVX,125.36000061035156,125.9800033569336,125.19000244140625,125.19000244140625,86.22745513916016,3829000
2018-01-02,CVX,CVX,125.70999908447266,127.73999786376953,125.54000091552734,127.58000183105469,87.87361145019531,5626000
2018-01-03,CVX,CVX,127.45999908447266,128.94000244140625,126.9000015258789,128.50999450683594,88.51415252685547,5805500
2018-01-04,CVX,CVX,127.94999694824219,128.35000610351562,127.22000122070312,128.11000061035156,88.23865509033203,4598300
2018-01-05,CVX,CVX,127.97000122070312,128.10000610351562,127.0999984741211,127.9000015258789,88.09403228759766,4189200
2018-01-08,CVX,CVX,127.86000061035156,128.6300048828125,127.62999725341797,128.52999877929688,88.52793884277344,4826100
2018-01-09,CVX,CVX,128.42999267578125,128.94000244140625,127.79000091552734,127.83999633789062,88.05266571044922,4422300
2018-01-10,CVX,CVX,128.30999755859375,128.75999450683594,127.80000305175781,128.66000366210938,88.61749267578125,5292200
2018-01-11,CVX,CVX,128.9199981689453,133.32000732421875,128.75999450683594,132.57000732421875,91.31060028076172,11641300
2018-01-12,CVX,CVX,132.19000244140625,133.85000610351562,132.11000061035156,133.60000610351562,92.02000427246094,7232900
2018-01-16,CVX,CVX,133.6699981689453,133.8800048828125,131.60000610351562,132.00999450683594,90.92487335205078,6254200
2018-01-17,CVX,CVX,132.19000244140625,132.8000030517578,130.9600067138672,132.36000061035156,91.16595458984375,5632700
2018-01-18,CVX,CVX,132.35000610351562,132.5,131.02999877929688,131.58999633789062,90.63557434082031,5890000
2018-01-19,CVX,CVX,131.8300018310547,132.0,130.2100067138672,131.3000030517578,90.4358139038086,6048900
2018-01-22,CVX,CVX,131.3000030517578,132.55999755859375,131.27999877929688,132.55999755859375,91.3036880493164,5248800
2018-01-23,CVX,CVX,132.3800048828125,132.55999755859375,130.72999572753906,131.02000427246094,90.24297332763672,5747300
2018-01-24,CVX,CVX,131.3800048828125,132.6699981689453,131.07000732421875,131.38999938964844,90.49783325195312,6868200
2018-01-25,CVX,CVX,131.75999450683594,131.8699951171875,130.33999633789062,130.64999389648438,89.9881362915039,4597200
2018-01-26,CVX,CVX,130.7100067138672,131.75,130.3699951171875,131.19000244140625,90.36006164550781,6310500
2018-01-29,CVX,CVX,130.05999755859375,131.5800018310547,128.32000732421875,128.47999572753906,88.49349212646484,6350700
2018-01-30,CVX,CVX,127.61000061035156,128.00999450683594,125.19000244140625,125.2300033569336,86.25499725341797,8084000
2018-01-31,CVX,CVX,125.41999816894531,125.81999969482422,124.05000305175781,125.3499984741211,86.337646484375,9626800
2018-02-01,CVX,CVX,125.5999984741211,125.62999725341797,124.05999755859375,125.56999969482422,86.48917388916016,7844500
2018-02-02,CVX,CVX,123.94999694824219,123.94999694824219,117.63999938964844,118.58000183105469,81.6746597290039,13182600
2018-02-05,CVX,CVX,116.98999786376953,118.30000305175781,108.0199966430664,112.62000274658203,77.56959533691406,15414700
2018-02-06,CVX,CVX,111.19999694824219,117.62999725341797,110.76000213623047,117.18000030517578,80.71038055419922,18416300
2018-02-07,CVX,CVX,117.4000015258789,119.2699966430664,115.2300033569336,115.29000091552734,79.40856170654297,11535700
2018-02-08,CVX,CVX,115.16999816894531,115.88999938964844,112.20999908447266,112.30000305175781,77.34916687011719,9927500
2018-02-09,CVX,CVX,113.33999633789062,114.62000274658203,109.5,113.5,78.17568969726562,10922400
2018-02-12,CVX,CVX,114.80000305175781,115.8499984741211,112.91000366210938,113.9800033569336,78.50629425048828,8358200
2018-02-13,CVX,CVX,113.33999633789062,113.61000061035156,111.86000061035156,113.29000091552734,78.03105926513672,7065900
2018-02-14,CVX,CVX,112.5,114.05000305175781,111.4000015258789,113.62999725341797,78.26521301269531,7031900
2018-02-15,CVX,CVX,112.86000061035156,113.0199966430664,110.83999633789062,112.52999877929688,78.2791519165039,5405000
2018-02-16,CVX,CVX,112.3499984741211,112.94000244140625,111.20999908447266,112.13999938964844,78.00785064697266,5950400
2018-02-20,CVX,CVX,112.27999877929688,112.76000213623047,110.58000183105469,110.9800033569336,77.200927734375,6810900
2018-02-21,CVX,CVX,111.13999938964844,112.05999755859375,109.05999755859375,109.05999755859375,75.86530303955078,6892300
2018-02-22,CVX,CVX,109.55000305175781,111.44000244140625,108.9000015258789,109.88999938964844,76.44269561767578,8176700
2018-02-23,CVX,CVX,110.45999908447266,112.73999786376953,110.25,112.58999633789062,78.32089233398438,6460200
2018-02-26,CVX,CVX,113.18000030517578,114.66000366210938,112.8499984741211,114.5999984741211,79.7190933227539,7405800
2018-02-27,CVX,CVX,114.87000274658203,116.05000305175781,113.61000061035156,113.61000061035156,79.0304183959961,6059700
2018-02-28,CVX,CVX,115.0199966430664,115.45999908447266,111.87999725341797,111.91999816894531,77.85481262207031,7441000
2018-03-01,CVX,CVX,111.52999877929688,113.9000015258789,110.97000122070312,112.04000091552734,77.93827056884766,7516700
2018-03-02,CVX,CVX,111.5,112.18000030517578,109.83000183105469,111.63999938964844,77.66002655029297,6607300
2018-03-05,CVX,CVX,111.4000015258789,113.33000183105469,111.0199966430664,113.1500015258789,78.7104263305664,7814900
2018-03-06,CVX,CVX,113.8499984741211,115.5199966430664,113.0199966430664,113.6500015258789,79.05825805664062,7957900
2018-03-07,CVX,CVX,112.94999694824219,115.08000183105469,112.62999725341797,113.83999633789062,79.19041442871094,6660000
2018-03-08,CVX,CVX,114.5999984741211,114.75,112.5999984741211,113.3499984741211,78.84956359863281,6095100
2018-03-09,CVX,CVX,114.30999755859375,117.38999938964844,114.23999786376953,117.22000122070312,81.5416488647461,8833300
2018-03-12,CVX,CVX,117.5,118.3499984741211,116.55999755859375,116.79000091552734,81.24253845214844,6877000
2018-03-13,CVX,CVX,117.2300033569336,118.18000030517578,116.0,116.45999908447266,81.01298522949219,6793100
2018-03-14,CVX,CVX,116.9800033569336,117.44999694824219,114.86000061035156,115.12999725341797,80.08778381347656,5051000
2018-03-15,CVX,CVX,115.36000061035156,116.20999908447266,114.75,115.58000183105469,80.40081024169922,4519700
2018-03-16,CVX,CVX,115.4000015258789,116.19000244140625,114.55999755859375,115.4000015258789,80.27561950683594,14909400
2018-03-19,CVX,CVX,115.06999969482422,115.2300033569336,113.22000122070312,113.88999938964844,79.2251968383789,4803500
2018-03-20,CVX,CVX,114.55000305175781,115.69999694824219,114.44000244140625,114.5,79.6495361328125,4587200
2018-03-21,CVX,CVX,114.9800033569336,118.11000061035156,114.80000305175781,117.04000091552734,81.41643524169922,6829600
2018-03-22,CVX,CVX,115.55000305175781,115.73999786376953,113.4800033569336,113.69999694824219,79.09302520751953,6297200
2018-03-23,CVX,CVX,114.37000274658203,115.7699966430664,112.69999694824219,112.9800033569336,78.59217834472656,6227200
2018-03-26,CVX,CVX,114.23999786376953,115.58999633789062,113.25,115.3499984741211,80.24082946777344,6868700
2018-03-27,CVX,CVX,115.75,116.86000061035156,113.9800033569336,114.66000366210938,79.76082611083984,5530800
2018-03-28,CVX,CVX,114.93000030517578,115.26000213623047,112.05999755859375,112.0999984741211,77.98001098632812,6985300
2018-03-29,CVX,CVX,112.29000091552734,114.43000030517578,112.27999877929688,114.04000091552734,79.32955169677734,6627800
2018-04-02,CVX,CVX,113.88999938964844,114.38999938964844,110.54000091552734,112.23999786376953,78.07740783691406,6228600
2018-04-03,CVX,CVX,112.5199966430664,114.9800033569336,112.08999633789062,114.83000183105469,79.87909698486328,6717300
2018-04-04,CVX,CVX,113.05000305175781,114.79000091552734,112.43000030517578,114.4800033569336,79.6356201171875,5727200
2018-04-05,CVX,CVX,114.87999725341797,117.88999938964844,114.69999694824219,117.29000091552734,81.59036254882812,7204900
2018-04-06,CVX,CVX,116.37999725341797,117.01000213623047,113.38999938964844,114.76000213623047,79.83039093017578,7094500
2018-04-09,CVX,CVX,115.30000305175781,117.16999816894531,114.87999725341797,115.9800033569336,80.67904663085938,6933800
2018-04-10,CVX,CVX,117.5999984741211,119.83000183105469,117.5999984741211,118.8499984741211,82.67550659179688,7612800
2018-04-11,CVX,CVX,118.69000244140625,119.37999725341797,117.75,119.25,82.9537582397461,6246800
2018-04-12,CVX,CVX,119.70999908447266,120.66999816894531,118.6500015258789,119.2300033569336,82.93986511230469,6702000
2018-04-13,CVX,CVX,119.5199966430664,120.79000091552734,119.22000122070312,119.91999816894531,83.4198226928711,5508100
2018-04-16,CVX,CVX,120.5999984741211,121.70999908447266,119.7699966430664,120.69999694824219,83.96241760253906,4598000
2018-04-17,CVX,CVX,120.94000244140625,122.0,120.55999755859375,121.45999908447266,84.4911117553711,6488300
2018-04-18,CVX,CVX,122.45999908447266,124.88999938964844,122.4000015258789,123.81999969482422,86.1327896118164,9132500
2018-04-19,CVX,CVX,123.97000122070312,125.0,123.20999908447266,123.70999908447266,86.05628967285156,7159400
2018-04-20,CVX,CVX,123.37999725341797,123.45999908447266,121.45999908447266,122.30999755859375,85.0823974609375,7561200
2018-04-23,CVX,CVX,122.0,123.61000061035156,121.80000305175781,123.58000183105469,85.9658432006836,6113100
2018-04-24,CVX,CVX,124.36000061035156,125.04000091552734,121.75,122.54000091552734,85.24237060546875,7980500
2018-04-25,CVX,CVX,122.33999633789062,122.9000015258789,121.12000274658203,122.72000122070312,85.36760711669922,5331100
2018-04-26,CVX,CVX,122.66999816894531,124.30000305175781,122.30000305175781,124.22000122070312,86.41106414794922,6268400
2018-04-27,CVX,CVX,125.5,127.05000305175781,124.68000030517578,126.62000274658203,88.08055877685547,8836600
2018-04-30,CVX,CVX,127.0199966430664,127.9000015258789,125.05000305175781,125.11000061035156,87.03014373779297,7631600
2018-05-01,CVX,CVX,124.02999877929688,124.91999816894531,123.08000183105469,124.86000061035156,86.85624694824219,7093700
2018-05-02,CVX,CVX,124.19999694824219,126.47000122070312,124.08999633789062,125.48999786376953,87.29450225830078,5909100
2018-05-03,CVX,CVX,124.58999633789062,126.12000274658203,123.83000183105469,126.01000213623047,87.6562271118164,6727700
2018-05-04,CVX,CVX,125.20999908447266,126.83999633789062,124.70999908447266,125.52999877929688,87.32231140136719,5403100
2018-05-07,CVX,CVX,126.58999633789062,128.39999389648438,124.44000244140625,124.94000244140625,86.91191864013672,6999700
2018-05-08,CVX,CVX,124.93000030517578,126.75,123.62999725341797,126.56999969482422,88.04576873779297,8937000
2018-05-09,CVX,CVX,128.4199981689453,130.4199981689453,128.08999633789062,128.72000122070312,89.54139709472656,11442700
2018-05-10,CVX,CVX,129.69000244140625,129.77999877929688,128.38999938964844,128.82000732421875,89.6109619140625,5446000
2018-05-11,CVX,CVX,129.38999938964844,130.75999450683594,128.52000427246094,129.83999633789062,90.3204574584961,8092300
2018-05-14,CVX,CVX,130.25,131.0800018310547,129.8000030517578,130.38999938964844,90.70309448242188,6212400
2018-05-15,CVX,CVX,130.24000549316406,130.27000427246094,129.25,129.74000549316406,90.25090789794922,5201700
2018-05-16,CVX,CVX,129.2899932861328,129.72000122070312,128.3000030517578,129.55999755859375,90.12570190429688,5405100
2018-05-17,CVX,CVX,128.75999450683594,129.57000732421875,128.3800048828125,129.4600067138672,90.8414306640625,5241600
2018-05-18,CVX,CVX,128.9199981689453,129.14999389648438,127.80000305175781,127.86000061035156,89.71874237060547,6385800
2018-05-21,CVX,CVX,128.7899932861328,129.41000366210938,128.27000427246094,129.3699951171875,90.7782974243164,5081200
2018-05-22,CVX,CVX,129.08999633789062,130.38999938964844,128.10000610351562,128.22999572753906,89.97834777832031,5444200
2018-05-23,CVX,CVX,127.08999633789062,128.7899932861328,126.55000305175781,128.6999969482422,90.30815887451172,6017200
2018-05-24,CVX,CVX,127.4000015258789,127.4000015258789,125.8499984741211,126.61000061035156,88.84160614013672,5906200
2018-05-25,CVX,CVX,124.54000091552734,124.76000213623047,121.22000122070312,122.19000244140625,85.74012756347656,8936600
2018-05-29,CVX,CVX,121.0999984741211,122.43000030517578,120.05999755859375,121.38999938964844,85.17875671386719,7385700
2018-05-30,CVX,CVX,122.6500015258789,125.66999816894531,122.33999633789062,125.16000366210938,87.82415771484375,7125300
2018-05-31,CVX,CVX,124.08000183105469,124.81999969482422,123.45999908447266,124.30000305175781,87.22069549560547,7460700
2018-06-01,CVX,CVX,125.48999786376953,125.55000305175781,123.43000030517578,123.8499984741211,86.9049301147461,5749900
2018-06-04,CVX,CVX,124.52999877929688,125.41000366210938,122.16999816894531,122.26000213623047,85.78923797607422,5760500
2018-06-05,CVX,CVX,122.01000213623047,123.70999908447266,121.55000305175781,122.7300033569336,86.11903381347656,5672600
2018-06-06,CVX,CVX,123.12000274658203,123.69000244140625,122.05999755859375,123.37999725341797,86.57513427734375,6213400
2018-06-07,CVX,CVX,124.54000091552734,127.9800033569336,124.41000366210938,126.95999908447266,89.08721160888672,8607200
2018-06-08,CVX,CVX,127.12000274658203,127.37999725341797,125.68000030517578,126.44000244140625,88.72232055664062,5108800
2018-06-11,CVX,CVX,126.7699966430664,128.19000244140625,125.86000061035156,127.55999755859375,89.50821685791016,6085100
2018-06-12,CVX,CVX,127.63999938964844,128.3800048828125,126.33000183105469,127.08000183105469,89.17141723632812,4543000
2018-06-13,CVX,CVX,126.80999755859375,127.81999969482422,126.08999633789062,127.06999969482422,89.16438293457031,6317900
2018-06-14,CVX,CVX,127.37999725341797,127.95999908447266,126.37999725341797,126.51000213623047,88.77144622802734,5056800
2018-06-15,CVX,CVX,127.0999984741211,127.12000274658203,123.83999633789062,124.04000091552734,87.03826141357422,13223800
2018-06-18,CVX,CVX,124.3499984741211,126.9800033569336,124.0999984741211,125.97000122070312,88.39251708984375,7696800
2018-06-19,CVX,CVX,124.31999969482422,125.88999938964844,123.87999725341797,125.54000091552734,88.09078979492188,5947800
2018-06-20,CVX,CVX,126.12000274658203,126.45999908447266,124.30000305175781,125.29000091552734,87.91535949707031,7980700
2018-06-21,CVX,CVX,124.5,124.58999633789062,122.16000366210938,122.58999633789062,86.02079010009766,7290800
2018-06-22,CVX,CVX,125.41000366210938,126.56999969482422,124.81999969482422,125.0999984741211,87.78205108642578,8535200
2018-06-25,CVX,CVX,124.43000030517578,124.63999938964844,121.93000030517578,122.61000061035156,86.03480529785156,5801900
2018-06-26,CVX,CVX,123.02999877929688,124.61000061035156,122.56999969482422,124.16000366210938,87.12245178222656,4592800
2018-06-27,CVX,CVX,125.1500015258789,127.41999816894531,125.05999755859375,126.0,88.41356658935547,6339500
2018-06-28,CVX,CVX,126.54000091552734,126.86000061035156,125.0,125.66000366210938,88.17501068115234,3814800
2018-06-29,CVX,CVX,125.73999786376953,127.7300033569336,125.73999786376953,126.43000030517578,88.71529388427734,5669700
2018-07-02,CVX,CVX,125.27999877929688,125.29000091552734,123.55999755859375,124.25,87.18560791015625,5073500
2018-07-03,CVX,CVX,125.45999908447266,126.69000244140625,124.55000305175781,124.7300033569336,87.52239990234375,3919600
2018-07-05,CVX,CVX,126.11000061035156,126.25,123.81999969482422,123.9800033569336,86.99615478515625,5926900
2018-07-06,CVX,CVX,123.5199966430664,124.5199966430664,123.19000244140625,124.13999938964844,87.1084213256836,4020000
2018-07-09,CVX,CVX,125.0,126.27999877929688,124.69000244140625,125.98999786376953,88.40655517578125,4602200
2018-07-10,CVX,CVX,127.33000183105469,128.50999450683594,126.75,127.58999633789062,89.52926635742188,5092100
2018-07-11,CVX,CVX,126.2300033569336,126.68000030517578,122.97000122070312,123.5199966430664,86.67335510253906,6631800
2018-07-12,CVX,CVX,124.44000244140625,124.94999694824219,123.58999633789062,124.26000213623047,87.19264221191406,3745200
2018-07-13,CVX,CVX,124.19999694824219,124.87999725341797,123.62999725341797,124.04000091552734,87.03826141357422,3352800
2018-07-16,CVX,CVX,123.01000213623047,123.87999725341797,121.87999725341797,122.9800033569336,86.29444885253906,4317800
2018-07-17,CVX,CVX,122.36000061035156,122.95999908447266,121.80000305175781,121.91000366210938,85.54364013671875,4135200
2018-07-18,CVX,CVX,121.23999786376953,121.66999816894531,119.66999816894531,121.52999877929688,85.27700805664062,6061300
2018-07-19,CVX,CVX,121.0999984741211,122.13999938964844,121.01000213623047,121.66999816894531,85.37522888183594,4471400
2018-07-20,CVX,CVX,121.25,122.3499984741211,121.01000213623047,122.2699966430664,85.79624938964844,5394700
2018-07-23,CVX,CVX,122.3499984741211,123.06999969482422,121.16000366210938,121.33000183105469,85.13666534423828,5359400
2018-07-24,CVX,CVX,121.87000274658203,124.16000366210938,121.86000061035156,123.8499984741211,86.9049301147461,4423500
2018-07-25,CVX,CVX,123.62000274658203,125.2300033569336,123.2699966430664,124.9000015258789,87.64171600341797,4278800
2018-07-26,CVX,CVX,124.69999694824219,125.37999725341797,123.80000305175781,123.94999694824219,86.97509765625,5544100
2018-07-27,CVX,CVX,122.79000091552734,127.04000091552734,122.08000183105469,125.97000122070312,88.39251708984375,7580900
2018-07-30,CVX,CVX,126.76000213623047,128.41000366210938,126.22000122070312,127.83000183105469,89.69767761230469,5729300
2018-07-31,CVX,CVX,128.0,128.5500030517578,126.12999725341797,126.2699966430664,88.60304260253906,5894400
2018-08-01,CVX,CVX,125.30999755859375,125.91999816894531,124.75,125.38999938964844,87.98554229736328,4661000
2018-08-02,CVX,CVX,124.44000244140625,124.80999755859375,123.30000305175781,123.76000213623047,86.84178161621094,4639600
2018-08-03,CVX,CVX,124.1500015258789,124.25,123.33000183105469,124.05000305175781,87.04527282714844,5299400
2018-08-06,CVX,CVX,124.41999816894531,124.94000244140625,123.54000091552734,124.30000305175781,87.22069549560547,4455900
2018-08-07,CVX,CVX,125.54000091552734,125.69999694824219,124.75,125.18000030517578,87.83821105957031,4542000
2018-08-08,CVX,CVX,124.5199966430664,124.79000091552734,123.31999969482422,123.87999725341797,86.92597961425781,5957200
2018-08-09,CVX,CVX,123.95999908447266,124.37000274658203,122.26000213623047,122.52999877929688,85.97869110107422,5218300
2018-08-10,CVX,CVX,122.16999816894531,123.5199966430664,121.5,123.33999633789062,86.54708862304688,6128000
2018-08-13,CVX,CVX,123.30999755859375,123.68000030517578,122.26000213623047,122.44000244140625,85.91554260253906,4360000
2018-08-14,CVX,CVX,122.91999816894531,123.6500015258789,122.0,122.58000183105469,86.0137710571289,3622200
2018-08-15,CVX,CVX,121.69999694824219,121.7300033569336,117.43000030517578,117.94000244140625,82.7579116821289,9476700
2018-08-16,CVX,CVX,117.69999694824219,118.30999755859375,117.18000030517578,117.66000366210938,83.35298156738281,5455200
2018-08-17,CVX,CVX,118.1500015258789,118.58000183105469,117.08999633789062,117.80000305175781,83.45217895507812,6112900
2018-08-20,CVX,CVX,118.0,118.31999969482422,117.33000183105469,117.75,83.41674041748047,5403600
2018-08-21,CVX,CVX,118.37999725341797,118.93000030517578,117.79000091552734,117.94000244140625,83.55133819580078,4875800
2018-08-22,CVX,CVX,118.54000091552734,119.45999908447266,118.41999816894531,118.91999816894531,84.24559783935547,3636900
2018-08-23,CVX,CVX,118.38999938964844,118.81999969482422,117.69999694824219,118.0999984741211,83.6646728515625,3962500
2018-08-24,CVX,CVX,118.9000015258789,119.54000091552734,118.72000122070312,119.01000213623047,84.30935668945312,4415400
2018-08-27,CVX,CVX,119.36000061035156,120.4800033569336,119.16999816894531,120.3499984741211,85.25863647460938,3901900
2018-08-28,CVX,CVX,120.5999984741211,121.33999633789062,119.75,119.86000061035156,84.91151428222656,4685700
2018-08-29,CVX,CVX,120.0,120.83000183105469,119.87999725341797,120.22000122070312,85.16654968261719,4101700
2018-08-30,CVX,CVX,120.08000183105469,120.43000030517578,119.55000305175781,119.80999755859375,84.8760986328125,3353000
2018-08-31,CVX,CVX,119.4000015258789,119.4000015258789,118.08999633789062,118.45999908447266,83.91972351074219,5287000
2018-09-04,CVX,CVX,118.93000030517578,119.62999725341797,118.3499984741211,118.87000274658203,84.21017456054688,4590900
2018-09-05,CVX,CVX,118.05999755859375,118.94000244140625,117.26000213623047,118.91999816894531,84.24559783935547,4619400
2018-09-06,CVX,CVX,117.88999938964844,118.51000213623047,115.13999938964844,115.2300033569336,81.63150024414062,8191100
2018-09-07,CVX,CVX,114.5199966430664,115.3499984741211,113.38999938964844,114.5999984741211,81.18519592285156,6637800
2018-09-10,CVX,CVX,115.43000030517578,115.72000122070312,114.37999725341797,114.4800033569336,81.1001968383789,5870900
2018-09-11,CVX,CVX,114.33999633789062,115.73999786376953,113.76000213623047,115.0199966430664,81.48274230957031,5605300
2018-09-12,CVX,CVX,116.41999816894531,117.48999786376953,115.76000213623047,115.79000091552734,82.02824401855469,5067800
2018-09-13,CVX,CVX,116.01000213623047,116.5199966430664,115.08000183105469,116.30000305175781,82.3895492553711,6297700
2018-09-14,CVX,CVX,116.43000030517578,117.61000061035156,116.3499984741211,117.37999725341797,83.15463256835938,4947800
2018-09-17,CVX,CVX,117.61000061035156,118.68000030517578,117.27999877929688,117.51000213623047,83.24671936035156,5560200
2018-09-18,CVX,CVX,118.5,118.9000015258789,117.9800033569336,118.12999725341797,83.6859359741211,4966300
2018-09-19,CVX,CVX,118.33000183105469,120.04000091552734,118.12000274658203,119.51000213623047,84.66357421875,4855300
2018-09-20,CVX,CVX,120.19000244140625,121.31999969482422,119.11000061035156,119.41999816894531,84.59980773925781,5846700
2018-09-21,CVX,CVX,119.91000366210938,121.26000213623047,119.41000366210938,121.12999725341797,85.81121063232422,13703600
2018-09-24,CVX,CVX,121.91000366210938,122.9800033569336,121.56999969482422,122.62000274658203,86.86676025390625,6534100
2018-09-25,CVX,CVX,123.5,124.23999786376953,122.94000244140625,123.37000274658203,87.3980941772461,5396400
2018-09-26,CVX,CVX,122.98999786376953,123.41999816894531,121.73999786376953,121.94999694824219,86.39212799072266,4231400
2018-09-27,CVX,CVX,122.16000366210938,123.0,121.70999908447266,122.47000122070312,86.76048278808594,4533400
2018-09-28,CVX,CVX,121.98999786376953,123.20999908447266,121.76000213623047,122.27999877929688,86.62592315673828,5202900
2018-10-01,CVX,CVX,123.11000061035156,124.87999725341797,123.11000061035156,124.38999938964844,88.12067413330078,5348200
2018-10-02,CVX,CVX,125.06999969482422,125.76000213623047,124.31999969482422,124.73999786376953,88.36862182617188,5445400
2018-10-03,CVX,CVX,125.12999725341797,125.83999633789062,124.77999877929688,125.30999755859375,88.77240753173828,4479500
2018-10-04,CVX,CVX,124.79000091552734,125.58999633789062,124.19000244140625,124.94999694824219,88.51738739013672,4824300
2018-10-05,CVX,CVX,124.93000030517578,125.9000015258789,124.73999786376953,125.33000183105469,88.7865982055664,4318000
2018-10-08,CVX,CVX,124.05000305175781,125.45999908447266,123.83000183105469,124.83999633789062,88.43946075439453,6267700
2018-10-09,CVX,CVX,125.51000213623047,127.44000244140625,125.06999969482422,126.81999969482422,89.84214782714844,6797900
2018-10-10,CVX,CVX,127.2300033569336,127.5999984741211,122.45999908447266,122.5999984741211,86.85259246826172,6504400
2018-10-11,CVX,CVX,122.43000030517578,122.43000030517578,117.54000091552734,118.43000030517578,83.89845275878906,8589900
2018-10-12,CVX,CVX,119.52999877929688,119.68000030517578,116.18000030517578,117.7699966430664,83.43092346191406,7450700
2018-10-15,CVX,CVX,117.69999694824219,118.86000061035156,116.91000366210938,116.94000244140625,82.84294891357422,6047300
2018-10-16,CVX,CVX,117.08999633789062,117.68000030517578,116.33999633789062,117.51000213623047,83.24671936035156,4846100
2018-10-17,CVX,CVX,117.20999908447266,117.69000244140625,116.0199966430664,117.29000091552734,83.09086608886719,6978700
2018-10-18,CVX,CVX,117.41999816894531,118.13999938964844,116.05000305175781,117.47000122070312,83.21837615966797,7391600
2018-10-19,CVX,CVX,117.37000274658203,119.26000213623047,117.37000274658203,118.13999938964844,83.69303894042969,7944400
2018-10-22,CVX,CVX,118.0999984741211,118.48999786376953,116.4800033569336,117.20999908447266,83.03419494628906,5644900
2018-10-23,CVX,CVX,115.72000122070312,115.72000122070312,112.05000305175781,113.4000015258789,80.33512115478516,8095300
2018-10-24,CVX,CVX,113.72000122070312,114.18000030517578,110.06999969482422,110.20999908447266,78.07524108886719,8035200
2018-10-25,CVX,CVX,111.36000061035156,113.4000015258789,110.43000030517578,111.58000183105469,79.0457763671875,5734000
2018-10-26,CVX,CVX,110.62999725341797,112.47000122070312,109.66000366210938,111.52999877929688,79.0103530883789,8035500
2018-10-29,CVX,CVX,112.04000091552734,112.06999969482422,107.54000091552734,108.93000030517578,77.16844940185547,8598300
2018-10-30,CVX,CVX,109.62000274658203,111.1500015258789,108.1500015258789,110.8499984741211,78.52863311767578,7523800
2018-10-31,CVX,CVX,111.70999908447266,112.5,111.05000305175781,111.6500015258789,79.09536743164062,7429800
2018-11-01,CVX,CVX,111.7699966430664,111.98999786376953,110.0999984741211,111.16999816894531,78.75532531738281,10572000
2018-11-02,CVX,CVX,114.8499984741211,117.11000061035156,113.12000274658203,114.7300033569336,81.27730560302734,9890400
2018-11-05,CVX,CVX,116.62000274658203,119.66999816894531,116.5999984741211,118.94000244140625,84.25977325439453,8758700
2018-11-06,CVX,CVX,118.76000213623047,119.43000030517578,117.8499984741211,118.9000015258789,84.2314224243164,5273200
2018-11-07,CVX,CVX,120.0,121.12000274658203,119.0199966430664,120.87000274658203,85.62699890136719,4848800
2018-11-08,CVX,CVX,120.6500015258789,121.87000274658203,118.95999908447266,119.36000061035156,84.55731201171875,9532400
2018-11-09,CVX,CVX,118.22000122070312,120.37000274658203,117.37000274658203,119.51000213623047,84.66357421875,6565700
2018-11-12,CVX,CVX,120.9000015258789,121.37000274658203,117.16999816894531,117.38999938964844,83.16168975830078,10550800
2018-11-13,CVX,CVX,117.30000305175781,117.87999725341797,115.04000091552734,115.3499984741211,81.71652221679688,6846200
2018-11-14,CVX,CVX,116.87999725341797,117.79000091552734,114.94000244140625,115.72000122070312,81.97865295410156,6783500
2018-11-15,CVX,CVX,113.66000366210938,117.08000183105469,112.72000122070312,116.94999694824219,83.65971374511719,7218100
2018-11-16,CVX,CVX,117.5,119.2699966430664,117.2699966430664,119.05999755859375,85.16908264160156,6706900
2018-11-19,CVX,CVX,118.13999938964844,119.4800033569336,117.9000015258789,119.41999816894531,85.42660522460938,5328300
2018-11-20,CVX,CVX,119.23999786376953,119.5,115.04000091552734,116.0999984741211,83.0516586303711,7983500
2018-11-21,CVX,CVX,116.68000030517578,119.19000244140625,116.68000030517578,117.56999969482422,84.10323333740234,5624400
2018-11-23,CVX,CVX,114.69999694824219,115.22000122070312,112.11000061035156,113.5999984741211,81.2633056640625,5577800
2018-11-26,CVX,CVX,114.5999984741211,115.44000244140625,114.0199966430664,114.9800033569336,82.2504653930664,6953000
2018-11-27,CVX,CVX,114.55000305175781,115.66000366210938,114.22000122070312,115.20999908447266,82.41500854492188,6339200
2018-11-28,CVX,CVX,114.9800033569336,118.27999877929688,114.4000015258789,118.13999938964844,84.51094818115234,6841700
2018-11-29,CVX,CVX,117.94999694824219,119.7300033569336,117.73999786376953,118.8499984741211,85.01885986328125,6656900
2018-11-30,CVX,CVX,118.05000305175781,119.20999908447266,117.69999694824219,118.94000244140625,85.083251953125,6712500
2018-12-03,CVX,CVX,120.7699966430664,122.43000030517578,120.05999755859375,120.66999816894531,86.32080841064453,8237600
2018-12-04,CVX,CVX,120.5999984741211,121.08999633789062,117.06999969482422,117.23999786376953,83.86715698242188,8288100
2018-12-06,CVX,CVX,115.33999633789062,116.13999938964844,113.02999877929688,115.91000366210938,82.91576385498047,10715700
2018-12-07,CVX,CVX,117.58999633789062,119.69999694824219,115.19000244140625,115.48999786376953,82.61530303955078,9114400
2018-12-10,CVX,CVX,115.30000305175781,115.95999908447266,111.66999816894531,114.94000244140625,82.22187805175781,7674300
2018-12-11,CVX,CVX,116.26000213623047,116.62000274658203,113.94999694824219,115.47000122070312,82.60099792480469,5929400
2018-12-12,CVX,CVX,117.11000061035156,117.72000122070312,115.56999969482422,115.62000274658203,82.70832824707031,7891400
2018-12-13,CVX,CVX,115.1500015258789,116.31999969482422,114.30999755859375,115.94000244140625,82.93721008300781,7030500
2018-12-14,CVX,CVX,115.01000213623047,115.80999755859375,113.30999755859375,113.83000183105469,81.4278335571289,6195400
2018-12-17,CVX,CVX,113.44000244140625,114.97000122070312,111.86000061035156,112.44999694824219,80.44062042236328,7132400
2018-12-18,CVX,CVX,112.62999725341797,113.23999786376953,108.94999694824219,109.73999786376953,78.50205993652344,9658600
2018-12-19,CVX,CVX,109.91000366210938,111.98999786376953,107.0999984741211,107.83000183105469,77.13573455810547,10472400
2018-12-20,CVX,CVX,106.80999755859375,108.06999969482422,104.19000244140625,104.9800033569336,75.09703063964844,11612800
2018-12-21,CVX,CVX,103.62000274658203,106.94000244140625,102.91000366210938,104.20999908447266,74.54620361328125,19912800
2018-12-24,CVX,CVX,103.30000305175781,104.1500015258789,100.91000366210938,100.98999786376953,72.2427749633789,5619500
2018-12-26,CVX,CVX,101.8499984741211,107.38999938964844,100.22000122070312,107.38999938964844,76.82100677490234,10779400
2018-12-27,CVX,CVX,105.47000122070312,109.33000183105469,104.87999725341797,109.31999969482422,78.20160675048828,10655100
2018-12-28,CVX,CVX,109.6500015258789,110.36000061035156,108.12000274658203,108.6500015258789,77.72233581542969,6445400
2018-12-31,CVX,CVX,109.1500015258789,110.23999786376953,107.86000061035156,108.79000091552734,77.8224868774414,6309600
2019-01-02,CVX,CVX,107.33999633789062,111.68000030517578,107.0999984741211,110.69000244140625,79.18165588378906,6384800
2019-01-03,CVX,CVX,111.05999755859375,111.29000091552734,108.06999969482422,108.56999969482422,77.66510009765625,6496200
2019-01-04,CVX,CVX,110.27999877929688,110.98999786376953,109.47000122070312,110.81999969482422,79.27464294433594,7952500
2019-01-07,CVX,CVX,111.05999755859375,112.93000030517578,109.91999816894531,112.26000213623047,80.30474853515625,5712700
2019-01-08,CVX,CVX,113.4000015258789,113.79000091552734,111.66999816894531,111.7699966430664,79.95421600341797,5674900
2019-01-09,CVX,CVX,112.69000244140625,114.0,112.44999694824219,113.2699966430664,81.02723693847656,7097000
2019-01-10,CVX,CVX,112.51000213623047,113.62999725341797,111.70999908447266,113.44999694824219,81.1559829711914,6078300
2019-01-11,CVX,CVX,113.0,113.05000305175781,111.66999816894531,112.54000091552734,80.5050277709961,4491700
2019-01-14,CVX,CVX,111.33999633789062,112.33999633789062,111.08000183105469,111.72000122070312,79.91844940185547,6121700
2019-01-15,CVX,CVX,111.9800033569336,113.06999969482422,111.51000213623047,112.12000274658203,80.20459747314453,4226100
2019-01-16,CVX,CVX,111.43000030517578,112.31999969482422,111.22000122070312,111.4000015258789,79.68954467773438,5624100
2019-01-17,CVX,CVX,110.75,112.29000091552734,110.16999816894531,111.95999908447266,80.09014129638672,4442700
2019-01-18,CVX,CVX,113.98999786376953,114.6500015258789,113.05999755859375,114.37000274658203,81.81413269042969,9382000
2019-01-22,CVX,CVX,113.12000274658203,113.44999694824219,111.94999694824219,112.33999633789062,80.3619613647461,7242000
2019-01-23,CVX,CVX,112.37999725341797,112.66999816894531,110.41999816894531,111.38999938964844,79.68240356445312,6082300
2019-01-24,CVX,CVX,111.02999877929688,113.81999969482422,110.91000366210938,113.51000213623047,81.19890594482422,8470700
2019-01-25,CVX,CVX,114.05999755859375,114.77999877929688,112.98999786376953,113.22000122070312,80.99146270751953,6261800
2019-01-28,CVX,CVX,111.91000366210938,112.56999969482422,111.06999969482422,112.16999816894531,80.24036407470703,6886600
2019-01-29,CVX,CVX,113.02999877929688,113.3499984741211,111.7699966430664,111.83000183105469,79.99713897705078,5359900
2019-01-30,CVX,CVX,112.52999877929688,113.6500015258789,111.9800033569336,113.01000213623047,80.84123992919922,7941700
2019-01-31,CVX,CVX,113.80000305175781,115.41000366210938,113.37999725341797,114.6500015258789,82.01441955566406,11225600
2019-02-01,CVX,CVX,116.6500015258789,119.25,116.5999984741211,118.37000274658203,84.67552185058594,10934300
2019-02-04,CVX,CVX,117.5,119.75,116.30999755859375,119.73999786376953,85.65550994873047,7987900
2019-02-05,CVX,CVX,119.62000274658203,119.86000061035156,118.69000244140625,119.4800033569336,85.46953582763672,6887400
2019-02-06,CVX,CVX,119.0,119.58999633789062,118.69000244140625,118.87999725341797,85.04033660888672,4990400
2019-02-07,CVX,CVX,118.01000213623047,118.51000213623047,116.51000213623047,118.2300033569336,84.57535552978516,7281900
2019-02-08,CVX,CVX,117.73999786376953,117.88999938964844,115.91999816894531,117.58000183105469,84.11038208007812,5671000
2019-02-11,CVX,CVX,116.93000030517578,117.36000061035156,116.38999938964844,116.94999694824219,83.65971374511719,4859600
2019-02-12,CVX,CVX,118.33000183105469,118.87000274658203,117.61000061035156,118.72000122070312,84.9258804321289,5400700
2019-02-13,CVX,CVX,119.16000366210938,120.38999938964844,118.69999694824219,119.56999969482422,85.5339126586914,5935900
2019-02-14,CVX,CVX,118.37000274658203,119.52999877929688,117.66000366210938,118.16000366210938,85.37496185302734,5406500
2019-02-15,CVX,CVX,119.62000274658203,119.86000061035156,118.58999633789062,119.3499984741211,86.2347640991211,6209800
2019-02-19,CVX,CVX,118.9000015258789,119.86000061035156,118.45999908447266,119.30999755859375,86.20587921142578,4277800
2019-02-20,CVX,CVX,119.30999755859375,120.72000122070312,119.0,120.27999877929688,86.9067153930664,5940600
2019-02-21,CVX,CVX,120.06999969482422,120.31999969482422,118.38999938964844,119.13999938964844,86.0830307006836,5139400
2019-02-22,CVX,CVX,120.27999877929688,120.45999908447266,118.8499984741211,119.38999938964844,86.263671875,4517600
2019-02-25,CVX,CVX,119.41000366210938,120.41999816894531,119.37000274658203,119.62000274658203,86.42986297607422,5196600
2019-02-26,CVX,CVX,119.80999755859375,120.97000122070312,119.68000030517578,119.94000244140625,86.66107177734375,5445600
2019-02-27,CVX,CVX,120.29000091552734,121.29000091552734,119.88999938964844,120.08000183105469,86.76222229003906,5289800
2019-02-28,CVX,CVX,120.0,120.16000366210938,118.48999786376953,119.58000183105469,86.40097045898438,6406500
2019-03-01,CVX,CVX,120.38999938964844,122.04000091552734,120.16999816894531,122.02999877929688,88.17117309570312,7743600
2019-03-04,CVX,CVX,122.66999816894531,122.83999633789062,120.55000305175781,122.12000274658203,88.2362060546875,7499500
2019-03-05,CVX,CVX,121.87000274658203,123.3499984741211,121.58999633789062,123.29000091552734,89.08157348632812,7345200
2019-03-06,CVX,CVX,123.16999816894531,124.69999694824219,122.30000305175781,123.52999877929688,89.2549819946289,7599900
2019-03-07,CVX,CVX,123.41999816894531,123.5,121.69999694824219,121.94000244140625,88.10613250732422,7201100
2019-03-08,CVX,CVX,120.0999984741211,121.93000030517578,119.19999694824219,121.62000274658203,87.87492370605469,7014100
2019-03-11,CVX,CVX,122.87000274658203,124.19999694824219,122.75,123.62000274658203,89.32000732421875,6088600
2019-03-12,CVX,CVX,123.83999633789062,124.95999908447266,123.37999725341797,123.9000015258789,89.52232360839844,6184300
2019-03-13,CVX,CVX,124.5999984741211,124.93000030517578,123.9000015258789,124.66999816894531,90.07866668701172,4707000
2019-03-14,CVX,CVX,124.76000213623047,125.45999908447266,124.4800033569336,124.5999984741211,90.02809143066406,5146400
2019-03-15,CVX,CVX,124.58999633789062,125.41999816894531,124.3499984741211,125.30999755859375,90.54109191894531,10449700
2019-03-18,CVX,CVX,125.20999908447266,126.12999725341797,125.16999816894531,125.87999725341797,90.95294189453125,5586900
2019-03-19,CVX,CVX,126.55999755859375,126.91999816894531,124.73999786376953,125.27999877929688,90.5194091796875,5096800
2019-03-20,CVX,CVX,125.04000091552734,126.33999633789062,124.68000030517578,124.69000244140625,90.0931167602539,6708500
2019-03-21,CVX,CVX,124.87000274658203,125.95999908447266,124.51000213623047,125.86000061035156,90.93849182128906,5050400
2019-03-22,CVX,CVX,124.8499984741211,124.9000015258789,122.69999694824219,123.08999633789062,88.93706512451172,5786800
2019-03-25,CVX,CVX,122.93000030517578,123.3499984741211,122.30999755859375,122.88999938964844,88.79255676269531,3837500
2019-03-26,CVX,CVX,123.7699966430664,124.91000366210938,123.37999725341797,124.12999725341797,89.68850708007812,4079800
2019-03-27,CVX,CVX,123.9800033569336,124.4800033569336,122.0199966430664,122.79000091552734,88.72030639648438,3727800
2019-03-28,CVX,CVX,122.5999984741211,123.16000366210938,122.36000061035156,123.0199966430664,88.88648986816406,4057700
2019-03-29,CVX,CVX,124.27999877929688,124.47000122070312,122.48999786376953,123.18000030517578,89.00210571289062,5318600
2019-04-01,CVX,CVX,123.87000274658203,125.2699966430664,123.44999694824219,124.94000244140625,90.2737808227539,5506300
2019-04-02,CVX,CVX,125.19999694824219,125.44000244140625,124.11000061035156,124.93000030517578,90.26653289794922,4362700
2019-04-03,CVX,CVX,125.22000122070312,125.3499984741211,123.54000091552734,123.88999938964844,89.51509857177734,3595400
2019-04-04,CVX,CVX,124.01000213623047,124.83000183105469,123.55000305175781,124.80000305175781,90.17259216308594,3715400
2019-04-05,CVX,CVX,125.25,126.63999938964844,125.19999694824219,126.41999816894531,91.34310913085938,5551400
2019-04-08,CVX,CVX,126.7699966430664,127.33999633789062,126.2300033569336,126.68000030517578,91.53097534179688,5483100
2019-04-09,CVX,CVX,126.29000091552734,126.29000091552734,125.12000274658203,125.54000091552734,90.707275390625,4143400
2019-04-10,CVX,CVX,126.13999938964844,126.56999969482422,125.12999725341797,125.48999786376953,90.67115783691406,3970000
2019-04-11,CVX,CVX,125.33999633789062,126.26000213623047,124.75,125.98999786376953,91.03242492675781,3248300
2019-04-12,CVX,CVX,121.58000183105469,122.0,119.0,119.76000213623047,86.53101348876953,42693700
2019-04-15,CVX,CVX,120.0199966430664,121.0199966430664,119.33000183105469,120.13999938964844,86.80557250976562,13369100
2019-04-16,CVX,CVX,120.43000030517578,121.31999969482422,120.05999755859375,121.16999816894531,87.54978942871094,11942900
2019-04-17,CVX,CVX,122.19999694824219,122.54000091552734,120.05000305175781,120.2699966430664,86.89952087402344,11898100
2019-04-18,CVX,CVX,120.5199966430664,120.81999969482422,119.0999984741211,119.86000061035156,86.603271484375,9546500
2019-04-22,CVX,CVX,120.77999877929688,122.01000213623047,120.44999694824219,121.9000015258789,88.07721710205078,7946200
2019-04-23,CVX,CVX,121.7300033569336,122.27999877929688,121.3499984741211,122.0199966430664,88.1639404296875,9079200
2019-04-24,CVX,CVX,121.3499984741211,121.43000030517578,118.08999633789062,118.27999877929688,85.46167755126953,22115000
2019-04-25,CVX,CVX,118.05000305175781,118.69999694824219,117.4000015258789,117.9000015258789,85.18708801269531,10636400
2019-04-26,CVX,CVX,118.4000015258789,118.5,115.6500015258789,117.0999984741211,84.60906982421875,11626700
2019-04-29,CVX,CVX,117.01000213623047,118.11000061035156,116.69999694824219,117.72000122070312,85.05702209472656,9404000
2019-04-30,CVX,CVX,121.0999984741211,121.91999816894531,119.6500015258789,120.05999755859375,86.74776458740234,21431500
2019-05-01,CVX,CVX,119.80000305175781,120.13999938964844,117.76000213623047,117.80999755859375,85.12206268310547,10097000
2019-05-02,CVX,CVX,117.27999877929688,118.4800033569336,116.27999877929688,116.37999725341797,84.0888442993164,9495600
2019-05-03,CVX,CVX,117.69000244140625,118.55000305175781,117.11000061035156,117.2699966430664,84.73189544677734,7364900
2019-05-06,CVX,CVX,117.5,119.83999633789062,117.47000122070312,118.4000015258789,85.54837799072266,11035000
2019-05-07,CVX,CVX,117.30000305175781,118.2699966430664,116.5,118.2699966430664,85.4544448852539,9165200
2019-05-08,CVX,CVX,118.37000274658203,118.4800033569336,117.4000015258789,117.5,84.89807891845703,6229000
2019-05-09,CVX,CVX,121.12000274658203,122.31999969482422,119.86000061035156,121.19000244140625,87.56423950195312,16496300
2019-05-10,CVX,CVX,121.16999816894531,122.2699966430664,119.83000183105469,121.98999786376953,88.14227294921875,8787900
2019-05-13,CVX,CVX,121.91000366210938,122.26000213623047,120.01000213623047,120.44000244140625,87.02235412597656,7701200
2019-05-14,CVX,CVX,120.66999816894531,122.25,120.51000213623047,121.63999938964844,87.88939666748047,6858500
2019-05-15,CVX,CVX,121.19999694824219,122.48999786376953,120.87000274658203,122.13999938964844,88.25064849853516,6945000
2019-05-16,CVX,CVX,120.98999786376953,121.55000305175781,120.52999877929688,120.80000305175781,88.1412124633789,8543300
2019-05-17,CVX,CVX,120.05999755859375,121.11000061035156,119.87999725341797,120.5199966430664,87.9369125366211,6870900
2019-05-20,CVX,CVX,120.70999908447266,121.20999908447266,120.54000091552734,120.83999633789062,88.1703872680664,4569700
2019-05-21,CVX,CVX,121.02999877929688,121.94000244140625,120.9000015258789,121.33999633789062,88.53521728515625,4859400
2019-05-22,CVX,CVX,120.9000015258789,121.44000244140625,120.33999633789062,120.56999969482422,87.97338104248047,5763300
2019-05-23,CVX,CVX,118.80999755859375,118.87000274658203,116.86000061035156,117.87000274658203,86.00334167480469,11000200
2019-05-24,CVX,CVX,118.30000305175781,118.93000030517578,117.37999725341797,118.70999908447266,86.6162338256836,4890800
2019-05-28,CVX,CVX,118.87999725341797,119.31999969482422,118.16999816894531,118.30999755859375,86.3243637084961,8145100
2019-05-29,CVX,CVX,117.04000091552734,117.36000061035156,115.81999969482422,116.7699966430664,85.20074462890625,7451300
2019-05-30,CVX,CVX,116.54000091552734,116.73999786376953,114.8499984741211,115.37999725341797,84.18651580810547,5807900
2019-05-31,CVX,CVX,114.22000122070312,115.19999694824219,113.72000122070312,113.8499984741211,83.0701675415039,6899800
2019-06-03,CVX,CVX,114.69999694824219,116.0999984741211,114.47000122070312,115.98999786376953,84.63160705566406,6100800
2019-06-04,CVX,CVX,116.5999984741211,117.68000030517578,116.29000091552734,117.30000305175781,85.58744812011719,5235600
2019-06-05,CVX,CVX,117.87000274658203,118.02999877929688,116.2699966430664,117.6500015258789,85.84283447265625,5105700
2019-06-06,CVX,CVX,118.20999908447266,121.16000366210938,118.11000061035156,120.68000030517578,88.05364227294922,7370100
2019-06-07,CVX,CVX,120.73999786376953,122.12000274658203,120.52999877929688,121.4800033569336,88.63736724853516,5343100
2019-06-10,CVX,CVX,122.19999694824219,122.76000213623047,121.70999908447266,122.29000091552734,89.22838592529297,5708800
2019-06-11,CVX,CVX,123.37000274658203,123.5,121.1500015258789,121.16999816894531,88.41117858886719,5625100
2019-06-12,CVX,CVX,120.37999725341797,120.58000183105469,119.55999755859375,120.19000244140625,87.69613647460938,4000100
2019-06-13,CVX,CVX,121.23999786376953,121.88999938964844,120.45999908447266,120.91000366210938,88.22146606445312,3993300
2019-06-14,CVX,CVX,121.0,121.16000366210938,120.37000274658203,120.80999755859375,88.14850616455078,3366800
2019-06-17,CVX,CVX,120.72000122070312,121.83999633789062,120.37999725341797,121.38999938964844,88.5716781616211,4219100
2019-06-18,CVX,CVX,121.94999694824219,123.87000274658203,121.86000061035156,122.93000030517578,89.69535064697266,4884300
2019-06-19,CVX,CVX,122.51000213623047,123.4800033569336,122.22000122070312,122.88999938964844,89.66619873046875,3847100
2019-06-20,CVX,CVX,124.30999755859375,124.69999694824219,123.5999984741211,124.27999877929688,90.68038177490234,7771700
2019-06-21,CVX,CVX,124.80000305175781,126.19999694824219,124.2300033569336,124.93000030517578,91.15464782714844,14287900
2019-06-24,CVX,CVX,124.54000091552734,125.37999725341797,124.41999816894531,124.91000366210938,91.14004516601562,5542600
2019-06-25,CVX,CVX,124.83999633789062,125.11000061035156,123.48999786376953,123.63999938964844,90.21339416503906,4713300
2019-06-26,CVX,CVX,124.56999969482422,124.87999725341797,123.87999725341797,123.93000030517578,90.42500305175781,5054800
2019-06-27,CVX,CVX,123.91999816894531,124.19999694824219,122.88999938964844,123.11000061035156,89.82669067382812,3551700
2019-06-28,CVX,CVX,123.41000366210938,124.4800033569336,123.12000274658203,124.44000244140625,90.79711151123047,7048300
2019-07-01,CVX,CVX,125.36000061035156,125.83999633789062,124.36000061035156,124.83999633789062,91.08897399902344,5526900
2019-07-02,CVX,CVX,124.55000305175781,124.72000122070312,122.38999938964844,122.93000030517578,89.69535064697266,5747700
2019-07-03,CVX,CVX,122.93000030517578,123.37000274658203,122.33000183105469,123.3499984741211,90.0018081665039,2725800
2019-07-05,CVX,CVX,123.13999938964844,123.73999786376953,122.63999938964844,123.54000091552734,90.14044952392578,3458900
2019-07-08,CVX,CVX,123.66000366210938,124.08999633789062,123.41999816894531,123.5999984741211,90.18421936035156,3505200
2019-07-09,CVX,CVX,123.9000015258789,124.13999938964844,123.06999969482422,123.3499984741211,90.0018081665039,3955600
2019-07-10,CVX,CVX,124.11000061035156,125.62000274658203,124.11000061035156,125.44000244140625,91.52676391601562,4743500
2019-07-11,CVX,CVX,125.68000030517578,125.68000030517578,124.5999984741211,125.43000030517578,91.51946258544922,3548000
2019-07-12,CVX,CVX,125.37999725341797,126.25,125.12999725341797,125.9800033569336,91.9207763671875,3974400
2019-07-15,CVX,CVX,126.05999755859375,126.4000015258789,125.2699966430664,125.72000122070312,91.7310791015625,3739200
2019-07-16,CVX,CVX,125.5,125.77999877929688,124.26000213623047,124.76000213623047,91.03060150146484,4697600
2019-07-17,CVX,CVX,124.66000366210938,125.27999877929688,124.05999755859375,124.13999938964844,90.57823181152344,3874200
2019-07-18,CVX,CVX,124.12000274658203,125.05000305175781,123.36000061035156,124.68000030517578,90.97224426269531,5770700
2019-07-19,CVX,CVX,124.68000030517578,125.41000366210938,124.5999984741211,125.04000091552734,91.23490142822266,4880900
2019-07-22,CVX,CVX,125.37000274658203,125.75,124.47000122070312,125.30999755859375,91.4319076538086,3275800
2019-07-23,CVX,CVX,125.23999786376953,126.22000122070312,124.77999877929688,125.81999969482422,91.80403900146484,4295300
2019-07-24,CVX,CVX,125.87000274658203,126.94000244140625,125.66000366210938,126.54000091552734,92.32938385009766,4796900
2019-07-25,CVX,CVX,127.0,127.0,125.33000183105469,125.62999725341797,91.66539001464844,4586800
2019-07-26,CVX,CVX,125.23999786376953,125.25,123.30000305175781,123.72000122070312,90.27176666259766,6971700
2019-07-29,CVX,CVX,123.4800033569336,124.63999938964844,123.37999725341797,124.2300033569336,90.64389038085938,4377500
2019-07-30,CVX,CVX,124.0999984741211,124.75,123.37999725341797,124.33999633789062,90.72416687011719,3871700
2019-07-31,CVX,CVX,123.70999908447266,124.69000244140625,122.4800033569336,123.11000061035156,89.82669067382812,7199500
2019-08-01,CVX,CVX,122.0,123.75,120.30999755859375,120.73999786376953,88.097412109375,7928400
2019-08-02,CVX,CVX,121.77999877929688,122.54000091552734,117.83000183105469,120.7300033569336,88.09013366699219,9026200
2019-08-05,CVX,CVX,119.19000244140625,120.55000305175781,117.44999694824219,118.73999786376953,86.63812255859375,8620300
2019-08-06,CVX,CVX,118.72000122070312,119.52999877929688,117.6500015258789,119.37999725341797,87.10511016845703,6788000
2019-08-07,CVX,CVX,117.55000305175781,119.80000305175781,116.94999694824219,119.0999984741211,86.90080261230469,6853700
2019-08-08,CVX,CVX,119.48999786376953,123.33000183105469,119.41999816894531,123.2300033569336,89.91423034667969,8868100
2019-08-09,CVX,CVX,123.11000061035156,123.88999938964844,121.88999938964844,122.41999816894531,89.3232421875,5051700
2019-08-12,CVX,CVX,123.01000213623047,123.13999938964844,120.91000366210938,121.55000305175781,88.68846130371094,3936500
2019-08-13,CVX,CVX,121.01000213623047,122.69999694824219,120.30000305175781,122.38999938964844,89.30135345458984,5806400
2019-08-14,CVX,CVX,120.0199966430664,120.58999633789062,117.68000030517578,117.73999786376953,85.90849304199219,7175600
2019-08-15,CVX,CVX,117.23999786376953,117.83999633789062,115.45999908447266,116.94999694824219,85.3320541381836,6272600
2019-08-16,CVX,CVX,116.4000015258789,116.6500015258789,115.36000061035156,115.80999755859375,85.36894226074219,6239100
2019-08-19,CVX,CVX,117.12999725341797,117.81999969482422,116.95999908447266,117.30999755859375,86.4746322631836,6443700
2019-08-20,CVX,CVX,117.12999725341797,117.19000244140625,115.66000366210938,116.12999725341797,85.60481262207031,5150900
2019-08-21,CVX,CVX,117.79000091552734,118.22000122070312,117.33000183105469,117.87999725341797,86.89483642578125,4578400
2019-08-22,CVX,CVX,118.66000366210938,118.73999786376953,117.44999694824219,117.7300033569336,86.78424072265625,4362100
2019-08-23,CVX,CVX,116.4800033569336,118.05999755859375,114.3499984741211,115.18000030517578,84.90452575683594,7653400
2019-08-26,CVX,CVX,115.91999816894531,116.22000122070312,115.19000244140625,115.73999786376953,85.31731414794922,3966400
2019-08-27,CVX,CVX,116.2699966430664,117.02999877929688,115.04000091552734,115.83000183105469,85.38367462158203,4237100
2019-08-28,CVX,CVX,116.41000366210938,117.19999694824219,115.87999725341797,116.83000183105469,86.12081909179688,4153500
2019-08-29,CVX,CVX,117.19000244140625,117.83999633789062,116.58000183105469,117.5199966430664,86.62944030761719,4467300
2019-08-30,CVX,CVX,117.9800033569336,118.9800033569336,117.2300033569336,117.72000122070312,86.77686309814453,4881100
2019-09-03,CVX,CVX,115.7699966430664,116.33000183105469,114.55000305175781,116.2699966430664,85.70800018310547,5672500
2019-09-04,CVX,CVX,117.4800033569336,118.54000091552734,117.16999816894531,117.25,86.430419921875,4595600
2019-09-05,CVX,CVX,118.01000213623047,119.06999969482422,117.26000213623047,117.63999938964844,86.71790313720703,5394300
2019-09-06,CVX,CVX,117.5,118.44000244140625,117.38999938964844,118.26000213623047,87.17493438720703,4578200
2019-09-09,CVX,CVX,118.73999786376953,119.62999725341797,118.58000183105469,119.38999938964844,88.0079116821289,5048000
2019-09-10,CVX,CVX,120.2300033569336,123.29000091552734,119.91000366210938,121.8499984741211,89.82128143310547,8728800
2019-09-11,CVX,CVX,122.20999908447266,122.9800033569336,120.37000274658203,121.27999877929688,89.40111541748047,5509500
2019-09-12,CVX,CVX,120.04000091552734,122.18000030517578,119.55999755859375,121.41999816894531,89.50431060791016,5818300
2019-09-13,CVX,CVX,122.25,122.31999969482422,121.23999786376953,121.5,89.56330108642578,4885400
2019-09-16,CVX,CVX,124.86000061035156,125.2699966430664,122.97000122070312,124.12000274658203,91.49463653564453,10683900
2019-09-17,CVX,CVX,124.12000274658203,124.62000274658203,122.55999755859375,123.88999938964844,91.32508087158203,7246500
2019-09-18,CVX,CVX,123.55000305175781,124.20999908447266,123.0199966430664,124.18000030517578,91.53884887695312,4801500
2019-09-19,CVX,CVX,124.7699966430664,124.97000122070312,123.41999816894531,123.66000366210938,91.155517578125,4034500
2019-09-20,CVX,CVX,124.0,124.81999969482422,123.66999816894531,124.31999969482422,91.64205169677734,10420700
2019-09-23,CVX,CVX,123.55000305175781,125.0,123.55000305175781,124.9000015258789,92.06958770751953,4705500
2019-09-24,CVX,CVX,124.66999816894531,124.72000122070312,123.22000122070312,123.73999786376953,91.21450805664062,6232100
2019-09-25,CVX,CVX,123.4800033569336,124.1500015258789,122.91000366210938,123.51000213623047,91.0449447631836,3762500
2019-09-26,CVX,CVX,123.26000213623047,123.5,120.05000305175781,120.16000366210938,88.57552337646484,7834400
2019-09-27,CVX,CVX,119.51000213623047,120.25,118.44999694824219,118.5999984741211,87.42554473876953,6850700
2019-09-30,CVX,CVX,118.54000091552734,119.41999816894531,118.41000366210938,118.5999984741211,87.42554473876953,6108300
2019-10-01,CVX,CVX,119.2699966430664,119.45999908447266,115.87999725341797,116.01000213623047,85.51634979248047,7116600
2019-10-02,CVX,CVX,115.05999755859375,115.11000061035156,111.62000274658203,112.29000091552734,82.77417755126953,9702400
2019-10-03,CVX,CVX,112.05999755859375,113.19000244140625,110.41999816894531,113.1500015258789,83.40811157226562,5315300
2019-10-04,CVX,CVX,113.5999984741211,114.0,112.55000305175781,113.8499984741211,83.92411804199219,4757300
2019-10-07,CVX,CVX,113.95999908447266,114.75,113.2300033569336,113.26000213623047,83.48921966552734,4694000
2019-10-08,CVX,CVX,112.11000061035156,112.75,111.61000061035156,111.70999908447266,82.34663391113281,5323900
2019-10-09,CVX,CVX,112.58999633789062,114.51000213623047,112.30000305175781,113.13999938964844,83.40074157714844,4601700
2019-10-10,CVX,CVX,113.52999877929688,114.79000091552734,113.30000305175781,114.58999633789062,84.46961212158203,3555500
2019-10-11,CVX,CVX,115.69000244140625,117.02999877929688,115.36000061035156,116.1500015258789,85.61956024169922,5134200
2019-10-14,CVX,CVX,115.58000183105469,116.38999938964844,115.44999694824219,116.18000030517578,85.6417007446289,2571300
2019-10-15,CVX,CVX,115.8499984741211,117.62000274658203,115.80000305175781,116.30999755859375,85.73748779296875,3742700
2019-10-16,CVX,CVX,116.2300033569336,116.66000366210938,115.08000183105469,115.11000061035156,84.85292053222656,3608900
2019-10-17,CVX,CVX,115.61000061035156,116.05999755859375,114.91999816894531,115.3499984741211,85.02983093261719,3722400
2019-10-18,CVX,CVX,115.13999938964844,115.58000183105469,114.73999786376953,114.73999786376953,84.58018493652344,5679900
2019-10-21,CVX,CVX,115.55000305175781,116.75,115.55000305175781,116.61000061035156,85.9586410522461,3926300
2019-10-22,CVX,CVX,116.62999725341797,118.55999755859375,116.48999786376953,117.80000305175781,86.83586883544922,4095000
2019-10-23,CVX,CVX,117.4000015258789,118.0199966430664,116.77999877929688,117.9800033569336,86.96853637695312,4148500
2019-10-24,CVX,CVX,118.47000122070312,118.80999755859375,117.30999755859375,117.58000183105469,86.67366790771484,3873900
2019-10-25,CVX,CVX,117.7699966430664,118.8499984741211,117.69000244140625,118.66999816894531,87.47716522216797,3369100
2019-10-28,CVX,CVX,119.08000183105469,119.51000213623047,117.63999938964844,118.4800033569336,87.33711242675781,5076300
2019-10-29,CVX,CVX,117.97000122070312,119.06999969482422,117.69000244140625,118.12999725341797,87.0791015625,4548400
2019-10-30,CVX,CVX,118.18000030517578,118.18000030517578,115.5199966430664,116.36000061035156,85.77437591552734,4690900
2019-10-31,CVX,CVX,115.86000061035156,116.36000061035156,115.31999969482422,116.13999938964844,85.61217498779297,7177700
2019-11-01,CVX,CVX,115.48999786376953,116.62000274658203,114.0199966430664,116.20999908447266,85.66378021240234,7684700
2019-11-04,CVX,CVX,117.2300033569336,121.87000274658203,117.0199966430664,121.56999969482422,89.61489868164062,10348800
2019-11-05,CVX,CVX,121.2300033569336,122.44999694824219,120.72000122070312,121.94000244140625,89.88763427734375,6971200
2019-11-06,CVX,CVX,121.94000244140625,122.13999938964844,119.80000305175781,119.9000015258789,88.38384246826172,6104700
2019-11-07,CVX,CVX,121.12999725341797,122.0,120.31999969482422,121.88999938964844,89.85077667236328,5440700
2019-11-08,CVX,CVX,120.97000122070312,121.19999694824219,120.16000366210938,120.93000030517578,89.14311981201172,4249800
2019-11-11,CVX,CVX,120.19999694824219,121.38999938964844,120.01000213623047,120.80999755859375,89.05464935302734,3870800
2019-11-12,CVX,CVX,121.29000091552734,122.05000305175781,120.4800033569336,120.95999908447266,89.16524505615234,4503600
2019-11-13,CVX,CVX,120.45999908447266,122.41000366210938,120.37000274658203,122.27999877929688,90.13829040527344,5076400
2019-11-14,CVX,CVX,121.8499984741211,122.94000244140625,121.4000015258789,121.95999908447266,89.90238189697266,4882800
2019-11-15,CVX,CVX,121.22000122070312,121.38999938964844,120.11000061035156,120.63999938964844,89.80558776855469,5589600
2019-11-18,CVX,CVX,119.81999969482422,120.0,118.13999938964844,118.55000305175781,88.24980163574219,4885300
2019-11-19,CVX,CVX,118.5,118.80000305175781,116.08000183105469,116.44999694824219,86.68651580810547,8723000
2019-11-20,CVX,CVX,116.41000366210938,118.08000183105469,116.12000274658203,117.33999633789062,87.34906005859375,5903100
2019-11-21,CVX,CVX,117.61000061035156,118.94999694824219,117.19999694824219,118.7699966430664,88.41355895996094,5810900
2019-11-22,CVX,CVX,119.05999755859375,119.69999694824219,118.5999984741211,118.62999725341797,88.3093490600586,4786800
2019-11-25,CVX,CVX,118.43000030517578,119.22000122070312,117.9800033569336,118.37999725341797,88.12323760986328,7390000
2019-11-26,CVX,CVX,118.33999633789062,118.55999755859375,117.19999694824219,117.79000091552734,87.68403625488281,10053100
2019-11-27,CVX,CVX,117.98999786376953,118.61000061035156,117.62000274658203,118.06999969482422,87.89249420166016,4106100
2019-11-29,CVX,CVX,117.27999877929688,117.81999969482422,116.87999725341797,117.12999725341797,87.1927261352539,3271000
2019-12-02,CVX,CVX,117.9800033569336,118.06999969482422,116.72000122070312,116.80000305175781,86.94708251953125,5195200
2019-12-03,CVX,CVX,116.19999694824219,116.69999694824219,115.69999694824219,115.88999938964844,86.26964569091797,6135800
2019-12-04,CVX,CVX,116.63999938964844,117.30000305175781,116.43000030517578,116.94000244140625,87.05130767822266,5706700
2019-12-05,CVX,CVX,117.62000274658203,117.73999786376953,116.19000244140625,116.33000183105469,86.59720611572266,5517500
2019-12-06,CVX,CVX,117.08999633789062,119.29000091552734,116.9800033569336,118.01000213623047,87.84782409667969,6735300
2019-12-09,CVX,CVX,116.5199966430664,117.88999938964844,116.44000244140625,117.30000305175781,87.31927490234375,4736100
2019-12-10,CVX,CVX,118.02999877929688,118.08999633789062,117.05000305175781,117.88999938964844,87.75846862792969,4886800
2019-12-11,CVX,CVX,117.08999633789062,117.66000366210938,116.12999725341797,116.2300033569336,86.52275848388672,7039600
2019-12-12,CVX,CVX,116.58999633789062,118.88999938964844,116.58999633789062,118.80999755859375,88.44332122802734,6462000
2019-12-13,CVX,CVX,119.05000305175781,119.54000091552734,117.9000015258789,117.95999908447266,87.81056213378906,4863400
2019-12-16,CVX,CVX,118.86000061035156,119.47000122070312,118.61000061035156,119.36000061035156,88.8527603149414,5619300
2019-12-17,CVX,CVX,119.58999633789062,119.88999938964844,118.33000183105469,118.5999984741211,88.2869873046875,6755500
2019-12-18,CVX,CVX,118.68000030517578,119.63999938964844,118.5199966430664,118.55000305175781,88.24980163574219,7496700
2019-12-19,CVX,CVX,118.56999969482422,118.73999786376953,117.86000061035156,118.12999725341797,87.93712615966797,6220300
2019-12-20,CVX,CVX,119.4000015258789,119.94000244140625,118.08999633789062,119.68000030517578,89.09098815917969,12171100
2019-12-23,CVX,CVX,119.30999755859375,120.4000015258789,119.1500015258789,120.33000183105469,89.57484436035156,5875000
2019-12-24,CVX,CVX,120.43000030517578,120.77999877929688,120.08999633789062,120.33999633789062,89.58228302001953,1640100
2019-12-26,CVX,CVX,120.66999816894531,121.41999816894531,120.33999633789062,120.5999984741211,89.77584075927734,3648600
2019-12-27,CVX,CVX,120.88999938964844,121.29000091552734,120.23999786376953,120.30000305175781,89.55249786376953,4138300
2019-12-30,CVX,CVX,120.44000244140625,121.33999633789062,119.80999755859375,119.8499984741211,89.2175064086914,4580200
2019-12-31,CVX,CVX,119.5,120.62999725341797,119.25,120.51000213623047,89.70880889892578,4215700
2020-01-02,CVX,CVX,120.80999755859375,121.62999725341797,120.7699966430664,121.43000030517578,90.39368438720703,5205000
2020-01-03,CVX,CVX,121.77999877929688,122.72000122070312,120.73999786376953,121.01000213623047,90.0810317993164,6360900
2020-01-06,CVX,CVX,121.23999786376953,121.66999816894531,120.33000183105469,120.5999984741211,89.77584075927734,9953000
2020-01-07,CVX,CVX,119.0199966430664,119.7300033569336,117.7699966430664,119.05999755859375,88.62942504882812,7856900
2020-01-08,CVX,CVX,118.55000305175781,119.08999633789062,117.6500015258789,117.69999694824219,87.61702728271484,7295900
2020-01-09,CVX,CVX,117.58999633789062,117.91999816894531,116.18000030517578,117.51000213623047,87.4755859375,7345300
2020-01-10,CVX,CVX,117.5199966430664,117.69000244140625,116.4000015258789,116.44000244140625,86.67909240722656,6393800
2020-01-13,CVX,CVX,116.47000122070312,116.91000366210938,116.08000183105469,116.66000366210938,86.84284210205078,6846700
2020-01-14,CVX,CVX,116.5,116.87999725341797,115.70999908447266,116.30000305175781,86.57487487792969,7189100
2020-01-15,CVX,CVX,116.30000305175781,116.41000366210938,115.6500015258789,116.12999725341797,86.44831085205078,5808800
2020-01-16,CVX,CVX,116.55999755859375,117.27999877929688,116.44999694824219,116.88999938964844,87.0140609741211,7022000
2020-01-17,CVX,CVX,117.01000213623047,117.29000091552734,115.5199966430664,115.58000183105469,86.03887939453125,7885900
2020-01-21,CVX,CVX,115.0999984741211,115.1500015258789,113.16999816894531,113.30999755859375,84.34908294677734,8470300
2020-01-22,CVX,CVX,113.0999984741211,113.52999877929688,112.45999908447266,112.9000015258789,84.04387664794922,5589900
2020-01-23,CVX,CVX,112.4000015258789,113.48999786376953,111.86000061035156,113.0999984741211,84.1927490234375,8007800
2020-01-24,CVX,CVX,112.79000091552734,112.9800033569336,111.33999633789062,111.8499984741211,83.26222229003906,6920000
2020-01-27,CVX,CVX,110.25,110.83000183105469,109.9800033569336,110.38999938964844,82.17538452148438,7609800
2020-01-28,CVX,CVX,110.9800033569336,111.62000274658203,110.7699966430664,111.12000274658203,82.71881103515625,5771900
2020-01-29,CVX,CVX,111.44999694824219,111.83999633789062,110.18000030517578,110.37000274658203,82.16051483154297,4772800
2020-01-30,CVX,CVX,109.80999755859375,111.58000183105469,109.05999755859375,111.4000015258789,82.92724609375,8382700
2020-01-31,CVX,CVX,109.80999755859375,110.0,106.4000015258789,107.13999938964844,79.75607299804688,13699600
2020-02-03,CVX,CVX,106.94999694824219,107.25,105.4000015258789,106.27999877929688,79.1158676147461,8785500
2020-02-04,CVX,CVX,107.68000030517578,108.33999633789062,106.5999984741211,106.8499984741211,79.54019927978516,9909000
2020-02-05,CVX,CVX,108.2699966430664,110.6500015258789,108.11000061035156,110.27999877929688,82.09351348876953,6914100
2020-02-06,CVX,CVX,110.62999725341797,110.66999816894531,109.11000061035156,109.48999786376953,81.50541687011719,6274000
2020-02-07,CVX,CVX,108.93000030517578,109.44000244140625,108.47000122070312,108.94000244140625,81.09601593017578,4830100
2020-02-10,CVX,CVX,108.54000091552734,109.80000305175781,108.31999969482422,109.79000091552734,81.72875213623047,6011800
2020-02-11,CVX,CVX,110.77999877929688,111.37000274658203,110.05999755859375,111.20999908447266,82.78584289550781,6072700
2020-02-12,CVX,CVX,112.51000213623047,112.5999984741211,111.61000061035156,112.04000091552734,83.4036636352539,5725700
2020-02-13,CVX,CVX,111.37000274658203,112.33000183105469,111.2300033569336,111.66000366210938,83.12079620361328,5991900
2020-02-14,CVX,CVX,110.83999633789062,110.97000122070312,109.58000183105469,110.08000183105469,82.90241241455078,5148700
2020-02-18,CVX,CVX,109.0,110.2699966430664,108.83000183105469,110.23999786376953,83.02290344238281,4975800
2020-02-19,CVX,CVX,110.5199966430664,111.0999984741211,109.88999938964844,110.73999786376953,83.3994369506836,5887500
2020-02-20,CVX,CVX,110.77999877929688,111.06999969482422,109.69999694824219,109.80999755859375,82.69905090332031,4466600
2020-02-21,CVX,CVX,108.98999786376953,109.19000244140625,107.6500015258789,109.01000213623047,82.0965805053711,6443900
2020-02-24,CVX,CVX,105.70999908447266,106.95999908447266,104.41999816894531,104.70999908447266,78.85819244384766,9539800
2020-02-25,CVX,CVX,104.80000305175781,104.91999816894531,100.0,100.70999908447266,75.84577178955078,12871900
2020-02-26,CVX,CVX,100.86000061035156,101.61000061035156,98.0,98.04000091552734,73.83494567871094,11990400
2020-02-27,CVX,CVX,95.94999694824219,98.19999694824219,94.08000183105469,94.12999725341797,70.8902587890625,15783700
2020-02-28,CVX,CVX,90.62999725341797,93.44000244140625,90.11000061035156,93.33999633789062,70.29532623291016,20835100
2020-03-02,CVX,CVX,94.0199966430664,96.68000030517578,92.20999908447266,96.58999633789062,72.74292755126953,15050800
2020-03-03,CVX,CVX,96.79000091552734,98.4800033569336,93.37000274658203,94.38999938964844,71.08609771728516,16525500
2020-03-04,CVX,CVX,96.37000274658203,99.0199966430664,95.66999816894531,98.52999877929688,74.2039566040039,14753000
2020-03-05,CVX,CVX,95.70999908447266,97.38999938964844,94.94000244140625,97.19000244140625,73.19481658935547,12814400
2020-03-06,CVX,CVX,93.91999816894531,96.05999755859375,93.41999816894531,95.31999969482422,71.78650665283203,16861900
2020-03-09,CVX,CVX,82.2300033569336,88.01000213623047,80.0,80.66999816894531,60.7534065246582,30595500
2020-03-10,CVX,CVX,86.23999786376953,86.30000305175781,81.04000091552734,84.9800033569336,63.99933624267578,22642900
2020-03-11,CVX,CVX,82.2300033569336,84.83999633789062,81.75,83.02999877929688,62.53074645996094,18412800
2020-03-12,CVX,CVX,77.2300033569336,78.12999725341797,72.86000061035156,76.26000213623047,57.43219757080078,25768200
2020-03-13,CVX,CVX,79.9800033569336,83.5,74.11000061035156,83.41999816894531,62.82447814941406,23497500
2020-03-16,CVX,CVX,72.56999969482422,78.48999786376953,69.69000244140625,69.69999694824219,52.49179458618164,17535300
2020-03-17,CVX,CVX,70.4000015258789,72.9800033569336,65.48999786376953,70.69000244140625,53.23737716674805,22684200
2020-03-18,CVX,CVX,66.20999908447266,66.2300033569336,54.56999969482422,55.04999923706055,41.45872497558594,24947300
2020-03-19,CVX,CVX,55.2599983215332,58.4900016784668,51.599998474121094,57.38999938964844,43.221004486083984,29871000
2020-03-20,CVX,CVX,59.529998779296875,60.650001525878906,56.36000061035156,59.38999938964844,44.72722244262695,26960400
2020-03-23,CVX,CVX,58.2599983215332,59.400001525878906,52.970001220703125,54.220001220703125,40.83365249633789,23764000
2020-03-24,CVX,CVX,61.47999954223633,67.6500015258789,60.31999969482422,66.55000305175781,50.1194953918457,29198800
2020-03-25,CVX,CVX,68.29000091552734,73.13999938964844,66.63999938964844,69.2699966430664,52.16797637939453,22560100
2020-03-26,CVX,CVX,70.30000305175781,77.0999984741211,67.88999938964844,76.37999725341797,57.522586822509766,24129100
2020-03-27,CVX,CVX,72.12000274658203,73.54000091552734,68.5,68.77999877929688,51.79894256591797,20411500
2020-03-30,CVX,CVX,68.01000213623047,72.93000030517578,67.0199966430664,71.94999694824219,54.18628692626953,18486800
2020-03-31,CVX,CVX,73.2699966430664,75.04000091552734,70.80999755859375,72.45999908447266,54.57037353515625,18514200
2020-04-01,CVX,CVX,69.51000213623047,72.29000091552734,67.61000061035156,68.55999755859375,51.63323974609375,14362000
2020-04-02,CVX,CVX,71.75,78.69999694824219,69.58000183105469,76.12000274658203,57.3267822265625,23220600
2020-04-03,CVX,CVX,78.0,78.98999786376953,73.02999877929688,75.11000061035156,56.566131591796875,14905400
2020-04-06,CVX,CVX,77.0,80.94999694824219,75.51000213623047,80.38999938964844,60.54255676269531,17334900
2020-04-07,CVX,CVX,84.26000213623047,85.69000244140625,80.8499984741211,80.91999816894531,60.941688537597656,16394800
2020-04-08,CVX,CVX,82.29000091552734,86.30000305175781,81.5199966430664,85.9800033569336,64.75243377685547,12284800
2020-04-09,CVX,CVX,88.73999786376953,89.91000366210938,81.5199966430664,84.30999755859375,63.49473571777344,17023800
2020-04-13,CVX,CVX,87.18000030517578,87.36000061035156,83.4000015258789,84.91000366210938,63.94660949707031,13854700
2020-04-14,CVX,CVX,85.45999908447266,87.08000183105469,84.33000183105469,84.61000061035156,63.72067642211914,14797600
2020-04-15,CVX,CVX,80.45999908447266,83.37999725341797,79.31999969482422,82.48999786376953,62.12407684326172,13982300
2020-04-16,CVX,CVX,81.30999755859375,82.19000244140625,78.80999755859375,79.98999786376953,60.241302490234375,12291900
2020-04-17,CVX,CVX,81.33000183105469,87.5,81.31999969482422,87.16999816894531,65.64864349365234,16130100
2020-04-20,CVX,CVX,82.66000366210938,87.0,82.08999633789062,83.56999969482422,62.937435150146484,15749000
2020-04-21,CVX,CVX,80.27999877929688,83.79000091552734,79.25,81.63999938964844,61.48393249511719,19620600
2020-04-22,CVX,CVX,84.94999694824219,85.25,82.97000122070312,84.44000244140625,63.592655181884766,10320700
2020-04-23,CVX,CVX,86.30000305175781,88.77999877929688,85.38999938964844,86.80000305175781,65.37000274658203,14226500
2020-04-24,CVX,CVX,88.4800033569336,88.79000091552734,85.7699966430664,87.01000213623047,65.52814483642578,9175500
2020-04-27,CVX,CVX,86.75,90.62000274658203,85.87000274658203,89.70999908447266,67.5615463256836,12037100
2020-04-28,CVX,CVX,89.55000305175781,90.95999908447266,88.83000183105469,89.91000366210938,67.71215057373047,10645200
2020-04-29,CVX,CVX,92.4800033569336,95.13999938964844,92.29000091552734,94.62000274658203,71.2593002319336,12342800
2020-04-30,CVX,CVX,93.72000122070312,95.73999786376953,90.58000183105469,92.0,69.28616333007812,12222000
2020-05-01,CVX,CVX,91.51000213623047,92.05000305175781,87.04000091552734,89.44000244140625,67.35819244384766,13250100
2020-05-04,CVX,CVX,88.76000213623047,91.62000274658203,87.69000244140625,91.44000244140625,68.8644027709961,11192400
2020-05-05,CVX,CVX,94.5,95.30000305175781,92.68000030517578,92.88999938964844,69.95642852783203,13608700
2020-05-06,CVX,CVX,92.8499984741211,93.45999908447266,89.7699966430664,90.05000305175781,67.81758880615234,11145900
2020-05-07,CVX,CVX,92.9800033569336,94.05999755859375,91.91000366210938,92.63999938964844,69.7681655883789,9749600
2020-05-08,CVX,CVX,95.0,95.55999755859375,94.06999969482422,95.47000122070312,71.89946746826172,8585900
2020-05-11,CVX,CVX,94.20999908447266,94.5999984741211,93.18000030517578,93.37000274658203,70.31793212890625,7101000
2020-05-12,CVX,CVX,93.12999725341797,94.02999877929688,91.0,91.0999984741211,68.6083755493164,8749100
2020-05-13,CVX,CVX,89.9000015258789,90.0,87.31999969482422,88.69999694824219,66.80088806152344,12215100
2020-05-14,CVX,CVX,87.29000091552734,90.93000030517578,86.0199966430664,90.05000305175781,67.81758880615234,10678200
2020-05-15,CVX,CVX,90.6500015258789,92.05999755859375,88.83000183105469,89.16000366210938,67.1473388671875,10113000
2020-05-18,CVX,CVX,92.4000015258789,93.4000015258789,91.45999908447266,92.55000305175781,70.7236328125,12304300
2020-05-19,CVX,CVX,92.52999877929688,92.62999725341797,89.52999877929688,89.62000274658203,68.484619140625,7749300
2020-05-20,CVX,CVX,91.0,93.47000122070312,90.18000030517578,93.0,71.0675048828125,9160000
2020-05-21,CVX,CVX,92.7699966430664,93.37000274658203,91.27999877929688,92.04000091552734,70.33390045166016,8830900
2020-05-22,CVX,CVX,91.44999694824219,91.5999984741211,89.47000122070312,90.27999877929688,68.98896789550781,8563100
2020-05-26,CVX,CVX,92.48999786376953,94.33999633789062,92.02999877929688,93.30000305175781,71.2967529296875,9430000
2020-05-27,CVX,CVX,94.68000030517578,94.69000244140625,92.11000061035156,93.9000015258789,71.75525665283203,7822600
2020-05-28,CVX,CVX,93.61000061035156,93.9000015258789,90.79000091552734,90.87000274658203,69.4398422241211,9633300
2020-05-29,CVX,CVX,90.19000244140625,91.88999938964844,89.26000213623047,91.69999694824219,70.07408142089844,17010000
2020-06-01,CVX,CVX,90.94000244140625,93.8499984741211,90.11000061035156,92.79000091552734,70.90705108642578,7344000
2020-06-02,CVX,CVX,93.77999877929688,95.22000122070312,93.29000091552734,94.69000244140625,72.35896301269531,7880300
2020-06-03,CVX,CVX,95.97000122070312,97.7300033569336,95.75,97.18000030517578,74.26171112060547,8440200
2020-06-04,CVX,CVX,96.77999877929688,96.88999938964844,95.16000366210938,96.27999877929688,73.57398223876953,6371700
2020-06-05,CVX,CVX,99.08000183105469,102.05000305175781,99.05000305175781,100.80999755859375,77.03565979003906,12760100
2020-06-08,CVX,CVX,102.62999725341797,103.58999633789062,100.87000274658203,103.23999786376953,78.89256286621094,11090700
2020-06-09,CVX,CVX,100.69999694824219,102.93000030517578,99.83000183105469,101.52999877929688,77.58585357666016,10745400
2020-06-10,CVX,CVX,101.0,101.5,97.55999755859375,97.58000183105469,74.56739807128906,10486300
2020-06-11,CVX,CVX,92.30000305175781,94.19000244140625,89.12000274658203,89.37000274658203,68.29357147216797,14944800
2020-06-12,CVX,CVX,93.62000274658203,93.6500015258789,90.01000213623047,92.38999938964844,70.60136413574219,9532400
2020-06-15,CVX,CVX,89.08999633789062,92.08000183105469,88.20999908447266,91.2300033569336,69.71492004394531,12289500
2020-06-16,CVX,CVX,94.98999786376953,95.58000183105469,91.48999786376953,94.02999877929688,71.85459899902344,8726700
2020-06-17,CVX,CVX,93.83000183105469,94.0,91.5,91.54000091552734,69.95182800292969,6019900
2020-06-18,CVX,CVX,91.0,93.2300033569336,90.0999984741211,91.94000244140625,70.25749206542969,7064100
2020-06-19,CVX,CVX,94.41000366210938,94.41000366210938,90.55000305175781,90.62999725341797,69.25641632080078,14838800
2020-06-22,CVX,CVX,90.31999969482422,91.69000244140625,89.58999633789062,91.58999633789062,69.99002838134766,5939200
2020-06-23,CVX,CVX,92.5,93.08999633789062,91.18000030517578,91.44000244140625,69.8753890991211,6317700
2020-06-24,CVX,CVX,89.98999786376953,90.12999725341797,86.86000061035156,87.63999938964844,66.97156524658203,8974500
2020-06-25,CVX,CVX,87.30999755859375,89.51000213623047,87.16000366210938,89.20999908447266,68.17131805419922,7398000
2020-06-26,CVX,CVX,88.77999877929688,88.83000183105469,86.18000030517578,86.45999908447266,66.06986236572266,13766000
2020-06-29,CVX,CVX,86.91000366210938,88.56999969482422,86.5999984741211,87.66999816894531,66.9944839477539,7022200
2020-06-30,CVX,CVX,86.5999984741211,89.98999786376953,86.36000061035156,89.2300033569336,68.18659973144531,8263600
2020-07-01,CVX,CVX,89.27999877929688,90.7699966430664,87.55000305175781,87.62000274658203,66.956298828125,6379400
2020-07-02,CVX,CVX,89.37000274658203,90.36000061035156,88.16000366210938,88.30999755859375,67.48356628417969,5832800
2020-07-06,CVX,CVX,89.5,90.25,87.81999969482422,88.56999969482422,67.68223571777344,6747500
2020-07-07,CVX,CVX,87.81999969482422,88.08000183105469,86.1500015258789,86.30999755859375,65.9552230834961,5898000
2020-07-08,CVX,CVX,86.38999938964844,87.80000305175781,85.88999938964844,86.3499984741211,65.98578643798828,6736400
2020-07-09,CVX,CVX,85.97000122070312,86.31999969482422,82.69000244140625,82.73999786376953,63.2271614074707,8833600
2020-07-10,CVX,CVX,82.5,85.41999816894531,82.5,85.2300033569336,65.12992858886719,6218100
2020-07-13,CVX,CVX,86.04000091552734,86.93000030517578,84.80999755859375,85.4000015258789,65.25984191894531,7074000
2020-07-14,CVX,CVX,85.38999938964844,88.5999984741211,85.04000091552734,88.3499984741211,67.51411437988281,7440500
2020-07-15,CVX,CVX,90.18000030517578,90.19000244140625,88.20999908447266,88.88999938964844,67.92676544189453,5935200
2020-07-16,CVX,CVX,88.44000244140625,89.4800033569336,87.3499984741211,88.36000061035156,67.52177429199219,4795700
2020-07-17,CVX,CVX,88.41000366210938,89.11000061035156,86.91000366210938,87.19000244140625,66.6277084350586,5964000
2020-07-20,CVX,CVX,86.83000183105469,87.48999786376953,84.80000305175781,85.2699966430664,65.16049194335938,14974800
2020-07-21,CVX,CVX,86.47000122070312,91.7300033569336,86.36000061035156,91.38999938964844,69.83720397949219,15115000
2020-07-22,CVX,CVX,89.94999694824219,91.25,88.9000015258789,91.04000091552734,69.56975555419922,10317500
2020-07-23,CVX,CVX,90.5,91.37999725341797,90.0199966430664,91.01000213623047,69.54681396484375,6586300
2020-07-24,CVX,CVX,91.4800033569336,92.73999786376953,89.9800033569336,90.12999725341797,68.87435150146484,6620500
2020-07-27,CVX,CVX,89.76000213623047,91.08999633789062,88.80000305175781,91.04000091552734,69.56975555419922,7599700
2020-07-28,CVX,CVX,90.47000122070312,91.16999816894531,88.7699966430664,89.11000061035156,68.09488677978516,6787300
2020-07-29,CVX,CVX,89.4800033569336,90.08000183105469,88.58000183105469,90.06999969482422,68.8284912109375,6386900
2020-07-30,CVX,CVX,88.43000030517578,88.5,85.69999694824219,86.2699966430664,65.9246597290039,10112800
2020-07-31,CVX,CVX,83.25,84.0999984741211,81.51000213623047,83.94000244140625,64.14414978027344,19119800
2020-08-03,CVX,CVX,83.9800033569336,85.13999938964844,83.80000305175781,84.80999755859375,64.8089828491211,11220100
2020-08-04,CVX,CVX,84.4800033569336,86.72000122070312,84.27999877929688,86.48999786376953,66.09278869628906,9077900
2020-08-05,CVX,CVX,88.13999938964844,88.43000030517578,86.41000366210938,87.19999694824219,66.63532257080078,7324200
2020-08-06,CVX,CVX,86.43000030517578,87.9000015258789,86.0999984741211,87.47000122070312,66.8416519165039,7035600
2020-08-07,CVX,CVX,86.87999725341797,87.11000061035156,85.73999786376953,86.80000305175781,66.32968139648438,7185000
2020-08-10,CVX,CVX,87.94000244140625,89.76000213623047,87.5999984741211,89.7300033569336,68.56868743896484,8150200
2020-08-11,CVX,CVX,91.94999694824219,93.01000213623047,89.16999816894531,89.62000274658203,68.484619140625,9074300
2020-08-12,CVX,CVX,90.80000305175781,91.66000366210938,89.44999694824219,90.72000122070312,69.32520294189453,9057400
2020-08-13,CVX,CVX,89.87000274658203,91.27999877929688,89.76000213623047,89.81999969482422,68.637451171875,7314600
2020-08-14,CVX,CVX,89.0,90.58999633789062,88.8499984741211,90.3499984741211,69.04246520996094,6343000
2020-08-17,CVX,CVX,90.3499984741211,91.58000183105469,89.72000122070312,90.7699966430664,69.36339569091797,10473800
2020-08-18,CVX,CVX,88.97000122070312,89.37000274658203,87.31999969482422,87.62999725341797,67.9293212890625,7981500
2020-08-19,CVX,CVX,87.30000305175781,87.9000015258789,86.19999694824219,86.38999938964844,66.96810150146484,9120300
2020-08-20,CVX,CVX,85.41999816894531,86.88999938964844,84.7300033569336,84.80999755859375,65.7433090209961,7872300
2020-08-21,CVX,CVX,84.66999816894531,85.08999633789062,83.51000213623047,85.08000183105469,65.95260620117188,9003600
2020-08-24,CVX,CVX,85.5999984741211,87.33999633789062,84.88999938964844,87.19999694824219,67.59597778320312,8738700
2020-08-25,CVX,CVX,88.01000213623047,88.04000091552734,85.76000213623047,86.12999725341797,66.76654052734375,6835800
2020-08-26,CVX,CVX,85.70999908447266,85.83999633789062,84.66000366210938,84.77999877929688,65.72006225585938,7486500
2020-08-27,CVX,CVX,85.16000366210938,85.62999725341797,83.97000122070312,84.91000366210938,65.82083129882812,7438200
2020-08-28,CVX,CVX,85.05000305175781,85.7300033569336,84.31999969482422,85.62999725341797,66.37895965576172,7307900
2020-08-31,CVX,CVX,85.83000183105469,85.9000015258789,83.87000274658203,83.93000030517578,65.06114959716797,9437500
2020-09-01,CVX,CVX,83.26000213623047,83.62999725341797,82.44999694824219,83.08000183105469,64.4022445678711,8990600
2020-09-02,CVX,CVX,83.05999755859375,83.95999908447266,82.69999694824219,83.19000244140625,64.48751068115234,10821900
2020-09-03,CVX,CVX,83.05000305175781,84.48999786376953,81.70999908447266,82.27999877929688,63.7820930480957,16179900
2020-09-04,CVX,CVX,82.45999908447266,83.63999938964844,80.9000015258789,81.93000030517578,63.51077651977539,10516600
2020-09-08,CVX,CVX,80.5,80.58000183105469,78.04000091552734,78.97000122070312,61.216224670410156,14942500
2020-09-09,CVX,CVX,79.97000122070312,81.06999969482422,79.68000030517578,80.02999877929688,62.03792953491211,9269800
2020-09-10,CVX,CVX,80.62999725341797,80.88999938964844,78.05000305175781,78.1500015258789,60.580604553222656,11845900
2020-09-11,CVX,CVX,78.23999786376953,78.69000244140625,77.06999969482422,77.69000244140625,60.2239990234375,13732400
2020-09-14,CVX,CVX,77.4800033569336,77.9800033569336,76.91999816894531,77.29000091552734,59.913917541503906,8182800
2020-09-15,CVX,CVX,77.55999755859375,78.4800033569336,75.95999908447266,76.3499984741211,59.185245513916016,11732000
2020-09-16,CVX,CVX,76.3499984741211,79.4800033569336,75.95999908447266,78.55999755859375,60.898414611816406,13019000
2020-09-17,CVX,CVX,77.52999877929688,78.8499984741211,76.37000274658203,78.79000091552734,61.07669448852539,10515100
2020-09-18,CVX,CVX,77.87999725341797,79.1500015258789,77.5,78.20999908447266,60.627105712890625,14517800
2020-09-21,CVX,CVX,76.23999786376953,76.6500015258789,74.68000030517578,76.30000305175781,59.1464958190918,16199100
2020-09-22,CVX,CVX,76.1500015258789,77.52999877929688,75.3499984741211,75.52999877929688,58.549598693847656,9155000
2020-09-23,CVX,CVX,75.58999633789062,75.91000366210938,71.8499984741211,71.94999694824219,55.77444076538086,16649200
2020-09-24,CVX,CVX,71.25,73.02999877929688,70.5,71.80000305175781,55.658180236816406,15203500
2020-09-25,CVX,CVX,71.01000213623047,72.4800033569336,70.7699966430664,71.83000183105469,55.68143081665039,11070500
2020-09-28,CVX,CVX,73.63999938964844,74.76000213623047,73.1500015258789,73.93000030517578,57.30931091308594,12863800
2020-09-29,CVX,CVX,74.0,74.13999938964844,71.11000061035156,71.9000015258789,55.73569107055664,10553000
2020-09-30,CVX,CVX,72.25,72.88999938964844,71.61000061035156,72.0,55.813201904296875,10466500
2020-10-01,CVX,CVX,71.51000213623047,71.87999725341797,70.02999877929688,70.41999816894531,54.588417053222656,14930700
2020-10-02,CVX,CVX,68.91999816894531,71.66999816894531,68.81999969482422,71.19000244140625,55.18531799316406,9854800
2020-10-05,CVX,CVX,71.5199966430664,72.7300033569336,70.70999908447266,72.69999694824219,56.355831146240234,12049800
2020-10-06,CVX,CVX,73.83999633789062,74.31999969482422,72.25,72.30000305175781,56.04576873779297,15294500
2020-10-07,CVX,CVX,72.16999816894531,73.91999816894531,71.55999755859375,73.77999877929688,57.19302749633789,15410300
2020-10-08,CVX,CVX,74.38999938964844,75.55000305175781,73.98999786376953,75.22000122070312,58.309303283691406,11590900
2020-10-09,CVX,CVX,75.86000061035156,76.08999633789062,73.9800033569336,74.0,57.36356735229492,12260900
2020-10-12,CVX,CVX,73.62999725341797,74.94999694824219,73.19999694824219,74.51000213623047,57.758934020996094,9056900
2020-10-13,CVX,CVX,74.73999786376953,74.73999786376953,72.77999877929688,73.4000015258789,56.89847183227539,10440300
2020-10-14,CVX,CVX,73.27999877929688,74.43000030517578,72.91000366210938,72.94999694824219,56.54963302612305,7057500
2020-10-15,CVX,CVX,71.81999969482422,73.72000122070312,71.38999938964844,73.51000213623047,56.983726501464844,10052100
2020-10-16,CVX,CVX,73.5199966430664,74.02999877929688,72.2699966430664,72.88999938964844,56.50312805175781,9305600
2020-10-19,CVX,CVX,73.11000061035156,73.33999633789062,71.19000244140625,71.27999877929688,55.25508117675781,8357100
2020-10-20,CVX,CVX,71.91000366210938,72.29000091552734,71.04000091552734,71.68000030517578,55.565155029296875,7753200
2020-10-21,CVX,CVX,71.12999725341797,71.58000183105469,70.7300033569336,70.87000274658203,54.937252044677734,9800600
2020-10-22,CVX,CVX,70.87999725341797,73.48999786376953,70.56999969482422,73.4000015258789,56.89847183227539,9810100
2020-10-23,CVX,CVX,73.93000030517578,74.36000061035156,71.83000183105469,72.56999969482422,56.255069732666016,8727200
2020-10-26,CVX,CVX,71.7300033569336,71.88999938964844,70.23999786376953,70.94000244140625,54.991512298583984,9710900
2020-10-27,CVX,CVX,70.41999816894531,70.5999984741211,69.48999786376953,69.51000213623047,53.882991790771484,14251700
2020-10-28,CVX,CVX,67.69000244140625,68.08000183105469,66.33000183105469,66.87999725341797,51.844268798828125,15961900
2020-10-29,CVX,CVX,66.12999725341797,69.13999938964844,65.16000366210938,68.80000305175781,53.33263397216797,12292200
2020-10-30,CVX,CVX,69.9000015258789,70.11000061035156,68.08000183105469,69.5,53.8752555847168,17191600
2020-11-02,CVX,CVX,70.69999694824219,73.08000183105469,69.4000015258789,72.1500015258789,55.92948532104492,11475500
2020-11-03,CVX,CVX,73.16000366210938,73.30000305175781,71.05000305175781,71.73999786376953,55.611671447753906,8608000
2020-11-04,CVX,CVX,70.77999877929688,73.58999633789062,69.88999938964844,71.7699966430664,55.634910583496094,10925700
2020-11-05,CVX,CVX,71.9000015258789,72.97000122070312,71.76000213623047,72.13999938964844,55.92174530029297,10627700
2020-11-06,CVX,CVX,72.5,73.2699966430664,70.83000183105469,71.1500015258789,55.154300689697266,8366900
2020-11-09,CVX,CVX,80.0,84.2699966430664,78.26000213623047,79.4000015258789,61.54955291748047,24015200
2020-11-10,CVX,CVX,81.13999938964844,83.1500015258789,79.70999908447266,83.06999969482422,64.39448547363281,15039700
2020-11-11,CVX,CVX,84.0999984741211,84.48999786376953,81.80000305175781,82.45999908447266,63.92162322998047,11640600
2020-11-12,CVX,CVX,80.9800033569336,82.23999786376953,79.91000366210938,80.66999816894531,62.53403854370117,8920700
2020-11-13,CVX,CVX,81.1500015258789,83.3499984741211,81.02999877929688,83.02999877929688,64.36347198486328,10890300
2020-11-16,CVX,CVX,86.23999786376953,89.18000030517578,85.54000091552734,88.95999908447266,68.96031951904297,18980200
2020-11-17,CVX,CVX,86.4000015258789,87.52999877929688,84.83000183105469,87.04000091552734,68.46477508544922,14329000
2020-11-18,CVX,CVX,87.37000274658203,87.9000015258789,84.25,84.27999877929688,66.29378509521484,10583700
2020-11-19,CVX,CVX,83.55000305175781,85.95999908447266,83.05999755859375,85.7300033569336,67.43434143066406,8820200
2020-11-20,CVX,CVX,85.72000122070312,86.30999755859375,84.87999725341797,85.79000091552734,67.48152923583984,8294600
2020-11-23,CVX,CVX,87.44999694824219,91.58000183105469,86.76000213623047,91.02999877929688,71.6032485961914,13379300
2020-11-24,CVX,CVX,93.38999938964844,95.81999969482422,93.0,95.62000274658203,75.21371459960938,17257400
2020-11-25,CVX,CVX,94.68000030517578,94.68000030517578,92.13999938964844,92.13999938964844,72.47637939453125,10556600
2020-11-27,CVX,CVX,91.33000183105469,92.58999633789062,90.54000091552734,91.30999755859375,71.82349395751953,4627700
2020-11-30,CVX,CVX,90.01000213623047,90.8499984741211,86.9000015258789,87.18000030517578,68.57489013671875,14288400
2020-12-01,CVX,CVX,89.27999877929688,89.70999908447266,87.06999969482422,87.44999694824219,68.78726959228516,9913600
2020-12-02,CVX,CVX,87.26000213623047,91.30999755859375,87.0999984741211,89.87000274658203,70.69081115722656,10509600
2020-12-03,CVX,CVX,90.58000183105469,91.11000061035156,89.06999969482422,89.80000305175781,70.63575744628906,8249800
2020-12-04,CVX,CVX,91.22000122070312,93.44999694824219,90.91999816894531,93.27999877929688,73.37309265136719,10791100
2020-12-07,CVX,CVX,91.81999969482422,92.37999725341797,89.87999725341797,90.76000213623047,71.39088439941406,9398400
2020-12-08,CVX,CVX,90.33999633789062,92.45999908447266,90.19000244140625,91.54000091552734,72.00442504882812,7627300
2020-12-09,CVX,CVX,92.19999694824219,93.0199966430664,89.37000274658203,90.44000244140625,71.13917541503906,11129400
2020-12-10,CVX,CVX,91.55000305175781,94.55999755859375,90.77999877929688,93.3499984741211,73.42813873291016,11992100
2020-12-11,CVX,CVX,92.52999877929688,93.27999877929688,91.02999877929688,92.44999694824219,72.72021484375,9584500
2020-12-14,CVX,CVX,93.4000015258789,93.69999694824219,89.23999786376953,89.44000244140625,70.35258483886719,12198400
2020-12-15,CVX,CVX,89.41999816894531,90.4800033569336,88.7699966430664,89.37000274658203,70.29753112792969,11775300
2020-12-16,CVX,CVX,89.19999694824219,89.3499984741211,87.8499984741211,88.69000244140625,69.76264953613281,9892900
2020-12-17,CVX,CVX,89.54000091552734,89.55000305175781,87.55000305175781,88.41000366210938,69.54238891601562,11748900
2020-12-18,CVX,CVX,87.9800033569336,88.70999908447266,86.26000213623047,87.19000244140625,68.58277130126953,27427600
2020-12-21,CVX,CVX,84.3499984741211,86.83999633789062,83.52999877929688,86.08999633789062,67.71747589111328,11430500
2020-12-22,CVX,CVX,85.44000244140625,85.80000305175781,84.30000305175781,84.36000061035156,66.35670471191406,8585800
2020-12-23,CVX,CVX,85.0,86.66000366210938,85.0,85.69000244140625,67.40289306640625,7223100
2020-12-24,CVX,CVX,85.93000030517578,85.93000030517578,84.80999755859375,85.33000183105469,67.11970520019531,3335600
2020-12-28,CVX,CVX,85.61000061035156,86.62999725341797,84.62000274658203,84.9000015258789,66.7814712524414,8051900
2020-12-29,CVX,CVX,85.26000213623047,85.72000122070312,84.05000305175781,84.61000061035156,66.5533676147461,7670800
2020-12-30,CVX,CVX,84.61000061035156,86.58000183105469,84.54000091552734,85.33000183105469,67.11970520019531,7901800
2020-12-31,CVX,CVX,84.9000015258789,85.19999694824219,83.95999908447266,84.44999694824219,66.427490234375,8350700
2021-01-04,CVX,CVX,85.1500015258789,85.94999694824219,83.88999938964844,84.70999908447266,66.63201904296875,9234900
2021-01-05,CVX,CVX,85.48999786376953,89.22000122070312,85.31999969482422,87.0,68.43329620361328,13414800
2021-01-06,CVX,CVX,89.0,90.77999877929688,87.81999969482422,89.80000305175781,70.63575744628906,13916800
2021-01-07,CVX,CVX,90.38999938964844,90.81999969482422,89.30999755859375,90.22000122070312,70.96611785888672,9286600
2021-01-08,CVX,CVX,92.08000183105469,92.43000030517578,90.44999694824219,91.08000183105469,71.6426010131836,11152100
2021-01-11,CVX,CVX,89.12000274658203,92.0999984741211,88.56999969482422,91.5999984741211,72.05162048339844,10635000
2021-01-12,CVX,CVX,92.66000366210938,93.91999816894531,91.70999908447266,93.33999633789062,73.4202880859375,10923900
2021-01-13,CVX,CVX,93.19999694824219,93.5199966430664,91.94000244140625,93.25,73.34949493408203,9723300
2021-01-14,CVX,CVX,93.94000244140625,96.31999969482422,93.79000091552734,95.48999786376953,75.1114501953125,13950200
2021-01-15,CVX,CVX,94.22000122070312,94.30999755859375,91.70999908447266,92.08999633789062,72.43704223632812,10244600
2021-01-19,CVX,CVX,93.5,95.02999877929688,93.29000091552734,94.51000213623047,74.34061431884766,9574800
2021-01-20,CVX,CVX,95.0,95.55999755859375,94.30000305175781,95.37999725341797,75.02494812011719,8735400
2021-01-21,CVX,CVX,93.86000061035156,94.66000366210938,91.22000122070312,92.01000213623047,72.3741226196289,10393100
2021-01-22,CVX,CVX,90.4000015258789,92.02999877929688,89.83000183105469,91.7300033569336,72.15388488769531,7810600
2021-01-25,CVX,CVX,90.62000274658203,91.02999877929688,89.33000183105469,90.9000015258789,71.50101470947266,7689400
2021-01-26,CVX,CVX,92.19999694824219,92.91000366210938,89.2699966430664,89.36000061035156,70.28964233398438,7827800
2021-01-27,CVX,CVX,87.52999877929688,90.3499984741211,86.75,88.19999694824219,69.37722778320312,10178500
2021-01-28,CVX,CVX,88.66999816894531,90.1500015258789,88.25,89.0199966430664,70.022216796875,8155500
2021-01-29,CVX,CVX,86.83000183105469,87.33999633789062,84.91999816894531,85.19999694824219,67.01744079589844,14699800
2021-02-01,CVX,CVX,85.98999786376953,87.30000305175781,84.56999969482422,86.41000366210938,67.9692153930664,8073600
2021-02-02,CVX,CVX,88.01000213623047,88.37000274658203,86.52999877929688,87.05999755859375,68.48049926757812,9233100
2021-02-03,CVX,CVX,87.05000305175781,89.38999938964844,86.88999938964844,88.95999908447266,69.97501373291016,9256500
2021-02-04,CVX,CVX,89.51000213623047,89.6500015258789,87.94999694824219,89.0,70.0064926147461,7917600
2021-02-05,CVX,CVX,89.94000244140625,90.47000122070312,88.63999938964844,89.26000213623047,70.21099090576172,8017300
2021-02-08,CVX,CVX,90.29000091552734,92.04000091552734,90.01000213623047,91.4800033569336,71.95723724365234,9886600
2021-02-09,CVX,CVX,91.0999984741211,91.2699966430664,89.80999755859375,90.95999908447266,71.54821014404297,7605500
2021-02-10,CVX,CVX,91.37999725341797,92.58999633789062,90.5999984741211,92.5199966430664,72.7752914428711,8778800
2021-02-11,CVX,CVX,92.37000274658203,92.44000244140625,90.08000183105469,92.0199966430664,72.38198852539062,8572400
2021-02-12,CVX,CVX,91.52999877929688,92.7300033569336,91.3499984741211,92.55000305175781,72.79888916015625,7858300
2021-02-16,CVX,CVX,93.05000305175781,93.86000061035156,92.61000061035156,93.12999725341797,74.29058074951172,14006000
2021-02-17,CVX,CVX,95.41999816894531,96.72000122070312,94.19999694824219,95.91999816894531,76.51619720458984,14342300
2021-02-18,CVX,CVX,95.75,95.77999877929688,94.30000305175781,95.0,75.7823257446289,9030600
2021-02-19,CVX,CVX,95.12999725341797,96.37999725341797,94.6500015258789,95.80000305175781,76.42047882080078,8913900
2021-02-22,CVX,CVX,96.98999786376953,99.63999938964844,96.45999908447266,98.38999938964844,78.48654174804688,13178700
2021-02-23,CVX,CVX,99.97000122070312,100.16000366210938,96.80000305175781,99.62999725341797,79.4756851196289,14874000
2021-02-24,CVX,CVX,100.33000183105469,104.04000091552734,99.80999755859375,103.30999755859375,82.41127014160156,16116000
2021-02-25,CVX,CVX,104.9000015258789,104.95999908447266,101.58999633789062,102.3499984741211,81.64546966552734,13219200
2021-02-26,CVX,CVX,100.30000305175781,101.05999755859375,97.61000061035156,100.0,79.7708511352539,14454100
2021-03-01,CVX,CVX,102.45999908447266,103.80000305175781,101.4000015258789,102.05000305175781,81.40617370605469,10439900
2021-03-02,CVX,CVX,101.88999938964844,103.30999755859375,101.70999908447266,102.44000244140625,81.71726989746094,10643500
2021-03-03,CVX,CVX,103.41000366210938,105.75,103.4000015258789,103.58999633789062,82.63463592529297,14958200
2021-03-04,CVX,CVX,104.5199966430664,107.58000183105469,103.12999725341797,104.5,83.36054229736328,22994200
2021-03-05,CVX,CVX,106.95999908447266,109.12999725341797,106.1500015258789,109.0,86.95023345947266,23638200
2021-03-08,CVX,CVX,109.86000061035156,110.43000030517578,108.05999755859375,109.75,87.54850769042969,18033600
2021-03-09,CVX,CVX,109.06999969482422,110.69000244140625,107.87999725341797,109.5,87.34906768798828,19010700
2021-03-10,CVX,CVX,110.19999694824219,112.01000213623047,109.69999694824219,111.37000274658203,88.8407974243164,17389900
2021-03-11,CVX,CVX,111.6500015258789,112.55000305175781,110.88999938964844,111.19000244140625,88.69720458984375,10989500
2021-03-12,CVX,CVX,111.63999938964844,112.69999694824219,110.72000122070312,111.55999755859375,88.99236297607422,10930300
2021-03-15,CVX,CVX,111.52999877929688,111.91000366210938,108.88999938964844,110.25,87.94737243652344,10488000
2021-03-16,CVX,CVX,108.52999877929688,108.87999725341797,107.08000183105469,107.63999938964844,85.8653564453125,11698400
2021-03-17,CVX,CVX,107.20999908447266,108.55999755859375,106.5999984741211,108.02999877929688,86.17645263671875,9168600
2021-03-18,CVX,CVX,107.01000213623047,107.52999877929688,103.70999908447266,104.12000274658203,83.05741119384766,13246600
2021-03-19,CVX,CVX,103.94000244140625,104.88999938964844,102.73999786376953,103.37999725341797,82.46707916259766,18491000
2021-03-22,CVX,CVX,103.05999755859375,104.5,102.30999755859375,102.54000091552734,81.7970199584961,12508500
2021-03-23,CVX,CVX,101.44999694824219,104.30000305175781,100.69000244140625,101.97000122070312,81.34233856201172,14781700
2021-03-24,CVX,CVX,102.98999786376953,105.76000213623047,102.91000366210938,104.69999694824219,83.52007293701172,11026800
2021-03-25,CVX,CVX,102.8499984741211,105.26000213623047,102.06999969482422,105.06999969482422,83.81524658203125,11138200
2021-03-26,CVX,CVX,106.54000091552734,107.54000091552734,105.36000061035156,107.4800033569336,85.73771667480469,9820200
2021-03-29,CVX,CVX,106.4000015258789,107.52999877929688,105.69999694824219,106.91999816894531,85.29100036621094,7542300
2021-03-30,CVX,CVX,106.05999755859375,106.83000183105469,105.58999633789062,105.93000030517578,84.50127410888672,6284600
2021-03-31,CVX,CVX,105.55000305175781,106.22000122070312,104.5999984741211,104.79000091552734,83.59187316894531,8954400
2021-04-01,CVX,CVX,105.26000213623047,105.86000061035156,104.20999908447266,105.75,84.35768127441406,8515800
2021-04-05,CVX,CVX,105.7300033569336,105.83000183105469,104.16999816894531,104.51000213623047,83.36851501464844,8692700
2021-04-06,CVX,CVX,104.25,105.08000183105469,103.44999694824219,103.58000183105469,82.62664031982422,8125100
2021-04-07,CVX,CVX,103.47000122070312,104.56999969482422,103.26000213623047,104.19000244140625,83.1132583618164,7699300
2021-04-08,CVX,CVX,103.5199966430664,103.62000274658203,102.06999969482422,103.0199966430664,82.17993927001953,8283000
2021-04-09,CVX,CVX,103.12000274658203,103.68000030517578,102.0999984741211,102.91999816894531,82.10015106201172,7163700
2021-04-12,CVX,CVX,103.66999816894531,103.86000061035156,101.51000213623047,101.77999877929688,81.1907730102539,7845900
2021-04-13,CVX,CVX,101.55999755859375,102.5999984741211,101.29000091552734,102.23999786376953,81.55770874023438,6829900
2021-04-14,CVX,CVX,102.6500015258789,105.33000183105469,102.5999984741211,104.2699966430664,83.17705535888672,10194800
2021-04-15,CVX,CVX,104.01000213623047,104.2699966430664,102.93000030517578,103.41999816894531,82.4990234375,7860500
2021-04-16,CVX,CVX,103.80000305175781,104.36000061035156,102.43000030517578,102.95999908447266,82.13206481933594,7459700
2021-04-19,CVX,CVX,103.2699966430664,103.83000183105469,102.20999908447266,103.26000213623047,82.37139129638672,7068700
2021-04-20,CVX,CVX,102.83000183105469,102.98999786376953,100.51000213623047,101.33000183105469,80.83179473876953,9783800
2021-04-21,CVX,CVX,100.33000183105469,102.98999786376953,100.13999938964844,102.7300033569336,81.9486083984375,8264400
2021-04-22,CVX,CVX,102.87000274658203,102.87000274658203,100.87000274658203,100.94999694824219,80.52867126464844,9899400
2021-04-23,CVX,CVX,101.0999984741211,102.16999816894531,100.72000122070312,101.55000305175781,81.00731658935547,6756000
2021-04-26,CVX,CVX,101.2699966430664,102.66999816894531,101.26000213623047,101.5199966430664,80.9833755493164,5639700
2021-04-27,CVX,CVX,101.80999755859375,103.0999984741211,101.51000213623047,102.69999694824219,81.92466735839844,6898900
2021-04-28,CVX,CVX,103.54000091552734,105.86000061035156,103.37000274658203,105.22000122070312,83.93489074707031,8718400
2021-04-29,CVX,CVX,106.41999816894531,107.6500015258789,105.75,106.9000015258789,85.2750473022461,9740300
2021-04-30,CVX,CVX,104.9800033569336,105.38999938964844,102.97000122070312,103.06999969482422,82.21981811523438,13730000
2021-05-03,CVX,CVX,103.9800033569336,105.72000122070312,103.22000122070312,105.52999877929688,84.18218994140625,7938100
2021-05-04,CVX,CVX,105.95999908447266,106.51000213623047,104.8499984741211,106.11000061035156,84.6448745727539,8704300
2021-05-05,CVX,CVX,107.08999633789062,109.54000091552734,106.81999969482422,108.95999908447266,86.91830444335938,12872400
2021-05-06,CVX,CVX,108.94999694824219,109.12999725341797,107.41999816894531,109.0199966430664,86.96617126464844,9654900
2021-05-07,CVX,CVX,108.08999633789062,110.66999816894531,107.69999694824219,110.0199966430664,87.76388549804688,10273000
2021-05-10,CVX,CVX,111.44000244140625,113.11000061035156,109.5199966430664,109.56999969482422,87.4049301147461,13586500
2021-05-11,CVX,CVX,109.05999755859375,109.58000183105469,106.20999908447266,106.69999694824219,85.11550903320312,12754800
2021-05-12,CVX,CVX,107.0,110.1500015258789,106.72000122070312,107.37000274658203,85.64995574951172,11661900
2021-05-13,CVX,CVX,106.06999969482422,107.87000274658203,105.44000244140625,106.68000030517578,85.09953308105469,9706300
2021-05-14,CVX,CVX,107.80000305175781,109.81999969482422,107.80000305175781,109.47000122070312,87.32515716552734,9124100
2021-05-17,CVX,CVX,109.08999633789062,110.87999725341797,108.97000122070312,110.80999755859375,88.39407348632812,12692900
2021-05-18,CVX,CVX,108.94000244140625,109.05999755859375,105.97000122070312,106.18000030517578,85.73749542236328,12759900
2021-05-19,CVX,CVX,103.81999969482422,104.29000091552734,101.97000122070312,103.19999694824219,83.33123016357422,14762700
2021-05-20,CVX,CVX,103.06999969482422,104.06999969482422,101.97000122070312,103.55999755859375,83.62190246582031,9706300
2021-05-21,CVX,CVX,104.0999984741211,105.19999694824219,103.68000030517578,104.12000274658203,84.0740966796875,10352800
2021-05-24,CVX,CVX,104.94999694824219,105.83999633789062,104.0,105.5999984741211,85.26915740966797,6785600
2021-05-25,CVX,CVX,105.43000030517578,105.62000274658203,103.61000061035156,103.87000274658203,83.87223815917969,7884000
2021-05-26,CVX,CVX,104.5199966430664,104.91000366210938,103.66000366210938,104.12000274658203,84.0740966796875,9232400
2021-05-27,CVX,CVX,104.12000274658203,104.91000366210938,102.56999969482422,103.01000213623047,83.17779541015625,11703400
2021-05-28,CVX,CVX,103.62000274658203,104.12000274658203,102.94999694824219,103.79000091552734,83.80763244628906,7278200
2021-06-01,CVX,CVX,105.30000305175781,107.43000030517578,105.30000305175781,106.6500015258789,86.11700439453125,10260600
2021-06-02,CVX,CVX,107.20999908447266,108.55999755859375,106.20999908447266,108.08000183105469,87.27169036865234,9141800
2021-06-03,CVX,CVX,107.55999755859375,108.08999633789062,106.55999755859375,107.58999633789062,86.87604522705078,8809300
2021-06-04,CVX,CVX,108.23999786376953,108.66999816894531,107.20999908447266,108.44999694824219,87.57046508789062,6699300
2021-06-07,CVX,CVX,108.37000274658203,108.69999694824219,107.56999969482422,107.75,87.0052261352539,6748600
2021-06-08,CVX,CVX,107.6500015258789,108.9800033569336,106.30000305175781,108.7300033569336,87.79656219482422,10559500
2021-06-09,CVX,CVX,109.05999755859375,109.52999877929688,107.6500015258789,107.77999877929688,87.02945709228516,10146900
2021-06-10,CVX,CVX,109.05999755859375,110.25,107.25,108.41000366210938,87.53816223144531,13526200
2021-06-11,CVX,CVX,108.83999633789062,108.97000122070312,107.86000061035156,107.91000366210938,87.1344223022461,7731700
2021-06-14,CVX,CVX,108.18000030517578,108.95999908447266,106.83000183105469,107.97000122070312,87.18287658691406,9051900
2021-06-15,CVX,CVX,108.41000366210938,110.4800033569336,108.38999938964844,110.30000305175781,89.06429290771484,10540200
2021-06-16,CVX,CVX,110.02999877929688,110.51000213623047,108.9000015258789,109.66999816894531,88.5555648803711,9283300
2021-06-17,CVX,CVX,109.23999786376953,109.9800033569336,96.30999755859375,107.06999969482422,86.45613098144531,14337800
2021-06-18,CVX,CVX,105.25,106.2699966430664,102.91000366210938,103.02999877929688,83.1939468383789,22284500
2021-06-21,CVX,CVX,104.0999984741211,106.44000244140625,103.93000030517578,106.05000305175781,85.63253021240234,13591500
2021-06-22,CVX,CVX,105.33000183105469,106.95999908447266,104.30999755859375,106.4000015258789,85.9151382446289,10230100
2021-06-23,CVX,CVX,107.36000061035156,108.12999725341797,106.2300033569336,106.2699966430664,85.81015014648438,7792800
2021-06-24,CVX,CVX,107.13999938964844,107.77999877929688,106.36000061035156,107.13999938964844,86.51266479492188,8724600
2021-06-25,CVX,CVX,107.58999633789062,108.05999755859375,106.77999877929688,107.30000305175781,86.64186096191406,8102300
2021-06-28,CVX,CVX,106.94999694824219,107.0,103.66000366210938,103.98999786376953,83.96913146972656,11348400
2021-06-29,CVX,CVX,104.58999633789062,104.97000122070312,103.61000061035156,103.76000213623047,83.78340911865234,7225500
2021-06-30,CVX,CVX,103.83999633789062,104.87999725341797,103.72000122070312,104.73999786376953,84.57475280761719,7927500
2021-07-01,CVX,CVX,106.94999694824219,107.0999984741211,105.73999786376953,106.20999908447266,85.76171875,10873200
2021-07-02,CVX,CVX,105.69999694824219,106.4000015258789,105.04000091552734,106.06999969482422,85.64865112304688,7107700
2021-07-06,CVX,CVX,105.97000122070312,105.97000122070312,103.38999938964844,103.98999786376953,83.96913146972656,10162800
2021-07-07,CVX,CVX,103.95999908447266,104.9000015258789,102.12000274658203,102.93000030517578,83.11322021484375,8245000
2021-07-08,CVX,CVX,101.5,103.08999633789062,101.22000122070312,102.5999984741211,82.84674072265625,8695500
2021-07-09,CVX,CVX,103.45999908447266,104.2300033569336,102.36000061035156,104.06999969482422,84.03372955322266,8567900
2021-07-12,CVX,CVX,103.55999755859375,105.0199966430664,103.23999786376953,104.27999877929688,84.20330810546875,9898600
2021-07-13,CVX,CVX,104.0,104.58000183105469,103.22000122070312,103.93000030517578,83.9206771850586,6738000
2021-07-14,CVX,CVX,104.4800033569336,105.31999969482422,101.72000122070312,101.97000122070312,82.33804321289062,9216600
2021-07-15,CVX,CVX,101.05000305175781,102.25,100.8499984741211,101.30000305175781,81.79701232910156,9665700
2021-07-16,CVX,CVX,101.62999725341797,101.69000244140625,98.33000183105469,98.62000274658203,79.63299560546875,12199100
2021-07-19,CVX,CVX,95.81999969482422,96.94999694824219,94.5199966430664,95.95999908447266,77.48511505126953,17385500
2021-07-20,CVX,CVX,95.88999938964844,98.04000091552734,95.05000305175781,96.52999877929688,77.94538879394531,12114600
2021-07-21,CVX,CVX,97.9800033569336,100.47000122070312,97.69999694824219,99.81999969482422,80.60196685791016,11478100
2021-07-22,CVX,CVX,99.4000015258789,99.41000366210938,97.88999938964844,98.81999969482422,79.79448699951172,7694300
2021-07-23,CVX,CVX,98.80000305175781,99.12000274658203,97.94000244140625,98.86000061035156,79.82678985595703,7570800
2021-07-26,CVX,CVX,99.45999908447266,101.26000213623047,99.44000244140625,100.94999694824219,81.514404296875,10227500
2021-07-27,CVX,CVX,100.05000305175781,100.72000122070312,98.94000244140625,100.61000061035156,81.23986053466797,8332100
2021-07-28,CVX,CVX,100.9000015258789,101.80999755859375,100.27999877929688,101.18000030517578,81.70011901855469,8546100
2021-07-29,CVX,CVX,102.37999725341797,102.87999725341797,101.94000244140625,102.56999969482422,82.82251739501953,8681300
2021-07-30,CVX,CVX,103.05999755859375,104.05000305175781,100.7699966430664,101.80999755859375,82.20883178710938,12295300
2021-08-02,CVX,CVX,102.08000183105469,103.9800033569336,101.55999755859375,101.62999725341797,82.06350708007812,8911800
2021-08-03,CVX,CVX,101.58999633789062,102.91000366210938,100.66999816894531,102.5999984741211,82.84674072265625,8437300
2021-08-04,CVX,CVX,100.44000244140625,101.9000015258789,100.0999984741211,100.30000305175781,80.98954772949219,10389800
2021-08-05,CVX,CVX,100.94000244140625,102.43000030517578,100.66999816894531,101.2300033569336,81.7405014038086,7986100
2021-08-06,CVX,CVX,102.0199966430664,102.58000183105469,101.5999984741211,101.94999694824219,82.3218765258789,6475600
2021-08-09,CVX,CVX,100.91000366210938,101.37999725341797,99.93000030517578,100.25,80.94917297363281,9243100
2021-08-10,CVX,CVX,100.73999786376953,102.31999969482422,100.58000183105469,102.08000183105469,82.4268569946289,9762600
2021-08-11,CVX,CVX,102.04000091552734,102.97000122070312,101.5999984741211,102.8499984741211,83.04859161376953,7079800
2021-08-12,CVX,CVX,102.86000061035156,103.25,101.77999877929688,102.63999938964844,82.8790283203125,7377600
2021-08-13,CVX,CVX,102.2300033569336,102.54000091552734,101.63999938964844,101.95999908447266,82.3299560546875,6572600
2021-08-16,CVX,CVX,100.83000183105469,101.19999694824219,99.91000366210938,100.91999816894531,81.49018859863281,9476600
2021-08-17,CVX,CVX,100.19999694824219,101.68000030517578,99.62999725341797,100.7300033569336,81.33677673339844,10937500
2021-08-18,CVX,CVX,98.69000244140625,99.41999816894531,96.55000305175781,96.69999694824219,79.1353759765625,12893600
2021-08-19,CVX,CVX,94.80999755859375,95.30999755859375,92.86000061035156,94.29000091552734,77.16313934326172,17423400
2021-08-20,CVX,CVX,93.5199966430664,94.87999725341797,93.20999908447266,94.30000305175781,77.17131805419922,9707600
2021-08-23,CVX,CVX,96.08999633789062,97.0,96.05999755859375,96.7300033569336,79.1599349975586,10277800
2021-08-24,CVX,CVX,97.5,98.61000061035156,97.38999938964844,97.83999633789062,80.06829833984375,8924900
2021-08-25,CVX,CVX,97.22000122070312,98.72000122070312,96.72000122070312,98.51000213623047,80.61660766601562,9342300
2021-08-26,CVX,CVX,98.11000061035156,98.7300033569336,97.19999694824219,97.22000122070312,79.56092071533203,8124800
2021-08-27,CVX,CVX,98.13999938964844,99.45999908447266,98.05000305175781,98.63999938964844,80.72299194335938,10281200
2021-08-30,CVX,CVX,99.08999633789062,99.30999755859375,97.97000122070312,98.38999938964844,80.51840209960938,8127200
2021-08-31,CVX,CVX,98.13999938964844,98.41000366210938,96.63999938964844,96.7699966430664,79.19265747070312,15676900
2021-09-01,CVX,CVX,96.86000061035156,97.06999969482422,95.47000122070312,95.70999908447266,78.32518768310547,10557300
2021-09-02,CVX,CVX,96.63999938964844,98.38999938964844,96.55000305175781,97.70999908447266,79.96190643310547,12340100
2021-09-03,CVX,CVX,97.4000015258789,98.43000030517578,97.37999725341797,97.48999786376953,79.78186798095703,9097000
2021-09-07,CVX,CVX,97.0199966430664,97.9800033569336,96.73999786376953,97.05999755859375,79.42997741699219,9237800
2021-09-08,CVX,CVX,97.5,98.47000122070312,96.3499984741211,96.38999938964844,78.8816909790039,10775900
2021-09-09,CVX,CVX,95.88999938964844,97.62000274658203,95.3499984741211,96.0,78.56251525878906,10219400
2021-09-10,CVX,CVX,97.5999984741211,97.69999694824219,95.88999938964844,96.06999969482422,78.61980438232422,11006000
2021-09-13,CVX,CVX,97.20999908447266,98.70999908447266,97.05999755859375,97.97000122070312,80.17469787597656,11500900
2021-09-14,CVX,CVX,98.37999725341797,98.73999786376953,95.9800033569336,96.19999694824219,78.72620391845703,15294100
2021-09-15,CVX,CVX,96.98999786376953,98.52999877929688,96.98999786376953,98.23999786376953,80.3956527709961,11623400
2021-09-16,CVX,CVX,98.31999969482422,98.58999633789062,96.91000366210938,97.31999969482422,79.64276123046875,10616700
2021-09-17,CVX,CVX,97.11000061035156,98.37999725341797,96.37000274658203,96.76000213623047,79.1844711303711,16006100
2021-09-20,CVX,CVX,94.63999938964844,95.25,93.30999755859375,94.77999877929688,77.56412506103516,15796100
2021-09-21,CVX,CVX,95.56999969482422,95.88999938964844,94.02999877929688,94.8499984741211,77.62142181396484,10958400
2021-09-22,CVX,CVX,96.23999786376953,98.77999877929688,96.23999786376953,97.63999938964844,79.90462493896484,13292800
2021-09-23,CVX,CVX,98.23999786376953,100.2699966430664,97.75,100.05999755859375,81.88506317138672,10094900
2021-09-24,CVX,CVX,99.6500015258789,100.97000122070312,99.6500015258789,100.5999984741211,82.32696533203125,8225300
2021-09-27,CVX,CVX,102.58999633789062,103.77999877929688,102.58999633789062,102.97000122070312,84.26649475097656,12697500
2021-09-28,CVX,CVX,103.91000366210938,104.88999938964844,102.87999725341797,103.36000061035156,84.58565521240234,15560800
2021-09-29,CVX,CVX,103.20999908447266,104.23999786376953,102.33999633789062,103.33000183105469,84.56110382080078,10268100
2021-09-30,CVX,CVX,103.41999816894531,103.44999694824219,101.44999694824219,101.44999694824219,83.02259063720703,15319800
2021-10-01,CVX,CVX,102.22000122070312,104.54000091552734,101.87999725341797,104.33000183105469,85.37946319580078,10854900
2021-10-04,CVX,CVX,105.0,105.86000061035156,104.11000061035156,104.72000122070312,85.69861602783203,13305400
2021-10-05,CVX,CVX,106.04000091552734,107.7699966430664,105.41999816894531,105.86000061035156,86.63154602050781,13017300
2021-10-06,CVX,CVX,104.18000030517578,105.3499984741211,103.58000183105469,104.93000030517578,85.87047576904297,10630100
2021-10-07,CVX,CVX,105.61000061035156,106.30000305175781,105.22000122070312,105.68000030517578,86.48424530029297,8830900
2021-10-08,CVX,CVX,106.80999755859375,108.43000030517578,106.5999984741211,108.05000305175781,88.42376708984375,10586700
2021-10-11,CVX,CVX,109.55999755859375,109.62999725341797,106.91999816894531,107.12999725341797,87.67086791992188,9794800
2021-10-12,CVX,CVX,106.98999786376953,107.58000183105469,106.16999816894531,107.1500015258789,87.68724060058594,9085000
2021-10-13,CVX,CVX,106.7699966430664,108.33999633789062,106.4800033569336,107.79000091552734,88.21098327636719,9220700
2021-10-14,CVX,CVX,108.87999725341797,109.16000366210938,108.11000061035156,108.80999755859375,89.04569244384766,7648600
2021-10-15,CVX,CVX,109.7699966430664,110.02999877929688,109.43000030517578,109.61000061035156,89.70040893554688,9968100
2021-10-18,CVX,CVX,110.22000122070312,110.41000366210938,108.95999908447266,109.55999755859375,89.65948486328125,10677400
2021-10-19,CVX,CVX,110.16000366210938,111.69999694824219,109.80000305175781,111.69999694824219,91.4107666015625,10362800
2021-10-20,CVX,CVX,111.08999633789062,113.16999816894531,110.77999877929688,113.16000366210938,92.60557556152344,10811400
2021-10-21,CVX,CVX,112.70999908447266,112.80999755859375,110.87000274658203,111.73999786376953,91.44348907470703,9372600
2021-10-22,CVX,CVX,112.22000122070312,112.87999725341797,111.44999694824219,112.80000305175781,92.31097412109375,8673800
2021-10-25,CVX,CVX,113.52999877929688,114.3499984741211,113.30000305175781,113.8499984741211,93.17024230957031,9579800
2021-10-26,CVX,CVX,113.9800033569336,114.5999984741211,113.51000213623047,114.0999984741211,93.37483978271484,7463000
2021-10-27,CVX,CVX,113.22000122070312,113.58000183105469,111.6500015258789,112.06999969482422,91.71356201171875,9096100
2021-10-28,CVX,CVX,111.58000183105469,113.2699966430664,111.58000183105469,113.12000274658203,92.5728530883789,7538200
2021-10-29,CVX,CVX,114.83000183105469,115.29000091552734,113.1500015258789,114.48999786376953,93.6939926147461,15294200
2021-11-01,CVX,CVX,115.02999877929688,115.08999633789062,114.05000305175781,114.52999877929688,93.72673034667969,11213800
2021-11-02,CVX,CVX,114.18000030517578,114.19000244140625,113.20999908447266,113.83000183105469,93.15387725830078,9189700
2021-11-03,CVX,CVX,112.2699966430664,113.2699966430664,111.97000122070312,113.01000213623047,92.48282623291016,10416000
2021-11-04,CVX,CVX,114.22000122070312,114.26000213623047,112.91000366210938,113.51000213623047,92.8919906616211,9673000
2021-11-05,CVX,CVX,114.2699966430664,115.05000305175781,113.93000030517578,114.73999786376953,93.89859008789062,8102100
2021-11-08,CVX,CVX,115.08999633789062,115.98999786376953,114.69000244140625,115.1500015258789,94.234130859375,7695900
2021-11-09,CVX,CVX,115.2699966430664,116.12000274658203,114.45999908447266,116.0,94.9297103881836,10945900
2021-11-10,CVX,CVX,115.76000213623047,116.20999908447266,113.66000366210938,114.1500015258789,93.41576385498047,10305100
2021-11-11,CVX,CVX,113.5999984741211,114.66999816894531,113.56999969482422,114.16000366210938,93.42393493652344,7317500
2021-11-12,CVX,CVX,113.80000305175781,114.30999755859375,113.58999633789062,114.2300033569336,93.48121643066406,8682800
2021-11-15,CVX,CVX,114.94999694824219,116.94999694824219,114.2699966430664,116.81999969482422,95.60077667236328,11050400
2021-11-16,CVX,CVX,117.11000061035156,118.08000183105469,116.86000061035156,117.27999877929688,95.97721099853516,10566300
2021-11-17,CVX,CVX,114.87000274658203,116.52999877929688,114.66000366210938,115.41999816894531,95.5467529296875,11108000
2021-11-18,CVX,CVX,114.8499984741211,115.37999725341797,113.41000366210938,114.44999694824219,94.7437515258789,8368600
2021-11-19,CVX,CVX,112.51000213623047,113.1500015258789,111.0999984741211,111.91000366210938,92.64112854003906,13532600
2021-11-22,CVX,CVX,112.0199966430664,115.19000244140625,111.8499984741211,113.91000366210938,94.2967529296875,9947100
2021-11-23,CVX,CVX,115.19000244140625,116.83999633789062,115.05999755859375,116.30000305175781,96.27523040771484,10366800
2021-11-24,CVX,CVX,116.80999755859375,118.0,116.68000030517578,117.19000244140625,97.01199340820312,8500900
2021-11-26,CVX,CVX,113.3499984741211,114.83000183105469,112.62999725341797,114.51000213623047,94.79344177246094,11861800
2021-11-29,CVX,CVX,116.33999633789062,117.16999816894531,114.70999908447266,114.8499984741211,95.07489776611328,12003800
2021-11-30,CVX,CVX,113.44999694824219,115.86000061035156,112.44000244140625,112.87000274658203,93.4358139038086,24451200
2021-12-01,CVX,CVX,114.94999694824219,116.05999755859375,112.08999633789062,112.0999984741211,92.79839324951172,12302700
2021-12-02,CVX,CVX,113.25,115.69999694824219,111.93000030517578,115.13999938964844,95.3149642944336,11392400
2021-12-03,CVX,CVX,116.73999786376953,117.0,113.58999633789062,114.41000366210938,94.71066284179688,10445100
2021-12-06,CVX,CVX,115.95999908447266,117.44999694824219,115.05000305175781,116.19999694824219,96.19245147705078,9833900
2021-12-07,CVX,CVX,117.23999786376953,118.66000366210938,117.23999786376953,117.91999816894531,97.61630249023438,11419600
2021-12-08,CVX,CVX,118.38999938964844,119.26000213623047,117.66000366210938,118.44999694824219,98.05503845214844,8827900
2021-12-09,CVX,CVX,117.8499984741211,118.5999984741211,117.58000183105469,118.13999938964844,97.79840850830078,8334700
2021-12-10,CVX,CVX,118.93000030517578,119.19999694824219,116.87000274658203,118.33999633789062,97.9639663696289,9090700
2021-12-13,CVX,CVX,117.45999908447266,117.8499984741211,115.61000061035156,115.87999725341797,95.92755889892578,8533000
2021-12-14,CVX,CVX,115.73999786376953,116.91999816894531,115.47000122070312,116.22000122070312,96.20901489257812,12245300
2021-12-15,CVX,CVX,116.31999969482422,116.31999969482422,113.94999694824219,115.55999755859375,95.66264343261719,11069500
2021-12-16,CVX,CVX,116.19000244140625,118.19000244140625,115.91999816894531,116.63999938964844,96.55667877197266,11344700
2021-12-17,CVX,CVX,115.91999816894531,116.45999908447266,113.52999877929688,113.5999984741211,94.04011535644531,22727900
2021-12-20,CVX,CVX,111.86000061035156,113.70999908447266,110.7300033569336,113.6500015258789,94.08153533935547,13464400
2021-12-21,CVX,CVX,114.43000030517578,116.06999969482422,114.29000091552734,115.47000122070312,95.58815002441406,11368200
2021-12-22,CVX,CVX,115.41999816894531,116.68000030517578,114.41000366210938,116.12999725341797,96.13450622558594,8345200
2021-12-23,CVX,CVX,116.51000213623047,117.91999816894531,116.4000015258789,116.41000366210938,96.3663101196289,7416600
2021-12-27,CVX,CVX,116.06999969482422,118.81999969482422,115.41000366210938,118.79000091552734,98.33650970458984,7745500
2021-12-28,CVX,CVX,118.66000366210938,119.33999633789062,118.04000091552734,118.55999755859375,98.14608764648438,6516000
2021-12-29,CVX,CVX,118.08000183105469,118.6500015258789,117.29000091552734,117.94999694824219,97.64112091064453,6957400
2021-12-30,CVX,CVX,118.12999725341797,118.69000244140625,117.33999633789062,117.43000030517578,97.21067810058594,6016000
2021-12-31,CVX,CVX,117.37999725341797,118.08999633789062,117.12999725341797,117.3499984741211,97.14444732666016,5706600
2022-01-03,CVX,CVX,117.41999816894531,119.69000244140625,117.29000091552734,119.26000213623047,98.72557067871094,10717700
2022-01-04,CVX,CVX,119.94999694824219,121.9800033569336,119.66000366210938,121.43000030517578,100.5219497680664,16413100
2022-01-05,CVX,CVX,122.23999786376953,123.83999633789062,122.06999969482422,122.22000122070312,101.17591094970703,15487100
2022-01-06,CVX,CVX,123.62000274658203,124.31999969482422,121.63999938964844,123.26000213623047,102.03684997558594,13318500
2022-01-07,CVX,CVX,123.55000305175781,125.54000091552734,122.94999694824219,125.02999877929688,103.5020980834961,14164600
2022-01-10,CVX,CVX,125.1500015258789,125.69000244140625,123.86000061035156,125.11000061035156,103.56831359863281,12626100
2022-01-11,CVX,CVX,125.86000061035156,128.0,124.83000183105469,127.97000122070312,105.93588256835938,14609000
2022-01-12,CVX,CVX,127.98999786376953,128.42999267578125,126.47000122070312,127.33000183105469,105.40607452392578,12469200
2022-01-13,CVX,CVX,127.13999938964844,128.10000610351562,126.44999694824219,126.80000305175781,104.96733856201172,9691300
2022-01-14,CVX,CVX,126.76000213623047,129.1999969482422,126.76000213623047,128.9600067138672,106.75541687011719,13281000
2022-01-18,CVX,CVX,129.69000244140625,130.0,127.87000274658203,129.3800048828125,107.10311126708984,12905500
2022-01-19,CVX,CVX,129.9499969482422,130.14999389648438,128.5399932861328,128.91000366210938,106.71401977539062,12064300
2022-01-20,CVX,CVX,128.27000427246094,130.86000061035156,127.87999725341797,128.4499969482422,106.3332290649414,11370400
2022-01-21,CVX,CVX,127.76000213623047,128.39999389648438,126.2300033569336,126.91000366210938,105.05839538574219,13055700
2022-01-24,CVX,CVX,124.44999694824219,127.7300033569336,122.83999633789062,127.18000030517578,105.28189086914062,19513700
2022-01-25,CVX,CVX,127.12000274658203,132.74000549316406,125.2699966430664,132.58999633789062,109.76039123535156,19984500
2022-01-26,CVX,CVX,132.89999389648438,134.7100067138672,131.58999633789062,132.69000244140625,109.84318542480469,17266500
2022-01-27,CVX,CVX,134.4499969482422,137.0,133.58999633789062,135.3699951171875,112.06170654296875,20654100
2022-01-28,CVX,CVX,130.0,132.05999755859375,128.07000732421875,130.61000061035156,108.121337890625,24817800
2022-01-31,CVX,CVX,130.19000244140625,131.86000061035156,129.3300018310547,131.3300018310547,108.71735382080078,16401800
2022-02-01,CVX,CVX,130.8300018310547,135.74000549316406,130.50999450683594,134.7899932861328,111.58159637451172,16169700
2022-02-02,CVX,CVX,134.35000610351562,135.8000030517578,132.8000030517578,135.41000366210938,112.09483337402344,10906700
2022-02-03,CVX,CVX,134.85000610351562,135.35000610351562,133.19000244140625,134.1999969482422,111.09317016601562,9447700
2022-02-04,CVX,CVX,135.00999450683594,137.0,135.00999450683594,135.8800048828125,112.4839096069336,13034700
2022-02-07,CVX,CVX,135.33999633789062,139.42999267578125,134.8300018310547,138.5500030517578,114.69417572021484,18422500
2022-02-08,CVX,CVX,138.17999267578125,138.42999267578125,135.00999450683594,136.44000244140625,112.947509765625,11021600
2022-02-09,CVX,CVX,136.72000122070312,138.33999633789062,136.10000610351562,137.7899932861328,114.0650405883789,10140800
2022-02-10,CVX,CVX,137.55999755859375,138.7899932861328,135.38999938964844,136.0399932861328,112.6163558959961,11012700
2022-02-11,CVX,CVX,136.86000061035156,139.44000244140625,136.27999877929688,138.80999755859375,114.90940856933594,12821200
2022-02-14,CVX,CVX,137.94000244140625,138.0500030517578,135.0500030517578,136.6699981689453,113.13788604736328,15945000
2022-02-15,CVX,CVX,133.0800018310547,134.83999633789062,132.17999267578125,134.25999450683594,112.30973815917969,11746800
2022-02-16,CVX,CVX,134.9499969482422,136.16000366210938,133.75999450683594,134.3000030517578,112.34323120117188,11348800
2022-02-17,CVX,CVX,134.1699981689453,134.5800018310547,132.4499969482422,133.61000061035156,111.76599884033203,10073900
2022-02-18,CVX,CVX,132.82000732421875,133.91000366210938,132.0500030517578,133.4199981689453,111.60706329345703,10691800
2022-02-22,CVX,CVX,137.0,137.0,130.52000427246094,132.39999389648438,110.75381469726562,19428700
2022-02-23,CVX,CVX,132.92999267578125,136.0800018310547,132.55999755859375,135.5500030517578,113.38883972167969,16134200
2022-02-24,CVX,CVX,137.92999267578125,138.22999572753906,131.72000122070312,134.85000610351562,112.80329895019531,22108900
2022-02-25,CVX,CVX,135.9600067138672,140.5,135.42999267578125,140.3800048828125,117.4292221069336,28028000
2022-02-28,CVX,CVX,139.27000427246094,144.0,138.64999389648438,144.0,120.45733642578125,24394300
2022-03-01,CVX,CVX,145.00999450683594,149.9600067138672,144.6999969482422,149.72000122070312,125.2421875,31159900
2022-03-02,CVX,CVX,150.1999969482422,155.75,150.0500030517578,154.13999938964844,128.9395751953125,31329500
2022-03-03,CVX,CVX,152.25999450683594,157.1199951171875,151.75,156.22000122070312,130.67950439453125,22492900
2022-03-04,CVX,CVX,155.7899932861328,159.9499969482422,155.08999633789062,158.64999389648438,132.71218872070312,29034400
2022-03-07,CVX,CVX,159.89999389648438,162.10000610351562,155.72000122070312,162.0399932861328,135.5479736328125,34824700
2022-03-08,CVX,CVX,164.30999755859375,174.0,164.10000610351562,170.52999877929688,142.64991760253906,57231000
2022-03-09,CVX,CVX,162.77000427246094,169.77000427246094,161.2100067138672,166.27000427246094,139.08639526367188,43430000
2022-03-10,CVX,CVX,168.74000549316406,174.75999450683594,168.2899932861328,170.82000732421875,142.89251708984375,34913600
2022-03-11,CVX,CVX,165.88999938964844,172.97999572753906,165.8800048828125,170.89999389648438,142.95945739746094,28423600
2022-03-14,CVX,CVX,166.2100067138672,168.35000610351562,164.3000030517578,166.72000122070312,139.4628448486328,25156200
2022-03-15,CVX,CVX,159.11000061035156,160.19000244140625,155.25999450683594,158.27999877929688,132.40267944335938,28534400
2022-03-16,CVX,CVX,158.7899932861328,160.5,156.2100067138672,157.7100067138672,131.92588806152344,22299700
2022-03-17,CVX,CVX,159.9499969482422,160.99000549316406,157.9199981689453,160.44000244140625,134.2095489501953,15750700
2022-03-18,CVX,CVX,160.88999938964844,161.72999572753906,158.77999877929688,161.72999572753906,135.28863525390625,23214700
2022-03-21,CVX,CVX,163.02000427246094,165.5800018310547,162.72000122070312,164.63999938964844,137.72288513183594,13180600
2022-03-22,CVX,CVX,163.69000244140625,165.25999450683594,162.5800018310547,164.08999633789062,137.26280212402344,11063900
2022-03-23,CVX,CVX,166.0,167.35000610351562,164.94000244140625,165.86000061035156,138.74346923828125,10755000
2022-03-24,CVX,CVX,166.42999267578125,167.39999389648438,165.0,166.3000030517578,139.11148071289062,9024800
2022-03-25,CVX,CVX,165.22000122070312,169.69000244140625,165.16000366210938,169.30999755859375,141.62940979003906,10254700
2022-03-28,CVX,CVX,165.89999389648438,166.6300048828125,165.1300048828125,166.35000610351562,139.15333557128906,9992000
2022-03-29,CVX,CVX,163.50999450683594,164.47999572753906,160.5,164.32000732421875,137.45521545410156,15102600
2022-03-30,CVX,CVX,165.24000549316406,166.35000610351562,163.66000366210938,165.47999572753906,138.42555236816406,9906000
2022-03-31,CVX,CVX,163.47000122070312,166.16000366210938,162.72000122070312,162.8300018310547,136.20883178710938,10395900
2022-04-01,CVX,CVX,162.77999877929688,165.9499969482422,162.3300018310547,164.22000122070312,137.37155151367188,8795300
2022-04-04,CVX,CVX,165.0,165.4499969482422,163.0,164.3699951171875,137.49703979492188,8718600
2022-04-05,CVX,CVX,165.02999877929688,167.72000122070312,163.10000610351562,163.36000061035156,136.6521453857422,9538200
2022-04-06,CVX,CVX,164.8300018310547,167.00999450683594,164.3300018310547,164.80999755859375,137.86509704589844,9269000
2022-04-07,CVX,CVX,165.10000610351562,167.6999969482422,163.4199981689453,167.10000610351562,139.78070068359375,8018400
2022-04-08,CVX,CVX,167.0500030517578,171.10000610351562,167.02000427246094,169.92999267578125,142.1480255126953,10801200
2022-04-11,CVX,CVX,168.57000732421875,168.77999877929688,164.91000366210938,165.55999755859375,138.49246215820312,10206100
2022-04-12,CVX,CVX,168.97000122070312,172.67999267578125,168.14999389648438,169.00999450683594,141.37841796875,9528400
2022-04-13,CVX,CVX,170.92999267578125,172.0800018310547,168.2899932861328,171.6699981689453,143.60353088378906,7330700
2022-04-14,CVX,CVX,170.69000244140625,172.94000244140625,170.55999755859375,171.58999633789062,143.53663635253906,9421100
2022-04-18,CVX,CVX,173.0,174.5399932861328,171.8699951171875,173.88999938964844,145.46058654785156,7639000
2022-04-19,CVX,CVX,173.0800018310547,173.69000244140625,171.02999877929688,171.8300018310547,143.73744201660156,6970200
2022-04-20,CVX,CVX,171.6199951171875,173.5800018310547,171.4600067138672,172.52999877929688,144.3229522705078,7495000
2022-04-21,CVX,CVX,171.74000549316406,172.44000244140625,163.8300018310547,164.5800018310547,137.67269897460938,14594800
2022-04-22,CVX,CVX,164.3800048828125,165.47000122070312,160.86000061035156,160.9499969482422,134.6361541748047,12160100
2022-04-25,CVX,CVX,155.72999572753906,158.36000061035156,151.36000061035156,157.49000549316406,131.74185180664062,15449800
2022-04-26,CVX,CVX,158.82000732421875,160.3699951171875,156.38999938964844,156.52999877929688,130.9387969970703,9810600
2022-04-27,CVX,CVX,157.0800018310547,157.9199981689453,154.52000427246094,156.24000549316406,130.69622802734375,10396600
2022-04-28,CVX,CVX,157.4499969482422,163.0,154.92999267578125,161.7899932861328,135.3388671875,9366400
2022-04-29,CVX,CVX,161.27999877929688,162.44000244140625,156.2899932861328,156.6699981689453,131.05587768554688,14713200
2022-05-02,CVX,CVX,156.30999755859375,160.0,155.14999389648438,159.75,133.6323699951172,11559000
2022-05-03,CVX,CVX,159.57000732421875,163.42999267578125,159.25999450683594,162.49000549316406,135.92437744140625,8827200
2022-05-04,CVX,CVX,164.97000122070312,167.88999938964844,163.47000122070312,167.58999633789062,140.1905975341797,9183200
2022-05-05,CVX,CVX,169.25999450683594,169.5,162.64999389648438,166.25999450683594,139.07803344726562,9807600
2022-05-06,CVX,CVX,168.27000427246094,170.97000122070312,165.4199981689453,170.69000244140625,142.78375244140625,10418100
2022-05-09,CVX,CVX,167.75,167.75,158.47999572753906,159.25,133.214111328125,14110700
2022-05-10,CVX,CVX,162.2100067138672,164.19000244140625,157.8699951171875,160.77999877929688,134.49395751953125,11636000
2022-05-11,CVX,CVX,163.5800018310547,167.4600067138672,162.50999450683594,163.16000366210938,136.48487854003906,9105500
2022-05-12,CVX,CVX,163.22000122070312,164.85000610351562,158.86000061035156,164.7100067138672,137.7814483642578,8936400
2022-05-13,CVX,CVX,166.5,168.7899932861328,164.8800048828125,167.8699951171875,140.42483520507812,9229900
2022-05-16,CVX,CVX,169.0,174.97000122070312,168.86000061035156,173.00999450683594,144.72450256347656,13296300
2022-05-17,CVX,CVX,174.83999633789062,175.64999389648438,172.61000061035156,174.02999877929688,145.5777130126953,12827600
2022-05-18,CVX,CVX,174.1199951171875,174.1300048828125,165.7899932861328,168.05999755859375,141.7403106689453,13107500
2022-05-19,CVX,CVX,164.6300048828125,169.63999938964844,162.8300018310547,166.86000061035156,140.7282257080078,10958700
2022-05-20,CVX,CVX,168.8800048828125,171.0399932861328,164.08999633789062,167.82000732421875,141.53787231445312,9615000
2022-05-23,CVX,CVX,169.42999267578125,172.9600067138672,169.11000061035156,171.72000122070312,144.82711791992188,10216400
2022-05-24,CVX,CVX,170.69000244140625,173.5800018310547,169.80999755859375,172.63999938964844,145.60296630859375,9782700
2022-05-25,CVX,CVX,173.13999938964844,175.99000549316406,172.97000122070312,175.41000366210938,147.939208984375,10174500
2022-05-26,CVX,CVX,176.49000549316406,177.92999267578125,175.00999450683594,176.58999633789062,148.9344024658203,11213900
2022-05-27,CVX,CVX,176.52000427246094,178.35000610351562,175.69000244140625,178.27999877929688,150.35972595214844,10512300
2022-05-31,CVX,CVX,179.9600067138672,180.9600067138672,173.47000122070312,174.66000366210938,147.30665588378906,20547600
2022-06-01,CVX,CVX,176.72999572753906,178.1300048828125,174.94000244140625,176.32000732421875,148.70672607421875,8824100
2022-06-02,CVX,CVX,174.74000549316406,176.50999450683594,174.10000610351562,176.0,148.4368133544922,7441900
2022-06-03,CVX,CVX,176.0,178.25,176.0,177.60000610351562,149.78623962402344,8435300
2022-06-06,CVX,CVX,177.89999389648438,178.0,175.50999450683594,176.8300018310547,149.13682556152344,6734200
2022-06-07,CVX,CVX,177.47000122070312,180.66000366210938,176.9199981689453,180.1999969482422,151.97903442382812,9668300
2022-06-08,CVX,CVX,180.9499969482422,182.39999389648438,180.25,181.1300048828125,152.76344299316406,8715200
2022-06-09,CVX,CVX,180.02999877929688,180.63999938964844,177.38999938964844,177.52000427246094,149.71876525878906,9764600
2022-06-10,CVX,CVX,176.3699951171875,178.57000732421875,173.64999389648438,175.39999389648438,147.93080139160156,9529700
2022-06-13,CVX,CVX,171.61000061035156,172.0,164.05999755859375,167.3300018310547,141.1246337890625,14614900
2022-06-14,CVX,CVX,169.3699951171875,172.2899932861328,165.83999633789062,167.5500030517578,141.31016540527344,10269300
2022-06-15,CVX,CVX,166.77999877929688,167.85000610351562,161.94000244140625,164.25999450683594,138.53538513183594,11565300
2022-06-16,CVX,CVX,159.94000244140625,160.5399932861328,153.75,155.47999572753906,131.1304473876953,18125900
2022-06-17,CVX,CVX,154.8800048828125,155.47000122070312,145.7899932861328,148.3800048828125,125.14238739013672,35575100
2022-06-21,CVX,CVX,152.0500030517578,156.02000427246094,151.44000244140625,154.58999633789062,130.3798065185547,13772000
2022-06-22,CVX,CVX,148.07000732421875,150.8000030517578,146.3300018310547,147.8699951171875,124.71222686767578,13735800
2022-06-23,CVX,CVX,148.7899932861328,149.22999572753906,140.14999389648438,142.42999267578125,120.1241683959961,15713700
2022-06-24,CVX,CVX,145.1999969482422,147.08999633789062,142.60000610351562,144.77000427246094,122.09772491455078,11108300
2022-06-27,CVX,CVX,145.86000061035156,148.82000732421875,145.60000610351562,147.57000732421875,124.459228515625,9242400
2022-06-28,CVX,CVX,150.8800048828125,152.19000244140625,148.11000061035156,149.94000244140625,126.45807647705078,9183300
2022-06-29,CVX,CVX,151.6300048828125,152.11000061035156,146.08999633789062,146.97999572753906,123.96159362792969,9082900
2022-06-30,CVX,CVX,144.5500030517578,147.9199981689453,143.41000366210938,144.77999877929688,122.10615539550781,10685000
2022-07-01,CVX,CVX,146.60000610351562,146.9600067138672,142.47000122070312,146.50999450683594,123.56521606445312,7684600
2022-07-05,CVX,CVX,143.64999389648438,144.5399932861328,139.41000366210938,142.66000366210938,120.31816101074219,11513100
2022-07-06,CVX,CVX,141.66000366210938,143.25999450683594,136.8000030517578,140.77999877929688,118.73257446289062,12421200
2022-07-07,CVX,CVX,144.10000610351562,145.3000030517578,143.0800018310547,143.52000427246094,121.04349517822266,12741800
2022-07-08,CVX,CVX,144.8800048828125,145.4499969482422,141.08999633789062,142.77000427246094,120.41094970703125,7915500
2022-07-11,CVX,CVX,141.91000366210938,142.85000610351562,139.92999267578125,141.50999450683594,119.34827423095703,7056800
2022-07-12,CVX,CVX,138.5,139.6199951171875,137.25999450683594,138.9199981689453,117.16386413574219,8653900
2022-07-13,CVX,CVX,137.61000061035156,140.72999572753906,137.13999938964844,137.99000549316406,116.3795166015625,9414600
2022-07-14,CVX,CVX,134.30999755859375,136.16000366210938,132.5399932861328,135.94000244140625,114.65058898925781,10150200
2022-07-15,CVX,CVX,138.9600067138672,138.9600067138672,136.42999267578125,137.64999389648438,116.0927505493164,7051900
2022-07-18,CVX,CVX,140.55999755859375,142.13999938964844,139.0800018310547,139.5800018310547,117.72052001953125,7943900
2022-07-19,CVX,CVX,139.69000244140625,145.00999450683594,139.4199981689453,144.61000061035156,121.96276092529297,9152100
2022-07-20,CVX,CVX,144.5,147.25999450683594,143.32000732421875,146.52000427246094,123.57366180419922,7856600
2022-07-21,CVX,CVX,143.1199951171875,145.47000122070312,141.5,145.39999389648438,122.62904357910156,6724200
2022-07-22,CVX,CVX,145.55999755859375,146.3000030517578,143.4199981689453,144.19000244140625,121.60855102539062,5889500
2022-07-25,CVX,CVX,145.6999969482422,148.61000061035156,144.17999267578125,148.47999572753906,125.2266845703125,6210900
2022-07-26,CVX,CVX,149.5,150.67999267578125,146.52999877929688,147.32000732421875,124.24835968017578,6112800
2022-07-27,CVX,CVX,148.33999633789062,150.1999969482422,146.66000366210938,149.25999450683594,125.88455200195312,6223000
2022-07-28,CVX,CVX,150.69000244140625,151.47000122070312,148.02999877929688,150.38999938964844,126.83757781982422,6574300
2022-07-29,CVX,CVX,156.5399932861328,164.66000366210938,155.89999389648438,163.77999877929688,138.1305694580078,17143700
2022-08-01,CVX,CVX,161.17999267578125,161.86000061035156,159.14999389648438,160.50999450683594,135.37266540527344,8017800
2022-08-02,CVX,CVX,160.88999938964844,161.47000122070312,158.3000030517578,159.13999938964844,134.2172393798828,5928300
2022-08-03,CVX,CVX,159.30999755859375,159.9600067138672,154.35000610351562,155.36000061035156,131.02920532226562,8751400
2022-08-04,CVX,CVX,155.32000732421875,155.44000244140625,150.72999572753906,151.13999938964844,127.4701156616211,10640000
2022-08-05,CVX,CVX,149.63999938964844,155.00999450683594,149.02000427246094,153.63999938964844,129.5785675048828,7170200
2022-08-08,CVX,CVX,153.58999633789062,154.97999572753906,153.14999389648438,153.41000366210938,129.38462829589844,5966900
2022-08-09,CVX,CVX,155.94000244140625,157.8000030517578,154.60000610351562,155.41000366210938,131.07139587402344,5842200
2022-08-10,CVX,CVX,156.0,156.47000122070312,152.92999267578125,155.82000732421875,131.4171905517578,6145800
2022-08-11,CVX,CVX,158.11000061035156,161.16000366210938,157.6199951171875,159.6199951171875,134.62208557128906,7888600
2022-08-12,CVX,CVX,158.25,159.91000366210938,157.13999938964844,159.85000610351562,134.81605529785156,7244700
2022-08-15,CVX,CVX,155.17999267578125,157.7899932861328,153.44000244140625,156.80999755859375,132.2521514892578,8975200
2022-08-16,CVX,CVX,157.41000366210938,157.9199981689453,155.82000732421875,156.41000366210938,131.914794921875,7218400
2022-08-17,CVX,CVX,156.6300048828125,159.33999633789062,155.50999450683594,157.6999969482422,133.00274658203125,6741100
2022-08-18,CVX,CVX,157.14999389648438,159.66000366210938,157.08999633789062,159.02000427246094,135.33462524414062,6477500
2022-08-19,CVX,CVX,158.4600067138672,159.74000549316406,157.6199951171875,157.69000244140625,134.20272827148438,6834200
2022-08-22,CVX,CVX,156.69000244140625,157.74000549316406,154.4199981689453,156.89999389648438,133.5304412841797,9147000
2022-08-23,CVX,CVX,159.10000610351562,162.33999633789062,158.7100067138672,161.99000549316406,137.86227416992188,10354800
2022-08-24,CVX,CVX,161.66000366210938,163.35000610351562,160.6699981689453,163.19000244140625,138.88356018066406,9468100
2022-08-25,CVX,CVX,163.9199981689453,164.89999389648438,162.61000061035156,164.6199951171875,140.1005401611328,8050700
2022-08-26,CVX,CVX,164.17999267578125,166.1300048828125,162.4600067138672,163.41000366210938,139.07078552246094,7765800
2022-08-29,CVX,CVX,163.88999938964844,166.8300018310547,163.63999938964844,164.6300048828125,140.10903930664062,8462600
2022-08-30,CVX,CVX,162.32000732421875,162.55999755859375,158.75999450683594,160.6199951171875,136.69631958007812,8814300
2022-08-31,CVX,CVX,157.61000061035156,161.41000366210938,156.14999389648438,158.05999755859375,134.5176239013672,13582700
2022-09-01,CVX,CVX,156.47999572753906,156.8800048828125,153.22999572753906,155.5399932861328,132.37295532226562,8244400
2022-09-02,CVX,CVX,158.24000549316406,159.1300048828125,156.72000122070312,157.85000610351562,134.33889770507812,7526600
2022-09-06,CVX,CVX,159.88999938964844,159.99000549316406,155.7100067138672,157.1199951171875,133.7176513671875,8550000
2022-09-07,CVX,CVX,154.05999755859375,155.82000732421875,152.6199951171875,155.11000061035156,132.0070343017578,9442100
2022-09-08,CVX,CVX,155.58999633789062,156.3800048828125,153.3800048828125,155.9499969482422,132.72189331054688,9232500
2022-09-09,CVX,CVX,158.41000366210938,160.64999389648438,157.52999877929688,159.97000122070312,136.14312744140625,8261100
2022-09-12,CVX,CVX,162.80999755859375,164.52999877929688,161.25,162.5,138.2963104248047,8920800
2022-09-13,CVX,CVX,161.41000366210938,162.66000366210938,158.74000549316406,159.41000366210938,135.66656494140625,10308300
2022-09-14,CVX,CVX,160.94000244140625,163.57000732421875,160.35000610351562,163.27000427246094,138.95164489746094,11160800
2022-09-15,CVX,CVX,160.67999267578125,161.6999969482422,159.5800018310547,160.6199951171875,136.69631958007812,9665000
2022-09-16,CVX,CVX,160.52000427246094,161.13999938964844,155.61000061035156,156.4499969482422,133.14743041992188,43741600
2022-09-19,CVX,CVX,152.92999267578125,156.9499969482422,152.8000030517578,156.89999389648438,133.5304412841797,6813800
2022-09-20,CVX,CVX,156.0399932861328,156.85000610351562,154.33999633789062,156.27999877929688,133.0027313232422,8955200
2022-09-21,CVX,CVX,158.30999755859375,158.77999877929688,154.9499969482422,155.00999450683594,131.92190551757812,6877000
2022-09-22,CVX,CVX,157.60000610351562,158.27999877929688,154.74000549316406,154.88999938964844,131.81980895996094,6981100
2022-09-23,CVX,CVX,149.75,150.17999267578125,143.66000366210938,144.77000427246094,123.20711517333984,13919700
2022-09-26,CVX,CVX,143.57000732421875,145.0500030517578,140.88999938964844,140.9600067138672,119.96460723876953,9444000
2022-09-27,CVX,CVX,142.2899932861328,143.77000427246094,140.4600067138672,141.02000427246094,120.01565551757812,10121000
2022-09-28,CVX,CVX,142.0800018310547,146.44000244140625,141.39999389648438,145.77999877929688,124.0666732788086,8279800
2022-09-29,CVX,CVX,144.50999450683594,145.41000366210938,142.27000427246094,144.77000427246094,123.20711517333984,8197600
2022-09-30,CVX,CVX,144.02999877929688,145.13999938964844,142.49000549316406,143.6699981689453,122.27096557617188,9402700
2022-10-03,CVX,CVX,148.97000122070312,152.33999633789062,148.3000030517578,151.72999572753906,129.1304473876953,9597400
2022-10-04,CVX,CVX,154.42999267578125,157.8800048828125,153.6300048828125,157.6300048828125,134.15170288085938,9520200
2022-10-05,CVX,CVX,155.83999633789062,159.72999572753906,154.8000030517578,158.52999877929688,134.91763305664062,10633100
2022-10-06,CVX,CVX,157.33999633789062,161.94000244140625,157.1999969482422,161.4199981689453,137.37716674804688,9498300
2022-10-07,CVX,CVX,162.50999450683594,163.92999267578125,159.05999755859375,160.02999877929688,136.19422912597656,9972500
2022-10-10,CVX,CVX,161.0,161.47000122070312,156.44000244140625,157.13999938964844,133.73464965820312,5904500
2022-10-11,CVX,CVX,154.75,159.92999267578125,154.11000061035156,157.1699981689453,133.76019287109375,7533300
2022-10-12,CVX,CVX,156.13999938964844,158.80999755859375,155.52000427246094,157.63999938964844,134.1602020263672,4942000
2022-10-13,CVX,CVX,156.35000610351562,165.99000549316406,156.35000610351562,165.27999877929688,140.6622314453125,10227500
2022-10-14,CVX,CVX,164.0399932861328,165.4600067138672,159.92999267578125,160.13999938964844,136.28782653808594,7327900
2022-10-17,CVX,CVX,163.2899932861328,164.91000366210938,161.10000610351562,161.30999755859375,137.2835693359375,5890400
2022-10-18,CVX,CVX,162.36000061035156,163.30999755859375,158.9600067138672,162.72000122070312,138.48353576660156,5631200
2022-10-19,CVX,CVX,163.58999633789062,169.2100067138672,163.58999633789062,168.0,142.9770965576172,9766800
2022-10-20,CVX,CVX,169.3000030517578,171.82000732421875,167.94000244140625,168.9600067138672,143.7941131591797,8871500
2022-10-21,CVX,CVX,169.14999389648438,173.83999633789062,168.85000610351562,173.19000244140625,147.3940887451172,7971300
2022-10-24,CVX,CVX,172.0800018310547,174.6699981689453,171.61000061035156,173.1300048828125,147.34303283691406,7007700
2022-10-25,CVX,CVX,173.05999755859375,175.0,172.1699981689453,174.92999267578125,148.87493896484375,7280600
2022-10-26,CVX,CVX,175.32000732421875,178.47999572753906,175.1699981689453,177.08999633789062,150.7132110595703,6865300
2022-10-27,CVX,CVX,179.88999938964844,181.39999389648438,177.47999572753906,177.89999389648438,151.40252685546875,9177400
2022-10-28,CVX,CVX,181.47000122070312,182.86000061035156,176.52999877929688,179.97999572753906,153.17274475097656,10773900
2022-10-31,CVX,CVX,178.05999755859375,183.83999633789062,178.05999755859375,180.89999389648438,153.9556884765625,13281000
2022-11-01,CVX,CVX,183.8699951171875,184.5,181.89999389648438,182.22000122070312,155.0791473388672,9185600
2022-11-02,CVX,CVX,180.92999267578125,182.89999389648438,178.27000427246094,178.5,151.9131622314453,8087500
2022-11-03,CVX,CVX,177.97000122070312,182.19000244140625,177.41000366210938,181.1300048828125,154.15145874023438,6607800
2022-11-04,CVX,CVX,184.83999633789062,185.39999389648438,180.60000610351562,183.4199981689453,156.10037231445312,7491900
2022-11-07,CVX,CVX,182.5,186.3800048828125,182.11000061035156,185.61000061035156,157.96420288085938,7578000
2022-11-08,CVX,CVX,185.32000732421875,186.25,183.86000061035156,185.33999633789062,157.73439025878906,6308200
2022-11-09,CVX,CVX,183.61000061035156,183.80999755859375,177.22000122070312,177.92999267578125,151.4281005859375,8021700
2022-11-10,CVX,CVX,182.22999572753906,182.3300018310547,178.0399932861328,181.3000030517578,154.296142578125,6981500
2022-11-11,CVX,CVX,184.0500030517578,187.10000610351562,183.88999938964844,186.4600067138672,158.6875762939453,8428300
2022-11-14,CVX,CVX,186.30999755859375,189.67999267578125,186.17999267578125,186.5500030517578,158.76414489746094,9722400
2022-11-15,CVX,CVX,187.1199951171875,188.44000244140625,185.27000427246094,188.0500030517578,160.040771484375,7747300
2022-11-16,CVX,CVX,186.5399932861328,187.82000732421875,183.67999267578125,184.99000549316406,157.43653869628906,7941100
2022-11-17,CVX,CVX,181.50999450683594,184.22999572753906,180.27000427246094,184.08999633789062,157.88247680664062,6550500
2022-11-18,CVX,CVX,180.9600067138672,183.41000366210938,179.64999389648438,182.99000549316406,156.9390869140625,7661500
2022-11-21,CVX,CVX,179.72999572753906,181.6999969482422,175.82000732421875,181.24000549316406,155.438232421875,8432900
2022-11-22,CVX,CVX,183.75,186.55999755859375,183.0800018310547,185.88999938964844,159.42625427246094,9018000
2022-11-23,CVX,CVX,183.2100067138672,185.14999389648438,182.5800018310547,184.24000549316406,158.01113891601562,5831200
2022-11-25,CVX,CVX,184.88999938964844,185.3000030517578,183.30999755859375,183.6999969482422,157.54803466796875,2796400
2022-11-28,CVX,CVX,180.27999877929688,181.47000122070312,177.9600067138672,178.36000061035156,152.96824645996094,9365500
2022-11-29,CVX,CVX,180.25999450683594,181.85000610351562,179.64999389648438,181.02999877929688,155.25811767578125,6985400
2022-11-30,CVX,CVX,182.85000610351562,183.33999633789062,179.6199951171875,183.30999755859375,157.21353149414062,10936700
2022-12-01,CVX,CVX,184.25999450683594,184.5500030517578,181.44000244140625,182.49000549316406,156.51025390625,5217400
2022-12-02,CVX,CVX,181.52999877929688,183.6300048828125,179.92999267578125,181.02999877929688,155.25811767578125,6852300
2022-12-05,CVX,CVX,182.6699981689453,182.9499969482422,174.6300048828125,176.55999755859375,151.42449951171875,8162200
2022-12-06,CVX,CVX,175.50999450683594,178.05999755859375,171.1199951171875,172.00999450683594,147.522216796875,8765000
2022-12-07,CVX,CVX,171.05999755859375,174.5800018310547,170.85000610351562,172.52000427246094,147.95962524414062,6936300
2022-12-08,CVX,CVX,176.25,176.39999389648438,172.02999877929688,173.5399932861328,148.83441162109375,8076600
2022-12-09,CVX,CVX,172.3000030517578,173.19000244140625,167.92999267578125,168.0,144.0830841064453,10754300
2022-12-12,CVX,CVX,168.92999267578125,170.52000427246094,167.7100067138672,169.75,145.583984375,9364900
2022-12-13,CVX,CVX,173.57000732421875,174.4600067138672,172.47999572753906,173.52999877929688,148.82582092285156,7838800
2022-12-14,CVX,CVX,174.49000549316406,174.9199981689453,171.27000427246094,172.3300018310547,147.79666137695312,7045500
2022-12-15,CVX,CVX,170.60000610351562,171.3699951171875,168.05999755859375,171.0399932861328,146.6903076171875,7272900
2022-12-16,CVX,CVX,168.52999877929688,170.14999389648438,167.10000610351562,168.72000122070312,144.70059204101562,23876000
2022-12-19,CVX,CVX,170.11000061035156,170.82000732421875,168.25,169.8800048828125,145.69546508789062,7131600
2022-12-20,CVX,CVX,169.80999755859375,173.2899932861328,169.60000610351562,172.6699981689453,148.0882568359375,6199100
2022-12-21,CVX,CVX,175.19000244140625,175.9600067138672,173.16000366210938,174.6999969482422,149.8292694091797,5479400
2022-12-22,CVX,CVX,175.16000366210938,175.2100067138672,168.3300018310547,172.0800018310547,147.58229064941406,5755000
2022-12-23,CVX,CVX,174.10000610351562,177.5800018310547,173.69000244140625,177.39999389648438,152.14488220214844,6079100
2022-12-27,CVX,CVX,178.36000061035156,180.22999572753906,177.39999389648438,179.6300048828125,154.05740356445312,5168000
2022-12-28,CVX,CVX,178.86000061035156,179.3000030517578,175.92999267578125,176.97999572753906,151.78469848632812,4494400
2022-12-29,CVX,CVX,176.64999389648438,179.1999969482422,176.64999389648438,178.32000732421875,152.93392944335938,4142100
2022-12-30,CVX,CVX,178.02999877929688,179.9499969482422,177.6999969482422,179.49000549316406,153.93736267089844,5005100
2023-01-03,CVX,CVX,178.0399932861328,179.0,171.50999450683594,173.99000549316406,149.22035217285156,7565400
2023-01-04,CVX,CVX,170.9499969482422,174.2899932861328,170.85000610351562,172.13999938964844,147.6337432861328,7684500
2023-01-05,CVX,CVX,171.5,176.19000244140625,171.24000549316406,175.24000549316406,150.2924041748047,6088200
2023-01-06,CVX,CVX,177.02000427246094,179.38999938964844,175.6999969482422,176.55999755859375,151.42449951171875,7191200
2023-01-09,CVX,CVX,178.25999450683594,178.3300018310547,174.3800048828125,175.17999267578125,150.24095153808594,8385600
2023-01-10,CVX,CVX,176.39999389648438,176.7100067138672,173.72000122070312,176.0399932861328,150.978515625,8307000
2023-01-11,CVX,CVX,177.88999938964844,178.13999938964844,174.3000030517578,175.1999969482422,150.25808715820312,6962600
2023-01-12,CVX,CVX,175.99000549316406,178.3699951171875,175.89999389648438,177.0800018310547,151.87042236328125,6891400
2023-01-13,CVX,CVX,177.08999633789062,177.99000549316406,175.67999267578125,177.55999755859375,152.28211975097656,5726300
2023-01-17,CVX,CVX,178.44000244140625,181.32000732421875,178.17999267578125,180.49000549316406,154.79498291015625,10697700
2023-01-18,CVX,CVX,180.82000732421875,182.3800048828125,176.94000244140625,177.22999572753906,151.99908447265625,8899200
2023-01-19,CVX,CVX,176.61000061035156,179.9499969482422,176.16000366210938,179.0,153.5171356201172,5907200
2023-01-20,CVX,CVX,178.80999755859375,181.36000061035156,177.52000427246094,180.89999389648438,155.1466064453125,10477900
2023-01-23,CVX,CVX,181.2100067138672,182.5500030517578,180.02999877929688,180.66000366210938,154.9407958984375,8381300
2023-01-24,CVX,CVX,181.08999633789062,182.0,178.6999969482422,180.8300018310547,155.0865936279297,5989000
2023-01-25,CVX,CVX,179.2899932861328,180.02999877929688,176.35000610351562,179.0800018310547,153.5857391357422,6727500
2023-01-26,CVX,CVX,184.99000549316406,187.80999755859375,183.47999572753906,187.7899932861328,161.0557403564453,14307800
2023-01-27,CVX,CVX,184.22999572753906,184.22999572753906,177.9199981689453,179.4499969482422,153.90304565429688,19654700
2023-01-30,CVX,CVX,178.0,178.33999633789062,173.6699981689453,174.1999969482422,149.4004669189453,11476000
2023-01-31,CVX,CVX,172.75,174.6300048828125,171.4199981689453,174.02000427246094,149.24607849121094,14481300
2023-02-01,CVX,CVX,173.30999755859375,173.66000366210938,169.5399932861328,171.36000061035156,146.9647674560547,11526400
2023-02-02,CVX,CVX,171.1300048828125,171.42999267578125,166.82000732421875,169.00999450683594,144.94932556152344,10463400
2023-02-03,CVX,CVX,169.86000061035156,171.5500030517578,168.49000549316406,169.4499969482422,145.32667541503906,8404900
2023-02-06,CVX,CVX,169.55999755859375,170.1199951171875,167.3699951171875,169.63999938964844,145.4896240234375,7659500
2023-02-07,CVX,CVX,170.07000732421875,174.38999938964844,169.61000061035156,174.08999633789062,149.3061065673828,10256500
2023-02-08,CVX,CVX,172.47999572753906,174.07000732421875,169.47000122070312,170.0,145.7983856201172,9784700
2023-02-09,CVX,CVX,170.22999572753906,170.66000366210938,168.0,168.44000244140625,144.46044921875,10123400
2023-02-10,CVX,CVX,170.8000030517578,172.72999572753906,170.77999877929688,171.97000122070312,147.48794555664062,11602400
2023-02-13,CVX,CVX,171.32000732421875,171.89999389648438,169.77000427246094,171.00999450683594,146.66456604003906,9442900
2023-02-14,CVX,CVX,170.47999572753906,173.50999450683594,169.97999572753906,172.32000732421875,147.7881317138672,8077300
2023-02-15,CVX,CVX,169.39999389648438,169.52000427246094,167.5,169.00999450683594,146.230712890625,8885700
2023-02-16,CVX,CVX,168.19000244140625,168.66000366210938,166.39999389648438,166.57000732421875,144.11959838867188,6727500
2023-02-17,CVX,CVX,164.72999572753906,164.83999633789062,161.85000610351562,162.85000610351562,140.90097045898438,9612100
2023-02-21,CVX,CVX,162.17999267578125,163.75,160.6999969482422,161.0,139.30029296875,7259700
2023-02-22,CVX,CVX,160.27999877929688,161.66000366210938,158.91000366210938,160.35000610351562,138.73788452148438,6205900
2023-02-23,CVX,CVX,162.25,162.83999633789062,160.55999755859375,161.92999267578125,140.10494995117188,6445500
2023-02-24,CVX,CVX,160.77000427246094,162.60000610351562,159.14999389648438,162.41000366210938,140.520263671875,5330200
2023-02-27,CVX,CVX,163.00999450683594,163.3699951171875,161.9199981689453,162.82000732421875,140.87498474121094,6386800
2023-02-28,CVX,CVX,164.32000732421875,164.32000732421875,160.27999877929688,160.77000427246094,139.1012725830078,10854200
2023-03-01,CVX,CVX,160.9199981689453,163.58999633789062,160.58999633789062,162.0500030517578,140.20880126953125,7470400
2023-03-02,CVX,CVX,161.97999572753906,163.49000549316406,161.58999633789062,162.55999755859375,140.65005493164062,5582000
2023-03-03,CVX,CVX,160.8699951171875,165.5800018310547,160.4199981689453,164.9600067138672,142.72654724121094,6007500
2023-03-06,CVX,CVX,164.33999633789062,166.8000030517578,163.80999755859375,166.1699981689453,143.77345275878906,7703600
2023-03-07,CVX,CVX,165.6999969482422,166.60000610351562,163.5800018310547,164.02999877929688,141.9219207763672,7393000
2023-03-08,CVX,CVX,163.22999572753906,165.2899932861328,161.3800048828125,162.99000549316406,141.02206420898438,5435800
2023-03-09,CVX,CVX,163.7899932861328,165.49000549316406,160.19000244140625,160.50999450683594,138.87632751464844,6214700
2023-03-10,CVX,CVX,160.94000244140625,164.6699981689453,158.6699981689453,159.6699981689453,138.14955139160156,7385800
2023-03-13,CVX,CVX,156.44000244140625,160.9499969482422,153.8000030517578,158.7100067138672,137.3189697265625,10106100
2023-03-14,CVX,CVX,158.25999450683594,164.02000427246094,157.8800048828125,160.75999450683594,139.09266662597656,10035200
2023-03-15,CVX,CVX,155.58999633789062,157.9499969482422,152.00999450683594,153.8000030517578,133.0707244873047,14063100
2023-03-16,CVX,CVX,150.16000366210938,155.47000122070312,149.91000366210938,154.2899932861328,133.49465942382812,12849600
2023-03-17,CVX,CVX,153.6199951171875,155.3800048828125,150.60000610351562,152.33999633789062,131.80747985839844,33161800
2023-03-20,CVX,CVX,151.74000549316406,155.77999877929688,151.2899932861328,154.5800018310547,133.74559020996094,8469200
2023-03-21,CVX,CVX,157.16000366210938,159.57000732421875,156.47000122070312,159.30999755859375,137.83807373046875,9753500
2023-03-22,CVX,CVX,159.8699951171875,160.05999755859375,155.92999267578125,156.07000732421875,135.03477478027344,6315000
2023-03-23,CVX,CVX,157.02000427246094,158.75999450683594,153.13999938964844,154.52000427246094,133.6936798095703,7859400
2023-03-24,CVX,CVX,152.10000610351562,156.64999389648438,151.8300018310547,156.05999755859375,135.02610778808594,6600100
2023-03-27,CVX,CVX,157.39999389648438,158.47999572753906,155.69000244140625,157.64999389648438,136.40179443359375,7006800
2023-03-28,CVX,CVX,157.27999877929688,160.19000244140625,156.67999267578125,159.49000549316406,137.9938201904297,5605400
2023-03-29,CVX,CVX,160.6199951171875,161.32000732421875,159.3300018310547,160.86000061035156,139.17916870117188,7569700
2023-03-30,CVX,CVX,162.25,163.00999450683594,161.5800018310547,162.38999938964844,140.50294494628906,6322400
2023-03-31,CVX,CVX,162.6999969482422,163.72000122070312,162.14999389648438,163.16000366210938,141.169189453125,7041400
2023-04-03,CVX,CVX,169.8000030517578,171.10000610351562,168.9199981689453,169.9499969482422,147.0439910888672,12868200
2023-04-04,CVX,CVX,171.13999938964844,171.13999938964844,167.72000122070312,169.0399932861328,146.2566680908203,7521400
2023-04-05,CVX,CVX,169.25999450683594,170.44000244140625,167.74000549316406,169.8800048828125,146.9834442138672,6478100
2023-04-06,CVX,CVX,169.35000610351562,169.41000366210938,167.1300048828125,167.64999389648438,145.05401611328125,5803200
2023-04-10,CVX,CVX,168.49000549316406,169.67999267578125,167.30999755859375,168.2899932861328,145.6077117919922,5923500
2023-04-11,CVX,CVX,169.07000732421875,170.33999633789062,168.07000732421875,169.22000122070312,146.4123992919922,5469600
2023-04-12,CVX,CVX,170.4499969482422,171.1199951171875,169.47000122070312,169.82000732421875,146.9315643310547,6157900
2023-04-13,CVX,CVX,170.25,172.47000122070312,169.82000732421875,172.08999633789062,148.8955841064453,6856600
2023-04-14,CVX,CVX,172.5,172.8800048828125,171.22000122070312,172.44000244140625,149.19839477539062,4930700
2023-04-17,CVX,CVX,172.38999938964844,172.5399932861328,170.22000122070312,170.9199981689453,147.8832550048828,7006000
2023-04-18,CVX,CVX,170.82000732421875,172.38999938964844,170.1300048828125,170.52000427246094,147.53720092773438,8045600
2023-04-19,CVX,CVX,169.4600067138672,170.74000549316406,169.10000610351562,170.67999267578125,147.6756134033203,5506800
2023-04-20,CVX,CVX,168.75999450683594,170.05999755859375,168.02000427246094,169.85000610351562,146.95750427246094,5851100
2023-04-21,CVX,CVX,169.8300018310547,170.58999633789062,168.83999633789062,169.1199951171875,146.32586669921875,7179000
2023-04-24,CVX,CVX,169.10000610351562,172.3800048828125,168.5800018310547,171.47999572753906,148.3677978515625,7177600
2023-04-25,CVX,CVX,170.32000732421875,170.39999389648438,168.42999267578125,168.99000549316406,146.2134246826172,5807200
2023-04-26,CVX,CVX,168.2100067138672,168.9499969482422,165.22999572753906,165.97999572753906,143.6090850830078,5927400
2023-04-27,CVX,CVX,166.42999267578125,167.38999938964844,165.07000732421875,166.9499969482422,144.44833374023438,6417200
2023-04-28,CVX,CVX,164.5,168.94000244140625,164.0500030517578,168.5800018310547,145.85867309570312,10036300
2023-05-01,CVX,CVX,167.7100067138672,168.72999572753906,166.36000061035156,167.24000549316406,144.6992645263672,6099800
2023-05-02,CVX,CVX,165.32000732421875,165.3800048828125,158.4499969482422,160.0399932861328,138.46971130371094,10701700
2023-05-03,CVX,CVX,158.14999389648438,159.57000732421875,156.74000549316406,156.8300018310547,135.69235229492188,7538100
2023-05-04,CVX,CVX,157.11000061035156,158.1999969482422,155.4199981689453,156.22000122070312,135.16456604003906,7500400
2023-05-05,CVX,CVX,159.3000030517578,161.1199951171875,158.77999877929688,160.2100067138672,138.61679077148438,5802000
2023-05-08,CVX,CVX,161.57000732421875,162.3000030517578,159.52000427246094,159.5800018310547,138.0717010498047,5028200
2023-05-09,CVX,CVX,158.11000061035156,160.4199981689453,157.91000366210938,159.1199951171875,137.6736602783203,5019800
2023-05-10,CVX,CVX,160.44000244140625,160.44000244140625,155.8800048828125,157.08999633789062,135.9172821044922,6161200
2023-05-11,CVX,CVX,155.3800048828125,156.32000732421875,153.88999938964844,156.22000122070312,135.16456604003906,6666100
2023-05-12,CVX,CVX,157.0,157.92999267578125,155.55999755859375,156.6199951171875,135.51063537597656,4898900
2023-05-15,CVX,CVX,157.22999572753906,158.16000366210938,156.22999572753906,157.1999969482422,136.01248168945312,5096700
2023-05-16,CVX,CVX,156.47999572753906,157.02000427246094,153.3300018310547,153.50999450683594,132.81980895996094,7007700
2023-05-17,CVX,CVX,154.7899932861328,156.4199981689453,153.9600067138672,155.7100067138672,134.72328186035156,6169600
2023-05-18,CVX,CVX,152.8699951171875,154.24000549316406,151.52999877929688,154.00999450683594,134.55728149414062,7477700
2023-05-19,CVX,CVX,154.88999938964844,156.44000244140625,153.99000549316406,155.22999572753906,135.62318420410156,8100900
2023-05-22,CVX,CVX,153.7899932861328,154.8300018310547,152.08999633789062,152.44000244140625,133.1855926513672,11661000
2023-05-23,CVX,CVX,154.13999938964844,157.67999267578125,153.83999633789062,156.85000610351562,137.03857421875,10436200
2023-05-24,CVX,CVX,157.9499969482422,158.57000732421875,156.2899932861328,157.27000427246094,137.405517578125,7064000
2023-05-25,CVX,CVX,154.67999267578125,155.6300048828125,153.5,154.55999755859375,135.037841796875,7037700
2023-05-26,CVX,CVX,155.2899932861328,155.6300048828125,153.4600067138672,154.0800018310547,134.61843872070312,7736200
2023-05-30,CVX,CVX,151.6699981689453,153.25999450683594,151.2100067138672,153.1199951171875,133.7797088623047,7814800
2023-05-31,CVX,CVX,151.5399932861328,152.4199981689453,150.36000061035156,150.6199951171875,131.595458984375,13346400
2023-06-01,CVX,CVX,151.3000030517578,153.74000549316406,149.74000549316406,152.16000366210938,132.9409637451172,9887700
2023-06-02,CVX,CVX,154.5800018310547,156.75,153.61000061035156,156.25999450683594,136.52308654785156,9464300
2023-06-05,CVX,CVX,158.4499969482422,158.4499969482422,155.24000549316406,155.50999450683594,135.86782836914062,6443800
2023-06-06,CVX,CVX,153.3300018310547,156.16000366210938,153.1999969482422,155.7899932861328,136.11244201660156,6176400
2023-06-07,CVX,CVX,156.5500030517578,160.2100067138672,156.5,159.8300018310547,139.64218139648438,9900000
2023-06-08,CVX,CVX,160.16000366210938,160.49000549316406,157.08999633789062,159.24000549316406,139.12669372558594,7142200
2023-06-09,CVX,CVX,159.27999877929688,160.38999938964844,158.6199951171875,158.86000061035156,138.79469299316406,6669500
2023-06-12,CVX,CVX,157.05999755859375,159.3300018310547,156.22999572753906,157.3300018310547,137.45794677734375,7159600
2023-06-13,CVX,CVX,158.52000427246094,160.5800018310547,158.27000427246094,158.50999450683594,138.48890686035156,7660800
2023-06-14,CVX,CVX,159.97999572753906,160.77000427246094,156.14999389648438,157.08999633789062,137.2482452392578,7721100
2023-06-15,CVX,CVX,157.32000732421875,159.7899932861328,157.32000732421875,158.27999877929688,138.2879638671875,7705400
2023-06-16,CVX,CVX,158.57000732421875,159.24000549316406,157.25999450683594,157.25999450683594,137.3967742919922,22908100
2023-06-20,CVX,CVX,156.14999389648438,156.57000732421875,152.24000549316406,153.67999267578125,134.2689208984375,10438700
2023-06-21,CVX,CVX,152.6699981689453,155.9600067138672,152.5,154.8800048828125,135.31741333007812,7328200
2023-06-22,CVX,CVX,153.35000610351562,153.58999633789062,151.97000122070312,152.63999938964844,133.36032104492188,7088600
2023-06-23,CVX,CVX,151.00999450683594,151.6999969482422,150.1300048828125,151.35000610351562,132.23326110839844,15172700
2023-06-26,CVX,CVX,151.6199951171875,154.97000122070312,151.5399932861328,154.00999450683594,134.55728149414062,7371800
2023-06-27,CVX,CVX,153.5,154.7100067138672,152.82000732421875,153.52999877929688,134.13792419433594,6581700
2023-06-28,CVX,CVX,153.44000244140625,155.02000427246094,152.19000244140625,154.9199981689453,135.35235595703125,5773800
2023-06-29,CVX,CVX,155.42999267578125,156.27000427246094,154.44000244140625,156.24000549316406,136.50559997558594,5633500
2023-06-30,CVX,CVX,157.4600067138672,157.9199981689453,156.60000610351562,157.35000610351562,137.4754180908203,6346600
2023-07-03,CVX,CVX,157.17999267578125,158.10000610351562,156.6999969482422,157.2100067138672,137.3531036376953,3272600
2023-07-05,CVX,CVX,157.6999969482422,157.6999969482422,155.1199951171875,156.30999755859375,136.5667724609375,6318700
2023-07-06,CVX,CVX,155.1999969482422,155.8300018310547,151.6300048828125,152.8800048828125,133.5699920654297,9203000
2023-07-07,CVX,CVX,152.13999938964844,155.99000549316406,151.9600067138672,154.22000122070312,134.7407684326172,6602200
2023-07-10,CVX,CVX,153.92999267578125,155.7899932861328,153.9199981689453,155.25,135.6406707763672,5167900
2023-07-11,CVX,CVX,156.0,158.41000366210938,155.66000366210938,158.1199951171875,138.14816284179688,5060500
2023-07-12,CVX,CVX,159.22000122070312,160.33999633789062,158.3300018310547,159.63999938964844,139.4761505126953,6464000
2023-07-13,CVX,CVX,159.83999633789062,160.60000610351562,156.57000732421875,157.50999450683594,137.61521911621094,8143900
2023-07-14,CVX,CVX,157.00999450683594,157.02000427246094,153.3000030517578,153.5800018310547,134.18161010742188,7065700
2023-07-17,CVX,CVX,153.35000610351562,154.13999938964844,152.63999938964844,153.44000244140625,134.05929565429688,4351700
2023-07-18,CVX,CVX,152.6699981689453,156.07000732421875,152.3699951171875,153.75,134.3301239013672,6798300
2023-07-19,CVX,CVX,153.8300018310547,155.77999877929688,153.27999877929688,154.69000244140625,135.15138244628906,5653100
2023-07-20,CVX,CVX,156.16000366210938,157.19000244140625,155.7100067138672,156.39999389648438,136.64541625976562,5866600
2023-07-21,CVX,CVX,157.52999877929688,158.8300018310547,157.05999755859375,158.69000244140625,138.6461639404297,8760100
2023-07-24,CVX,CVX,160.47000122070312,164.0399932861328,160.00999450683594,161.82000732421875,141.38082885742188,9722100
2023-07-25,CVX,CVX,161.91000366210938,163.50999450683594,160.66000366210938,162.55999755859375,142.02737426757812,6767600
2023-07-26,CVX,CVX,160.8800048828125,162.08999633789062,160.5500030517578,161.33999633789062,140.96145629882812,6056400
2023-07-27,CVX,CVX,162.08999633789062,162.47000122070312,159.22000122070312,159.66000366210938,139.49365234375,6470100
2023-07-28,CVX,CVX,158.41000366210938,159.0,156.50999450683594,158.8699951171875,138.80343627929688,6542300
2023-07-31,CVX,CVX,161.1300048828125,163.97999572753906,160.6199951171875,163.66000366210938,142.9884033203125,13056300
2023-08-01,CVX,CVX,163.63999938964844,163.63999938964844,160.5500030517578,162.3000030517578,141.8002166748047,7531400
2023-08-02,CVX,CVX,161.1699981689453,161.22000122070312,158.05999755859375,159.72999572753906,139.55479431152344,7067100
2023-08-03,CVX,CVX,159.91000366210938,161.6999969482422,158.85000610351562,159.6699981689453,139.50238037109375,6680700
2023-08-04,CVX,CVX,160.66000366210938,163.02000427246094,159.0399932861328,159.30999755859375,139.1878662109375,10185400
2023-08-07,CVX,CVX,161.00999450683594,161.3800048828125,159.0800018310547,159.88999938964844,139.69459533691406,13927400
2023-08-08,CVX,CVX,157.94000244140625,159.7899932861328,156.22000122070312,159.64999389648438,139.4849090576172,6451300
2023-08-09,CVX,CVX,160.86000061035156,161.44000244140625,159.30999755859375,159.86000061035156,139.66836547851562,10531500
2023-08-10,CVX,CVX,160.3300018310547,162.47999572753906,159.6199951171875,160.8300018310547,140.515869140625,8647100
2023-08-11,CVX,CVX,160.5,164.1699981689453,160.17999267578125,164.14999389648438,143.41653442382812,6682600
2023-08-14,CVX,CVX,163.77000427246094,164.25,162.61000061035156,164.02999877929688,143.3116912841797,6060100
2023-08-15,CVX,CVX,163.39999389648438,163.41000366210938,159.10000610351562,159.24000549316406,139.12669372558594,7876500
2023-08-16,CVX,CVX,160.52000427246094,161.8300018310547,158.47000122070312,158.6300048828125,138.59376525878906,7920500
2023-08-17,CVX,CVX,159.17999267578125,162.13999938964844,158.97000122070312,159.75,140.9136505126953,8270500
2023-08-18,CVX,CVX,158.3800048828125,161.32000732421875,158.16000366210938,160.89999389648438,141.92803955078125,5999200
2023-08-21,CVX,CVX,161.1999969482422,162.07000732421875,159.4499969482422,160.36000061035156,141.4517059326172,6802300
2023-08-22,CVX,CVX,160.49000549316406,161.25,158.97000122070312,159.0399932861328,140.287353515625,6080800
2023-08-23,CVX,CVX,158.13999938964844,159.41000366210938,156.6999969482422,159.25,140.47259521484375,4975600
2023-08-24,CVX,CVX,157.72999572753906,159.88999938964844,157.55999755859375,157.94000244140625,139.31704711914062,5989600
2023-08-25,CVX,CVX,159.07000732421875,159.91000366210938,157.64999389648438,159.1199951171875,140.35791015625,5291800
2023-08-28,CVX,CVX,159.52999877929688,161.8000030517578,159.22000122070312,160.2100067138672,141.31939697265625,4386100
2023-08-29,CVX,CVX,160.91000366210938,160.9499969482422,159.10000610351562,159.9600067138672,141.09889221191406,5374800
2023-08-30,CVX,CVX,160.58999633789062,161.25,159.92999267578125,160.17999267578125,141.2928924560547,5534900
2023-08-31,CVX,CVX,161.00999450683594,161.24000549316406,159.92999267578125,161.10000610351562,142.10447692871094,7003700
2023-09-01,CVX,CVX,162.63999938964844,164.69000244140625,162.63999938964844,164.3000030517578,144.9271240234375,6663000
2023-09-05,CVX,CVX,165.27999877929688,167.55999755859375,165.1999969482422,166.4600067138672,146.83248901367188,9755800
2023-09-06,CVX,CVX,166.27999877929688,167.44000244140625,165.5800018310547,166.6300048828125,146.982421875,7195500
2023-09-07,CVX,CVX,167.13999938964844,167.89999389648438,166.27999877929688,166.63999938964844,146.99122619628906,7925900
2023-09-08,CVX,CVX,167.4199981689453,168.49000549316406,166.7100067138672,167.2100067138672,147.49403381347656,7434400
2023-09-11,CVX,CVX,168.0800018310547,168.58999633789062,162.8699951171875,163.75999450683594,144.4508056640625,7155100
2023-09-12,CVX,CVX,165.3000030517578,167.19000244140625,165.10000610351562,166.80999755859375,147.14117431640625,7521100
2023-09-13,CVX,CVX,167.41000366210938,167.75,165.5800018310547,166.1999969482422,146.60311889648438,5759500
2023-09-14,CVX,CVX,167.6999969482422,168.5,167.1199951171875,167.22999572753906,147.5116424560547,8822800
2023-09-15,CVX,CVX,166.2100067138672,168.3699951171875,165.8800048828125,166.5,146.8677215576172,17439700
2023-09-18,CVX,CVX,167.8699951171875,168.36000061035156,166.39999389648438,167.22000122070312,147.50283813476562,7027600
2023-09-19,CVX,CVX,168.69000244140625,168.9600067138672,166.42999267578125,167.1999969482422,147.4851837158203,6615100
2023-09-20,CVX,CVX,167.07000732421875,168.50999450683594,166.60000610351562,166.69000244140625,147.0353240966797,5939100
2023-09-21,CVX,CVX,167.1199951171875,167.8699951171875,165.0500030517578,165.19000244140625,145.71218872070312,7150000
2023-09-22,CVX,CVX,166.22999572753906,167.4199981689453,165.94000244140625,166.27999877929688,146.67367553710938,5963000
2023-09-25,CVX,CVX,166.3300018310547,168.77999877929688,165.99000549316406,168.7100067138672,148.817138671875,5510000
2023-09-26,CVX,CVX,167.44000244140625,168.41000366210938,166.97999572753906,167.8000030517578,148.01443481445312,5659200
2023-09-27,CVX,CVX,169.3699951171875,171.22999572753906,168.80999755859375,171.0399932861328,150.8723907470703,9124400
2023-09-28,CVX,CVX,170.5500030517578,171.6999969482422,169.42999267578125,170.58999633789062,150.4754638671875,7151800
2023-09-29,CVX,CVX,170.49000549316406,170.5,167.82000732421875,168.6199951171875,148.73773193359375,7396100
2023-10-02,CVX,CVX,168.33999633789062,168.57000732421875,165.22999572753906,166.5399932861328,146.90301513671875,6839600
2023-10-03,CVX,CVX,165.9199981689453,167.36000061035156,165.50999450683594,166.92999267578125,147.24703979492188,6168600
2023-10-04,CVX,CVX,164.6999969482422,164.97999572753906,161.49000549316406,163.0399932861328,143.81565856933594,9664700
2023-10-05,CVX,CVX,161.4199981689453,164.75,161.38999938964844,163.89999389648438,144.5742950439453,8073000
2023-10-06,CVX,CVX,164.30999755859375,164.3699951171875,158.99000549316406,162.22999572753906,143.10122680664062,10190400
2023-10-09,CVX,CVX,166.3800048828125,168.19000244140625,164.9499969482422,166.72000122070312,147.061767578125,8183500
2023-10-10,CVX,CVX,166.77000427246094,167.39999389648438,165.67999267578125,166.5399932861328,146.90301513671875,6512900
2023-10-11,CVX,CVX,165.07000732421875,165.0800018310547,160.47999572753906,161.10000610351562,142.10447692871094,12570700
2023-10-12,CVX,CVX,163.25999450683594,163.25999450683594,160.89999389648438,161.22999572753906,142.21913146972656,7397000
2023-10-13,CVX,CVX,163.41000366210938,164.83999633789062,162.3000030517578,164.05999755859375,144.7154083251953,8042800
2023-10-16,CVX,CVX,165.33999633789062,165.80999755859375,163.85000610351562,165.39999389648438,145.89743041992188,5446000
2023-10-17,CVX,CVX,164.8300018310547,168.1999969482422,164.64999389648438,167.58999633789062,147.82923889160156,7538300
2023-10-18,CVX,CVX,168.47000122070312,169.6999969482422,167.5800018310547,168.9199981689453,149.0023651123047,6893500
2023-10-19,CVX,CVX,168.6999969482422,170.1699981689453,167.50999450683594,169.10000610351562,149.1611785888672,6580200
2023-10-20,CVX,CVX,168.41000366210938,169.10000610351562,166.10000610351562,166.8300018310547,147.15879821777344,7458300
2023-10-23,CVX,CVX,163.3000030517578,164.42999267578125,160.25,160.67999267578125,141.7339630126953,16232400
2023-10-24,CVX,CVX,160.88999938964844,161.0800018310547,156.47000122070312,156.64999389648438,138.1791534423828,17689900
2023-10-25,CVX,CVX,156.94000244140625,157.41000366210938,155.1699981689453,155.8699951171875,137.49110412597656,10502400
2023-10-26,CVX,CVX,155.00999450683594,155.17999267578125,153.6300048828125,154.75,136.50318908691406,10830400
2023-10-27,CVX,CVX,150.72000122070312,151.25,143.9600067138672,144.35000610351562,127.32946014404297,24524300
2023-10-30,CVX,CVX,145.66000366210938,146.44000244140625,144.32000732421875,146.08999633789062,128.86428833007812,13857100
2023-10-31,CVX,CVX,146.10000610351562,146.52000427246094,144.22999572753906,145.72999572753906,128.54676818847656,14261300
2023-11-01,CVX,CVX,145.97999572753906,146.00999450683594,143.82000732421875,143.97999572753906,127.00308227539062,10819600
2023-11-02,CVX,CVX,144.5399932861328,149.0,143.8300018310547,148.75999450683594,131.21946716308594,11099100
2023-11-03,CVX,CVX,148.3000030517578,148.55999755859375,146.14999389648438,147.61000061035156,130.20510864257812,13160000
2023-11-06,CVX,CVX,148.72999572753906,149.3300018310547,146.69000244140625,147.0,129.66700744628906,10634200
2023-11-07,CVX,CVX,145.16000366210938,145.61000061035156,143.24000549316406,144.41000366210938,127.38240051269531,15054600
2023-11-08,CVX,CVX,143.8800048828125,144.64999389648438,142.25,142.39999389648438,125.60939025878906,12654100
2023-11-09,CVX,CVX,143.0500030517578,143.91000366210938,141.77999877929688,141.94000244140625,125.2036361694336,10359500
2023-11-10,CVX,CVX,143.2899932861328,143.44000244140625,141.72999572753906,142.9499969482422,126.09455871582031,11988200
2023-11-13,CVX,CVX,143.14999389648438,144.3000030517578,142.85000610351562,144.0,127.02072143554688,8747700
2023-11-14,CVX,CVX,144.47999572753906,145.5,143.86000061035156,145.0500030517578,127.94691467285156,11224400
2023-11-15,CVX,CVX,144.86000061035156,146.63999938964844,144.41000366210938,145.55999755859375,128.3967742919922,10052100
2023-11-16,CVX,CVX,143.02000427246094,143.50999450683594,140.74000549316406,141.77000427246094,126.36457061767578,14031300
2023-11-17,CVX,CVX,142.9499969482422,145.19000244140625,142.39999389648438,144.4600067138672,128.76223754882812,11075600
2023-11-20,CVX,CVX,144.6300048828125,145.69000244140625,144.27000427246094,144.3800048828125,128.69091796875,8062400
2023-11-21,CVX,CVX,143.8300018310547,144.3000030517578,142.6999969482422,144.0399932861328,128.38787841796875,6783300
2023-11-22,CVX,CVX,141.74000549316406,144.38999938964844,140.72000122070312,144.3300018310547,128.6463623046875,7216100
2023-11-24,CVX,CVX,144.3000030517578,145.94000244140625,144.1999969482422,144.89999389648438,129.15443420410156,3861000
2023-11-27,CVX,CVX,144.64999389648438,144.82000732421875,142.85000610351562,144.36000061035156,128.67311096191406,9850800
2023-11-28,CVX,CVX,144.77999877929688,146.52000427246094,144.05999755859375,145.50999450683594,129.69815063476562,9746500
2023-11-29,CVX,CVX,146.38999938964844,146.49000549316406,143.05999755859375,143.91000366210938,128.27200317382812,16417100
2023-11-30,CVX,CVX,144.97999572753906,146.00999450683594,142.02999877929688,143.60000610351562,127.99571228027344,16276000
2023-12-01,CVX,CVX,143.49000549316406,146.50999450683594,142.60000610351562,144.80999755859375,129.07420349121094,11906500
2023-12-04,CVX,CVX,144.0,145.6999969482422,143.25,144.8699951171875,129.12770080566406,11842800
2023-12-05,CVX,CVX,144.75999450683594,145.07000732421875,142.6300048828125,142.86000061035156,127.33610534667969,9597600
2023-12-06,CVX,CVX,141.89999389648438,144.02999877929688,141.35000610351562,142.52999877929688,127.0419692993164,18079700
2023-12-07,CVX,CVX,143.50999450683594,144.00999450683594,140.99000549316406,142.4199981689453,126.94390106201172,14786700
2023-12-08,CVX,CVX,143.50999450683594,144.6699981689453,143.1199951171875,144.30999755859375,128.62855529785156,10821700
2023-12-11,CVX,CVX,144.83999633789062,145.39999389648438,143.82000732421875,144.35000610351562,128.66419982910156,9849600
2023-12-12,CVX,CVX,143.1699981689453,143.58999633789062,141.75,142.5,127.01522827148438,9863900
2023-12-13,CVX,CVX,142.1699981689453,144.67999267578125,141.64999389648438,144.61000061035156,128.8959503173828,10641300
2023-12-14,CVX,CVX,145.85000610351562,149.92999267578125,145.85000610351562,149.92999267578125,133.63783264160156,14960500
2023-12-15,CVX,CVX,147.32000732421875,149.82000732421875,147.32000732421875,149.35000610351562,133.12086486816406,30850900
2023-12-18,CVX,CVX,150.8300018310547,152.1199951171875,149.32000732421875,149.67999267578125,133.4149932861328,11561700
2023-12-19,CVX,CVX,149.9600067138672,151.8300018310547,149.49000549316406,151.63999938964844,135.16200256347656,8738100
2023-12-20,CVX,CVX,152.14999389648438,153.05999755859375,150.05999755859375,150.25,133.92308044433594,9370000
2023-12-21,CVX,CVX,150.77999877929688,150.8000030517578,149.22000122070312,150.7100067138672,134.3330841064453,7264700
2023-12-22,CVX,CVX,151.74000549316406,152.38999938964844,150.75,151.0500030517578,134.63613891601562,6396100
2023-12-26,CVX,CVX,152.07000732421875,153.00999450683594,151.89999389648438,152.41000366210938,135.848388671875,5165600
2023-12-27,CVX,CVX,152.27000427246094,152.97000122070312,151.33999633789062,151.91000366210938,135.40267944335938,5337200
2023-12-28,CVX,CVX,151.17999267578125,152.02000427246094,149.39999389648438,149.77000427246094,133.49522399902344,8148000
2023-12-29,CVX,CVX,150.02999877929688,150.22999572753906,148.6699981689453,149.16000366210938,132.95152282714844,7658600
2024-01-02,CVX,CVX,149.99000549316406,151.47999572753906,149.24000549316406,149.47999572753906,133.2367706298828,8879700
2024-01-03,CVX,CVX,149.38999938964844,153.19000244140625,148.67999267578125,152.3300018310547,135.7770538330078,10255300
2024-01-04,CVX,CVX,153.66000366210938,154.35000610351562,150.58999633789062,150.66000366210938,134.28851318359375,8220300
2024-01-05,CVX,CVX,151.97999572753906,152.02999877929688,149.8300018310547,150.39999389648438,134.05677795410156,7455400
2024-01-08,CVX,CVX,148.4199981689453,149.6999969482422,146.5800018310547,149.5,133.25457763671875,10038200
2024-01-09,CVX,CVX,149.9499969482422,149.9499969482422,145.58999633789062,145.6999969482422,129.86749267578125,11784700
2024-01-10,CVX,CVX,146.02000427246094,146.02000427246094,144.11000061035156,144.5,128.7978973388672,8490400
2024-01-11,CVX,CVX,145.55999755859375,146.1699981689453,144.6199951171875,145.27999877929688,129.49313354492188,8612500
2024-01-12,CVX,CVX,147.8300018310547,148.5,146.1699981689453,147.27000427246094,131.2668914794922,9386900
2024-01-16,CVX,CVX,146.50999450683594,146.5800018310547,143.5800018310547,143.69000244140625,128.07591247558594,9380400
2024-01-17,CVX,CVX,142.4199981689453,144.02000427246094,142.0399932861328,143.1199951171875,127.56784057617188,8167000
2024-01-18,CVX,CVX,143.0,143.19000244140625,139.6199951171875,141.82000732421875,126.40911865234375,11187800
2024-01-19,CVX,CVX,141.72999572753906,142.25,141.00999450683594,142.24000549316406,126.78347778320312,11192500
2024-01-22,CVX,CVX,141.91000366210938,142.66000366210938,140.9199981689453,142.49000549316406,127.00630950927734,9184600
2024-01-23,CVX,CVX,141.99000549316406,143.3300018310547,141.89999389648438,142.08999633789062,126.64976501464844,6767200
2024-01-24,CVX,CVX,142.6999969482422,144.97999572753906,142.22000122070312,144.9199981689453,129.1722412109375,8100000
2024-01-25,CVX,CVX,146.22000122070312,148.69000244140625,145.22999572753906,148.57000732421875,132.42562866210938,9773600
2024-01-26,CVX,CVX,148.02999877929688,149.25999450683594,146.97999572753906,149.13999938964844,132.93368530273438,9151900
2024-01-29,CVX,CVX,149.08999633789062,149.22000122070312,147.11000061035156,149.0800018310547,132.88018798828125,10494800
2024-01-30,CVX,CVX,148.17999267578125,150.30999755859375,147.7100067138672,150.1199951171875,133.80718994140625,9902900
2024-01-31,CVX,CVX,150.3699951171875,150.3800048828125,147.33999633789062,147.42999267578125,131.4095001220703,10428000
2024-02-01,CVX,CVX,148.19000244140625,149.02000427246094,146.52000427246094,147.88999938964844,131.8195037841797,8641100
2024-02-02,CVX,CVX,150.86000061035156,153.3800048828125,149.5500030517578,152.24000549316406,135.6968231201172,12839100
2024-02-05,CVX,CVX,151.6199951171875,153.50999450683594,150.7899932861328,152.3300018310547,135.7770538330078,8277800
2024-02-06,CVX,CVX,152.5,153.5399932861328,151.80999755859375,152.35000610351562,135.7948760986328,6198200
2024-02-07,CVX,CVX,153.02000427246094,153.77999877929688,151.1699981689453,152.1300048828125,135.59877014160156,6252000
2024-02-08,CVX,CVX,151.9499969482422,154.3000030517578,151.64999389648438,154.05999755859375,137.3190460205078,9237000
2024-02-09,CVX,CVX,154.4199981689453,155.32000732421875,150.97999572753906,151.0399932861328,134.62722778320312,9194500
2024-02-12,CVX,CVX,151.6199951171875,152.61000061035156,151.38999938964844,152.0800018310547,135.55422973632812,6713000
2024-02-13,CVX,CVX,152.6199951171875,153.07000732421875,149.60000610351562,150.60000610351562,134.2350311279297,6987100
2024-02-14,CVX,CVX,151.27999877929688,152.1999969482422,150.0800018310547,151.00999450683594,134.60047912597656,5995100
2024-02-15,CVX,CVX,149.91000366210938,155.08999633789062,149.6699981689453,154.4600067138672,139.17787170410156,8950300
2024-02-16,CVX,CVX,155.3699951171875,155.77000427246094,154.08999633789062,154.6300048828125,139.3310546875,7570200
2024-02-20,CVX,CVX,155.47000122070312,155.61000061035156,153.8300018310547,154.0,138.7633819580078,6977900
2024-02-21,CVX,CVX,154.57000732421875,155.57000732421875,154.10000610351562,155.44000244140625,140.06089782714844,6628900
2024-02-22,CVX,CVX,154.82000732421875,156.6300048828125,153.8300018310547,155.42999267578125,140.05189514160156,8874900
2024-02-23,CVX,CVX,154.8699951171875,154.9199981689453,153.25,154.66000366210938,139.3580780029297,6561600
2024-02-26,CVX,CVX,154.5399932861328,155.5500030517578,153.8300018310547,154.4499969482422,139.16885375976562,6900800
2024-02-27,CVX,CVX,153.1999969482422,153.8800048828125,149.89999389648438,152.16000366210938,137.10545349121094,15093800
2024-02-28,CVX,CVX,152.36000061035156,153.86000061035156,151.77999877929688,152.33999633789062,137.26759338378906,6715900
2024-02-29,CVX,CVX,152.91000366210938,153.24000549316406,151.47999572753906,152.00999450683594,136.97024536132812,9334400
2024-03-01,CVX,CVX,153.0500030517578,154.35000610351562,152.25,152.80999755859375,137.69113159179688,7459100
2024-03-04,CVX,CVX,152.5,152.58999633789062,147.6699981689453,148.8800048828125,134.14996337890625,12503200
2024-03-05,CVX,CVX,148.8300018310547,150.6199951171875,148.3000030517578,149.58999633789062,134.78968811035156,6985500
2024-03-06,CVX,CVX,150.8300018310547,152.41000366210938,148.13999938964844,148.3300018310547,133.65438842773438,14692100
2024-03-07,CVX,CVX,148.5,150.75,148.4499969482422,149.3699951171875,134.59144592285156,8739300
2024-03-08,CVX,CVX,149.3699951171875,149.99000549316406,148.38999938964844,149.8800048828125,135.05101013183594,7528400
2024-03-11,CVX,CVX,150.5,152.0800018310547,149.58999633789062,152.0,136.9612579345703,7577100
2024-03-12,CVX,CVX,151.8300018310547,152.57000732421875,150.7899932861328,151.88999938964844,136.86215209960938,6432900
2024-03-13,CVX,CVX,153.24000549316406,154.8800048828125,153.14999389648438,153.88999938964844,138.66427612304688,8065600
2024-03-14,CVX,CVX,153.77000427246094,155.72999572753906,152.75999450683594,155.6999969482422,140.29519653320312,9047200
2024-03-15,CVX,CVX,155.19000244140625,157.0399932861328,154.4199981689453,155.5500030517578,140.16004943847656,20387200
2024-03-18,CVX,CVX,156.02999877929688,156.6699981689453,154.94000244140625,155.41000366210938,140.03387451171875,7242700
2024-03-19,CVX,CVX,155.3000030517578,156.83999633789062,155.00999450683594,156.6199951171875,141.12417602539062,7736700
2024-03-20,CVX,CVX,155.75999450683594,156.42999267578125,154.22999572753906,154.5500030517578,139.25900268554688,8449100
2024-03-21,CVX,CVX,154.9499969482422,155.69000244140625,154.41000366210938,154.86000061035156,139.53829956054688,7899100
2024-03-22,CVX,CVX,155.0800018310547,155.27999877929688,154.16000366210938,154.66000366210938,139.3580780029297,5974700
2024-03-25,CVX,CVX,155.47999572753906,157.30999755859375,155.27000427246094,156.47000122070312,140.989013671875,6058700
2024-03-26,CVX,CVX,156.52000427246094,156.86000061035156,154.64999389648438,155.27000427246094,139.90774536132812,6677900
2024-03-27,CVX,CVX,154.8699951171875,156.44000244140625,154.85000610351562,156.35000610351562,140.8809051513672,7416900
2024-03-28,CVX,CVX,157.14999389648438,158.19000244140625,156.3699951171875,157.74000549316406,142.1333465576172,8331600
2024-04-01,CVX,CVX,158.27000427246094,159.58999633789062,156.94000244140625,159.0800018310547,143.34078979492188,6285700
2024-04-02,CVX,CVX,160.0500030517578,161.22000122070312,159.02000427246094,159.77999877929688,143.9715118408203,8815400
2024-04-03,CVX,CVX,160.10000610351562,160.9499969482422,159.72000122070312,160.44000244140625,144.56622314453125,7819700
2024-04-04,CVX,CVX,160.8000030517578,161.9499969482422,159.82000732421875,160.69000244140625,144.79148864746094,9269700
2024-04-05,CVX,CVX,161.3300018310547,162.1699981689453,159.86000061035156,161.60000610351562,145.6114501953125,7432800
2024-04-08,CVX,CVX,161.64999389648438,162.5,160.3300018310547,161.27000427246094,145.3140869140625,7253200
2024-04-09,CVX,CVX,161.85000610351562,162.52999877929688,160.4600067138672,162.0,145.97186279296875,6576200
2024-04-10,CVX,CVX,162.2100067138672,162.77000427246094,161.00999450683594,162.6699981689453,146.57557678222656,7525800
2024-04-11,CVX,CVX,163.6199951171875,163.6199951171875,159.8000030517578,161.88999938964844,145.87277221679688,7682500
2024-04-12,CVX,CVX,162.2899932861328,163.8699951171875,158.0399932861328,158.9600067138672,143.23265075683594,11071000
2024-04-15,CVX,CVX,159.94000244140625,160.49000549316406,157.36000061035156,157.58999633789062,141.99818420410156,7236900
2024-04-16,CVX,CVX,157.3000030517578,157.80999755859375,155.4199981689453,156.27999877929688,140.8177947998047,5541900
2024-04-17,CVX,CVX,155.99000549316406,157.7100067138672,155.63999938964844,156.39999389648438,140.92591857910156,6733900
2024-04-18,CVX,CVX,157.13999938964844,158.0399932861328,156.38999938964844,157.57000732421875,141.9801788330078,4979200
2024-04-19,CVX,CVX,158.75,160.75,158.14999389648438,160.0,144.16976928710938,7734700
2024-04-22,CVX,CVX,159.9499969482422,162.6999969482422,158.44000244140625,161.9199981689453,145.8997802734375,6779200
2024-04-23,CVX,CVX,161.30999755859375,162.85000610351562,160.60000610351562,162.85000610351562,146.73779296875,5597600
2024-04-24,CVX,CVX,161.8800048828125,163.83999633789062,161.4499969482422,163.57000732421875,147.3865509033203,7610300
2024-04-25,CVX,CVX,163.6999969482422,165.60000610351562,162.6699981689453,165.27999877929688,148.92735290527344,9702600
2024-04-26,CVX,CVX,165.22999572753906,166.97999572753906,163.3000030517578,165.88999938964844,149.4770050048828,9736400
2024-04-29,CVX,CVX,165.91000366210938,167.11000061035156,164.69000244140625,166.3300018310547,149.8734893798828,6364000
2024-04-30,CVX,CVX,165.97000122070312,166.1199951171875,160.9499969482422,161.27000427246094,145.3140869140625,8457300
2024-05-01,CVX,CVX,160.77999877929688,161.4499969482422,158.89999389648438,159.6300048828125,143.83636474609375,7713700
2024-05-02,CVX,CVX,160.41000366210938,161.77999877929688,159.88999938964844,160.72999572753906,144.8275146484375,8597100
2024-05-03,CVX,CVX,160.66000366210938,160.66000366210938,157.0399932861328,160.25,144.39500427246094,11664500
2024-05-06,CVX,CVX,160.72999572753906,164.02000427246094,160.72999572753906,162.3000030517578,146.2421875,8430300
2024-05-07,CVX,CVX,162.30999755859375,163.14999389648438,162.02000427246094,162.6699981689453,146.57557678222656,6869900
2024-05-08,CVX,CVX,161.9499969482422,163.0800018310547,161.5399932861328,162.5399932861328,146.4584197998047,6706400
2024-05-09,CVX,CVX,163.02000427246094,165.50999450683594,162.72999572753906,165.4499969482422,149.08053588867188,6683300
2024-05-10,CVX,CVX,166.0399932861328,166.4199981689453,165.02000427246094,165.82000732421875,149.41392517089844,5490900
2024-05-13,CVX,CVX,166.47999572753906,166.91000366210938,162.97999572753906,164.52999877929688,148.25155639648438,6848300
2024-05-14,CVX,CVX,164.33999633789062,165.1999969482422,163.02000427246094,163.61000061035156,147.4225616455078,4924000
2024-05-15,CVX,CVX,163.1300048828125,163.8000030517578,160.1699981689453,163.0500030517578,146.91798400878906,7603100
2024-05-16,CVX,CVX,161.52999877929688,162.0,160.47999572753906,161.08999633789062,146.61764526367188,6409400
2024-05-17,CVX,CVX,161.75,162.97000122070312,161.19000244140625,162.6699981689453,148.05564880371094,5497900
2024-05-20,CVX,CVX,162.72000122070312,163.0,161.07000732421875,161.13999938964844,146.6631317138672,4913800
2024-05-21,CVX,CVX,160.5800018310547,161.4600067138672,159.74000549316406,159.97000122070312,145.59825134277344,4783300
2024-05-22,CVX,CVX,159.52000427246094,159.52000427246094,156.52000427246094,157.57000732421875,143.4138641357422,6260500
2024-05-23,CVX,CVX,157.9199981689453,158.60000610351562,156.3300018310547,156.94000244140625,142.84048461914062,6718400
2024-05-24,CVX,CVX,158.0800018310547,158.97000122070312,157.3000030517578,157.75,143.57769775390625,4477700
2024-05-28,CVX,CVX,158.1199951171875,159.4199981689453,157.9499969482422,159.0399932861328,144.75181579589844,6928300
2024-05-29,CVX,CVX,158.02000427246094,158.49000549316406,156.44000244140625,156.89999389648438,142.8040771484375,5909600
2024-05-30,CVX,CVX,156.85000610351562,158.4600067138672,156.80999755859375,158.25999450683594,144.0418701171875,6369600
2024-05-31,CVX,CVX,158.6300048828125,162.5800018310547,158.50999450683594,162.3000030517578,147.71893310546875,10334200
2024-06-03,CVX,CVX,161.49000549316406,161.67999267578125,156.4600067138672,157.4600067138672,143.31375122070312,9009900
2024-06-04,CVX,CVX,155.72000122070312,156.35000610351562,154.11000061035156,156.1300048828125,142.10324096679688,6360500
2024-06-05,CVX,CVX,156.16000366210938,157.02000427246094,154.52999877929688,154.97999572753906,141.0565643310547,7058500
2024-06-06,CVX,CVX,154.5,156.02000427246094,153.38999938964844,155.92999267578125,141.92120361328125,5215100
2024-06-07,CVX,CVX,155.7100067138672,157.69000244140625,155.1300048828125,156.0800018310547,142.0577392578125,5887700
2024-06-10,CVX,CVX,156.41000366210938,158.1999969482422,156.32000732421875,156.74000549316406,142.65846252441406,7074700
2024-06-11,CVX,CVX,156.1699981689453,156.75,154.47999572753906,156.49000549316406,142.430908203125,5132000
2024-06-12,CVX,CVX,157.49000549316406,157.6300048828125,152.39999389648438,154.22000122070312,140.36485290527344,10017400
2024-06-13,CVX,CVX,153.77000427246094,154.08999633789062,152.22999572753906,152.83999633789062,139.1088409423828,6163000
2024-06-14,CVX,CVX,153.1300048828125,153.2899932861328,151.97000122070312,152.57000732421875,138.8631134033203,6159100
2024-06-17,CVX,CVX,152.5,153.92999267578125,151.92999267578125,153.19000244140625,139.42738342285156,6321400
2024-06-18,CVX,CVX,153.5500030517578,155.9499969482422,152.83999633789062,153.3300018310547,139.55482482910156,6942900
2024-06-20,CVX,CVX,153.7100067138672,157.41000366210938,153.25,156.63999938964844,142.5674285888672,8336000
2024-06-21,CVX,CVX,156.8000030517578,157.6699981689453,155.22000122070312,155.27999877929688,141.32960510253906,21289800
2024-06-24,CVX,CVX,156.27000427246094,159.5399932861328,156.19000244140625,159.30999755859375,144.99757385253906,7971600
2024-06-25,CVX,CVX,159.1199951171875,159.36000061035156,157.6699981689453,158.4600067138672,144.2239227294922,5985400
2024-06-26,CVX,CVX,158.4600067138672,158.4600067138672,155.7899932861328,155.9499969482422,141.93942260742188,8637800
2024-06-27,CVX,CVX,156.6999969482422,156.94000244140625,155.63999938964844,156.32000732421875,142.27618408203125,5568700
2024-06-28,CVX,CVX,157.52000427246094,158.5800018310547,156.1699981689453,156.4199981689453,142.3671875,11283400
2024-07-01,CVX,CVX,157.16000366210938,158.6999969482422,155.97999572753906,156.52000427246094,142.45819091796875,5584100
2024-07-02,CVX,CVX,157.67999267578125,157.72000122070312,155.4499969482422,156.75,142.66754150390625,7216800
2024-07-03,CVX,CVX,156.94000244140625,157.74000549316406,156.55999755859375,156.7100067138672,142.63113403320312,3264200
2024-07-05,CVX,CVX,156.5500030517578,156.5500030517578,153.67999267578125,154.30999755859375,140.4467315673828,6183100
2024-07-08,CVX,CVX,153.32000732421875,155.27999877929688,153.32000732421875,154.3300018310547,140.4649658203125,4990700
2024-07-09,CVX,CVX,153.0,154.75999450683594,152.35000610351562,152.97999572753906,139.2362060546875,5301600
2024-07-10,CVX,CVX,152.5,155.44000244140625,152.3000030517578,155.1300048828125,141.19308471679688,5416600
2024-07-11,CVX,CVX,155.0,156.67999267578125,154.22000122070312,155.25999450683594,141.31141662597656,8322500
2024-07-12,CVX,CVX,156.16000366210938,156.44000244140625,154.55999755859375,155.58999633789062,141.6117706298828,6446300
2024-07-15,CVX,CVX,156.9499969482422,159.52000427246094,156.3699951171875,158.0399932861328,143.84164428710938,5661200
2024-07-16,CVX,CVX,157.00999450683594,158.30999755859375,156.14999389648438,157.77000427246094,143.59591674804688,6924200
2024-07-17,CVX,CVX,158.5,161.47999572753906,158.2899932861328,161.22999572753906,146.74505615234375,7296600
2024-07-18,CVX,CVX,161.22999572753906,164.27999877929688,160.24000549316406,161.97000122070312,147.4185791015625,6577700
2024-07-19,CVX,CVX,162.47999572753906,162.6999969482422,158.41000366210938,159.14999389648438,144.85191345214844,6427700
2024-07-22,CVX,CVX,158.22000122070312,158.97999572753906,156.85000610351562,156.99000549316406,142.885986328125,5577300
2024-07-23,CVX,CVX,156.35000610351562,156.60000610351562,153.83999633789062,154.08999633789062,140.2465057373047,6238700
2024-07-24,CVX,CVX,154.69000244140625,155.6999969482422,153.4199981689453,155.07000732421875,141.1384735107422,5971700
2024-07-25,CVX,CVX,155.3699951171875,158.25999450683594,154.6199951171875,157.5399932861328,143.3865509033203,5432100
2024-07-26,CVX,CVX,157.72999572753906,159.0399932861328,157.05999755859375,157.83999633789062,143.65960693359375,5232500
2024-07-29,CVX,CVX,158.25,158.25,154.86000061035156,156.60000610351562,142.53103637695312,5072000
2024-07-30,CVX,CVX,156.4600067138672,160.08999633789062,156.44000244140625,159.57000732421875,145.2342071533203,5740900
2024-07-31,CVX,CVX,161.69000244140625,161.69000244140625,160.0500030517578,160.47000122070312,146.0533447265625,6209200
2024-08-01,CVX,CVX,158.7100067138672,159.5,152.02999877929688,152.6199951171875,138.90859985351562,16689900
2024-08-02,CVX,CVX,151.1300048828125,152.0399932861328,147.02000427246094,148.5500030517578,135.20423889160156,13278600
2024-08-05,CVX,CVX,145.52000427246094,145.77000427246094,143.41000366210938,144.66000366210938,131.66372680664062,13037200
2024-08-06,CVX,CVX,144.49000549316406,145.08999633789062,143.1199951171875,143.22999572753906,130.36216735839844,9692700
2024-08-07,CVX,CVX,144.5800018310547,145.72999572753906,142.27999877929688,142.41000366210938,129.61582946777344,8867900
2024-08-08,CVX,CVX,143.07000732421875,144.82000732421875,142.7100067138672,144.49000549316406,131.5089874267578,7531100
2024-08-09,CVX,CVX,144.2100067138672,146.11000061035156,143.19000244140625,144.99000549316406,131.9640655517578,7653100
2024-08-12,CVX,CVX,145.83999633789062,146.74000549316406,139.69000244140625,145.02000427246094,131.9913787841797,8442200
2024-08-13,CVX,CVX,144.0800018310547,144.5500030517578,143.0500030517578,144.14999389648438,131.1995086669922,7794800
2024-08-14,CVX,CVX,144.38999938964844,145.24000549316406,143.42999267578125,144.6699981689453,131.6728057861328,5874200
2024-08-15,CVX,CVX,145.58999633789062,147.52000427246094,145.47999572753906,146.8000030517578,133.61146545410156,6304200
2024-08-16,CVX,CVX,146.0500030517578,147.6199951171875,145.63999938964844,147.27000427246094,134.03924560546875,6874400
2024-08-19,CVX,CVX,146.00999450683594,147.72999572753906,145.88999938964844,146.8300018310547,135.1344451904297,5967400
2024-08-20,CVX,CVX,146.3300018310547,146.50999450683594,144.55999755859375,144.69000244140625,133.16490173339844,7497600
2024-08-21,CVX,CVX,145.42999267578125,146.63999938964844,144.5500030517578,145.32000732421875,133.74473571777344,5985000
2024-08-22,CVX,CVX,145.35000610351562,146.3300018310547,145.1300048828125,145.72999572753906,134.1220703125,4027000
2024-08-23,CVX,CVX,146.52999877929688,148.08999633789062,146.32000732421875,147.6199951171875,135.8614959716797,4824100
2024-08-26,CVX,CVX,148.97000122070312,150.08999633789062,147.5500030517578,148.5,136.6714324951172,5780300
2024-08-27,CVX,CVX,148.6699981689453,149.5500030517578,146.74000549316406,146.9499969482422,135.244873046875,5100000
2024-08-28,CVX,CVX,146.44000244140625,147.13999938964844,145.47999572753906,146.0,134.3705596923828,5614400
2024-08-29,CVX,CVX,146.4600067138672,148.17999267578125,145.44000244140625,147.4199981689453,135.67742919921875,4466700
2024-08-30,CVX,CVX,146.22000122070312,148.0800018310547,145.6999969482422,147.9499969482422,136.1652069091797,6414800
2024-09-03,CVX,CVX,145.5500030517578,145.77000427246094,144.27999877929688,144.66000366210938,133.13729858398438,7944700
2024-09-04,CVX,CVX,144.63999938964844,145.52999877929688,141.6699981689453,142.07000732421875,130.75360107421875,9820700
2024-09-05,CVX,CVX,143.1699981689453,143.1699981689453,140.60000610351562,140.92999267578125,129.70440673828125,9371100
2024-09-06,CVX,CVX,141.07000732421875,142.11000061035156,137.8699951171875,138.55999755859375,127.5231704711914,7836400
2024-09-09,CVX,CVX,138.63999938964844,142.02000427246094,138.5399932861328,140.3000030517578,129.1245880126953,9892300
2024-09-10,CVX,CVX,140.89999389648438,141.0800018310547,137.08999633789062,138.22999572753906,127.2194595336914,8202500
2024-09-11,CVX,CVX,138.2100067138672,138.47999572753906,135.3699951171875,137.8800048828125,126.8973388671875,9534000
2024-09-12,CVX,CVX,138.22999572753906,139.47000122070312,137.4199981689453,139.2100067138672,128.12142944335938,6591500
2024-09-13,CVX,CVX,139.8699951171875,141.52999877929688,139.7100067138672,140.61000061035156,129.40988159179688,5900700
2024-09-16,CVX,CVX,141.69000244140625,143.1699981689453,141.07000732421875,142.08999633789062,130.77198791503906,6864300
2024-09-17,CVX,CVX,141.8000030517578,144.13999938964844,141.74000549316406,143.41000366210938,131.98684692382812,7338800
2024-09-18,CVX,CVX,143.32000732421875,145.60000610351562,143.19000244140625,143.9600067138672,132.49305725097656,6180300
2024-09-19,CVX,CVX,145.80999755859375,146.77999877929688,144.92999267578125,144.99000549316406,133.44100952148438,7247400
2024-09-20,CVX,CVX,145.22999572753906,145.91000366210938,143.44000244140625,145.67999267578125,134.07601928710938,23162900
2024-09-23,CVX,CVX,146.25,148.4199981689453,145.9499969482422,147.5399932861328,135.78790283203125,6960600
2024-09-24,CVX,CVX,148.8800048828125,149.10000610351562,146.91000366210938,147.4499969482422,135.70504760742188,6014200
2024-09-25,CVX,CVX,146.9499969482422,147.41000366210938,143.5,143.97000122070312,132.50225830078125,7888400
2024-09-26,CVX,CVX,140.89999389648438,143.22000122070312,140.6300048828125,141.99000549316406,130.67996215820312,8046200
2024-09-27,CVX,CVX,142.97999572753906,145.77000427246094,142.83999633789062,145.49000549316406,133.9011993408203,8049200
2024-09-30,CVX,CVX,145.3699951171875,147.47999572753906,144.27999877929688,147.27000427246094,135.53941345214844,7491700
2024-10-01,CVX,CVX,146.35000610351562,150.52000427246094,145.4499969482422,149.6999969482422,137.77581787109375,9489100
2024-10-02,CVX,CVX,151.67999267578125,152.27999877929688,149.25999450683594,150.9499969482422,138.92625427246094,8105400
2024-10-03,CVX,CVX,151.30999755859375,152.1699981689453,150.02000427246094,151.25,139.20236206054688,6553300
2024-10-04,CVX,CVX,152.47999572753906,152.5,150.13999938964844,150.74000549316406,138.73300170898438,7892400
2024-10-07,CVX,CVX,151.5,152.75,150.69000244140625,151.1199951171875,139.08273315429688,5895900
2024-10-08,CVX,CVX,149.1999969482422,149.60000610351562,147.72999572753906,148.75,136.90151977539062,5892700
2024-10-09,CVX,CVX,147.50999450683594,150.3699951171875,147.36000061035156,149.64999389648438,137.72979736328125,4973500
2024-10-10,CVX,CVX,150.67999267578125,151.5500030517578,149.85000610351562,150.6199951171875,138.62252807617188,4420900
2024-10-11,CVX,CVX,150.3800048828125,152.3300018310547,150.25,151.4199981689453,139.3588104248047,5051300
2024-10-14,CVX,CVX,150.52000427246094,151.89999389648438,150.17999267578125,151.77999877929688,139.69015502929688,4214700
2024-10-15,CVX,CVX,148.8000030517578,149.9600067138672,147.55999755859375,147.72999572753906,135.96273803710938,6704600
2024-10-16,CVX,CVX,148.35000610351562,149.02999877929688,148.2100067138672,148.72999572753906,136.8831024169922,4303700
2024-10-17,CVX,CVX,149.25999450683594,151.3300018310547,148.97000122070312,151.1999969482422,139.1563720703125,6593100
2024-10-18,CVX,CVX,150.82000732421875,151.0800018310547,149.3800048828125,150.75,138.7421875,5208200
2024-10-21,CVX,CVX,152.0,152.47999572753906,150.49000549316406,150.8800048828125,138.8618621826172,5074000
2024-10-22,CVX,CVX,151.25,151.67999267578125,150.22000122070312,150.9199981689453,138.89865112304688,4416400
2024-10-23,CVX,CVX,150.36000061035156,151.0,149.2899932861328,150.47999572753906,138.49371337890625,5248600
2024-10-24,CVX,CVX,151.1300048828125,151.4499969482422,149.3800048828125,150.4499969482422,138.4661102294922,5474300
2024-10-25,CVX,CVX,151.38999938964844,152.1199951171875,150.4600067138672,150.80999755859375,138.7974395751953,6839900
2024-10-28,CVX,CVX,148.25,150.6999969482422,148.16000366210938,150.5399932861328,138.54891967773438,8892000
2024-10-29,CVX,CVX,150.0399932861328,150.4199981689453,147.8699951171875,148.52000427246094,136.68984985351562,6014700
2024-10-30,CVX,CVX,149.0800018310547,149.64999389648438,147.66000366210938,148.0500030517578,136.2572784423828,5784000
2024-10-31,CVX,CVX,148.75999450683594,149.57000732421875,147.88999938964844,148.82000732421875,136.9659423828125,8400900
2024-11-01,CVX,CVX,152.47999572753906,155.92999267578125,151.6999969482422,153.07000732421875,140.87741088867188,11728000
2024-11-04,CVX,CVX,154.4199981689453,154.4199981689453,152.6199951171875,153.97000122070312,141.70571899414062,6130000
2024-11-05,CVX,CVX,154.52999877929688,154.6699981689453,152.5500030517578,153.41000366210938,141.19032287597656,5978900
2024-11-06,CVX,CVX,157.10000610351562,158.61000061035156,156.1199951171875,157.72000122070312,145.1570281982422,12118900
2024-11-07,CVX,CVX,157.94000244140625,158.00999450683594,156.39999389648438,156.77000427246094,144.28269958496094,8143200
2024-11-08,CVX,CVX,156.60000610351562,157.5800018310547,155.6699981689453,156.92999267578125,144.429931640625,6041500
2024-11-11,CVX,CVX,157.13999938964844,157.94000244140625,155.89999389648438,156.5,144.0341796875,7771700
2024-11-12,CVX,CVX,157.3000030517578,157.47000122070312,155.1199951171875,155.2899932861328,142.92054748535156,5681900
2024-11-13,CVX,CVX,156.07000732421875,159.02000427246094,154.52999877929688,158.72000122070312,146.0773468017578,8824000
2024-11-14,CVX,CVX,159.83999633789062,161.8300018310547,159.67999267578125,161.8000030517578,148.91201782226562,10111200
2024-11-15,CVX,CVX,161.52000427246094,162.3800048828125,160.75999450683594,161.4199981689453,148.5623016357422,9022800
2024-11-18,CVX,CVX,160.55999755859375,161.52000427246094,159.07000732421875,160.75999450683594,149.46414184570312,6075400
2024-11-19,CVX,CVX,159.97999572753906,160.42999267578125,158.75,159.60000610351562,148.38563537597656,4657400
2024-11-20,CVX,CVX,159.91000366210938,161.44000244140625,159.77999877929688,161.3300018310547,149.9940643310547,6391300
2024-11-21,CVX,CVX,162.02000427246094,162.64999389648438,161.2899932861328,161.6300048828125,150.27301025390625,7945200
2024-11-22,CVX,CVX,161.50999450683594,162.61000061035156,161.14999389648438,162.36000061035156,150.95169067382812,7005900
2024-11-25,CVX,CVX,162.14999389648438,163.1699981689453,159.8300018310547,160.36000061035156,149.0922393798828,10702400
2024-11-26,CVX,CVX,162.30999755859375,162.94000244140625,161.39999389648438,162.52999877929688,151.10975646972656,7369500
2024-11-27,CVX,CVX,162.75999450683594,164.67999267578125,161.61000061035156,162.11000061035156,150.71926879882812,7674500
2024-11-29,CVX,CVX,162.25,162.75,160.66000366210938,161.92999267578125,150.55191040039062,5077000
2024-12-02,CVX,CVX,162.2899932861328,162.9499969482422,160.11000061035156,162.2100067138672,150.81224060058594,6229600
2024-12-03,CVX,CVX,162.97999572753906,163.1999969482422,161.38999938964844,161.9199981689453,150.54263305664062,5900100
2024-12-04,CVX,CVX,161.8300018310547,161.83999633789062,157.86000061035156,158.32000732421875,147.1956024169922,7862700
2024-12-05,CVX,CVX,159.2899932861328,160.6699981689453,158.69000244140625,159.3300018310547,148.13461303710938,6358400
2024-12-06,CVX,CVX,158.75,158.8300018310547,155.1699981689453,155.24000549316406,144.33200073242188,9701700
2024-12-09,CVX,CVX,157.0,160.0800018310547,156.82000732421875,157.0800018310547,146.04269409179688,9404500
2024-12-10,CVX,CVX,159.05999755859375,159.52000427246094,156.6999969482422,157.0,145.96832275390625,9126200
2024-12-11,CVX,CVX,156.86000061035156,157.1699981689453,155.8000030517578,156.2100067138672,145.23385620117188,13764700
2024-12-12,CVX,CVX,155.8699951171875,156.52999877929688,154.27000427246094,154.7100067138672,143.83924865722656,7621500
2024-12-13,CVX,CVX,154.8699951171875,154.9600067138672,153.07000732421875,153.8699951171875,143.05825805664062,5816200
2024-12-16,CVX,CVX,153.88999938964844,153.88999938964844,149.25,149.36000061035156,138.8651580810547,11961200
2024-12-17,CVX,CVX,148.0,148.64999389648438,146.91000366210938,148.11000061035156,137.70298767089844,11909300
2024-12-18,CVX,CVX,147.75999450683594,148.6699981689453,143.97999572753906,144.0800018310547,133.95614624023438,10174500
2024-12-19,CVX,CVX,144.57000732421875,144.75999450683594,140.9499969482422,141.14999389648438,131.2320098876953,16544300
2024-12-20,CVX,CVX,140.82000732421875,142.85000610351562,140.5500030517578,142.85000610351562,132.81259155273438,32209200
2024-12-23,CVX,CVX,142.47999572753906,143.35000610351562,141.5399932861328,142.97000122070312,132.92416381835938,8156500
2024-12-24,CVX,CVX,143.10000610351562,144.0399932861328,142.25999450683594,143.83999633789062,133.73301696777344,3556100
2024-12-26,CVX,CVX,143.6699981689453,144.30999755859375,142.89999389648438,143.97999572753906,133.8632049560547,4492600
2024-12-27,CVX,CVX,144.2899932861328,145.7100067138672,143.38999938964844,144.0,133.88177490234375,5296500
2024-12-30,CVX,CVX,143.7899932861328,143.97999572753906,142.35000610351562,143.07000732421875,133.01715087890625,6194800
2024-12-31,CVX,CVX,143.52000427246094,145.33999633789062,143.32000732421875,144.83999633789062,134.66275024414062,6137800
2025-01-02,CVX,CVX,145.47999572753906,148.07000732421875,145.47999572753906,146.7100067138672,136.4013671875,7170300
2025-01-03,CVX,CVX,147.5399932861328,148.5,147.3000030517578,147.85000610351562,137.46127319335938,5809000
2025-01-06,CVX,CVX,148.39999389648438,150.3300018310547,146.8699951171875,147.25999450683594,136.91270446777344,5888700
2025-01-07,CVX,CVX,148.50999450683594,150.5,147.6300048828125,149.58999633789062,139.0789794921875,7736000
2025-01-08,CVX,CVX,148.0399932861328,151.17999267578125,148.02999877929688,150.3000030517578,139.73910522460938,7640900
2025-01-10,CVX,CVX,153.41000366210938,154.33999633789062,150.8699951171875,153.13999938964844,142.37954711914062,11074700
2025-01-13,CVX,CVX,154.10000610351562,157.35000610351562,154.0,155.35000610351562,144.4342803955078,11774100
2025-01-14,CVX,CVX,155.2100067138672,156.91000366210938,154.4600067138672,156.89999389648438,145.8753662109375,6830200
2025-01-15,CVX,CVX,156.8800048828125,158.69000244140625,156.3800048828125,158.3300018310547,147.2048797607422,7900000
2025-01-16,CVX,CVX,158.02999877929688,159.89999389648438,158.02999877929688,159.3800048828125,148.18109130859375,5578900
2025-01-17,CVX,CVX,159.1300048828125,161.77000427246094,158.8000030517578,161.47000122070312,150.12425231933594,9260400
2025-01-21,CVX,CVX,161.14999389648438,161.39999389648438,157.49000549316406,158.24000549316406,147.1212158203125,10131400
2025-01-22,CVX,CVX,157.67999267578125,158.44000244140625,156.27000427246094,156.41000366210938,145.41978454589844,7232200
2025-01-23,CVX,CVX,157.6300048828125,157.94000244140625,155.6199951171875,156.00999450683594,145.04788208007812,5979800
2025-01-24,CVX,CVX,156.4600067138672,157.47000122070312,155.27000427246094,155.64999389648438,144.71319580078125,8003800
2025-01-27,CVX,CVX,156.3300018310547,157.88999938964844,155.52000427246094,157.22999572753906,146.18215942382812,7141000
2025-01-28,CVX,CVX,157.7100067138672,158.9199981689453,155.17999267578125,156.2100067138672,145.23385620117188,6425400
2025-01-29,CVX,CVX,155.72000122070312,156.5800018310547,154.80999755859375,155.69000244140625,144.75038146972656,5630600
2025-01-30,CVX,CVX,156.55999755859375,157.4499969482422,155.52000427246094,156.32000732421875,145.33612060546875,6931900
2025-01-31,CVX,CVX,153.75999450683594,154.3699951171875,148.64999389648438,149.19000244140625,138.7071075439453,16726800
2025-02-03,CVX,CVX,149.0,150.86000061035156,147.8000030517578,149.33999633789062,138.84654235839844,7605000
2025-02-04,CVX,CVX,148.72000122070312,153.38999938964844,148.72000122070312,153.22000122070312,142.4539337158203,8458100
2025-02-05,CVX,CVX,152.99000549316406,153.8000030517578,152.2899932861328,152.99000549316406,142.24008178710938,6533700
2025-02-06,CVX,CVX,154.22000122070312,155.25999450683594,151.05999755859375,151.89999389648438,141.22666931152344,6420500
2025-02-07,CVX,CVX,152.47999572753906,153.80999755859375,151.9199981689453,152.6199951171875,141.89610290527344,4724900
2025-02-10,CVX,CVX,154.2899932861328,155.8000030517578,154.05999755859375,155.77000427246094,144.82476806640625,5653800
2025-02-11,CVX,CVX,156.35000610351562,158.7100067138672,156.1199951171875,157.44000244140625,146.37741088867188,6011800
2025-02-12,CVX,CVX,156.75,157.47000122070312,154.57000732421875,154.89999389648438,144.015869140625,6693500
2025-02-13,CVX,CVX,154.77999877929688,156.4199981689453,153.32000732421875,155.8800048828125,144.92703247070312,7836400
2025-02-14,CVX,CVX,155.0800018310547,157.4499969482422,154.8800048828125,155.33999633789062,146.0269012451172,5828800
2025-02-18,CVX,CVX,155.33999633789062,157.30999755859375,154.77999877929688,156.16000366210938,146.7977294921875,5981500
2025-02-19,CVX,CVX,156.52000427246094,158.36000061035156,156.0,157.22999572753906,147.80357360839844,4945800
2025-02-20,CVX,CVX,157.5,158.9499969482422,157.07000732421875,158.7899932861328,149.27003479003906,6256200
2025-02-21,CVX,CVX,158.1300048828125,158.9499969482422,156.82000732421875,156.9199981689453,147.51214599609375,6689800
2025-02-24,CVX,CVX,157.08999633789062,158.3300018310547,156.75,157.88999938964844,148.42401123046875,5925000
2025-02-25,CVX,CVX,157.99000549316406,158.99000549316406,155.4600067138672,156.4199981689453,147.04214477539062,6810900
2025-02-26,CVX,CVX,156.6199951171875,156.69000244140625,154.39999389648438,155.13999938964844,145.83889770507812,6005200
2025-02-27,CVX,CVX,155.69000244140625,158.2899932861328,154.80999755859375,156.6699981689453,147.2771453857422,7517200
2025-02-28,CVX,CVX,156.6999969482422,158.6699981689453,154.9199981689453,158.6199951171875,149.1102294921875,8828500
2025-03-03,CVX,CVX,159.4600067138672,160.08999633789062,151.75999450683594,153.08999633789062,143.9117889404297,9059800
2025-03-04,CVX,CVX,151.2100067138672,154.14999389648438,150.0500030517578,152.0,142.8871307373047,8826300
2025-03-05,CVX,CVX,150.14999389648438,151.3699951171875,147.74000549316406,150.80999755859375,141.7684783935547,9288300
2025-03-06,CVX,CVX,150.50999450683594,153.3300018310547,149.47000122070312,152.9499969482422,143.78018188476562,7314700
2025-03-07,CVX,CVX,153.9499969482422,157.4499969482422,153.7100067138672,156.33999633789062,146.96693420410156,8562600
2025-03-10,CVX,CVX,157.19000244140625,160.3699951171875,156.1699981689453,157.57000732421875,148.12319946289062,11750300
2025-03-11,CVX,CVX,158.42999267578125,158.83999633789062,153.7899932861328,154.0800018310547,144.84242248535156,10466300
2025-03-12,CVX,CVX,153.63999938964844,154.7899932861328,152.22000122070312,152.6699981689453,143.5169677734375,9710200
2025-03-13,CVX,CVX,152.25999450683594,154.42999267578125,151.9199981689453,153.61000061035156,144.40060424804688,9022800
2025-03-14,CVX,CVX,153.99000549316406,157.24000549316406,153.00999450683594,157.02000427246094,147.60618591308594,6671500
2025-03-17,CVX,CVX,157.22000122070312,159.4499969482422,156.75999450683594,158.72000122070312,149.20423889160156,7615200
2025-03-18,CVX,CVX,159.74000549316406,161.08999633789062,158.82000732421875,160.80999755859375,151.16893005371094,9289500
2025-03-19,CVX,CVX,160.97000122070312,164.5399932861328,160.89999389648438,164.0500030517578,154.21469116210938,11503900
2025-03-20,CVX,CVX,163.1300048828125,165.30999755859375,162.41000366210938,164.77000427246094,154.89154052734375,9545900
2025-03-21,CVX,CVX,164.49000549316406,164.88999938964844,163.11000061035156,164.75,154.8727264404297,21625500
2025-03-24,CVX,CVX,164.69000244140625,166.42999267578125,164.32000732421875,165.02000427246094,155.12655639648438,8068000
2025-03-25,CVX,CVX,166.0800018310547,167.82000732421875,165.11000061035156,165.94000244140625,155.9913787841797,7869200
2025-03-26,CVX,CVX,167.3699951171875,168.9600067138672,167.25,167.97000122070312,157.89968872070312,10076100
2025-03-27,CVX,CVX,167.25,168.22000122070312,165.85000610351562,166.64999389648438,156.6588134765625,6862700
2025-03-28,CVX,CVX,166.6999969482422,167.1300048828125,165.3000030517578,166.08999633789062,156.13238525390625,4923000
2025-03-31,CVX,CVX,166.19000244140625,168.9199981689453,166.1300048828125,167.2899932861328,157.2604522705078,10675300
2025-04-01,CVX,CVX,167.2899932861328,168.60000610351562,166.16000366210938,168.50999450683594,158.4073028564453,6378600
2025-04-02,CVX,CVX,167.39999389648438,167.97999572753906,165.85000610351562,166.47000122070312,156.48960876464844,7044900
2025-04-03,CVX,CVX,160.1199951171875,161.35000610351562,155.8000030517578,156.1199951171875,146.76010131835938,15501000
2025-04-04,CVX,CVX,151.75999450683594,152.4600067138672,142.75,143.27999877929688,134.68994140625,20374700
2025-04-07,CVX,CVX,138.72999572753906,146.19000244140625,137.2899932861328,140.14999389648438,131.74755859375,17817000
2025-04-08,CVX,CVX,144.14999389648438,144.49000549316406,134.8699951171875,136.92999267578125,128.7206268310547,12904400
2025-04-09,CVX,CVX,135.02000427246094,147.47000122070312,133.8800048828125,146.02999877929688,137.27505493164062,16846800
2025-04-10,CVX,CVX,143.22000122070312,143.6300048828125,133.4499969482422,134.97999572753906,126.88751983642578,20991200
2025-04-11,CVX,CVX,135.00999450683594,137.1199951171875,132.0399932861328,135.6300048828125,127.49855041503906,17224400
2025-04-14,CVX,CVX,138.47999572753906,138.5399932861328,134.10000610351562,135.32000732421875,127.2071533203125,9628200
2025-04-15,CVX,CVX,134.32000732421875,136.6300048828125,134.25,134.5399932861328,126.47391510009766,9334800
2025-04-16,CVX,CVX,135.39999389648438,137.5500030517578,134.8000030517578,135.36000061035156,127.2447280883789,8637200
2025-04-17,CVX,CVX,136.69000244140625,140.24000549316406,136.4499969482422,137.8699951171875,129.60426330566406,8434400
2025-04-21,CVX,CVX,136.02000427246094,136.2899932861328,132.3300018310547,133.72999572753906,125.71244812011719,9967500
2025-04-22,CVX,CVX,135.25999450683594,138.24000549316406,134.94000244140625,137.3000030517578,129.0684356689453,7984700
2025-04-23,CVX,CVX,137.2100067138672,138.5500030517578,135.14999389648438,136.67999267578125,128.485595703125,10002000
2025-04-24,CVX,CVX,137.9199981689453,139.39999389648438,137.22000122070312,139.07000732421875,130.73233032226562,7745800
2025-04-25,CVX,CVX,138.3300018310547,139.0500030517578,137.25,138.72999572753906,130.41270446777344,6878500
2025-04-28,CVX,CVX,138.97000122070312,140.4600067138672,138.67999267578125,140.10000610351562,131.70057678222656,6715500
2025-04-29,CVX,CVX,138.69000244140625,140.00999450683594,138.57000732421875,139.3000030517578,130.94851684570312,7343800
2025-04-30,CVX,CVX,138.0,138.14999389648438,134.13999938964844,136.05999755859375,127.90277099609375,13858000
2025-05-01,CVX,CVX,135.4199981689453,137.9499969482422,135.1199951171875,136.25999450683594,128.09078979492188,10199800
2025-05-02,CVX,CVX,137.8800048828125,139.77999877929688,135.2899932861328,138.5,130.1964874267578,12393200
2025-05-05,CVX,CVX,136.77000427246094,137.0,135.17999267578125,135.5,127.3763656616211,9665000
2025-05-06,CVX,CVX,136.35000610351562,137.30999755859375,135.0399932861328,135.60000610351562,127.47038269042969,9916200
2025-05-07,CVX,CVX,136.07000732421875,136.3000030517578,134.6199951171875,135.7899932861328,127.6489486694336,8422100
2025-05-08,CVX,CVX,136.69000244140625,138.88999938964844,136.47000122070312,137.0399932861328,128.82400512695312,8669300
2025-05-09,CVX,CVX,138.89999389648438,139.3699951171875,137.6999969482422,138.49000549316406,130.1870880126953,5965700
2025-05-12,CVX,CVX,142.4499969482422,143.7100067138672,140.57000732421875,141.6199951171875,133.12942504882812,8028200
2025-05-13,CVX,CVX,141.52999877929688,143.22999572753906,140.9199981689453,142.35000610351562,133.81568908691406,8536800
2025-05-14,CVX,CVX,141.75999450683594,142.22999572753906,140.72999572753906,141.6699981689453,133.17645263671875,6453600
2025-05-15,CVX,CVX,140.0,142.4600067138672,139.50999450683594,142.25999450683594,133.7310791015625,7545400
2025-05-16,CVX,CVX,142.6999969482422,143.0,140.6999969482422,142.10000610351562,133.5806884765625,8200100
2025-05-19,CVX,CVX,139.47000122070312,139.52000427246094,137.1199951171875,138.49000549316406,131.7728271484375,7713600
2025-05-20,CVX,CVX,138.2899932861328,138.75,137.02999877929688,137.27000427246094,130.6119842529297,6503900
2025-05-21,CVX,CVX,136.6199951171875,137.1300048828125,135.49000549316406,135.55999755859375,128.9849395751953,9073200
2025-05-22,CVX,CVX,134.99000549316406,135.99000549316406,133.77000427246094,135.2899932861328,128.72801208496094,8877600
2025-05-23,CVX,CVX,134.38999938964844,136.7899932861328,134.05999755859375,136.5399932861328,129.91737365722656,7025900
2025-05-27,CVX,CVX,137.3800048828125,137.97000122070312,136.41000366210938,137.8300018310547,131.1448211669922,8348900
2025-05-28,CVX,CVX,138.77999877929688,138.7899932861328,135.66000366210938,136.02000427246094,129.42262268066406,6876300
2025-05-29,CVX,CVX,136.5,137.94000244140625,136.10000610351562,137.91000366210938,131.22096252441406,7554300
2025-05-30,CVX,CVX,136.8800048828125,137.4499969482422,135.2100067138672,136.6999969482422,130.06964111328125,12858900
2025-06-02,CVX,CVX,138.49000549316406,138.69000244140625,136.42999267578125,137.83999633789062,131.15432739257812,9076600
2025-06-03,CVX,CVX,137.64999389648438,140.58999633789062,136.60000610351562,139.5500030517578,132.7814178466797,9001300
2025-06-04,CVX,CVX,139.4199981689453,140.6300048828125,137.3300018310547,137.3699951171875,130.7071533203125,8735600
2025-06-05,CVX,CVX,138.14999389648438,138.2899932861328,136.6999969482422,136.89999389648438,130.25994873046875,6342600
2025-06-06,CVX,CVX,138.08999633789062,140.61000061035156,138.08999633789062,140.2100067138672,133.409423828125,6563500
2025-06-09,CVX,CVX,140.5500030517578,142.13999938964844,139.69000244140625,140.75999450683594,133.93272399902344,7159500
2025-06-10,CVX,CVX,142.22000122070312,144.94000244140625,141.91000366210938,143.35000610351562,136.39710998535156,9841500
2025-06-11,CVX,CVX,144.19000244140625,145.1199951171875,142.61000061035156,144.77999877929688,137.7577362060547,9256700
2025-06-12,CVX,CVX,144.5,145.1999969482422,143.42999267578125,144.97000122070312,137.9385223388672,6999400
2025-06-13,CVX,CVX,147.0800018310547,147.60000610351562,144.5399932861328,145.91000366210938,138.8329315185547,14148000
2025-06-16,CVX,CVX,145.72999572753906,146.8699951171875,143.74000549316406,146.02999877929688,138.9470977783203,10105100
2025-06-17,CVX,CVX,147.3300018310547,149.97999572753906,146.5,148.85000610351562,141.63034057617188,11330300
2025-06-18,CVX,CVX,149.44000244140625,150.1699981689453,147.6999969482422,148.19000244140625,141.00233459472656,9841900
2025-06-20,CVX,CVX,148.52000427246094,149.89999389648438,147.89999389648438,149.5500030517578,142.29637145996094,23705900
2025-06-23,CVX,CVX,152.1199951171875,152.14999389648438,146.32000732421875,146.86000061035156,139.7368621826172,10540600
2025-06-24,CVX,CVX,144.5399932861328,146.38999938964844,143.16000366210938,143.5500030517578,136.58738708496094,10778400
2025-06-25,CVX,CVX,143.41000366210938,144.1999969482422,142.50999450683594,143.22999572753906,136.28289794921875,7386100
2025-06-26,CVX,CVX,143.6999969482422,145.0800018310547,143.39999389648438,144.44000244140625,137.43421936035156,7415700
2025-06-27,CVX,CVX,144.5500030517578,144.6699981689453,142.57000732421875,143.7899932861328,136.81573486328125,9213500
2025-06-30,CVX,CVX,143.0399932861328,144.10000610351562,142.39999389648438,143.19000244140625,136.244873046875,6980300
2025-07-01,CVX,CVX,143.33999633789062,146.27000427246094,142.50999450683594,145.57000732421875,138.50941467285156,8508200
2025-07-02,CVX,CVX,147.00999450683594,148.00999450683594,145.47000122070312,147.97999572753906,140.80252075195312,8228700
2025-07-03,CVX,CVX,147.83999633789062,148.97999572753906,147.36000061035156,148.3699951171875,141.17359924316406,5173300
2025-07-07,CVX,CVX,147.39999389648438,148.1699981689453,145.5800018310547,147.39999389648438,140.2506561279297,9460900
2025-07-08,CVX,CVX,147.32000732421875,153.24000549316406,147.25999450683594,153.24000549316406,145.80740356445312,14082100
2025-07-09,CVX,CVX,152.94000244140625,153.9600067138672,152.47999572753906,153.02000427246094,145.5980682373047,9495900
2025-07-10,CVX,CVX,152.7899932861328,155.27999877929688,151.67999267578125,154.1699981689453,146.6923065185547,8395100
2025-07-11,CVX,CVX,154.2899932861328,155.88999938964844,153.57000732421875,155.30999755859375,147.77699279785156,8333200
2025-07-14,CVX,CVX,154.89999389648438,154.89999389648438,151.13999938964844,151.64999389648438,144.2945098876953,10706300
2025-07-15,CVX,CVX,151.60000610351562,152.30999755859375,150.25,150.69000244140625,143.38108825683594,7346300
2025-07-16,CVX,CVX,150.75999450683594,151.47999572753906,149.22000122070312,149.9199981689453,142.64842224121094,7923400
2025-07-17,CVX,CVX,149.16000366210938,151.83999633789062,148.60000610351562,151.3800048828125,144.03761291503906,8359600
2025-07-18,CVX,CVX,155.02000427246094,155.91000366210938,146.52999877929688,150.0399932861328,142.76260375976562,45782600
2025-07-21,CVX,CVX,151.1999969482422,151.6699981689453,149.1300048828125,149.67999267578125,142.42005920410156,17982200
2025-07-22,CVX,CVX,149.25999450683594,150.94000244140625,148.47999572753906,150.0399932861328,142.76260375976562,26196500
2025-07-23,CVX,CVX,150.91000366210938,153.13999938964844,150.47000122070312,153.1199951171875,145.6931915283203,13162800
2025-07-24,CVX,CVX,152.69000244140625,156.0,152.1999969482422,155.8300018310547,148.27175903320312,15701000
2025-07-25,CVX,CVX,155.8300018310547,156.1999969482422,153.9600067138672,154.83999633789062,147.3297882080078,7875500
2025-07-28,CVX,CVX,155.39999389648438,156.5500030517578,154.9499969482422,156.27999877929688,148.699951171875,8755400
2025-07-29,CVX,CVX,156.67999267578125,157.2100067138672,155.4499969482422,157.02999877929688,149.41357421875,6446000
2025-07-30,CVX,CVX,156.13999938964844,156.30999755859375,152.6999969482422,153.55999755859375,146.1118621826172,9191700
2025-07-31,CVX,CVX,152.0,153.92999267578125,151.13999938964844,151.63999938964844,144.2849884033203,10237100
2025-08-01,CVX,CVX,152.5399932861328,154.64999389648438,150.35000610351562,151.39999389648438,144.056640625,10706500
2025-08-04,CVX,CVX,151.25,152.0800018310547,149.82000732421875,151.0399932861328,143.71409606933594,10116600
2025-08-05,CVX,CVX,151.02999877929688,153.10000610351562,149.89999389648438,153.0399932861328,145.61708068847656,8604100
2025-08-06,CVX,CVX,154.47999572753906,155.16000366210938,152.22000122070312,152.77999877929688,145.3697052001953,7840900
2025-08-07,CVX,CVX,153.7899932861328,155.14999389648438,152.8300018310547,153.16000366210938,145.7312774658203,6510400
2025-08-08,CVX,CVX,153.99000549316406,155.75,153.5,155.00999450683594,147.49156188964844,6332800
2025-08-11,CVX,CVX,155.33999633789062,155.92999267578125,152.99000549316406,153.4499969482422,146.0072021484375,6169700
2025-08-12,CVX,CVX,154.08999633789062,156.0500030517578,153.36000061035156,154.44000244140625,146.94918823242188,6641600
2025-08-13,CVX,CVX,154.57000732421875,156.00999450683594,154.1999969482422,155.8699951171875,148.309814453125,6581900
2025-08-14,CVX,CVX,155.6999969482422,155.6999969482422,154.10000610351562,155.16000366210938,147.63427734375,7337300
2025-08-15,CVX,CVX,155.47999572753906,158.5399932861328,155.2899932861328,156.5500030517578,148.95684814453125,11617000
2025-08-18,CVX,CVX,156.1300048828125,156.49000549316406,154.75,155.32000732421875,147.7864990234375,8174300
2025-08-19,CVX,CVX,153.4600067138672,153.94000244140625,151.85000610351562,152.0,146.23753356933594,8567500
2025-08-20,CVX,CVX,152.4199981689453,153.49000549316406,151.92999267578125,153.22000122070312,147.41128540039062,8076300
2025-08-21,CVX,CVX,152.82000732421875,155.6699981689453,152.72999572753906,155.5500030517578,149.65296936035156,7533600
2025-08-22,CVX,CVX,155.32000732421875,158.7899932861328,155.32000732421875,158.17999267578125,152.18324279785156,9084300
2025-08-25,CVX,CVX,157.89999389648438,158.32000732421875,157.1699981689453,158.1999969482422,152.20249938964844,7030000
2025-08-26,CVX,CVX,157.50999450683594,160.0,156.5500030517578,157.36000061035156,151.39434814453125,10270000
2025-08-27,CVX,CVX,157.39999389648438,159.99000549316406,157.2100067138672,159.24000549316406,153.2030792236328,7483000
2025-08-28,CVX,CVX,159.00999450683594,159.52000427246094,157.85000610351562,159.32000732421875,153.28005981445312,6502000
2025-08-29,CVX,CVX,159.6999969482422,161.10000610351562,159.4499969482422,160.60000610351562,154.51150512695312,6934800
2025-09-02,CVX,CVX,160.47999572753906,161.86000061035156,159.3800048828125,161.8300018310547,155.6948699951172,8947300
2025-09-03,CVX,CVX,160.0,161.85000610351562,157.02000427246094,158.05999755859375,152.0677947998047,9556100
2025-09-04,CVX,CVX,158.05999755859375,159.64999389648438,157.5,157.69000244140625,151.7118377685547,7243000
2025-09-05,CVX,CVX,156.05999755859375,156.72000122070312,153.49000549316406,153.66000366210938,147.83462524414062,11011700
2025-09-08,CVX,CVX,153.91000366210938,155.02999877929688,152.8800048828125,154.0,148.16172790527344,9462000
2025-09-09,CVX,CVX,154.91000366210938,156.99000549316406,154.60000610351562,154.85000610351562,148.97950744628906,7769200
2025-09-10,CVX,CVX,155.0500030517578,157.9199981689453,155.0,157.7899932861328,151.8080291748047,7440800
2025-09-11,CVX,CVX,156.5,158.9199981689453,156.00999450683594,158.25,152.2506103515625,6417400
2025-09-12,CVX,CVX,158.85000610351562,159.77999877929688,157.10000610351562,157.11000061035156,151.15382385253906,5546300
2025-09-15,CVX,CVX,157.3800048828125,158.32000732421875,156.5,157.30999755859375,151.3462371826172,5030500
2025-09-16,CVX,CVX,158.25,160.10000610351562,158.1199951171875,159.5399932861328,153.49169921875,8011000
2025-09-17,CVX,CVX,159.1999969482422,160.6699981689453,158.61000061035156,160.08999633789062,154.02085876464844,5736800
2025-09-18,CVX,CVX,160.02999877929688,160.2899932861328,158.08999633789062,158.83999633789062,152.8182373046875,6244200
2025-09-19,CVX,CVX,159.0,159.0,155.5500030517578,156.2100067138672,150.28794860839844,16734000
2025-09-22,CVX,CVX,155.6199951171875,157.1199951171875,155.14999389648438,156.0500030517578,150.13400268554688,5244000
2025-09-23,CVX,CVX,157.1199951171875,159.8300018310547,156.99000549316406,157.4199981689453,151.45205688476562,7181400
2025-09-24,CVX,CVX,158.32000732421875,160.49000549316406,158.25,159.17999267578125,153.14532470703125,6285200
2025-09-25,CVX,CVX,159.44000244140625,161.00999450683594,159.35000610351562,160.72000122070312,154.62696838378906,6311000
2025-09-26,CVX,CVX,160.57000732421875,161.3000030517578,159.50999450683594,160.16000366210938,154.08819580078125,7015200
2025-09-29,CVX,CVX,159.1300048828125,159.1300048828125,155.55999755859375,156.10000610351562,150.18211364746094,8315100
2025-09-30,CVX,CVX,154.88999938964844,155.72999572753906,153.92999267578125,155.2899932861328,149.40281677246094,7755700
2025-10-01,CVX,CVX,154.8300018310547,155.08999633789062,153.19000244140625,154.5800018310547,148.71974182128906,6768400
2025-10-02,CVX,CVX,153.9600067138672,156.60000610351562,153.32000732421875,153.3699951171875,147.5555877685547,7562400
2025-10-03,CVX,CVX,153.5800018310547,154.27999877929688,152.22999572753906,153.5500030517578,147.72877502441406,7249300
2025-10-06,CVX,CVX,153.97000122070312,154.64999389648438,152.9199981689453,154.02000427246094,148.18096923828125,4778900
2025-10-07,CVX,CVX,153.64999389648438,154.9600067138672,151.27999877929688,154.91000366210938,149.0372314453125,5479600
2025-10-08,CVX,CVX,154.36000061035156,154.67999267578125,152.83999633789062,153.74000549316406,147.91159057617188,5678000
2025-10-09,CVX,CVX,154.1300048828125,154.97000122070312,151.55999755859375,151.63999938964844,145.8911895751953,6178600
2025-10-10,CVX,CVX,150.6999969482422,151.35000610351562,148.88999938964844,148.89999389648438,143.2550811767578,7796600
2025-10-13,CVX,CVX,150.0,151.97999572753906,149.42999267578125,151.94000244140625,146.1798095703125,5978800
2025-10-14,CVX,CVX,149.80999755859375,153.4600067138672,149.66000366210938,152.38999938964844,146.61276245117188,6419400
2025-10-15,CVX,CVX,152.89999389648438,154.2100067138672,151.0399932861328,152.11000061035156,146.3433837890625,5824900
2025-10-16,CVX,CVX,152.13999938964844,152.72999572753906,150.22999572753906,151.7100067138672,145.95852661132812,5276800
2025-10-17,CVX,CVX,152.25999450683594,154.19000244140625,152.1999969482422,153.0800018310547,147.27659606933594,7735500
2025-10-20,CVX,CVX,153.42999267578125,154.72000122070312,153.17999267578125,154.47999572753906,148.62351989746094,5676500
2025-10-21,CVX,CVX,154.74000549316406,155.2899932861328,153.2100067138672,153.7899932861328,147.9596710205078,6304900
2025-10-22,CVX,CVX,154.64999389648438,155.97999572753906,153.61000061035156,155.57000732421875,149.67221069335938,6036700
2025-10-23,CVX,CVX,158.1999969482422,158.58999633789062,156.1199951171875,156.55999755859375,150.6246795654297,9810900
2025-10-24,CVX,CVX,157.4199981689453,157.6300048828125,155.42999267578125,155.55999755859375,149.66258239746094,4979900
2025-10-27,CVX,CVX,155.8000030517578,156.5,154.8699951171875,155.27999877929688,149.3931884765625,4884400
2025-10-28,CVX,CVX,154.89999389648438,156.22999572753906,153.88999938964844,154.1300048828125,148.28680419921875,5066500
2025-10-29,CVX,CVX,153.86000061035156,156.14999389648438,153.86000061035156,155.10000610351562,149.2200164794922,7344400
2025-10-30,CVX,CVX,155.22999572753906,155.22999572753906,153.24000549316406,153.52000427246094,147.69992065429688,8971200
2025-10-31,CVX,CVX,155.72999572753906,159.17999267578125,155.11000061035156,157.72000122070312,151.74069213867188,11136100
2025-11-03,CVX,CVX,157.41000366210938,157.72000122070312,153.57000732421875,154.0399932861328,148.20021057128906,8512200
2025-11-04,CVX,CVX,153.42999267578125,153.75999450683594,152.14999389648438,153.38999938964844,147.57484436035156,6976800
2025-11-05,CVX,CVX,153.52999877929688,154.39999389648438,152.66000366210938,152.66000366210938,146.8725128173828,5894700
2025-11-06,CVX,CVX,152.91000366210938,154.7899932861328,152.67999267578125,152.94000244140625,147.14190673828125,6466300
2025-11-07,CVX,CVX,153.42999267578125,156.1699981689453,153.42999267578125,155.02000427246094,149.14306640625,9835900
2025-11-10,CVX,CVX,155.4199981689453,155.97999572753906,152.3699951171875,155.64999389648438,149.74917602539062,8436800
2025-11-11,CVX,CVX,156.75,157.99000549316406,155.89999389648438,156.24000549316406,150.31680297851562,6361400
2025-11-12,CVX,CVX,155.5800018310547,155.7899932861328,152.0800018310547,153.32000732421875,147.5074920654297,11670900
2025-11-13,CVX,CVX,154.0,156.1999969482422,153.92999267578125,155.5800018310547,149.68182373046875,7998700
2025-11-14,CVX,CVX,156.22999572753906,157.9499969482422,154.80999755859375,157.6199951171875,151.6444854736328,8484800
2025-11-17,CVX,CVX,157.72000122070312,157.88999938964844,154.44000244140625,154.82000732421875,148.9506378173828,8745000
2025-11-18,CVX,CVX,152.5,154.27999877929688,151.75999450683594,153.6199951171875,149.44677734375,10813400
2025-11-19,CVX,CVX,151.16000366210938,151.9600067138672,150.25,151.6999969482422,147.57894897460938,7539900
2025-11-20,CVX,CVX,152.5399932861328,153.0399932861328,150.0500030517578,150.30999755859375,146.22669982910156,7623400
2025-11-21,CVX,CVX,150.44000244140625,151.00999450683594,148.75,149.97999572753906,145.90565490722656,9248400
2025-11-24,CVX,CVX,149.82000732421875,150.1199951171875,147.74000549316406,149.75,145.68191528320312,14181100
2025-11-25,CVX,CVX,148.89999389648438,149.89999389648438,148.27000427246094,148.52999877929688,144.49505615234375,11447900
2025-11-26,CVX,CVX,148.25999450683594,150.4600067138672,148.1999969482422,149.50999450683594,145.44842529296875,7578900
2025-11-28,CVX,CVX,149.4600067138672,151.52000427246094,149.25999450683594,151.1300048828125,147.02442932128906,3848600
2025-12-01,CVX,CVX,151.75,153.9499969482422,151.5,152.5399932861328,148.3961181640625,8209000
2025-12-02,CVX,CVX,152.02000427246094,152.4600067138672,149.25999450683594,150.25,146.1683349609375,9196300
2025-12-03,CVX,CVX,151.0399932861328,152.5,150.97999572753906,151.58999633789062,147.471923828125,8060200
2025-12-04,CVX,CVX,151.75,152.94000244140625,151.22000122070312,152.25999450683594,148.12371826171875,7254700
2025-12-05,CVX,CVX,152.0,152.6300048828125,149.8300018310547,150.0,145.92514038085938,12659800
2025-12-08,CVX,CVX,149.25,150.07000732421875,147.66000366210938,148.7100067138672,144.670166015625,10237200
2025-12-09,CVX,CVX,149.0500030517578,150.10000610351562,148.22000122070312,148.49000549316406,144.45616149902344,8916700
2025-12-10,CVX,CVX,149.17999267578125,151.8000030517578,148.6999969482422,151.41000366210938,147.29681396484375,10976300
2025-12-11,CVX,CVX,150.8300018310547,151.94000244140625,150.10000610351562,150.72000122070312,146.6255645751953,8414200
2025-12-12,CVX,CVX,151.14999389648438,151.5500030517578,149.6300048828125,149.99000549316406,145.9154052734375,5848100
2025-12-15,CVX,CVX,149.83999633789062,150.10000610351562,148.42999267578125,149.8000030517578,145.73057556152344,7503000
2025-12-16,CVX,CVX,148.5399932861328,148.82000732421875,146.49000549316406,146.75,142.76341247558594,11290500
2025-12-17,CVX,CVX,147.5,149.8699951171875,147.35000610351562,149.52000427246094,145.4581756591797,8805300
2025-12-18,CVX,CVX,148.85000610351562,149.27000427246094,147.0800018310547,147.69000244140625,143.67787170410156,6998800
2025-12-19,CVX,CVX,147.9600067138672,149.00999450683594,147.19000244140625,147.75,143.73623657226562,21701400
2025-12-22,CVX,CVX,148.80999755859375,150.49000549316406,148.6999969482422,149.8000030517578,145.73057556152344,8143600
2025-12-23,CVX,CVX,150.0399932861328,151.0800018310547,149.85000610351562,150.50999450683594,146.4212646484375,4663700
2025-12-24,CVX,CVX,150.3800048828125,150.99000549316406,150.10000610351562,150.5,146.4115447998047,2227600
2025-12-26,CVX,CVX,150.3800048828125,151.13999938964844,149.64999389648438,150.02000427246094,145.944580078125,3706900
2025-12-29,CVX,CVX,151.0,151.63999938964844,150.08999633789062,150.99000549316406,146.8882293701172,5589100
2025-12-30,CVX,CVX,151.5,152.6699981689453,151.47000122070312,152.30999755859375,148.17237854003906,5150500
2025-12-31,CVX,CVX,152.38999938964844,152.5500030517578,151.6699981689453,152.41000366210938,148.26966857910156,4953100
2026-01-02,CVX,CVX,152.1699981689453,155.89999389648438,151.25,155.89999389648438,151.6648406982422,6862100
2026-01-05,CVX,CVX,165.75,165.75,159.30999755859375,163.85000610351562,159.39889526367188,35094900
2026-01-06,CVX,CVX,164.8800048828125,165.0500030517578,156.11000061035156,156.5399932861328,152.28744506835938,20564900
2026-01-07,CVX,CVX,157.44000244140625,158.00999450683594,154.89999389648438,155.1999969482422,150.98385620117188,13537900
2026-01-08,CVX,CVX,155.5,160.44000244140625,155.2100067138672,159.25,154.92384338378906,12929600
2026-01-09,CVX,CVX,160.55999755859375,162.6999969482422,159.94000244140625,162.11000061035156,157.70614624023438,12549600
2026-01-12,CVX,CVX,162.6999969482422,163.55999755859375,160.7100067138672,162.33999633789062,157.92990112304688,9796800
2026-01-13,CVX,CVX,163.47000122070312,166.1300048828125,163.3000030517578,163.8699951171875,159.41831970214844,12068600
2026-01-14,CVX,CVX,164.10000610351562,169.3699951171875,164.10000610351562,167.24000549316406,162.69680786132812,16414900
2026-01-15,CVX,CVX,165.77000427246094,167.3300018310547,165.10000610351562,166.16000366210938,161.64613342285156,8097400
2026-01-16,CVX,CVX,166.58999633789062,167.2899932861328,165.80999755859375,166.25999450683594,161.743408203125,9745800
2026-01-20,CVX,CVX,166.7100067138672,167.64999389648438,165.14999389648438,165.3000030517578,160.8094940185547,11142500
2026-01-21,CVX,CVX,167.0,168.47999572753906,166.05999755859375,166.72999572753906,162.20065307617188,10918500
2026-01-22,CVX,CVX,166.25999450683594,167.55999755859375,165.72999572753906,166.66000366210938,162.13253784179688,8957400
2026-01-23,CVX,CVX,167.9499969482422,168.44000244140625,166.44000244140625,166.72000122070312,162.19090270996094,8368700
2026-01-26,CVX,CVX,168.3300018310547,168.41000366210938,166.77000427246094,167.5,162.94972229003906,8912600
2026-01-27,CVX,CVX,167.77000427246094,169.35000610351562,166.64999389648438,169.0500030517578,164.45762634277344,9784900
2026-01-28,CVX,CVX,169.9600067138672,170.4199981689453,168.1999969482422,169.92999267578125,165.31370544433594,9200200
2026-01-29,CVX,CVX,172.64999389648438,174.9199981689453,171.0399932861328,171.19000244140625,166.53948974609375,16786600
2026-01-30,CVX,CVX,172.6199951171875,177.3000030517578,171.27000427246094,176.89999389648438,172.0943603515625,22946600
2026-02-02,CVX,CVX,173.44000244140625,176.27000427246094,172.64999389648438,174.02999877929688,169.30233764648438,14235300
2026-02-03,CVX,CVX,173.8800048828125,178.82000732421875,173.75,178.0399932861328,173.20338439941406,18425400
2026-02-04,CVX,CVX,178.8800048828125,182.58999633789062,178.8800048828125,181.22999572753906,176.3067169189453,16170500
2026-02-05,CVX,CVX,179.63999938964844,180.4600067138672,177.41000366210938,179.22999572753906,174.36106872558594,10474100
2026-02-06,CVX,CVX,180.3000030517578,182.10000610351562,179.50999450683594,180.86000061035156,175.94679260253906,9901800
2026-02-09,CVX,CVX,181.00999450683594,182.82000732421875,179.9499969482422,182.60000610351562,177.63954162597656,12021300
2026-02-10,CVX,CVX,182.72999572753906,182.9499969482422,180.86000061035156,182.25999450683594,177.30874633789062,7458200
2026-02-11,CVX,CVX,183.94000244140625,186.52000427246094,183.5500030517578,185.82000732421875,180.77206420898438,10502100
2026-02-12,CVX,CVX,185.8000030517578,185.8000030517578,182.08999633789062,182.39999389648438,177.4449462890625,9673700
2026-02-13,CVX,CVX,182.5399932861328,184.83999633789062,181.72000122070312,183.74000549316406,178.74855041503906,9034700
2026-02-17,CVX,CVX,183.3000030517578,183.8000030517578,178.74000549316406,180.5500030517578,177.36343383789062,9849000
2026-02-18,CVX,CVX,183.22999572753906,183.9199981689453,181.97999572753906,183.8699951171875,180.6248321533203,10313400
2026-02-19,CVX,CVX,185.2899932861328,187.89999389648438,184.74000549316406,184.77999877929688,181.51876831054688,10773300
2026-02-20,CVX,CVX,184.58999633789062,184.88999938964844,182.32000732421875,183.92999267578125,180.6837615966797,9566200
2026-02-23,CVX,CVX,184.6699981689453,186.6300048828125,184.0500030517578,184.91000366210938,181.64649963378906,7047200
2026-02-24,CVX,CVX,185.2899932861328,185.9600067138672,183.85000610351562,185.33999633789062,182.0688934326172,7451800
2026-02-25,CVX,CVX,185.83999633789062,185.97999572753906,182.50999450683594,184.22000122070312,180.96865844726562,9440700
2026-02-26,CVX,CVX,182.89999389648438,186.25999450683594,181.75999450683594,184.16000366210938,180.90972900390625,7133800
2026-02-27,CVX,CVX,186.0,187.5500030517578,183.77000427246094,186.75999450683594,183.46383666992188,12035500
2026-03-02,CVX,CVX,190.3300018310547,191.44000244140625,187.22000122070312,189.60000610351562,186.25372314453125,15809100
2026-03-03,CVX,CVX,190.52000427246094,191.55999755859375,187.4199981689453,188.77000427246094,185.4383544921875,14004200
2026-03-04,CVX,CVX,187.4499969482422,188.4600067138672,184.14999389648438,186.02999877929688,182.74671936035156,11054400
2026-03-05,CVX,CVX,186.60000610351562,189.97000122070312,186.49000549316406,189.89999389648438,186.54840087890625,13567200
2026-03-06,CVX,CVX,190.8800048828125,192.41000366210938,188.1199951171875,189.94000244140625,186.5877227783203,13073100
2026-03-09,CVX,CVX,191.0,191.64999389648438,188.11000061035156,189.44000244140625,186.09652709960938,15987500
2026-03-10,CVX,CVX,188.6300048828125,189.17999267578125,185.63999938964844,186.2899932861328,183.0021209716797,11999600
2026-03-11,CVX,CVX,186.58999633789062,191.86000061035156,186.49000549316406,191.7899932861328,188.40505981445312,11371700
2026-03-12,CVX,CVX,192.5800018310547,198.8800048828125,191.77000427246094,196.97000122070312,193.49363708496094,27151800
2026-03-13,CVX,CVX,196.0,197.6300048828125,194.69000244140625,196.82000732421875,193.34629821777344,13017000
2026-03-16,CVX,CVX,196.60000610351562,197.83999633789062,195.5800018310547,196.83999633789062,193.3659210205078,12683900
2026-03-17,CVX,CVX,197.49000549316406,200.5800018310547,196.4600067138672,197.97000122070312,194.4759979248047,14018600
2026-03-18,CVX,CVX,199.22000122070312,200.72999572753906,198.50999450683594,198.61000061035156,195.1046905517578,13305000
2026-03-19,CVX,CVX,199.7899932861328,202.44000244140625,199.0,201.44000244140625,197.88473510742188,16918400
2026-03-20,CVX,CVX,201.39999389648438,205.0800018310547,201.0,201.72999572753906,198.16961669921875,35849500
2026-03-23,CVX,CVX,198.6300048828125,205.36000061035156,197.3699951171875,205.2100067138672,201.5882110595703,15735700
2026-03-24,CVX,CVX,206.0500030517578,209.7899932861328,205.80999755859375,206.7899932861328,203.14031982421875,16695500
2026-03-25,CVX,CVX,206.0,207.24000549316406,204.6199951171875,205.14999389648438,201.52926635742188,8865000
2026-03-26,CVX,CVX,206.02999877929688,209.2100067138672,205.16000366210938,207.7899932861328,204.12266540527344,11085600
2026-03-27,CVX,CVX,208.14999389648438,212.4600067138672,206.25,211.14999389648438,207.42337036132812,13907800
2026-03-30,CVX,CVX,213.25999450683594,214.7100067138672,210.2899932861328,210.7100067138672,206.9911346435547,10409000
2026-03-31,CVX,CVX,210.89999389648438,213.10000610351562,201.9600067138672,206.89999389648438,203.24838256835938,17403900
2026-04-01,CVX,CVX,201.99000549316406,204.77999877929688,194.91000366210938,197.41000366210938,193.92587280273438,23051900
2026-04-02,CVX,CVX,202.50999450683594,205.47999572753906,198.0399932861328,198.97000122070312,195.45834350585938,11528000
2026-04-06,CVX,CVX,198.5,199.77000427246094,196.35000610351562,198.86000061035156,195.35028076171875,8245700
2026-04-07,CVX,CVX,199.97000122070312,204.6199951171875,199.24000549316406,201.5399932861328,197.98297119140625,11672600
2026-04-08,CVX,CVX,191.41000366210938,193.1699981689453,188.60000610351562,192.88999938964844,189.4856414794922,17195400
2026-04-09,CVX,CVX,194.30999755859375,196.6699981689453,189.27000427246094,190.36000061035156,187.00030517578125,11634000
2026-04-10,CVX,CVX,189.7100067138672,190.9600067138672,186.47000122070312,188.5500030517578,185.2222442626953,11151400
2026-04-13,CVX,CVX,191.4499969482422,192.61000061035156,189.72000122070312,191.77999877929688,188.39523315429688,12000200
2026-04-14,CVX,CVX,188.60000610351562,189.1699981689453,184.60000610351562,187.02000427246094,183.71923828125,12111000
2026-04-15,CVX,CVX,186.36000061035156,187.24000549316406,184.0399932861328,184.91000366210938,181.64649963378906,8661600
2026-04-16,CVX,CVX,185.6199951171875,188.22999572753906,185.33999633789062,188.14999389648438,184.8292999267578,8013200
2026-04-17,CVX,CVX,181.88999938964844,184.3000030517578,177.74000549316406,183.99000549316406,180.7427215576172,15720600
2026-04-20,CVX,CVX,184.5,186.27000427246094,182.8300018310547,183.25,180.01577758789062,9661100
2026-04-21,CVX,CVX,183.97000122070312,186.3699951171875,182.33999633789062,185.97999572753906,182.69760131835938,9799000
2026-04-22,CVX,CVX,187.27000427246094,189.4199981689453,186.1199951171875,186.32000732421875,183.03160095214844,8708300
2026-04-23,CVX,CVX,187.1199951171875,188.4199981689453,185.5,187.60000610351562,184.2890167236328,6684700
2026-04-24,CVX,CVX,185.22999572753906,186.4199981689453,183.1999969482422,185.2100067138672,181.9412078857422,9626700
2026-04-27,CVX,CVX,186.19000244140625,188.3699951171875,183.6699981689453,184.77999877929688,181.51876831054688,10836600
2026-04-28,CVX,CVX,188.27999877929688,189.9600067138672,186.5500030517578,188.36000061035156,185.0355987548828,10754900
2026-04-29,CVX,CVX,190.1300048828125,192.6199951171875,189.5,192.22000122070312,188.8274688720703,8644600
2026-04-30,CVX,CVX,190.25,194.1300048828125,188.5,193.30999755859375,189.89822387695312,11748600
2026-05-01,CVX,CVX,191.3000030517578,194.08999633789062,189.75,190.6300048828125,187.2655487060547,10435900
2026-05-04,CVX,CVX,190.85000610351562,193.7100067138672,187.97000122070312,192.27999877929688,188.88641357421875,8229500
2026-05-05,CVX,CVX,191.22000122070312,193.6699981689453,190.4499969482422,192.63999938964844,189.24005126953125,5642800
2026-05-06,CVX,CVX,185.58999633789062,186.77999877929688,183.13999938964844,185.16000366210938,181.89207458496094,11082900
2026-05-07,CVX,CVX,181.5800018310547,183.44000244140625,179.52999877929688,182.5,179.27902221679688,12194000
2026-05-08,CVX,CVX,182.0399932861328,182.72999572753906,180.74000549316406,181.6199951171875,178.41455078125,13053000
2026-05-11,CVX,CVX,183.0,185.1999969482422,183.0,184.74000549316406,181.4794921875,12042100
2026-05-12,CVX,CVX,186.5,186.88999938964844,184.66000366210938,185.9499969482422,182.66812133789062,8995100
2026-05-13,CVX,CVX,185.80999755859375,186.00999450683594,183.9600067138672,186.0,182.71725463867188,7554700
2026-05-14,CVX,CVX,186.19000244140625,187.57000732421875,185.25,186.63999938964844,183.345947265625,6222400
2026-05-15,CVX,CVX,188.60000610351562,191.5,187.89999389648438,191.10000610351562,187.72723388671875,11210800
2026-05-18,CVX,CVX,191.1699981689453,196.1999969482422,189.02999877929688,196.1199951171875,192.65863037109375,9869700
2026-05-19,CVX,CVX,194.92999267578125,198.8699951171875,193.47000122070312,197.25,195.54345703125,11819200
2026-05-20,CVX,CVX,196.25,198.19000244140625,191.27000427246094,191.3300018310547,189.6746826171875,14564900
2026-05-21,CVX,CVX,193.7899932861328,194.16000366210938,189.0,191.00999450683594,189.35743713378906,9051200
2026-05-22,CVX,CVX,190.3699951171875,192.0,189.8000030517578,191.42999267578125,189.7738037109375,7209600
2026-05-26,CVX,CVX,190.0,190.49000549316406,183.89999389648438,184.7100067138672,183.11195373535156,14264600
2026-05-27,CVX,CVX,181.85000610351562,183.72000122070312,180.6699981689453,182.39999389648438,180.82192993164062,9442800
2026-05-28,CVX,CVX,183.7100067138672,185.25999450683594,182.08999633789062,183.02999877929688,181.4464874267578,8725400
2026-05-29,CVX,CVX,182.72000122070312,182.97000122070312,180.39999389648438,182.4600067138672,180.8814239501953,13886500
2026-06-01,CVX,CVX,184.3800048828125,187.94000244140625,184.02000427246094,185.8300018310547,184.22225952148438,8850500
2026-06-02,CVX,CVX,184.8800048828125,188.4499969482422,184.8800048828125,187.5500030517578,185.92738342285156,6549800
2026-06-03,CVX,CVX,188.88999938964844,191.47999572753906,187.9600067138672,189.7100067138672,188.06869506835938,7983700
2026-06-04,CVX,CVX,189.0,190.10000610351562,187.6699981689453,188.35000610351562,186.720458984375,5163200
2026-06-05,CVX,CVX,189.05999755859375,189.61000061035156,186.58999633789062,187.30999755859375,185.689453125,6310900
2026-06-08,CVX,CVX,188.6999969482422,191.02999877929688,188.5,189.24000549316406,187.60276794433594,6113000
2026-06-09,CVX,CVX,188.5,189.3800048828125,185.47000122070312,186.75999450683594,185.1442108154297,8469900
2026-06-10,CVX,CVX,189.19000244140625,192.69000244140625,188.22999572753906,189.8000030517578,188.1579132080078,10041800
2026-06-11,CVX,CVX,191.80999755859375,192.25,185.5500030517578,185.82000732421875,184.2123565673828,9274100
2026-06-12,CVX,CVX,185.0800018310547,188.39999389648438,184.36000061035156,187.22000122070312,185.60023498535156,8703400
2026-06-15,CVX,CVX,178.89999389648438,181.6699981689453,177.75999450683594,180.39999389648438,178.8392333984375,10184900
2026-06-16,CVX,CVX,178.6199951171875,180.25,178.3300018310547,180.11000061035156,178.55174255371094,6663500
2026-06-17,CVX,CVX,179.00999450683594,180.0800018310547,177.10000610351562,177.5800018310547,176.04364013671875,8430000
2026-06-18,CVX,CVX,175.63999938964844,175.63999938964844,172.22999572753906,173.6300048828125,172.1278076171875,19146100
2026-06-22,CVX,CVX,174.0800018310547,175.4499969482422,172.86000061035156,175.05999755859375,173.54544067382812,11108900
2026-06-23,CVX,CVX,175.77999877929688,176.39999389648438,174.6999969482422,175.97999572753906,174.4574737548828,6555300
2026-06-24,CVX,CVX,173.88999938964844,173.99000549316406,170.86000061035156,171.4499969482422,169.9666748046875,10634600
2026-06-25,CVX,CVX,170.22000122070312,172.77000427246094,169.27000427246094,172.24000549316406,170.74984741210938,7954200
2026-06-26,CVX,CVX,172.24000549316406,172.25,169.92999267578125,171.05999755859375,169.58004760742188,13102200
2026-06-29,CVX,CVX,171.3699951171875,171.60000610351562,168.3699951171875,168.47000122070312,167.012451171875,8813700
2026-06-30,CVX,CVX,169.6999969482422,170.4600067138672,165.1999969482422,165.75999450683594,164.32589721679688,19428800
2026-07-01,CVX,CVX,164.77999877929688,167.47000122070312,164.77999877929688,165.69000244140625,164.25650024414062,9175500
2026-07-02,CVX,CVX,168.27999877929688,169.5500030517578,167.39999389648438,169.1999969482422,167.7361297607422,9561800
2026-07-06,CVX,CVX,168.86000061035156,169.25999450683594,167.16000366210938,168.10000610351562,166.64566040039062,9974300
2026-07-07,CVX,CVX,170.13999938964844,174.61000061035156,170.0,174.00999450683594,172.5045166015625,9748900
2026-07-08,CVX,CVX,176.8000030517578,178.5800018310547,174.9499969482422,175.97000122070312,174.44757080078125,9921800
2026-07-09,CVX,CVX,174.6300048828125,175.58999633789062,173.89999389648438,174.0500030517578,172.54417419433594,6582400
2026-07-10,CVX,CVX,174.97000122070312,176.4199981689453,173.50999450683594,176.39999389648438,174.87384033203125,5996600
2026-07-13,CVX,CVX,179.02000427246094,182.3800048828125,179.02000427246094,182.1999969482422,180.6236572265625,7685100
2026-07-14,CVX,CVX,182.75,183.36000061035156,180.6300048828125,181.75999450683594,180.18746948242188,6823300
2026-07-15,CVX,CVX,182.1699981689453,182.39999389648438,178.5800018310547,181.60000610351562,180.02886962890625,6665700
2026-07-16,CVX,CVX,182.57000732421875,184.8300018310547,181.9499969482422,183.86000061035156,182.26930236816406,6257600
2026-07-17,CVX,CVX,187.47000122070312,188.14999389648438,185.5,187.3800048828125,185.75885009765625,7058300
2026-07-20,CVX,CVX,186.2899932861328,190.35000610351562,185.92999267578125,189.7100067138672,188.06869506835938,7767000
2026-07-21,CVX,CVX,190.5,191.25999450683594,189.32000732421875,191.07000732421875,189.41693115234375,6892400
2026-07-22,CVX,CVX,193.39999389648438,193.6999969482422,191.94000244140625,192.97999572753906,191.31039428710938,6142400
2026-07-23,CVX,CVX,196.3000030517578,197.69000244140625,194.02000427246094,194.4199981689453,192.73794555664062,8150000
2026-07-24,CVX,CVX,194.4600067138672,196.8699951171875,193.8000030517578,194.7899932861328,193.104736328125,6700400
2026-07-27,CVX,CVX,188.6699981689453,192.49000549316406,188.6699981689453,190.0,188.35618591308594,7369200
2026-07-28,CVX,CVX,191.47000122070312,191.97000122070312,186.72999572753906,187.5800018310547,185.95712280273438,7406800
2026-07-29,CVX,CVX,192.5,193.55999755859375,190.77999877929688,191.86000061035156,190.20008850097656,8101200
2026-07-30,CVX,CVX,189.91000366210938,193.1199951171875,189.30999755859375,192.30999755859375,190.6461944580078,6645000
2026-07-31,CVX,CVX,195.11000061035156,197.5500030517578,191.5399932861328,196.8300018310547,195.12709045410156,9958100
2026-08-03,CVX,CVX,195.3800048828125,195.86000061035156,191.80999755859375,193.17999267578125,191.5086669921875,9544100
2026-08-04,CVX,CVX,190.14999389648438,191.47000122070312,186.33999633789062,190.39999389648438,188.75271606445312,9455900
2026-08-05,CVX,CVX,191.19000244140625,191.3800048828125,186.27000427246094,186.41000366210938,184.7972412109375,8260600
2026-08-06,CVX,CVX,188.97000122070312,189.77999877929688,187.02000427246094,189.22999572753906,187.59283447265625,7182100
2026-08-07,CVX,CVX,186.2100067138672,187.75,185.8699951171875,186.55999755859375,184.94593811035156,7098800
2026-08-10,CVX,CVX,188.8800048828125,194.99000549316406,188.8800048828125,194.91000366210938,193.2237091064453,13667300
2026-08-11,CVX,CVX,194.25,197.4600067138672,194.25,196.66000366210938,194.9585723876953,6049800
2026-08-12,CVX,CVX,195.22000122070312,197.39999389648438,194.5800018310547,196.60000610351562,194.8990936279297,7366200
2026-08-13,CVX,CVX,195.0,198.10000610351562,193.75,197.6999969482422,195.98956298828125,5908900
2026-08-14,CVX,CVX,198.8699951171875,201.6300048828125,198.36000061035156,200.0,198.26966857910156,7910500
2026-08-17,CVX,CVX,200.72999572753906,203.67999267578125,199.8000030517578,202.6999969482422,200.94630432128906,8357800
2026-08-18,CVX,CVX,205.02999877929688,206.22000122070312,203.7100067138672,205.74000549316406,203.9600067138672,7701600
2026-08-19,CVX,CVX,205.0500030517578,207.67999267578125,204.25999450683594,205.75999450683594,205.75999450683594,8689900
2026-08-20,CVX,CVX,208.89999389648438,208.97999572753906,205.52000427246094,205.77000427246094,205.77000427246094,8200600
2026-08-21,CVX,CVX,205.92999267578125,207.82000732421875,205.00999450683594,205.27000427246094,205.27000427246094,7359100
2026-08-24,CVX,CVX,203.6699981689453,205.3000030517578,201.75,203.08999633789062,203.08999633789062,5853900
2026-08-25,CVX,CVX,201.02999877929688,202.05999755859375,199.7899932861328,199.88999938964844,199.88999938964844,8176800
2026-08-26,CVX,CVX,198.72999572753906,202.38999938964844,198.1199951171875,200.2100067138672,200.2100067138672,6863100
2026-08-27,CVX,CVX,199.57000732421875,200.8800048828125,197.82000732421875,199.77000427246094,199.77000427246094,8112300
2026-08-28,CVX,CVX,199.97999572753906,202.24000549316406,199.55999755859375,201.86000061035156,201.86000061035156,5301000
2026-08-31,CVX,CVX,206.0800018310547,208.4199981689453,203.83999633789062,206.13999938964844,206.13999938964844,12067400
2026-09-01,CVX,CVX,209.0,211.0800018310547,207.8000030517578,211.0500030517578,211.0500030517578,8551500
2026-09-02,CVX,CVX,210.49000549316406,212.7899932861328,209.4600067138672,211.77999877929688,211.77999877929688,7595300
2026-09-03,CVX,CVX,212.3800048828125,213.1999969482422,211.1699981689453,211.32000732421875,211.32000732421875,6668200
2026-09-04,CVX,CVX,209.50999450683594,209.86000061035156,207.1199951171875,208.60000610351562,208.60000610351562,5458400
