Date,Symbol,DownloadSymbol,Open,High,Low,Close,Adj Close,Volume
2016-07-14,KO,KO,45.72999954223633,45.939998626708984,45.58000183105469,45.689998626708984,33.23984909057617,7621200
2016-07-15,KO,KO,45.880001068115234,45.900001525878906,45.439998626708984,45.630001068115234,33.19620895385742,10621000
2016-07-18,KO,KO,45.689998626708984,45.70000076293945,45.47999954223633,45.630001068115234,33.19620895385742,7958300
2016-07-19,KO,KO,45.459999084472656,45.709999084472656,45.43000030517578,45.630001068115234,33.19620895385742,7761100
2016-07-20,KO,KO,45.75,45.77000045776367,45.38999938964844,45.5099983215332,33.10889434814453,8478200
2016-07-21,KO,KO,45.34000015258789,45.5099983215332,45.2599983215332,45.45000076293945,33.06524658203125,8045100
2016-07-22,KO,KO,45.5,45.84000015258789,45.459999084472656,45.83000183105469,33.34170150756836,8836100
2016-07-25,KO,KO,45.810001373291016,45.83000183105469,45.470001220703125,45.56999969482422,33.15255355834961,9134300
2016-07-26,KO,KO,45.529998779296875,45.650001525878906,44.83000183105469,44.880001068115234,32.650577545166016,15819900
2016-07-27,KO,KO,43.900001525878906,44.060001373291016,43.099998474121094,43.400001525878906,31.573867797851562,37461100
2016-07-28,KO,KO,43.27000045776367,43.689998626708984,43.220001220703125,43.650001525878906,31.7557373046875,13077800
2016-07-29,KO,KO,43.720001220703125,43.75,43.47999954223633,43.630001068115234,31.74118423461914,16530500
2016-08-01,KO,KO,43.689998626708984,43.83000183105469,43.43000030517578,43.45000076293945,31.6102352142334,12349700
2016-08-02,KO,KO,43.349998474121094,43.58000183105469,43.310001373291016,43.529998779296875,31.668439865112305,12825200
2016-08-03,KO,KO,43.65999984741211,43.70000076293945,43.369998931884766,43.63999938964844,31.74846839904785,12119100
2016-08-04,KO,KO,43.560001373291016,43.79999923706055,43.400001525878906,43.5099983215332,31.653888702392578,11244100
2016-08-05,KO,KO,43.650001525878906,43.75,43.40999984741211,43.47999954223633,31.632062911987305,10398200
2016-08-08,KO,KO,43.43000030517578,43.52000045776367,43.220001220703125,43.439998626708984,31.602962493896484,8680300
2016-08-09,KO,KO,43.5,43.63999938964844,43.380001068115234,43.470001220703125,31.624788284301758,7281300
2016-08-10,KO,KO,43.63999938964844,43.689998626708984,43.5,43.61000061035156,31.726627349853516,8412100
2016-08-11,KO,KO,43.720001220703125,43.869998931884766,43.619998931884766,43.75,31.828489303588867,11303300
2016-08-12,KO,KO,43.90999984741211,44.189998626708984,43.790000915527344,44.029998779296875,32.03219223022461,10928900
2016-08-15,KO,KO,44.099998474121094,44.33000183105469,44.0099983215332,44.2400016784668,32.184974670410156,10390600
2016-08-16,KO,KO,44.25,44.25,43.83000183105469,43.83000183105469,31.886695861816406,9706100
2016-08-17,KO,KO,44.0099983215332,44.06999969482422,43.779998779296875,44.060001373291016,32.05401611328125,11208500
2016-08-18,KO,KO,44.0099983215332,44.2599983215332,44.0,44.099998474121094,32.083106994628906,9144300
2016-08-19,KO,KO,44.04999923706055,44.060001373291016,43.7400016784668,43.91999816894531,31.952157974243164,9385900
2016-08-22,KO,KO,43.939998626708984,43.95000076293945,43.72999954223633,43.7400016784668,31.821212768554688,8687500
2016-08-23,KO,KO,43.849998474121094,43.97999954223633,43.7400016784668,43.849998474121094,31.901248931884766,8421100
2016-08-24,KO,KO,43.81999969482422,43.939998626708984,43.65999984741211,43.849998474121094,31.901248931884766,11508900
2016-08-25,KO,KO,43.849998474121094,43.939998626708984,43.630001068115234,43.66999816894531,31.77028465270996,9815700
2016-08-26,KO,KO,43.720001220703125,43.91999816894531,43.310001373291016,43.31999969482422,31.515655517578125,11824900
2016-08-29,KO,KO,43.34000015258789,43.61000061035156,43.33000183105469,43.540000915527344,31.675704956054688,9544600
2016-08-30,KO,KO,43.459999084472656,43.529998779296875,43.119998931884766,43.2400016784668,31.457454681396484,9720100
2016-08-31,KO,KO,43.43000030517578,43.459999084472656,43.08000183105469,43.43000030517578,31.595678329467773,10217900
2016-09-01,KO,KO,43.209999084472656,43.40999984741211,43.20000076293945,43.349998474121094,31.537479400634766,8457800
2016-09-02,KO,KO,43.52000045776367,43.83000183105469,43.470001220703125,43.65999984741211,31.763010025024414,9026000
2016-09-06,KO,KO,43.7400016784668,43.79999923706055,43.400001525878906,43.790000915527344,31.85758399963379,8600400
2016-09-07,KO,KO,43.720001220703125,43.79999923706055,43.529998779296875,43.63999938964844,31.74846839904785,8656600
2016-09-08,KO,KO,43.66999816894531,43.72999954223633,43.45000076293945,43.630001068115234,31.74118423461914,10020400
2016-09-09,KO,KO,43.43000030517578,43.43000030517578,42.27000045776367,42.27000045776367,30.751779556274414,23624200
2016-09-12,KO,KO,42.36000061035156,43.22999954223633,42.34000015258789,43.189998626708984,31.421083450317383,15932300
2016-09-13,KO,KO,42.77000045776367,42.77000045776367,42.209999084472656,42.279998779296875,31.010345458984375,12962700
2016-09-14,KO,KO,42.27000045776367,42.40999984741211,41.9900016784668,42.11000061035156,30.88567352294922,9823900
2016-09-15,KO,KO,42.0099983215332,42.38999938964844,41.880001068115234,42.36000061035156,31.069028854370117,10158500
2016-09-16,KO,KO,42.16999816894531,42.2599983215332,41.970001220703125,42.13999938964844,30.907657623291016,16354000
2016-09-19,KO,KO,42.15999984741211,42.369998931884766,42.08000183105469,42.099998474121094,30.878324508666992,7659900
2016-09-20,KO,KO,42.310001373291016,42.529998779296875,42.2400016784668,42.34000015258789,31.05436134338379,8407200
2016-09-21,KO,KO,42.279998779296875,42.61000061035156,42.099998474121094,42.529998779296875,31.193708419799805,13654700
2016-09-22,KO,KO,42.709999084472656,43.0099983215332,42.689998626708984,42.959999084472656,31.509103775024414,9288300
2016-09-23,KO,KO,42.810001373291016,42.939998626708984,42.650001525878906,42.7400016784668,31.347740173339844,8852700
2016-09-26,KO,KO,42.709999084472656,42.720001220703125,42.0099983215332,42.04999923706055,30.84165382385254,15036000
2016-09-27,KO,KO,42.189998626708984,42.630001068115234,42.0,42.59000015258789,31.237728118896484,11920400
2016-09-28,KO,KO,42.630001068115234,42.7599983215332,42.029998779296875,42.150001525878906,30.914997100830078,15523800
2016-09-29,KO,KO,42.02000045776367,42.38999938964844,41.849998474121094,42.029998779296875,30.826997756958008,12671700
2016-09-30,KO,KO,42.209999084472656,42.5,42.060001373291016,42.31999969482422,31.039684295654297,14375700
2016-10-03,KO,KO,42.310001373291016,42.310001373291016,41.88999938964844,42.029998779296875,30.826997756958008,11152800
2016-10-04,KO,KO,42.34000015258789,42.34000015258789,41.779998779296875,41.84000015258789,30.687623977661133,13682700
2016-10-05,KO,KO,41.93000030517578,42.06999969482422,41.66999816894531,41.810001373291016,30.665634155273438,9607300
2016-10-06,KO,KO,41.68000030517578,41.939998626708984,41.58000183105469,41.709999084472656,30.592281341552734,9722900
2016-10-07,KO,KO,41.83000183105469,41.939998626708984,41.56999969482422,41.72999954223633,30.60694694519043,8122800
2016-10-10,KO,KO,41.91999816894531,41.9900016784668,41.599998474121094,41.72999954223633,30.60694694519043,8983600
2016-10-11,KO,KO,41.65999984741211,41.70000076293945,41.400001525878906,41.540000915527344,30.46759796142578,12249100
2016-10-12,KO,KO,41.630001068115234,41.84000015258789,41.5,41.779998779296875,30.64361000061035,12216300
2016-10-13,KO,KO,41.650001525878906,41.88999938964844,41.5099983215332,41.7599983215332,30.62895965576172,17655600
2016-10-14,KO,KO,41.849998474121094,41.90999984741211,41.619998931884766,41.66999816894531,30.56294822692871,9893800
2016-10-17,KO,KO,41.72999954223633,41.86000061035156,41.56999969482422,41.599998474121094,30.5115966796875,10792500
2016-10-18,KO,KO,41.810001373291016,42.0,41.72999954223633,41.970001220703125,30.782976150512695,11297300
2016-10-19,KO,KO,41.93000030517578,42.119998931884766,41.810001373291016,42.04999923706055,30.84165382385254,16367400
2016-10-20,KO,KO,41.970001220703125,42.11000061035156,41.88999938964844,41.93000030517578,30.753633499145508,10620500
2016-10-21,KO,KO,41.849998474121094,42.16999816894531,41.68000030517578,42.130001068115234,30.900333404541016,14401500
2016-10-24,KO,KO,42.31999969482422,42.77000045776367,42.25,42.560001373291016,31.215713500976562,13439200
2016-10-25,KO,KO,42.63999938964844,42.880001068115234,42.43000030517578,42.540000915527344,31.2010440826416,16484700
2016-10-26,KO,KO,43.0,43.029998779296875,42.40999984741211,42.439998626708984,31.127710342407227,16886200
2016-10-27,KO,KO,42.630001068115234,42.650001525878906,41.900001525878906,42.119998931884766,30.893009185791016,14537000
2016-10-28,KO,KO,42.2599983215332,42.470001220703125,42.099998474121094,42.22999954223633,30.973674774169922,13398400
2016-10-31,KO,KO,42.119998931884766,42.40999984741211,42.119998931884766,42.400001525878906,31.098363876342773,13327500
2016-11-01,KO,KO,42.400001525878906,42.43000030517578,41.90999984741211,42.119998931884766,30.893009185791016,12223400
2016-11-02,KO,KO,42.099998474121094,42.34000015258789,42.0099983215332,42.04999923706055,30.84165382385254,12034300
2016-11-03,KO,KO,42.220001220703125,42.220001220703125,41.959999084472656,42.029998779296875,30.826997756958008,11258000
2016-11-04,KO,KO,41.849998474121094,42.040000915527344,41.689998626708984,41.689998626708984,30.577611923217773,14464200
2016-11-07,KO,KO,42.040000915527344,42.5,42.040000915527344,42.459999084472656,31.14237403869629,14038500
2016-11-08,KO,KO,42.369998931884766,42.97999954223633,42.369998931884766,42.880001068115234,31.450416564941406,12036600
2016-11-09,KO,KO,41.7599983215332,42.31999969482422,41.70000076293945,42.27000045776367,31.003021240234375,21351000
2016-11-10,KO,KO,41.86000061035156,42.2599983215332,40.849998474121094,40.939998626708984,30.027523040771484,33245500
2016-11-11,KO,KO,40.95000076293945,41.130001068115234,40.630001068115234,41.029998779296875,30.09354019165039,13421000
2016-11-14,KO,KO,41.130001068115234,41.41999816894531,40.849998474121094,41.16999816894531,30.19622039794922,19514200
2016-11-15,KO,KO,41.18000030517578,41.52000045776367,41.16999816894531,41.439998626708984,30.394254684448242,16554000
2016-11-16,KO,KO,41.400001525878906,41.650001525878906,41.15999984741211,41.2599983215332,30.262229919433594,12681400
2016-11-17,KO,KO,41.279998779296875,41.29999923706055,41.0,41.119998931884766,30.159555435180664,12398800
2016-11-18,KO,KO,41.029998779296875,41.20000076293945,40.900001525878906,40.90999984741211,30.00552749633789,16345300
2016-11-21,KO,KO,40.90999984741211,41.36000061035156,40.72999954223633,41.36000061035156,30.335573196411133,12307000
2016-11-22,KO,KO,41.45000076293945,41.70000076293945,41.2400016784668,41.369998931884766,30.3429012298584,12743500
2016-11-23,KO,KO,41.220001220703125,41.310001373291016,41.029998779296875,41.119998931884766,30.159555435180664,9281300
2016-11-25,KO,KO,41.38999938964844,41.58000183105469,41.2400016784668,41.529998779296875,30.46025276184082,7402300
2016-11-28,KO,KO,41.5099983215332,41.790000915527344,41.27000045776367,41.75,30.621623992919922,19424400
2016-11-29,KO,KO,41.52000045776367,41.52000045776367,41.13999938964844,41.150001525878906,30.436704635620117,11421900
2016-11-30,KO,KO,41.0,41.20000076293945,40.349998474121094,40.349998474121094,29.844970703125,22410400
2016-12-01,KO,KO,40.310001373291016,40.38999938964844,39.880001068115234,40.16999816894531,29.711841583251953,20409900
2016-12-02,KO,KO,40.29999923706055,40.4900016784668,40.189998626708984,40.36000061035156,29.852384567260742,11176300
2016-12-05,KO,KO,40.34000015258789,40.689998626708984,40.310001373291016,40.619998931884766,30.044694900512695,15977800
2016-12-06,KO,KO,40.75,40.77000045776367,40.41999816894531,40.56999969482422,30.007709503173828,11303500
2016-12-07,KO,KO,40.540000915527344,41.290000915527344,40.5099983215332,41.290000915527344,30.54026985168457,13726500
2016-12-08,KO,KO,41.06999969482422,41.209999084472656,40.849998474121094,40.97999954223633,30.31096076965332,13077100
2016-12-09,KO,KO,41.5,42.220001220703125,41.290000915527344,42.0,31.065420150756836,28125800
2016-12-12,KO,KO,42.0,42.0099983215332,41.720001220703125,41.900001525878906,30.9914493560791,17561900
2016-12-13,KO,KO,41.720001220703125,41.959999084472656,41.540000915527344,41.7599983215332,30.887895584106445,18986000
2016-12-14,KO,KO,41.88999938964844,41.9900016784668,41.060001373291016,41.209999084472656,30.4810791015625,17937900
2016-12-15,KO,KO,41.099998474121094,41.810001373291016,41.099998474121094,41.54999923706055,30.732566833496094,14265300
2016-12-16,KO,KO,41.61000061035156,41.7599983215332,41.47999954223633,41.7400016784668,30.873104095458984,19675200
2016-12-19,KO,KO,41.689998626708984,41.79999923706055,41.58000183105469,41.66999816894531,30.821325302124023,8687300
2016-12-20,KO,KO,41.70000076293945,41.720001220703125,41.439998626708984,41.65999984741211,30.81393051147461,10603500
2016-12-21,KO,KO,41.599998474121094,41.83000183105469,41.52000045776367,41.56999969482422,30.747371673583984,9693600
2016-12-22,KO,KO,41.56999969482422,41.619998931884766,41.08000183105469,41.54999923706055,30.732566833496094,11894100
2016-12-23,KO,KO,41.619998931884766,41.689998626708984,41.349998474121094,41.599998474121094,30.76953887939453,6436600
2016-12-27,KO,KO,41.560001373291016,41.7599983215332,41.540000915527344,41.61000061035156,30.776935577392578,6999200
2016-12-28,KO,KO,41.4900016784668,41.66999816894531,41.38999938964844,41.38999938964844,30.614229202270508,8988000
2016-12-29,KO,KO,41.380001068115234,41.689998626708984,41.380001068115234,41.599998474121094,30.76953887939453,6875300
2016-12-30,KO,KO,41.689998626708984,41.84000015258789,41.349998474121094,41.459999084472656,30.66599464416504,11470200
2017-01-03,KO,KO,41.5,41.810001373291016,41.279998779296875,41.79999923706055,30.917476654052734,14711000
2017-01-04,KO,KO,41.880001068115234,41.970001220703125,41.59000015258789,41.650001525878906,30.80653190612793,9959400
2017-01-05,KO,KO,41.65999984741211,41.86000061035156,41.529998779296875,41.75,30.8804988861084,8968300
2017-01-06,KO,KO,41.70000076293945,41.810001373291016,41.540000915527344,41.7400016784668,30.873104095458984,10246600
2017-01-09,KO,KO,41.22999954223633,41.58000183105469,41.209999084472656,41.31999969482422,30.56245231628418,14822500
2017-01-10,KO,KO,41.439998626708984,41.439998626708984,40.86000061035156,41.040000915527344,30.3553466796875,19706800
2017-01-11,KO,KO,40.849998474121094,41.119998931884766,40.83000183105469,41.04999923706055,30.362733840942383,9266200
2017-01-12,KO,KO,41.0099983215332,41.040000915527344,40.79999923706055,40.95000076293945,30.288774490356445,8541200
2017-01-13,KO,KO,41.0,41.040000915527344,40.689998626708984,40.880001068115234,30.23699951171875,8123500
2017-01-17,KO,KO,40.84000015258789,41.29999923706055,40.79999923706055,41.220001220703125,30.48849105834961,12469400
2017-01-18,KO,KO,41.25,41.380001068115234,41.13999938964844,41.290000915527344,30.54026985168457,10390500
2017-01-19,KO,KO,41.13999938964844,41.290000915527344,41.029998779296875,41.13999938964844,30.42930793762207,10987100
2017-01-20,KO,KO,41.27000045776367,41.439998626708984,41.130001068115234,41.31999969482422,30.56245231628418,14695400
2017-01-23,KO,KO,41.310001373291016,41.5,41.209999084472656,41.43000030517578,30.6438045501709,11628900
2017-01-24,KO,KO,41.470001220703125,41.970001220703125,41.470001220703125,41.900001525878906,30.9914493560791,17040100
2017-01-25,KO,KO,41.939998626708984,42.25,41.900001525878906,42.119998931884766,31.154176712036133,12538200
2017-01-26,KO,KO,42.029998779296875,42.11000061035156,41.790000915527344,41.810001373291016,30.924880981445312,8976800
2017-01-27,KO,KO,41.90999984741211,41.95000076293945,41.41999816894531,41.45000076293945,30.65860939025879,12967400
2017-01-30,KO,KO,41.29999923706055,41.47999954223633,41.209999084472656,41.380001068115234,30.606822967529297,11626200
2017-01-31,KO,KO,41.38999938964844,41.689998626708984,41.36000061035156,41.56999969482422,30.747371673583984,12678000
2017-02-01,KO,KO,41.52000045776367,41.65999984741211,41.25,41.2599983215332,30.518070220947266,11136100
2017-02-02,KO,KO,41.40999984741211,41.4900016784668,41.25,41.400001525878906,30.621620178222656,9459700
2017-02-03,KO,KO,41.58000183105469,41.790000915527344,41.459999084472656,41.540000915527344,30.72517204284668,11882400
2017-02-06,KO,KO,41.529998779296875,41.66999816894531,41.400001525878906,41.560001373291016,30.739971160888672,15742800
2017-02-07,KO,KO,41.70000076293945,41.97999954223633,41.66999816894531,41.900001525878906,30.9914493560791,13315200
2017-02-08,KO,KO,41.90999984741211,42.150001525878906,41.84000015258789,42.02000045776367,31.0802001953125,14219700
2017-02-09,KO,KO,42.02000045776367,42.02000045776367,40.720001220703125,41.25,30.510669708251953,27240300
2017-02-10,KO,KO,41.02000045776367,41.20000076293945,40.54999923706055,40.58000183105469,30.01510238647461,28847300
2017-02-13,KO,KO,40.77000045776367,40.83000183105469,40.5,40.619998931884766,30.044694900512695,23617100
2017-02-14,KO,KO,40.380001068115234,40.599998474121094,40.220001220703125,40.529998779296875,29.978120803833008,32177800
2017-02-15,KO,KO,40.41999816894531,40.630001068115234,40.400001525878906,40.439998626708984,29.91155433654785,26600800
2017-02-16,KO,KO,40.54999923706055,41.279998779296875,40.5,41.20000076293945,30.473697662353516,22214800
2017-02-17,KO,KO,41.130001068115234,41.36000061035156,41.04999923706055,41.22999954223633,30.49587059020996,15065100
2017-02-21,KO,KO,41.20000076293945,41.5,41.20000076293945,41.459999084472656,30.66599464416504,17072600
2017-02-22,KO,KO,41.5099983215332,41.68000030517578,41.400001525878906,41.599998474121094,30.76953887939453,11186800
2017-02-23,KO,KO,41.66999816894531,42.0,41.619998931884766,41.65999984741211,30.81393051147461,12856800
2017-02-24,KO,KO,41.70000076293945,41.90999984741211,41.599998474121094,41.779998779296875,30.902667999267578,13215300
2017-02-27,KO,KO,41.75,41.75,41.59000015258789,41.66999816894531,30.821325302124023,12186400
2017-02-28,KO,KO,41.68000030517578,42.06999969482422,41.63999938964844,41.959999084472656,31.03582000732422,15946800
2017-03-01,KO,KO,42.0099983215332,42.349998474121094,41.880001068115234,42.15999984741211,31.183752059936523,14662000
2017-03-02,KO,KO,42.08000183105469,42.560001373291016,42.06999969482422,42.470001220703125,31.413055419921875,15507600
2017-03-03,KO,KO,42.470001220703125,42.4900016784668,42.25,42.47999954223633,31.420455932617188,11740000
2017-03-06,KO,KO,42.34000015258789,42.43000030517578,42.119998931884766,42.18000030517578,31.19854736328125,16307800
2017-03-07,KO,KO,42.0,42.2400016784668,41.95000076293945,41.9900016784668,31.058019638061523,11273700
2017-03-08,KO,KO,42.0,42.029998779296875,41.7400016784668,41.9900016784668,31.058019638061523,14636000
2017-03-09,KO,KO,42.09000015258789,42.11000061035156,41.91999816894531,42.029998779296875,31.087608337402344,14496400
2017-03-10,KO,KO,42.22999954223633,42.400001525878906,42.150001525878906,42.290000915527344,31.27991485595703,16369700
2017-03-13,KO,KO,41.91999816894531,42.119998931884766,41.84000015258789,42.029998779296875,31.362001419067383,12831500
2017-03-14,KO,KO,41.97999954223633,42.099998474121094,41.83000183105469,41.970001220703125,31.317218780517578,9844500
2017-03-15,KO,KO,41.97999954223633,42.279998779296875,41.970001220703125,42.119998931884766,31.429155349731445,22757800
2017-03-16,KO,KO,42.029998779296875,42.38999938964844,41.900001525878906,42.25,31.526153564453125,16004200
2017-03-17,KO,KO,42.279998779296875,42.349998474121094,42.0099983215332,42.029998779296875,31.362001419067383,37526500
2017-03-20,KO,KO,42.099998474121094,42.34000015258789,42.06999969482422,42.18000030517578,31.473909378051758,11484200
2017-03-21,KO,KO,42.310001373291016,42.630001068115234,42.209999084472656,42.5,31.712690353393555,17187300
2017-03-22,KO,KO,42.560001373291016,42.70000076293945,42.25,42.380001068115234,31.623153686523438,11605500
2017-03-23,KO,KO,42.209999084472656,42.38999938964844,42.060001373291016,42.16999816894531,31.46645736694336,11503300
2017-03-24,KO,KO,42.22999954223633,42.25,41.90999984741211,42.119998931884766,31.429155349731445,13804400
2017-03-27,KO,KO,42.11000061035156,42.34000015258789,42.04999923706055,42.31999969482422,31.578384399414062,12387400
2017-03-28,KO,KO,42.2400016784668,42.560001373291016,42.2400016784668,42.43000030517578,31.660463333129883,14123800
2017-03-29,KO,KO,42.5099983215332,42.529998779296875,42.290000915527344,42.41999816894531,31.65300178527832,9580100
2017-03-30,KO,KO,42.349998474121094,42.619998931884766,42.2599983215332,42.599998474121094,31.787315368652344,11999900
2017-03-31,KO,KO,42.54999923706055,42.650001525878906,42.43000030517578,42.439998626708984,31.66792869567871,11551800
2017-04-03,KO,KO,42.58000183105469,42.630001068115234,42.27000045776367,42.40999984741211,31.64554786682129,11240000
2017-04-04,KO,KO,42.5099983215332,42.689998626708984,42.369998931884766,42.68000030517578,31.847015380859375,10946200
2017-04-05,KO,KO,42.650001525878906,42.86000061035156,42.529998779296875,42.56999969482422,31.764925003051758,10142800
2017-04-06,KO,KO,42.58000183105469,42.7599983215332,42.470001220703125,42.66999816894531,31.83954620361328,14597800
2017-04-07,KO,KO,42.63999938964844,42.7400016784668,42.5099983215332,42.61000061035156,31.79477310180664,11028800
2017-04-10,KO,KO,42.72999954223633,42.79999923706055,42.560001373291016,42.689998626708984,31.854469299316406,9426900
2017-04-11,KO,KO,42.68000030517578,42.75,42.52000045776367,42.65999984741211,31.832090377807617,8909400
2017-04-12,KO,KO,42.540000915527344,42.9900016784668,42.5099983215332,42.939998626708984,32.041015625,13417200
2017-04-13,KO,KO,42.869998931884766,43.08000183105469,42.779998779296875,42.790000915527344,31.92909812927246,9891900
2017-04-17,KO,KO,42.790000915527344,43.06999969482422,42.779998779296875,43.06999969482422,32.13801574707031,11318100
2017-04-18,KO,KO,43.11000061035156,43.59000015258789,43.09000015258789,43.47999954223633,32.4439582824707,13181600
2017-04-19,KO,KO,43.7400016784668,43.790000915527344,43.189998626708984,43.22999954223633,32.25740432739258,13893100
2017-04-20,KO,KO,43.20000076293945,43.29999923706055,43.04999923706055,43.09000015258789,32.15293502807617,10838300
2017-04-21,KO,KO,42.97999954223633,43.099998474121094,42.88999938964844,43.06999969482422,32.13801574707031,13833800
2017-04-24,KO,KO,43.2400016784668,43.43000030517578,43.150001525878906,43.279998779296875,32.29472351074219,16703800
2017-04-25,KO,KO,42.849998474121094,43.43000030517578,42.81999969482422,43.11000061035156,32.16786193847656,18745100
2017-04-26,KO,KO,43.060001373291016,43.43000030517578,42.97999954223633,43.2400016784668,32.26486587524414,13626600
2017-04-27,KO,KO,43.16999816894531,43.279998779296875,42.91999816894531,43.0099983215332,32.0932502746582,10386200
2017-04-28,KO,KO,42.959999084472656,43.20000076293945,42.849998474121094,43.150001525878906,32.197723388671875,10337800
2017-05-01,KO,KO,43.150001525878906,43.5,43.099998474121094,43.220001220703125,32.24995040893555,13208200
2017-05-02,KO,KO,43.220001220703125,43.439998626708984,43.15999984741211,43.38999938964844,32.376792907714844,11823900
2017-05-03,KO,KO,43.33000183105469,43.4900016784668,43.150001525878906,43.31999969482422,32.32456588745117,10389000
2017-05-04,KO,KO,43.41999816894531,43.810001373291016,43.400001525878906,43.65999984741211,32.5782585144043,10193100
2017-05-05,KO,KO,43.790000915527344,43.84000015258789,43.560001373291016,43.689998626708984,32.60065460205078,8133000
2017-05-08,KO,KO,43.59000015258789,43.90999984741211,43.540000915527344,43.88999938964844,32.7498893737793,14284300
2017-05-09,KO,KO,43.88999938964844,43.88999938964844,43.380001068115234,43.5099983215332,32.466339111328125,8694400
2017-05-10,KO,KO,43.47999954223633,43.619998931884766,43.36000061035156,43.56999969482422,32.511104583740234,7597700
2017-05-11,KO,KO,43.4900016784668,43.68000030517578,43.43000030517578,43.66999816894531,32.58572769165039,6860100
2017-05-12,KO,KO,43.63999938964844,43.68000030517578,43.459999084472656,43.59000015258789,32.52604293823242,7275800
2017-05-15,KO,KO,43.459999084472656,43.7599983215332,43.459999084472656,43.72999954223633,32.63050842285156,8493000
2017-05-16,KO,KO,43.869998931884766,44.11000061035156,43.77000045776367,43.849998474121094,32.72003936767578,10454100
2017-05-17,KO,KO,43.849998474121094,44.16999816894531,43.709999084472656,43.93000030517578,32.77973937988281,14538800
2017-05-18,KO,KO,43.869998931884766,43.959999084472656,43.63999938964844,43.79999923706055,32.68273162841797,13832200
2017-05-19,KO,KO,43.849998474121094,44.0,43.7599983215332,43.900001525878906,32.75734329223633,11796800
2017-05-22,KO,KO,43.88999938964844,44.220001220703125,43.810001373291016,44.18000030517578,32.96628189086914,12857900
2017-05-23,KO,KO,44.25,44.599998474121094,44.209999084472656,44.38999938964844,33.12297821044922,11996100
2017-05-24,KO,KO,44.5099983215332,45.09000015258789,44.5099983215332,45.029998779296875,33.60053634643555,12738300
2017-05-25,KO,KO,45.0,45.47999954223633,44.970001220703125,45.40999984741211,33.88407897949219,16704200
2017-05-26,KO,KO,45.349998474121094,45.560001373291016,45.33000183105469,45.38999938964844,33.86915969848633,11341400
2017-05-30,KO,KO,45.15999984741211,45.459999084472656,45.11000061035156,45.43000030517578,33.89901351928711,13093500
2017-05-31,KO,KO,45.43000030517578,45.70000076293945,45.369998931884766,45.470001220703125,33.928855895996094,14148000
2017-06-01,KO,KO,45.45000076293945,45.790000915527344,45.22999954223633,45.790000915527344,34.167633056640625,11049300
2017-06-02,KO,KO,45.83000183105469,45.88999938964844,45.61000061035156,45.88999938964844,34.242252349853516,9923700
2017-06-05,KO,KO,45.779998779296875,45.9900016784668,45.689998626708984,45.9900016784668,34.31686019897461,10015200
2017-06-06,KO,KO,45.900001525878906,46.060001373291016,45.779998779296875,45.97999954223633,34.30941390991211,9836700
2017-06-07,KO,KO,45.5,45.70000076293945,45.349998474121094,45.5099983215332,33.958702087402344,12776300
2017-06-08,KO,KO,45.5099983215332,45.5099983215332,45.029998779296875,45.130001068115234,33.67515563964844,12879000
2017-06-09,KO,KO,45.060001373291016,45.349998474121094,44.970001220703125,45.31999969482422,33.816932678222656,9358800
2017-06-12,KO,KO,45.31999969482422,45.47999954223633,45.20000076293945,45.33000183105469,33.824398040771484,11228500
2017-06-13,KO,KO,45.0,45.11000061035156,44.79999923706055,45.029998779296875,33.87705993652344,10023400
2017-06-14,KO,KO,45.18000030517578,45.470001220703125,45.15999984741211,45.29999923706055,34.08018112182617,11497500
2017-06-15,KO,KO,45.18000030517578,45.34000015258789,45.040000915527344,45.25,34.04256057739258,9908700
2017-06-16,KO,KO,45.310001373291016,45.349998474121094,45.0099983215332,45.310001373291016,34.08769989013672,27025300
2017-06-19,KO,KO,45.349998474121094,45.380001068115234,45.099998474121094,45.380001068115234,34.14036560058594,7624700
2017-06-20,KO,KO,45.349998474121094,45.869998931884766,45.31999969482422,45.61000061035156,34.31340408325195,14920900
2017-06-21,KO,KO,45.619998931884766,45.68000030517578,45.16999816894531,45.220001220703125,34.02000045776367,9515800
2017-06-22,KO,KO,45.16999816894531,45.279998779296875,45.029998779296875,45.06999969482422,33.90715408325195,7446300
2017-06-23,KO,KO,45.04999923706055,45.380001068115234,45.029998779296875,45.25,34.04256057739258,9544800
2017-06-26,KO,KO,45.31999969482422,45.5099983215332,45.29999923706055,45.43000030517578,34.177978515625,7747100
2017-06-27,KO,KO,45.34000015258789,45.400001525878906,45.0,45.04999923706055,33.8921012878418,11432200
2017-06-28,KO,KO,45.25,45.5,45.22999954223633,45.31999969482422,34.09523010253906,9218800
2017-06-29,KO,KO,45.130001068115234,45.2400016784668,44.650001525878906,44.83000183105469,33.72658157348633,9283500
2017-06-30,KO,KO,44.88999938964844,45.119998931884766,44.849998474121094,44.849998474121094,33.741641998291016,9352800
2017-07-03,KO,KO,45.11000061035156,45.27000045776367,44.7599983215332,44.7599983215332,33.673919677734375,6434500
2017-07-05,KO,KO,44.790000915527344,44.9900016784668,44.72999954223633,44.81999969482422,33.71906280517578,6853600
2017-07-06,KO,KO,44.720001220703125,44.849998474121094,44.290000915527344,44.400001525878906,33.4030876159668,13113000
2017-07-07,KO,KO,44.470001220703125,44.52000045776367,44.2400016784668,44.38999938964844,33.39556884765625,9566000
2017-07-10,KO,KO,44.45000076293945,44.58000183105469,44.22999954223633,44.380001068115234,33.38804244995117,9672000
2017-07-11,KO,KO,44.31999969482422,44.47999954223633,44.150001525878906,44.33000183105469,33.35042953491211,10300700
2017-07-12,KO,KO,44.59000015258789,44.77000045776367,44.439998626708984,44.5099983215332,33.48583984375,7737400
2017-07-13,KO,KO,44.4900016784668,44.529998779296875,44.369998931884766,44.43000030517578,33.42565155029297,6371900
2017-07-14,KO,KO,44.52000045776367,44.720001220703125,44.5,44.68000030517578,33.613746643066406,8558700
2017-07-17,KO,KO,44.65999984741211,44.790000915527344,44.61000061035156,44.72999954223633,33.651363372802734,7189200
2017-07-18,KO,KO,44.779998779296875,44.849998474121094,44.619998931884766,44.66999816894531,33.6062126159668,9037200
2017-07-19,KO,KO,44.66999816894531,44.84000015258789,44.54999923706055,44.83000183105469,33.72658157348633,6986900
2017-07-20,KO,KO,44.900001525878906,44.97999954223633,44.75,44.81999969482422,33.71906280517578,7430300
2017-07-21,KO,KO,44.779998779296875,45.06999969482422,44.66999816894531,45.029998779296875,33.87705993652344,8545600
2017-07-24,KO,KO,45.040000915527344,45.04999923706055,44.83000183105469,44.84000015258789,33.73411178588867,9103600
2017-07-25,KO,KO,45.02000045776367,45.290000915527344,44.939998626708984,45.2400016784668,34.03504180908203,14096300
2017-07-26,KO,KO,44.54999923706055,45.790000915527344,44.310001373291016,45.7400016784668,34.41120147705078,13608900
2017-07-27,KO,KO,45.79999923706055,46.43000030517578,45.70000076293945,46.119998931884766,34.69708251953125,15195200
2017-07-28,KO,KO,46.0,46.119998931884766,45.72999954223633,46.0099983215332,34.614322662353516,11945300
2017-07-31,KO,KO,46.0,46.08000183105469,45.790000915527344,45.84000015258789,34.48643112182617,13622900
2017-08-01,KO,KO,45.970001220703125,46.060001373291016,45.650001525878906,45.70000076293945,34.38111114501953,10306800
2017-08-02,KO,KO,45.599998474121094,46.0,45.380001068115234,45.59000015258789,34.2983512878418,10187900
2017-08-03,KO,KO,45.650001525878906,45.95000076293945,45.630001068115234,45.66999816894531,34.35853576660156,14261400
2017-08-04,KO,KO,45.66999816894531,45.7599983215332,45.470001220703125,45.5,34.23064422607422,9523600
2017-08-07,KO,KO,45.52000045776367,45.7599983215332,45.5,45.63999938964844,34.33597183227539,6226300
2017-08-08,KO,KO,45.63999938964844,45.81999969482422,45.54999923706055,45.599998474121094,34.305877685546875,5747900
2017-08-09,KO,KO,45.560001373291016,45.65999984741211,45.33000183105469,45.59000015258789,34.2983512878418,9635300
2017-08-10,KO,KO,45.560001373291016,45.84000015258789,45.459999084472656,45.7400016784668,34.41120147705078,8901600
2017-08-11,KO,KO,45.86000061035156,45.900001525878906,45.56999969482422,45.59000015258789,34.2983512878418,8357600
2017-08-14,KO,KO,45.66999816894531,45.939998626708984,45.619998931884766,45.79999923706055,34.456329345703125,8421200
2017-08-15,KO,KO,45.79999923706055,46.25,45.79999923706055,46.189998626708984,34.7497444152832,9638100
2017-08-16,KO,KO,46.150001525878906,46.34000015258789,46.119998931884766,46.20000076293945,34.75725555419922,8087300
2017-08-17,KO,KO,46.119998931884766,46.33000183105469,45.849998474121094,45.86000061035156,34.50148391723633,8477000
2017-08-18,KO,KO,45.79999923706055,45.900001525878906,45.630001068115234,45.66999816894531,34.35853576660156,10879800
2017-08-21,KO,KO,45.66999816894531,45.79999923706055,45.560001373291016,45.68000030517578,34.366058349609375,9429700
2017-08-22,KO,KO,45.70000076293945,45.75,45.540000915527344,45.599998474121094,34.305877685546875,10536700
2017-08-23,KO,KO,45.630001068115234,45.65999984741211,45.439998626708984,45.540000915527344,34.26073455810547,6528400
2017-08-24,KO,KO,45.540000915527344,45.61000061035156,45.310001373291016,45.40999984741211,34.16292953491211,7534400
2017-08-25,KO,KO,45.599998474121094,45.7599983215332,45.560001373291016,45.56999969482422,34.283302307128906,8807100
2017-08-28,KO,KO,45.630001068115234,45.689998626708984,45.380001068115234,45.41999816894531,34.17045593261719,8024000
2017-08-29,KO,KO,45.400001525878906,45.56999969482422,45.25,45.45000076293945,34.19302749633789,7762200
2017-08-30,KO,KO,45.36000061035156,45.540000915527344,45.290000915527344,45.38999938964844,34.147884368896484,7134900
2017-08-31,KO,KO,45.400001525878906,45.650001525878906,45.34000015258789,45.54999923706055,34.26825714111328,14264600
2017-09-01,KO,KO,45.63999938964844,45.79999923706055,45.540000915527344,45.779998779296875,34.441287994384766,7391200
2017-09-05,KO,KO,45.75,45.93000030517578,45.650001525878906,45.91999816894531,34.5466194152832,9916700
2017-09-06,KO,KO,45.97999954223633,46.040000915527344,45.790000915527344,45.959999084472656,34.57670974731445,9238900
2017-09-07,KO,KO,46.0099983215332,46.31999969482422,45.959999084472656,46.279998779296875,34.81744384765625,9418400
2017-09-08,KO,KO,46.189998626708984,46.369998931884766,46.02000045776367,46.29999923706055,34.8325080871582,10534900
2017-09-11,KO,KO,46.349998474121094,46.59000015258789,46.220001220703125,46.52000045776367,34.99802017211914,10430300
2017-09-12,KO,KO,46.5,46.75,46.45000076293945,46.720001220703125,35.148475646972656,8567600
2017-09-13,KO,KO,46.68000030517578,46.97999954223633,46.650001525878906,46.869998931884766,35.26132583618164,10218000
2017-09-14,KO,KO,46.400001525878906,46.470001220703125,45.939998626708984,46.11000061035156,34.96559143066406,13768800
2017-09-15,KO,KO,46.29999923706055,46.36000061035156,46.0,46.18000030517578,35.01865768432617,16141400
2017-09-18,KO,KO,46.150001525878906,46.2400016784668,45.90999984741211,46.11000061035156,34.96559143066406,8535300
2017-09-19,KO,KO,46.13999938964844,46.189998626708984,45.88999938964844,45.97999954223633,34.867008209228516,7297900
2017-09-20,KO,KO,45.7599983215332,46.150001525878906,45.54999923706055,45.779998779296875,34.71533203125,11026600
2017-09-21,KO,KO,45.709999084472656,45.790000915527344,45.36000061035156,45.400001525878906,34.427181243896484,7555300
2017-09-22,KO,KO,45.45000076293945,45.630001068115234,45.369998931884766,45.4900016784668,34.49543380737305,8024800
2017-09-25,KO,KO,45.5,45.7599983215332,45.349998474121094,45.689998626708984,34.6470832824707,9215300
2017-09-26,KO,KO,45.689998626708984,45.869998931884766,45.560001373291016,45.56999969482422,34.556095123291016,6480100
2017-09-27,KO,KO,45.470001220703125,45.5,44.380001068115234,44.63999938964844,33.850868225097656,14816200
2017-09-28,KO,KO,44.66999816894531,45.0,44.650001525878906,44.90999984741211,34.05561447143555,8789500
2017-09-29,KO,KO,44.86000061035156,45.11000061035156,44.790000915527344,45.0099983215332,34.131431579589844,10082200
2017-10-02,KO,KO,45.04999923706055,45.27000045776367,44.75,44.79999923706055,33.972198486328125,10707800
2017-10-03,KO,KO,44.86000061035156,45.2599983215332,44.7599983215332,45.189998626708984,34.2679443359375,12038100
2017-10-04,KO,KO,45.11000061035156,45.560001373291016,44.939998626708984,45.5,34.50301742553711,14060300
2017-10-05,KO,KO,45.5099983215332,45.75,45.5,45.52000045776367,34.518184661865234,10215300
2017-10-06,KO,KO,45.38999938964844,45.52000045776367,45.279998779296875,45.4900016784668,34.49543380737305,5437900
2017-10-09,KO,KO,45.54999923706055,45.650001525878906,45.34000015258789,45.40999984741211,34.43476486206055,5268300
2017-10-10,KO,KO,45.599998474121094,45.900001525878906,45.529998779296875,45.869998931884766,34.78358459472656,6310400
2017-10-11,KO,KO,45.880001068115234,46.099998474121094,45.869998931884766,46.099998474121094,34.9579963684082,6638200
2017-10-12,KO,KO,45.97999954223633,46.13999938964844,45.939998626708984,46.11000061035156,34.96559143066406,7710200
2017-10-13,KO,KO,46.25,46.380001068115234,46.150001525878906,46.18000030517578,35.01865768432617,7126000
2017-10-16,KO,KO,46.119998931884766,46.75,46.099998474121094,46.619998931884766,35.35232162475586,12708600
2017-10-17,KO,KO,46.529998779296875,46.630001068115234,46.310001373291016,46.52000045776367,35.2764892578125,7699400
2017-10-18,KO,KO,46.40999984741211,46.540000915527344,46.2400016784668,46.400001525878906,35.18549346923828,6272200
2017-10-19,KO,KO,46.369998931884766,46.790000915527344,46.31999969482422,46.59000015258789,35.32957077026367,7515500
2017-10-20,KO,KO,46.58000183105469,46.59000015258789,46.279998779296875,46.380001068115234,35.17032241821289,9646800
2017-10-23,KO,KO,46.380001068115234,46.650001525878906,46.22999954223633,46.31999969482422,35.12482833862305,7153600
2017-10-24,KO,KO,46.2599983215332,46.290000915527344,45.95000076293945,46.18000030517578,35.01865768432617,9539500
2017-10-25,KO,KO,46.369998931884766,46.7599983215332,45.93000030517578,46.04999923706055,34.92008972167969,11994200
2017-10-26,KO,KO,46.31999969482422,46.75,46.220001220703125,46.22999954223633,35.056583404541016,10569100
2017-10-27,KO,KO,46.130001068115234,46.33000183105469,45.90999984741211,46.06999969482422,34.935245513916016,9988000
2017-10-30,KO,KO,46.0,46.06999969482422,45.81999969482422,45.86000061035156,34.776004791259766,7201900
2017-10-31,KO,KO,45.91999816894531,46.16999816894531,45.84000015258789,45.97999954223633,34.867008209228516,6560500
2017-11-01,KO,KO,45.75,46.09000015258789,45.630001068115234,45.79999923706055,34.73050308227539,7067600
2017-11-02,KO,KO,45.810001373291016,45.95000076293945,45.75,45.880001068115234,34.79116439819336,8317800
2017-11-03,KO,KO,45.970001220703125,46.15999984741211,45.91999816894531,45.970001220703125,34.85942077636719,4730400
2017-11-06,KO,KO,45.90999984741211,45.91999816894531,45.41999816894531,45.470001220703125,34.480255126953125,7451300
2017-11-07,KO,KO,45.40999984741211,45.95000076293945,45.310001373291016,45.939998626708984,34.836666107177734,9868000
2017-11-08,KO,KO,45.97999954223633,46.189998626708984,45.869998931884766,46.18000030517578,35.01865768432617,7586900
2017-11-09,KO,KO,46.119998931884766,46.38999938964844,46.02000045776367,46.22999954223633,35.056583404541016,6532400
2017-11-10,KO,KO,46.20000076293945,46.63999938964844,46.13999938964844,46.540000915527344,35.291664123535156,8022900
2017-11-13,KO,KO,46.599998474121094,46.81999969482422,46.540000915527344,46.720001220703125,35.42815017700195,7653600
2017-11-14,KO,KO,46.709999084472656,47.47999954223633,46.619998931884766,47.43000030517578,35.966548919677734,17200700
2017-11-15,KO,KO,47.31999969482422,47.459999084472656,46.779998779296875,46.810001373291016,35.49639892578125,12419100
2017-11-16,KO,KO,46.95000076293945,46.97999954223633,46.5099983215332,46.54999923706055,35.299232482910156,12506400
2017-11-17,KO,KO,46.34000015258789,46.380001068115234,45.25,45.709999084472656,34.66225814819336,19720700
2017-11-20,KO,KO,45.650001525878906,45.880001068115234,45.41999816894531,45.459999084472656,34.472679138183594,19160900
2017-11-21,KO,KO,45.560001373291016,45.95000076293945,45.540000915527344,45.779998779296875,34.71533203125,10280800
2017-11-22,KO,KO,45.88999938964844,45.93000030517578,45.540000915527344,45.84000015258789,34.76083755493164,8434400
2017-11-24,KO,KO,45.88999938964844,46.04999923706055,45.86000061035156,45.880001068115234,34.79116439819336,2996300
2017-11-27,KO,KO,45.880001068115234,45.9900016784668,45.810001373291016,45.900001525878906,34.806339263916016,5649200
2017-11-28,KO,KO,45.9900016784668,46.150001525878906,45.779998779296875,45.83000183105469,34.753273010253906,8432800
2017-11-29,KO,KO,45.77000045776367,45.81999969482422,45.209999084472656,45.5,34.50301742553711,16502100
2017-11-30,KO,KO,45.13999938964844,45.84000015258789,45.029998779296875,45.77000045776367,34.992305755615234,17147600
2017-12-01,KO,KO,45.79999923706055,46.02000045776367,45.209999084472656,45.970001220703125,35.14521026611328,12468800
2017-12-04,KO,KO,45.9900016784668,46.380001068115234,45.77000045776367,46.22999954223633,35.343994140625,17523600
2017-12-05,KO,KO,46.25,46.439998626708984,46.060001373291016,46.2599983215332,35.3669319152832,13670800
2017-12-06,KO,KO,46.36000061035156,46.47999954223633,46.2599983215332,46.45000076293945,35.51218795776367,8154000
2017-12-07,KO,KO,46.290000915527344,46.31999969482422,45.720001220703125,45.779998779296875,34.99995040893555,9106500
2017-12-08,KO,KO,45.70000076293945,45.72999954223633,45.04999923706055,45.310001373291016,34.64063262939453,13238600
2017-12-11,KO,KO,45.310001373291016,45.40999984741211,44.91999816894531,45.33000183105469,34.65593338012695,9698700
2017-12-12,KO,KO,45.25,45.52000045776367,45.060001373291016,45.290000915527344,34.62534713745117,13999300
2017-12-13,KO,KO,45.45000076293945,46.04999923706055,45.400001525878906,45.900001525878906,35.091705322265625,12418700
2017-12-14,KO,KO,45.810001373291016,46.16999816894531,45.79999923706055,46.029998779296875,35.19109344482422,9029000
2017-12-15,KO,KO,46.290000915527344,46.41999816894531,46.040000915527344,46.189998626708984,35.313411712646484,21181600
2017-12-18,KO,KO,46.20000076293945,46.380001068115234,45.90999984741211,45.93000030517578,35.1146354675293,10156800
2017-12-19,KO,KO,46.040000915527344,46.380001068115234,45.90999984741211,46.130001068115234,35.26753616333008,8253200
2017-12-20,KO,KO,46.209999084472656,46.29999923706055,45.959999084472656,46.08000183105469,35.22932434082031,7311000
2017-12-21,KO,KO,46.13999938964844,46.220001220703125,45.560001373291016,45.599998474121094,34.862342834472656,9657100
2017-12-22,KO,KO,45.689998626708984,45.72999954223633,45.54999923706055,45.59000015258789,34.85469055175781,5406300
2017-12-26,KO,KO,45.70000076293945,45.86000061035156,45.61000061035156,45.810001373291016,35.02289581298828,6100400
2017-12-27,KO,KO,45.900001525878906,45.939998626708984,45.720001220703125,45.93000030517578,35.1146354675293,5660600
2017-12-28,KO,KO,45.90999984741211,45.9900016784668,45.63999938964844,45.720001220703125,34.9540901184082,6538900
2017-12-29,KO,KO,45.70000076293945,46.18000030517578,45.689998626708984,45.880001068115234,35.0764045715332,8371500
2018-01-02,KO,KO,45.90999984741211,45.939998626708984,45.5099983215332,45.540000915527344,34.816471099853516,10872200
2018-01-03,KO,KO,45.4900016784668,45.689998626708984,45.34000015258789,45.439998626708984,34.740028381347656,12635600
2018-01-04,KO,KO,45.560001373291016,46.220001220703125,45.45000076293945,46.08000183105469,35.22932434082031,12709400
2018-01-05,KO,KO,46.02000045776367,46.20000076293945,45.790000915527344,46.06999969482422,35.22166061401367,13113100
2018-01-08,KO,KO,45.95000076293945,46.099998474121094,45.880001068115234,46.0,35.16814041137695,7068600
2018-01-09,KO,KO,46.0,46.36000061035156,45.939998626708984,46.22999954223633,35.343994140625,9962400
2018-01-10,KO,KO,46.22999954223633,46.2599983215332,45.93000030517578,46.06999969482422,35.22166061401367,10700700
2018-01-11,KO,KO,46.22999954223633,46.22999954223633,45.86000061035156,46.040000915527344,35.198734283447266,7583200
2018-01-12,KO,KO,46.279998779296875,46.38999938964844,46.029998779296875,46.150001525878906,35.28284454345703,14570100
2018-01-16,KO,KO,46.150001525878906,46.619998931884766,46.13999938964844,46.529998779296875,35.57334518432617,16459300
2018-01-17,KO,KO,46.58000183105469,47.0,46.54999923706055,46.81999969482422,35.79506301879883,12143100
2018-01-18,KO,KO,46.75,47.06999969482422,46.61000061035156,46.880001068115234,35.8409423828125,11952900
2018-01-19,KO,KO,46.9900016784668,47.25,46.869998931884766,47.15999984741211,36.054996490478516,16187400
2018-01-22,KO,KO,47.13999938964844,47.5,47.09000015258789,47.380001068115234,36.22319030761719,9577400
2018-01-23,KO,KO,47.209999084472656,47.70000076293945,47.130001068115234,47.45000076293945,36.27670669555664,11463700
2018-01-24,KO,KO,47.529998779296875,47.95000076293945,47.47999954223633,47.83000183105469,36.56723403930664,15964500
2018-01-25,KO,KO,47.70000076293945,48.0,47.70000076293945,47.84000015258789,36.574886322021484,11755000
2018-01-26,KO,KO,47.779998779296875,48.619998931884766,47.7400016784668,48.529998779296875,37.1024055480957,16671200
2018-01-29,KO,KO,48.209999084472656,48.459999084472656,47.58000183105469,47.70000076293945,36.46784973144531,11662600
2018-01-30,KO,KO,47.72999954223633,48.15999984741211,47.400001525878906,47.40999984741211,36.246116638183594,12404800
2018-01-31,KO,KO,47.45000076293945,47.900001525878906,47.369998931884766,47.59000015258789,36.38374328613281,10960100
2018-02-01,KO,KO,47.40999984741211,47.72999954223633,47.11000061035156,47.45000076293945,36.27670669555664,10279400
2018-02-02,KO,KO,47.349998474121094,47.40999984741211,46.630001068115234,46.72999954223633,35.72626495361328,12912300
2018-02-05,KO,KO,46.650001525878906,46.91999816894531,44.40999984741211,44.88999938964844,34.31953430175781,23261500
2018-02-06,KO,KO,43.869998931884766,44.7400016784668,43.439998626708984,44.66999816894531,34.15133285522461,25184300
2018-02-07,KO,KO,44.58000183105469,45.5,44.279998779296875,44.560001373291016,34.067230224609375,18041600
2018-02-08,KO,KO,44.619998931884766,44.619998931884766,43.06999969482422,43.099998474121094,32.95103454589844,23295300
2018-02-09,KO,KO,43.36000061035156,43.459999084472656,42.189998626708984,43.130001068115234,32.97397232055664,22853100
2018-02-12,KO,KO,43.560001373291016,44.22999954223633,43.369998931884766,43.970001220703125,33.61616516113281,14689000
2018-02-13,KO,KO,43.91999816894531,44.40999984741211,43.689998626708984,44.189998626708984,33.78435134887695,13163200
2018-02-14,KO,KO,44.02000045776367,44.189998626708984,43.630001068115234,44.099998474121094,33.71554946899414,13457900
2018-02-15,KO,KO,44.25,44.83000183105469,44.119998931884766,44.779998779296875,34.23542404174805,13467300
2018-02-16,KO,KO,45.56999969482422,45.63999938964844,44.720001220703125,44.97999954223633,34.388336181640625,17202300
2018-02-20,KO,KO,44.75,44.83000183105469,43.939998626708984,43.9900016784668,33.631446838378906,14137300
2018-02-21,KO,KO,44.11000061035156,44.2599983215332,43.33000183105469,43.34000015258789,33.1345100402832,12792900
2018-02-22,KO,KO,43.43000030517578,43.81999969482422,43.220001220703125,43.52000045776367,33.272125244140625,12377800
2018-02-23,KO,KO,43.58000183105469,44.060001373291016,43.41999816894531,44.040000915527344,33.669677734375,8277200
2018-02-26,KO,KO,44.22999954223633,44.38999938964844,43.810001373291016,44.029998779296875,33.662044525146484,12713300
2018-02-27,KO,KO,44.150001525878906,44.310001373291016,43.619998931884766,43.619998931884766,33.34858322143555,12774400
2018-02-28,KO,KO,43.83000183105469,43.90999984741211,43.220001220703125,43.220001220703125,33.04277801513672,11929400
2018-03-01,KO,KO,43.099998474121094,43.63999938964844,42.81999969482422,43.43000030517578,33.20331954956055,17746800
2018-03-02,KO,KO,43.25,43.79999923706055,43.2400016784668,43.720001220703125,33.425045013427734,14050100
2018-03-05,KO,KO,43.56999969482422,43.939998626708984,43.5,43.88999938964844,33.555015563964844,11992700
2018-03-06,KO,KO,43.95000076293945,44.04999923706055,43.59000015258789,43.93000030517578,33.585594177246094,10010500
2018-03-07,KO,KO,43.59000015258789,43.91999816894531,43.470001220703125,43.81999969482422,33.501487731933594,10881700
2018-03-08,KO,KO,43.900001525878906,44.459999084472656,43.79999923706055,44.45000076293945,33.98313903808594,12361100
2018-03-09,KO,KO,44.56999969482422,44.81999969482422,44.38999938964844,44.81999969482422,34.26601028442383,9778600
2018-03-12,KO,KO,44.95000076293945,45.09000015258789,44.33000183105469,44.529998779296875,34.044307708740234,11857700
2018-03-13,KO,KO,44.66999816894531,44.83000183105469,44.400001525878906,44.56999969482422,34.07488250732422,11342100
2018-03-14,KO,KO,44.380001068115234,44.43000030517578,43.72999954223633,43.779998779296875,33.76637268066406,15321200
2018-03-15,KO,KO,43.880001068115234,44.0,43.54999923706055,43.66999816894531,33.68152618408203,12456700
2018-03-16,KO,KO,43.70000076293945,44.02000045776367,43.45000076293945,43.459999084472656,33.51955795288086,26603300
2018-03-19,KO,KO,43.459999084472656,43.709999084472656,43.18000030517578,43.2599983215332,33.36530303955078,12380300
2018-03-20,KO,KO,43.31999969482422,43.47999954223633,43.0099983215332,43.15999984741211,33.28818893432617,13559800
2018-03-21,KO,KO,43.130001068115234,43.45000076293945,42.790000915527344,43.0,33.1647834777832,13054000
2018-03-22,KO,KO,42.880001068115234,43.369998931884766,42.70000076293945,42.7599983215332,32.97966003417969,12274100
2018-03-23,KO,KO,42.81999969482422,43.15999984741211,42.290000915527344,42.33000183105469,32.64802551269531,13475200
2018-03-26,KO,KO,42.61000061035156,42.810001373291016,42.25,42.689998626708984,32.92567825317383,11276100
2018-03-27,KO,KO,42.70000076293945,43.310001373291016,42.529998779296875,42.88999938964844,33.0799446105957,11627000
2018-03-28,KO,KO,43.0,43.70000076293945,43.0,43.31999969482422,33.411582946777344,16277400
2018-03-29,KO,KO,43.540000915527344,43.91999816894531,43.290000915527344,43.43000030517578,33.496421813964844,10450500
2018-04-02,KO,KO,43.439998626708984,43.5,42.470001220703125,42.66999816894531,32.910255432128906,14207900
2018-04-03,KO,KO,42.97999954223633,43.540000915527344,42.84000015258789,43.380001068115234,33.457862854003906,15484600
2018-04-04,KO,KO,43.13999938964844,44.400001525878906,43.11000061035156,44.2400016784668,34.121158599853516,13563300
2018-04-05,KO,KO,44.279998779296875,44.61000061035156,43.939998626708984,44.400001525878906,34.24456024169922,11707800
2018-04-06,KO,KO,44.279998779296875,44.52000045776367,43.709999084472656,43.91999816894531,33.87435531616211,11495100
2018-04-09,KO,KO,44.029998779296875,44.310001373291016,43.779998779296875,43.83000183105469,33.80493927001953,11913400
2018-04-10,KO,KO,44.06999969482422,44.18000030517578,43.720001220703125,43.9900016784668,33.9283332824707,10379500
2018-04-11,KO,KO,43.810001373291016,44.13999938964844,43.7599983215332,43.9900016784668,33.9283332824707,8424300
2018-04-12,KO,KO,44.08000183105469,44.40999984741211,43.95000076293945,44.029998779296875,33.95919418334961,8476400
2018-04-13,KO,KO,44.189998626708984,44.689998626708984,44.13999938964844,44.5099983215332,34.32939910888672,10774200
2018-04-16,KO,KO,44.650001525878906,44.88999938964844,44.400001525878906,44.68000030517578,34.46052551269531,8962100
2018-04-17,KO,KO,44.95000076293945,45.029998779296875,44.650001525878906,44.880001068115234,34.61477279663086,8406400
2018-04-18,KO,KO,44.900001525878906,44.970001220703125,44.33000183105469,44.5099983215332,34.32939910888672,7429000
2018-04-19,KO,KO,44.34000015258789,44.470001220703125,44.02000045776367,44.310001373291016,34.17515182495117,10370400
2018-04-20,KO,KO,44.310001373291016,44.40999984741211,43.58000183105469,43.7400016784668,33.73552322387695,14690700
2018-04-23,KO,KO,43.7400016784668,43.9900016784668,43.560001373291016,43.97999954223633,33.920623779296875,11878500
2018-04-24,KO,KO,43.97999954223633,44.099998474121094,42.72999954223633,43.06999969482422,33.21876525878906,18523900
2018-04-25,KO,KO,42.7400016784668,42.88999938964844,41.90999984741211,42.43000030517578,32.725154876708984,20774700
2018-04-26,KO,KO,42.400001525878906,43.099998474121094,42.2599983215332,42.75,32.97195816040039,13561000
2018-04-27,KO,KO,42.72999954223633,43.34000015258789,42.709999084472656,43.310001373291016,33.40386962890625,9777900
2018-04-30,KO,KO,43.5,43.689998626708984,42.970001220703125,43.209999084472656,33.32673645019531,16037700
2018-05-01,KO,KO,42.959999084472656,42.9900016784668,42.18000030517578,42.59000015258789,32.84856033325195,11514200
2018-05-02,KO,KO,42.400001525878906,42.59000015258789,41.939998626708984,42.060001373291016,32.439781188964844,13736400
2018-05-03,KO,KO,42.220001220703125,42.400001525878906,41.52000045776367,41.88999938964844,32.30866622924805,18352200
2018-05-04,KO,KO,41.790000915527344,42.5,41.77000045776367,42.36000061035156,32.671165466308594,10946200
2018-05-07,KO,KO,42.34000015258789,42.4900016784668,41.959999084472656,42.13999938964844,32.50147247314453,9336000
2018-05-08,KO,KO,41.970001220703125,42.09000015258789,41.689998626708984,41.810001373291016,32.24696731567383,15062200
2018-05-09,KO,KO,41.970001220703125,42.22999954223633,41.66999816894531,41.779998779296875,32.22380828857422,9295200
2018-05-10,KO,KO,41.9900016784668,42.36000061035156,41.939998626708984,42.18000030517578,32.53232955932617,7924200
2018-05-11,KO,KO,42.2400016784668,42.470001220703125,42.040000915527344,42.13999938964844,32.50147247314453,6331900
2018-05-14,KO,KO,42.25,42.31999969482422,41.900001525878906,42.040000915527344,32.42435836791992,10715500
2018-05-15,KO,KO,41.779998779296875,41.91999816894531,41.45000076293945,41.720001220703125,32.177555084228516,16449700
2018-05-16,KO,KO,41.7400016784668,41.939998626708984,41.540000915527344,41.54999923706055,32.04642868041992,11590500
2018-05-17,KO,KO,42.0099983215332,42.349998474121094,41.869998931884766,42.29999923706055,32.62489318847656,14857400
2018-05-18,KO,KO,42.29999923706055,42.380001068115234,42.08000183105469,42.18000030517578,32.53232955932617,11950200
2018-05-21,KO,KO,42.310001373291016,42.52000045776367,42.27000045776367,42.40999984741211,32.70972442626953,9110200
2018-05-22,KO,KO,42.5,42.599998474121094,42.209999084472656,42.25,32.58631134033203,8222900
2018-05-23,KO,KO,42.25,42.45000076293945,41.93000030517578,42.400001525878906,32.7020149230957,8971400
2018-05-24,KO,KO,42.400001525878906,42.470001220703125,42.189998626708984,42.31999969482422,32.64031219482422,9269600
2018-05-25,KO,KO,42.34000015258789,42.58000183105469,42.20000076293945,42.400001525878906,32.7020149230957,8806500
2018-05-29,KO,KO,42.119998931884766,42.849998474121094,42.099998474121094,42.68000030517578,32.917972564697266,14826900
2018-05-30,KO,KO,42.77000045776367,43.279998779296875,42.70000076293945,43.130001068115234,33.265052795410156,10114200
2018-05-31,KO,KO,43.20000076293945,43.209999084472656,42.68000030517578,43.0,33.1647834777832,15571300
2018-06-01,KO,KO,43.099998474121094,43.31999969482422,43.040000915527344,43.119998931884766,33.25733184814453,10664700
2018-06-04,KO,KO,43.36000061035156,43.59000015258789,43.290000915527344,43.4900016784668,33.54269790649414,11727600
2018-06-05,KO,KO,43.5,43.540000915527344,43.099998474121094,43.11000061035156,33.24961853027344,9975900
2018-06-06,KO,KO,43.060001373291016,43.459999084472656,43.040000915527344,43.459999084472656,33.51955795288086,9202900
2018-06-07,KO,KO,43.33000183105469,43.72999954223633,43.33000183105469,43.439998626708984,33.50413513183594,11948100
2018-06-08,KO,KO,43.56999969482422,44.0,43.560001373291016,43.95000076293945,33.897491455078125,12078800
2018-06-11,KO,KO,43.95000076293945,44.25,43.88999938964844,44.130001068115234,34.036319732666016,7526100
2018-06-12,KO,KO,44.130001068115234,44.41999816894531,44.08000183105469,44.40999984741211,34.25226593017578,8243300
2018-06-13,KO,KO,44.349998474121094,44.52000045776367,44.150001525878906,44.18000030517578,34.07487869262695,16745000
2018-06-14,KO,KO,43.75,43.849998474121094,43.52000045776367,43.58000183105469,33.91147232055664,12696200
2018-06-15,KO,KO,43.560001373291016,44.150001525878906,43.45000076293945,44.119998931884766,34.331668853759766,21562500
2018-06-18,KO,KO,43.880001068115234,43.959999084472656,43.400001525878906,43.54999923706055,33.88812255859375,12161900
2018-06-19,KO,KO,43.29999923706055,43.75,43.20000076293945,43.599998474121094,33.927032470703125,12936400
2018-06-20,KO,KO,43.619998931884766,43.779998779296875,43.22999954223633,43.2599983215332,33.66246032714844,10893700
2018-06-21,KO,KO,43.27000045776367,43.29999923706055,42.959999084472656,43.09000015258789,33.53017807006836,10465200
2018-06-22,KO,KO,43.150001525878906,43.40999984741211,43.08000183105469,43.25,33.65468978881836,14924400
2018-06-25,KO,KO,43.15999984741211,43.75,43.15999984741211,43.58000183105469,33.91147232055664,12092400
2018-06-26,KO,KO,43.560001373291016,43.84000015258789,43.279998779296875,43.33000183105469,33.71692657470703,13974700
2018-06-27,KO,KO,43.33000183105469,43.61000061035156,42.9900016784668,43.06999969482422,33.51461410522461,15332600
2018-06-28,KO,KO,43.2400016784668,43.68000030517578,43.16999816894531,43.470001220703125,33.82587432861328,12668900
2018-06-29,KO,KO,43.56999969482422,44.099998474121094,43.310001373291016,43.86000061035156,34.12934494018555,11485600
2018-07-02,KO,KO,43.779998779296875,44.15999984741211,43.58000183105469,43.75,34.043758392333984,9232500
2018-07-03,KO,KO,44.060001373291016,44.33000183105469,43.9900016784668,43.9900016784668,34.23050308227539,8214300
2018-07-05,KO,KO,44.15999984741211,44.66999816894531,44.130001068115234,44.65999984741211,34.751861572265625,11653000
2018-07-06,KO,KO,44.66999816894531,44.939998626708984,44.58000183105469,44.63999938964844,34.736305236816406,8733900
2018-07-09,KO,KO,44.540000915527344,44.72999954223633,44.34000015258789,44.400001525878906,34.5495491027832,7373100
2018-07-10,KO,KO,44.5099983215332,45.0,44.5,44.970001220703125,34.99309158325195,10606100
2018-07-11,KO,KO,44.9900016784668,45.0,44.63999938964844,44.790000915527344,34.853023529052734,7715600
2018-07-12,KO,KO,44.83000183105469,44.959999084472656,44.4900016784668,44.66999816894531,34.759647369384766,6331600
2018-07-13,KO,KO,44.70000076293945,44.779998779296875,44.470001220703125,44.7400016784668,34.81413269042969,5585900
2018-07-16,KO,KO,44.72999954223633,44.79999923706055,44.529998779296875,44.72999954223633,34.806331634521484,5831400
2018-07-17,KO,KO,44.75,45.38999938964844,44.68000030517578,45.25,35.21097183227539,11592200
2018-07-18,KO,KO,45.189998626708984,45.290000915527344,44.84000015258789,45.119998931884766,35.10981369018555,7351600
2018-07-19,KO,KO,44.9900016784668,45.43000030517578,44.91999816894531,45.11000061035156,35.1020393371582,10097500
2018-07-20,KO,KO,45.02000045776367,45.279998779296875,44.900001525878906,45.279998779296875,35.23430633544922,8588400
2018-07-23,KO,KO,45.279998779296875,45.36000061035156,44.77000045776367,44.95000076293945,34.97753143310547,9055700
2018-07-24,KO,KO,44.779998779296875,45.27000045776367,44.61000061035156,45.2599983215332,35.21874237060547,13786100
2018-07-25,KO,KO,46.0,46.58000183105469,45.75,46.09000015258789,35.864620208740234,21330600
2018-07-26,KO,KO,46.36000061035156,46.59000015258789,46.20000076293945,46.2400016784668,35.98133087158203,12673100
2018-07-27,KO,KO,46.31999969482422,46.5,46.060001373291016,46.209999084472656,35.95798873901367,10516900
2018-07-30,KO,KO,46.099998474121094,46.439998626708984,46.04999923706055,46.22999954223633,35.97355651855469,8967900
2018-07-31,KO,KO,46.400001525878906,46.66999816894531,46.310001373291016,46.630001068115234,36.28480911254883,12438800
2018-08-01,KO,KO,46.45000076293945,46.4900016784668,46.16999816894531,46.38999938964844,36.09805679321289,9904100
2018-08-02,KO,KO,46.47999954223633,46.630001068115234,46.18000030517578,46.18000030517578,35.93463897705078,12009700
2018-08-03,KO,KO,46.22999954223633,46.7599983215332,46.13999938964844,46.619998931884766,36.27702331542969,11462800
2018-08-06,KO,KO,46.599998474121094,46.869998931884766,46.54999923706055,46.650001525878906,36.30036926269531,10056100
2018-08-07,KO,KO,46.52000045776367,46.61000061035156,46.130001068115234,46.5,36.18363952636719,8632900
2018-08-08,KO,KO,46.4900016784668,46.560001373291016,46.119998931884766,46.150001525878906,35.91130828857422,6810000
2018-08-09,KO,KO,46.25,46.41999816894531,46.08000183105469,46.349998474121094,36.066932678222656,8924100
2018-08-10,KO,KO,46.209999084472656,46.41999816894531,45.970001220703125,46.08000183105469,35.85684585571289,7535400
2018-08-13,KO,KO,46.04999923706055,46.130001068115234,45.70000076293945,45.83000183105469,35.66230392456055,8143400
2018-08-14,KO,KO,45.90999984741211,46.099998474121094,45.869998931884766,45.88999938964844,35.708988189697266,6846100
2018-08-15,KO,KO,45.77000045776367,46.150001525878906,45.650001525878906,46.08000183105469,35.85684585571289,9686400
2018-08-16,KO,KO,46.11000061035156,46.380001068115234,45.970001220703125,46.220001220703125,35.965763092041016,10600700
2018-08-17,KO,KO,46.290000915527344,46.72999954223633,46.2400016784668,46.599998474121094,36.261451721191406,8885700
2018-08-20,KO,KO,46.68000030517578,46.869998931884766,46.59000015258789,46.72999954223633,36.36261749267578,6392000
2018-08-21,KO,KO,46.72999954223633,46.75,46.209999084472656,46.220001220703125,35.965763092041016,13986300
2018-08-22,KO,KO,46.34000015258789,46.380001068115234,45.91999816894531,45.93000030517578,35.74010467529297,7159100
2018-08-23,KO,KO,45.88999938964844,46.08000183105469,45.689998626708984,45.70000076293945,35.561134338378906,13144900
2018-08-24,KO,KO,45.650001525878906,45.79999923706055,45.58000183105469,45.630001068115234,35.506656646728516,10952900
2018-08-27,KO,KO,46.04999923706055,46.04999923706055,45.560001373291016,45.689998626708984,35.5533447265625,9581200
2018-08-28,KO,KO,45.650001525878906,45.72999954223633,45.279998779296875,45.369998931884766,35.30433654785156,8476800
2018-08-29,KO,KO,45.25,45.41999816894531,45.220001220703125,45.33000183105469,35.27322769165039,12410900
2018-08-30,KO,KO,45.279998779296875,45.31999969482422,44.88999938964844,44.95000076293945,34.97753143310547,9716500
2018-08-31,KO,KO,45.0,45.06999969482422,44.38999938964844,44.56999969482422,34.681827545166016,19834100
2018-09-04,KO,KO,44.599998474121094,44.900001525878906,44.5099983215332,44.7599983215332,34.82968521118164,11138500
2018-09-05,KO,KO,44.65999984741211,45.41999816894531,44.65999984741211,45.380001068115234,35.312129974365234,10554900
2018-09-06,KO,KO,45.400001525878906,46.0,45.29999923706055,45.77000045776367,35.61559295654297,11439400
2018-09-07,KO,KO,45.599998474121094,45.81999969482422,45.279998779296875,45.720001220703125,35.576698303222656,10208100
2018-09-10,KO,KO,45.90999984741211,46.310001373291016,45.79999923706055,46.060001373291016,35.84125900268555,8568900
2018-09-11,KO,KO,46.099998474121094,46.150001525878906,45.880001068115234,46.02000045776367,35.81013488769531,9278300
2018-09-12,KO,KO,46.15999984741211,46.29999923706055,46.02000045776367,46.2400016784668,35.98133087158203,13216400
2018-09-13,KO,KO,46.0099983215332,46.119998931884766,45.709999084472656,45.83000183105469,35.96564483642578,8294800
2018-09-14,KO,KO,45.91999816894531,46.029998779296875,45.61000061035156,45.9900016784668,36.09119415283203,7612900
2018-09-17,KO,KO,46.0,46.33000183105469,45.90999984741211,46.31999969482422,36.35017013549805,8527300
2018-09-18,KO,KO,46.38999938964844,46.529998779296875,45.93000030517578,45.93000030517578,36.04410934448242,9847400
2018-09-19,KO,KO,46.0,46.11000061035156,45.869998931884766,45.959999084472656,36.067649841308594,7119000
2018-09-20,KO,KO,46.220001220703125,46.68000030517578,46.150001525878906,46.63999938964844,36.60129165649414,9736700
2018-09-21,KO,KO,46.63999938964844,46.689998626708984,46.380001068115234,46.58000183105469,36.55420684814453,19240300
2018-09-24,KO,KO,46.4900016784668,46.529998779296875,45.84000015258789,46.06999969482422,36.15397262573242,10778900
2018-09-25,KO,KO,46.060001373291016,46.18000030517578,45.61000061035156,45.68000030517578,35.847930908203125,7919100
2018-09-26,KO,KO,45.77000045776367,46.06999969482422,45.56999969482422,45.849998474121094,35.98133087158203,10162600
2018-09-27,KO,KO,45.72999954223633,46.18000030517578,45.68000030517578,46.0099983215332,36.106895446777344,10826900
2018-09-28,KO,KO,46.0,46.189998626708984,45.970001220703125,46.189998626708984,36.24814224243164,9071900
2018-10-01,KO,KO,46.16999816894531,46.349998474121094,46.04999923706055,46.22999954223633,36.27953338623047,9364700
2018-10-02,KO,KO,46.279998779296875,46.560001373291016,46.060001373291016,46.5099983215332,36.499271392822266,7462700
2018-10-03,KO,KO,46.459999084472656,46.54999923706055,45.79999923706055,45.869998931884766,35.99701690673828,10542300
2018-10-04,KO,KO,45.65999984741211,45.900001525878906,45.43000030517578,45.849998474121094,35.98133087158203,9582300
2018-10-05,KO,KO,45.939998626708984,46.15999984741211,45.689998626708984,45.880001068115234,36.004886627197266,8734100
2018-10-08,KO,KO,45.9900016784668,46.58000183105469,45.970001220703125,46.47999954223633,36.4757194519043,9808100
2018-10-09,KO,KO,46.380001068115234,46.54999923706055,46.220001220703125,46.38999938964844,36.405094146728516,10824500
2018-10-10,KO,KO,46.29999923706055,46.70000076293945,45.66999816894531,45.68000030517578,35.847930908203125,13917000
2018-10-11,KO,KO,45.79999923706055,45.970001220703125,44.5,44.63999938964844,35.03177261352539,17677900
2018-10-12,KO,KO,44.47999954223633,44.880001068115234,44.25,44.68000030517578,35.06315994262695,12420100
2018-10-15,KO,KO,44.63999938964844,45.27000045776367,44.59000015258789,44.90999984741211,35.24365234375,11608500
2018-10-16,KO,KO,45.02000045776367,45.599998474121094,44.86000061035156,45.4900016784668,35.698822021484375,10442500
2018-10-17,KO,KO,45.40999984741211,45.9900016784668,45.36000061035156,45.86000061035156,35.98917770385742,11055800
2018-10-18,KO,KO,45.900001525878906,46.08000183105469,45.459999084472656,45.61000061035156,35.792991638183594,12716900
2018-10-19,KO,KO,45.83000183105469,46.4900016784668,45.83000183105469,46.33000183105469,36.358009338378906,13989200
2018-10-22,KO,KO,46.369998931884766,46.459999084472656,45.810001373291016,45.970001220703125,36.07550048828125,14283600
2018-10-23,KO,KO,45.619998931884766,46.459999084472656,45.45000076293945,46.36000061035156,36.38154220581055,17483900
2018-10-24,KO,KO,46.33000183105469,47.38999938964844,46.2400016784668,46.72999954223633,36.67192077636719,21626000
2018-10-25,KO,KO,46.650001525878906,46.7400016784668,46.119998931884766,46.5099983215332,36.499271392822266,14220200
2018-10-26,KO,KO,46.369998931884766,46.47999954223633,45.43000030517578,45.91999816894531,36.036251068115234,21458000
2018-10-29,KO,KO,46.150001525878906,46.560001373291016,46.04999923706055,46.459999084472656,36.46002960205078,20932200
2018-10-30,KO,KO,46.619998931884766,47.7400016784668,46.040000915527344,47.630001068115234,37.378211975097656,20895400
2018-10-31,KO,KO,47.5,48.08000183105469,47.220001220703125,47.880001068115234,37.574398040771484,25309400
2018-11-01,KO,KO,47.810001373291016,48.150001525878906,47.29999923706055,47.7400016784668,37.46452713012695,16494500
2018-11-02,KO,KO,47.81999969482422,48.0,47.439998626708984,48.0,37.66856002807617,17584900
2018-11-05,KO,KO,48.0,48.779998779296875,47.91999816894531,48.689998626708984,38.21004867553711,16543500
2018-11-06,KO,KO,48.650001525878906,49.130001068115234,48.599998474121094,49.11000061035156,38.539649963378906,14373400
2018-11-07,KO,KO,49.38999938964844,49.54999923706055,49.029998779296875,49.369998931884766,38.743690490722656,12239700
2018-11-08,KO,KO,49.119998931884766,49.369998931884766,49.099998474121094,49.33000183105469,38.71229553222656,9762800
2018-11-09,KO,KO,49.38999938964844,49.88999938964844,49.36000061035156,49.68000030517578,38.986968994140625,12398100
2018-11-12,KO,KO,49.61000061035156,50.2400016784668,49.540000915527344,49.869998931884766,39.136070251464844,13918300
2018-11-13,KO,KO,49.810001373291016,50.0,49.58000183105469,49.86000061035156,39.12822723388672,13872900
2018-11-14,KO,KO,49.849998474121094,49.939998626708984,49.59000015258789,49.7599983215332,39.04975509643555,12106800
2018-11-15,KO,KO,49.65999984741211,49.75,49.27000045776367,49.7400016784668,39.034053802490234,12080100
2018-11-16,KO,KO,49.65999984741211,50.25,49.630001068115234,50.16999816894531,39.37150573730469,13405800
2018-11-19,KO,KO,50.310001373291016,50.7599983215332,50.25,50.5099983215332,39.63831329345703,13575800
2018-11-20,KO,KO,50.81999969482422,50.84000015258789,49.209999084472656,49.380001068115234,38.75153732299805,16255300
2018-11-21,KO,KO,49.22999954223633,49.439998626708984,48.59000015258789,48.72999954223633,38.24143981933594,13559200
2018-11-23,KO,KO,48.75,49.22999954223633,48.54999923706055,49.02000045776367,38.469032287597656,4792500
2018-11-26,KO,KO,49.0099983215332,49.22999954223633,48.66999816894531,48.869998931884766,38.351318359375,9341900
2018-11-27,KO,KO,48.880001068115234,49.40999984741211,48.72999954223633,49.369998931884766,38.743690490722656,9180700
2018-11-28,KO,KO,49.209999084472656,49.720001220703125,49.209999084472656,49.709999084472656,39.010501861572266,11368700
2018-11-29,KO,KO,49.279998779296875,49.43000030517578,48.970001220703125,48.97999954223633,38.7415771484375,11564300
2018-11-30,KO,KO,49.0,50.4900016784668,48.9900016784668,50.400001525878906,39.86476135253906,25538200
2018-12-03,KO,KO,49.869998931884766,49.959999084472656,48.88999938964844,49.689998626708984,39.30316925048828,14877200
2018-12-04,KO,KO,49.970001220703125,50.5099983215332,49.5,49.58000183105469,39.216163635253906,19059900
2018-12-06,KO,KO,49.5099983215332,49.630001068115234,48.65999984741211,49.380001068115234,39.05796432495117,17674900
2018-12-07,KO,KO,49.56999969482422,49.68000030517578,48.880001068115234,49.09000015258789,38.828582763671875,15565700
2018-12-10,KO,KO,49.45000076293945,49.45000076293945,48.470001220703125,49.2400016784668,38.947235107421875,12331100
2018-12-11,KO,KO,49.59000015258789,50.0099983215332,49.18000030517578,49.540000915527344,39.18451690673828,18083600
2018-12-12,KO,KO,49.95000076293945,50.02000045776367,49.189998626708984,49.220001220703125,38.93141174316406,12316900
2018-12-13,KO,KO,48.720001220703125,49.61000061035156,48.56999969482422,49.470001220703125,39.129150390625,13766200
2018-12-14,KO,KO,49.22999954223633,49.52000045776367,49.02000045776367,49.34000015258789,39.02631759643555,13835900
2018-12-17,KO,KO,49.34000015258789,49.529998779296875,48.02000045776367,48.33000183105469,38.227455139160156,18482700
2018-12-18,KO,KO,48.61000061035156,48.83000183105469,47.849998474121094,48.31999969482422,38.21954345703125,14765700
2018-12-19,KO,KO,48.2400016784668,48.7599983215332,47.619998931884766,47.900001525878906,37.887332916259766,17903800
2018-12-20,KO,KO,47.810001373291016,48.130001068115234,47.099998474121094,47.540000915527344,37.60258865356445,21130000
2018-12-21,KO,KO,47.2599983215332,48.75,47.22999954223633,47.56999969482422,37.626312255859375,32477700
2018-12-24,KO,KO,47.619998931884766,47.869998931884766,45.83000183105469,45.959999084472656,36.35285568237305,10733700
2018-12-26,KO,KO,45.880001068115234,46.959999084472656,45.65999984741211,46.939998626708984,37.128013610839844,14342600
2018-12-27,KO,KO,46.7400016784668,47.54999923706055,46.029998779296875,47.529998779296875,37.59468460083008,16966500
2018-12-28,KO,KO,47.88999938964844,48.0099983215332,47.029998779296875,47.20000076293945,37.33366394042969,13218200
2018-12-31,KO,KO,47.4900016784668,47.540000915527344,46.959999084472656,47.349998474121094,37.45230484008789,10576300
2019-01-02,KO,KO,46.939998626708984,47.220001220703125,46.560001373291016,46.93000030517578,37.12010192871094,11603700
2019-01-03,KO,KO,46.81999969482422,47.369998931884766,46.529998779296875,46.63999938964844,36.89072036743164,14714400
2019-01-04,KO,KO,46.75,47.56999969482422,46.63999938964844,47.56999969482422,37.626312255859375,13013700
2019-01-07,KO,KO,47.56999969482422,47.75,46.900001525878906,46.95000076293945,37.135921478271484,13135500
2019-01-08,KO,KO,47.25,47.56999969482422,47.040000915527344,47.47999954223633,37.555137634277344,15420700
2019-01-09,KO,KO,47.08000183105469,47.279998779296875,46.43000030517578,46.56999969482422,36.8353385925293,18032500
2019-01-10,KO,KO,46.65999984741211,47.09000015258789,46.34000015258789,47.06999969482422,37.230838775634766,15976600
2019-01-11,KO,KO,47.290000915527344,47.36000061035156,46.970001220703125,47.34000015258789,37.44438171386719,11088600
2019-01-14,KO,KO,47.25,47.400001525878906,46.9900016784668,47.150001525878906,37.29410934448242,11514300
2019-01-15,KO,KO,46.88999938964844,47.599998474121094,46.810001373291016,47.56999969482422,37.626312255859375,11342900
2019-01-16,KO,KO,47.400001525878906,47.470001220703125,46.86000061035156,46.91999816894531,37.112186431884766,16907800
2019-01-17,KO,KO,46.91999816894531,47.13999938964844,46.880001068115234,47.060001373291016,37.22292709350586,12044600
2019-01-18,KO,KO,47.25,47.689998626708984,47.119998931884766,47.61000061035156,37.65795135498047,12760700
2019-01-22,KO,KO,47.70000076293945,47.790000915527344,47.209999084472656,47.720001220703125,37.744964599609375,11700400
2019-01-23,KO,KO,47.81999969482422,48.290000915527344,47.650001525878906,48.27000045776367,38.179988861083984,12058300
2019-01-24,KO,KO,48.11000061035156,48.11000061035156,47.380001068115234,47.689998626708984,37.72123336791992,10272000
2019-01-25,KO,KO,47.880001068115234,48.029998779296875,47.2400016784668,47.369998931884766,37.46811294555664,12066500
2019-01-28,KO,KO,47.220001220703125,47.29999923706055,46.939998626708984,47.16999816894531,37.30992889404297,9966900
2019-01-29,KO,KO,47.20000076293945,47.630001068115234,47.130001068115234,47.400001525878906,37.491851806640625,11998600
2019-01-30,KO,KO,47.25,47.88999938964844,47.189998626708984,47.86000061035156,37.85569381713867,12952500
2019-01-31,KO,KO,47.849998474121094,48.779998779296875,47.470001220703125,48.130001068115234,38.06925582885742,32181500
2019-02-01,KO,KO,48.47999954223633,48.779998779296875,48.400001525878906,48.70000076293945,38.520111083984375,19130100
2019-02-04,KO,KO,48.70000076293945,49.45000076293945,48.540000915527344,49.25,38.95513153076172,15105700
2019-02-05,KO,KO,49.33000183105469,49.470001220703125,49.099998474121094,49.2599983215332,38.96305465698242,12651900
2019-02-06,KO,KO,49.209999084472656,49.36000061035156,49.02000045776367,49.2599983215332,38.96305465698242,8689100
2019-02-07,KO,KO,49.16999816894531,49.459999084472656,49.0,49.41999816894531,39.089599609375,10047800
2019-02-08,KO,KO,49.369998931884766,49.5,49.11000061035156,49.5,39.15288543701172,9813300
2019-02-11,KO,KO,49.56999969482422,49.880001068115234,49.47999954223633,49.61000061035156,39.23989486694336,9369300
2019-02-12,KO,KO,49.689998626708984,49.79999923706055,49.459999084472656,49.65999984741211,39.27943801879883,10983300
2019-02-13,KO,KO,49.61000061035156,49.939998626708984,49.560001373291016,49.790000915527344,39.38227844238281,12748800
2019-02-14,KO,KO,46.70000076293945,46.959999084472656,45.5,45.59000015258789,36.06019973754883,58905400
2019-02-15,KO,KO,45.900001525878906,46.2599983215332,45.20000076293945,45.2400016784668,35.78337097167969,35701600
2019-02-19,KO,KO,45.31999969482422,45.59000015258789,44.77000045776367,44.83000183105469,35.45907211303711,25511300
2019-02-20,KO,KO,44.90999984741211,45.2400016784668,44.79999923706055,45.099998474121094,35.67262268066406,27464000
2019-02-21,KO,KO,45.0,45.90999984741211,44.959999084472656,45.86000061035156,36.27376937866211,23121200
2019-02-22,KO,KO,45.7599983215332,45.95000076293945,45.20000076293945,45.279998779296875,35.81500244140625,24728400
2019-02-25,KO,KO,45.439998626708984,45.56999969482422,44.84000015258789,44.939998626708984,35.546077728271484,23774400
2019-02-26,KO,KO,45.099998474121094,45.13999938964844,44.65999984741211,44.689998626708984,35.348331451416016,20463200
2019-02-27,KO,KO,44.599998474121094,45.02000045776367,44.41999816894531,44.939998626708984,35.546077728271484,17827500
2019-02-28,KO,KO,45.119998931884766,45.61000061035156,45.11000061035156,45.34000015258789,35.862457275390625,22533900
2019-03-01,KO,KO,45.470001220703125,45.63999938964844,45.20000076293945,45.380001068115234,35.89409255981445,16291600
2019-03-04,KO,KO,45.529998779296875,45.66999816894531,45.29999923706055,45.650001525878906,36.10765838623047,15973800
2019-03-05,KO,KO,45.650001525878906,45.70000076293945,45.400001525878906,45.599998474121094,36.068119049072266,13062300
2019-03-06,KO,KO,45.66999816894531,45.790000915527344,45.439998626708984,45.45000076293945,35.94947052001953,14232100
2019-03-07,KO,KO,45.4900016784668,45.529998779296875,45.130001068115234,45.279998779296875,35.81500244140625,12084000
2019-03-08,KO,KO,45.150001525878906,45.25,44.61000061035156,44.84000015258789,35.46697998046875,15579100
2019-03-11,KO,KO,45.13999938964844,46.2400016784668,45.099998474121094,46.18000030517578,36.52687454223633,22126900
2019-03-12,KO,KO,45.95000076293945,46.25,45.900001525878906,46.04999923706055,36.424049377441406,19348500
2019-03-13,KO,KO,46.130001068115234,46.34000015258789,45.90999984741211,46.220001220703125,36.558509826660156,16222500
2019-03-14,KO,KO,45.84000015258789,46.11000061035156,45.630001068115234,45.70000076293945,36.462764739990234,18504100
2019-03-15,KO,KO,45.720001220703125,45.900001525878906,45.13999938964844,45.29999923706055,36.14362335205078,47254500
2019-03-18,KO,KO,45.43000030517578,45.68000030517578,45.36000061035156,45.40999984741211,36.23138427734375,24006400
2019-03-19,KO,KO,45.54999923706055,45.689998626708984,45.34000015258789,45.560001373291016,36.3510627746582,14987000
2019-03-20,KO,KO,45.400001525878906,45.900001525878906,45.18000030517578,45.529998779296875,36.327125549316406,13376100
2019-03-21,KO,KO,45.529998779296875,45.7599983215332,45.439998626708984,45.5099983215332,36.311161041259766,20043000
2019-03-22,KO,KO,45.459999084472656,46.11000061035156,45.459999084472656,45.93000030517578,36.64627456665039,19055900
2019-03-25,KO,KO,45.86000061035156,46.20000076293945,45.790000915527344,46.029998779296875,36.726070404052734,11668200
2019-03-26,KO,KO,46.16999816894531,46.790000915527344,46.16999816894531,46.63999938964844,37.212764739990234,11434900
2019-03-27,KO,KO,46.650001525878906,46.90999984741211,46.33000183105469,46.61000061035156,37.18882751464844,11543600
2019-03-28,KO,KO,46.68000030517578,46.91999816894531,46.47999954223633,46.58000183105469,37.16489791870117,11121100
2019-03-29,KO,KO,46.66999816894531,46.90999984741211,46.47999954223633,46.86000061035156,37.38829803466797,16045600
2019-04-01,KO,KO,46.9900016784668,47.16999816894531,46.59000015258789,46.720001220703125,37.27659606933594,11522700
2019-04-02,KO,KO,46.75,46.93000030517578,46.56999969482422,46.56999969482422,37.15691375732422,8495000
2019-04-03,KO,KO,46.41999816894531,46.59000015258789,46.040000915527344,46.18000030517578,36.84574508666992,12854500
2019-04-04,KO,KO,46.34000015258789,46.540000915527344,46.11000061035156,46.47999954223633,37.085105895996094,7814900
2019-04-05,KO,KO,46.4900016784668,46.58000183105469,46.20000076293945,46.470001220703125,37.077117919921875,7677600
2019-04-08,KO,KO,46.540000915527344,46.56999969482422,46.27000045776367,46.54999923706055,37.14095687866211,9421300
2019-04-09,KO,KO,46.45000076293945,46.720001220703125,46.27000045776367,46.66999816894531,37.2366943359375,8641800
2019-04-10,KO,KO,46.84000015258789,47.0,46.560001373291016,46.63999938964844,37.212764739990234,8059900
2019-04-11,KO,KO,46.720001220703125,46.75,46.540000915527344,46.709999084472656,37.26860427856445,7352400
2019-04-12,KO,KO,46.66999816894531,46.93000030517578,46.56999969482422,46.7400016784668,37.29255294799805,10690000
2019-04-15,KO,KO,46.880001068115234,47.040000915527344,46.70000076293945,47.0,37.499996185302734,10261300
2019-04-16,KO,KO,47.04999923706055,47.099998474121094,46.70000076293945,46.95000076293945,37.460105895996094,10804600
2019-04-17,KO,KO,47.20000076293945,47.54999923706055,47.150001525878906,47.279998779296875,37.7234001159668,11849300
2019-04-18,KO,KO,47.33000183105469,47.58000183105469,47.27000045776367,47.47999954223633,37.88298034667969,12167000
2019-04-22,KO,KO,47.400001525878906,47.61000061035156,47.02000045776367,47.400001525878906,37.81915283203125,9834700
2019-04-23,KO,KO,48.09000015258789,48.720001220703125,47.54999923706055,48.209999084472656,38.465423583984375,25327800
2019-04-24,KO,KO,48.029998779296875,48.22999954223633,47.91999816894531,47.97999954223633,38.281917572021484,15997300
2019-04-25,KO,KO,47.7400016784668,47.88999938964844,47.470001220703125,47.84000015258789,38.17020797729492,11444400
2019-04-26,KO,KO,47.9900016784668,48.45000076293945,47.97999954223633,48.2599983215332,38.50532531738281,10154300
2019-04-29,KO,KO,48.16999816894531,48.45000076293945,48.11000061035156,48.41999816894531,38.63298034667969,9731500
2019-04-30,KO,KO,48.529998779296875,49.18000030517578,48.38999938964844,49.060001373291016,39.14361572265625,17912900
2019-05-01,KO,KO,48.95000076293945,49.08000183105469,48.54999923706055,48.59000015258789,38.76861572265625,10551200
2019-05-02,KO,KO,48.529998779296875,48.77000045776367,48.27000045776367,48.38999938964844,38.609046936035156,8724600
2019-05-03,KO,KO,48.599998474121094,48.959999084472656,48.52000045776367,48.720001220703125,38.87234115600586,7076900
2019-05-06,KO,KO,48.33000183105469,48.61000061035156,48.2599983215332,48.470001220703125,38.67287063598633,8657800
2019-05-07,KO,KO,48.22999954223633,48.290000915527344,47.77000045776367,48.0,38.29787826538086,12487500
2019-05-08,KO,KO,48.04999923706055,48.22999954223633,47.81999969482422,47.849998474121094,38.17818832397461,9281400
2019-05-09,KO,KO,47.79999923706055,47.97999954223633,47.06999969482422,47.400001525878906,37.81915283203125,11450500
2019-05-10,KO,KO,47.40999984741211,48.29999923706055,47.400001525878906,48.189998626708984,38.44947052001953,9653800
2019-05-13,KO,KO,47.90999984741211,48.130001068115234,47.72999954223633,48.04999923706055,38.337764739990234,11911500
2019-05-14,KO,KO,48.529998779296875,49.31999969482422,48.349998474121094,48.689998626708984,38.8484001159668,16844200
2019-05-15,KO,KO,48.66999816894531,49.380001068115234,48.599998474121094,49.18000030517578,39.239349365234375,11422500
2019-05-16,KO,KO,49.27000045776367,49.65999984741211,49.209999084472656,49.58000183105469,39.558509826660156,17771300
2019-05-17,KO,KO,49.27000045776367,49.54999923706055,49.16999816894531,49.20000076293945,39.25532531738281,11257000
2019-05-20,KO,KO,49.040000915527344,49.13999938964844,48.7599983215332,48.849998474121094,38.97605895996094,13850500
2019-05-21,KO,KO,49.0,49.029998779296875,48.45000076293945,48.599998474121094,38.77659606933594,10587400
2019-05-22,KO,KO,48.779998779296875,49.709999084472656,48.720001220703125,49.650001525878906,39.6143684387207,16050400
2019-05-23,KO,KO,49.5,49.900001525878906,49.459999084472656,49.849998474121094,39.7739372253418,12199400
2019-05-24,KO,KO,49.81999969482422,49.88999938964844,49.529998779296875,49.61000061035156,39.582454681396484,6887600
2019-05-28,KO,KO,49.599998474121094,49.66999816894531,49.029998779296875,49.099998474121094,39.17552947998047,18614000
2019-05-29,KO,KO,48.7400016784668,49.029998779296875,48.40999984741211,48.61000061035156,38.784568786621094,12534600
2019-05-30,KO,KO,48.720001220703125,49.310001373291016,48.66999816894531,49.25,39.29520034790039,9087200
2019-05-31,KO,KO,49.0,49.310001373291016,48.779998779296875,49.130001068115234,39.199466705322266,11368600
2019-06-03,KO,KO,49.15999984741211,49.97999954223633,49.02000045776367,49.97999954223633,39.877655029296875,14167200
2019-06-04,KO,KO,50.0,50.279998779296875,49.619998931884766,50.0,39.893611907958984,12010600
2019-06-05,KO,KO,50.0099983215332,51.13999938964844,49.689998626708984,50.779998779296875,40.515960693359375,15837600
2019-06-06,KO,KO,50.90999984741211,51.540000915527344,50.59000015258789,51.400001525878906,41.010643005371094,15190400
2019-06-07,KO,KO,51.470001220703125,52.189998626708984,51.45000076293945,51.4900016784668,41.08245086669922,15293600
2019-06-10,KO,KO,51.540000915527344,51.540000915527344,51.09000015258789,51.380001068115234,40.994693756103516,9737400
2019-06-11,KO,KO,51.45000076293945,51.59000015258789,51.18000030517578,51.33000183105469,40.95478439331055,9915600
2019-06-12,KO,KO,51.5,52.13999938964844,51.470001220703125,51.63999938964844,41.202125549316406,11088100
2019-06-13,KO,KO,51.459999084472656,51.70000076293945,50.779998779296875,51.130001068115234,41.11368179321289,10353600
2019-06-14,KO,KO,51.04999923706055,51.529998779296875,51.04999923706055,51.310001373291016,41.258419036865234,8694300
2019-06-17,KO,KO,51.25,51.47999954223633,50.61000061035156,50.869998931884766,40.90460968017578,12322400
2019-06-18,KO,KO,51.25,51.29999923706055,50.529998779296875,50.63999938964844,40.71966552734375,9221100
2019-06-19,KO,KO,50.540000915527344,51.2400016784668,50.470001220703125,51.119998931884766,41.10563659667969,9414100
2019-06-20,KO,KO,51.5,51.790000915527344,51.349998474121094,51.65999984741211,41.539852142333984,10656600
2019-06-21,KO,KO,51.529998779296875,51.88999938964844,51.40999984741211,51.54999923706055,41.45140838623047,21264400
2019-06-24,KO,KO,51.7400016784668,52.20000076293945,51.70000076293945,51.91999816894531,41.74892044067383,10780000
2019-06-25,KO,KO,52.0,52.099998474121094,51.63999938964844,51.7599983215332,41.620262145996094,11519900
2019-06-26,KO,KO,51.52000045776367,51.63999938964844,51.09000015258789,51.119998931884766,41.10563659667969,12405100
2019-06-27,KO,KO,51.290000915527344,51.400001525878906,50.970001220703125,51.08000183105469,41.07346725463867,12374900
2019-06-28,KO,KO,51.27000045776367,51.400001525878906,50.52000045776367,50.91999816894531,40.9448127746582,16339900
2019-07-01,KO,KO,51.06999969482422,51.630001068115234,50.779998779296875,51.599998474121094,41.491607666015625,14976400
2019-07-02,KO,KO,51.779998779296875,52.04999923706055,51.54999923706055,51.97999954223633,41.79716491699219,8569200
2019-07-03,KO,KO,52.0,52.33000183105469,52.0,52.099998474121094,41.893638610839844,7253700
2019-07-05,KO,KO,51.88999938964844,52.119998931884766,51.47999954223633,52.11000061035156,41.901695251464844,8916300
2019-07-08,KO,KO,52.20000076293945,52.33000183105469,51.88999938964844,52.0,41.81324005126953,9495100
2019-07-09,KO,KO,51.720001220703125,51.970001220703125,51.43000030517578,51.59000015258789,41.483558654785156,10584900
2019-07-10,KO,KO,51.79999923706055,51.970001220703125,51.65999984741211,51.81999969482422,41.66850280761719,7620900
2019-07-11,KO,KO,51.9900016784668,52.060001373291016,51.65999984741211,52.040000915527344,41.845401763916016,10376500
2019-07-12,KO,KO,52.25,52.290000915527344,51.90999984741211,52.119998931884766,41.90972900390625,7347400
2019-07-15,KO,KO,52.279998779296875,52.290000915527344,51.869998931884766,52.130001068115234,41.917781829833984,5876100
2019-07-16,KO,KO,51.959999084472656,52.470001220703125,51.810001373291016,52.13999938964844,41.92581558227539,7132500
2019-07-17,KO,KO,52.220001220703125,52.2599983215332,52.0099983215332,52.18000030517578,41.957984924316406,8264200
2019-07-18,KO,KO,52.040000915527344,52.16999816894531,51.66999816894531,52.029998779296875,41.83736801147461,11911800
2019-07-19,KO,KO,52.13999938964844,52.150001525878906,51.369998931884766,51.38999938964844,41.32273864746094,10355500
2019-07-22,KO,KO,51.52000045776367,51.52000045776367,51.130001068115234,51.220001220703125,41.18605422973633,12090700
2019-07-23,KO,KO,53.25,54.63999938964844,52.7599983215332,54.33000183105469,43.686805725097656,33417900
2019-07-24,KO,KO,54.119998931884766,54.81999969482422,53.619998931884766,53.779998779296875,43.244544982910156,15633400
2019-07-25,KO,KO,53.630001068115234,53.79999923706055,52.720001220703125,53.06999969482422,42.67362594604492,19135000
2019-07-26,KO,KO,53.34000015258789,54.310001373291016,53.189998626708984,54.16999816894531,43.558128356933594,11451900
2019-07-29,KO,KO,54.16999816894531,54.29999923706055,53.900001525878906,53.9900016784668,43.41341018676758,12283900
2019-07-30,KO,KO,53.959999084472656,54.29999923706055,53.56999969482422,53.720001220703125,43.19629669189453,8127100
2019-07-31,KO,KO,53.5099983215332,53.5099983215332,52.040000915527344,52.630001068115234,42.3198356628418,16865500
2019-08-01,KO,KO,52.779998779296875,53.20000076293945,52.0099983215332,52.029998779296875,41.83736801147461,19527200
2019-08-02,KO,KO,51.90999984741211,52.72999954223633,51.90999984741211,52.33000183105469,42.07859802246094,13102300
2019-08-05,KO,KO,52.38999938964844,52.65999984741211,51.400001525878906,51.650001525878906,41.531803131103516,19986500
2019-08-06,KO,KO,51.869998931884766,52.7599983215332,51.61000061035156,52.27000045776367,42.03034591674805,19903100
2019-08-07,KO,KO,52.27000045776367,53.38999938964844,51.77000045776367,53.18000030517578,42.76207733154297,17937000
2019-08-08,KO,KO,53.209999084472656,53.779998779296875,52.849998474121094,53.689998626708984,43.172176361083984,10799000
2019-08-09,KO,KO,53.790000915527344,53.900001525878906,53.08000183105469,53.41999816894531,42.95506286621094,9260900
2019-08-12,KO,KO,53.279998779296875,53.439998626708984,52.9900016784668,53.20000076293945,42.778160095214844,6588600
2019-08-13,KO,KO,52.900001525878906,53.61000061035156,52.869998931884766,53.5,43.01939392089844,8581200
2019-08-14,KO,KO,53.34000015258789,53.970001220703125,52.970001220703125,52.9900016784668,42.60930633544922,17088900
2019-08-15,KO,KO,53.43000030517578,54.0,53.22999954223633,53.869998931884766,43.31690979003906,12393200
2019-08-16,KO,KO,53.97999954223633,54.4900016784668,53.95000076293945,54.40999984741211,43.751121520996094,14288700
2019-08-19,KO,KO,54.439998626708984,54.779998779296875,54.310001373291016,54.689998626708984,43.97627639770508,10936200
2019-08-20,KO,KO,54.619998931884766,54.68000030517578,53.84000015258789,53.880001068115234,43.324954986572266,8176700
2019-08-21,KO,KO,54.25,54.40999984741211,53.849998474121094,54.099998474121094,43.50185012817383,10886500
2019-08-22,KO,KO,54.119998931884766,54.63999938964844,54.099998474121094,54.4900016784668,43.815460205078125,7467900
2019-08-23,KO,KO,54.41999816894531,54.709999084472656,53.38999938964844,53.7400016784668,43.21238327026367,14160400
2019-08-26,KO,KO,54.0,54.540000915527344,53.72999954223633,54.540000915527344,43.85565948486328,9226900
2019-08-27,KO,KO,54.70000076293945,54.95000076293945,54.40999984741211,54.720001220703125,44.00039291381836,13537000
2019-08-28,KO,KO,54.65999984741211,55.150001525878906,54.41999816894531,55.11000061035156,44.31399154663086,10046400
2019-08-29,KO,KO,55.2599983215332,55.34000015258789,54.599998474121094,55.04999923706055,44.265750885009766,9262800
2019-08-30,KO,KO,55.15999984741211,55.220001220703125,54.810001373291016,55.040000915527344,44.2577018737793,8746700
2019-09-03,KO,KO,54.97999954223633,55.33000183105469,54.869998931884766,55.29999923706055,44.466773986816406,12991400
2019-09-04,KO,KO,55.349998474121094,55.91999816894531,55.29999923706055,55.77000045776367,44.84470748901367,10718100
2019-09-05,KO,KO,55.75,55.77000045776367,55.029998779296875,55.119998931884766,44.32203674316406,13677000
2019-09-06,KO,KO,55.439998626708984,55.439998626708984,54.7599983215332,55.22999954223633,44.41048812866211,9093500
2019-09-09,KO,KO,55.029998779296875,55.08000183105469,54.36000061035156,54.52000045776367,43.839576721191406,10814900
2019-09-10,KO,KO,54.22999954223633,54.439998626708984,53.849998474121094,54.400001525878906,43.74308776855469,12038200
2019-09-11,KO,KO,54.290000915527344,54.79999923706055,53.970001220703125,54.77000045776367,44.04059600830078,9740400
2019-09-12,KO,KO,55.099998474121094,55.310001373291016,54.97999954223633,55.11000061035156,44.31399154663086,12357900
2019-09-13,KO,KO,54.47999954223633,54.790000915527344,54.06999969482422,54.2599983215332,43.94950485229492,11486100
2019-09-16,KO,KO,54.099998474121094,54.34000015258789,53.630001068115234,53.959999084472656,43.706520080566406,11172000
2019-09-17,KO,KO,54.099998474121094,54.70000076293945,53.959999084472656,54.2400016784668,43.93331527709961,11347400
2019-09-18,KO,KO,54.20000076293945,54.290000915527344,53.81999969482422,54.22999954223633,43.92520523071289,9700400
2019-09-19,KO,KO,54.22999954223633,54.599998474121094,54.130001068115234,54.52000045776367,44.16010665893555,7560300
2019-09-20,KO,KO,54.689998626708984,54.689998626708984,53.900001525878906,53.90999984741211,43.666015625,19211500
2019-09-23,KO,KO,53.90999984741211,54.36000061035156,53.880001068115234,54.13999938964844,43.85230255126953,6485300
2019-09-24,KO,KO,54.25,54.61000061035156,54.040000915527344,54.29999923706055,43.98191452026367,10093000
2019-09-25,KO,KO,54.439998626708984,54.47999954223633,54.0,54.16999816894531,43.876617431640625,10248400
2019-09-26,KO,KO,54.470001220703125,54.58000183105469,54.130001068115234,54.38999938964844,44.054805755615234,10031200
2019-09-27,KO,KO,54.560001373291016,54.63999938964844,54.0,54.310001373291016,43.990013122558594,7939900
2019-09-30,KO,KO,54.150001525878906,54.68000030517578,54.150001525878906,54.439998626708984,44.09529495239258,9808700
2019-10-01,KO,KO,54.529998779296875,54.779998779296875,54.0099983215332,54.650001525878906,44.265403747558594,14261500
2019-10-02,KO,KO,54.209999084472656,54.439998626708984,52.900001525878906,53.08000183105469,42.99373245239258,14343600
2019-10-03,KO,KO,53.5,53.97999954223633,52.81999969482422,53.84000015258789,43.60932922363281,13817500
2019-10-04,KO,KO,54.0,54.540000915527344,53.88999938964844,54.540000915527344,44.176300048828125,9295400
2019-10-07,KO,KO,54.33000183105469,54.36000061035156,53.77000045776367,53.869998931884766,43.633628845214844,5964900
2019-10-08,KO,KO,53.880001068115234,54.06999969482422,53.45000076293945,53.58000183105469,43.39871597290039,13301900
2019-10-09,KO,KO,54.060001373291016,54.06999969482422,53.540000915527344,53.83000183105469,43.60121536254883,7135000
2019-10-10,KO,KO,53.54999923706055,53.880001068115234,53.36000061035156,53.65999984741211,43.46352005004883,8942900
2019-10-11,KO,KO,53.650001525878906,53.70000076293945,53.20000076293945,53.29999923706055,43.17192459106445,8981700
2019-10-14,KO,KO,53.4900016784668,53.68000030517578,53.220001220703125,53.29999923706055,43.17192459106445,7306300
2019-10-15,KO,KO,53.43000030517578,53.68000030517578,53.27000045776367,53.5099983215332,43.342018127441406,9564300
2019-10-16,KO,KO,53.459999084472656,53.56999969482422,53.130001068115234,53.4900016784668,43.32582473754883,10454800
2019-10-17,KO,KO,53.689998626708984,54.119998931884766,53.58000183105469,53.790000915527344,43.56881332397461,13190300
2019-10-18,KO,KO,55.0,55.38999938964844,54.45000076293945,54.779998779296875,44.37069320678711,18122400
2019-10-21,KO,KO,54.45000076293945,54.560001373291016,53.68000030517578,54.22999954223633,43.92520523071289,12778900
2019-10-22,KO,KO,54.22999954223633,54.41999816894531,53.7400016784668,53.849998474121094,43.6174201965332,9533400
2019-10-23,KO,KO,54.060001373291016,54.65999984741211,54.0099983215332,54.63999938964844,44.257293701171875,8556600
2019-10-24,KO,KO,54.56999969482422,54.81999969482422,54.4900016784668,54.61000061035156,44.232994079589844,11051400
2019-10-25,KO,KO,54.54999923706055,54.560001373291016,53.66999816894531,53.75,43.53642272949219,9782400
2019-10-28,KO,KO,53.7400016784668,53.95000076293945,53.369998931884766,53.56999969482422,43.390628814697266,8866100
2019-10-29,KO,KO,53.38999938964844,53.65999984741211,53.2599983215332,53.40999984741211,43.261024475097656,7999700
2019-10-30,KO,KO,53.52000045776367,54.04999923706055,53.15999984741211,53.939998626708984,43.690311431884766,8620900
2019-10-31,KO,KO,53.959999084472656,54.470001220703125,53.849998474121094,54.43000030517578,44.08720016479492,13982000
2019-11-01,KO,KO,54.630001068115234,54.7400016784668,53.849998474121094,53.900001525878906,43.65791702270508,9889500
2019-11-04,KO,KO,53.959999084472656,54.0,52.970001220703125,53.13999938964844,43.04233169555664,17515100
2019-11-05,KO,KO,52.88999938964844,52.88999938964844,52.119998931884766,52.41999816894531,42.45914077758789,19284000
2019-11-06,KO,KO,52.529998779296875,52.79999923706055,52.40999984741211,52.79999923706055,42.76693344116211,13288900
2019-11-07,KO,KO,52.880001068115234,53.0,51.959999084472656,52.290000915527344,42.353851318359375,11725500
2019-11-08,KO,KO,52.459999084472656,52.599998474121094,52.09000015258789,52.209999084472656,42.28904342651367,7141800
2019-11-11,KO,KO,52.33000183105469,52.369998931884766,51.779998779296875,51.84000015258789,41.989356994628906,8198300
2019-11-12,KO,KO,51.90999984741211,51.90999984741211,51.58000183105469,51.709999084472656,41.88404846191406,12656900
2019-11-13,KO,KO,52.18000030517578,52.45000076293945,51.959999084472656,52.40999984741211,42.45104217529297,12257900
2019-11-14,KO,KO,52.529998779296875,52.66999816894531,52.349998474121094,52.630001068115234,42.62924575805664,8660300
2019-11-15,KO,KO,52.63999938964844,52.68000030517578,52.380001068115234,52.66999816894531,42.661643981933594,8982400
2019-11-18,KO,KO,52.68000030517578,53.439998626708984,52.66999816894531,53.029998779296875,42.95322799682617,13782000
2019-11-19,KO,KO,53.150001525878906,53.310001373291016,52.869998931884766,53.08000183105469,42.99373245239258,12679500
2019-11-20,KO,KO,53.099998474121094,53.400001525878906,53.0099983215332,53.220001220703125,43.10713577270508,11970300
2019-11-21,KO,KO,53.11000061035156,53.34000015258789,52.779998779296875,52.959999084472656,42.89653396606445,7856100
2019-11-22,KO,KO,52.959999084472656,53.189998626708984,52.75,53.029998779296875,42.95322799682617,9113300
2019-11-25,KO,KO,53.279998779296875,53.38999938964844,52.77000045776367,53.220001220703125,43.10713577270508,10963500
2019-11-26,KO,KO,53.310001373291016,53.939998626708984,53.220001220703125,53.900001525878906,43.65791702270508,13219800
2019-11-27,KO,KO,53.93000030517578,54.099998474121094,53.599998474121094,53.95000076293945,43.69841766357422,9595200
2019-11-29,KO,KO,53.70000076293945,53.72999954223633,53.220001220703125,53.400001525878906,43.57600784301758,7222300
2019-12-02,KO,KO,53.31999969482422,53.75,52.849998474121094,53.75,43.86162567138672,13173800
2019-12-03,KO,KO,53.709999084472656,53.84000015258789,53.400001525878906,53.79999923706055,43.90243148803711,14498300
2019-12-04,KO,KO,53.79999923706055,54.310001373291016,53.720001220703125,54.290000915527344,44.30227279663086,13624000
2019-12-05,KO,KO,54.209999084472656,54.290000915527344,53.83000183105469,54.189998626708984,44.22066879272461,14068100
2019-12-06,KO,KO,54.310001373291016,54.5,54.16999816894531,54.41999816894531,44.408355712890625,7843500
2019-12-09,KO,KO,54.29999923706055,54.5099983215332,54.02000045776367,54.06999969482422,44.12274932861328,13887200
2019-12-10,KO,KO,54.040000915527344,54.06999969482422,53.72999954223633,53.77000045776367,43.8779411315918,8993900
2019-12-11,KO,KO,53.939998626708984,54.150001525878906,53.65999984741211,53.95000076293945,44.02482604980469,8879100
2019-12-12,KO,KO,54.0099983215332,54.45000076293945,53.939998626708984,54.13999938964844,44.17987060546875,11233300
2019-12-13,KO,KO,53.939998626708984,54.54999923706055,53.84000015258789,54.41999816894531,44.408355712890625,13072200
2019-12-16,KO,KO,54.689998626708984,54.83000183105469,54.369998931884766,54.41999816894531,44.408355712890625,9538100
2019-12-17,KO,KO,54.400001525878906,54.58000183105469,54.290000915527344,54.41999816894531,44.408355712890625,9230000
2019-12-18,KO,KO,54.529998779296875,54.75,53.88999938964844,53.90999984741211,43.99217987060547,15132100
2019-12-19,KO,KO,54.040000915527344,54.34000015258789,53.91999816894531,54.31999969482422,44.326759338378906,13385900
2019-12-20,KO,KO,54.939998626708984,55.20000076293945,54.470001220703125,54.970001220703125,44.85718536376953,23832800
2019-12-23,KO,KO,55.0,55.2400016784668,54.84000015258789,54.90999984741211,44.80821228027344,9300800
2019-12-24,KO,KO,54.79999923706055,55.0,54.63999938964844,54.709999084472656,44.64500427246094,3359300
2019-12-26,KO,KO,54.91999816894531,55.02000045776367,54.790000915527344,55.02000045776367,44.89796829223633,6228500
2019-12-27,KO,KO,55.0099983215332,55.45000076293945,55.0,55.349998474121094,45.16726303100586,6895500
2019-12-30,KO,KO,55.18000030517578,55.38999938964844,55.060001373291016,55.27000045776367,45.10198974609375,6431700
2019-12-31,KO,KO,55.20000076293945,55.380001068115234,54.97999954223633,55.349998474121094,45.16726303100586,7982600
2020-01-02,KO,KO,55.31999969482422,55.43000030517578,54.7599983215332,54.9900016784668,44.87350082397461,11867700
2020-01-03,KO,KO,54.31999969482422,54.9900016784668,54.09000015258789,54.689998626708984,44.62869644165039,11354500
2020-01-06,KO,KO,54.650001525878906,54.90999984741211,54.52000045776367,54.66999816894531,44.612369537353516,14698300
2020-01-07,KO,KO,54.45000076293945,54.599998474121094,54.150001525878906,54.25,44.2696418762207,9973900
2020-01-08,KO,KO,54.27000045776367,54.63999938964844,54.150001525878906,54.349998474121094,44.35123825073242,10676000
2020-01-09,KO,KO,55.0,55.400001525878906,54.84000015258789,55.34000015258789,45.15910720825195,15398000
2020-01-10,KO,KO,55.47999954223633,55.93000030517578,55.45000076293945,55.529998779296875,45.314144134521484,13040100
2020-01-13,KO,KO,55.529998779296875,56.22999954223633,55.41999816894531,56.130001068115234,45.803768157958984,14302900
2020-01-14,KO,KO,56.2400016784668,56.290000915527344,55.83000183105469,56.0,45.697689056396484,16345300
2020-01-15,KO,KO,56.0,56.97999954223633,56.0,56.70000076293945,46.26890563964844,17735400
2020-01-16,KO,KO,56.849998474121094,56.95000076293945,56.61000061035156,56.81999969482422,46.3668212890625,10234100
2020-01-17,KO,KO,56.869998931884766,57.150001525878906,56.79999923706055,56.939998626708984,46.46475601196289,14264300
2020-01-21,KO,KO,56.849998474121094,57.25,56.56999969482422,57.16999816894531,46.65243911743164,11968900
2020-01-22,KO,KO,57.25,57.63999938964844,57.18000030517578,57.61000061035156,47.01150131225586,12869600
2020-01-23,KO,KO,57.380001068115234,57.849998474121094,57.2400016784668,57.83000183105469,47.19102478027344,12858900
2020-01-24,KO,KO,57.849998474121094,57.869998931884766,57.459999084472656,57.68000030517578,47.0686149597168,8594300
2020-01-27,KO,KO,57.209999084472656,57.849998474121094,57.130001068115234,57.47999954223633,46.90542221069336,14359900
2020-01-28,KO,KO,57.45000076293945,57.75,56.970001220703125,57.0099983215332,46.52188491821289,15240200
2020-01-29,KO,KO,57.0,57.2599983215332,56.65999984741211,57.0099983215332,46.52188491821289,13163600
2020-01-30,KO,KO,57.93000030517578,58.97999954223633,57.7599983215332,58.86000061035156,48.03153991699219,20225600
2020-01-31,KO,KO,58.970001220703125,59.08000183105469,58.150001525878906,58.400001525878906,47.65616226196289,17685200
2020-02-03,KO,KO,58.75,58.970001220703125,58.52000045776367,58.58000183105469,47.803043365478516,12333600
2020-02-04,KO,KO,58.75,59.45000076293945,58.619998931884766,58.84000015258789,48.015220642089844,15417900
2020-02-05,KO,KO,58.900001525878906,59.08000183105469,58.540000915527344,58.849998474121094,48.02336883544922,11414900
2020-02-06,KO,KO,58.97999954223633,59.34000015258789,58.84000015258789,58.9900016784668,48.13761520385742,9347000
2020-02-07,KO,KO,58.880001068115234,59.31999969482422,58.849998474121094,59.189998626708984,48.300819396972656,8757800
2020-02-10,KO,KO,59.31999969482422,59.84000015258789,59.290000915527344,59.75,48.7578010559082,7984900
2020-02-11,KO,KO,59.720001220703125,59.79999923706055,59.31999969482422,59.59000015258789,48.62723922729492,7431200
2020-02-12,KO,KO,59.47999954223633,59.77000045776367,59.31999969482422,59.40999984741211,48.4803466796875,9179100
2020-02-13,KO,KO,59.380001068115234,59.84000015258789,59.209999084472656,59.61000061035156,48.64354705810547,8173200
2020-02-14,KO,KO,59.630001068115234,60.06999969482422,59.619998931884766,59.95000076293945,48.92100524902344,9965500
2020-02-18,KO,KO,59.810001373291016,59.93000030517578,59.45000076293945,59.529998779296875,48.57826232910156,10075700
2020-02-19,KO,KO,59.5099983215332,60.0,59.470001220703125,59.77000045776367,48.774131774902344,6265700
2020-02-20,KO,KO,59.68000030517578,59.86000061035156,59.11000061035156,59.720001220703125,48.73332977294922,7597200
2020-02-21,KO,KO,59.5099983215332,60.130001068115234,59.43000030517578,60.130001068115234,49.067893981933594,10842400
2020-02-24,KO,KO,59.11000061035156,59.79999923706055,58.56999969482422,58.650001525878906,47.86016845703125,14415500
2020-02-25,KO,KO,58.70000076293945,59.20000076293945,57.619998931884766,57.81999969482422,47.182865142822266,15915100
2020-02-26,KO,KO,57.97999954223633,58.470001220703125,57.47999954223633,57.599998474121094,47.00333786010742,15837800
2020-02-27,KO,KO,57.150001525878906,57.88999938964844,54.880001068115234,54.93000030517578,44.82454299926758,23754000
2020-02-28,KO,KO,53.83000183105469,53.88999938964844,51.58000183105469,53.4900016784668,43.64945602416992,40890600
2020-03-02,KO,KO,53.93000030517578,55.959999084472656,53.70000076293945,55.91999816894531,45.63240432739258,25698600
2020-03-03,KO,KO,56.7599983215332,57.4900016784668,55.63999938964844,56.060001373291016,45.746646881103516,27099200
2020-03-04,KO,KO,56.40999984741211,59.0,56.40999984741211,58.91999816894531,48.08049774169922,20526100
2020-03-05,KO,KO,57.79999923706055,58.16999816894531,56.189998626708984,56.7400016784668,46.301551818847656,17948500
2020-03-06,KO,KO,54.939998626708984,55.90999984741211,53.97999954223633,55.2599983215332,45.09383010864258,22353900
2020-03-09,KO,KO,52.04999923706055,53.58000183105469,51.47999954223633,51.86000061035156,42.31932830810547,27898300
2020-03-10,KO,KO,53.220001220703125,53.79999923706055,51.16999816894531,53.65999984741211,43.788177490234375,27457400
2020-03-11,KO,KO,52.349998474121094,52.650001525878906,51.13999938964844,52.209999084472656,42.60492706298828,22653900
2020-03-12,KO,KO,48.540000915527344,49.93000030517578,46.689998626708984,47.15999984741211,38.483985900878906,31913100
2020-03-13,KO,KO,49.5099983215332,49.560001373291016,46.61000061035156,48.470001220703125,39.899864196777344,33697200
2020-03-16,KO,KO,42.2400016784668,47.880001068115234,41.16999816894531,45.2599983215332,37.25743865966797,28682300
2020-03-17,KO,KO,45.880001068115234,47.5,45.369998931884766,47.18000030517578,38.83795166015625,32106700
2020-03-18,KO,KO,44.7400016784668,45.150001525878906,41.59000015258789,44.849998474121094,36.91993713378906,35408300
2020-03-19,KO,KO,44.36000061035156,44.65999984741211,41.040000915527344,41.83000183105469,34.43390655517578,41956900
2020-03-20,KO,KO,41.95000076293945,42.06999969482422,37.5099983215332,38.29999923706055,31.528060913085938,51513500
2020-03-23,KO,KO,38.7599983215332,38.88999938964844,36.27000045776367,37.560001373291016,30.91889762878418,44978500
2020-03-24,KO,KO,41.220001220703125,41.400001525878906,38.83000183105469,39.45000076293945,32.47472381591797,49096200
2020-03-25,KO,KO,40.630001068115234,43.45000076293945,39.90999984741211,41.61000061035156,34.2527961730957,42511700
2020-03-26,KO,KO,42.84000015258789,45.27000045776367,42.45000076293945,44.290000915527344,36.458946228027344,37821700
2020-03-27,KO,KO,43.65999984741211,44.029998779296875,42.400001525878906,42.810001373291016,35.24061965942383,23297900
2020-03-30,KO,KO,43.040000915527344,45.560001373291016,43.040000915527344,45.0,37.04341125488281,23446000
2020-03-31,KO,KO,45.06999969482422,45.5099983215332,44.060001373291016,44.25,36.4260139465332,25373900
2020-04-01,KO,KO,42.47999954223633,43.650001525878906,41.79999923706055,42.119998931884766,34.672637939453125,21936400
2020-04-02,KO,KO,42.220001220703125,44.189998626708984,41.86000061035156,43.95000076293945,36.17905807495117,17621900
2020-04-03,KO,KO,43.58000183105469,44.34000015258789,43.310001373291016,43.83000183105469,36.080284118652344,14207100
2020-04-06,KO,KO,45.38999938964844,47.0099983215332,44.689998626708984,46.66999816894531,38.418121337890625,22850000
2020-04-07,KO,KO,48.5,48.599998474121094,46.47999954223633,46.5099983215332,38.286415100097656,21279600
2020-04-08,KO,KO,46.63999938964844,48.09000015258789,46.33000183105469,47.81999969482422,39.36479568481445,18937100
2020-04-09,KO,KO,48.439998626708984,49.72999954223633,48.349998474121094,49.0,40.33614730834961,19165300
2020-04-13,KO,KO,48.349998474121094,48.63999938964844,46.5,46.93000030517578,38.63214874267578,19586000
2020-04-14,KO,KO,47.939998626708984,49.25,46.93000030517578,48.91999816894531,40.270301818847656,21801900
2020-04-15,KO,KO,47.709999084472656,48.400001525878906,47.40999984741211,47.61000061035156,39.191932678222656,12893200
2020-04-16,KO,KO,47.400001525878906,47.849998474121094,46.7599983215332,47.099998474121094,38.772098541259766,17606800
2020-04-17,KO,KO,48.29999923706055,48.29999923706055,47.369998931884766,48.060001373291016,39.56235885620117,19844600
2020-04-20,KO,KO,47.790000915527344,48.0,46.310001373291016,46.529998779296875,38.30287170410156,18957900
2020-04-21,KO,KO,45.880001068115234,46.900001525878906,44.2599983215332,45.380001068115234,37.35622024536133,26863700
2020-04-22,KO,KO,46.04999923706055,46.150001525878906,45.5,45.68000030517578,37.60317611694336,15811600
2020-04-23,KO,KO,45.95000076293945,46.099998474121094,44.970001220703125,45.06999969482422,37.10102844238281,17668200
2020-04-24,KO,KO,45.5,45.75,45.119998931884766,45.43000030517578,37.397377014160156,15175000
2020-04-27,KO,KO,46.0,46.97999954223633,45.709999084472656,46.779998779296875,38.50867462158203,19175500
2020-04-28,KO,KO,47.900001525878906,48.0,46.56999969482422,46.7400016784668,38.475746154785156,17246700
2020-04-29,KO,KO,47.27000045776367,47.86000061035156,46.880001068115234,47.119998931884766,38.78855895996094,15780000
2020-04-30,KO,KO,47.0,47.0,45.70000076293945,45.88999938964844,37.776039123535156,20801100
2020-05-01,KO,KO,45.619998931884766,46.38999938964844,45.209999084472656,45.599998474121094,37.53731918334961,14290400
2020-05-04,KO,KO,45.31999969482422,45.47999954223633,44.599998474121094,45.13999938964844,37.15864944458008,22544200
2020-05-05,KO,KO,45.36000061035156,46.099998474121094,45.150001525878906,45.400001525878906,37.3726806640625,13370500
2020-05-06,KO,KO,45.400001525878906,45.630001068115234,44.720001220703125,44.75,36.83760452270508,11892900
2020-05-07,KO,KO,45.150001525878906,45.2400016784668,44.5,44.599998474121094,36.7141227722168,16466000
2020-05-08,KO,KO,45.08000183105469,46.220001220703125,44.880001068115234,46.11000061035156,37.95714569091797,13985100
2020-05-11,KO,KO,45.689998626708984,46.11000061035156,45.52000045776367,45.540000915527344,37.48792266845703,10874600
2020-05-12,KO,KO,45.599998474121094,45.849998474121094,44.79999923706055,44.81999969482422,36.89522933959961,13424400
2020-05-13,KO,KO,44.709999084472656,44.779998779296875,43.52000045776367,43.939998626708984,36.17082595825195,15854800
2020-05-14,KO,KO,43.380001068115234,44.060001373291016,43.22999954223633,43.70000076293945,35.973262786865234,18000800
2020-05-15,KO,KO,43.959999084472656,44.689998626708984,43.20000076293945,43.2599983215332,35.61106491088867,31579400
2020-05-18,KO,KO,44.81999969482422,45.38999938964844,44.130001068115234,44.970001220703125,37.018714904785156,26118500
2020-05-19,KO,KO,45.0099983215332,45.33000183105469,44.25,44.540000915527344,36.664737701416016,17839900
2020-05-20,KO,KO,45.20000076293945,46.16999816894531,45.02000045776367,45.88999938964844,37.776039123535156,22295900
2020-05-21,KO,KO,46.08000183105469,46.09000015258789,45.029998779296875,45.16999816894531,37.183349609375,13193500
2020-05-22,KO,KO,45.220001220703125,45.310001373291016,44.650001525878906,45.029998779296875,37.06809616088867,13008400
2020-05-26,KO,KO,46.91999816894531,46.93000030517578,45.93000030517578,46.09000015258789,37.94068145751953,22223100
2020-05-27,KO,KO,47.0,47.09000015258789,46.16999816894531,46.72999954223633,38.46752166748047,18447600
2020-05-28,KO,KO,47.29999923706055,47.459999084472656,46.81999969482422,47.09000015258789,38.76386260986328,16230600
2020-05-29,KO,KO,46.68000030517578,47.189998626708984,46.13999938964844,46.68000030517578,38.42636489868164,51125000
2020-06-01,KO,KO,46.65999984741211,47.22999954223633,46.59000015258789,46.9900016784668,38.68154525756836,17010700
2020-06-02,KO,KO,47.15999984741211,47.279998779296875,46.560001373291016,46.900001525878906,38.607460021972656,15255100
2020-06-03,KO,KO,47.27000045776367,48.119998931884766,47.119998931884766,47.900001525878906,39.43065643310547,15508300
2020-06-04,KO,KO,47.939998626708984,48.27000045776367,47.380001068115234,47.91999816894531,39.44711685180664,13604700
2020-06-05,KO,KO,48.540000915527344,49.4900016784668,48.459999084472656,49.09000015258789,40.410240173339844,20504800
2020-06-08,KO,KO,49.540000915527344,49.970001220703125,49.470001220703125,49.849998474121094,41.035858154296875,19896700
2020-06-09,KO,KO,49.59000015258789,49.59000015258789,48.68000030517578,49.0,40.33614730834961,16713700
2020-06-10,KO,KO,49.15999984741211,49.27000045776367,48.56999969482422,48.619998931884766,40.023345947265625,15716600
2020-06-11,KO,KO,47.810001373291016,47.91999816894531,45.459999084472656,45.540000915527344,37.48792266845703,26070400
2020-06-12,KO,KO,46.209999084472656,46.25,45.0099983215332,45.599998474121094,37.87834167480469,21822700
2020-06-15,KO,KO,44.56999969482422,46.45000076293945,44.470001220703125,46.29999923706055,38.45980453491211,15622300
2020-06-16,KO,KO,47.560001373291016,47.689998626708984,46.189998626708984,46.77000045776367,38.8502197265625,18803500
2020-06-17,KO,KO,46.779998779296875,47.060001373291016,46.439998626708984,46.58000183105469,38.692386627197266,12602800
2020-06-18,KO,KO,46.29999923706055,47.040000915527344,46.06999969482422,46.9900016784668,39.03296661376953,9380800
2020-06-19,KO,KO,47.77000045776367,47.790000915527344,46.02000045776367,46.02000045776367,38.22722244262695,30464600
2020-06-22,KO,KO,46.029998779296875,46.150001525878906,45.380001068115234,45.7400016784668,37.99463653564453,20876200
2020-06-23,KO,KO,46.0,46.290000915527344,45.58000183105469,45.63999938964844,37.911556243896484,14675300
2020-06-24,KO,KO,45.369998931884766,45.439998626708984,44.5,44.650001525878906,37.08920669555664,17631800
2020-06-25,KO,KO,44.470001220703125,44.97999954223633,44.029998779296875,44.93000030517578,37.3217887878418,13829700
2020-06-26,KO,KO,44.91999816894531,45.0099983215332,43.5099983215332,43.56999969482422,36.19208526611328,21955100
2020-06-29,KO,KO,44.0,44.56999969482422,43.54999923706055,44.36000061035156,36.84832000732422,17603900
2020-06-30,KO,KO,44.25,44.83000183105469,44.040000915527344,44.68000030517578,37.1141242980957,23679800
2020-07-01,KO,KO,44.93000030517578,45.529998779296875,44.709999084472656,44.81999969482422,37.23041915893555,14316500
2020-07-02,KO,KO,45.290000915527344,45.43000030517578,44.79999923706055,44.880001068115234,37.28025817871094,15111900
2020-07-06,KO,KO,45.13999938964844,45.27000045776367,44.61000061035156,45.22999954223633,37.57099914550781,15146000
2020-07-07,KO,KO,45.0,45.5,44.79999923706055,45.209999084472656,37.554378509521484,13043600
2020-07-08,KO,KO,45.13999938964844,45.18000030517578,44.470001220703125,45.06999969482422,37.438087463378906,13851200
2020-07-09,KO,KO,45.04999923706055,45.04999923706055,43.83000183105469,43.90999984741211,36.47452163696289,16087100
2020-07-10,KO,KO,43.880001068115234,45.25,43.86000061035156,45.150001525878906,37.504547119140625,15627800
2020-07-13,KO,KO,45.529998779296875,45.68000030517578,44.959999084472656,45.25,37.587608337402344,16705300
2020-07-14,KO,KO,44.90999984741211,45.939998626708984,44.66999816894531,45.869998931884766,38.10261917114258,17080100
2020-07-15,KO,KO,46.29999923706055,47.189998626708984,46.20000076293945,46.400001525878906,38.54286575317383,23738000
2020-07-16,KO,KO,46.2599983215332,46.689998626708984,45.939998626708984,46.150001525878906,38.335201263427734,13306100
2020-07-17,KO,KO,46.470001220703125,46.90999984741211,46.130001068115234,46.81999969482422,38.89175033569336,13899800
2020-07-20,KO,KO,46.720001220703125,46.83000183105469,45.849998474121094,46.119998931884766,38.3102912902832,16633200
2020-07-21,KO,KO,47.52000045776367,47.9900016784668,46.93000030517578,47.20000076293945,39.2074089050293,25681500
2020-07-22,KO,KO,47.93000030517578,48.52000045776367,47.029998779296875,48.47999954223633,40.27065658569336,29831200
2020-07-23,KO,KO,48.470001220703125,48.56999969482422,48.029998779296875,48.279998779296875,40.10451889038086,15935000
2020-07-24,KO,KO,48.400001525878906,48.79999923706055,48.06999969482422,48.4900016784668,40.278968811035156,16196800
2020-07-27,KO,KO,48.18000030517578,48.5099983215332,48.18000030517578,48.47999954223633,40.27065658569336,17346500
2020-07-28,KO,KO,48.34000015258789,49.279998779296875,48.099998474121094,48.18000030517578,40.02145004272461,13872700
2020-07-29,KO,KO,48.13999938964844,48.5,47.81999969482422,48.02000045776367,39.888553619384766,13758100
2020-07-30,KO,KO,47.66999816894531,48.22999954223633,47.20000076293945,47.689998626708984,39.61442184448242,17276500
2020-07-31,KO,KO,47.439998626708984,47.77000045776367,46.72999954223633,47.2400016784668,39.240638732910156,14849200
2020-08-03,KO,KO,47.13999938964844,47.36000061035156,46.22999954223633,46.29999923706055,38.45980453491211,14137500
2020-08-04,KO,KO,46.290000915527344,46.86000061035156,46.220001220703125,46.689998626708984,38.78376007080078,11717200
2020-08-05,KO,KO,46.900001525878906,47.27000045776367,46.810001373291016,47.220001220703125,39.22402572631836,10498700
2020-08-06,KO,KO,46.65999984741211,47.529998779296875,46.599998474121094,47.47999954223633,39.43999099731445,10745000
2020-08-07,KO,KO,47.470001220703125,48.08000183105469,47.209999084472656,47.79999923706055,39.70579528808594,11669700
2020-08-10,KO,KO,48.060001373291016,48.279998779296875,47.65999984741211,47.720001220703125,39.63935089111328,11888000
2020-08-11,KO,KO,48.459999084472656,48.650001525878906,47.70000076293945,47.93000030517578,39.81378936767578,16531600
2020-08-12,KO,KO,48.29999923706055,48.689998626708984,48.119998931884766,48.43000030517578,40.22913360595703,9562200
2020-08-13,KO,KO,48.2599983215332,48.72999954223633,48.060001373291016,48.380001068115234,40.18758773803711,9882900
2020-08-14,KO,KO,48.34000015258789,48.689998626708984,48.029998779296875,48.45000076293945,40.245731353759766,10075800
2020-08-17,KO,KO,48.31999969482422,48.75,48.20000076293945,48.209999084472656,40.0463752746582,9102400
2020-08-18,KO,KO,48.20000076293945,48.5,47.959999084472656,48.41999816894531,40.220821380615234,9829000
2020-08-19,KO,KO,48.119998931884766,48.380001068115234,47.220001220703125,47.369998931884766,39.3486213684082,17371000
2020-08-20,KO,KO,47.27000045776367,47.599998474121094,47.09000015258789,47.349998474121094,39.332008361816406,11308700
2020-08-21,KO,KO,47.34000015258789,47.5,46.970001220703125,47.279998779296875,39.27384948730469,14734100
2020-08-24,KO,KO,47.43000030517578,47.97999954223633,47.18000030517578,47.970001220703125,39.847023010253906,9257700
2020-08-25,KO,KO,48.0,48.04999923706055,47.650001525878906,47.90999984741211,39.79717254638672,7827800
2020-08-26,KO,KO,47.7599983215332,48.18000030517578,47.470001220703125,48.15999984741211,40.00484085083008,10124200
2020-08-27,KO,KO,48.25,48.81999969482422,48.20000076293945,48.22999954223633,40.0629768371582,10931600
2020-08-28,KO,KO,48.75,49.849998474121094,48.529998779296875,49.83000183105469,41.392051696777344,16420300
2020-08-31,KO,KO,49.79999923706055,50.06999969482422,49.349998474121094,49.529998779296875,41.14285659790039,18510800
2020-09-01,KO,KO,49.310001373291016,49.349998474121094,48.83000183105469,49.119998931884766,40.80228042602539,12588400
2020-09-02,KO,KO,49.36000061035156,51.36000061035156,49.36000061035156,51.189998626708984,42.521759033203125,26332600
2020-09-03,KO,KO,51.400001525878906,52.13999938964844,50.099998474121094,50.47999954223633,41.931983947753906,22289400
2020-09-04,KO,KO,50.939998626708984,51.470001220703125,50.279998779296875,51.040000915527344,42.397159576416016,21019500
2020-09-08,KO,KO,50.93000030517578,51.040000915527344,49.36000061035156,49.810001373291016,41.37544250488281,17776700
2020-09-09,KO,KO,49.599998474121094,50.7599983215332,49.54999923706055,50.189998626708984,41.691097259521484,15252300
2020-09-10,KO,KO,50.349998474121094,50.68000030517578,49.95000076293945,50.0,41.533267974853516,15439500
2020-09-11,KO,KO,50.400001525878906,51.20000076293945,50.099998474121094,51.060001373291016,42.41377639770508,18272300
2020-09-14,KO,KO,50.970001220703125,51.22999954223633,50.56999969482422,50.709999084472656,42.464019775390625,10911700
2020-09-15,KO,KO,51.0,51.380001068115234,50.84000015258789,51.04999923706055,42.74873352050781,12838400
2020-09-16,KO,KO,50.95000076293945,51.45000076293945,50.7400016784668,50.790000915527344,42.53101348876953,15353900
2020-09-17,KO,KO,50.220001220703125,50.630001068115234,49.939998626708984,50.54999923706055,42.33003616333008,13287100
2020-09-18,KO,KO,50.75,51.15999984741211,50.209999084472656,50.45000076293945,42.24629592895508,23816600
2020-09-21,KO,KO,49.75,50.02000045776367,48.61000061035156,49.09000015258789,41.10744857788086,17514800
2020-09-22,KO,KO,49.11000061035156,50.040000915527344,49.06999969482422,49.65999984741211,41.58475875854492,13034600
2020-09-23,KO,KO,49.72999954223633,49.91999816894531,48.16999816894531,48.209999084472656,40.370540618896484,17121200
2020-09-24,KO,KO,48.209999084472656,49.099998474121094,47.560001373291016,48.70000076293945,40.78086853027344,16788100
2020-09-25,KO,KO,48.20000076293945,48.7599983215332,47.97999954223633,48.720001220703125,40.797607421875,12603400
2020-09-28,KO,KO,49.310001373291016,49.709999084472656,49.13999938964844,49.279998779296875,41.266544342041016,11215700
2020-09-29,KO,KO,49.38999938964844,49.560001373291016,48.90999984741211,48.91999816894531,40.965087890625,12426600
2020-09-30,KO,KO,49.27000045776367,49.619998931884766,48.88999938964844,49.369998931884766,41.3419075012207,15755900
2020-10-01,KO,KO,49.439998626708984,49.65999984741211,48.59000015258789,49.18000030517578,41.18280792236328,17577300
2020-10-02,KO,KO,48.7599983215332,49.58000183105469,48.54999923706055,49.36000061035156,41.333534240722656,13610100
2020-10-05,KO,KO,49.43000030517578,49.54999923706055,49.119998931884766,49.380001068115234,41.35029220581055,10628700
2020-10-06,KO,KO,49.54999923706055,49.72999954223633,48.83000183105469,48.939998626708984,40.981842041015625,10077400
2020-10-07,KO,KO,49.02000045776367,49.7599983215332,48.95000076293945,49.560001373291016,41.50101852416992,10135600
2020-10-08,KO,KO,49.709999084472656,50.540000915527344,49.540000915527344,50.459999084472656,42.254661560058594,12143900
2020-10-09,KO,KO,50.66999816894531,51.22999954223633,50.599998474121094,50.810001373291016,42.547752380371094,11407800
2020-10-12,KO,KO,50.84000015258789,51.529998779296875,50.83000183105469,51.09000015258789,42.78221893310547,11386500
2020-10-13,KO,KO,50.9900016784668,50.9900016784668,49.900001525878906,50.220001220703125,42.0536994934082,14365300
2020-10-14,KO,KO,50.04999923706055,50.4900016784668,49.650001525878906,50.119998931884766,41.96996307373047,10582100
2020-10-15,KO,KO,49.400001525878906,50.130001068115234,49.29999923706055,49.9900016784668,41.86111068725586,9961700
2020-10-16,KO,KO,49.9900016784668,50.349998474121094,49.869998931884766,50.029998779296875,41.894588470458984,13569800
2020-10-19,KO,KO,50.029998779296875,50.47999954223633,49.459999084472656,49.619998931884766,41.55125427246094,9930400
2020-10-20,KO,KO,49.88999938964844,50.619998931884766,49.790000915527344,50.25,42.078826904296875,10970700
2020-10-21,KO,KO,49.959999084472656,50.43000030517578,49.77000045776367,49.9900016784668,41.86111068725586,12517400
2020-10-22,KO,KO,51.16999816894531,51.20000076293945,50.380001068115234,50.68000030517578,42.438899993896484,20189200
2020-10-23,KO,KO,51.0,51.18000030517578,50.470001220703125,50.52000045776367,42.304908752441406,13491300
2020-10-26,KO,KO,50.34000015258789,50.5099983215332,49.20000076293945,49.79999923706055,41.701988220214844,14696400
2020-10-27,KO,KO,49.810001373291016,50.290000915527344,49.54999923706055,49.900001525878906,41.78573226928711,13892100
2020-10-28,KO,KO,49.0,49.150001525878906,47.779998779296875,47.959999084472656,40.16119384765625,19886200
2020-10-29,KO,KO,47.72999954223633,48.47999954223633,47.29999923706055,48.02000045776367,40.2114372253418,15369900
2020-10-30,KO,KO,47.810001373291016,48.119998931884766,47.369998931884766,48.060001373291016,40.24494171142578,15804000
2020-11-02,KO,KO,48.75,48.95000076293945,48.2400016784668,48.619998931884766,40.7138786315918,15156100
2020-11-03,KO,KO,49.220001220703125,49.959999084472656,49.0,49.349998474121094,41.32516860961914,15285100
2020-11-04,KO,KO,49.43000030517578,50.209999084472656,49.08000183105469,49.16999816894531,41.1744384765625,12930800
2020-11-05,KO,KO,49.7599983215332,50.209999084472656,49.34000015258789,49.439998626708984,41.400535583496094,12452400
2020-11-06,KO,KO,49.650001525878906,49.9900016784668,49.25,49.45000076293945,41.408912658691406,9294900
2020-11-09,KO,KO,52.5,53.2599983215332,52.06999969482422,52.56999969482422,44.02155303955078,33442000
2020-11-10,KO,KO,52.56999969482422,54.279998779296875,52.45000076293945,53.97999954223633,45.20227813720703,29706700
2020-11-11,KO,KO,53.93000030517578,54.29999923706055,53.33000183105469,53.58000183105469,44.8673210144043,17399900
2020-11-12,KO,KO,53.04999923706055,53.209999084472656,52.61000061035156,53.0099983215332,44.39000701904297,15024400
2020-11-13,KO,KO,53.25,53.5,52.88999938964844,53.45000076293945,44.758460998535156,12447900
2020-11-16,KO,KO,54.5,54.619998931884766,53.279998779296875,53.849998474121094,45.09342575073242,14908200
2020-11-17,KO,KO,53.65999984741211,53.75,53.029998779296875,53.68000030517578,44.951053619384766,14248400
2020-11-18,KO,KO,53.75,54.02000045776367,52.560001373291016,52.61000061035156,44.05506134033203,15278200
2020-11-19,KO,KO,52.4900016784668,53.22999954223633,51.95000076293945,53.130001068115234,44.49050521850586,17189500
2020-11-20,KO,KO,53.189998626708984,53.25,52.59000015258789,52.66999816894531,44.10529708862305,15645600
2020-11-23,KO,KO,52.95000076293945,53.16999816894531,52.20000076293945,52.68000030517578,44.11367416381836,13191900
2020-11-24,KO,KO,53.13999938964844,53.59000015258789,53.02000045776367,53.220001220703125,44.56586837768555,13827600
2020-11-25,KO,KO,53.06999969482422,53.279998779296875,52.790000915527344,52.93000030517578,44.323020935058594,10194800
2020-11-27,KO,KO,53.11000061035156,53.189998626708984,52.61000061035156,52.70000076293945,44.13041687011719,8499300
2020-11-30,KO,KO,52.09000015258789,52.189998626708984,51.08000183105469,51.599998474121094,43.54808807373047,43203600
2020-12-01,KO,KO,52.13999938964844,52.33000183105469,51.790000915527344,52.040000915527344,43.919437408447266,18968800
2020-12-02,KO,KO,51.900001525878906,52.130001068115234,51.63999938964844,52.11000061035156,43.978511810302734,14913100
2020-12-03,KO,KO,51.900001525878906,52.939998626708984,51.900001525878906,52.779998779296875,44.5439567565918,17318900
2020-12-04,KO,KO,52.779998779296875,53.869998931884766,52.7599983215332,53.849998474121094,45.44700241088867,18122400
2020-12-07,KO,KO,53.7599983215332,53.779998779296875,52.70000076293945,52.9900016784668,44.72119903564453,16210900
2020-12-08,KO,KO,52.939998626708984,53.47999954223633,52.790000915527344,53.18000030517578,44.88154220581055,12485800
2020-12-09,KO,KO,53.369998931884766,53.599998474121094,53.0,53.33000183105469,45.00813293457031,11508400
2020-12-10,KO,KO,53.400001525878906,53.5099983215332,52.97999954223633,53.04999923706055,44.77182388305664,12097300
2020-12-11,KO,KO,52.79999923706055,53.540000915527344,52.779998779296875,53.349998474121094,45.025020599365234,10638100
2020-12-14,KO,KO,53.650001525878906,53.84000015258789,53.18000030517578,53.27000045776367,44.957496643066406,22292000
2020-12-15,KO,KO,53.790000915527344,54.220001220703125,53.599998474121094,53.84000015258789,45.43855285644531,16193700
2020-12-16,KO,KO,53.599998474121094,53.79999923706055,52.939998626708984,53.060001373291016,44.7802619934082,15679600
2020-12-17,KO,KO,53.29999923706055,53.709999084472656,53.150001525878906,53.27000045776367,44.957496643066406,12677300
2020-12-18,KO,KO,53.08000183105469,53.84000015258789,52.619998931884766,53.7400016784668,45.35416030883789,35480100
2020-12-21,KO,KO,52.68000030517578,53.0,51.97999954223633,52.810001373291016,44.56928634643555,14926600
2020-12-22,KO,KO,52.810001373291016,53.18000030517578,52.38999938964844,52.7599983215332,44.52708435058594,9689500
2020-12-23,KO,KO,52.95000076293945,53.38999938964844,52.939998626708984,53.08000183105469,44.79715347290039,7040300
2020-12-24,KO,KO,53.02000045776367,53.54999923706055,53.02000045776367,53.439998626708984,45.10097122192383,3265500
2020-12-28,KO,KO,53.849998474121094,54.439998626708984,53.72999954223633,54.15999984741211,45.7086067199707,9020500
2020-12-29,KO,KO,54.45000076293945,54.4900016784668,54.02000045776367,54.130001068115234,45.68330001831055,8320600
2020-12-30,KO,KO,54.04999923706055,54.630001068115234,54.029998779296875,54.439998626708984,45.944915771484375,8142700
2020-12-31,KO,KO,54.45000076293945,54.93000030517578,54.27000045776367,54.84000015258789,46.28251266479492,8495000
2021-01-04,KO,KO,54.27000045776367,54.630001068115234,52.029998779296875,52.7599983215332,44.52708435058594,25611100
2021-01-05,KO,KO,52.33000183105469,52.619998931884766,52.029998779296875,52.18000030517578,44.037593841552734,20323800
2021-01-06,KO,KO,51.970001220703125,52.02000045776367,50.189998626708984,50.52000045776367,42.63661193847656,38724500
2021-01-07,KO,KO,50.09000015258789,50.2599983215332,49.52000045776367,49.959999084472656,42.16401672363281,53225700
2021-01-08,KO,KO,50.029998779296875,51.130001068115234,49.84000015258789,51.08000183105469,43.10923767089844,29674000
2021-01-11,KO,KO,50.619998931884766,50.86000061035156,49.95000076293945,50.20000076293945,42.36655044555664,19304400
2021-01-12,KO,KO,50.040000915527344,50.369998931884766,49.7599983215332,50.11000061035156,42.29059982299805,18538700
2021-01-13,KO,KO,49.97999954223633,50.36000061035156,49.95000076293945,50.15999984741211,42.332794189453125,18864100
2021-01-14,KO,KO,50.15999984741211,50.18000030517578,49.220001220703125,49.22999954223633,41.54791259765625,34303600
2021-01-15,KO,KO,49.15999984741211,49.18000030517578,48.529998779296875,48.70000076293945,41.100616455078125,24366800
2021-01-19,KO,KO,48.7400016784668,49.040000915527344,48.2400016784668,48.5099983215332,40.94026565551758,29114500
2021-01-20,KO,KO,48.540000915527344,48.81999969482422,48.310001373291016,48.68000030517578,41.083744049072266,23115800
2021-01-21,KO,KO,48.779998779296875,49.09000015258789,48.459999084472656,48.95000076293945,41.31160354614258,19702500
2021-01-22,KO,KO,48.810001373291016,48.939998626708984,48.4900016784668,48.4900016784668,40.92340087890625,15400300
2021-01-25,KO,KO,48.41999816894531,48.84000015258789,48.2400016784668,48.779998779296875,41.16814041137695,16604200
2021-01-26,KO,KO,48.90999984741211,49.400001525878906,48.61000061035156,49.290000915527344,41.598548889160156,12922600
2021-01-27,KO,KO,48.88999938964844,49.31999969482422,48.22999954223633,48.529998779296875,40.95716094970703,21242400
2021-01-28,KO,KO,48.689998626708984,49.5,48.61000061035156,49.150001525878906,41.48039245605469,17498900
2021-01-29,KO,KO,49.029998779296875,49.119998931884766,48.11000061035156,48.150001525878906,40.63644790649414,18670300
2021-02-01,KO,KO,48.27000045776367,48.689998626708984,48.18000030517578,48.47999954223633,40.914939880371094,12183600
2021-02-02,KO,KO,48.79999923706055,49.349998474121094,48.630001068115234,48.959999084472656,41.32005310058594,13319800
2021-02-03,KO,KO,48.95000076293945,49.09000015258789,48.66999816894531,48.77000045776367,41.159698486328125,12274100
2021-02-04,KO,KO,48.959999084472656,49.06999969482422,48.650001525878906,49.0099983215332,41.362247467041016,20597400
2021-02-05,KO,KO,49.5,49.779998779296875,49.27000045776367,49.650001525878906,41.902374267578125,12742000
2021-02-08,KO,KO,49.959999084472656,50.16999816894531,49.4900016784668,49.91999816894531,42.1302490234375,17833200
2021-02-09,KO,KO,49.849998474121094,50.02000045776367,49.630001068115234,49.70000076293945,41.94457244873047,14592900
2021-02-10,KO,KO,50.40999984741211,50.58000183105469,49.529998779296875,49.599998474121094,41.86018371582031,22965400
2021-02-11,KO,KO,49.810001373291016,50.59000015258789,49.79999923706055,50.29999923706055,42.450958251953125,21928600
2021-02-12,KO,KO,50.56999969482422,50.849998474121094,50.38999938964844,50.689998626708984,42.780094146728516,13137100
2021-02-16,KO,KO,50.619998931884766,50.720001220703125,50.15999984741211,50.27000045776367,42.42563247680664,15093400
2021-02-17,KO,KO,50.0,50.4900016784668,49.88999938964844,50.130001068115234,42.30746841430664,12794300
2021-02-18,KO,KO,50.15999984741211,50.849998474121094,50.029998779296875,50.77000045776367,42.84760665893555,12747100
2021-02-19,KO,KO,50.790000915527344,50.83000183105469,49.970001220703125,50.11000061035156,42.29059982299805,15968800
2021-02-22,KO,KO,49.849998474121094,50.880001068115234,49.66999816894531,50.630001068115234,42.729454040527344,14370900
2021-02-23,KO,KO,51.0,51.5099983215332,50.41999816894531,50.540000915527344,42.65350341796875,16222300
2021-02-24,KO,KO,50.38999938964844,50.900001525878906,50.130001068115234,50.709999084472656,42.796966552734375,14442000
2021-02-25,KO,KO,50.470001220703125,50.75,49.97999954223633,50.16999816894531,42.34122848510742,14211100
2021-02-26,KO,KO,50.20000076293945,50.209999084472656,48.970001220703125,48.9900016784668,41.345375061035156,23638400
2021-03-01,KO,KO,49.439998626708984,50.439998626708984,49.400001525878906,49.900001525878906,42.11336135864258,13901200
2021-03-02,KO,KO,49.84000015258789,50.560001373291016,49.70000076293945,50.099998474121094,42.28215026855469,11755100
2021-03-03,KO,KO,49.720001220703125,50.560001373291016,49.709999084472656,49.97999954223633,42.18088912963867,15410700
2021-03-04,KO,KO,50.310001373291016,51.09000015258789,49.619998931884766,49.939998626708984,42.147117614746094,22036400
2021-03-05,KO,KO,50.04999923706055,50.95000076293945,49.900001525878906,50.790000915527344,42.86448669433594,21310800
2021-03-08,KO,KO,51.470001220703125,52.4900016784668,51.15999984741211,51.63999938964844,43.581844329833984,25084900
2021-03-09,KO,KO,51.720001220703125,51.880001068115234,50.81999969482422,50.86000061035156,42.923561096191406,23082700
2021-03-10,KO,KO,51.18000030517578,51.630001068115234,50.720001220703125,51.439998626708984,43.41306686401367,21331600
2021-03-11,KO,KO,51.40999984741211,51.43000030517578,50.810001373291016,50.880001068115234,42.94044494628906,17417700
2021-03-12,KO,KO,50.59000015258789,50.68000030517578,50.20000076293945,50.36000061035156,42.855342864990234,17598600
2021-03-15,KO,KO,50.5,51.119998931884766,50.470001220703125,51.029998779296875,43.425506591796875,13411900
2021-03-16,KO,KO,51.20000076293945,51.52000045776367,51.040000915527344,51.220001220703125,43.58718490600586,14214200
2021-03-17,KO,KO,51.25,51.619998931884766,51.150001525878906,51.2400016784668,43.60420227050781,17502700
2021-03-18,KO,KO,51.060001373291016,51.189998626708984,50.4900016784668,50.56999969482422,43.034053802490234,18007300
2021-03-19,KO,KO,50.459999084472656,51.08000183105469,50.16999816894531,50.810001373291016,43.23829650878906,67845700
2021-03-22,KO,KO,50.31999969482422,51.08000183105469,50.31999969482422,51.0,43.399967193603516,17911400
2021-03-23,KO,KO,50.9900016784668,51.650001525878906,50.83000183105469,51.38999938964844,43.731849670410156,16936700
2021-03-24,KO,KO,51.16999816894531,51.88999938964844,51.150001525878906,51.52000045776367,43.84247970581055,14997400
2021-03-25,KO,KO,51.70000076293945,52.060001373291016,51.16999816894531,52.02000045776367,44.267974853515625,17091900
2021-03-26,KO,KO,52.13999938964844,53.11000061035156,51.7599983215332,53.040000915527344,45.13597869873047,17126700
2021-03-29,KO,KO,52.72999954223633,53.939998626708984,52.709999084472656,53.849998474121094,45.82526779174805,17514100
2021-03-30,KO,KO,53.75,53.790000915527344,52.93000030517578,53.150001525878906,45.229583740234375,14871800
2021-03-31,KO,KO,53.029998779296875,53.16999816894531,52.5,52.709999084472656,44.85515213012695,15826500
2021-04-01,KO,KO,52.959999084472656,53.150001525878906,52.459999084472656,52.5099983215332,44.68495178222656,15834700
2021-04-05,KO,KO,52.349998474121094,53.220001220703125,52.290000915527344,52.810001373291016,44.94024658203125,16368700
2021-04-06,KO,KO,53.040000915527344,53.650001525878906,52.900001525878906,53.189998626708984,45.26361846923828,15614300
2021-04-07,KO,KO,53.279998779296875,53.5,53.119998931884766,53.279998779296875,45.3401985168457,10062700
2021-04-08,KO,KO,53.16999816894531,53.380001068115234,52.970001220703125,53.119998931884766,45.20405197143555,9695600
2021-04-09,KO,KO,53.16999816894531,53.279998779296875,52.810001373291016,53.18000030517578,45.255104064941406,10828200
2021-04-12,KO,KO,53.33000183105469,53.54999923706055,53.099998474121094,53.349998474121094,45.399776458740234,8565300
2021-04-13,KO,KO,53.040000915527344,53.290000915527344,52.810001373291016,53.09000015258789,45.17850875854492,11071700
2021-04-14,KO,KO,52.97999954223633,53.189998626708984,52.650001525878906,53.08000183105469,45.17001724243164,9787600
2021-04-15,KO,KO,53.130001068115234,53.65999984741211,53.119998931884766,53.33000183105469,45.38275909423828,13078100
2021-04-16,KO,KO,53.7400016784668,53.79999923706055,53.380001068115234,53.68000030517578,45.680606842041016,17974100
2021-04-19,KO,KO,54.0,54.36000061035156,53.29999923706055,54.0,45.95291519165039,19352900
2021-04-20,KO,KO,53.84000015258789,54.59000015258789,53.810001373291016,54.16999816894531,46.09758377075195,14419200
2021-04-21,KO,KO,54.2400016784668,54.7400016784668,54.2400016784668,54.61000061035156,46.472007751464844,13866500
2021-04-22,KO,KO,54.470001220703125,54.869998931884766,54.31999969482422,54.439998626708984,46.32733917236328,12558900
2021-04-23,KO,KO,54.400001525878906,54.59000015258789,54.16999816894531,54.470001220703125,46.35287857055664,9020500
2021-04-26,KO,KO,54.470001220703125,54.5099983215332,53.58000183105469,53.65999984741211,45.66358184814453,11684600
2021-04-27,KO,KO,53.560001373291016,53.70000076293945,53.31999969482422,53.58000183105469,45.59550476074219,9852400
2021-04-28,KO,KO,53.97999954223633,54.04999923706055,53.439998626708984,53.59000015258789,45.60401153564453,10868100
2021-04-29,KO,KO,53.540000915527344,54.36000061035156,53.43000030517578,54.2599983215332,46.174163818359375,15391000
2021-04-30,KO,KO,54.25,54.27000045776367,53.689998626708984,53.97999954223633,45.93588638305664,14912600
2021-05-03,KO,KO,54.27000045776367,54.79999923706055,54.15999984741211,54.47999954223633,46.36137771606445,10417900
2021-05-04,KO,KO,54.56999969482422,54.619998931884766,53.939998626708984,54.13999938964844,46.072044372558594,14151000
2021-05-05,KO,KO,54.13999938964844,54.2400016784668,53.709999084472656,54.0,45.95291519165039,9665900
2021-05-06,KO,KO,54.119998931884766,54.61000061035156,54.04999923706055,54.540000915527344,46.412445068359375,11572700
2021-05-07,KO,KO,54.439998626708984,54.77000045776367,54.15999984741211,54.5099983215332,46.38691711425781,10637500
2021-05-10,KO,KO,54.880001068115234,55.5,54.83000183105469,54.90999984741211,46.72730255126953,15545800
2021-05-11,KO,KO,55.029998779296875,55.13999938964844,54.04999923706055,54.31999969482422,46.22522735595703,12986700
2021-05-12,KO,KO,54.36000061035156,54.560001373291016,53.880001068115234,54.040000915527344,45.98695755004883,15836500
2021-05-13,KO,KO,53.970001220703125,54.779998779296875,53.83000183105469,54.5099983215332,46.38691711425781,15475800
2021-05-14,KO,KO,54.900001525878906,55.099998474121094,54.689998626708984,54.72999954223633,46.574127197265625,11725300
2021-05-17,KO,KO,54.84000015258789,55.02000045776367,54.5,54.63999938964844,46.49754333496094,12119800
2021-05-18,KO,KO,54.38999938964844,54.560001373291016,54.099998474121094,54.34000015258789,46.24224090576172,13232500
2021-05-19,KO,KO,54.119998931884766,54.18000030517578,53.61000061035156,54.16999816894531,46.09758377075195,15126100
2021-05-20,KO,KO,54.119998931884766,54.79999923706055,54.119998931884766,54.650001525878906,46.50605010986328,10948400
2021-05-21,KO,KO,54.79999923706055,55.119998931884766,54.220001220703125,54.619998931884766,46.48051834106445,16033200
2021-05-24,KO,KO,54.630001068115234,54.93000030517578,54.4900016784668,54.79999923706055,46.63369369506836,10326100
2021-05-25,KO,KO,54.81999969482422,54.81999969482422,54.349998474121094,54.790000915527344,46.62518310546875,11916500
2021-05-26,KO,KO,54.97999954223633,55.04999923706055,54.59000015258789,55.029998779296875,46.82942199707031,16064300
2021-05-27,KO,KO,55.209999084472656,55.56999969482422,54.779998779296875,55.4900016784668,47.22087478637695,59109600
2021-05-28,KO,KO,55.349998474121094,55.709999084472656,55.20000076293945,55.290000915527344,47.050682067871094,17011600
2021-06-01,KO,KO,55.34000015258789,55.650001525878906,55.099998474121094,55.279998779296875,47.042171478271484,13304000
2021-06-02,KO,KO,55.5,55.560001373291016,55.2599983215332,55.5,47.22938537597656,11328500
2021-06-03,KO,KO,55.18000030517578,55.7400016784668,55.099998474121094,55.63999938964844,47.34851837158203,17364300
2021-06-04,KO,KO,55.900001525878906,56.47999954223633,55.779998779296875,56.2400016784668,47.859107971191406,18935100
2021-06-07,KO,KO,56.310001373291016,56.34000015258789,55.810001373291016,56.040000915527344,47.68891906738281,14010800
2021-06-08,KO,KO,56.25,56.25,55.54999923706055,55.650001525878906,47.357032775878906,10968300
2021-06-09,KO,KO,55.75,55.91999816894531,55.47999954223633,55.47999954223633,47.21236038208008,9838800
2021-06-10,KO,KO,55.90999984741211,56.119998931884766,55.7599983215332,55.90999984741211,47.578277587890625,12444400
2021-06-11,KO,KO,55.9900016784668,56.209999084472656,55.65999984741211,56.15999984741211,47.7910270690918,11825800
2021-06-14,KO,KO,55.689998626708984,55.709999084472656,55.20000076293945,55.54999923706055,47.628135681152344,9710800
2021-06-15,KO,KO,55.779998779296875,55.790000915527344,55.189998626708984,55.40999984741211,47.508094787597656,11154200
2021-06-16,KO,KO,55.439998626708984,55.459999084472656,54.63999938964844,54.66999816894531,46.873619079589844,15211700
2021-06-17,KO,KO,54.66999816894531,55.150001525878906,54.650001525878906,54.95000076293945,47.11368942260742,10658400
2021-06-18,KO,KO,54.5099983215332,54.619998931884766,53.720001220703125,53.77000045776367,46.10197067260742,31445600
2021-06-21,KO,KO,54.220001220703125,54.43000030517578,54.0,54.36000061035156,46.60783004760742,14404300
2021-06-22,KO,KO,54.34000015258789,54.849998474121094,54.2599983215332,54.560001373291016,46.77930450439453,13072800
2021-06-23,KO,KO,54.560001373291016,54.599998474121094,54.11000061035156,54.119998931884766,46.40205001831055,12339200
2021-06-24,KO,KO,54.2599983215332,54.41999816894531,54.0,54.38999938964844,46.63355255126953,11488400
2021-06-25,KO,KO,54.2400016784668,54.470001220703125,54.0099983215332,54.31999969482422,46.57353973388672,18880300
2021-06-28,KO,KO,54.25,54.369998931884766,54.0,54.2599983215332,46.52208709716797,10556900
2021-06-29,KO,KO,54.130001068115234,54.34000015258789,53.720001220703125,53.86000061035156,46.17913055419922,12300900
2021-06-30,KO,KO,53.79999923706055,54.18000030517578,53.75,54.11000061035156,46.39348220825195,14614200
2021-07-01,KO,KO,54.34000015258789,54.47999954223633,53.86000061035156,53.959999084472656,46.26487350463867,13214700
2021-07-02,KO,KO,54.0,54.45000076293945,54.0,54.18000030517578,46.45349884033203,10604600
2021-07-06,KO,KO,53.9900016784668,54.09000015258789,53.54999923706055,53.880001068115234,46.19628143310547,15278200
2021-07-07,KO,KO,53.720001220703125,54.380001068115234,53.720001220703125,54.31999969482422,46.57353973388672,14377700
2021-07-08,KO,KO,54.0099983215332,54.16999816894531,53.7400016784668,54.130001068115234,46.4106330871582,11943900
2021-07-09,KO,KO,54.25,54.52000045776367,54.18000030517578,54.459999084472656,46.69357681274414,10847000
2021-07-12,KO,KO,54.31999969482422,54.599998474121094,54.27000045776367,54.47999954223633,46.71070861816406,15107600
2021-07-13,KO,KO,54.95000076293945,55.29999923706055,54.75,55.02000045776367,47.173709869384766,15170800
2021-07-14,KO,KO,55.02000045776367,56.349998474121094,54.959999084472656,56.2599983215332,48.23687744140625,22002700
2021-07-15,KO,KO,56.2400016784668,56.470001220703125,55.90999984741211,56.439998626708984,48.391197204589844,15068200
2021-07-16,KO,KO,56.459999084472656,56.68000030517578,56.2599983215332,56.400001525878906,48.35689926147461,14860500
2021-07-19,KO,KO,56.08000183105469,56.349998474121094,55.15999984741211,55.72999954223633,47.782447814941406,19527000
2021-07-20,KO,KO,55.72999954223633,56.33000183105469,55.52000045776367,55.83000183105469,47.86819839477539,16257900
2021-07-21,KO,KO,57.33000183105469,57.560001373291016,56.43000030517578,56.54999923706055,48.48551940917969,20918200
2021-07-22,KO,KO,56.619998931884766,56.7400016784668,56.04999923706055,56.470001220703125,48.416927337646484,13402700
2021-07-23,KO,KO,56.59000015258789,57.33000183105469,56.45000076293945,57.0099983215332,48.879913330078125,12144000
2021-07-26,KO,KO,56.88999938964844,57.119998931884766,56.560001373291016,57.060001373291016,48.92279052734375,8681100
2021-07-27,KO,KO,57.11000061035156,57.540000915527344,56.91999816894531,57.2599983215332,49.09425354003906,12794400
2021-07-28,KO,KO,56.9900016784668,57.15999984741211,56.630001068115234,56.7400016784668,48.64842224121094,9858000
2021-07-29,KO,KO,57.06999969482422,57.25,56.86000061035156,57.04999923706055,48.914215087890625,9599100
2021-07-30,KO,KO,57.150001525878906,57.25,56.900001525878906,57.029998779296875,48.897064208984375,11727000
2021-08-02,KO,KO,57.20000076293945,57.2400016784668,56.709999084472656,56.880001068115234,48.768463134765625,9778000
2021-08-03,KO,KO,57.0,57.0,56.75,56.91999816894531,48.8027458190918,8825500
2021-08-04,KO,KO,56.75,56.95000076293945,56.0099983215332,56.099998474121094,48.09968948364258,11888400
2021-08-05,KO,KO,56.439998626708984,56.59000015258789,56.290000915527344,56.5,48.442649841308594,9806800
2021-08-06,KO,KO,56.599998474121094,56.7400016784668,56.439998626708984,56.63999938964844,48.56269073486328,10409300
2021-08-09,KO,KO,56.79999923706055,56.880001068115234,56.43000030517578,56.650001525878906,48.571258544921875,8859900
2021-08-10,KO,KO,56.84000015258789,57.16999816894531,56.65999984741211,56.79999923706055,48.69987106323242,10906900
2021-08-11,KO,KO,56.88999938964844,57.18000030517578,56.709999084472656,56.72999954223633,48.63984298706055,8370700
2021-08-12,KO,KO,56.72999954223633,56.97999954223633,56.72999954223633,56.84000015258789,48.734169006347656,6169200
2021-08-13,KO,KO,56.810001373291016,57.29999923706055,56.77000045776367,57.22999954223633,49.06854248046875,7714200
2021-08-16,KO,KO,57.20000076293945,57.4900016784668,57.029998779296875,57.47999954223633,49.282894134521484,7972000
2021-08-17,KO,KO,57.459999084472656,57.560001373291016,57.0099983215332,57.279998779296875,49.111412048339844,10346400
2021-08-18,KO,KO,57.189998626708984,57.22999954223633,56.41999816894531,56.5,48.442649841308594,13873700
2021-08-19,KO,KO,56.060001373291016,56.97999954223633,55.95000076293945,56.86000061035156,48.751312255859375,9223700
2021-08-20,KO,KO,56.84000015258789,57.029998779296875,56.58000183105469,56.63999938964844,48.56269073486328,10543600
2021-08-23,KO,KO,56.66999816894531,56.75,56.380001068115234,56.439998626708984,48.391197204589844,8912800
2021-08-24,KO,KO,56.63999938964844,56.63999938964844,55.900001525878906,56.0099983215332,48.022518157958984,12067200
2021-08-25,KO,KO,56.060001373291016,56.16999816894531,55.72999954223633,56.06999969482422,48.07396697998047,11270700
2021-08-26,KO,KO,55.95000076293945,55.97999954223633,55.5099983215332,55.540000915527344,47.61954879760742,10331500
2021-08-27,KO,KO,55.65999984741211,55.790000915527344,55.45000076293945,55.650001525878906,47.713871002197266,8844100
2021-08-30,KO,KO,55.689998626708984,56.20000076293945,55.63999938964844,56.18000030517578,48.16828155517578,10034700
2021-08-31,KO,KO,56.15999984741211,56.52000045776367,56.0,56.310001373291016,48.27975082397461,14185700
2021-09-01,KO,KO,56.380001068115234,56.79999923706055,56.279998779296875,56.689998626708984,48.605552673339844,9518900
2021-09-02,KO,KO,56.77000045776367,57.029998779296875,56.40999984741211,56.77000045776367,48.67413330078125,11653200
2021-09-03,KO,KO,56.459999084472656,56.77000045776367,56.25,56.72999954223633,48.63984298706055,13220400
2021-09-07,KO,KO,56.599998474121094,56.689998626708984,55.5099983215332,55.66999816894531,47.73101043701172,20035300
2021-09-08,KO,KO,55.61000061035156,56.47999954223633,55.61000061035156,56.41999816894531,48.37405776977539,12040100
2021-09-09,KO,KO,56.18000030517578,56.41999816894531,55.79999923706055,55.86000061035156,47.89391326904297,12545400
2021-09-10,KO,KO,56.0099983215332,56.130001068115234,55.52000045776367,55.61000061035156,47.679569244384766,10573700
2021-09-13,KO,KO,55.7400016784668,56.400001525878906,55.7400016784668,56.06999969482422,48.07396697998047,20274300
2021-09-14,KO,KO,55.91999816894531,55.97999954223633,55.54999923706055,55.689998626708984,48.1085205078125,13918900
2021-09-15,KO,KO,55.68000030517578,56.0,55.41999816894531,55.880001068115234,48.27266311645508,15746000
2021-09-16,KO,KO,55.720001220703125,55.9900016784668,54.81999969482422,55.349998474121094,47.81481170654297,17430400
2021-09-17,KO,KO,55.02000045776367,55.189998626708984,54.369998931884766,54.439998626708984,47.028690338134766,33370200
2021-09-20,KO,KO,54.11000061035156,54.400001525878906,53.72999954223633,54.060001373291016,46.70042419433594,27542500
2021-09-21,KO,KO,54.38999938964844,54.81999969482422,53.939998626708984,54.04999923706055,46.69179153442383,16418200
2021-09-22,KO,KO,54.5099983215332,54.560001373291016,54.060001373291016,54.130001068115234,46.76089859008789,12719700
2021-09-23,KO,KO,54.2599983215332,54.619998931884766,54.0,54.040000915527344,46.68315887451172,13836200
2021-09-24,KO,KO,54.0,54.2400016784668,53.86000061035156,53.88999938964844,46.55356216430664,9682200
2021-09-27,KO,KO,53.849998474121094,54.25,53.56999969482422,53.61000061035156,46.31168746948242,12429500
2021-09-28,KO,KO,53.459999084472656,53.459999084472656,52.43000030517578,52.63999938964844,45.47374725341797,19926100
2021-09-29,KO,KO,52.63999938964844,53.15999984741211,52.560001373291016,52.959999084472656,45.75017166137695,13941500
2021-09-30,KO,KO,53.16999816894531,53.33000183105469,52.43000030517578,52.470001220703125,45.32688522338867,17672000
2021-10-01,KO,KO,52.779998779296875,53.20000076293945,52.56999969482422,53.02000045776367,45.802005767822266,16277400
2021-10-04,KO,KO,53.060001373291016,53.529998779296875,52.400001525878906,52.9900016784668,45.776100158691406,18973400
2021-10-05,KO,KO,53.02000045776367,53.470001220703125,52.93000030517578,53.08000183105469,45.85384750366211,17173100
2021-10-06,KO,KO,52.77000045776367,53.77000045776367,52.5099983215332,53.709999084472656,46.398067474365234,21284500
2021-10-07,KO,KO,53.9900016784668,54.279998779296875,53.810001373291016,53.880001068115234,46.5449333190918,13774400
2021-10-08,KO,KO,54.0,54.38999938964844,53.900001525878906,54.119998931884766,46.752254486083984,13786800
2021-10-11,KO,KO,54.209999084472656,54.38999938964844,54.0099983215332,54.22999954223633,46.847293853759766,12378500
2021-10-12,KO,KO,54.41999816894531,54.83000183105469,54.220001220703125,54.22999954223633,46.847293853759766,19474400
2021-10-13,KO,KO,54.16999816894531,54.43000030517578,53.790000915527344,54.2400016784668,46.85593032836914,12143300
2021-10-14,KO,KO,54.38999938964844,54.810001373291016,54.310001373291016,54.61000061035156,47.1755485534668,13704000
2021-10-15,KO,KO,54.63999938964844,54.880001068115234,54.290000915527344,54.47999954223633,47.0632438659668,17867000
2021-10-18,KO,KO,54.349998474121094,54.38999938964844,53.86000061035156,53.939998626708984,46.59677505493164,15861800
2021-10-19,KO,KO,54.040000915527344,54.20000076293945,53.77000045776367,54.150001525878906,46.77817916870117,11068500
2021-10-20,KO,KO,54.18000030517578,54.7599983215332,54.11000061035156,54.630001068115234,47.19282150268555,12474800
2021-10-21,KO,KO,54.599998474121094,54.66999816894531,54.209999084472656,54.349998474121094,46.95094680786133,14388300
2021-10-22,KO,KO,54.38999938964844,54.529998779296875,54.06999969482422,54.45000076293945,47.03733825683594,12828600
2021-10-25,KO,KO,54.380001068115234,54.470001220703125,54.02000045776367,54.22999954223633,46.847293853759766,11855000
2021-10-26,KO,KO,54.31999969482422,54.58000183105469,54.22999954223633,54.470001220703125,47.05461120605469,12086700
2021-10-27,KO,KO,55.970001220703125,56.08000183105469,55.27000045776367,55.52000045776367,47.961666107177734,24019800
2021-10-28,KO,KO,55.75,56.11000061035156,55.619998931884766,56.040000915527344,48.410884857177734,15928000
2021-10-29,KO,KO,55.869998931884766,56.470001220703125,55.779998779296875,56.369998931884766,48.695953369140625,24463700
2021-11-01,KO,KO,56.38999938964844,56.400001525878906,55.900001525878906,56.16999816894531,48.523170471191406,11651100
2021-11-02,KO,KO,56.470001220703125,56.5,55.970001220703125,56.099998474121094,48.462711334228516,11498900
2021-11-03,KO,KO,56.0,56.33000183105469,55.779998779296875,56.290000915527344,48.6268424987793,10788300
2021-11-04,KO,KO,56.11000061035156,56.630001068115234,56.029998779296875,56.599998474121094,48.8946418762207,10820200
2021-11-05,KO,KO,56.84000015258789,57.15999984741211,56.59000015258789,56.84000015258789,49.10197448730469,12886700
2021-11-08,KO,KO,56.75,56.88999938964844,56.130001068115234,56.33000183105469,48.66139602661133,12828000
2021-11-09,KO,KO,56.40999984741211,56.52000045776367,56.09000015258789,56.4900016784668,48.79961013793945,10155800
2021-11-10,KO,KO,56.540000915527344,56.91999816894531,56.290000915527344,56.720001220703125,48.9983024597168,8813600
2021-11-11,KO,KO,56.83000183105469,56.880001068115234,56.56999969482422,56.7400016784668,49.015586853027344,7257700
2021-11-12,KO,KO,56.75,56.9900016784668,56.54999923706055,56.61000061035156,48.903282165527344,10162500
2021-11-15,KO,KO,56.529998779296875,56.68000030517578,56.27000045776367,56.619998931884766,48.91191864013672,10289200
2021-11-16,KO,KO,56.619998931884766,56.939998626708984,56.189998626708984,56.220001220703125,48.566368103027344,13756500
2021-11-17,KO,KO,56.040000915527344,56.04999923706055,55.650001525878906,55.90999984741211,48.29856491088867,13288700
2021-11-18,KO,KO,55.83000183105469,55.93000030517578,55.13999938964844,55.40999984741211,47.86664962768555,15380100
2021-11-19,KO,KO,55.439998626708984,55.4900016784668,54.900001525878906,55.130001068115234,47.624759674072266,15813700
2021-11-22,KO,KO,55.099998474121094,56.02000045776367,55.08000183105469,55.470001220703125,47.91847229003906,16905600
2021-11-23,KO,KO,55.65999984741211,56.11000061035156,55.5,55.880001068115234,48.27266311645508,13835900
2021-11-24,KO,KO,55.709999084472656,55.84000015258789,55.029998779296875,55.43000030517578,47.883914947509766,12598900
2021-11-26,KO,KO,54.59000015258789,54.75,53.58000183105469,53.72999954223633,46.41535186767578,14754300
2021-11-29,KO,KO,54.04999923706055,54.72999954223633,53.93000030517578,54.58000183105469,47.14963912963867,22712500
2021-11-30,KO,KO,53.599998474121094,53.630001068115234,52.439998626708984,52.45000076293945,45.66098403930664,30485200
2021-12-01,KO,KO,52.97999954223633,53.52000045776367,52.279998779296875,52.29999923706055,45.5303840637207,18719600
2021-12-02,KO,KO,52.599998474121094,53.34000015258789,52.5099983215332,53.06999969482422,46.200721740722656,17074200
2021-12-03,KO,KO,53.33000183105469,53.61000061035156,52.97999954223633,53.540000915527344,46.60988998413086,21064400
2021-12-06,KO,KO,54.310001373291016,55.25,54.13999938964844,54.90999984741211,47.80255889892578,26624100
2021-12-07,KO,KO,55.02000045776367,55.41999816894531,54.849998474121094,55.209999084472656,48.063720703125,23832700
2021-12-08,KO,KO,55.119998931884766,55.349998474121094,54.36000061035156,55.0,47.88090896606445,18026300
2021-12-09,KO,KO,54.75,55.130001068115234,54.59000015258789,54.86000061035156,47.759033203125,13846400
2021-12-10,KO,KO,55.25,56.31999969482422,55.06999969482422,56.279998779296875,48.99522399902344,23153600
2021-12-13,KO,KO,56.97999954223633,57.93000030517578,56.959999084472656,57.7599983215332,50.283653259277344,31362800
2021-12-14,KO,KO,57.400001525878906,58.16999816894531,57.400001525878906,57.79999923706055,50.31847381591797,24806600
2021-12-15,KO,KO,57.93000030517578,58.25,57.650001525878906,58.060001373291016,50.544830322265625,24923800
2021-12-16,KO,KO,57.97999954223633,58.880001068115234,57.900001525878906,58.650001525878906,51.05845642089844,24696900
2021-12-17,KO,KO,58.4900016784668,58.91999816894531,57.70000076293945,57.72999954223633,50.257545471191406,51874400
2021-12-20,KO,KO,57.20000076293945,57.779998779296875,57.0,57.540000915527344,50.09214401245117,20879500
2021-12-21,KO,KO,57.61000061035156,57.970001220703125,57.529998779296875,57.77000045776367,50.2923698425293,15864900
2021-12-22,KO,KO,57.709999084472656,58.189998626708984,57.4900016784668,58.18000030517578,50.64929962158203,12447400
2021-12-23,KO,KO,58.52000045776367,58.61000061035156,57.939998626708984,58.220001220703125,50.68412780761719,11027300
2021-12-27,KO,KO,58.0,58.689998626708984,58.0,58.650001525878906,51.05845642089844,9860000
2021-12-28,KO,KO,58.400001525878906,58.939998626708984,58.29999923706055,58.880001068115234,51.25868606567383,8979900
2021-12-29,KO,KO,58.95000076293945,59.099998474121094,58.65999984741211,58.95000076293945,51.31962966918945,9996000
2021-12-30,KO,KO,59.060001373291016,59.22999954223633,58.7599983215332,58.779998779296875,51.171627044677734,7703900
2021-12-31,KO,KO,58.75,59.349998474121094,58.70000076293945,59.209999084472656,51.54597091674805,10021300
2022-01-03,KO,KO,58.81999969482422,59.310001373291016,58.380001068115234,59.29999923706055,51.624332427978516,20187300
2022-01-04,KO,KO,59.72999954223633,60.540000915527344,59.59000015258789,60.290000915527344,52.48617935180664,26141600
2022-01-05,KO,KO,60.09000015258789,61.20000076293945,60.04999923706055,60.790000915527344,52.92146301269531,22507300
2022-01-06,KO,KO,60.470001220703125,61.119998931884766,60.439998626708984,60.470001220703125,52.642879486083984,17902300
2022-01-07,KO,KO,60.279998779296875,60.720001220703125,60.060001373291016,60.33000183105469,52.5210075378418,12307900
2022-01-10,KO,KO,60.54999923706055,60.81999969482422,60.18000030517578,60.43000030517578,52.608062744140625,20954300
2022-01-11,KO,KO,60.43000030517578,60.4900016784668,59.84000015258789,60.45000076293945,52.62547302246094,19369600
2022-01-12,KO,KO,60.529998779296875,60.689998626708984,60.189998626708984,60.540000915527344,52.703826904296875,15753800
2022-01-13,KO,KO,60.540000915527344,61.040000915527344,60.38999938964844,60.900001525878906,53.01723098754883,14318000
2022-01-14,KO,KO,60.939998626708984,61.45000076293945,60.36000061035156,61.38999938964844,53.44380187988281,19729600
2022-01-18,KO,KO,61.060001373291016,61.189998626708984,60.45000076293945,60.900001525878906,53.01723098754883,21976700
2022-01-19,KO,KO,60.65999984741211,61.18000030517578,60.560001373291016,61.0,53.10427474975586,18654700
2022-01-20,KO,KO,61.0,61.439998626708984,60.720001220703125,60.75,52.88663864135742,23002400
2022-01-21,KO,KO,61.08000183105469,61.29999923706055,60.400001525878906,60.45000076293945,52.62547302246094,26643200
2022-01-24,KO,KO,59.900001525878906,60.349998474121094,58.56999969482422,59.959999084472656,52.19889831542969,30185100
2022-01-25,KO,KO,59.36000061035156,60.04999923706055,58.689998626708984,59.81999969482422,52.077022552490234,19027100
2022-01-26,KO,KO,59.790000915527344,60.349998474121094,59.209999084472656,59.599998474121094,51.8854866027832,19190200
2022-01-27,KO,KO,59.880001068115234,60.93000030517578,59.5,59.650001525878906,51.92902374267578,18893800
2022-01-28,KO,KO,59.38999938964844,60.88999938964844,58.939998626708984,60.84000015258789,52.9649772644043,19101500
2022-01-31,KO,KO,60.29999923706055,61.13999938964844,60.150001525878906,61.0099983215332,53.11298751831055,22045300
2022-02-01,KO,KO,60.90999984741211,61.13999938964844,60.15999984741211,60.560001373291016,52.72123718261719,20841700
2022-02-02,KO,KO,60.619998931884766,61.27000045776367,60.560001373291016,61.18000030517578,53.260982513427734,20225600
2022-02-03,KO,KO,60.939998626708984,61.779998779296875,60.59000015258789,61.61000061035156,53.63533020019531,19440500
2022-02-04,KO,KO,61.4900016784668,61.68000030517578,60.56999969482422,60.959999084472656,53.069454193115234,17403700
2022-02-07,KO,KO,61.380001068115234,61.720001220703125,60.86000061035156,61.599998474121094,53.626617431640625,17846400
2022-02-08,KO,KO,61.83000183105469,62.33000183105469,61.7400016784668,62.0,53.974849700927734,18771700
2022-02-09,KO,KO,62.16999816894531,62.31999969482422,60.900001525878906,61.040000915527344,53.13910675048828,23595600
2022-02-10,KO,KO,60.36000061035156,62.29999923706055,60.20000076293945,61.380001068115234,53.435096740722656,23561500
2022-02-11,KO,KO,61.77000045776367,61.97999954223633,60.150001525878906,60.290000915527344,52.48617935180664,22781400
2022-02-14,KO,KO,60.15999984741211,60.790000915527344,59.279998779296875,60.68000030517578,52.82569122314453,23641300
2022-02-15,KO,KO,60.959999084472656,61.779998779296875,60.630001068115234,60.90999984741211,53.02592086791992,13408700
2022-02-16,KO,KO,60.86000061035156,61.400001525878906,60.560001373291016,60.900001525878906,53.01723098754883,15484700
2022-02-17,KO,KO,60.54999923706055,62.279998779296875,60.40999984741211,62.119998931884766,54.079307556152344,21468700
2022-02-18,KO,KO,62.119998931884766,62.81999969482422,61.9900016784668,62.540000915527344,54.4449462890625,21975000
2022-02-22,KO,KO,62.43000030517578,62.63999938964844,61.720001220703125,62.279998779296875,54.218597412109375,21731400
2022-02-23,KO,KO,62.2400016784668,62.33000183105469,61.34000015258789,61.59000015258789,53.617923736572266,19248500
2022-02-24,KO,KO,59.970001220703125,60.619998931884766,59.220001220703125,60.5099983215332,52.677703857421875,27207400
2022-02-25,KO,KO,60.939998626708984,62.900001525878906,60.91999816894531,62.849998474121094,54.71482849121094,21487800
2022-02-28,KO,KO,61.650001525878906,62.34000015258789,61.40999984741211,62.2400016784668,54.183780670166016,25879100
2022-03-01,KO,KO,62.13999938964844,62.75,61.5099983215332,61.970001220703125,53.94872283935547,15871100
2022-03-02,KO,KO,62.22999954223633,62.880001068115234,61.779998779296875,62.43000030517578,54.349185943603516,17319100
2022-03-03,KO,KO,62.61000061035156,63.02000045776367,62.290000915527344,62.470001220703125,54.38400650024414,21262800
2022-03-04,KO,KO,61.459999084472656,62.59000015258789,61.20000076293945,62.56999969482422,54.4710578918457,17163000
2022-03-07,KO,KO,62.0099983215332,62.06999969482422,60.720001220703125,61.08000183105469,53.17393493652344,29151400
2022-03-08,KO,KO,61.45000076293945,61.540000915527344,58.59000015258789,58.65999984741211,51.06715774536133,30242100
2022-03-09,KO,KO,59.81999969482422,59.84000015258789,58.65999984741211,58.959999084472656,51.32833480834961,23022700
2022-03-10,KO,KO,58.47999954223633,58.65999984741211,57.5,57.880001068115234,50.388126373291016,20887300
2022-03-11,KO,KO,57.959999084472656,58.849998474121094,57.86000061035156,57.91999816894531,50.422950744628906,19855600
2022-03-14,KO,KO,57.970001220703125,59.040000915527344,57.970001220703125,58.540000915527344,51.35281753540039,17799400
2022-03-15,KO,KO,59.08000183105469,59.88999938964844,58.97999954223633,59.619998931884766,52.300209045410156,18607200
2022-03-16,KO,KO,59.779998779296875,59.939998626708984,58.61000061035156,59.459999084472656,52.15985870361328,17347300
2022-03-17,KO,KO,59.459999084472656,60.13999938964844,59.22999954223633,60.09000015258789,52.71250915527344,15586200
2022-03-18,KO,KO,60.29999923706055,60.29999923706055,59.709999084472656,60.099998474121094,52.721282958984375,30197800
2022-03-21,KO,KO,60.5,61.099998474121094,60.25,60.58000183105469,53.14234924316406,17440100
2022-03-22,KO,KO,60.93000030517578,60.95000076293945,60.060001373291016,60.79999923706055,53.33533477783203,17559500
2022-03-23,KO,KO,60.75,60.97999954223633,60.0,60.400001525878906,52.98445129394531,15529200
2022-03-24,KO,KO,60.63999938964844,61.02000045776367,60.459999084472656,60.97999954223633,53.49323654174805,13151300
2022-03-25,KO,KO,61.119998931884766,61.61000061035156,61.04999923706055,61.529998779296875,53.9757080078125,12259800
2022-03-28,KO,KO,61.529998779296875,61.939998626708984,61.209999084472656,61.91999816894531,54.31783676147461,11485200
2022-03-29,KO,KO,62.209999084472656,62.529998779296875,61.7400016784668,62.15999984741211,54.52836608886719,14720600
2022-03-30,KO,KO,62.0099983215332,62.209999084472656,61.560001373291016,62.209999084472656,54.57223129272461,13641000
2022-03-31,KO,KO,62.220001220703125,62.63999938964844,62.0,62.0,54.38800811767578,16822900
2022-04-01,KO,KO,62.33000183105469,62.95000076293945,62.09000015258789,62.869998931884766,55.15119934082031,12644900
2022-04-04,KO,KO,62.599998474121094,62.790000915527344,61.720001220703125,62.540000915527344,54.86171340942383,11505800
2022-04-05,KO,KO,62.400001525878906,63.2400016784668,62.369998931884766,62.470001220703125,54.80031204223633,15721200
2022-04-06,KO,KO,62.77000045776367,63.2599983215332,62.29999923706055,63.099998474121094,55.35295486450195,19267400
2022-04-07,KO,KO,63.130001068115234,63.66999816894531,62.709999084472656,63.439998626708984,55.65121841430664,13960800
2022-04-08,KO,KO,63.47999954223633,64.04000091552734,63.15999984741211,63.83000183105469,55.99332809448242,12703500
2022-04-11,KO,KO,63.90999984741211,64.30000305175781,63.63999938964844,63.810001373291016,55.97578811645508,12720100
2022-04-12,KO,KO,64.37999725341797,64.80999755859375,63.88999938964844,64.55999755859375,56.633705139160156,18089900
2022-04-13,KO,KO,64.44000244140625,64.87000274658203,64.2300033569336,64.7300033569336,56.78284454345703,11883000
2022-04-14,KO,KO,64.95999908447266,65.56999969482422,64.81999969482422,65.0199966430664,57.037235260009766,16388400
2022-04-18,KO,KO,64.7699966430664,65.18000030517578,64.18000030517578,64.44000244140625,56.528438568115234,11679400
2022-04-19,KO,KO,64.5,65.25,64.44000244140625,65.06999969482422,57.08110046386719,11993800
2022-04-20,KO,KO,65.44000244140625,66.23999786376953,65.4000015258789,65.95999908447266,57.8618278503418,14827100
2022-04-21,KO,KO,65.9800033569336,67.0,65.72000122070312,66.20999908447266,58.08114242553711,15120400
2022-04-22,KO,KO,66.08000183105469,66.33999633789062,65.18000030517578,65.25,57.238990783691406,14902200
2022-04-25,KO,KO,67.0,67.19999694824219,64.77999877929688,65.94000244140625,57.84428405761719,25082000
2022-04-26,KO,KO,65.5199966430664,66.37000274658203,65.04000091552734,65.05000305175781,57.06355285644531,21982600
2022-04-27,KO,KO,65.0,66.27999877929688,65.0,65.55999755859375,57.51094436645508,16971000
2022-04-28,KO,KO,64.66000366210938,66.27999877929688,64.5,66.19000244140625,58.06358337402344,22010600
2022-04-29,KO,KO,65.87000274658203,66.02999877929688,64.48999786376953,64.61000061035156,56.677574157714844,20137100
2022-05-02,KO,KO,65.27999877929688,65.30999755859375,62.58000183105469,63.439998626708984,55.65121841430664,24970300
2022-05-03,KO,KO,63.720001220703125,63.939998626708984,62.66999816894531,63.08000183105469,55.33541488647461,21686300
2022-05-04,KO,KO,63.0,65.12000274658203,62.939998626708984,65.02999877929688,57.04601287841797,19780200
2022-05-05,KO,KO,64.69000244140625,65.02999877929688,64.01000213623047,64.51000213623047,56.58985137939453,20155200
2022-05-06,KO,KO,64.19999694824219,65.30999755859375,64.06999969482422,64.73999786376953,56.79161071777344,18984000
2022-05-09,KO,KO,64.47000122070312,65.36000061035156,64.04000091552734,64.61000061035156,56.677574157714844,20055300
2022-05-10,KO,KO,64.5,65.31999969482422,63.849998474121094,64.01000213623047,56.151241302490234,21322200
2022-05-11,KO,KO,64.33000183105469,65.19999694824219,63.959999084472656,64.30999755859375,56.41440200805664,19648400
2022-05-12,KO,KO,64.16000366210938,64.52999877929688,63.209999084472656,64.51000213623047,56.58985137939453,22574700
2022-05-13,KO,KO,64.80999755859375,65.80000305175781,64.12000274658203,65.72000122070312,57.65129089355469,16167000
2022-05-16,KO,KO,65.44000244140625,66.37999725341797,65.44000244140625,65.95999908447266,57.8618278503418,13223200
2022-05-17,KO,KO,66.0999984741211,66.0999984741211,65.01000213623047,65.77999877929688,57.70392608642578,21300600
2022-05-18,KO,KO,65.41999816894531,65.5199966430664,60.959999084472656,61.20000076293945,53.68623733520508,31437300
2022-05-19,KO,KO,60.959999084472656,60.959999084472656,59.65999984741211,60.0,52.63356018066406,31493900
2022-05-20,KO,KO,60.4900016784668,61.2400016784668,59.65999984741211,60.97999954223633,53.49323654174805,29133800
2022-05-23,KO,KO,61.650001525878906,63.099998474121094,61.59000015258789,62.86000061035156,55.14242935180664,19406900
2022-05-24,KO,KO,62.880001068115234,64.19000244140625,62.75,64.0199966430664,56.160003662109375,16154200
2022-05-25,KO,KO,64.0,64.47000122070312,63.599998474121094,64.06999969482422,56.20386505126953,15360500
2022-05-26,KO,KO,64.06999969482422,65.0999984741211,63.959999084472656,64.30000305175781,56.405635833740234,16159800
2022-05-27,KO,KO,64.26000213623047,64.83000183105469,64.13999938964844,64.68000030517578,56.73897171020508,17709000
2022-05-31,KO,KO,64.08000183105469,64.31999969482422,63.04999923706055,63.380001068115234,55.59858322143555,43159000
2022-06-01,KO,KO,63.41999816894531,63.68000030517578,62.130001068115234,63.06999969482422,55.326637268066406,15408300
2022-06-02,KO,KO,63.18000030517578,63.7400016784668,62.11000061035156,63.72999954223633,55.90560531616211,14586000
2022-06-03,KO,KO,63.56999969482422,63.630001068115234,62.810001373291016,62.970001220703125,55.238922119140625,13539900
2022-06-06,KO,KO,63.33000183105469,63.77000045776367,62.65999984741211,62.869998931884766,55.15119934082031,15112800
2022-06-07,KO,KO,62.380001068115234,63.369998931884766,62.220001220703125,63.25,55.484535217285156,17886300
2022-06-08,KO,KO,62.9900016784668,63.209999084472656,62.560001373291016,62.88999938964844,55.16874313354492,10211500
2022-06-09,KO,KO,62.869998931884766,63.349998474121094,61.779998779296875,61.79999923706055,54.21256637573242,13382200
2022-06-10,KO,KO,61.0099983215332,61.88999938964844,60.459999084472656,61.40999984741211,53.87045669555664,14967600
2022-06-13,KO,KO,60.75,62.290000915527344,60.66999816894531,61.34000015258789,53.80904006958008,23064200
2022-06-14,KO,KO,60.72999954223633,60.88999938964844,58.65999984741211,59.22999954223633,52.3334846496582,24620000
2022-06-15,KO,KO,60.0,60.63999938964844,58.970001220703125,59.66999816894531,52.722251892089844,19684700
2022-06-16,KO,KO,58.63999938964844,59.52000045776367,58.25,59.06999969482422,52.192115783691406,15053800
2022-06-17,KO,KO,59.70000076293945,60.130001068115234,59.130001068115234,59.43000030517578,52.51020431518555,34781900
2022-06-21,KO,KO,59.4900016784668,60.880001068115234,59.0099983215332,60.70000076293945,53.63233184814453,17705000
2022-06-22,KO,KO,60.599998474121094,61.45000076293945,60.31999969482422,61.150001525878906,54.02993392944336,15207100
2022-06-23,KO,KO,61.29999923706055,61.90999984741211,61.22999954223633,61.880001068115234,54.674930572509766,17190900
2022-06-24,KO,KO,62.11000061035156,63.060001373291016,62.11000061035156,63.040000915527344,55.699867248535156,18147100
2022-06-27,KO,KO,62.97999954223633,63.290000915527344,62.630001068115234,62.90999984741211,55.58500289916992,12142100
2022-06-28,KO,KO,63.08000183105469,63.7599983215332,62.11000061035156,62.279998779296875,55.02836227416992,13150100
2022-06-29,KO,KO,62.540000915527344,63.11000061035156,62.43000030517578,62.72999954223633,55.425968170166016,11795500
2022-06-30,KO,KO,62.31999969482422,63.11000061035156,62.15999984741211,62.90999984741211,55.58500289916992,15514200
2022-07-01,KO,KO,63.119998931884766,64.44999694824219,62.81999969482422,64.37999725341797,56.88384246826172,15143200
2022-07-05,KO,KO,64.18000030517578,64.18000030517578,62.41999816894531,63.279998779296875,55.911922454833984,15921200
2022-07-06,KO,KO,63.599998474121094,64.08999633789062,63.189998626708984,63.40999984741211,56.02678680419922,13450500
2022-07-07,KO,KO,63.2599983215332,63.58000183105469,62.70000076293945,62.90999984741211,55.58500289916992,14828400
2022-07-08,KO,KO,63.029998779296875,63.41999816894531,62.880001068115234,63.13999938964844,55.78822708129883,11311500
2022-07-11,KO,KO,62.9900016784668,63.459999084472656,62.59000015258789,62.939998626708984,55.61150360107422,12702100
2022-07-12,KO,KO,63.0,63.45000076293945,62.470001220703125,62.66999816894531,55.37294387817383,14731100
2022-07-13,KO,KO,62.33000183105469,63.0,61.97999954223633,62.380001068115234,55.11671447753906,13145300
2022-07-14,KO,KO,61.33000183105469,62.25,61.29999923706055,62.18000030517578,54.94000244140625,14433000
2022-07-15,KO,KO,62.75,62.970001220703125,62.06999969482422,62.5,55.22273635864258,21968400
2022-07-18,KO,KO,62.52000045776367,62.560001373291016,61.5099983215332,61.650001525878906,54.47171401977539,10780800
2022-07-19,KO,KO,62.09000015258789,62.650001525878906,61.93000030517578,62.529998779296875,55.24924087524414,10998200
2022-07-20,KO,KO,62.400001525878906,62.58000183105469,61.150001525878906,61.5,54.33917236328125,11010500
2022-07-21,KO,KO,61.2599983215332,61.880001068115234,60.790000915527344,61.36000061035156,54.215476989746094,11959600
2022-07-22,KO,KO,61.380001068115234,61.869998931884766,61.31999969482422,61.59000015258789,54.418697357177734,11644700
2022-07-25,KO,KO,61.54999923706055,62.29999923706055,61.310001373291016,62.189998626708984,54.9488410949707,14941700
2022-07-26,KO,KO,62.75,63.79999923706055,62.529998779296875,63.209999084472656,55.85007858276367,20118000
2022-07-27,KO,KO,62.880001068115234,63.189998626708984,61.790000915527344,63.0099983215332,55.673362731933594,12142900
2022-07-28,KO,KO,62.91999816894531,64.25,62.88999938964844,64.05999755859375,56.60109329223633,10837000
2022-07-29,KO,KO,63.709999084472656,64.29000091552734,63.630001068115234,64.16999816894531,56.69829177856445,13734200
2022-08-01,KO,KO,64.08999633789062,65.04000091552734,64.02999877929688,64.5199966430664,57.007537841796875,12831500
2022-08-02,KO,KO,64.58999633789062,64.5999984741211,63.43000030517578,63.63999938964844,56.23000717163086,15241900
2022-08-03,KO,KO,63.54999923706055,64.0999984741211,63.310001373291016,63.91999816894531,56.47740936279297,11317000
2022-08-04,KO,KO,63.63999938964844,63.72999954223633,62.91999816894531,63.66999816894531,56.256507873535156,11795600
2022-08-05,KO,KO,63.630001068115234,63.630001068115234,62.66999816894531,63.380001068115234,56.00028610229492,10445400
2022-08-08,KO,KO,63.5,63.810001373291016,62.75,62.970001220703125,55.63801956176758,9165200
2022-08-09,KO,KO,63.18000030517578,63.310001373291016,62.849998474121094,63.04999923706055,55.708702087402344,7910900
2022-08-10,KO,KO,63.630001068115234,63.790000915527344,63.099998474121094,63.650001525878906,56.23884201049805,8857300
2022-08-11,KO,KO,63.689998626708984,63.9900016784668,63.08000183105469,63.220001220703125,55.858909606933594,8507800
2022-08-12,KO,KO,63.43000030517578,63.7599983215332,63.09000015258789,63.70000076293945,56.283016204833984,9489300
2022-08-15,KO,KO,63.63999938964844,64.69000244140625,63.56999969482422,64.5,56.98987579345703,9863300
2022-08-16,KO,KO,64.56999969482422,65.2300033569336,64.33000183105469,65.02999877929688,57.458160400390625,9569600
2022-08-17,KO,KO,64.83000183105469,65.22000122070312,64.76000213623047,64.87999725341797,57.325626373291016,8144000
2022-08-18,KO,KO,64.95999908447266,65.3499984741211,64.70999908447266,65.22000122070312,57.62603759765625,6532000
2022-08-19,KO,KO,65.20999908447266,65.47000122070312,64.95999908447266,65.16999816894531,57.581851959228516,8921100
2022-08-22,KO,KO,64.83999633789062,64.91999816894531,63.9900016784668,64.19999694824219,56.72480392456055,9087900
2022-08-23,KO,KO,63.81999969482422,64.37000274658203,63.68000030517578,64.2699966430664,56.78665542602539,8443800
2022-08-24,KO,KO,64.23999786376953,64.58000183105469,64.05000305175781,64.36000061035156,56.86617660522461,6844700
2022-08-25,KO,KO,64.36000061035156,64.70999908447266,63.900001525878906,64.66999816894531,57.14006805419922,7913900
2022-08-26,KO,KO,64.7300033569336,64.80000305175781,62.97999954223633,63.11000061035156,55.761714935302734,10089500
2022-08-29,KO,KO,62.689998626708984,63.029998779296875,62.40999984741211,62.72999954223633,55.425968170166016,9115900
2022-08-30,KO,KO,62.90999984741211,62.90999984741211,61.9900016784668,62.150001525878906,54.913490295410156,8456800
2022-08-31,KO,KO,62.380001068115234,62.529998779296875,61.70000076293945,61.709999084472656,54.52473068237305,14633600
2022-09-01,KO,KO,61.58000183105469,62.040000915527344,61.290000915527344,62.0,54.780967712402344,14939700
2022-09-02,KO,KO,62.38999938964844,62.77000045776367,60.900001525878906,61.150001525878906,54.02993392944336,11809800
2022-09-06,KO,KO,61.290000915527344,61.970001220703125,60.9900016784668,61.18000030517578,54.05643844604492,12181800
2022-09-07,KO,KO,61.31999969482422,62.4900016784668,61.31999969482422,62.310001373291016,55.054874420166016,13290700
2022-09-08,KO,KO,62.08000183105469,62.29999923706055,61.34000015258789,62.119998931884766,54.886993408203125,17193500
2022-09-09,KO,KO,62.16999816894531,62.880001068115234,61.86000061035156,62.31999969482422,55.0637092590332,11855900
2022-09-12,KO,KO,62.43000030517578,62.810001373291016,62.27000045776367,62.5,55.22273635864258,13026900
2022-09-13,KO,KO,62.20000076293945,62.220001220703125,60.279998779296875,60.470001220703125,53.429100036621094,18532800
2022-09-14,KO,KO,60.63999938964844,61.08000183105469,60.439998626708984,60.790000915527344,53.711849212646484,12881600
2022-09-15,KO,KO,60.400001525878906,60.400001525878906,59.36000061035156,59.529998779296875,52.98204803466797,11451900
2022-09-16,KO,KO,59.65999984741211,59.79999923706055,59.11000061035156,59.540000915527344,52.99094772338867,20493500
2022-09-19,KO,KO,59.38999938964844,60.099998474121094,59.22999954223633,59.9900016784668,53.391441345214844,12596200
2022-09-20,KO,KO,59.68000030517578,60.029998779296875,59.31999969482422,59.900001525878906,53.31135177612305,11984600
2022-09-21,KO,KO,60.13999938964844,60.70000076293945,59.38999938964844,59.400001525878906,52.86634063720703,14165300
2022-09-22,KO,KO,59.54999923706055,59.72999954223633,59.20000076293945,59.2599983215332,52.74174118041992,11657600
2022-09-23,KO,KO,58.959999084472656,59.099998474121094,58.0,58.599998474121094,52.15433883666992,14824000
2022-09-26,KO,KO,58.4900016784668,58.56999969482422,57.689998626708984,57.869998931884766,51.504634857177734,18670100
2022-09-27,KO,KO,58.08000183105469,58.369998931884766,56.310001373291016,56.380001068115234,50.178531646728516,23829300
2022-09-28,KO,KO,56.65999984741211,57.25,55.90999984741211,56.97999954223633,50.712528228759766,21480100
2022-09-29,KO,KO,57.09000015258789,57.290000915527344,56.0,56.56999969482422,50.347625732421875,14570700
2022-09-30,KO,KO,56.869998931884766,57.130001068115234,56.0,56.02000045776367,49.85812759399414,16124600
2022-10-03,KO,KO,56.36000061035156,56.849998474121094,56.060001373291016,56.650001525878906,50.41883087158203,16277600
2022-10-04,KO,KO,56.95000076293945,57.810001373291016,56.459999084472656,56.779998779296875,50.53452682495117,18861400
2022-10-05,KO,KO,56.5,56.650001525878906,55.5099983215332,56.2400016784668,50.05392837524414,14324900
2022-10-06,KO,KO,56.0,56.099998474121094,54.869998931884766,55.029998779296875,48.97701644897461,17192800
2022-10-07,KO,KO,54.9900016784668,55.09000015258789,54.25,54.5099983215332,48.51420593261719,11479800
2022-10-10,KO,KO,54.599998474121094,54.959999084472656,54.02000045776367,54.38999938964844,48.407413482666016,10239100
2022-10-11,KO,KO,54.459999084472656,55.220001220703125,54.2400016784668,54.47999954223633,48.48751449584961,14303900
2022-10-12,KO,KO,55.22999954223633,56.040000915527344,55.040000915527344,55.13999938964844,49.074920654296875,18377400
2022-10-13,KO,KO,54.47999954223633,56.08000183105469,54.2599983215332,55.869998931884766,49.72462463378906,16220700
2022-10-14,KO,KO,56.290000915527344,56.470001220703125,54.939998626708984,54.97999954223633,48.93252182006836,15997900
2022-10-17,KO,KO,55.630001068115234,56.220001220703125,55.56999969482422,55.689998626708984,49.56441879272461,13721400
2022-10-18,KO,KO,56.310001373291016,56.779998779296875,56.099998474121094,56.439998626708984,50.2319221496582,11823100
2022-10-19,KO,KO,56.310001373291016,56.540000915527344,55.72999954223633,55.959999084472656,49.80472183227539,10182300
2022-10-20,KO,KO,55.77000045776367,55.91999816894531,54.959999084472656,55.08000183105469,49.021522521972656,16905100
2022-10-21,KO,KO,55.0,56.11000061035156,54.9900016784668,55.959999084472656,49.80472183227539,15034100
2022-10-24,KO,KO,56.63999938964844,57.72999954223633,56.56999969482422,57.56999969482422,51.237632751464844,17416700
2022-10-25,KO,KO,59.040000915527344,59.11000061035156,57.75,58.95000076293945,52.46583938598633,28829900
2022-10-26,KO,KO,59.0099983215332,59.779998779296875,58.86000061035156,59.38999938964844,52.857444763183594,15831400
2022-10-27,KO,KO,59.77000045776367,59.84000015258789,59.380001068115234,59.529998779296875,52.98204803466797,16026100
2022-10-28,KO,KO,59.56999969482422,60.90999984741211,59.470001220703125,60.7599983215332,54.076744079589844,12888900
2022-10-31,KO,KO,60.5099983215332,60.56999969482422,59.66999816894531,59.849998474121094,53.266845703125,14016400
2022-11-01,KO,KO,60.029998779296875,60.290000915527344,59.369998931884766,59.63999938964844,53.0799446105957,10659500
2022-11-02,KO,KO,59.63999938964844,60.22999954223633,58.77000045776367,58.810001373291016,52.34123992919922,14549200
2022-11-03,KO,KO,58.11000061035156,59.0,58.099998474121094,58.779998779296875,52.314537048339844,9194000
2022-11-04,KO,KO,59.29999923706055,59.59000015258789,58.560001373291016,59.2599983215332,52.74174118041992,9725900
2022-11-07,KO,KO,59.2599983215332,59.77000045776367,59.2400016784668,59.4900016784668,52.946441650390625,8849700
2022-11-08,KO,KO,59.75,59.790000915527344,58.939998626708984,59.599998474121094,53.04434585571289,10081600
2022-11-09,KO,KO,59.59000015258789,59.63999938964844,58.75,58.77000045776367,52.30564498901367,10115200
2022-11-10,KO,KO,60.25,61.040000915527344,59.68000030517578,60.880001068115234,54.18355178833008,16804800
2022-11-11,KO,KO,61.369998931884766,61.45000076293945,60.209999084472656,61.31999969482422,54.575157165527344,18972100
2022-11-14,KO,KO,61.31999969482422,61.720001220703125,60.709999084472656,60.72999954223633,54.050052642822266,16361000
2022-11-15,KO,KO,61.130001068115234,61.45000076293945,60.0,60.630001068115234,53.96105194091797,13295800
2022-11-16,KO,KO,60.790000915527344,61.029998779296875,60.290000915527344,60.52000045776367,53.8631477355957,14199500
2022-11-17,KO,KO,60.189998626708984,60.7400016784668,60.130001068115234,60.709999084472656,54.032257080078125,11212600
2022-11-18,KO,KO,60.9900016784668,61.369998931884766,60.79999923706055,61.13999938964844,54.414947509765625,10415600
2022-11-21,KO,KO,61.40999984741211,62.209999084472656,61.20000076293945,62.08000183105469,55.25156021118164,15399400
2022-11-22,KO,KO,62.470001220703125,62.5,62.04999923706055,62.349998474121094,55.49186325073242,12319600
2022-11-23,KO,KO,62.4900016784668,62.790000915527344,62.29999923706055,62.630001068115234,55.741058349609375,8990400
2022-11-25,KO,KO,62.72999954223633,62.810001373291016,62.380001068115234,62.689998626708984,55.794456481933594,5165500
2022-11-28,KO,KO,62.689998626708984,63.099998474121094,62.560001373291016,62.70000076293945,55.8033561706543,12267500
2022-11-29,KO,KO,62.52000045776367,62.56999969482422,61.97999954223633,62.47999954223633,55.607566833496094,10969600
2022-11-30,KO,KO,62.0099983215332,63.68000030517578,61.75,63.61000061035156,57.0147819519043,30433900
2022-12-01,KO,KO,63.61000061035156,64.11000061035156,63.43000030517578,63.790000915527344,57.17612075805664,12001400
2022-12-02,KO,KO,63.61000061035156,64.5199966430664,63.400001525878906,64.3499984741211,57.67804718017578,13643500
2022-12-05,KO,KO,63.40999984741211,63.79999923706055,63.2599983215332,63.470001220703125,56.88929748535156,9185100
2022-12-06,KO,KO,63.52000045776367,63.880001068115234,63.22999954223633,63.439998626708984,56.862403869628906,10099500
2022-12-07,KO,KO,63.45000076293945,63.720001220703125,63.25,63.540000915527344,56.9520378112793,12307600
2022-12-08,KO,KO,63.599998474121094,63.849998474121094,63.349998474121094,63.810001373291016,57.19404220581055,9946200
2022-12-09,KO,KO,63.61000061035156,63.84000015258789,63.09000015258789,63.13999938964844,56.59351348876953,13914900
2022-12-12,KO,KO,63.29999923706055,64.01000213623047,63.0099983215332,63.970001220703125,57.33745574951172,11647900
2022-12-13,KO,KO,64.58999633789062,64.69999694824219,63.79999923706055,63.9900016784668,57.355377197265625,17521600
2022-12-14,KO,KO,64.19000244140625,64.6500015258789,63.56999969482422,63.9900016784668,57.355377197265625,12826700
2022-12-15,KO,KO,63.59000015258789,63.88999938964844,62.4900016784668,63.11000061035156,56.56661605834961,12212300
2022-12-16,KO,KO,62.75,63.13999938964844,62.33000183105469,62.75,56.243953704833984,33631500
2022-12-19,KO,KO,62.83000183105469,63.40999984741211,62.470001220703125,62.84000015258789,56.32461929321289,10919700
2022-12-20,KO,KO,62.81999969482422,63.150001525878906,62.75,62.790000915527344,56.2797966003418,10286500
2022-12-21,KO,KO,63.06999969482422,64.05000305175781,63.06999969482422,63.79999923706055,57.1850700378418,10411300
2022-12-22,KO,KO,63.41999816894531,63.59000015258789,62.650001525878906,63.34000015258789,56.772769927978516,9666700
2022-12-23,KO,KO,63.5,63.869998931884766,63.20000076293945,63.81999969482422,57.20301055908203,6463300
2022-12-27,KO,KO,63.93000030517578,64.29000091552734,63.709999084472656,64.20999908447266,57.55256652832031,7320700
2022-12-28,KO,KO,64.45999908447266,64.6500015258789,63.4900016784668,63.56999969482422,56.97892761230469,7159400
2022-12-29,KO,KO,63.79999923706055,64.1500015258789,63.70000076293945,63.95000076293945,57.31953048706055,7169300
2022-12-30,KO,KO,63.91999816894531,63.91999816894531,63.16999816894531,63.61000061035156,57.0147819519043,7650200
2023-01-03,KO,KO,63.560001373291016,63.560001373291016,62.18000030517578,62.95000076293945,56.42321014404297,12180500
2023-01-04,KO,KO,63.150001525878906,63.33000183105469,62.5099983215332,62.91999816894531,56.39631652832031,13387900
2023-01-05,KO,KO,62.599998474121094,62.79999923706055,62.08000183105469,62.20000076293945,55.750972747802734,9814700
2023-01-06,KO,KO,62.90999984741211,63.66999816894531,62.58000183105469,63.400001525878906,56.82656478881836,9990000
2023-01-09,KO,KO,63.29999923706055,63.720001220703125,62.58000183105469,62.61000061035156,56.118465423583984,9442600
2023-01-10,KO,KO,62.599998474121094,62.72999954223633,61.91999816894531,62.130001068115234,55.68822479248047,10134600
2023-01-11,KO,KO,62.380001068115234,62.560001373291016,61.40999984741211,62.0099983215332,55.58066940307617,10823000
2023-01-12,KO,KO,62.11000061035156,62.18000030517578,60.970001220703125,61.209999084472656,54.86361312866211,13907300
2023-01-13,KO,KO,60.70000076293945,61.459999084472656,60.59000015258789,61.43000030517578,55.06080627441406,13986400
2023-01-17,KO,KO,61.72999954223633,62.380001068115234,61.560001373291016,61.68000030517578,55.28487777709961,18327800
2023-01-18,KO,KO,61.5099983215332,61.59000015258789,59.68000030517578,59.810001373291016,53.6087760925293,19679400
2023-01-19,KO,KO,59.72999954223633,60.63999938964844,59.709999084472656,59.720001220703125,53.52810287475586,14894500
2023-01-20,KO,KO,59.720001220703125,60.09000015258789,59.400001525878906,60.08000183105469,53.85077667236328,14237700
2023-01-23,KO,KO,60.279998779296875,60.56999969482422,60.04999923706055,60.22999954223633,53.98522186279297,12613400
2023-01-24,KO,KO,60.08000183105469,61.849998474121094,59.79999923706055,60.54999923706055,54.27204513549805,10103300
2023-01-25,KO,KO,60.20000076293945,60.939998626708984,59.88999938964844,60.93000030517578,54.61265563964844,11265800
2023-01-26,KO,KO,60.810001373291016,61.099998474121094,60.56999969482422,60.810001373291016,54.50509262084961,11884800
2023-01-27,KO,KO,60.84000015258789,60.959999084472656,60.369998931884766,60.4900016784668,54.21826934814453,14087000
2023-01-30,KO,KO,60.540000915527344,61.16999816894531,60.459999084472656,60.63999938964844,54.35270690917969,15632000
2023-01-31,KO,KO,60.97999954223633,61.34000015258789,60.5099983215332,61.31999969482422,54.962215423583984,14344400
2023-02-01,KO,KO,61.13999938964844,61.58000183105469,60.619998931884766,61.33000183105469,54.971168518066406,12535400
2023-02-02,KO,KO,60.79999923706055,61.02000045776367,59.90999984741211,60.279998779296875,54.03004837036133,16947200
2023-02-03,KO,KO,60.349998474121094,60.41999816894531,59.22999954223633,59.83000183105469,53.62668991088867,15404400
2023-02-06,KO,KO,59.790000915527344,60.34000015258789,59.720001220703125,60.16999816894531,53.93144607543945,11330900
2023-02-07,KO,KO,59.66999816894531,60.2400016784668,59.540000915527344,60.06999969482422,53.84181594848633,14922700
2023-02-08,KO,KO,59.91999816894531,59.91999816894531,59.59000015258789,59.720001220703125,53.52810287475586,11012000
2023-02-09,KO,KO,60.150001525878906,60.31999969482422,59.599998474121094,59.619998931884766,53.43846893310547,12515300
2023-02-10,KO,KO,59.720001220703125,59.900001525878906,58.880001068115234,59.619998931884766,53.43846893310547,14420700
2023-02-13,KO,KO,59.900001525878906,60.7599983215332,59.72999954223633,60.599998474121094,54.31686019897461,16191800
2023-02-14,KO,KO,60.209999084472656,60.900001525878906,59.560001373291016,59.59000015258789,53.41157913208008,20505700
2023-02-15,KO,KO,59.900001525878906,59.93000030517578,59.22999954223633,59.59000015258789,53.41157913208008,13171400
2023-02-16,KO,KO,59.22999954223633,59.81999969482422,58.95000076293945,59.220001220703125,53.0799446105957,16538300
2023-02-17,KO,KO,59.5,60.22999954223633,59.380001068115234,60.119998931884766,53.88663101196289,16814700
2023-02-21,KO,KO,59.9900016784668,60.22999954223633,59.720001220703125,59.79999923706055,53.59981155395508,14278300
2023-02-22,KO,KO,59.849998474121094,60.36000061035156,59.75,59.97999954223633,53.76115036010742,12409600
2023-02-23,KO,KO,60.0099983215332,60.41999816894531,59.810001373291016,60.09000015258789,53.8597412109375,12222800
2023-02-24,KO,KO,59.68000030517578,59.90999984741211,59.38999938964844,59.84000015258789,53.63566207885742,9736200
2023-02-27,KO,KO,60.18000030517578,60.29999923706055,59.7400016784668,59.81999969482422,53.617733001708984,8849800
2023-02-28,KO,KO,59.70000076293945,59.70000076293945,59.13999938964844,59.5099983215332,53.33987045288086,16082200
2023-03-01,KO,KO,59.130001068115234,59.18000030517578,58.369998931884766,58.86000061035156,52.757266998291016,13275800
2023-03-02,KO,KO,58.84000015258789,59.779998779296875,58.79999923706055,59.720001220703125,53.52810287475586,11758300
2023-03-03,KO,KO,59.54999923706055,59.68000030517578,59.209999084472656,59.439998626708984,53.27713394165039,13101800
2023-03-06,KO,KO,59.2599983215332,60.380001068115234,59.220001220703125,60.36000061035156,54.10174560546875,16282700
2023-03-07,KO,KO,60.4900016784668,60.56999969482422,59.75,60.0099983215332,53.78803253173828,13961200
2023-03-08,KO,KO,60.040000915527344,60.33000183105469,59.72999954223633,60.040000915527344,53.81492233276367,10851600
2023-03-09,KO,KO,60.540000915527344,60.540000915527344,59.279998779296875,59.459999084472656,53.29506301879883,13900900
2023-03-10,KO,KO,59.70000076293945,60.13999938964844,58.9900016784668,59.209999084472656,53.070980072021484,13745800
2023-03-13,KO,KO,59.290000915527344,60.869998931884766,59.25,59.810001373291016,53.6087760925293,21956000
2023-03-14,KO,KO,60.0,60.459999084472656,59.349998474121094,60.029998779296875,53.80595779418945,19496900
2023-03-15,KO,KO,59.43000030517578,60.47999954223633,59.2400016784668,60.43000030517578,54.164493560791016,21089900
2023-03-16,KO,KO,60.09000015258789,60.34000015258789,59.70000076293945,60.29999923706055,54.46253967285156,15658300
2023-03-17,KO,KO,60.310001373291016,60.349998474121094,59.63999938964844,60.02000045776367,54.20964813232422,27351200
2023-03-20,KO,KO,60.15999984741211,60.599998474121094,59.970001220703125,60.599998474121094,54.73349380493164,12904100
2023-03-21,KO,KO,60.56999969482422,60.75,59.880001068115234,60.31999969482422,54.48059844970703,13716500
2023-03-22,KO,KO,60.400001525878906,60.869998931884766,60.029998779296875,60.04999923706055,54.23674011230469,10494200
2023-03-23,KO,KO,60.09000015258789,60.38999938964844,59.720001220703125,59.91999816894531,54.119327545166016,15479000
2023-03-24,KO,KO,60.25,61.02000045776367,59.90999984741211,60.900001525878906,55.00445556640625,12975600
2023-03-27,KO,KO,61.13999938964844,61.47999954223633,60.95000076293945,61.349998474121094,55.410888671875,12777400
2023-03-28,KO,KO,61.38999938964844,61.7400016784668,61.27000045776367,61.41999816894531,55.47411346435547,10925700
2023-03-29,KO,KO,61.720001220703125,61.95000076293945,61.59000015258789,61.86000061035156,55.87152099609375,9441000
2023-03-30,KO,KO,61.880001068115234,62.09000015258789,61.65999984741211,61.849998474121094,55.86248016357422,9870700
2023-03-31,KO,KO,62.060001373291016,62.25,61.869998931884766,62.029998779296875,56.02506637573242,14440900
2023-04-03,KO,KO,62.29999923706055,62.52000045776367,61.86000061035156,62.400001525878906,56.35924530029297,12300700
2023-04-04,KO,KO,62.38999938964844,62.7400016784668,62.08000183105469,62.209999084472656,56.18764114379883,11433400
2023-04-05,KO,KO,62.529998779296875,63.02000045776367,62.5,62.79999923706055,56.720523834228516,12789600
2023-04-06,KO,KO,62.86000061035156,63.040000915527344,62.380001068115234,62.84000015258789,56.756656646728516,9644200
2023-04-10,KO,KO,62.4900016784668,62.689998626708984,62.02000045776367,62.689998626708984,56.62116622924805,7952600
2023-04-11,KO,KO,62.650001525878906,62.709999084472656,62.400001525878906,62.58000183105469,56.52183151245117,9913000
2023-04-12,KO,KO,62.47999954223633,63.029998779296875,62.310001373291016,62.689998626708984,56.62116622924805,9593700
2023-04-13,KO,KO,62.7599983215332,63.15999984741211,62.47999954223633,63.150001525878906,57.0366325378418,9871400
2023-04-14,KO,KO,63.04999923706055,63.150001525878906,62.779998779296875,63.04999923706055,56.946319580078125,8946000
2023-04-17,KO,KO,63.31999969482422,63.529998779296875,63.13999938964844,63.459999084472656,57.316627502441406,9452400
2023-04-18,KO,KO,63.5099983215332,63.599998474121094,63.189998626708984,63.560001373291016,57.40695571899414,9035700
2023-04-19,KO,KO,63.72999954223633,63.83000183105469,63.43000030517578,63.68000030517578,57.51532745361328,9769500
2023-04-20,KO,KO,63.630001068115234,64.0,63.439998626708984,63.959999084472656,57.76822280883789,10706400
2023-04-21,KO,KO,64.0,64.2699966430664,63.79999923706055,64.05000305175781,57.849525451660156,12931100
2023-04-24,KO,KO,64.75,64.98999786376953,63.619998931884766,63.95000076293945,57.75920104980469,15532300
2023-04-25,KO,KO,64.16999816894531,64.16999816894531,63.630001068115234,63.849998474121094,57.66887283325195,12818900
2023-04-26,KO,KO,63.560001373291016,63.77000045776367,63.38999938964844,63.54999923706055,57.397918701171875,13179600
2023-04-27,KO,KO,63.529998779296875,63.7599983215332,63.11000061035156,63.68000030517578,57.51532745361328,13795800
2023-04-28,KO,KO,63.61000061035156,64.16000366210938,63.47999954223633,64.1500015258789,57.93983459472656,13687600
2023-05-01,KO,KO,64.1500015258789,64.69000244140625,64.05999755859375,64.30000305175781,58.075313568115234,9091500
2023-05-02,KO,KO,64.13999938964844,64.13999938964844,63.27000045776367,64.01000213623047,57.813385009765625,10948400
2023-05-03,KO,KO,64.0199966430664,64.18000030517578,63.58000183105469,63.650001525878906,57.488243103027344,11084600
2023-05-04,KO,KO,63.7400016784668,63.93000030517578,63.5099983215332,63.720001220703125,57.55146026611328,11938300
2023-05-05,KO,KO,63.63999938964844,64.20999908447266,63.630001068115234,64.0199966430664,57.822410583496094,9039000
2023-05-08,KO,KO,63.810001373291016,64.05999755859375,63.61000061035156,63.91999816894531,57.73210525512695,7240700
2023-05-09,KO,KO,63.63999938964844,63.75,63.279998779296875,63.38999938964844,57.25341033935547,9067700
2023-05-10,KO,KO,63.31999969482422,63.63999938964844,62.9900016784668,63.5,57.352760314941406,10134000
2023-05-11,KO,KO,63.58000183105469,63.93000030517578,63.0099983215332,63.86000061035156,57.677913665771484,9581500
2023-05-12,KO,KO,63.86000061035156,64.19000244140625,63.70000076293945,64.11000061035156,57.903709411621094,8740800
2023-05-15,KO,KO,64.22000122070312,64.25,63.709999084472656,63.939998626708984,57.750160217285156,8150000
2023-05-16,KO,KO,63.900001525878906,63.900001525878906,63.15999984741211,63.220001220703125,57.0998649597168,9129600
2023-05-17,KO,KO,63.400001525878906,63.41999816894531,62.72999954223633,63.150001525878906,57.0366325378418,11583000
2023-05-18,KO,KO,63.0099983215332,63.040000915527344,62.56999969482422,62.79999923706055,56.720523834228516,13595100
2023-05-19,KO,KO,63.040000915527344,63.099998474121094,62.61000061035156,62.83000183105469,56.747623443603516,14251400
2023-05-22,KO,KO,62.790000915527344,62.869998931884766,61.439998626708984,61.5099983215332,55.555397033691406,15055400
2023-05-23,KO,KO,61.5099983215332,61.66999816894531,61.16999816894531,61.400001525878906,55.4560546875,13932700
2023-05-24,KO,KO,61.380001068115234,61.43000030517578,60.720001220703125,60.880001068115234,54.98639678955078,11090100
2023-05-25,KO,KO,60.470001220703125,60.72999954223633,60.150001525878906,60.40999984741211,54.56189727783203,14463600
2023-05-26,KO,KO,60.45000076293945,60.63999938964844,60.11000061035156,60.2599983215332,54.426414489746094,12570300
2023-05-30,KO,KO,60.09000015258789,60.20000076293945,59.52000045776367,59.779998779296875,53.992881774902344,15634200
2023-05-31,KO,KO,59.91999816894531,60.279998779296875,59.369998931884766,59.65999984741211,53.88450241088867,59432200
2023-06-01,KO,KO,59.939998626708984,60.16999816894531,59.77000045776367,60.0,54.19158935546875,13402700
2023-06-02,KO,KO,60.27000045776367,61.31999969482422,60.08000183105469,61.15999984741211,55.239288330078125,15259800
2023-06-05,KO,KO,61.0,61.439998626708984,60.54999923706055,60.75,54.86897659301758,12915600
2023-06-06,KO,KO,60.95000076293945,60.9900016784668,60.119998931884766,60.310001373291016,54.4715690612793,10943500
2023-06-07,KO,KO,60.0099983215332,60.36000061035156,59.81999969482422,60.220001220703125,54.390289306640625,16817900
2023-06-08,KO,KO,60.130001068115234,60.40999984741211,59.97999954223633,60.369998931884766,54.5257682800293,15585900
2023-06-09,KO,KO,60.27000045776367,60.66999816894531,60.16999816894531,60.470001220703125,54.6160774230957,12581500
2023-06-12,KO,KO,60.59000015258789,60.650001525878906,60.02000045776367,60.209999084472656,54.381248474121094,14208900
2023-06-13,KO,KO,60.209999084472656,60.66999816894531,60.040000915527344,60.45000076293945,54.5980224609375,13397800
2023-06-14,KO,KO,60.72999954223633,61.08000183105469,60.599998474121094,60.86000061035156,54.96833038330078,14099700
2023-06-15,KO,KO,60.61000061035156,61.29999923706055,60.34000015258789,61.22999954223633,55.72368621826172,15271400
2023-06-16,KO,KO,61.599998474121094,62.16999816894531,61.47999954223633,61.66999816894531,56.12411880493164,26738000
2023-06-20,KO,KO,61.59000015258789,61.959999084472656,61.2400016784668,61.2599983215332,55.7509880065918,13971800
2023-06-21,KO,KO,61.310001373291016,61.720001220703125,60.97999954223633,61.43000030517578,55.90571212768555,13948700
2023-06-22,KO,KO,61.810001373291016,62.099998474121094,61.59000015258789,61.849998474121094,56.287940979003906,15193400
2023-06-23,KO,KO,61.939998626708984,61.970001220703125,61.18000030517578,61.20000076293945,55.69639205932617,25112100
2023-06-26,KO,KO,61.209999084472656,61.290000915527344,60.38999938964844,61.220001220703125,55.714595794677734,12856100
2023-06-27,KO,KO,61.220001220703125,61.36000061035156,60.97999954223633,61.09000015258789,55.596282958984375,9068500
2023-06-28,KO,KO,60.880001068115234,61.040000915527344,60.400001525878906,60.52000045776367,55.07754135131836,11173200
2023-06-29,KO,KO,60.220001220703125,60.349998474121094,59.77000045776367,60.02000045776367,54.622501373291016,17142300
2023-06-30,KO,KO,60.0,60.349998474121094,59.869998931884766,60.220001220703125,54.804527282714844,19739200
2023-07-03,KO,KO,60.20000076293945,60.630001068115234,60.029998779296875,60.58000183105469,55.13214874267578,9694500
2023-07-05,KO,KO,60.279998779296875,61.099998474121094,60.15999984741211,61.029998779296875,55.54167556762695,14716600
2023-07-06,KO,KO,60.72999954223633,61.02000045776367,60.5,60.560001373291016,55.11394500732422,12603900
2023-07-07,KO,KO,60.310001373291016,60.5,59.72999954223633,59.7599983215332,54.385887145996094,14574000
2023-07-10,KO,KO,59.970001220703125,60.150001525878906,59.13999938964844,59.310001373291016,53.97635269165039,15480600
2023-07-11,KO,KO,59.459999084472656,59.560001373291016,58.84000015258789,59.52000045776367,54.167457580566406,15967700
2023-07-12,KO,KO,59.75,60.04999923706055,59.45000076293945,59.84000015258789,54.45869064331055,14241300
2023-07-13,KO,KO,60.119998931884766,60.459999084472656,59.97999954223633,60.349998474121094,54.922821044921875,11269800
2023-07-14,KO,KO,60.13999938964844,61.040000915527344,60.09000015258789,60.900001525878906,55.423370361328125,11634200
2023-07-17,KO,KO,60.7599983215332,61.099998474121094,60.4900016784668,60.810001373291016,55.34146499633789,10014300
2023-07-18,KO,KO,60.959999084472656,61.25,60.40999984741211,60.56999969482422,55.12303924560547,11152900
2023-07-19,KO,KO,60.77000045776367,61.790000915527344,60.68000030517578,61.63999938964844,56.09681701660156,12936000
2023-07-20,KO,KO,61.68000030517578,62.40999984741211,61.66999816894531,62.38999938964844,56.77937316894531,11563000
2023-07-21,KO,KO,62.459999084472656,62.68000030517578,62.2400016784668,62.439998626708984,56.82487487792969,12815100
2023-07-24,KO,KO,62.41999816894531,62.810001373291016,62.400001525878906,62.459999084472656,56.84307861328125,10251100
2023-07-25,KO,KO,62.29999923706055,62.38999938964844,62.04999923706055,62.25,56.65196228027344,13422700
2023-07-26,KO,KO,61.86000061035156,63.16999816894531,61.38999938964844,63.04999923706055,57.3800163269043,17145500
2023-07-27,KO,KO,63.04999923706055,63.27000045776367,62.380001068115234,62.439998626708984,56.82487487792969,11517100
2023-07-28,KO,KO,62.59000015258789,62.77000045776367,62.220001220703125,62.47999954223633,56.86128234863281,9721800
2023-07-31,KO,KO,62.45000076293945,62.45000076293945,61.72999954223633,61.93000030517578,56.360740661621094,15577900
2023-08-01,KO,KO,62.09000015258789,62.36000061035156,61.619998931884766,61.77000045776367,56.215126037597656,9281600
2023-08-02,KO,KO,61.560001373291016,62.59000015258789,61.560001373291016,61.959999084472656,56.38804244995117,11059400
2023-08-03,KO,KO,61.869998931884766,62.119998931884766,61.529998779296875,61.63999938964844,56.09681701660156,8037400
2023-08-04,KO,KO,61.68000030517578,61.88999938964844,60.619998931884766,60.709999084472656,55.250450134277344,9359300
2023-08-07,KO,KO,60.790000915527344,61.33000183105469,60.7400016784668,61.189998626708984,55.68729019165039,6982600
2023-08-08,KO,KO,61.189998626708984,61.349998474121094,60.619998931884766,60.91999816894531,55.441566467285156,7956100
2023-08-09,KO,KO,60.90999984741211,61.630001068115234,60.75,61.060001373291016,55.5689811706543,7904100
2023-08-10,KO,KO,61.349998474121094,61.72999954223633,60.790000915527344,60.91999816894531,55.441566467285156,7870300
2023-08-11,KO,KO,60.84000015258789,61.20000076293945,60.689998626708984,61.16999816894531,55.66908645629883,8483900
2023-08-14,KO,KO,61.31999969482422,61.47999954223633,60.75,60.880001068115234,55.40516662597656,7176300
2023-08-15,KO,KO,60.689998626708984,60.900001525878906,60.369998931884766,60.470001220703125,55.03204345703125,7187400
2023-08-16,KO,KO,60.540000915527344,60.81999969482422,60.400001525878906,60.47999954223633,55.041133880615234,8372300
2023-08-17,KO,KO,60.58000183105469,61.02000045776367,60.45000076293945,60.61000061035156,55.15944290161133,12873500
2023-08-18,KO,KO,60.540000915527344,61.09000015258789,60.369998931884766,60.95000076293945,55.4688720703125,11083800
2023-08-21,KO,KO,60.86000061035156,60.93000030517578,60.31999969482422,60.43000030517578,54.995635986328125,8648500
2023-08-22,KO,KO,60.34000015258789,60.58000183105469,59.97999954223633,60.060001373291016,54.65890884399414,9411500
2023-08-23,KO,KO,60.20000076293945,60.439998626708984,60.15999984741211,60.27000045776367,54.85002136230469,7749500
2023-08-24,KO,KO,60.27000045776367,60.880001068115234,60.09000015258789,60.11000061035156,54.704410552978516,8955100
2023-08-25,KO,KO,60.40999984741211,60.56999969482422,60.0099983215332,60.38999938964844,54.959228515625,7629200
2023-08-28,KO,KO,60.54999923706055,60.72999954223633,60.369998931884766,60.560001373291016,55.11394500732422,6254300
2023-08-29,KO,KO,60.560001373291016,60.630001068115234,60.150001525878906,60.5,55.05934143066406,8189600
2023-08-30,KO,KO,60.63999938964844,60.7400016784668,60.290000915527344,60.470001220703125,55.03204345703125,9447900
2023-08-31,KO,KO,60.29999923706055,60.470001220703125,59.810001373291016,59.83000183105469,54.44959259033203,14663500
2023-09-01,KO,KO,60.0,60.130001068115234,59.119998931884766,59.310001373291016,53.97635269165039,11262300
2023-09-05,KO,KO,59.25,59.31999969482422,58.66999816894531,58.81999969482422,53.53041076660156,12474600
2023-09-06,KO,KO,58.619998931884766,58.83000183105469,58.41999816894531,58.779998779296875,53.494014739990234,13923500
2023-09-07,KO,KO,58.95000076293945,59.15999984741211,58.29999923706055,58.33000183105469,53.08448791503906,17628600
2023-09-08,KO,KO,58.29999923706055,58.40999984741211,58.0099983215332,58.33000183105469,53.08448791503906,14312300
2023-09-11,KO,KO,58.400001525878906,58.9900016784668,58.22999954223633,58.880001068115234,53.585018157958984,14767400
2023-09-12,KO,KO,58.9900016784668,59.0,58.189998626708984,58.29999923706055,53.05717468261719,12292700
2023-09-13,KO,KO,58.400001525878906,58.68000030517578,58.34000015258789,58.439998626708984,53.18458938598633,12641400
2023-09-14,KO,KO,58.2400016784668,58.59000015258789,58.189998626708984,58.459999084472656,53.6248893737793,12311600
2023-09-15,KO,KO,58.40999984741211,58.63999938964844,57.75,57.939998626708984,53.14789962768555,55727500
2023-09-18,KO,KO,57.97999954223633,58.349998474121094,57.630001068115234,58.29999923706055,53.478126525878906,13617400
2023-09-19,KO,KO,58.2599983215332,58.38999938964844,57.91999816894531,58.18000030517578,53.36804962158203,11998900
2023-09-20,KO,KO,58.29999923706055,58.83000183105469,58.08000183105469,58.439998626708984,53.60654830932617,14766600
2023-09-21,KO,KO,58.369998931884766,58.41999816894531,57.41999816894531,57.540000915527344,52.78098678588867,15941800
2023-09-22,KO,KO,57.849998474121094,57.970001220703125,57.5,57.599998474121094,52.83601379394531,14644100
2023-09-25,KO,KO,57.400001525878906,57.4900016784668,56.7400016784668,57.0,52.285640716552734,12358800
2023-09-26,KO,KO,56.72999954223633,56.900001525878906,56.400001525878906,56.529998779296875,51.854515075683594,11194700
2023-09-27,KO,KO,56.41999816894531,56.529998779296875,55.68000030517578,55.95000076293945,51.32248306274414,13766300
2023-09-28,KO,KO,56.22999954223633,56.31999969482422,55.70000076293945,55.810001373291016,51.19406509399414,12484800
2023-09-29,KO,KO,56.13999938964844,56.27000045776367,55.619998931884766,55.97999954223633,51.350006103515625,12271600
2023-10-02,KO,KO,55.90999984741211,56.0099983215332,55.08000183105469,55.47999954223633,50.891357421875,11792500
2023-10-03,KO,KO,55.15999984741211,55.43000030517578,54.779998779296875,54.880001068115234,50.340980529785156,13604200
2023-10-04,KO,KO,54.88999938964844,55.279998779296875,54.709999084472656,55.040000915527344,50.48775100708008,12100500
2023-10-05,KO,KO,54.7400016784668,54.95000076293945,52.2400016784668,52.380001068115234,48.04776382446289,29878100
2023-10-06,KO,KO,52.040000915527344,53.290000915527344,51.54999923706055,53.13999938964844,48.74488830566406,30298900
2023-10-09,KO,KO,52.959999084472656,53.150001525878906,52.11000061035156,52.880001068115234,48.506404876708984,15704700
2023-10-10,KO,KO,54.130001068115234,54.33000183105469,53.560001373291016,54.029998779296875,49.5612907409668,20909700
2023-10-11,KO,KO,54.220001220703125,54.279998779296875,53.02000045776367,53.709999084472656,49.26774978637695,21138900
2023-10-12,KO,KO,53.7599983215332,53.83000183105469,52.43000030517578,52.810001373291016,48.44220733642578,19330400
2023-10-13,KO,KO,52.7400016784668,53.41999816894531,52.63999938964844,52.88999938964844,48.51557540893555,14494600
2023-10-16,KO,KO,53.02000045776367,53.560001373291016,52.84000015258789,53.43000030517578,49.01091766357422,12816800
2023-10-17,KO,KO,53.310001373291016,54.099998474121094,53.209999084472656,54.06999969482422,49.59797668457031,16457200
2023-10-18,KO,KO,54.099998474121094,54.529998779296875,53.91999816894531,54.04999923706055,49.57963562011719,12809500
2023-10-19,KO,KO,54.15999984741211,54.7599983215332,53.86000061035156,54.349998474121094,49.85481643676758,16202200
2023-10-20,KO,KO,54.529998779296875,55.02000045776367,54.439998626708984,54.56999969482422,50.05662155151367,15686400
2023-10-23,KO,KO,54.380001068115234,54.88999938964844,54.04999923706055,54.08000183105469,49.607154846191406,21212700
2023-10-24,KO,KO,55.650001525878906,56.16999816894531,55.29999923706055,55.63999938964844,51.03812026977539,25290800
2023-10-25,KO,KO,55.7599983215332,56.220001220703125,55.560001373291016,56.119998931884766,51.478424072265625,16701000
2023-10-26,KO,KO,56.369998931884766,56.630001068115234,55.720001220703125,55.779998779296875,51.16654968261719,16228400
2023-10-27,KO,KO,55.54999923706055,56.13999938964844,55.099998474121094,55.2400016784668,50.67121505737305,13626500
2023-10-30,KO,KO,55.43000030517578,56.279998779296875,55.41999816894531,56.150001525878906,51.505950927734375,15014300
2023-10-31,KO,KO,56.56999969482422,56.720001220703125,56.150001525878906,56.4900016784668,51.81782531738281,16639400
2023-11-01,KO,KO,56.79999923706055,56.880001068115234,56.2599983215332,56.439998626708984,51.7719612121582,14110800
2023-11-02,KO,KO,56.5,57.150001525878906,56.36000061035156,57.09000015258789,52.36819839477539,13087200
2023-11-03,KO,KO,57.400001525878906,57.59000015258789,56.70000076293945,56.7400016784668,52.047149658203125,13958700
2023-11-06,KO,KO,56.779998779296875,57.279998779296875,56.7400016784668,56.970001220703125,52.258121490478516,12673200
2023-11-07,KO,KO,56.91999816894531,57.400001525878906,56.72999954223633,57.18000030517578,52.45076370239258,10449300
2023-11-08,KO,KO,57.31999969482422,57.470001220703125,56.91999816894531,57.09000015258789,52.36819839477539,13744000
2023-11-09,KO,KO,57.029998779296875,57.13999938964844,56.369998931884766,56.65999984741211,51.97376251220703,12021100
2023-11-10,KO,KO,56.869998931884766,56.93000030517578,56.060001373291016,56.720001220703125,52.028804779052734,11678900
2023-11-13,KO,KO,56.619998931884766,57.099998474121094,56.599998474121094,56.93000030517578,52.221435546875,12798200
2023-11-14,KO,KO,57.02000045776367,57.2400016784668,56.810001373291016,57.099998474121094,52.377376556396484,12697100
2023-11-15,KO,KO,57.29999923706055,57.34000015258789,56.75,57.209999084472656,52.478271484375,10201900
2023-11-16,KO,KO,57.25,57.529998779296875,56.810001373291016,57.150001525878906,52.42323303222656,16010400
2023-11-17,KO,KO,57.189998626708984,57.34000015258789,56.70000076293945,57.2599983215332,52.524139404296875,14475800
2023-11-20,KO,KO,57.04999923706055,57.58000183105469,56.959999084472656,57.400001525878906,52.65256118774414,13051000
2023-11-21,KO,KO,57.459999084472656,58.040000915527344,57.33000183105469,58.029998779296875,53.23045349121094,13891600
2023-11-22,KO,KO,58.2599983215332,58.540000915527344,58.130001068115234,58.41999816894531,53.588199615478516,11320600
2023-11-24,KO,KO,58.459999084472656,58.75,58.34000015258789,58.56999969482422,53.725791931152344,4816000
2023-11-27,KO,KO,58.540000915527344,58.689998626708984,58.27000045776367,58.459999084472656,53.6248893737793,16246500
2023-11-28,KO,KO,58.400001525878906,58.83000183105469,58.36000061035156,58.58000183105469,53.7349739074707,13739600
2023-11-29,KO,KO,58.58000183105469,58.66999816894531,58.099998474121094,58.22999954223633,53.413917541503906,11263600
2023-11-30,KO,KO,57.959999084472656,58.459999084472656,57.599998474121094,58.439998626708984,54.033382415771484,22727500
2023-12-01,KO,KO,58.27000045776367,58.689998626708984,58.2400016784668,58.63999938964844,54.21831130981445,15371200
2023-12-04,KO,KO,58.59000015258789,58.959999084472656,58.439998626708984,58.56999969482422,54.15359115600586,14942200
2023-12-05,KO,KO,58.54999923706055,58.83000183105469,58.41999816894531,58.65999984741211,54.2368049621582,11891500
2023-12-06,KO,KO,58.560001373291016,58.72999954223633,58.209999084472656,58.599998474121094,54.18132781982422,14868500
2023-12-07,KO,KO,58.66999816894531,58.88999938964844,58.38999938964844,58.7400016784668,54.31077575683594,11587900
2023-12-08,KO,KO,58.7400016784668,58.75,58.369998931884766,58.61000061035156,54.190582275390625,11178700
2023-12-11,KO,KO,58.83000183105469,59.09000015258789,58.5,59.040000915527344,54.58815002441406,14524800
2023-12-12,KO,KO,59.20000076293945,59.41999816894531,58.900001525878906,59.41999816894531,54.93950271606445,12899000
2023-12-13,KO,KO,59.45000076293945,60.02000045776367,59.2599983215332,59.93000030517578,55.41104507446289,16196800
2023-12-14,KO,KO,59.970001220703125,60.040000915527344,58.77000045776367,59.040000915527344,54.58815002441406,22478300
2023-12-15,KO,KO,58.83000183105469,59.16999816894531,57.79999923706055,58.599998474121094,54.18132781982422,65177400
2023-12-18,KO,KO,58.79999923706055,59.4900016784668,58.619998931884766,59.02000045776367,54.56966018676758,16717700
2023-12-19,KO,KO,59.0,59.20000076293945,58.63999938964844,58.83000183105469,54.39398193359375,14612200
2023-12-20,KO,KO,58.5,58.66999816894531,57.56999969482422,57.61000061035156,53.26598358154297,17701000
2023-12-21,KO,KO,57.849998474121094,58.06999969482422,57.470001220703125,57.9900016784668,53.61732864379883,11725100
2023-12-22,KO,KO,58.119998931884766,58.459999084472656,58.02000045776367,58.31999969482422,53.92243957519531,9029400
2023-12-26,KO,KO,58.060001373291016,58.709999084472656,58.060001373291016,58.560001373291016,54.14434051513672,6422500
2023-12-27,KO,KO,58.63999938964844,58.77000045776367,58.400001525878906,58.709999084472656,54.283023834228516,8560100
2023-12-28,KO,KO,58.650001525878906,58.869998931884766,58.529998779296875,58.75,54.320011138916016,8400100
2023-12-29,KO,KO,58.7400016784668,58.97999954223633,58.630001068115234,58.93000030517578,54.48644256591797,9244300
2024-01-02,KO,KO,58.79999923706055,59.880001068115234,58.66999816894531,59.81999969482422,55.30933380126953,16322600
2024-01-03,KO,KO,59.93000030517578,60.20000076293945,59.7599983215332,59.959999084472656,55.438777923583984,14830600
2024-01-04,KO,KO,60.04999923706055,60.2599983215332,59.65999984741211,59.7599983215332,55.25386047363281,12912900
2024-01-05,KO,KO,59.79999923706055,59.95000076293945,59.09000015258789,59.66999816894531,55.170650482177734,10412800
2024-01-08,KO,KO,59.68000030517578,60.18000030517578,59.41999816894531,60.11000061035156,55.57746887207031,11554600
2024-01-09,KO,KO,59.9900016784668,60.13999938964844,59.619998931884766,60.0,55.47576141357422,10493700
2024-01-10,KO,KO,60.220001220703125,60.40999984741211,59.97999954223633,60.20000076293945,55.660682678222656,12258000
2024-01-11,KO,KO,60.25,60.2599983215332,59.689998626708984,59.810001373291016,55.300086975097656,13754200
2024-01-12,KO,KO,60.08000183105469,60.459999084472656,59.869998931884766,60.38999938964844,55.83635330200195,13218000
2024-01-16,KO,KO,60.38999938964844,60.43000030517578,59.849998474121094,59.9900016784668,55.466522216796875,11826900
2024-01-17,KO,KO,59.86000061035156,60.209999084472656,59.81999969482422,59.9900016784668,55.466522216796875,8982100
2024-01-18,KO,KO,59.689998626708984,60.22999954223633,59.529998779296875,60.15999984741211,55.62369918823242,10397700
2024-01-19,KO,KO,60.2599983215332,60.279998779296875,59.63999938964844,59.83000183105469,55.31858444213867,14392600
2024-01-22,KO,KO,59.7599983215332,60.06999969482422,59.439998626708984,59.56999969482422,55.078189849853516,14314300
2024-01-23,KO,KO,59.529998779296875,60.0,59.459999084472656,59.849998474121094,55.337074279785156,14481600
2024-01-24,KO,KO,59.79999923706055,59.810001373291016,58.88999938964844,58.90999984741211,54.46794509887695,16370500
2024-01-25,KO,KO,59.0099983215332,59.16999816894531,58.65999984741211,59.15999984741211,54.699100494384766,14899700
2024-01-26,KO,KO,59.25,59.4900016784668,59.130001068115234,59.369998931884766,54.89325714111328,13025100
2024-01-29,KO,KO,59.34000015258789,59.790000915527344,59.16999816894531,59.72999954223633,55.22611999511719,14547100
2024-01-30,KO,KO,59.849998474121094,60.02000045776367,59.45000076293945,59.900001525878906,55.38330841064453,22061500
2024-01-31,KO,KO,60.099998474121094,60.45000076293945,59.290000915527344,59.4900016784668,55.00422286987305,22837000
2024-02-01,KO,KO,59.56999969482422,61.0099983215332,59.36000061035156,60.97999954223633,56.38187026977539,15870900
2024-02-02,KO,KO,60.81999969482422,60.869998931884766,60.22999954223633,60.540000915527344,55.97504425048828,17544900
2024-02-05,KO,KO,60.380001068115234,60.380001068115234,59.880001068115234,60.040000915527344,55.51274871826172,12759600
2024-02-06,KO,KO,59.959999084472656,60.04999923706055,59.68000030517578,59.939998626708984,55.420284271240234,12775200
2024-02-07,KO,KO,60.06999969482422,60.209999084472656,59.939998626708984,59.9900016784668,55.466522216796875,10259900
2024-02-08,KO,KO,59.88999938964844,59.970001220703125,59.40999984741211,59.83000183105469,55.31858444213867,12874800
2024-02-09,KO,KO,59.470001220703125,59.58000183105469,59.029998779296875,59.560001373291016,55.068939208984375,15235300
2024-02-12,KO,KO,59.65999984741211,59.7599983215332,58.959999084472656,59.70000076293945,55.19838333129883,13516800
2024-02-13,KO,KO,59.5,60.65999984741211,58.790000915527344,59.349998474121094,54.87477493286133,24195700
2024-02-14,KO,KO,59.16999816894531,59.59000015258789,59.040000915527344,59.290000915527344,54.81930160522461,15872500
2024-02-15,KO,KO,59.41999816894531,59.59000015258789,59.130001068115234,59.400001525878906,54.92101287841797,13695800
2024-02-16,KO,KO,59.349998474121094,59.619998931884766,58.959999084472656,59.38999938964844,54.9117546081543,13947100
2024-02-20,KO,KO,59.599998474121094,60.84000015258789,59.5099983215332,60.70000076293945,56.12297821044922,18339300
2024-02-21,KO,KO,60.9900016784668,61.279998779296875,60.83000183105469,61.2400016784668,56.62226486206055,14373000
2024-02-22,KO,KO,60.9900016784668,61.25,60.5,61.150001525878906,56.53904342651367,12982800
2024-02-23,KO,KO,61.09000015258789,61.619998931884766,61.0,61.20000076293945,56.58527755737305,13612900
2024-02-26,KO,KO,61.2400016784668,61.27000045776367,60.65999984741211,60.709999084472656,56.132225036621094,10336100
2024-02-27,KO,KO,60.540000915527344,60.779998779296875,60.119998931884766,60.34000015258789,55.790122985839844,9931100
2024-02-28,KO,KO,60.369998931884766,60.4900016784668,60.060001373291016,60.400001525878906,55.845603942871094,8076500
2024-02-29,KO,KO,60.349998474121094,60.63999938964844,59.900001525878906,60.02000045776367,55.49425506591797,18152700
2024-03-01,KO,KO,59.900001525878906,59.900001525878906,59.34000015258789,59.529998779296875,55.041194915771484,10927600
2024-03-04,KO,KO,59.22999954223633,59.95000076293945,59.220001220703125,59.810001373291016,55.300086975097656,10150200
2024-03-05,KO,KO,59.90999984741211,60.11000061035156,59.41999816894531,59.52000045776367,55.03195571899414,12310000
2024-03-06,KO,KO,59.52000045776367,60.0,59.380001068115234,59.54999923706055,55.059696197509766,12378800
2024-03-07,KO,KO,59.689998626708984,59.77000045776367,59.2400016784668,59.439998626708984,54.957984924316406,13686900
2024-03-08,KO,KO,59.29999923706055,59.790000915527344,58.970001220703125,59.52000045776367,55.03195571899414,13239000
2024-03-11,KO,KO,59.779998779296875,60.290000915527344,59.58000183105469,60.2400016784668,55.69766616821289,14114300
2024-03-12,KO,KO,60.31999969482422,60.75,60.209999084472656,60.5,55.93805694580078,12684600
2024-03-13,KO,KO,60.880001068115234,61.209999084472656,60.79999923706055,61.119998931884766,56.51130676269531,13909500
2024-03-14,KO,KO,60.58000183105469,60.79999923706055,60.400001525878906,60.5,56.38549041748047,13996600
2024-03-15,KO,KO,60.02000045776367,60.45000076293945,59.63999938964844,59.880001068115234,55.80766296386719,36849900
2024-03-18,KO,KO,59.88999938964844,60.400001525878906,59.79999923706055,60.130001068115234,56.040653228759766,15856700
2024-03-19,KO,KO,60.2400016784668,60.349998474121094,60.060001373291016,60.22999954223633,56.133853912353516,15030600
2024-03-20,KO,KO,60.18000030517578,60.810001373291016,60.15999984741211,60.75,56.61848831176758,15258800
2024-03-21,KO,KO,60.560001373291016,60.9900016784668,60.31999969482422,60.470001220703125,56.35753631591797,13067100
2024-03-22,KO,KO,60.52000045776367,60.790000915527344,60.43000030517578,60.4900016784668,56.37617111206055,11502800
2024-03-25,KO,KO,60.47999954223633,60.709999084472656,60.119998931884766,60.400001525878906,56.292293548583984,13144700
2024-03-26,KO,KO,60.5,60.709999084472656,60.380001068115234,60.540000915527344,56.42277145385742,13277400
2024-03-27,KO,KO,60.790000915527344,61.43000030517578,60.70000076293945,61.029998779296875,56.87944793701172,12551200
2024-03-28,KO,KO,61.13999938964844,61.2599983215332,61.0,61.18000030517578,57.01924133300781,13683500
2024-04-01,KO,KO,61.18000030517578,61.29999923706055,60.630001068115234,60.68000030517578,56.55324935913086,11668700
2024-04-02,KO,KO,60.45000076293945,60.72999954223633,60.11000061035156,60.150001525878906,56.059295654296875,13017300
2024-04-03,KO,KO,60.04999923706055,60.38999938964844,59.779998779296875,59.83000183105469,55.76106262207031,13672900
2024-04-04,KO,KO,60.09000015258789,60.150001525878906,59.16999816894531,59.29999923706055,55.26709747314453,14320700
2024-04-05,KO,KO,59.25,59.68000030517578,58.90999984741211,59.5099983215332,55.46282196044922,10157800
2024-04-08,KO,KO,59.400001525878906,59.470001220703125,59.06999969482422,59.27000045776367,55.23914337158203,10284500
2024-04-09,KO,KO,59.47999954223633,59.7400016784668,59.130001068115234,59.720001220703125,55.65853500366211,10779100
2024-04-10,KO,KO,59.31999969482422,59.38999938964844,58.689998626708984,58.91999816894531,54.91294860839844,11861900
2024-04-11,KO,KO,59.150001525878906,59.369998931884766,58.790000915527344,59.04999923706055,55.03410339355469,11109000
2024-04-12,KO,KO,58.95000076293945,59.0099983215332,58.130001068115234,58.279998779296875,54.31647491455078,12250900
2024-04-15,KO,KO,58.61000061035156,58.810001373291016,58.040000915527344,58.13999938964844,54.18599319458008,12425000
2024-04-16,KO,KO,58.25,58.380001068115234,57.93000030517578,58.060001373291016,54.11143493652344,11236800
2024-04-17,KO,KO,58.279998779296875,58.560001373291016,58.099998474121094,58.5099983215332,54.53083038330078,13805100
2024-04-18,KO,KO,58.619998931884766,58.97999954223633,58.540000915527344,58.90999984741211,54.90361785888672,11125900
2024-04-19,KO,KO,59.099998474121094,60.36000061035156,59.0,60.16999816894531,56.07793045043945,21207900
2024-04-22,KO,KO,60.13999938964844,60.630001068115234,59.720001220703125,60.54999923706055,56.43209457397461,15624500
2024-04-23,KO,KO,60.529998779296875,60.68000030517578,60.130001068115234,60.63999938964844,56.51597595214844,13689100
2024-04-24,KO,KO,60.31999969482422,61.650001525878906,59.84000015258789,61.54999923706055,57.36408233642578,19548300
2024-04-25,KO,KO,61.869998931884766,62.59000015258789,61.369998931884766,61.7400016784668,57.541168212890625,19048500
2024-04-26,KO,KO,61.54999923706055,61.93000030517578,61.349998474121094,61.7400016784668,57.541168212890625,10994300
2024-04-29,KO,KO,61.91999816894531,62.04999923706055,61.529998779296875,62.040000915527344,57.82075881958008,13409300
2024-04-30,KO,KO,62.13999938964844,62.83000183105469,61.470001220703125,61.77000045776367,57.569122314453125,19349200
2024-05-01,KO,KO,61.79999923706055,62.56999969482422,61.209999084472656,61.93000030517578,57.718238830566406,16729800
2024-05-02,KO,KO,62.18000030517578,62.400001525878906,61.720001220703125,61.9900016784668,57.7741584777832,10991300
2024-05-03,KO,KO,61.9900016784668,62.33000183105469,61.63999938964844,62.16999816894531,57.94191360473633,11628700
2024-05-06,KO,KO,62.29999923706055,62.380001068115234,61.900001525878906,62.349998474121094,58.10967254638672,9310700
2024-05-07,KO,KO,62.7599983215332,62.81999969482422,62.25,62.619998931884766,58.36131286621094,9807000
2024-05-08,KO,KO,62.849998474121094,62.970001220703125,62.47999954223633,62.849998474121094,58.57566452026367,10484400
2024-05-09,KO,KO,62.810001373291016,63.150001525878906,62.75,62.880001068115234,58.60363006591797,9113700
2024-05-10,KO,KO,62.91999816894531,63.36000061035156,62.790000915527344,63.2599983215332,58.957786560058594,8371700
2024-05-13,KO,KO,63.2400016784668,63.619998931884766,63.18000030517578,63.58000183105469,59.25603103637695,10137600
2024-05-14,KO,KO,63.58000183105469,63.7599983215332,62.79999923706055,63.099998474121094,58.80867385864258,10852200
2024-05-15,KO,KO,63.060001373291016,63.38999938964844,63.0,63.130001068115234,58.836631774902344,9838900
2024-05-16,KO,KO,63.2400016784668,63.72999954223633,63.06999969482422,63.31999969482422,59.013710021972656,10228000
2024-05-17,KO,KO,63.34000015258789,63.369998931884766,62.939998626708984,63.029998779296875,58.743431091308594,11539000
2024-05-20,KO,KO,62.93000030517578,63.0099983215332,62.459999084472656,62.56999969482422,58.31471252441406,11000900
2024-05-21,KO,KO,62.81999969482422,62.97999954223633,62.439998626708984,62.90999984741211,58.631591796875,9796200
2024-05-22,KO,KO,62.709999084472656,63.02000045776367,62.65999984741211,63.0,58.71546936035156,7419400
2024-05-23,KO,KO,62.4900016784668,62.880001068115234,62.04999923706055,62.09000015258789,57.86736297607422,9834300
2024-05-24,KO,KO,62.220001220703125,62.41999816894531,61.970001220703125,62.0,57.783477783203125,8203100
2024-05-28,KO,KO,61.790000915527344,62.130001068115234,61.400001525878906,61.81999969482422,57.615718841552734,12347000
2024-05-29,KO,KO,61.470001220703125,61.880001068115234,61.06999969482422,61.70000076293945,57.503883361816406,11861800
2024-05-30,KO,KO,61.849998474121094,62.08000183105469,61.599998474121094,61.970001220703125,57.755516052246094,9433800
2024-05-31,KO,KO,61.9900016784668,63.029998779296875,61.689998626708984,62.93000030517578,58.65023422241211,19816600
2024-06-03,KO,KO,62.709999084472656,63.09000015258789,62.45000076293945,62.93000030517578,58.65023422241211,9369000
2024-06-04,KO,KO,63.20000076293945,63.970001220703125,62.939998626708984,63.939998626708984,59.5915412902832,11895600
2024-06-05,KO,KO,63.9900016784668,64.06999969482422,63.349998474121094,63.91999816894531,59.57289505004883,9632500
2024-06-06,KO,KO,63.91999816894531,64.36000061035156,63.84000015258789,64.1500015258789,59.78726577758789,8658500
2024-06-07,KO,KO,64.08999633789062,64.22000122070312,63.810001373291016,63.90999984741211,59.56358337402344,9523100
2024-06-10,KO,KO,63.939998626708984,63.9900016784668,63.369998931884766,63.59000015258789,59.265350341796875,15685300
2024-06-11,KO,KO,63.59000015258789,63.650001525878906,63.06999969482422,63.54999923706055,59.228065490722656,8396000
2024-06-12,KO,KO,63.689998626708984,63.689998626708984,62.689998626708984,62.880001068115234,58.60363006591797,9569600
2024-06-13,KO,KO,62.86000061035156,63.040000915527344,62.45000076293945,62.9900016784668,58.70615005493164,9668900
2024-06-14,KO,KO,62.380001068115234,62.689998626708984,62.09000015258789,62.54999923706055,58.7484130859375,8179200
2024-06-17,KO,KO,62.369998931884766,62.900001525878906,62.18000030517578,62.619998931884766,58.81415557861328,10532700
2024-06-18,KO,KO,62.529998779296875,62.81999969482422,62.439998626708984,62.630001068115234,58.82355499267578,10651700
2024-06-20,KO,KO,62.400001525878906,62.7400016784668,61.95000076293945,62.18000030517578,58.400901794433594,13306300
2024-06-21,KO,KO,62.18000030517578,63.099998474121094,62.18000030517578,62.77000045776367,58.95504379272461,28278100
2024-06-24,KO,KO,62.9900016784668,64.05999755859375,62.90999984741211,63.970001220703125,60.082115173339844,13212500
2024-06-25,KO,KO,63.939998626708984,64.06999969482422,63.5099983215332,63.84000015258789,59.96001052856445,10235300
2024-06-26,KO,KO,63.400001525878906,64.11000061035156,63.22999954223633,64.05000305175781,60.15725326538086,9402500
2024-06-27,KO,KO,64.05000305175781,64.2699966430664,63.619998931884766,63.90999984741211,60.025753021240234,8494100
2024-06-28,KO,KO,63.900001525878906,64.05999755859375,63.52000045776367,63.650001525878906,59.78156280517578,17358800
2024-07-01,KO,KO,64.02999877929688,64.30000305175781,63.119998931884766,63.279998779296875,59.43404769897461,10033400
2024-07-02,KO,KO,63.2599983215332,63.380001068115234,62.86000061035156,63.150001525878906,59.311946868896484,8878200
2024-07-03,KO,KO,63.189998626708984,63.66999816894531,62.93000030517578,63.33000183105469,59.48101043701172,9154200
2024-07-05,KO,KO,63.33000183105469,63.790000915527344,63.0,63.7599983215332,59.8848762512207,11735500
2024-07-08,KO,KO,63.59000015258789,63.59000015258789,62.84000015258789,62.959999084472656,59.13349151611328,11235100
2024-07-09,KO,KO,63.060001373291016,63.22999954223633,62.59000015258789,62.689998626708984,58.87990188598633,11657500
2024-07-10,KO,KO,62.720001220703125,62.86000061035156,62.290000915527344,62.83000183105469,59.01140213012695,11930400
2024-07-11,KO,KO,62.63999938964844,63.459999084472656,62.400001525878906,63.099998474121094,59.26498031616211,11431600
2024-07-12,KO,KO,63.459999084472656,64.11000061035156,63.38999938964844,63.70000076293945,59.828521728515625,9201500
2024-07-15,KO,KO,63.790000915527344,63.939998626708984,63.349998474121094,63.40999984741211,59.556148529052734,8207500
2024-07-16,KO,KO,63.43000030517578,64.30999755859375,63.38999938964844,64.2699966430664,60.36387634277344,9025100
2024-07-17,KO,KO,64.47000122070312,65.38999938964844,64.41000366210938,65.20999908447266,61.24674987792969,12508200
2024-07-18,KO,KO,64.80000305175781,65.80999755859375,64.72000122070312,65.19000244140625,61.227962493896484,11128200
2024-07-19,KO,KO,65.63999938964844,65.63999938964844,64.81999969482422,65.29000091552734,61.321895599365234,13775700
2024-07-22,KO,KO,65.25,65.29000091552734,64.31999969482422,64.7699966430664,60.833492279052734,11794200
2024-07-23,KO,KO,65.43000030517578,66.04000091552734,64.8499984741211,64.95999908447266,61.011940002441406,11810300
2024-07-24,KO,KO,65.08999633789062,65.97000122070312,64.83000183105469,65.80999755859375,61.81028366088867,13244600
2024-07-25,KO,KO,66.04000091552734,66.88999938964844,65.86000061035156,66.06999969482422,62.05448532104492,16328600
2024-07-26,KO,KO,66.06999969482422,67.11000061035156,66.01000213623047,67.05000305175781,62.97492599487305,13530100
2024-07-29,KO,KO,66.87999725341797,67.02999877929688,66.38999938964844,66.83000183105469,62.76829147338867,12140200
2024-07-30,KO,KO,66.4800033569336,67.83000183105469,66.36000061035156,67.68000030517578,63.5666389465332,13258000
2024-07-31,KO,KO,67.5,67.61000061035156,66.61000061035156,66.73999786376953,62.68376159667969,15576800
2024-08-01,KO,KO,67.0,68.11000061035156,66.69999694824219,67.95999908447266,63.829612731933594,16495900
2024-08-02,KO,KO,68.52999877929688,69.66999816894531,67.69000244140625,69.33000183105469,65.11634826660156,22514800
2024-08-05,KO,KO,68.98999786376953,69.55000305175781,67.7300033569336,68.0999984741211,63.96110534667969,25484300
2024-08-06,KO,KO,68.1500015258789,68.83999633789062,67.7699966430664,68.05000305175781,63.914146423339844,12969100
2024-08-07,KO,KO,68.05000305175781,69.18000030517578,67.83000183105469,68.45999908447266,64.29920959472656,13365300
2024-08-08,KO,KO,68.0,68.86000061035156,67.8499984741211,68.7300033569336,64.55281829833984,15240900
2024-08-09,KO,KO,68.69999694824219,68.79000091552734,68.25,68.68000030517578,64.50585174560547,12080400
2024-08-12,KO,KO,68.44999694824219,68.54000091552734,67.83000183105469,68.16999816894531,64.02684020996094,11012300
2024-08-13,KO,KO,68.08000183105469,68.61000061035156,68.01000213623047,68.45999908447266,64.29920959472656,9877600
2024-08-14,KO,KO,68.2300033569336,68.88999938964844,68.12999725341797,68.58000183105469,64.41192626953125,14328000
2024-08-15,KO,KO,68.62000274658203,68.91999816894531,68.5,68.6500015258789,64.4776840209961,11285100
2024-08-16,KO,KO,68.83999633789062,69.30000305175781,68.63999938964844,69.18000030517578,64.97547149658203,12651200
2024-08-19,KO,KO,69.3499984741211,69.41999816894531,68.8499984741211,68.9800033569336,64.78761291503906,9843900
2024-08-20,KO,KO,68.98999786376953,69.38999938964844,68.7699966430664,69.37999725341797,65.1633071899414,11957400
2024-08-21,KO,KO,69.4800033569336,70.12999725341797,69.33000183105469,69.56999969482422,65.34176635742188,8792400
2024-08-22,KO,KO,69.91999816894531,69.91999816894531,68.79000091552734,69.33000183105469,65.11634826660156,12509200
2024-08-23,KO,KO,69.4000015258789,69.8499984741211,68.94000244140625,69.79000091552734,65.54839324951172,11834700
2024-08-26,KO,KO,69.83000183105469,70.91999816894531,69.7300033569336,70.83999633789062,66.5345687866211,12912200
2024-08-27,KO,KO,71.31999969482422,71.52999877929688,71.05000305175781,71.5,67.15444946289062,16988400
2024-08-28,KO,KO,71.61000061035156,71.80999755859375,71.30000305175781,71.75,67.38926696777344,13272600
2024-08-29,KO,KO,71.9000015258789,72.22000122070312,71.2300033569336,72.05000305175781,67.67103576660156,17201700
2024-08-30,KO,KO,72.19999694824219,72.56999969482422,71.77999877929688,72.47000122070312,68.06551361083984,18624200
2024-09-03,KO,KO,72.44000244140625,73.29000091552734,72.25,73.01000213623047,68.57268524169922,14755800
2024-09-04,KO,KO,73.30000305175781,73.52999877929688,71.91000366210938,72.55999755859375,68.15003967285156,18140800
2024-09-05,KO,KO,72.62000274658203,72.68000030517578,70.9800033569336,71.16999816894531,66.84452056884766,23866100
2024-09-06,KO,KO,70.98999786376953,71.66999816894531,70.88999938964844,71.13999938964844,66.81633758544922,17485700
2024-09-09,KO,KO,71.2300033569336,72.30999755859375,70.9800033569336,71.8499984741211,67.48318481445312,12939300
2024-09-10,KO,KO,71.97000122070312,72.41999816894531,71.5199966430664,71.55000305175781,67.201416015625,10277600
2024-09-11,KO,KO,71.36000061035156,71.37000274658203,70.56999969482422,71.08000183105469,66.7599868774414,11418200
2024-09-12,KO,KO,71.0,71.37999725341797,70.66000366210938,71.2300033569336,66.90087127685547,12337800
2024-09-13,KO,KO,70.83999633789062,71.47000122070312,70.4800033569336,71.41000366210938,67.52973175048828,11073800
2024-09-16,KO,KO,71.7699966430664,72.23999786376953,71.62000274658203,72.0999984741211,68.18224334716797,10786500
2024-09-17,KO,KO,71.9000015258789,72.3499984741211,71.72000122070312,71.80000305175781,67.89855194091797,12974400
2024-09-18,KO,KO,71.88999938964844,72.37999725341797,71.2699966430664,71.75,67.85126495361328,10719700
2024-09-19,KO,KO,71.55999755859375,71.94000244140625,70.5999984741211,70.62000274658203,66.78267669677734,13635600
2024-09-20,KO,KO,70.41000366210938,71.80000305175781,70.37999725341797,71.63999938964844,67.74723815917969,48578500
2024-09-23,KO,KO,71.55000305175781,72.19999694824219,71.18000030517578,71.7300033569336,67.83235168457031,11613000
2024-09-24,KO,KO,71.22000122070312,71.81999969482422,70.5999984741211,71.33000183105469,67.4540786743164,13330600
2024-09-25,KO,KO,71.70999908447266,71.91999816894531,71.30999755859375,71.44999694824219,67.56755828857422,12329100
2024-09-26,KO,KO,70.86000061035156,71.61000061035156,70.83999633789062,71.4000015258789,67.52027893066406,10815200
2024-09-27,KO,KO,71.54000091552734,72.19999694824219,71.45999908447266,71.79000091552734,67.88909912109375,11175700
2024-09-30,KO,KO,72.0,72.19999694824219,71.69000244140625,71.86000061035156,67.95529174804688,18015300
2024-10-01,KO,KO,72.0999984741211,72.75,71.62999725341797,71.70999908447266,67.81343078613281,13294500
2024-10-02,KO,KO,71.38999938964844,71.43000030517578,70.41000366210938,71.01000213623047,67.15147399902344,11155500
2024-10-03,KO,KO,70.86000061035156,70.98999786376953,70.19999694824219,70.5199966430664,66.68809509277344,9374800
2024-10-04,KO,KO,69.95999908447266,70.27999877929688,69.72000122070312,70.16999816894531,66.35711669921875,12684800
2024-10-07,KO,KO,70.05000305175781,70.0999984741211,68.87000274658203,69.01000213623047,65.26013946533203,14512000
2024-10-08,KO,KO,69.04000091552734,69.44000244140625,68.86000061035156,69.18000030517578,65.4209213256836,13549700
2024-10-09,KO,KO,69.19000244140625,69.73999786376953,69.06999969482422,69.56999969482422,65.78972625732422,9037700
2024-10-10,KO,KO,69.83000183105469,69.91000366210938,68.98999786376953,69.25,65.48711395263672,8635200
2024-10-11,KO,KO,69.45999908447266,69.58999633789062,69.0,69.56999969482422,65.78972625732422,8786300
2024-10-14,KO,KO,69.56999969482422,70.47000122070312,69.47000122070312,70.33999633789062,66.51786804199219,7659300
2024-10-15,KO,KO,70.45999908447266,71.20999908447266,70.16000366210938,70.33999633789062,66.51786804199219,10358700
2024-10-16,KO,KO,70.08999633789062,70.69999694824219,69.97000122070312,70.56999969482422,66.73538208007812,7937300
2024-10-17,KO,KO,70.62999725341797,70.69000244140625,69.58000183105469,69.9000015258789,66.1017837524414,14674600
2024-10-18,KO,KO,69.87000274658203,70.55000305175781,69.61000061035156,70.44000244140625,66.6124496459961,15087500
2024-10-21,KO,KO,70.0,70.33000183105469,69.30999755859375,69.44999694824219,65.67623138427734,11981200
2024-10-22,KO,KO,69.0,69.75,68.68000030517578,69.44999694824219,65.67623138427734,18603300
2024-10-23,KO,KO,66.98999786376953,68.69999694824219,66.58000183105469,68.01000213623047,64.3144760131836,24655200
2024-10-24,KO,KO,67.6500015258789,68.04000091552734,66.94999694824219,67.30000305175781,63.64306640625,17568800
2024-10-25,KO,KO,67.06999969482422,67.69999694824219,66.79000091552734,66.91999816894531,63.28371047973633,11138100
2024-10-28,KO,KO,66.95999908447266,67.4000015258789,66.5999984741211,66.66999816894531,63.04729461669922,10761400
2024-10-29,KO,KO,66.29000091552734,66.33999633789062,65.5199966430664,65.55999755859375,61.99760437011719,16525900
2024-10-30,KO,KO,65.51000213623047,66.54000091552734,65.31999969482422,65.91999816894531,62.33805465698242,14177800
2024-10-31,KO,KO,65.80999755859375,65.98999786376953,65.26000213623047,65.30999755859375,61.76119613647461,13383700
2024-11-01,KO,KO,65.47000122070312,65.66000366210938,64.88999938964844,65.01000213623047,61.47750473022461,12163100
2024-11-04,KO,KO,65.08000183105469,65.41999816894531,64.6500015258789,65.11000061035156,61.57206344604492,10984500
2024-11-05,KO,KO,64.63999938964844,65.47000122070312,64.63999938964844,65.37000274658203,61.81794357299805,8780200
2024-11-06,KO,KO,64.41999816894531,64.86000061035156,63.18000030517578,63.70000076293945,60.23868179321289,22899300
2024-11-07,KO,KO,64.29000091552734,64.38999938964844,63.599998474121094,63.65999984741211,60.20085906982422,14856100
2024-11-08,KO,KO,63.90999984741211,64.23999786376953,63.7400016784668,63.91999816894531,60.44672775268555,14719300
2024-11-11,KO,KO,63.9900016784668,64.12000274658203,63.25,63.36000061035156,59.91716003417969,13980900
2024-11-12,KO,KO,63.68000030517578,63.75,63.119998931884766,63.20000076293945,59.76585006713867,15021000
2024-11-13,KO,KO,63.04999923706055,63.2599983215332,62.4900016784668,63.0,59.576717376708984,13177600
2024-11-14,KO,KO,63.11000061035156,63.11000061035156,62.43000030517578,62.54999923706055,59.15116882324219,15910800
2024-11-15,KO,KO,62.4900016784668,62.630001068115234,61.38999938964844,61.7400016784668,58.38518524169922,26284300
2024-11-18,KO,KO,61.849998474121094,62.13999938964844,61.560001373291016,61.86000061035156,58.4986686706543,16062100
2024-11-19,KO,KO,61.900001525878906,62.619998931884766,61.630001068115234,62.59000015258789,59.188995361328125,16254800
2024-11-20,KO,KO,62.70000076293945,63.0099983215332,62.02000045776367,62.9900016784668,59.567264556884766,18904900
2024-11-21,KO,KO,63.150001525878906,63.810001373291016,62.95000076293945,63.7599983215332,60.29542541503906,17292300
2024-11-22,KO,KO,64.23999786376953,64.4800033569336,63.650001525878906,63.91999816894531,60.44672775268555,19562200
2024-11-25,KO,KO,64.31999969482422,64.70999908447266,63.84000015258789,64.37999725341797,60.88172912597656,36805300
2024-11-26,KO,KO,64.30999755859375,64.63999938964844,64.05999755859375,64.55000305175781,61.04249572753906,14473300
2024-11-27,KO,KO,64.95999908447266,65.0999984741211,64.25,64.43000030517578,60.92901611328125,13263400
2024-11-29,KO,KO,64.0199966430664,64.25,63.77000045776367,64.08000183105469,61.057655334472656,10648400
2024-12-02,KO,KO,64.05000305175781,64.19000244140625,63.349998474121094,63.650001525878906,60.64793395996094,16500100
2024-12-03,KO,KO,63.720001220703125,64.08000183105469,63.029998779296875,63.52000045776367,60.5240592956543,24874500
2024-12-04,KO,KO,63.279998779296875,63.349998474121094,61.900001525878906,62.209999084472656,59.27584457397461,28137700
2024-12-05,KO,KO,62.470001220703125,63.119998931884766,62.099998474121094,62.91999816894531,59.95235824584961,21040400
2024-12-06,KO,KO,62.83000183105469,63.36000061035156,62.5099983215332,62.529998779296875,59.58075714111328,15581100
2024-12-09,KO,KO,62.689998626708984,62.93000030517578,61.900001525878906,62.599998474121094,59.64745330810547,22348300
2024-12-10,KO,KO,62.70000076293945,63.040000915527344,61.790000915527344,62.90999984741211,59.942832946777344,14949400
2024-12-11,KO,KO,63.0,63.630001068115234,62.400001525878906,62.63999938964844,59.68556213378906,32819000
2024-12-12,KO,KO,63.54999923706055,63.91999816894531,63.220001220703125,63.84000015258789,60.82896423339844,17542100
2024-12-13,KO,KO,63.56999969482422,63.84000015258789,63.11000061035156,63.119998931884766,60.14292907714844,13429000
2024-12-16,KO,KO,63.22999954223633,63.86000061035156,62.349998474121094,62.54999923706055,59.59980392456055,24559700
2024-12-17,KO,KO,62.45000076293945,63.54999923706055,62.31999969482422,63.400001525878906,60.40971755981445,21902400
2024-12-18,KO,KO,62.810001373291016,63.63999938964844,62.790000915527344,62.849998474121094,59.885658264160156,20946100
2024-12-19,KO,KO,62.70000076293945,63.16999816894531,62.400001525878906,62.45000076293945,59.50453186035156,21300600
2024-12-20,KO,KO,62.470001220703125,63.060001373291016,62.279998779296875,62.54999923706055,59.59980392456055,42458100
2024-12-23,KO,KO,62.5,62.7599983215332,61.529998779296875,62.380001068115234,59.43783187866211,13010800
2024-12-24,KO,KO,62.20000076293945,62.84000015258789,62.0099983215332,62.84000015258789,59.87613296508789,5019100
2024-12-26,KO,KO,62.619998931884766,62.7400016784668,62.400001525878906,62.56999969482422,59.618865966796875,7943800
2024-12-27,KO,KO,62.45000076293945,62.95000076293945,62.209999084472656,62.45000076293945,59.50453186035156,8542800
2024-12-30,KO,KO,62.34000015258789,62.34000015258789,61.68000030517578,62.029998779296875,59.104331970214844,8972200
2024-12-31,KO,KO,62.02000045776367,62.43000030517578,61.79999923706055,62.2599983215332,59.323486328125,9256700
2025-01-02,KO,KO,62.349998474121094,62.75,61.619998931884766,61.84000015258789,58.92329406738281,12991000
2025-01-03,KO,KO,61.900001525878906,62.08000183105469,61.619998931884766,61.75,58.837547302246094,10403200
2025-01-06,KO,KO,61.5,61.56999969482422,60.65999984741211,60.810001373291016,57.94187927246094,17924200
2025-01-07,KO,KO,61.11000061035156,61.720001220703125,60.619998931884766,60.84000015258789,57.970462799072266,17799600
2025-01-08,KO,KO,60.9900016784668,61.77000045776367,60.93000030517578,61.709999084472656,58.7994270324707,14412400
2025-01-10,KO,KO,61.58000183105469,61.650001525878906,60.72999954223633,61.06999969482422,58.18961715698242,22425000
2025-01-13,KO,KO,61.130001068115234,61.849998474121094,60.709999084472656,61.650001525878906,58.74226379394531,18016200
2025-01-14,KO,KO,61.65999984741211,62.06999969482422,61.29999923706055,62.040000915527344,59.113861083984375,16658300
2025-01-15,KO,KO,62.33000183105469,62.619998931884766,61.68000030517578,61.77000045776367,58.856597900390625,16187200
2025-01-16,KO,KO,61.41999816894531,62.29999923706055,61.31999969482422,62.25,59.313961029052734,12585500
2025-01-17,KO,KO,62.310001373291016,62.77000045776367,62.16999816894531,62.709999084472656,59.752262115478516,17948900
2025-01-21,KO,KO,62.900001525878906,63.22999954223633,62.29999923706055,62.41999816894531,59.4759407043457,19817100
2025-01-22,KO,KO,62.119998931884766,62.290000915527344,61.65999984741211,61.779998779296875,58.866127014160156,18191900
2025-01-23,KO,KO,61.79999923706055,61.97999954223633,61.369998931884766,61.529998779296875,58.62791442871094,16528400
2025-01-24,KO,KO,61.720001220703125,62.0099983215332,61.439998626708984,61.91999816894531,58.9995231628418,19244600
2025-01-27,KO,KO,62.869998931884766,64.18000030517578,62.470001220703125,63.869998931884766,60.85755157470703,20742900
2025-01-28,KO,KO,63.5099983215332,64.04000091552734,62.279998779296875,62.36000061035156,59.41876983642578,14956000
2025-01-29,KO,KO,62.560001373291016,63.36000061035156,62.54999923706055,62.83000183105469,59.86660385131836,11325600
2025-01-30,KO,KO,63.849998474121094,64.29000091552734,63.22999954223633,64.05000305175781,61.0290641784668,13201000
2025-01-31,KO,KO,63.70000076293945,63.93000030517578,63.38999938964844,63.47999954223633,60.48594665527344,12096800
2025-02-03,KO,KO,63.18000030517578,63.630001068115234,62.43000030517578,63.349998474121094,60.36207580566406,12067900
2025-02-04,KO,KO,63.61000061035156,63.630001068115234,62.349998474121094,62.66999816894531,59.71415328979492,15678000
2025-02-05,KO,KO,62.720001220703125,63.290000915527344,62.59000015258789,63.119998931884766,60.14292907714844,10686800
2025-02-06,KO,KO,63.619998931884766,63.7400016784668,62.90999984741211,63.36000061035156,60.371604919433594,13423400
2025-02-07,KO,KO,63.43000030517578,63.91999816894531,63.27000045776367,63.84000015258789,60.82896423339844,13184700
2025-02-10,KO,KO,64.0999984741211,64.6500015258789,63.65999984741211,64.55000305175781,61.505489349365234,16154300
2025-02-11,KO,KO,67.5,67.66999816894531,66.41000366210938,67.5999984741211,64.41162872314453,30589100
2025-02-12,KO,KO,66.87000274658203,68.81999969482422,66.87000274658203,68.70999908447266,65.46928405761719,26033800
2025-02-13,KO,KO,69.0,69.61000061035156,68.76000213623047,69.5,66.22200775146484,24393100
2025-02-14,KO,KO,69.36000061035156,70.02999877929688,68.76000213623047,68.87000274658203,65.62171936035156,20779100
2025-02-18,KO,KO,68.55000305175781,69.37000274658203,68.41999816894531,69.05000305175781,65.7932357788086,15569100
2025-02-19,KO,KO,69.20999908447266,70.12999725341797,69.16999816894531,70.06999969482422,66.7651138305664,16032300
2025-02-20,KO,KO,69.70999908447266,70.06999969482422,69.41999816894531,70.04000091552734,66.73654174804688,13398000
2025-02-21,KO,KO,70.31999969482422,71.5999984741211,70.12999725341797,71.3499984741211,67.9847640991211,21662300
2025-02-24,KO,KO,70.83999633789062,71.7300033569336,70.33000183105469,70.58999633789062,67.2605972290039,21418400
2025-02-25,KO,KO,70.86000061035156,71.7699966430664,70.7300033569336,71.48999786376953,68.11814880371094,21555600
2025-02-26,KO,KO,71.2699966430664,71.27999877929688,70.52999877929688,70.80000305175781,67.460693359375,14531200
2025-02-27,KO,KO,70.72000122070312,71.54000091552734,70.41999816894531,70.87000274658203,67.52740478515625,16789500
2025-02-28,KO,KO,71.44999694824219,71.56999969482422,70.55999755859375,71.20999908447266,67.85135650634766,22167400
2025-03-03,KO,KO,70.23999786376953,72.36000061035156,69.7300033569336,72.31999969482422,68.90900421142578,21717600
2025-03-04,KO,KO,72.06999969482422,72.6500015258789,69.87999725341797,70.19000244140625,66.87947082519531,25411900
2025-03-05,KO,KO,69.9000015258789,70.73999786376953,69.83999633789062,70.08000183105469,66.77466583251953,23933600
2025-03-06,KO,KO,70.41000366210938,70.52999877929688,69.44999694824219,70.45999908447266,67.13673400878906,21694000
2025-03-07,KO,KO,69.6500015258789,71.81999969482422,69.6500015258789,71.43000030517578,68.06098937988281,28393300
2025-03-10,KO,KO,71.95999908447266,73.22000122070312,71.31999969482422,71.44999694824219,68.08003997802734,25251200
2025-03-11,KO,KO,71.87999725341797,72.04000091552734,70.61000061035156,71.04000091552734,67.68938446044922,28076400
2025-03-12,KO,KO,70.37000274658203,70.7300033569336,69.73999786376953,69.94000244140625,66.64127349853516,18923300
2025-03-13,KO,KO,70.25,70.25,69.27999877929688,69.62000274658203,66.33636474609375,15746600
2025-03-14,KO,KO,68.51000213623047,69.26000213623047,68.37999725341797,69.16000366210938,66.38433837890625,14205100
2025-03-17,KO,KO,69.23999786376953,70.16999816894531,69.08000183105469,70.12000274658203,67.30582427978516,15634800
2025-03-18,KO,KO,70.11000061035156,70.19000244140625,69.30000305175781,69.37999725341797,66.59551239013672,12657600
2025-03-19,KO,KO,68.55000305175781,69.37999725341797,68.54000091552734,69.27999877929688,66.49952697753906,14780000
2025-03-20,KO,KO,69.30999755859375,69.80999755859375,69.08999633789062,69.70999908447266,66.91226959228516,16295300
2025-03-21,KO,KO,69.70999908447266,69.97000122070312,68.18000030517578,68.66999816894531,65.91400146484375,47479500
2025-03-24,KO,KO,68.80000305175781,69.08000183105469,68.33000183105469,68.94999694824219,66.18276977539062,12575400
2025-03-25,KO,KO,68.94999694824219,69.08000183105469,68.5999984741211,68.80999755859375,66.04839324951172,12513900
2025-03-26,KO,KO,68.91999816894531,70.3499984741211,68.9000015258789,70.0199966430664,67.20983123779297,14478200
2025-03-27,KO,KO,70.18000030517578,70.98999786376953,70.06999969482422,70.73999786376953,67.90092468261719,11663400
2025-03-28,KO,KO,70.80999755859375,71.31999969482422,69.52999877929688,70.37000274658203,67.54578399658203,17412900
2025-03-31,KO,KO,70.7300033569336,71.94000244140625,70.48999786376953,71.62000274658203,68.74562072753906,24016900
2025-04-01,KO,KO,71.68000030517578,71.91000366210938,71.19000244140625,71.87000274658203,68.98558044433594,15309100
2025-04-02,KO,KO,71.95999908447266,72.36000061035156,71.05000305175781,71.33000183105469,68.46725463867188,14606500
2025-04-03,KO,KO,72.4800033569336,73.94999694824219,72.31999969482422,73.18000030517578,70.24299621582031,24959600
2025-04-04,KO,KO,72.41999816894531,73.01000213623047,69.79000091552734,69.93000030517578,67.12344360351562,26517300
2025-04-07,KO,KO,66.2300033569336,69.37999725341797,66.05000305175781,68.37000274658203,65.62604522705078,34258400
2025-04-08,KO,KO,68.95999908447266,69.9800033569336,67.76000213623047,68.41999816894531,65.67405700683594,22774400
2025-04-09,KO,KO,67.91999816894531,70.47000122070312,67.27999877929688,69.94999694824219,67.14263916015625,27918700
2025-04-10,KO,KO,70.19000244140625,71.20999908447266,68.9800033569336,70.76000213623047,67.92012786865234,22450200
2025-04-11,KO,KO,70.91000366210938,71.8499984741211,70.54000091552734,71.43000030517578,68.56324005126953,19988200
2025-04-14,KO,KO,71.30000305175781,72.66000366210938,70.93000030517578,72.44999694824219,69.54229736328125,13930200
2025-04-15,KO,KO,72.62000274658203,72.62999725341797,71.72000122070312,71.86000061035156,68.97598266601562,14965500
2025-04-16,KO,KO,72.36000061035156,72.66999816894531,71.38999938964844,71.68000030517578,68.8031997680664,15276200
2025-04-17,KO,KO,71.9000015258789,73.43000030517578,71.72000122070312,73.0,70.07022857666016,20754500
2025-04-21,KO,KO,73.37999725341797,73.47000122070312,71.81999969482422,72.7699966430664,69.84945678710938,16037200
2025-04-22,KO,KO,73.0,74.37999725341797,72.91999816894531,73.9000015258789,70.93412017822266,15613500
2025-04-23,KO,KO,73.29000091552734,73.94999694824219,72.37999725341797,73.30000305175781,70.35819244384766,16353900
2025-04-24,KO,KO,73.0199966430664,73.43000030517578,72.30000305175781,72.5199966430664,69.60948944091797,16893900
2025-04-25,KO,KO,72.6500015258789,72.91999816894531,71.12999725341797,71.91000366210938,69.02397918701172,16316000
2025-04-28,KO,KO,72.08000183105469,72.26000213623047,71.30999755859375,71.79000091552734,68.9087905883789,15997500
2025-04-29,KO,KO,71.19000244140625,72.70999908447266,70.27999877929688,72.3499984741211,69.44630432128906,16244100
2025-04-30,KO,KO,73.3499984741211,73.4800033569336,71.69000244140625,72.55000305175781,69.63829040527344,21074700
2025-05-01,KO,KO,72.0,72.04000091552734,71.2300033569336,71.29000091552734,68.4288558959961,18034200
2025-05-02,KO,KO,71.5,71.81999969482422,71.0999984741211,71.6500015258789,68.7744140625,12629600
2025-05-05,KO,KO,71.66999816894531,71.80000305175781,71.01000213623047,71.69999694824219,68.82240295410156,11932700
2025-05-06,KO,KO,71.68000030517578,71.9000015258789,71.16000366210938,71.72000122070312,68.84160614013672,12705500
2025-05-07,KO,KO,71.72000122070312,72.69000244140625,71.66999816894531,72.4000015258789,69.49430847167969,15018200
2025-05-08,KO,KO,72.19999694824219,72.47000122070312,71.12999725341797,71.16999816894531,68.31366729736328,14371100
2025-05-09,KO,KO,70.98999786376953,71.1500015258789,70.45999908447266,70.5199966430664,67.68975830078125,11228900
2025-05-12,KO,KO,70.1500015258789,70.33000183105469,68.69999694824219,69.52999877929688,66.7394790649414,21539000
2025-05-13,KO,KO,69.58999633789062,69.69000244140625,68.87000274658203,68.95999908447266,66.19237518310547,14389100
2025-05-14,KO,KO,68.87999725341797,69.33999633789062,68.58000183105469,69.16000366210938,66.38433837890625,16286800
2025-05-15,KO,KO,69.69999694824219,71.7300033569336,69.5999984741211,71.61000061035156,68.73601531982422,19817100
2025-05-16,KO,KO,71.86000061035156,72.26000213623047,71.43000030517578,72.0,69.1103744506836,18441200
2025-05-19,KO,KO,72.02999877929688,72.16999816894531,71.63999938964844,71.93000030517578,69.04318237304688,13282800
2025-05-20,KO,KO,71.80000305175781,72.12999725341797,71.43000030517578,71.69000244140625,68.81280517578125,12137800
2025-05-21,KO,KO,71.69000244140625,72.08000183105469,71.58000183105469,71.8499984741211,68.96638488769531,12094400
2025-05-22,KO,KO,71.83999633789062,71.98999786376953,70.95999908447266,71.13999938964844,68.2848892211914,11101800
2025-05-23,KO,KO,71.54000091552734,71.9800033569336,70.69000244140625,71.7699966430664,68.88959503173828,12822100
2025-05-27,KO,KO,71.73999786376953,72.22000122070312,71.55999755859375,71.77999877929688,68.89918518066406,10666100
2025-05-28,KO,KO,71.69999694824219,71.9000015258789,71.05000305175781,71.1500015258789,68.29447937011719,8710900
2025-05-29,KO,KO,71.0,71.66000366210938,70.45999908447266,71.48999786376953,68.6208267211914,10291100
2025-05-30,KO,KO,71.61000061035156,72.47000122070312,71.61000061035156,72.0999984741211,69.20634460449219,28019500
2025-06-02,KO,KO,72.02999877929688,72.04000091552734,71.36000061035156,72.0,69.1103744506836,10202700
2025-06-03,KO,KO,71.70999908447266,71.77999877929688,70.47000122070312,71.16000366210938,68.30408477783203,20139800
2025-06-04,KO,KO,71.26000213623047,71.8499984741211,70.68000030517578,71.37000274658203,68.50564575195312,13565900
2025-06-05,KO,KO,71.37999725341797,71.45999908447266,70.83000183105469,70.91000366210938,68.0641098022461,13531400
2025-06-06,KO,KO,71.08000183105469,71.4800033569336,70.94000244140625,71.3499984741211,68.4864501953125,9524000
2025-06-09,KO,KO,71.3499984741211,71.83000183105469,71.08999633789062,71.7699966430664,68.88959503173828,12281300
2025-06-10,KO,KO,71.9000015258789,72.69000244140625,71.76000213623047,72.3499984741211,69.44630432128906,12265000
2025-06-11,KO,KO,72.2699966430664,72.36000061035156,71.76000213623047,72.06999969482422,69.17755889892578,12718500
2025-06-12,KO,KO,72.25,72.4000015258789,71.5999984741211,72.23999786376953,69.34073638916016,12806900
2025-06-13,KO,KO,71.7699966430664,71.87999725341797,70.7300033569336,71.0199966430664,68.65437316894531,17467200
2025-06-16,KO,KO,71.19999694824219,71.62000274658203,70.23999786376953,70.5199966430664,68.17103576660156,15045900
2025-06-17,KO,KO,70.37999725341797,70.45999908447266,69.58000183105469,69.62000274658203,67.30101013183594,15437000
2025-06-18,KO,KO,70.0,70.0,69.08999633789062,69.20999908447266,66.9046630859375,16227600
2025-06-20,KO,KO,69.08999633789062,69.55999755859375,68.77999877929688,68.83999633789062,66.54698944091797,40859400
2025-06-23,KO,KO,69.13999938964844,69.80999755859375,68.97000122070312,69.73999786376953,67.41702270507812,21822800
2025-06-24,KO,KO,69.94000244140625,70.3499984741211,69.69000244140625,70.20999908447266,67.87136840820312,15216100
2025-06-25,KO,KO,69.93000030517578,70.0199966430664,69.43000030517578,69.62999725341797,67.31067657470703,12540400
2025-06-26,KO,KO,69.69999694824219,69.91999816894531,69.1500015258789,69.47000122070312,67.15602111816406,14454100
2025-06-27,KO,KO,69.58999633789062,70.55999755859375,69.47000122070312,70.33000183105469,67.98736572265625,23470700
2025-06-30,KO,KO,70.12999725341797,70.79000091552734,70.08999633789062,70.75,68.39337921142578,15429000
2025-07-01,KO,KO,70.98999786376953,72.44999694824219,70.9000015258789,71.66999816894531,69.28273010253906,21729300
2025-07-02,KO,KO,71.69000244140625,71.83000183105469,70.73999786376953,70.91000366210938,68.54804992675781,13050200
2025-07-03,KO,KO,71.04000091552734,71.4000015258789,70.44999694824219,71.3499984741211,68.973388671875,9440500
2025-07-07,KO,KO,71.37000274658203,71.37000274658203,70.80000305175781,71.01000213623047,68.64471435546875,16984700
2025-07-08,KO,KO,70.68000030517578,70.68000030517578,69.87999725341797,70.23999786376953,67.90036010742188,17115500
2025-07-09,KO,KO,70.16000366210938,70.25,68.97000122070312,69.4800033569336,67.16567993164062,33704100
2025-07-10,KO,KO,69.29000091552734,69.8499984741211,69.16000366210938,69.7699966430664,67.4460220336914,14608400
2025-07-11,KO,KO,69.56999969482422,70.16000366210938,69.25,69.87000274658203,67.54268646240234,12916700
2025-07-14,KO,KO,69.80000305175781,70.08000183105469,69.2699966430664,69.47000122070312,67.15602111816406,13983200
2025-07-15,KO,KO,69.51000213623047,69.55000305175781,69.1500015258789,69.36000061035156,67.0496826171875,12639800
2025-07-16,KO,KO,69.3499984741211,69.5,68.79000091552734,69.2699966430664,66.96267700195312,13178300
2025-07-17,KO,KO,69.80999755859375,70.69000244140625,69.51000213623047,70.58999633789062,68.23870086669922,20464700
2025-07-18,KO,KO,70.44000244140625,70.69999694824219,69.83000183105469,69.8499984741211,67.52335357666016,14928000
2025-07-21,KO,KO,70.19000244140625,70.62000274658203,69.93000030517578,70.06999969482422,67.73602294921875,17811700
2025-07-22,KO,KO,69.44999694824219,70.26000213623047,68.69000244140625,69.66000366210938,67.33968353271484,22339900
2025-07-23,KO,KO,69.66000366210938,69.73999786376953,68.5999984741211,69.16000366210938,66.85633087158203,21030000
2025-07-24,KO,KO,69.26000213623047,69.55000305175781,68.98999786376953,69.0999984741211,66.79833221435547,12511400
2025-07-25,KO,KO,69.12999725341797,69.2300033569336,68.75,69.16999816894531,66.86600494384766,12574800
2025-07-28,KO,KO,68.73999786376953,68.9000015258789,68.05999755859375,68.08999633789062,65.82197570800781,13668800
2025-07-29,KO,KO,68.33999633789062,69.41999816894531,68.1500015258789,69.37999725341797,67.06900787353516,16223400
2025-07-30,KO,KO,69.11000061035156,69.33000183105469,68.52999877929688,68.75,66.45999145507812,10448200
2025-07-31,KO,KO,68.1500015258789,68.6500015258789,67.73999786376953,67.88999938964844,65.6286392211914,17193400
2025-08-01,KO,KO,68.5999984741211,69.04000091552734,68.2699966430664,68.86000061035156,66.56632995605469,16107500
2025-08-04,KO,KO,68.72000122070312,69.08000183105469,68.30999755859375,68.95999908447266,66.66300201416016,10701500
2025-08-05,KO,KO,68.9000015258789,69.48999786376953,68.75,69.05000305175781,66.75000762939453,11993400
2025-08-06,KO,KO,69.12000274658203,69.80000305175781,68.62999725341797,69.51000213623047,67.1946792602539,10783000
2025-08-07,KO,KO,69.45999908447266,70.72000122070312,69.33000183105469,70.43000030517578,68.08404541015625,15790800
2025-08-08,KO,KO,70.36000061035156,70.87000274658203,70.08000183105469,70.33999633789062,67.99703216552734,9232700
2025-08-11,KO,KO,70.30000305175781,70.86000061035156,69.95999908447266,70.75,68.39337921142578,10909400
2025-08-12,KO,KO,70.81999969482422,71.05999755859375,70.22000122070312,70.70999908447266,68.35470581054688,11061100
2025-08-13,KO,KO,70.69000244140625,70.7699966430664,70.2300033569336,70.45999908447266,68.11302947998047,10356500
2025-08-14,KO,KO,70.37999725341797,70.45999908447266,69.38999938964844,69.55000305175781,67.23334503173828,10722400
2025-08-15,KO,KO,69.73999786376953,70.38999938964844,69.56999969482422,69.91999816894531,67.59101867675781,12381100
2025-08-18,KO,KO,69.9800033569336,70.05000305175781,69.05000305175781,69.12999725341797,66.82733154296875,14094900
2025-08-19,KO,KO,69.30000305175781,70.22000122070312,69.23999786376953,70.12999725341797,67.79402923583984,13862200
2025-08-20,KO,KO,70.73999786376953,71.70999908447266,70.41000366210938,70.69999694824219,68.34504699707031,17530800
2025-08-21,KO,KO,70.5999984741211,70.91000366210938,70.33000183105469,70.66000366210938,68.3063735961914,8840400
2025-08-22,KO,KO,70.95999908447266,71.0199966430664,69.91999816894531,70.12999725341797,67.79402923583984,12999600
2025-08-25,KO,KO,70.11000061035156,70.2300033569336,68.72000122070312,68.93000030517578,66.63400268554688,13634600
2025-08-26,KO,KO,69.04000091552734,69.08000183105469,68.58000183105469,68.7300033569336,66.44065856933594,17964200
2025-08-27,KO,KO,68.81999969482422,68.87000274658203,68.47000122070312,68.83000183105469,66.53733825683594,11562700
2025-08-28,KO,KO,68.87999725341797,68.9000015258789,68.27999877929688,68.36000061035156,66.0829849243164,16209900
2025-08-29,KO,KO,68.66999816894531,69.13999938964844,68.43000030517578,68.98999786376953,66.69200134277344,14601100
2025-09-02,KO,KO,68.95999908447266,69.33999633789062,68.26000213623047,69.05999755859375,66.7596664428711,24770100
2025-09-03,KO,KO,68.66000366210938,69.0999984741211,67.37000274658203,68.98999786376953,66.69200134277344,33581500
2025-09-04,KO,KO,69.11000061035156,69.45999908447266,68.11000061035156,68.25,65.97665405273438,16736000
2025-09-05,KO,KO,68.01000213623047,68.58000183105469,67.87000274658203,67.95999908447266,65.69630432128906,23978000
2025-09-08,KO,KO,67.86000061035156,67.87999725341797,67.16000366210938,67.43000030517578,65.1839599609375,21671700
2025-09-09,KO,KO,67.27999877929688,68.11000061035156,67.27999877929688,67.86000061035156,65.59963989257812,14120600
2025-09-10,KO,KO,67.79000091552734,68.08999633789062,67.20999908447266,67.81999969482422,65.56096649169922,16041900
2025-09-11,KO,KO,67.91999816894531,68.16999816894531,67.58000183105469,67.62000274658203,65.36763763427734,15128700
2025-09-12,KO,KO,67.5999984741211,67.72000122070312,66.94000244140625,67.01000213623047,64.77796173095703,18712400
2025-09-15,KO,KO,66.68000030517578,66.77999877929688,66.0999984741211,66.20999908447266,64.49546813964844,15986100
2025-09-16,KO,KO,66.3499984741211,66.51000213623047,66.05999755859375,66.23999786376953,64.52468872070312,18555900
2025-09-17,KO,KO,66.41000366210938,67.12999725341797,66.41000366210938,67.04000091552734,65.30397033691406,17372300
2025-09-18,KO,KO,66.80000305175781,67.04000091552734,66.3499984741211,66.45999908447266,64.7389907836914,17722900
2025-09-19,KO,KO,66.48999786376953,66.7300033569336,66.05000305175781,66.43000030517578,64.70976257324219,31192900
2025-09-22,KO,KO,66.16000366210938,66.58999633789062,66.08000183105469,66.20999908447266,64.49546813964844,13298700
2025-09-23,KO,KO,66.3499984741211,66.76000213623047,65.9000015258789,66.70999908447266,64.98251342773438,15072800
2025-09-24,KO,KO,66.41000366210938,66.77999877929688,65.95999908447266,66.44999694824219,64.729248046875,14759300
2025-09-25,KO,KO,66.75,66.91999816894531,65.94999694824219,65.9800033569336,64.27142333984375,14395000
2025-09-26,KO,KO,66.06999969482422,66.33000183105469,65.5,65.66999816894531,63.969444274902344,17821600
2025-09-29,KO,KO,65.66999816894531,66.0999984741211,65.3499984741211,66.04000091552734,64.32986450195312,14818500
2025-09-30,KO,KO,66.06999969482422,66.63999938964844,65.95999908447266,66.31999969482422,64.60260772705078,13815000
2025-10-01,KO,KO,66.51000213623047,66.83000183105469,66.29000091552734,66.77999877929688,65.05069732666016,14877500
2025-10-02,KO,KO,66.52999877929688,66.6500015258789,65.86000061035156,66.0999984741211,64.3883056640625,14350700
2025-10-03,KO,KO,66.0999984741211,66.98999786376953,66.04000091552734,66.6500015258789,64.924072265625,12249200
2025-10-06,KO,KO,66.48999786376953,66.5,65.83999633789062,66.0999984741211,64.3883056640625,14333300
2025-10-07,KO,KO,66.22000122070312,67.26000213623047,65.87000274658203,66.79000091552734,65.06044006347656,13328300
2025-10-08,KO,KO,66.66999816894531,66.87000274658203,66.05999755859375,66.12000274658203,64.40779113769531,12606700
2025-10-09,KO,KO,66.29000091552734,66.80000305175781,66.12000274658203,66.37000274658203,64.65132141113281,12705200
2025-10-10,KO,KO,66.5199966430664,67.4000015258789,66.37999725341797,67.04000091552734,65.30397033691406,17991700
2025-10-13,KO,KO,66.2300033569336,66.80000305175781,66.0,66.80000305175781,65.07018280029297,13690000
2025-10-14,KO,KO,66.87000274658203,67.56999969482422,66.75,67.51000213623047,65.76180267333984,14245600
2025-10-15,KO,KO,67.2699966430664,67.72000122070312,66.91999816894531,67.08000183105469,65.34293365478516,11193700
2025-10-16,KO,KO,67.18000030517578,68.11000061035156,67.16000366210938,67.58999633789062,65.8397216796875,15707200
2025-10-17,KO,KO,68.0,68.5,67.80000305175781,68.44000244140625,66.667724609375,15541800
2025-10-20,KO,KO,68.43000030517578,68.63999938964844,67.91999816894531,68.44000244140625,66.667724609375,17786800
2025-10-21,KO,KO,70.56999969482422,71.38999938964844,70.2300033569336,71.22000122070312,69.37572479248047,33651300
2025-10-22,KO,KO,71.36000061035156,71.62000274658203,70.51000213623047,70.80999755859375,68.9763412475586,18293000
2025-10-23,KO,KO,70.80999755859375,70.93000030517578,69.72000122070312,69.94000244140625,68.1288833618164,13989400
2025-10-24,KO,KO,69.91000366210938,70.05000305175781,69.6500015258789,69.70999908447266,67.90482330322266,15688200
2025-10-27,KO,KO,69.77999877929688,70.12000274658203,69.25,70.05999755859375,68.24575805664062,13800000
2025-10-28,KO,KO,70.05000305175781,70.9000015258789,69.94999694824219,70.16000366210938,68.34317779541016,12730500
2025-10-29,KO,KO,69.91999816894531,70.02999877929688,68.16000366210938,68.3499984741211,66.58003997802734,19789600
2025-10-30,KO,KO,68.44999694824219,69.29000091552734,68.38999938964844,68.9800033569336,67.19374084472656,14751700
2025-10-31,KO,KO,68.55000305175781,69.06999969482422,67.9000015258789,68.9000015258789,67.11580657958984,16742700
2025-11-03,KO,KO,68.80000305175781,68.88999938964844,67.66000366210938,67.97000122070312,66.20989227294922,15660400
2025-11-04,KO,KO,68.47000122070312,68.7300033569336,68.16000366210938,68.66000366210938,66.88201904296875,12743800
2025-11-05,KO,KO,68.66000366210938,68.83000183105469,68.18000030517578,68.51000213623047,66.73590850830078,12850100
2025-11-06,KO,KO,68.30000305175781,69.13999938964844,67.91999816894531,69.05999755859375,67.27165222167969,15906700
2025-11-07,KO,KO,69.80999755859375,70.87000274658203,69.41000366210938,70.55000305175781,68.72307586669922,25108300
2025-11-10,KO,KO,70.01000213623047,70.66000366210938,69.44000244140625,70.5199966430664,68.69384765625,15318000
2025-11-11,KO,KO,70.9800033569336,71.75,70.66000366210938,71.61000061035156,69.75562286376953,16160200
2025-11-12,KO,KO,71.48999786376953,71.88999938964844,71.33999633789062,71.51000213623047,69.65821075439453,13612600
2025-11-13,KO,KO,71.41999816894531,71.66999816894531,71.0,71.06999969482422,69.22960662841797,14002800
2025-11-14,KO,KO,71.41000366210938,71.63999938964844,70.5999984741211,71.16000366210938,69.3172836303711,13172000
2025-11-17,KO,KO,71.19999694824219,71.52999877929688,70.62000274658203,70.68000030517578,68.8497085571289,14772300
2025-11-18,KO,KO,70.98999786376953,71.33999633789062,70.56999969482422,71.22000122070312,69.37572479248047,12838900
2025-11-19,KO,KO,71.19999694824219,71.44999694824219,70.80999755859375,71.11000061035156,69.26856994628906,12401500
2025-11-20,KO,KO,70.94999694824219,71.4800033569336,70.61000061035156,71.20999908447266,69.36598205566406,15396500
2025-11-21,KO,KO,71.68000030517578,73.19000244140625,71.48999786376953,72.94999694824219,71.06092834472656,26492500
2025-11-24,KO,KO,73.16000366210938,73.16000366210938,71.56999969482422,72.58999633789062,70.71024322509766,39818600
2025-11-25,KO,KO,72.80000305175781,72.93000030517578,72.13999938964844,72.61000061035156,70.729736328125,17451200
2025-11-26,KO,KO,72.5999984741211,73.08999633789062,72.38999938964844,72.87999725341797,70.99273681640625,11795100
2025-11-28,KO,KO,73.0,73.2300033569336,72.76000213623047,73.12000274658203,71.22653198242188,7423000
2025-12-01,KO,KO,72.5999984741211,72.91000366210938,71.93000030517578,71.94999694824219,70.57909393310547,14388100
2025-12-02,KO,KO,71.80000305175781,71.80000305175781,70.43000030517578,70.66999816894531,69.323486328125,19871300
2025-12-03,KO,KO,70.87999725341797,71.4000015258789,70.61000061035156,70.80999755859375,69.4608154296875,17001700
2025-12-04,KO,KO,70.83000183105469,71.33999633789062,70.37000274658203,70.44999694824219,69.10767364501953,17710000
2025-12-05,KO,KO,70.31999969482422,70.70999908447266,69.87000274658203,70.0,68.66624450683594,13978200
2025-12-08,KO,KO,69.83999633789062,70.37999725341797,69.48999786376953,70.25,68.91149139404297,17775100
2025-12-09,KO,KO,70.37000274658203,70.62999725341797,69.83000183105469,70.08999633789062,68.75452423095703,13010600
2025-12-10,KO,KO,70.38999938964844,70.52999877929688,69.77999877929688,70.20999908447266,68.87225341796875,29789400
2025-12-11,KO,KO,70.55000305175781,70.69000244140625,68.79000091552734,69.11000061035156,67.79320526123047,23124200
2025-12-12,KO,KO,69.11000061035156,70.62000274658203,69.04000091552734,70.5199966430664,69.17634582519531,18444500
2025-12-15,KO,KO,70.43000030517578,71.31999969482422,70.31999969482422,70.97000122070312,69.6177749633789,18660100
2025-12-16,KO,KO,71.30000305175781,71.30000305175781,70.31999969482422,70.37000274658203,69.02920532226562,17370000
2025-12-17,KO,KO,70.56999969482422,70.91999816894531,70.30999755859375,70.66999816894531,69.323486328125,13672700
2025-12-18,KO,KO,70.2699966430664,70.80000305175781,70.16999816894531,70.36000061035156,69.0193862915039,15524800
2025-12-19,KO,KO,70.05999755859375,70.7699966430664,70.02999877929688,70.05999755859375,68.72510528564453,36911100
2025-12-22,KO,KO,69.93000030517578,70.22000122070312,69.66000366210938,70.20999908447266,68.87225341796875,12828500
2025-12-23,KO,KO,70.19999694824219,70.26000213623047,69.69000244140625,69.87000274658203,68.53872680664062,9471000
2025-12-24,KO,KO,69.9000015258789,70.16000366210938,69.75,70.11000061035156,68.77416229248047,4515300
2025-12-26,KO,KO,69.94999694824219,70.16000366210938,69.7300033569336,69.87000274658203,68.53872680664062,5711400
2025-12-29,KO,KO,70.0,70.41999816894531,69.8499984741211,70.16000366210938,68.82321166992188,9686900
2025-12-30,KO,KO,70.0,70.23999786376953,69.80000305175781,70.06999969482422,68.73491668701172,8610900
2025-12-31,KO,KO,70.06999969482422,70.16000366210938,69.87999725341797,69.91000366210938,68.57797241210938,8127800
2026-01-02,KO,KO,69.8499984741211,69.87000274658203,68.9800033569336,69.12000274658203,67.80302429199219,12151300
2026-01-05,KO,KO,68.91999816894531,68.91999816894531,67.91999816894531,67.94000244140625,66.64550018310547,21186600
2026-01-06,KO,KO,68.01000213623047,68.25,67.58999633789062,67.83999633789062,66.54740142822266,21019900
2026-01-07,KO,KO,67.98999786376953,68.06999969482422,67.2699966430664,67.54000091552734,66.25312805175781,20223400
2026-01-08,KO,KO,67.54000091552734,69.45999908447266,67.44999694824219,69.37000274658203,68.04826354980469,19237000
2026-01-09,KO,KO,69.43000030517578,70.66000366210938,69.12000274658203,70.51000213623047,69.16653442382812,19638600
2026-01-12,KO,KO,70.9000015258789,70.97000122070312,70.23999786376953,70.5,69.15673065185547,20582500
2026-01-13,KO,KO,70.41999816894531,71.23999786376953,70.2699966430664,71.23999786376953,69.88262939453125,18324800
2026-01-14,KO,KO,71.16999816894531,71.70999908447266,70.80999755859375,71.44000244140625,70.07881927490234,16739100
2026-01-15,KO,KO,71.58999633789062,71.5999984741211,70.37000274658203,70.4800033569336,69.1371078491211,15464100
2026-01-16,KO,KO,70.29000091552734,70.73999786376953,70.04000091552734,70.44000244140625,69.09786987304688,20027500
2026-01-20,KO,KO,70.0,71.77999877929688,69.79000091552734,71.75,70.3829116821289,22152200
2026-01-21,KO,KO,71.9800033569336,72.23999786376953,70.83000183105469,72.01000213623047,70.63795471191406,21660600
2026-01-22,KO,KO,71.83000183105469,72.04000091552734,71.44000244140625,71.87000274658203,70.50062561035156,13962800
2026-01-23,KO,KO,72.0199966430664,73.05999755859375,71.77999877929688,72.87999725341797,71.49137878417969,18307100
2026-01-26,KO,KO,72.86000061035156,73.30000305175781,72.54000091552734,72.55999755859375,71.17747497558594,14017400
2026-01-27,KO,KO,72.44000244140625,73.55999755859375,72.2699966430664,73.55000305175781,72.14861297607422,13239200
2026-01-28,KO,KO,73.20999908447266,73.62000274658203,72.56999969482422,73.05999755859375,71.6679458618164,14633700
2026-01-29,KO,KO,73.18000030517578,74.08999633789062,73.13999938964844,73.43000030517578,72.03089904785156,20862100
2026-01-30,KO,KO,73.70999908447266,74.9000015258789,73.54000091552734,74.80999755859375,73.38460540771484,26420500
2026-02-02,KO,KO,75.01000213623047,75.69999694824219,74.4000015258789,75.33000183105469,73.89469909667969,19301500
2026-02-03,KO,KO,75.2699966430664,77.5,75.12999725341797,76.88999938964844,75.42497253417969,27007100
2026-02-04,KO,KO,77.2699966430664,78.11000061035156,77.08000183105469,77.3499984741211,75.87620544433594,28607300
2026-02-05,KO,KO,77.81999969482422,78.86000061035156,77.58999633789062,78.51000213623047,77.01410675048828,21633500
2026-02-06,KO,KO,78.5,79.19999694824219,78.26000213623047,79.02999877929688,77.52420043945312,18512400
2026-02-09,KO,KO,78.66999816894531,79.11000061035156,77.54000091552734,77.97000122070312,76.4843978881836,23415600
2026-02-10,KO,KO,76.62999725341797,77.51000213623047,76.01000213623047,76.80999755859375,75.34649658203125,28848200
2026-02-11,KO,KO,76.87999725341797,79.05000305175781,76.58000183105469,78.5999984741211,77.10238647460938,22649700
2026-02-12,KO,KO,78.9800033569336,80.41000366210938,78.79000091552734,79.0,77.4947738647461,26043500
2026-02-13,KO,KO,78.44999694824219,79.4000015258789,78.12999725341797,78.68000030517578,77.18087005615234,16711900
2026-02-17,KO,KO,78.98999786376953,79.63999938964844,78.73999786376953,79.55999755859375,78.04409790039062,16260200
2026-02-18,KO,KO,79.5,79.83999633789062,78.91999816894531,79.48999786376953,77.97543334960938,16304900
2026-02-19,KO,KO,79.45999908447266,79.66999816894531,78.58999633789062,78.91000366210938,77.40648651123047,14924700
2026-02-20,KO,KO,79.33000183105469,79.83999633789062,78.88999938964844,79.83999633789062,78.31876373291016,17175100
2026-02-23,KO,KO,79.5199966430664,80.8499984741211,79.5,80.55999755859375,79.0250473022461,17157700
2026-02-24,KO,KO,80.54000091552734,81.08999633789062,79.8499984741211,80.72000122070312,79.1820068359375,16448500
2026-02-25,KO,KO,80.4000015258789,80.69000244140625,79.55999755859375,80.47000122070312,78.936767578125,18086900
2026-02-26,KO,KO,80.75,80.88999938964844,80.0199966430664,80.5,78.96619415283203,12843200
2026-02-27,KO,KO,80.94000244140625,82.0,80.81999969482422,81.55999755859375,80.0059814453125,28483500
2026-03-02,KO,KO,81.25,81.4000015258789,80.1500015258789,80.22000122070312,78.69152069091797,18137200
2026-03-03,KO,KO,79.86000061035156,80.08000183105469,78.55999755859375,79.33999633789062,77.82829284667969,20549300
2026-03-04,KO,KO,79.29000091552734,79.47000122070312,77.75,78.0999984741211,76.61192321777344,21011800
2026-03-05,KO,KO,77.68000030517578,77.72000122070312,76.5,77.02999877929688,75.56230163574219,23165700
2026-03-06,KO,KO,76.80000305175781,77.19000244140625,76.3499984741211,77.04000091552734,75.57211303710938,15516000
2026-03-09,KO,KO,76.62000274658203,78.06999969482422,76.52999877929688,77.80000305175781,76.31763458251953,18554100
2026-03-10,KO,KO,77.4800033569336,78.41000366210938,77.0999984741211,77.87999725341797,76.39611053466797,17243900
2026-03-11,KO,KO,77.70999908447266,77.70999908447266,76.5999984741211,77.62999725341797,76.15087890625,11546800
2026-03-12,KO,KO,77.41999816894531,78.16000366210938,76.9000015258789,77.61000061035156,76.13125610351562,16842200
2026-03-13,KO,KO,77.47000122070312,78.05000305175781,77.19000244140625,77.33999633789062,76.38805389404297,11974500
2026-03-16,KO,KO,78.0,78.43000030517578,77.73999786376953,77.81999969482422,76.86214447021484,11761200
2026-03-17,KO,KO,78.0,78.30000305175781,77.44999694824219,77.58000183105469,76.62510681152344,14900100
2026-03-18,KO,KO,77.08000183105469,77.12999725341797,75.8499984741211,75.97000122070312,75.034912109375,13134600
2026-03-19,KO,KO,76.0,76.44999694824219,75.52999877929688,75.55000305175781,74.6200942993164,13023300
2026-03-20,KO,KO,75.56999969482422,76.05000305175781,74.38999938964844,74.75,73.8299331665039,33298700
2026-03-23,KO,KO,75.33999633789062,75.44999694824219,74.55000305175781,75.11000061035156,74.18550872802734,15054900
2026-03-24,KO,KO,74.86000061035156,75.69000244140625,74.62999725341797,74.66999816894531,73.75092315673828,15653700
2026-03-25,KO,KO,74.58999633789062,75.6500015258789,74.06999969482422,75.25,74.32378387451172,14787900
2026-03-26,KO,KO,75.19000244140625,75.75,74.6500015258789,74.69000244140625,73.77067565917969,11202100
2026-03-27,KO,KO,74.81999969482422,76.05000305175781,74.69999694824219,75.70999908447266,74.77811431884766,17461000
2026-03-30,KO,KO,75.93000030517578,77.0,75.72000122070312,76.2699966430664,75.33122253417969,18502800
2026-03-31,KO,KO,76.52999877929688,77.0199966430664,75.51000213623047,76.05000305175781,75.11393737792969,18301800
2026-04-01,KO,KO,76.1500015258789,76.36000061035156,75.26000213623047,76.08000183105469,75.14356231689453,15834300
2026-04-02,KO,KO,76.58000183105469,76.95999908447266,76.12000274658203,76.72000122070312,75.77568817138672,14573400
2026-04-06,KO,KO,76.63999938964844,77.27999877929688,76.22000122070312,77.22000122070312,76.26953125,8259900
2026-04-07,KO,KO,77.19999694824219,77.5999984741211,75.62999725341797,75.91000366210938,74.97566223144531,12769200
2026-04-08,KO,KO,75.80999755859375,77.37000274658203,75.31999969482422,77.29000091552734,76.33867645263672,12331300
2026-04-09,KO,KO,76.6500015258789,78.29000091552734,76.37000274658203,78.18000030517578,77.21771240234375,14311000
2026-04-10,KO,KO,77.9800033569336,78.16999816894531,77.30999755859375,77.47000122070312,76.5164566040039,11081400
2026-04-13,KO,KO,77.31999969482422,77.44999694824219,75.83000183105469,76.41000366210938,75.46951293945312,12696200
2026-04-14,KO,KO,75.97000122070312,76.62000274658203,75.80000305175781,75.9000015258789,74.96577453613281,12397600
2026-04-15,KO,KO,75.73999786376953,75.73999786376953,74.72000122070312,75.30999755859375,74.3830337524414,16212100
2026-04-16,KO,KO,75.02999877929688,75.83999633789062,74.9000015258789,75.18000030517578,74.25464630126953,11501900
2026-04-17,KO,KO,74.94999694824219,76.05999755859375,74.80000305175781,75.73999786376953,74.80774688720703,15033900
2026-04-20,KO,KO,75.81999969482422,76.22000122070312,75.36000061035156,75.4800033569336,74.55094909667969,10141800
2026-04-21,KO,KO,75.4800033569336,75.52999877929688,74.62000274658203,74.69999694824219,73.7805404663086,11806900
2026-04-22,KO,KO,74.9000015258789,75.37999725341797,74.55000305175781,74.62999725341797,73.71141052246094,9352300
2026-04-23,KO,KO,75.44000244140625,76.66000366210938,75.16000366210938,76.27999877929688,75.34110260009766,12060300
2026-04-24,KO,KO,76.70999908447266,77.01000213623047,76.16999816894531,76.62999725341797,75.68679809570312,12008700
2026-04-27,KO,KO,76.70999908447266,76.70999908447266,75.4000015258789,75.44000244140625,74.51144409179688,15812200
2026-04-28,KO,KO,79.5199966430664,80.31999969482422,78.08000183105469,78.3499984741211,77.3856201171875,30710700
2026-04-29,KO,KO,78.37000274658203,79.27999877929688,78.19000244140625,78.87000274658203,77.89922332763672,18294700
2026-04-30,KO,KO,78.80000305175781,79.12000274658203,78.33000183105469,78.76000213623047,77.79058074951172,15142200
2026-05-01,KO,KO,79.29000091552734,79.63999938964844,78.04000091552734,78.58000183105469,77.61279296875,12610400
2026-05-04,KO,KO,78.05999755859375,78.7699966430664,77.7300033569336,78.19000244140625,77.22759246826172,12672400
2026-05-05,KO,KO,78.19000244140625,78.77999877929688,77.73999786376953,78.4800033569336,77.51402282714844,11637500
2026-05-06,KO,KO,78.77999877929688,79.33000183105469,78.56999969482422,79.2300033569336,78.25479125976562,14060300
2026-05-07,KO,KO,78.79000091552734,79.1500015258789,78.0999984741211,78.43000030517578,77.46463775634766,16531400
2026-05-08,KO,KO,78.56999969482422,79.19999694824219,78.12000274658203,78.41999816894531,77.45475769042969,12447200
2026-05-11,KO,KO,78.16000366210938,78.7300033569336,77.83999633789062,78.66000366210938,77.69181060791016,10967900
2026-05-12,KO,KO,79.0,80.31999969482422,78.27999877929688,80.02999877929688,79.0449447631836,19883100
2026-05-13,KO,KO,79.87000274658203,81.02999877929688,79.83999633789062,80.26000213623047,79.27210998535156,12357000
2026-05-14,KO,KO,80.7300033569336,80.91999816894531,79.91000366210938,80.44999694824219,79.45977783203125,10642000
2026-05-15,KO,KO,81.36000061035156,81.36000061035156,80.44999694824219,80.81999969482422,79.82522583007812,17527200
2026-05-18,KO,KO,80.87000274658203,81.38999938964844,80.38999938964844,81.19999694824219,80.2005386352539,12375500
2026-05-19,KO,KO,81.41000366210938,82.66000366210938,81.26000213623047,81.91999816894531,80.91168212890625,16595200
2026-05-20,KO,KO,82.16999816894531,82.4000015258789,81.5199966430664,81.55000305175781,80.5462417602539,16999700
2026-05-21,KO,KO,81.79000091552734,81.80000305175781,80.72000122070312,81.16999816894531,80.17090606689453,15708400
2026-05-22,KO,KO,81.18000030517578,81.68000030517578,80.91999816894531,81.4800033569336,80.47710418701172,8240200
2026-05-26,KO,KO,80.83999633789062,81.5999984741211,80.23999786376953,80.45999908447266,79.46965026855469,13004200
2026-05-27,KO,KO,81.0999984741211,82.51000213623047,80.80000305175781,81.62000274658203,80.6153793334961,13209600
2026-05-28,KO,KO,81.31999969482422,81.76000213623047,80.33999633789062,80.41000366210938,79.42027282714844,14691400
2026-05-29,KO,KO,80.04000091552734,80.33000183105469,78.91000366210938,79.01000213623047,78.0374984741211,32477000
2026-06-01,KO,KO,78.58000183105469,79.19999694824219,78.43000030517578,78.63999938964844,77.67205810546875,12776300
2026-06-02,KO,KO,78.87999725341797,79.19999694824219,78.25,78.41000366210938,77.44489288330078,12533200
2026-06-03,KO,KO,78.29000091552734,79.02999877929688,78.11000061035156,78.76000213623047,77.79058074951172,14964300
2026-06-04,KO,KO,79.77999877929688,80.04000091552734,76.80999755859375,76.81999969482422,75.87445831298828,19361600
2026-06-05,KO,KO,77.51000213623047,80.73999786376953,77.4800033569336,79.4800033569336,78.50171661376953,25708100
2026-06-08,KO,KO,79.30999755859375,79.93000030517578,79.0999984741211,79.54000091552734,78.56098175048828,12828900
2026-06-09,KO,KO,79.55000305175781,81.76000213623047,79.37999725341797,81.33999633789062,80.33881378173828,20591600
2026-06-10,KO,KO,82.68000030517578,83.8499984741211,82.12000274658203,83.58999633789062,82.56111907958984,20880500
2026-06-11,KO,KO,83.91999816894531,84.04000091552734,82.48999786376953,82.52999877929688,81.51417541503906,14264500
2026-06-12,KO,KO,82.70999908447266,82.88999938964844,81.87000274658203,82.62000274658203,81.60306549072266,11757700
2026-06-15,KO,KO,81.08000183105469,81.19999694824219,80.25,80.91000366210938,80.43006896972656,20055200
2026-06-16,KO,KO,81.1500015258789,81.38999938964844,79.83999633789062,80.27999877929688,79.80380249023438,17565100
2026-06-17,KO,KO,79.94999694824219,80.33000183105469,78.98999786376953,79.93000030517578,79.45587921142578,17055400
2026-06-18,KO,KO,79.87000274658203,80.01000213623047,78.73999786376953,79.38999938964844,78.91908264160156,46857900
2026-06-22,KO,KO,79.25,80.05999755859375,79.05999755859375,79.52999877929688,79.0582504272461,21205900
2026-06-23,KO,KO,81.33000183105469,81.33000183105469,79.83000183105469,80.30999755859375,79.8336181640625,16854000
2026-06-24,KO,KO,80.88999938964844,81.58000183105469,80.55999755859375,80.5999984741211,80.12190246582031,20632600
2026-06-25,KO,KO,80.52999877929688,81.37999725341797,79.97000122070312,80.41999816894531,79.9429702758789,16021400
2026-06-26,KO,KO,80.95999908447266,82.80999755859375,80.69999694824219,82.62999725341797,82.13985443115234,53357500
2026-06-29,KO,KO,82.83000183105469,83.62000274658203,82.20999908447266,82.6500015258789,82.15974426269531,15015800
2026-06-30,KO,KO,82.5,82.54000091552734,81.01000213623047,81.2699966430664,80.78792572021484,16422100
2026-07-01,KO,KO,81.69999694824219,81.9800033569336,80.95999908447266,81.29000091552734,80.80780792236328,21734800
2026-07-02,KO,KO,81.62999725341797,84.13999938964844,81.4000015258789,84.13999938964844,83.64089965820312,18308400
2026-07-06,KO,KO,84.0999984741211,84.55999755859375,82.31999969482422,82.95999908447266,82.46790313720703,18992600
2026-07-07,KO,KO,84.5999984741211,85.68000030517578,83.63999938964844,84.05000305175781,83.55143737792969,17835200
2026-07-08,KO,KO,84.16999816894531,84.83000183105469,83.2699966430664,83.4000015258789,82.9052963256836,14160000
2026-07-09,KO,KO,82.08999633789062,82.81999969482422,81.70999908447266,82.62999725341797,82.13985443115234,15782500
2026-07-10,KO,KO,82.7300033569336,83.73999786376953,82.41000366210938,83.48999786376953,82.99475860595703,10694600
2026-07-13,KO,KO,83.9000015258789,84.68000030517578,83.66999816894531,84.25,83.75025177001953,12085800
2026-07-14,KO,KO,84.16999816894531,84.62999725341797,83.08000183105469,83.08000183105469,82.58719635009766,13775400
2026-07-15,KO,KO,82.93000030517578,83.23999786376953,82.2300033569336,82.44999694824219,81.96092224121094,18383800
2026-07-16,KO,KO,83.5,84.94999694824219,83.27999877929688,84.91999816894531,84.41627502441406,17889900
2026-07-17,KO,KO,85.37000274658203,85.55999755859375,80.83000183105469,81.55999755859375,81.07620239257812,32903000
2026-07-20,KO,KO,81.55000305175781,82.37000274658203,81.30000305175781,82.12000274658203,81.63288879394531,14967200
2026-07-21,KO,KO,81.97000122070312,82.4000015258789,81.31999969482422,81.97000122070312,81.48377990722656,12949400
2026-07-22,KO,KO,82.8499984741211,82.91999816894531,81.95999908447266,82.19999694824219,81.71240997314453,11701300
2026-07-23,KO,KO,81.66999816894531,81.87000274658203,80.87999725341797,81.16999816894531,80.68852233886719,13755600
2026-07-24,KO,KO,81.56999969482422,82.33000183105469,80.9000015258789,82.25,81.76211547851562,11980400
2026-07-27,KO,KO,83.08000183105469,84.13999938964844,82.5,84.06999969482422,83.57131958007812,19937600
2026-07-28,KO,KO,88.30000305175781,90.22000122070312,86.25,88.2699966430664,87.74639892578125,34982900
2026-07-29,KO,KO,88.6500015258789,90.91999816894531,88.63999938964844,89.08000183105469,88.55160522460938,21711700
2026-07-30,KO,KO,87.62999725341797,88.63999938964844,87.20999908447266,88.48999786376953,87.96509552001953,17616100
2026-07-31,KO,KO,87.66000366210938,88.0,86.81999969482422,87.58999633789062,87.0704345703125,14725900
2026-08-03,KO,KO,88.4800033569336,88.4800033569336,86.62999725341797,86.86000061035156,86.34477233886719,23197100
2026-08-04,KO,KO,85.79000091552734,86.68000030517578,85.16000366210938,86.55999755859375,86.04654693603516,17085700
2026-08-05,KO,KO,87.05000305175781,87.1500015258789,86.19000244140625,86.83000183105469,86.31494903564453,15868600
2026-08-06,KO,KO,87.86000061035156,87.97000122070312,86.41999816894531,86.8499984741211,86.33482360839844,13568500
2026-08-07,KO,KO,86.51000213623047,87.16999816894531,86.19000244140625,87.05000305175781,86.53364562988281,11221700
2026-08-10,KO,KO,87.11000061035156,87.52999877929688,86.43000030517578,86.87000274658203,86.3547134399414,13710800
2026-08-11,KO,KO,86.62000274658203,87.05000305175781,86.11000061035156,86.4800033569336,85.96702575683594,16018000
2026-08-12,KO,KO,85.77999877929688,87.29000091552734,85.66000366210938,86.70999908447266,86.1956558227539,12651900
2026-08-13,KO,KO,87.13999938964844,87.75,86.91000366210938,87.41999816894531,86.90144348144531,10140600
2026-08-14,KO,KO,87.30000305175781,87.97000122070312,87.19999694824219,87.70999908447266,87.18972778320312,9166400
2026-08-17,KO,KO,87.30000305175781,88.0199966430664,86.8499984741211,86.9800033569336,86.46405792236328,12056400
2026-08-18,KO,KO,88.4000015258789,88.95999908447266,87.87999725341797,88.81999969482422,88.29314422607422,12524500
2026-08-19,KO,KO,88.58999633789062,90.76000213623047,88.58999633789062,90.3499984741211,89.8140640258789,15993900
2026-08-20,KO,KO,90.18000030517578,91.87000274658203,89.7300033569336,90.5,89.96318054199219,14928000
2026-08-21,KO,KO,90.8499984741211,91.19999694824219,90.31999969482422,91.0999984741211,90.55961608886719,15595800
2026-08-24,KO,KO,92.12000274658203,92.48999786376953,91.44999694824219,91.98999786376953,91.4443359375,14787700
2026-08-25,KO,KO,91.56999969482422,92.08000183105469,91.30000305175781,91.63999938964844,91.0964126586914,11940100
2026-08-26,KO,KO,92.20999908447266,92.20999908447266,90.0,90.08000183105469,89.54566955566406,17133900
2026-08-27,KO,KO,89.41000366210938,90.02999877929688,88.95999908447266,89.05999755859375,88.5317153930664,13452600
2026-08-28,KO,KO,89.20999908447266,90.04000091552734,89.06999969482422,89.66000366210938,89.12816619873047,9887200
2026-08-31,KO,KO,89.51000213623047,89.52999877929688,88.5999984741211,88.66999816894531,88.14402770996094,23764800
2026-09-01,KO,KO,89.58999633789062,89.77999877929688,87.80999755859375,88.0,87.4780044555664,14824100
2026-09-02,KO,KO,87.9000015258789,88.94999694824219,87.7300033569336,88.23999786376953,87.71658325195312,18492800
2026-09-03,KO,KO,88.11000061035156,89.2300033569336,88.01000213623047,88.80999755859375,88.283203125,13763000
2026-09-04,KO,KO,88.58999633789062,88.91000366210938,87.8499984741211,88.06999969482422,87.54759216308594,17290700
