Date,Symbol,DownloadSymbol,Open,High,Low,Close,Adj Close,Volume
2016-07-14,RL,RL,99.05000305175781,99.72000122070312,98.56999969482422,98.91999816894531,81.41217803955078,635500
2016-07-15,RL,RL,99.41999816894531,99.87000274658203,98.75,98.87000274658203,81.37102508544922,601900
2016-07-18,RL,RL,98.66999816894531,99.9800033569336,98.66999816894531,99.16000366210938,81.60971069335938,889400
2016-07-19,RL,RL,99.0,99.0,98.12000274658203,98.80000305175781,81.31343841552734,504900
2016-07-20,RL,RL,99.2300033569336,100.29000091552734,98.61000061035156,100.04000091552734,82.33397674560547,474100
2016-07-21,RL,RL,100.20999908447266,100.93000030517578,98.93000030517578,99.18000030517578,81.62616729736328,549600
2016-07-22,RL,RL,98.73999786376953,99.12000274658203,97.3499984741211,98.88999938964844,81.38749694824219,530000
2016-07-25,RL,RL,98.91999816894531,99.94999694824219,98.29000091552734,99.76000213623047,82.10350799560547,591700
2016-07-26,RL,RL,99.86000061035156,101.16999816894531,99.76000213623047,100.94999694824219,83.08287811279297,761500
2016-07-27,RL,RL,100.58000183105469,101.08999633789062,98.26000213623047,99.25,81.68379211425781,1143500
2016-07-28,RL,RL,99.06999969482422,99.0999984741211,96.12999725341797,96.9000015258789,79.74970245361328,1063700
2016-07-29,RL,RL,96.77999877929688,98.31999969482422,96.5199966430664,98.08999633789062,80.72911071777344,732200
2016-08-01,RL,RL,97.88999938964844,98.54000091552734,96.91000366210938,97.68000030517578,80.39167785644531,745900
2016-08-02,RL,RL,97.62000274658203,97.62000274658203,93.30000305175781,93.4000015258789,76.86918640136719,1186900
2016-08-03,RL,RL,90.30999755859375,93.45999908447266,90.30999755859375,92.86000061035156,76.42474365234375,1699100
2016-08-04,RL,RL,93.20999908447266,94.83000183105469,92.95999908447266,94.2699966430664,77.58518981933594,930700
2016-08-05,RL,RL,95.0199966430664,96.54000091552734,94.04000091552734,96.05000305175781,79.05015563964844,728200
2016-08-08,RL,RL,96.31999969482422,97.75,95.29000091552734,95.95999908447266,78.97608947753906,733700
2016-08-09,RL,RL,95.20999908447266,95.62000274658203,93.80999755859375,95.06999969482422,78.24359130859375,1686400
2016-08-10,RL,RL,102.30000305175781,105.69999694824219,101.73999786376953,103.13999938964844,84.88529968261719,3771900
2016-08-11,RL,RL,104.87999725341797,109.69999694824219,104.31999969482422,108.69999694824219,89.46123504638672,3011300
2016-08-12,RL,RL,108.20999908447266,109.12000274658203,107.18000030517578,108.19000244140625,89.04151153564453,1338500
2016-08-15,RL,RL,108.72000122070312,109.66000366210938,108.13999938964844,109.16999816894531,89.8480453491211,1091500
2016-08-16,RL,RL,108.9800033569336,109.26000213623047,108.58000183105469,108.80999755859375,89.55177307128906,629800
2016-08-17,RL,RL,108.56999969482422,108.76000213623047,107.31999969482422,107.5,88.4736328125,951800
2016-08-18,RL,RL,107.77999877929688,108.62000274658203,107.68000030517578,108.61000061035156,89.38717651367188,577400
2016-08-19,RL,RL,108.33999633789062,109.1500015258789,108.26000213623047,108.93000030517578,89.65052795410156,554600
2016-08-22,RL,RL,108.93000030517578,108.93000030517578,107.7699966430664,108.04000091552734,88.91805267333984,547500
2016-08-23,RL,RL,108.94999694824219,109.8499984741211,108.22000122070312,109.08999633789062,89.78218841552734,672400
2016-08-24,RL,RL,108.91000366210938,108.91000366210938,107.6500015258789,107.87000274658203,88.77812194824219,591200
2016-08-25,RL,RL,107.68000030517578,108.12000274658203,106.55999755859375,107.08999633789062,88.13618469238281,542600
2016-08-26,RL,RL,107.13999938964844,108.30000305175781,106.02999877929688,106.41999816894531,87.58477020263672,460100
2016-08-29,RL,RL,106.29000091552734,107.33000183105469,105.7699966430664,106.44999694824219,87.60946655273438,554800
2016-08-30,RL,RL,105.9000015258789,105.9000015258789,104.2300033569336,104.5,86.00457763671875,584300
2016-08-31,RL,RL,104.38999938964844,104.8499984741211,102.58999633789062,103.62000274658203,85.28036499023438,540300
2016-09-01,RL,RL,104.11000061035156,104.30000305175781,102.30999755859375,103.52999877929688,85.20625305175781,589500
2016-09-02,RL,RL,103.5,104.3499984741211,102.68000030517578,103.2300033569336,84.95936584472656,788800
2016-09-06,RL,RL,103.27999877929688,103.86000061035156,101.7300033569336,102.55999755859375,84.4079360961914,518300
2016-09-07,RL,RL,102.86000061035156,104.88999938964844,102.06999969482422,104.83999633789062,86.28440856933594,839400
2016-09-08,RL,RL,104.3499984741211,104.79000091552734,102.41000366210938,102.87999725341797,84.67131805419922,687500
2016-09-09,RL,RL,102.55999755859375,102.55999755859375,100.5199966430664,100.73999786376953,82.91008758544922,584500
2016-09-12,RL,RL,100.18000030517578,101.97000122070312,99.63999938964844,101.80000305175781,83.78247833251953,806300
2016-09-13,RL,RL,100.93000030517578,101.8499984741211,99.77999877929688,100.47000122070312,82.68785858154297,570100
2016-09-14,RL,RL,100.69999694824219,100.69999694824219,99.18000030517578,99.7699966430664,82.11175537109375,444900
2016-09-15,RL,RL,99.16999816894531,100.22000122070312,98.68000030517578,100.05999755859375,82.35043334960938,517500
2016-09-16,RL,RL,99.47000122070312,100.25,99.1500015258789,100.06999969482422,82.358642578125,752500
2016-09-19,RL,RL,100.37000274658203,100.97000122070312,99.52999877929688,99.94999694824219,82.2598876953125,671300
2016-09-20,RL,RL,100.37999725341797,100.72000122070312,98.54000091552734,98.7699966430664,81.28875732421875,649200
2016-09-21,RL,RL,98.77999877929688,99.5999984741211,97.98999786376953,99.11000061035156,81.56856536865234,523700
2016-09-22,RL,RL,99.81999969482422,100.33000183105469,98.69000244140625,98.97000122070312,81.45333862304688,668600
2016-09-23,RL,RL,98.87000274658203,100.2699966430664,98.87000274658203,99.91000366210938,82.22700500488281,739800
2016-09-26,RL,RL,99.30000305175781,99.94999694824219,96.47000122070312,96.7699966430664,79.6427001953125,717100
2016-09-27,RL,RL,96.83999633789062,97.9800033569336,96.27999877929688,97.86000061035156,80.53978729248047,583900
2016-09-28,RL,RL,97.2699966430664,98.48999786376953,97.12000274658203,97.94000244140625,81.01958465576172,453400
2016-09-29,RL,RL,98.27999877929688,100.41999816894531,98.27999877929688,99.6500015258789,82.43418884277344,1306200
2016-09-30,RL,RL,100.36000061035156,101.83999633789062,100.0199966430664,101.13999938964844,83.66676330566406,969400
2016-10-03,RL,RL,100.69999694824219,101.95999908447266,100.16999816894531,100.93000030517578,83.49303436279297,644700
2016-10-04,RL,RL,100.68000030517578,101.4000015258789,100.0,100.29000091552734,82.96361541748047,572900
2016-10-05,RL,RL,100.54000091552734,101.37000274658203,99.69999694824219,99.75,82.51689147949219,608200
2016-10-06,RL,RL,100.33000183105469,101.79000091552734,100.01000213623047,101.41000366210938,83.89012908935547,650900
2016-10-07,RL,RL,103.55999755859375,104.5999984741211,102.62999725341797,103.01000213623047,85.21369171142578,1065800
2016-10-10,RL,RL,103.54000091552734,104.79000091552734,103.20999908447266,103.62999725341797,85.7265625,438600
2016-10-11,RL,RL,103.83000183105469,104.97000122070312,102.11000061035156,102.33000183105469,84.65119171142578,531800
2016-10-12,RL,RL,102.33000183105469,102.68000030517578,101.41999816894531,101.70999908447266,84.1382827758789,553700
2016-10-13,RL,RL,101.05000305175781,101.16999816894531,98.04000091552734,99.69000244140625,82.4672622680664,903000
2016-10-14,RL,RL,100.0,100.87999725341797,97.5,97.5199966430664,80.67216491699219,1156500
2016-10-17,RL,RL,97.58000183105469,97.87999725341797,96.87999725341797,97.19000244140625,80.39915466308594,731800
2016-10-18,RL,RL,97.56999969482422,98.2699966430664,97.26000213623047,97.63999938964844,80.77141571044922,662700
2016-10-19,RL,RL,98.0199966430664,99.37999725341797,97.69999694824219,98.9800033569336,81.87992095947266,650100
2016-10-20,RL,RL,98.7300033569336,98.7300033569336,97.0999984741211,97.58999633789062,80.73006439208984,632400
2016-10-21,RL,RL,96.58000183105469,96.77999877929688,94.88999938964844,96.62999725341797,79.93592834472656,642600
2016-10-24,RL,RL,97.12999725341797,98.83000183105469,97.12999725341797,98.5999984741211,81.5655746459961,710200
2016-10-25,RL,RL,96.5,98.94000244140625,96.0999984741211,97.81999969482422,80.92032623291016,843800
2016-10-26,RL,RL,97.33999633789062,99.0999984741211,97.2699966430664,98.05000305175781,81.11058807373047,413800
2016-10-27,RL,RL,98.30999755859375,98.80000305175781,97.4000015258789,97.83000183105469,80.92860412597656,411500
2016-10-28,RL,RL,98.52999877929688,100.16000366210938,98.05000305175781,98.13999938964844,81.18504333496094,605500
2016-10-31,RL,RL,98.19999694824219,98.5,97.55999755859375,98.0999984741211,81.15193939208984,560700
2016-11-01,RL,RL,98.54000091552734,100.44000244140625,97.33999633789062,98.66000366210938,81.61521911621094,707600
2016-11-02,RL,RL,97.95999908447266,99.30999755859375,97.29000091552734,97.76000213623047,80.87068939208984,452200
2016-11-03,RL,RL,98.13999938964844,98.31999969482422,97.3499984741211,97.63999938964844,80.77141571044922,531300
2016-11-04,RL,RL,97.94999694824219,100.12999725341797,97.94999694824219,98.58999633789062,81.55731201171875,625600
2016-11-07,RL,RL,100.08999633789062,100.41000366210938,99.26000213623047,99.83000183105469,82.58308410644531,817400
2016-11-08,RL,RL,99.63999938964844,100.0,98.13999938964844,98.91000366210938,81.82202911376953,752800
2016-11-09,RL,RL,97.08000183105469,103.0,96.0999984741211,102.1500015258789,84.50225830078125,1619600
2016-11-10,RL,RL,103.2699966430664,110.44999694824219,103.0999984741211,106.26000213623047,87.90221405029297,2007400
2016-11-11,RL,RL,106.83999633789062,108.87999725341797,103.72000122070312,107.0999984741211,88.59709930419922,1251900
2016-11-14,RL,RL,107.1500015258789,112.38999938964844,106.93000030517578,111.58999633789062,92.31138610839844,1683700
2016-11-15,RL,RL,111.58999633789062,113.58999633789062,110.4800033569336,113.16999816894531,93.61842346191406,1574600
2016-11-16,RL,RL,111.70999908447266,113.69000244140625,111.70999908447266,111.91999816894531,92.58438110351562,856200
2016-11-17,RL,RL,112.7300033569336,113.66999816894531,111.69999694824219,113.56999969482422,93.94932556152344,858400
2016-11-18,RL,RL,112.88999938964844,113.2699966430664,110.1500015258789,110.27999877929688,91.22771453857422,692800
2016-11-21,RL,RL,110.29000091552734,111.73999786376953,110.13999938964844,110.56999969482422,91.46759033203125,494200
2016-11-22,RL,RL,111.33000183105469,113.75,110.48999786376953,113.68000030517578,94.0403060913086,486200
2016-11-23,RL,RL,112.81999969482422,114.0,111.70999908447266,112.5199966430664,93.08073425292969,560500
2016-11-25,RL,RL,112.54000091552734,113.05999755859375,111.95999908447266,112.16999816894531,92.79117584228516,115000
2016-11-28,RL,RL,111.62999725341797,112.12999725341797,109.87000274658203,110.91000366210938,91.74885559082031,593300
2016-11-29,RL,RL,110.4800033569336,110.87000274658203,108.08999633789062,108.61000061035156,89.84620666503906,1033600
2016-11-30,RL,RL,107.9800033569336,108.87000274658203,104.37999725341797,104.61000061035156,86.53726959228516,1582900
2016-12-01,RL,RL,105.05000305175781,106.51000213623047,104.13999938964844,104.37000274658203,86.3387222290039,905700
2016-12-02,RL,RL,105.18000030517578,107.25,104.16000366210938,105.72000122070312,87.45549774169922,726700
2016-12-05,RL,RL,106.63999938964844,108.73999786376953,105.94000244140625,108.19000244140625,89.49877166748047,522800
2016-12-06,RL,RL,108.08999633789062,108.27999877929688,106.94999694824219,107.41999816894531,88.86178588867188,558700
2016-12-07,RL,RL,106.9800033569336,109.31999969482422,106.9000015258789,108.95999908447266,90.13575744628906,631500
2016-12-08,RL,RL,109.4000015258789,110.41999816894531,108.2300033569336,108.87999725341797,90.06954193115234,603200
2016-12-09,RL,RL,108.83000183105469,109.73999786376953,108.44000244140625,109.0,90.16883850097656,488100
2016-12-12,RL,RL,108.37999725341797,108.91000366210938,103.23999786376953,103.7699966430664,85.8423843383789,1044400
2016-12-13,RL,RL,104.11000061035156,104.9000015258789,103.54000091552734,103.76000213623047,85.83412170410156,882000
2016-12-14,RL,RL,103.19000244140625,103.86000061035156,101.16999816894531,101.75,84.17137908935547,1167700
2016-12-15,RL,RL,101.5999984741211,101.66999816894531,95.66999816894531,96.93000030517578,80.18408966064453,2449700
2016-12-16,RL,RL,97.06999969482422,97.0999984741211,93.45999908447266,94.75,78.38069152832031,1806900
2016-12-19,RL,RL,94.3499984741211,95.33999633789062,93.0,93.23999786376953,77.13157653808594,1128000
2016-12-20,RL,RL,93.31999969482422,94.05999755859375,92.54000091552734,92.91999816894531,76.8668441772461,1029500
2016-12-21,RL,RL,92.69000244140625,93.30999755859375,92.2699966430664,92.80999755859375,76.7758560180664,568300
2016-12-22,RL,RL,92.75,92.87999725341797,90.01000213623047,90.7300033569336,75.05522918701172,1144900
2016-12-23,RL,RL,91.0,92.33999633789062,89.23999786376953,89.44999694824219,73.99635314941406,985600
2016-12-27,RL,RL,89.97000122070312,91.12000274658203,89.62000274658203,90.0999984741211,74.53404235839844,954300
2016-12-28,RL,RL,89.9000015258789,90.38999938964844,89.30999755859375,89.9800033569336,74.85018157958984,746500
2016-12-29,RL,RL,89.9000015258789,91.06999969482422,89.9000015258789,90.73999786376953,75.48236083984375,963300
2016-12-30,RL,RL,90.75,91.47000122070312,90.06999969482422,90.31999969482422,75.13298797607422,932400
2017-01-03,RL,RL,91.2699966430664,93.05000305175781,90.55999755859375,90.62999725341797,75.39088439941406,1434300
2017-01-04,RL,RL,91.0,92.48999786376953,90.1500015258789,90.62000274658203,75.382568359375,1528600
2017-01-05,RL,RL,88.62000274658203,89.12000274658203,87.06999969482422,89.05000305175781,74.07654571533203,2110500
2017-01-06,RL,RL,89.2699966430664,89.44999694824219,87.55000305175781,88.58000183105469,73.68555450439453,1699700
2017-01-09,RL,RL,88.94000244140625,88.94000244140625,87.22000122070312,87.25,72.57919311523438,975600
2017-01-10,RL,RL,87.91000366210938,88.83999633789062,87.51000213623047,87.94000244140625,73.1531753540039,1723000
2017-01-11,RL,RL,87.75,88.29000091552734,85.94999694824219,86.63999938964844,72.07176208496094,1111400
2017-01-12,RL,RL,86.08000183105469,86.91000366210938,85.9000015258789,86.38999938964844,71.86380767822266,877700
2017-01-13,RL,RL,86.75,87.36000061035156,85.79000091552734,86.31999969482422,71.80558776855469,806200
2017-01-17,RL,RL,87.0,90.12999725341797,86.83000183105469,89.58000183105469,74.51742553710938,2393600
2017-01-18,RL,RL,89.56999969482422,89.61000061035156,87.76000213623047,89.29000091552734,74.27619171142578,1400800
2017-01-19,RL,RL,89.37999725341797,90.30999755859375,87.66999816894531,88.19999694824219,73.36946868896484,973200
2017-01-20,RL,RL,88.37999725341797,89.45999908447266,87.70999908447266,88.9000015258789,73.95175170898438,926300
2017-01-23,RL,RL,88.45999908447266,89.4000015258789,87.48999786376953,89.29000091552734,74.27619171142578,800500
2017-01-24,RL,RL,89.7699966430664,90.5,89.43000030517578,90.11000061035156,74.95830535888672,638000
2017-01-25,RL,RL,90.66999816894531,92.0999984741211,90.56999969482422,91.1500015258789,75.82342529296875,1375400
2017-01-26,RL,RL,90.7699966430664,91.25,89.48999786376953,90.01000213623047,74.8751220703125,860300
2017-01-27,RL,RL,90.45999908447266,90.62999725341797,87.80999755859375,87.97000122070312,73.17811584472656,1088400
2017-01-30,RL,RL,87.69999694824219,88.83000183105469,87.27999877929688,88.44000244140625,73.56909942626953,939000
2017-01-31,RL,RL,86.76000213623047,88.66000366210938,85.91000366210938,88.43000030517578,73.56079864501953,2011000
2017-02-01,RL,RL,88.12000274658203,88.47000122070312,86.52999877929688,87.37000274658203,72.67900848388672,2174100
2017-02-02,RL,RL,80.51000213623047,81.0,76.18000030517578,76.61000061035156,63.72827911376953,17508100
2017-02-03,RL,RL,75.95999908447266,77.62000274658203,75.9000015258789,76.16999816894531,63.36226272583008,6439900
2017-02-06,RL,RL,76.18000030517578,77.2300033569336,75.62000274658203,76.52999877929688,63.661720275878906,5378300
2017-02-07,RL,RL,77.01000213623047,77.13999938964844,75.91999816894531,75.9800033569336,63.20420455932617,2082300
2017-02-08,RL,RL,76.27999877929688,77.66999816894531,75.80000305175781,77.5,64.46865844726562,3074500
2017-02-09,RL,RL,77.5,78.29000091552734,77.5,77.9800033569336,64.86792755126953,1604300
2017-02-10,RL,RL,78.5,80.12999725341797,78.4000015258789,79.61000061035156,66.22383880615234,2330100
2017-02-13,RL,RL,80.04000091552734,80.16000366210938,79.27999877929688,79.33999633789062,65.9992446899414,1649000
2017-02-14,RL,RL,78.97000122070312,80.25,78.91000366210938,79.48999786376953,66.12401580810547,1849000
2017-02-15,RL,RL,79.68000030517578,79.98999786376953,78.73999786376953,79.16999816894531,65.85784912109375,1761500
2017-02-16,RL,RL,79.25,79.9000015258789,78.36000061035156,78.47000122070312,65.27552795410156,2069500
2017-02-17,RL,RL,78.05999755859375,79.08999633789062,78.05999755859375,78.38999938964844,65.20896911621094,1802200
2017-02-21,RL,RL,78.80999755859375,79.22000122070312,78.08000183105469,78.19000244140625,65.04259490966797,2495500
2017-02-22,RL,RL,77.81999969482422,78.16999816894531,76.75,78.11000061035156,64.97605895996094,2068600
2017-02-23,RL,RL,78.69000244140625,79.3499984741211,78.11000061035156,78.6500015258789,65.42527770996094,1476600
2017-02-24,RL,RL,78.62000274658203,79.93000030517578,78.37000274658203,79.20999908447266,65.89112091064453,1075100
2017-02-27,RL,RL,79.08000183105469,79.98999786376953,78.7699966430664,79.79000091552734,66.37358856201172,1019900
2017-02-28,RL,RL,79.77999877929688,79.83000183105469,78.9000015258789,79.33000183105469,65.99092102050781,1821300
2017-03-01,RL,RL,80.05999755859375,80.5999984741211,78.91999816894531,80.56999969482422,67.02240753173828,1550900
2017-03-02,RL,RL,80.1500015258789,81.08000183105469,79.8499984741211,80.70999908447266,67.13888549804688,1757300
2017-03-03,RL,RL,80.6500015258789,81.19000244140625,79.25,79.79000091552734,66.37358856201172,1220500
2017-03-06,RL,RL,79.79000091552734,80.02999877929688,79.0,79.7300033569336,66.32366180419922,1130600
2017-03-07,RL,RL,79.30000305175781,79.58000183105469,78.37000274658203,79.13999938964844,65.83287811279297,1437300
2017-03-08,RL,RL,79.33000183105469,80.69000244140625,79.12000274658203,80.43000030517578,66.90597534179688,1321800
2017-03-09,RL,RL,80.26000213623047,80.37000274658203,79.41000366210938,79.68000030517578,66.28207397460938,978700
2017-03-10,RL,RL,79.80999755859375,80.69999694824219,79.56999969482422,80.30000305175781,66.79781341552734,778200
2017-03-13,RL,RL,80.43000030517578,80.68000030517578,78.87000274658203,79.58999633789062,66.20719909667969,1052700
2017-03-14,RL,RL,79.69000244140625,80.33999633789062,79.22000122070312,80.02999877929688,66.5732192993164,702400
2017-03-15,RL,RL,79.98999786376953,81.56999969482422,79.98999786376953,81.25,67.58807373046875,1041100
2017-03-16,RL,RL,80.95999908447266,81.6500015258789,80.62999725341797,81.04000091552734,67.41339111328125,610200
2017-03-17,RL,RL,81.25,81.33999633789062,79.95999908447266,80.69999694824219,67.13056182861328,1586400
2017-03-20,RL,RL,80.70999908447266,80.70999908447266,79.20999908447266,79.45999908447266,66.09907531738281,1021800
2017-03-21,RL,RL,79.76000213623047,79.87000274658203,77.47000122070312,78.2300033569336,65.0759048461914,1440100
2017-03-22,RL,RL,77.91999816894531,78.37999725341797,77.38999938964844,78.20999908447266,65.05924224853516,907200
2017-03-23,RL,RL,79.56999969482422,79.95999908447266,78.72000122070312,79.22000122070312,65.8994140625,1027100
2017-03-24,RL,RL,79.16999816894531,80.18000030517578,78.91999816894531,79.73999786376953,66.33199310302734,1069400
2017-03-27,RL,RL,78.93000030517578,80.5199966430664,78.79000091552734,80.41999816894531,66.89765167236328,877800
2017-03-28,RL,RL,80.41000366210938,81.91999816894531,80.16999816894531,81.6500015258789,67.92081451416016,846300
2017-03-29,RL,RL,80.87999725341797,83.26000213623047,80.87999725341797,82.97000122070312,69.44412994384766,1278100
2017-03-30,RL,RL,82.75,83.58000183105469,81.69000244140625,81.9000015258789,68.54855346679688,1071700
2017-03-31,RL,RL,82.0199966430664,82.27999877929688,81.2699966430664,81.62000274658203,68.31420135498047,990700
2017-04-03,RL,RL,81.83000183105469,82.08000183105469,80.97000122070312,81.37000274658203,68.10496520996094,1475000
2017-04-04,RL,RL,81.0,81.37000274658203,76.69000244140625,77.73999786376953,65.06673431396484,2182900
2017-04-05,RL,RL,77.93000030517578,80.41000366210938,77.87000274658203,79.5199966430664,66.5565414428711,2002500
2017-04-06,RL,RL,79.8499984741211,82.30999755859375,79.8499984741211,80.70999908447266,67.55257415771484,1536900
2017-04-07,RL,RL,80.45999908447266,80.5,79.12999725341797,79.27999877929688,66.35568237304688,1421500
2017-04-10,RL,RL,79.5,81.76000213623047,79.5,80.52999877929688,67.40189361572266,1126700
2017-04-11,RL,RL,80.62000274658203,80.94999694824219,79.19999694824219,80.33000183105469,67.23450469970703,638600
2017-04-12,RL,RL,80.3499984741211,80.69000244140625,79.86000061035156,80.18000030517578,67.10896301269531,732600
2017-04-13,RL,RL,80.41999816894531,80.5,78.95999908447266,79.1500015258789,66.24685668945312,660200
2017-04-17,RL,RL,79.20999908447266,80.05000305175781,78.9000015258789,80.0,66.95830535888672,505100
2017-04-18,RL,RL,79.5199966430664,79.9800033569336,79.36000061035156,79.52999877929688,66.56492614746094,432300
2017-04-19,RL,RL,79.8499984741211,80.5,79.26000213623047,80.0,66.95830535888672,1390100
2017-04-20,RL,RL,79.30000305175781,80.31999969482422,79.0999984741211,79.72000122070312,66.72396087646484,1329300
2017-04-21,RL,RL,79.66999816894531,79.66999816894531,78.29000091552734,78.91999816894531,66.05437469482422,1363400
2017-04-24,RL,RL,79.80000305175781,80.0999984741211,79.26000213623047,79.61000061035156,66.63188171386719,1442200
2017-04-25,RL,RL,79.75,80.5999984741211,79.37999725341797,80.56999969482422,67.43539428710938,891000
2017-04-26,RL,RL,80.80000305175781,81.87000274658203,80.61000061035156,81.18000030517578,67.9459228515625,868800
2017-04-27,RL,RL,81.5,82.56999969482422,80.75,82.41999816894531,68.9837875366211,996000
2017-04-28,RL,RL,82.26000213623047,82.26000213623047,80.45999908447266,80.72000122070312,67.5609359741211,688400
2017-05-01,RL,RL,80.91000366210938,80.91000366210938,79.27999877929688,79.30999755859375,66.38080596923828,608800
2017-05-02,RL,RL,79.58999633789062,80.98999786376953,79.41000366210938,80.80999755859375,67.63624572753906,936000
2017-05-03,RL,RL,80.69000244140625,80.93000030517578,79.19000244140625,79.87000274658203,66.84949493408203,1654200
2017-05-04,RL,RL,80.0,80.69999694824219,79.44000244140625,80.33999633789062,67.24287414550781,1600000
2017-05-05,RL,RL,80.5,82.69000244140625,80.5,82.11000061035156,68.72431945800781,1465300
2017-05-08,RL,RL,82.5199966430664,84.0,81.94999694824219,82.0999984741211,68.71595001220703,935800
2017-05-09,RL,RL,82.23999786376953,84.47000122070312,82.16999816894531,84.05000305175781,70.34807586669922,1697500
2017-05-10,RL,RL,83.87999725341797,84.43000030517578,82.97000122070312,83.06999969482422,69.52782440185547,1184700
2017-05-11,RL,RL,82.38999938964844,82.38999938964844,78.5999984741211,79.2300033569336,66.3138198852539,2055100
2017-05-12,RL,RL,78.94000244140625,79.02999877929688,76.23999786376953,76.4000015258789,63.9451904296875,2792400
2017-05-15,RL,RL,76.0199966430664,77.61000061035156,76.0,76.55000305175781,64.07073211669922,1878800
2017-05-16,RL,RL,76.56999969482422,76.56999969482422,73.81999969482422,73.94000244140625,61.886226654052734,2826600
2017-05-17,RL,RL,73.94000244140625,73.94000244140625,71.51000213623047,72.75,60.89020919799805,4010500
2017-05-18,RL,RL,75.0,75.48999786376953,70.47000122070312,71.37999725341797,59.743526458740234,4456200
2017-05-19,RL,RL,71.23999786376953,71.66999816894531,68.2300033569336,69.29000091552734,57.9942512512207,4195600
2017-05-22,RL,RL,69.38999938964844,70.19000244140625,68.06999969482422,68.23999786376953,57.11543273925781,2602400
2017-05-23,RL,RL,68.4800033569336,68.4800033569336,67.55999755859375,67.69999694824219,56.66346740722656,1792600
2017-05-24,RL,RL,67.63999938964844,67.70999908447266,66.26000213623047,66.68000030517578,55.80974197387695,1960200
2017-05-25,RL,RL,67.2699966430664,67.69000244140625,66.44999694824219,66.5199966430664,55.675819396972656,1890600
2017-05-26,RL,RL,66.62000274658203,66.79000091552734,66.05999755859375,66.11000061035156,55.33267593383789,1452300
2017-05-30,RL,RL,66.33000183105469,67.58000183105469,66.05999755859375,67.33999633789062,56.362159729003906,2296000
2017-05-31,RL,RL,67.23999786376953,67.8499984741211,66.52999877929688,67.80000305175781,56.74717330932617,2065600
2017-06-01,RL,RL,68.16000366210938,69.70999908447266,67.97000122070312,69.5,58.170013427734375,2147000
2017-06-02,RL,RL,69.69999694824219,69.91999816894531,68.72000122070312,69.16999816894531,57.89381790161133,2260700
2017-06-05,RL,RL,69.13999938964844,69.72000122070312,68.75,69.16000366210938,57.88544845581055,2651500
2017-06-06,RL,RL,68.66000366210938,69.45999908447266,68.37000274658203,69.0199966430664,57.76824951171875,2285600
2017-06-07,RL,RL,69.16000366210938,69.58000183105469,68.58999633789062,69.12999725341797,57.86034393310547,2261700
2017-06-08,RL,RL,69.12999725341797,70.41999816894531,68.87000274658203,69.19999694824219,57.91893768310547,2186400
2017-06-09,RL,RL,68.98999786376953,70.27999877929688,68.5,70.1500015258789,58.71406936645508,1413000
2017-06-12,RL,RL,70.0,72.0,69.69999694824219,69.69999694824219,58.33740997314453,2212600
2017-06-13,RL,RL,69.62000274658203,70.31999969482422,68.77999877929688,70.02999877929688,58.613616943359375,1551100
2017-06-14,RL,RL,70.56999969482422,70.7300033569336,69.55999755859375,70.58999633789062,59.082332611083984,1306600
2017-06-15,RL,RL,70.13999938964844,72.44999694824219,69.9800033569336,71.56999969482422,59.902565002441406,2158400
2017-06-16,RL,RL,71.51000213623047,72.12000274658203,71.05999755859375,72.08000183105469,60.32941818237305,2435300
2017-06-19,RL,RL,72.0199966430664,72.11000061035156,71.2699966430664,71.43000030517578,59.785396575927734,1772500
2017-06-20,RL,RL,71.56999969482422,71.80000305175781,70.44999694824219,70.66000366210938,59.14093017578125,1340300
2017-06-21,RL,RL,70.66000366210938,71.16999816894531,70.27999877929688,70.91000366210938,59.35016632080078,1900900
2017-06-22,RL,RL,71.08000183105469,73.95999908447266,70.9000015258789,71.43000030517578,59.785396575927734,1601100
2017-06-23,RL,RL,71.2699966430664,72.83999633789062,70.77999877929688,72.7300033569336,60.873451232910156,1117200
2017-06-26,RL,RL,72.80000305175781,73.37000274658203,72.19000244140625,72.88999938964844,61.00738525390625,714000
2017-06-27,RL,RL,72.88999938964844,73.26000213623047,72.36000061035156,72.87999725341797,60.999000549316406,1404100
2017-06-28,RL,RL,72.80999755859375,73.66000366210938,72.72000122070312,72.8499984741211,61.395111083984375,799900
2017-06-29,RL,RL,73.05999755859375,73.83999633789062,72.55999755859375,73.30999755859375,61.782779693603516,872900
2017-06-30,RL,RL,73.72000122070312,74.29000091552734,73.0,73.80000305175781,62.195735931396484,2321800
2017-07-03,RL,RL,73.94999694824219,75.12999725341797,73.80999755859375,74.8499984741211,63.08061218261719,417400
2017-07-05,RL,RL,74.7300033569336,74.83999633789062,72.43000030517578,73.0999984741211,61.60579299926758,1293600
2017-07-06,RL,RL,72.87999725341797,73.0999984741211,70.36000061035156,70.52999877929688,59.43990707397461,1871200
2017-07-07,RL,RL,70.8499984741211,72.86000061035156,70.7699966430664,72.30000305175781,60.93159484863281,1359300
2017-07-10,RL,RL,72.1500015258789,72.52999877929688,71.12000274658203,72.41999816894531,61.03273010253906,1480700
2017-07-11,RL,RL,72.5999984741211,72.7300033569336,71.55999755859375,71.75,60.46805953979492,1376500
2017-07-12,RL,RL,72.08000183105469,72.51000213623047,71.22000122070312,71.25,60.04669189453125,778700
2017-07-13,RL,RL,71.62000274658203,72.3499984741211,71.30000305175781,71.87999725341797,60.57762145996094,955400
2017-07-14,RL,RL,71.3499984741211,71.87999725341797,70.56999969482422,71.37000274658203,60.14785385131836,1237400
2017-07-17,RL,RL,71.5,73.98999786376953,71.5,72.81999969482422,61.369815826416016,995000
2017-07-18,RL,RL,72.73999786376953,72.95999908447266,71.69999694824219,72.13999938964844,60.7967529296875,1050900
2017-07-19,RL,RL,72.20999908447266,73.30999755859375,72.08000183105469,72.97000122070312,61.4962272644043,872600
2017-07-20,RL,RL,73.20999908447266,74.01000213623047,72.88999938964844,73.76000213623047,62.162044525146484,781800
2017-07-21,RL,RL,73.70999908447266,75.0199966430664,73.13999938964844,74.87999725341797,63.105918884277344,1208700
2017-07-24,RL,RL,74.33999633789062,74.44000244140625,72.69000244140625,73.04000091552734,61.55523681640625,896300
2017-07-25,RL,RL,73.19999694824219,75.7699966430664,73.19999694824219,74.9800033569336,63.190185546875,1147100
2017-07-26,RL,RL,75.05999755859375,75.33000183105469,74.20999908447266,74.66000366210938,62.92052459716797,1248500
2017-07-27,RL,RL,74.5,75.70999908447266,73.75,75.61000061035156,63.72113037109375,943400
2017-07-28,RL,RL,75.61000061035156,75.97000122070312,74.69000244140625,75.23999786376953,63.40930938720703,1480600
2017-07-31,RL,RL,75.58000183105469,76.23999786376953,74.5199966430664,75.6500015258789,63.75482940673828,941600
2017-08-01,RL,RL,75.43000030517578,75.86000061035156,74.22000122070312,75.7300033569336,63.822261810302734,793600
2017-08-02,RL,RL,75.5999984741211,76.0999984741211,75.19999694824219,75.51000213623047,63.63685607910156,638200
2017-08-03,RL,RL,75.5999984741211,76.44999694824219,75.12000274658203,76.05000305175781,64.09192657470703,835300
2017-08-04,RL,RL,76.05000305175781,77.3499984741211,76.0199966430664,77.29000091552734,65.13694763183594,1030600
2017-08-07,RL,RL,77.37000274658203,79.37999725341797,76.86000061035156,78.1500015258789,65.86173248291016,2501200
2017-08-08,RL,RL,86.30999755859375,88.75,84.25,88.52999877929688,74.60961151123047,4960300
2017-08-09,RL,RL,88.0,90.44999694824219,86.83000183105469,87.05000305175781,73.3623046875,3450500
2017-08-10,RL,RL,86.69000244140625,87.23999786376953,83.31999969482422,83.83999633789062,70.65704345703125,2150500
2017-08-11,RL,RL,83.54000091552734,85.70999908447266,82.30999755859375,83.77999877929688,70.6064682006836,1573400
2017-08-14,RL,RL,84.5,85.18000030517578,83.94000244140625,84.87000274658203,71.52508544921875,1054400
2017-08-15,RL,RL,84.4000015258789,85.37999725341797,83.30000305175781,84.95999908447266,71.6009292602539,1152400
2017-08-16,RL,RL,85.22000122070312,86.98999786376953,85.22000122070312,86.1500015258789,72.60382080078125,1182300
2017-08-17,RL,RL,85.9000015258789,86.94999694824219,85.27999877929688,85.5,72.05602264404297,1188800
2017-08-18,RL,RL,85.23999786376953,85.29000091552734,83.83000183105469,84.31999969482422,71.06156921386719,1231500
2017-08-21,RL,RL,84.5999984741211,85.61000061035156,84.13999938964844,84.9000015258789,71.55037689208984,957700
2017-08-22,RL,RL,85.36000061035156,85.52999877929688,84.47000122070312,85.31999969482422,71.90435028076172,948500
2017-08-23,RL,RL,85.2300033569336,85.70999908447266,84.51000213623047,84.58999633789062,71.28913116455078,832600
2017-08-24,RL,RL,85.4000015258789,86.94000244140625,84.75,85.94999694824219,72.4352798461914,1656400
2017-08-25,RL,RL,86.11000061035156,87.87000274658203,85.8499984741211,87.19999694824219,73.48873138427734,1178700
2017-08-28,RL,RL,87.08000183105469,87.62999725341797,86.43000030517578,87.2300033569336,73.5140151977539,847200
2017-08-29,RL,RL,86.41999816894531,86.98999786376953,86.02999877929688,86.83000183105469,73.17689514160156,548900
2017-08-30,RL,RL,86.56999969482422,87.37000274658203,85.81999969482422,86.94999694824219,73.27802276611328,1121000
2017-08-31,RL,RL,87.2699966430664,87.94999694824219,86.93000030517578,87.88999938964844,74.07022857666016,1087900
2017-09-01,RL,RL,87.95999908447266,89.41999816894531,87.70999908447266,89.31999969482422,75.27536010742188,1188700
2017-09-05,RL,RL,89.7699966430664,90.38999938964844,88.29000091552734,89.5,75.42707061767578,1293900
2017-09-06,RL,RL,89.72000122070312,90.7300033569336,89.22000122070312,90.55000305175781,76.31196594238281,1693000
2017-09-07,RL,RL,90.66999816894531,90.97000122070312,88.5,88.73999786376953,74.78656005859375,1480700
2017-09-08,RL,RL,90.44999694824219,91.41000366210938,89.25,90.79000091552734,76.51424407958984,1683300
2017-09-11,RL,RL,90.83000183105469,92.16000366210938,90.4000015258789,92.1500015258789,77.660400390625,1030000
2017-09-12,RL,RL,92.3499984741211,92.55000305175781,90.80999755859375,91.4000015258789,77.0283203125,952700
2017-09-13,RL,RL,91.41999816894531,91.62999725341797,89.87999725341797,90.62999725341797,76.37938690185547,1124200
2017-09-14,RL,RL,90.48999786376953,91.12000274658203,89.4000015258789,90.81999969482422,76.53951263427734,1094500
2017-09-15,RL,RL,90.37999725341797,91.26000213623047,90.0,90.87000274658203,76.5816650390625,1070400
2017-09-18,RL,RL,91.12000274658203,91.38999938964844,89.9000015258789,90.16000366210938,75.98329162597656,835400
2017-09-19,RL,RL,90.52999877929688,91.27999877929688,90.05999755859375,91.02999877929688,76.71650695800781,1070700
2017-09-20,RL,RL,90.45999908447266,90.62000274658203,88.41999816894531,89.11000061035156,75.09839630126953,1031200
2017-09-21,RL,RL,89.04000091552734,89.44999694824219,88.01000213623047,88.4800033569336,74.56746673583984,1074700
2017-09-22,RL,RL,88.4000015258789,89.05000305175781,88.0,88.41999816894531,74.51688385009766,657300
2017-09-25,RL,RL,88.4000015258789,90.05000305175781,88.18000030517578,88.5,74.5843276977539,1272800
2017-09-26,RL,RL,89.05999755859375,89.5,88.12000274658203,88.7300033569336,74.77814483642578,1080600
2017-09-27,RL,RL,88.75,89.31999969482422,87.54000091552734,89.19999694824219,75.17424011230469,1252900
2017-09-28,RL,RL,88.06999969482422,89.52999877929688,87.8499984741211,88.86000061035156,75.30984497070312,1353100
2017-09-29,RL,RL,88.94999694824219,89.5999984741211,88.12999725341797,88.29000091552734,74.82677459716797,985200
2017-10-02,RL,RL,88.37999725341797,89.05999755859375,87.83000183105469,88.9800033569336,75.41153717041016,738900
2017-10-03,RL,RL,89.47000122070312,89.66000366210938,88.5,88.54000091552734,75.03864288330078,662200
2017-10-04,RL,RL,89.13999938964844,89.8499984741211,88.83000183105469,89.4800033569336,75.83528900146484,1368800
2017-10-05,RL,RL,89.58000183105469,89.70999908447266,88.98999786376953,89.43000030517578,75.79292297363281,815000
2017-10-06,RL,RL,89.1500015258789,89.3499984741211,88.0199966430664,88.25,74.79287719726562,1291800
2017-10-09,RL,RL,88.55999755859375,88.58999633789062,86.58000183105469,86.94999694824219,73.69109344482422,741900
2017-10-10,RL,RL,85.77999877929688,87.54000091552734,85.77999877929688,87.22000122070312,73.91993713378906,1261200
2017-10-11,RL,RL,86.66999816894531,86.9000015258789,84.51000213623047,85.19999694824219,72.20794677734375,1605100
2017-10-12,RL,RL,85.05999755859375,85.41999816894531,83.26000213623047,85.26000213623047,72.25881958007812,1239000
2017-10-13,RL,RL,85.12999725341797,86.25,84.80999755859375,85.04000091552734,72.07238006591797,1258000
2017-10-16,RL,RL,84.91000366210938,86.51000213623047,84.69000244140625,86.05000305175781,72.9283447265625,1326300
2017-10-17,RL,RL,85.87999725341797,86.86000061035156,85.80999755859375,86.01000213623047,72.89442443847656,886500
2017-10-18,RL,RL,86.33999633789062,87.04000091552734,85.20999908447266,85.33000183105469,72.31814575195312,959000
2017-10-19,RL,RL,85.13999938964844,86.7699966430664,85.12000274658203,86.37999725341797,73.20801544189453,732900
2017-10-20,RL,RL,87.16000366210938,90.58000183105469,86.9800033569336,90.37000274658203,76.58960723876953,1840700
2017-10-23,RL,RL,89.19999694824219,92.16000366210938,89.19999694824219,89.55999755859375,75.90311431884766,2003000
2017-10-24,RL,RL,89.4800033569336,90.93000030517578,89.4800033569336,90.66999816894531,76.84381866455078,1450200
2017-10-25,RL,RL,90.80000305175781,92.4000015258789,90.19999694824219,91.8499984741211,77.84391784667969,1511300
2017-10-26,RL,RL,91.87000274658203,92.83999633789062,91.22000122070312,91.26000213623047,77.34386444091797,1412000
2017-10-27,RL,RL,90.5,91.70999908447266,89.83000183105469,91.08999633789062,77.1998062133789,1300600
2017-10-30,RL,RL,90.43000030517578,92.16999816894531,90.05000305175781,91.80999755859375,77.81002807617188,1951100
2017-10-31,RL,RL,91.25,91.9000015258789,89.05000305175781,89.43000030517578,75.79292297363281,2034400
2017-11-01,RL,RL,90.20999908447266,90.30999755859375,88.51000213623047,89.44999694824219,75.80987548828125,2374600
2017-11-02,RL,RL,95.0,97.19999694824219,88.69000244140625,91.7300033569336,77.7422103881836,5252700
2017-11-03,RL,RL,91.7300033569336,92.41000366210938,89.70999908447266,90.66999816894531,76.84381866455078,1588000
2017-11-06,RL,RL,91.0,91.08999633789062,87.1500015258789,88.02999877929688,74.60640716552734,2247800
2017-11-07,RL,RL,88.11000061035156,88.13999938964844,83.91000366210938,85.0,72.03845977783203,2828900
2017-11-08,RL,RL,85.12999725341797,86.69000244140625,84.52999877929688,85.43000030517578,72.40288543701172,2051800
2017-11-09,RL,RL,85.20999908447266,87.31999969482422,85.20999908447266,86.30000305175781,73.14022064208984,1722000
2017-11-10,RL,RL,86.41000366210938,87.91999816894531,86.36000061035156,86.62999725341797,73.41987609863281,1114200
2017-11-13,RL,RL,86.72000122070312,87.33999633789062,86.33999633789062,86.66999816894531,73.45379638671875,1466600
2017-11-14,RL,RL,86.1500015258789,87.45999908447266,86.1500015258789,87.19999694824219,73.90298461914062,905400
2017-11-15,RL,RL,86.91000366210938,87.83999633789062,86.41999816894531,87.12999725341797,73.84367370605469,1010100
2017-11-16,RL,RL,86.9800033569336,88.70999908447266,85.91000366210938,88.41000366210938,74.9284896850586,1290500
2017-11-17,RL,RL,89.69000244140625,89.87000274658203,88.5,89.11000061035156,75.52172088623047,1077900
2017-11-20,RL,RL,88.9800033569336,89.87000274658203,88.80000305175781,89.55999755859375,75.90311431884766,876700
2017-11-21,RL,RL,89.87000274658203,90.37999725341797,88.86000061035156,90.2699966430664,76.50484466552734,785600
2017-11-22,RL,RL,90.16000366210938,92.9800033569336,90.0999984741211,91.94000244140625,77.92018127441406,1250800
2017-11-24,RL,RL,92.2300033569336,93.0,91.13999938964844,91.41999816894531,77.47947692871094,526600
2017-11-27,RL,RL,91.77999877929688,92.5,91.55000305175781,92.37000274658203,78.28459930419922,900000
2017-11-28,RL,RL,92.95999908447266,94.95999908447266,92.7300033569336,94.5199966430664,80.10675048828125,996400
2017-11-29,RL,RL,94.41000366210938,96.83000183105469,94.30000305175781,94.6500015258789,80.21694946289062,1115000
2017-11-30,RL,RL,94.41000366210938,96.04000091552734,94.16000366210938,95.1500015258789,80.64071655273438,1083900
2017-12-01,RL,RL,95.1500015258789,96.55000305175781,93.77999877929688,95.5999984741211,81.02207946777344,1213300
2017-12-04,RL,RL,96.5999984741211,100.12000274658203,96.08999633789062,99.70999908447266,84.50532531738281,2597500
2017-12-05,RL,RL,99.66999816894531,99.69999694824219,95.63999938964844,95.79000091552734,81.18312072753906,1591000
2017-12-06,RL,RL,96.26000213623047,98.26000213623047,95.0,97.30000305175781,82.46286010742188,1173600
2017-12-07,RL,RL,97.62000274658203,100.20999908447266,97.62000274658203,99.97000122070312,84.72570037841797,1373400
2017-12-08,RL,RL,100.0,102.37999725341797,99.48999786376953,102.33999633789062,86.73429107666016,1158000
2017-12-11,RL,RL,102.1500015258789,103.08999633789062,100.23999786376953,101.19000244140625,85.75965881347656,1295200
2017-12-12,RL,RL,101.19000244140625,101.83999633789062,100.08999633789062,100.13999938964844,84.8697738647461,745700
2017-12-13,RL,RL,96.16000366210938,97.62999725341797,95.7300033569336,96.22000122070312,81.54752349853516,2190400
2017-12-14,RL,RL,96.5,97.5,95.87000274658203,96.8499984741211,82.08145904541016,1048900
2017-12-15,RL,RL,97.55999755859375,98.0199966430664,95.94000244140625,96.11000061035156,81.45430755615234,1460000
2017-12-18,RL,RL,96.83000183105469,98.55000305175781,96.0199966430664,98.05999755859375,83.10694885253906,1239400
2017-12-19,RL,RL,98.69999694824219,99.01000213623047,96.69999694824219,97.33000183105469,82.4882583618164,921600
2017-12-20,RL,RL,97.9000015258789,98.97000122070312,97.0999984741211,98.62000274658203,83.58155822753906,1139300
2017-12-21,RL,RL,98.9800033569336,101.18000030517578,98.3499984741211,100.91999816894531,85.53083801269531,1111100
2017-12-22,RL,RL,101.0,101.9800033569336,100.41000366210938,101.80000305175781,86.27664184570312,523000
2017-12-26,RL,RL,102.0,104.0,101.97000122070312,103.38999938964844,87.62420654296875,645900
2017-12-27,RL,RL,103.48999786376953,103.75,102.20999908447266,103.30999755859375,87.55638885498047,693400
2017-12-28,RL,RL,102.86000061035156,103.3499984741211,101.91000366210938,102.61000061035156,87.38607025146484,540500
2017-12-29,RL,RL,102.62999725341797,105.5199966430664,102.36000061035156,103.69000244140625,88.30584716796875,1155400
2018-01-02,RL,RL,103.41000366210938,105.30999755859375,103.05000305175781,104.87999725341797,89.31927490234375,1123100
2018-01-03,RL,RL,104.5,104.73999786376953,101.36000061035156,101.63999938964844,86.55999755859375,1499500
2018-01-04,RL,RL,101.80999755859375,104.05000305175781,100.5199966430664,103.5199966430664,88.16105651855469,1176900
2018-01-05,RL,RL,103.63999938964844,104.44000244140625,102.55999755859375,104.37999725341797,88.89344024658203,773300
2018-01-08,RL,RL,105.05000305175781,105.97000122070312,102.68000030517578,104.95999908447266,89.38740539550781,1333300
2018-01-09,RL,RL,104.5,105.51000213623047,103.43000030517578,104.98999786376953,89.4129409790039,1052500
2018-01-10,RL,RL,104.70999908447266,106.30000305175781,103.12000274658203,104.9800033569336,89.40442657470703,698900
2018-01-11,RL,RL,105.38999938964844,106.1500015258789,104.2699966430664,105.94000244140625,90.22199249267578,677100
2018-01-12,RL,RL,105.93000030517578,106.91999816894531,105.48999786376953,106.79000091552734,90.94586944580078,980200
2018-01-16,RL,RL,107.02999877929688,107.38999938964844,103.7300033569336,104.41999816894531,88.92750549316406,1338100
2018-01-17,RL,RL,104.48999786376953,106.8499984741211,104.41999816894531,106.05000305175781,90.315673828125,656500
2018-01-18,RL,RL,107.5999984741211,110.93000030517578,107.1500015258789,109.81999969482422,93.52631378173828,1574900
2018-01-19,RL,RL,110.27999877929688,112.88999938964844,109.72000122070312,112.77999877929688,96.04718017578125,1074200
2018-01-22,RL,RL,112.95999908447266,115.31999969482422,112.43000030517578,114.88999938964844,97.84410095214844,1519500
2018-01-23,RL,RL,114.20999908447266,116.30000305175781,113.58999633789062,115.8499984741211,98.66165924072266,1061200
2018-01-24,RL,RL,116.18000030517578,119.33000183105469,116.0199966430664,117.73999786376953,100.27125549316406,1058100
2018-01-25,RL,RL,118.6500015258789,119.16000366210938,116.88999938964844,117.37000274658203,99.9561538696289,729300
2018-01-26,RL,RL,117.87000274658203,118.91999816894531,116.5,118.87000274658203,101.2336196899414,957900
2018-01-29,RL,RL,117.76000213623047,118.37000274658203,116.91000366210938,116.97000122070312,99.61548614501953,922200
2018-01-30,RL,RL,116.73999786376953,117.5,114.9000015258789,116.08999633789062,98.86604309082031,1515500
2018-01-31,RL,RL,116.16000366210938,116.80000305175781,114.30999755859375,114.30999755859375,97.35017395019531,1510800
2018-02-01,RL,RL,108.01000213623047,115.4800033569336,107.02999877929688,111.5,94.95706176757812,3249400
2018-02-02,RL,RL,111.05000305175781,113.86000061035156,109.1500015258789,109.80000305175781,93.50929260253906,1576800
2018-02-05,RL,RL,109.38999938964844,111.08999633789062,105.16999816894531,105.44000244140625,89.79618835449219,1631700
2018-02-06,RL,RL,103.26000213623047,107.37000274658203,103.05000305175781,106.7300033569336,90.89478302001953,1600500
2018-02-07,RL,RL,107.12000274658203,109.05999755859375,106.80000305175781,107.69999694824219,91.72087860107422,1110900
2018-02-08,RL,RL,107.52999877929688,107.56999969482422,101.19999694824219,101.31999969482422,86.28742980957031,1475900
2018-02-09,RL,RL,102.94000244140625,104.47000122070312,100.08999633789062,103.48999786376953,88.13549041748047,1266500
2018-02-12,RL,RL,104.33000183105469,105.61000061035156,102.73999786376953,103.38999938964844,88.05033111572266,797500
2018-02-13,RL,RL,103.41000366210938,104.9000015258789,102.54000091552734,104.54000091552734,89.02970123291016,732800
2018-02-14,RL,RL,103.58000183105469,107.11000061035156,103.36000061035156,106.68000030517578,90.85220336914062,723500
2018-02-15,RL,RL,107.04000091552734,107.47000122070312,105.58000183105469,106.94999694824219,91.08216094970703,926900
2018-02-16,RL,RL,106.0199966430664,107.56999969482422,104.7300033569336,105.58999633789062,89.92390441894531,624300
2018-02-20,RL,RL,104.80000305175781,106.45999908447266,103.66000366210938,105.38999938964844,89.75358581542969,621000
2018-02-21,RL,RL,105.3499984741211,109.4000015258789,105.3499984741211,106.66999816894531,90.84368896484375,818000
2018-02-22,RL,RL,106.73999786376953,109.54000091552734,106.73999786376953,107.51000213623047,91.5590591430664,673000
2018-02-23,RL,RL,108.37000274658203,108.54000091552734,106.4000015258789,108.52999877929688,92.42771911621094,549500
2018-02-26,RL,RL,109.2699966430664,110.37000274658203,108.62000274658203,109.61000061035156,93.34748840332031,652200
2018-02-27,RL,RL,110.19999694824219,111.83000183105469,107.81999969482422,107.9000015258789,91.8912124633789,704000
2018-02-28,RL,RL,108.38999938964844,109.11000061035156,105.83000183105469,105.83999633789062,90.13683319091797,790800
2018-03-01,RL,RL,105.80000305175781,106.95999908447266,103.91999816894531,105.12000274658203,89.52365112304688,771300
2018-03-02,RL,RL,104.12000274658203,106.7300033569336,102.5199966430664,106.44000244140625,90.64781951904297,700200
2018-03-05,RL,RL,106.22000122070312,108.83000183105469,106.0199966430664,107.41999816894531,91.48241424560547,752200
2018-03-06,RL,RL,107.43000030517578,107.9800033569336,106.37000274658203,106.95999908447266,91.09064483642578,942400
2018-03-07,RL,RL,105.81999969482422,107.54000091552734,104.94999694824219,106.97000122070312,91.09918212890625,709300
2018-03-08,RL,RL,107.0,107.33999633789062,104.87000274658203,105.2300033569336,89.61735534667969,627100
2018-03-09,RL,RL,105.97000122070312,106.26000213623047,104.5,105.83999633789062,90.13683319091797,735300
2018-03-12,RL,RL,105.94999694824219,108.33000183105469,105.5,107.4800033569336,91.53352355957031,643900
2018-03-13,RL,RL,108.27999877929688,108.94000244140625,107.19999694824219,107.31999969482422,91.39724731445312,566600
2018-03-14,RL,RL,108.16999816894531,108.7699966430664,107.33000183105469,107.77999877929688,91.78899383544922,429200
2018-03-15,RL,RL,107.98999786376953,108.55000305175781,106.80000305175781,108.44000244140625,92.35108947753906,527200
2018-03-16,RL,RL,108.6500015258789,110.25,107.87000274658203,109.1500015258789,92.95572662353516,706500
2018-03-19,RL,RL,108.97000122070312,110.68000030517578,107.9000015258789,108.31999969482422,92.24887084960938,616500
2018-03-20,RL,RL,108.68000030517578,110.51000213623047,108.58000183105469,110.4000015258789,94.02027130126953,704500
2018-03-21,RL,RL,110.44000244140625,111.8499984741211,109.41000366210938,109.47000122070312,93.22827911376953,614300
2018-03-22,RL,RL,111.91999816894531,111.91999816894531,107.5999984741211,107.66000366210938,91.68679809570312,941300
2018-03-23,RL,RL,107.77999877929688,109.80000305175781,106.95999908447266,107.08000183105469,91.19286346435547,772500
2018-03-26,RL,RL,109.12000274658203,110.75,107.9800033569336,110.7300033569336,94.30133056640625,648700
2018-03-27,RL,RL,110.63999938964844,111.94999694824219,108.94000244140625,109.58999633789062,93.33045959472656,729600
2018-03-28,RL,RL,109.41999816894531,110.77999877929688,108.16000366210938,110.04000091552734,94.14320373535156,771500
2018-03-29,RL,RL,111.0,112.69000244140625,110.56999969482422,111.80000305175781,95.6489486694336,668800
2018-04-02,RL,RL,111.0,111.2300033569336,107.2300033569336,108.04000091552734,92.43212890625,849100
2018-04-03,RL,RL,109.08999633789062,109.98999786376953,108.05000305175781,109.83999633789062,93.97209167480469,797900
2018-04-04,RL,RL,108.62000274658203,112.94000244140625,108.38999938964844,112.69999694824219,96.41893005371094,1054000
2018-04-05,RL,RL,112.87999725341797,114.68000030517578,112.75,114.38999938964844,97.86479949951172,819400
2018-04-06,RL,RL,113.94000244140625,114.55999755859375,110.63999938964844,111.7699966430664,95.62329864501953,848400
2018-04-09,RL,RL,112.66000366210938,113.63999938964844,112.30000305175781,112.47000122070312,96.22217559814453,739900
2018-04-10,RL,RL,114.37999725341797,115.3499984741211,113.12000274658203,115.05000305175781,98.42945861816406,774600
2018-04-11,RL,RL,114.0199966430664,116.69000244140625,114.0199966430664,114.36000061035156,97.8391342163086,600000
2018-04-12,RL,RL,114.5,115.37999725341797,113.69000244140625,113.98999786376953,97.5225830078125,584400
2018-04-13,RL,RL,114.44999694824219,114.97000122070312,109.31999969482422,111.1500015258789,95.09284973144531,1188500
2018-04-16,RL,RL,111.9800033569336,112.58999633789062,111.06999969482422,111.98999786376953,95.8115005493164,782100
2018-04-17,RL,RL,112.7300033569336,113.81999969482422,111.26000213623047,113.41000366210938,97.02638244628906,873400
2018-04-18,RL,RL,113.55999755859375,115.0,111.0999984741211,111.3499984741211,95.26396179199219,610600
2018-04-19,RL,RL,111.33999633789062,111.7699966430664,108.91000366210938,110.08999633789062,94.18597412109375,795600
2018-04-20,RL,RL,109.69000244140625,110.41999816894531,105.76000213623047,106.2699966430664,90.91783905029297,955000
2018-04-23,RL,RL,106.97000122070312,110.12000274658203,106.94000244140625,109.43000030517578,93.62133026123047,864500
2018-04-24,RL,RL,109.6500015258789,110.98999786376953,107.41999816894531,108.36000061035156,92.7059097290039,732700
2018-04-25,RL,RL,108.36000061035156,109.73999786376953,107.63999938964844,108.79000091552734,93.07378387451172,465100
2018-04-26,RL,RL,108.72000122070312,110.4800033569336,107.5999984741211,110.01000213623047,94.1175765991211,482200
2018-04-27,RL,RL,109.95999908447266,112.12999725341797,109.81999969482422,111.04000091552734,94.99874877929688,866500
2018-04-30,RL,RL,111.62000274658203,112.36000061035156,109.72000122070312,109.8499984741211,93.98065185546875,643300
2018-05-01,RL,RL,108.36000061035156,108.62999725341797,104.62999725341797,106.93000030517578,91.48247528076172,1000500
2018-05-02,RL,RL,106.79000091552734,107.4800033569336,105.05000305175781,106.55999755859375,91.16595458984375,948000
2018-05-03,RL,RL,106.2300033569336,108.36000061035156,105.72000122070312,107.29000091552734,91.79049682617188,977700
2018-05-04,RL,RL,106.75,107.2699966430664,105.22000122070312,106.80000305175781,91.37126922607422,809900
2018-05-07,RL,RL,106.83999633789062,107.33000183105469,103.9800033569336,106.19000244140625,90.84940338134766,681400
2018-05-08,RL,RL,106.5,107.8499984741211,105.81999969482422,106.58000183105469,91.18306732177734,1082900
2018-05-09,RL,RL,107.26000213623047,110.11000061035156,106.0199966430664,109.8499984741211,93.98065185546875,886400
2018-05-10,RL,RL,109.7300033569336,109.81999969482422,107.56999969482422,108.95999908447266,93.21923065185547,605900
2018-05-11,RL,RL,108.75,109.44000244140625,108.16999816894531,109.01000213623047,93.26202392578125,857400
2018-05-14,RL,RL,109.69000244140625,111.08000183105469,109.01000213623047,110.4800033569336,94.5196533203125,708300
2018-05-15,RL,RL,109.62000274658203,112.33000183105469,109.0,111.45999908447266,95.35807037353516,814900
2018-05-16,RL,RL,112.58000183105469,113.5999984741211,111.36000061035156,112.16999816894531,95.96549987792969,804000
2018-05-17,RL,RL,111.79000091552734,114.91000366210938,111.79000091552734,113.62000274658203,97.20601654052734,1173000
2018-05-18,RL,RL,113.05000305175781,115.5999984741211,112.37999725341797,115.45999908447266,98.78022003173828,1222100
2018-05-21,RL,RL,116.26000213623047,117.88999938964844,115.0999984741211,117.08000183105469,100.16619873046875,1363500
2018-05-22,RL,RL,117.11000061035156,117.4800033569336,115.54000091552734,116.61000061035156,99.76409149169922,1788200
2018-05-23,RL,RL,122.51000213623047,136.42999267578125,122.12999725341797,133.3300018310547,114.06863403320312,5606600
2018-05-24,RL,RL,133.24000549316406,137.44000244140625,131.4199981689453,134.8000030517578,115.32627868652344,2125500
2018-05-25,RL,RL,135.08999633789062,137.58999633789062,134.11000061035156,137.3000030517578,117.46513366699219,1474900
2018-05-29,RL,RL,136.3000030517578,138.88999938964844,134.60000610351562,135.25999450683594,115.7198486328125,1973900
2018-05-30,RL,RL,135.17999267578125,137.05999755859375,134.36000061035156,136.30999755859375,116.61814880371094,1226200
2018-05-31,RL,RL,136.49000549316406,136.97999572753906,133.6300048828125,134.5800018310547,115.13807678222656,1375400
2018-06-01,RL,RL,136.07000732421875,137.97999572753906,135.00999450683594,137.8699951171875,117.95279693603516,1131400
2018-06-04,RL,RL,137.9199981689453,139.11000061035156,136.75,138.47000122070312,118.4660873413086,1013400
2018-06-05,RL,RL,137.8800048828125,139.75999450683594,137.25,139.55999755859375,119.39860534667969,1039400
2018-06-06,RL,RL,140.10000610351562,140.8000030517578,139.02000427246094,139.60000610351562,119.4328384399414,967300
2018-06-07,RL,RL,143.25,145.94000244140625,137.63999938964844,137.86000061035156,117.9442138671875,1849000
2018-06-08,RL,RL,135.97000122070312,142.85000610351562,135.5500030517578,142.22999572753906,121.68289947509766,1822600
2018-06-11,RL,RL,142.19000244140625,144.4199981689453,141.75999450683594,142.02999877929688,121.51181030273438,1368200
2018-06-12,RL,RL,142.22000122070312,144.11000061035156,141.38999938964844,142.89999389648438,122.25614166259766,1087100
2018-06-13,RL,RL,142.22000122070312,142.88999938964844,138.85000610351562,138.94000244140625,118.86820983886719,1521000
2018-06-14,RL,RL,138.94000244140625,140.0,137.6300048828125,139.08999633789062,118.99654388427734,1283300
2018-06-15,RL,RL,138.52999877929688,140.5500030517578,137.66000366210938,139.7100067138672,119.5269775390625,1237600
2018-06-18,RL,RL,138.9600067138672,141.5399932861328,138.02999877929688,140.5800018310547,120.27131652832031,684900
2018-06-19,RL,RL,138.77999877929688,139.86000061035156,136.9600067138672,139.41000366210938,119.27030944824219,1232700
2018-06-20,RL,RL,139.35000610351562,140.4600067138672,137.91000366210938,138.5,118.49176025390625,1050400
2018-06-21,RL,RL,137.2100067138672,137.2100067138672,134.07000732421875,135.08999633789062,115.57441711425781,1023100
2018-06-22,RL,RL,135.27999877929688,136.6999969482422,129.85000610351562,130.25999450683594,111.44212341308594,1825700
2018-06-25,RL,RL,129.2100067138672,129.5399932861328,125.81999969482422,128.00999450683594,109.5172119140625,1359800
2018-06-26,RL,RL,127.97000122070312,130.27000427246094,127.91999816894531,128.67999267578125,110.09040832519531,1001000
2018-06-27,RL,RL,128.44000244140625,130.10000610351562,126.22000122070312,126.7699966430664,108.45632934570312,733900
2018-06-28,RL,RL,126.19999694824219,127.8499984741211,125.47000122070312,126.94000244140625,109.13985443115234,891200
2018-06-29,RL,RL,127.69999694824219,129.30999755859375,125.70999908447266,125.72000122070312,108.09093475341797,962200
2018-07-02,RL,RL,124.73999786376953,126.12000274658203,124.13999938964844,125.81999969482422,108.17689514160156,917500
2018-07-03,RL,RL,126.29000091552734,126.87000274658203,124.19999694824219,124.58999633789062,107.119384765625,391000
2018-07-05,RL,RL,125.30000305175781,125.97000122070312,124.5,125.5,107.90177154541016,712000
2018-07-06,RL,RL,125.66000366210938,127.55999755859375,124.94000244140625,126.41999816894531,108.69275665283203,585600
2018-07-09,RL,RL,126.75,128.1699981689453,125.52999877929688,126.87999725341797,109.08827209472656,815300
2018-07-10,RL,RL,127.05000305175781,129.27999877929688,126.86000061035156,129.1699981689453,111.05715942382812,1131200
2018-07-11,RL,RL,128.89999389648438,129.08999633789062,126.08000183105469,126.37000274658203,108.64979553222656,741000
2018-07-12,RL,RL,126.91000366210938,127.80999755859375,126.16000366210938,127.43000030517578,109.56114196777344,639000
2018-07-13,RL,RL,127.58000183105469,129.75999450683594,127.12000274658203,127.55000305175781,109.66432189941406,731600
2018-07-16,RL,RL,128.0,130.1699981689453,127.2699966430664,129.89999389648438,111.68478393554688,768100
2018-07-17,RL,RL,129.14999389648438,133.52999877929688,129.14999389648438,133.3000030517578,114.60801696777344,1171500
2018-07-18,RL,RL,133.0,133.99000549316406,131.6300048828125,133.61000061035156,114.87458038330078,840200
2018-07-19,RL,RL,133.5500030517578,135.49000549316406,133.52999877929688,135.17999267578125,116.22440338134766,639000
2018-07-20,RL,RL,135.3800048828125,138.1699981689453,135.00999450683594,136.55999755859375,117.410888671875,1086000
2018-07-23,RL,RL,136.72999572753906,137.4499969482422,135.07000732421875,135.25999450683594,116.29319763183594,732700
2018-07-24,RL,RL,135.6699981689453,136.39999389648438,132.99000549316406,133.35000610351562,114.65101623535156,937400
2018-07-25,RL,RL,133.57000732421875,137.25,133.32000732421875,137.1699981689453,117.93536376953125,923000
2018-07-26,RL,RL,138.0,139.38999938964844,136.02000427246094,136.6699981689453,117.50550079345703,809400
2018-07-27,RL,RL,136.55999755859375,136.8699951171875,134.66000366210938,136.0500030517578,116.97240447998047,750500
2018-07-30,RL,RL,136.14999389648438,137.52999877929688,134.86000061035156,135.88999938964844,116.83483123779297,1258200
2018-07-31,RL,RL,145.0,147.7899932861328,133.32000732421875,134.97999572753906,116.05243682861328,2985300
2018-08-01,RL,RL,133.9600067138672,135.6300048828125,127.80000305175781,128.85000610351562,110.78204345703125,1756900
2018-08-02,RL,RL,128.27999877929688,131.35000610351562,127.43000030517578,130.5,112.20063018798828,1048400
2018-08-03,RL,RL,131.07000732421875,131.6199951171875,129.61000061035156,130.36000061035156,112.08029174804688,1056700
2018-08-06,RL,RL,130.72999572753906,132.50999450683594,129.27000427246094,131.77000427246094,113.2926025390625,1181000
2018-08-07,RL,RL,132.30999755859375,133.8699951171875,130.80999755859375,133.32000732421875,114.62523651123047,836100
2018-08-08,RL,RL,133.77000427246094,135.36000061035156,133.14999389648438,134.25,115.4248275756836,624900
2018-08-09,RL,RL,134.22999572753906,137.86000061035156,133.6199951171875,136.6300048828125,117.47109985351562,894200
2018-08-10,RL,RL,135.6699981689453,137.35000610351562,134.83999633789062,136.3800048828125,117.25615692138672,640500
2018-08-13,RL,RL,137.22999572753906,137.36000061035156,135.50999450683594,136.61000061035156,117.45387268066406,997900
2018-08-14,RL,RL,137.2899932861328,138.94000244140625,137.24000549316406,138.5,119.07884979248047,1309400
2018-08-15,RL,RL,137.41000366210938,137.41000366210938,131.14999389648438,131.66000366210938,113.197998046875,894300
2018-08-16,RL,RL,132.60000610351562,132.8300018310547,131.42999267578125,132.35000610351562,113.79124450683594,805400
2018-08-17,RL,RL,132.86000061035156,136.02999877929688,132.3000030517578,135.41000366210938,116.42215728759766,842600
2018-08-20,RL,RL,135.77999877929688,139.4199981689453,135.50999450683594,138.91000366210938,119.4313735961914,1190300
2018-08-21,RL,RL,139.5,141.6199951171875,138.83999633789062,139.41000366210938,119.86125183105469,754600
2018-08-22,RL,RL,139.24000549316406,141.2100067138672,137.1999969482422,137.47999572753906,118.20188903808594,528700
2018-08-23,RL,RL,137.52999877929688,139.13999938964844,137.38999938964844,137.74000549316406,118.42546081542969,638400
2018-08-24,RL,RL,137.50999450683594,138.3300018310547,136.08999633789062,136.6999969482422,117.53128051757812,731900
2018-08-27,RL,RL,137.60000610351562,138.35000610351562,135.13999938964844,136.1300048828125,117.04118347167969,749500
2018-08-28,RL,RL,136.14999389648438,137.38999938964844,134.22999572753906,135.8699951171875,116.81764221191406,849600
2018-08-29,RL,RL,135.47000122070312,135.97000122070312,131.16000366210938,134.91000366210938,115.99226379394531,1070100
2018-08-30,RL,RL,134.47999572753906,136.2899932861328,131.3300018310547,131.82000732421875,113.33554077148438,1084800
2018-08-31,RL,RL,131.88999938964844,133.52999877929688,131.27000427246094,132.80999755859375,114.18673706054688,872200
2018-09-04,RL,RL,131.7100067138672,133.02000427246094,129.3699951171875,130.8800048828125,112.52737426757812,1276700
2018-09-05,RL,RL,130.25,131.66000366210938,129.77999877929688,131.17999267578125,112.78531646728516,1026400
2018-09-06,RL,RL,131.94000244140625,133.75999450683594,131.02999877929688,131.05999755859375,112.6821517944336,676200
2018-09-07,RL,RL,130.4499969482422,131.50999450683594,129.4600067138672,130.0399932861328,111.8051528930664,731200
2018-09-10,RL,RL,130.49000549316406,133.64999389648438,129.8699951171875,133.1199951171875,114.45323944091797,1057500
2018-09-11,RL,RL,132.4600067138672,132.8699951171875,131.13999938964844,131.57000732421875,113.12061309814453,1147300
2018-09-12,RL,RL,131.88999938964844,134.6999969482422,131.50999450683594,134.3300018310547,115.49359893798828,802200
2018-09-13,RL,RL,134.75999450683594,135.66000366210938,132.83999633789062,133.27000427246094,114.58223724365234,667400
2018-09-14,RL,RL,133.61000061035156,133.61000061035156,131.14999389648438,131.74000549316406,113.26678466796875,695300
2018-09-17,RL,RL,132.07000732421875,132.8300018310547,130.7100067138672,131.5500030517578,113.1034164428711,912200
2018-09-18,RL,RL,132.02999877929688,132.80999755859375,130.89999389648438,132.22000122070312,113.67949676513672,682600
2018-09-19,RL,RL,132.66000366210938,134.58999633789062,132.1199951171875,134.1300048828125,115.32166290283203,894500
2018-09-20,RL,RL,136.5800018310547,137.24000549316406,135.16000366210938,136.1199951171875,117.03260040283203,780100
2018-09-21,RL,RL,136.25,137.99000549316406,135.14999389648438,136.57000732421875,117.41947937011719,1140100
2018-09-24,RL,RL,136.50999450683594,136.82000732421875,133.08999633789062,133.94000244140625,115.15824890136719,647900
2018-09-25,RL,RL,134.27000427246094,134.75,132.2899932861328,134.47999572753906,115.62255859375,604200
2018-09-26,RL,RL,134.72000122070312,138.5800018310547,133.27999877929688,137.44000244140625,118.16751861572266,645200
2018-09-27,RL,RL,136.88999938964844,139.1999969482422,136.17999267578125,137.66000366210938,118.89730834960938,769500
2018-09-28,RL,RL,137.6199951171875,139.55999755859375,137.19000244140625,137.5500030517578,118.8023452758789,742600
2018-10-01,RL,RL,137.69000244140625,139.5,135.13999938964844,135.44000244140625,116.97992706298828,695000
2018-10-02,RL,RL,135.3800048828125,135.77000427246094,129.88999938964844,129.9600067138672,112.24681854248047,1247500
2018-10-03,RL,RL,130.60000610351562,133.97000122070312,130.0399932861328,132.99000549316406,114.86384582519531,878100
2018-10-04,RL,RL,132.3000030517578,132.89999389648438,125.86000061035156,126.55999755859375,109.3102035522461,1525900
2018-10-05,RL,RL,127.11000061035156,128.1699981689453,125.16999816894531,126.45999908447266,109.22384643554688,1495600
2018-10-08,RL,RL,126.19000244140625,128.9199981689453,125.87999725341797,128.02000427246094,110.57122802734375,772700
2018-10-09,RL,RL,127.66999816894531,129.35000610351562,127.05999755859375,127.73999786376953,110.32938385009766,570200
2018-10-10,RL,RL,125.33999633789062,125.33999633789062,116.80000305175781,116.95999908447266,101.01868438720703,1920700
2018-10-11,RL,RL,116.95999908447266,120.30000305175781,116.08000183105469,117.6500015258789,101.6146240234375,1305000
2018-10-12,RL,RL,119.47000122070312,121.88999938964844,119.12999725341797,121.41999816894531,104.87078094482422,1773100
2018-10-15,RL,RL,127.5999984741211,127.5999984741211,124.19999694824219,126.51000213623047,109.26702880859375,2300700
2018-10-16,RL,RL,126.80999755859375,129.2899932861328,125.38999938964844,129.16000366210938,111.55586242675781,1119600
2018-10-17,RL,RL,129.5500030517578,129.8000030517578,126.83999633789062,128.1699981689453,110.70075988769531,932100
2018-10-18,RL,RL,127.4000015258789,129.5,125.75,126.6500015258789,109.38794708251953,990700
2018-10-19,RL,RL,126.0,127.5999984741211,122.4800033569336,123.4800033569336,106.6500244140625,1389600
2018-10-22,RL,RL,124.2699966430664,128.32000732421875,123.81999969482422,128.05999755859375,110.60575866699219,1128200
2018-10-23,RL,RL,125.80000305175781,128.7100067138672,124.12000274658203,127.83000183105469,110.40711975097656,1020500
2018-10-24,RL,RL,127.73999786376953,129.32000732421875,124.1500015258789,124.41000366210938,107.45325469970703,1056000
2018-10-25,RL,RL,124.9000015258789,127.68000030517578,124.76000213623047,127.04000091552734,109.72480010986328,1310900
2018-10-26,RL,RL,125.62000274658203,128.0,124.1500015258789,127.22000122070312,109.88026428222656,901200
2018-10-29,RL,RL,130.0,133.22000122070312,129.0,130.8800048828125,113.0414047241211,1230800
2018-10-30,RL,RL,131.38999938964844,132.4600067138672,127.94000244140625,131.08999633789062,113.22277069091797,1547900
2018-10-31,RL,RL,131.9499969482422,133.50999450683594,129.50999450683594,129.61000061035156,111.94453430175781,1551200
2018-11-01,RL,RL,129.4600067138672,132.8800048828125,127.5,132.4499969482422,114.39740753173828,1900900
2018-11-02,RL,RL,133.57000732421875,134.89999389648438,131.42999267578125,134.02999877929688,115.7620849609375,1077300
2018-11-05,RL,RL,133.77000427246094,137.33999633789062,131.25,136.8000030517578,118.15454864501953,1568900
2018-11-06,RL,RL,130.25,134.8000030517578,124.77999877929688,127.79000091552734,110.37258911132812,5409600
2018-11-07,RL,RL,126.0,128.10000610351562,120.16999816894531,127.4000015258789,110.03572845458984,2737700
2018-11-08,RL,RL,127.4800033569336,132.25,125.8499984741211,132.2100067138672,114.19015502929688,1725700
2018-11-09,RL,RL,130.63999938964844,131.55999755859375,123.9000015258789,123.93000030517578,107.03866577148438,2079400
2018-11-12,RL,RL,124.91999816894531,126.51000213623047,120.81999969482422,121.02999877929688,104.53394317626953,1723700
2018-11-13,RL,RL,121.55000305175781,124.12999725341797,120.7300033569336,121.41999816894531,104.87078094482422,886600
2018-11-14,RL,RL,122.98999786376953,126.58999633789062,121.79000091552734,122.19000244140625,105.53585052490234,1505800
2018-11-15,RL,RL,121.9000015258789,121.9000015258789,116.5,119.81999969482422,103.48886108398438,1539700
2018-11-16,RL,RL,118.94000244140625,119.19999694824219,116.63999938964844,117.27999877929688,101.2950668334961,1294200
2018-11-19,RL,RL,117.48999786376953,117.98999786376953,112.58999633789062,113.44000244140625,97.97844696044922,1525200
2018-11-20,RL,RL,110.8499984741211,113.22000122070312,108.37000274658203,111.37999725341797,96.19921112060547,1816100
2018-11-21,RL,RL,112.11000061035156,115.2699966430664,112.11000061035156,114.80000305175781,99.15308380126953,956100
2018-11-23,RL,RL,114.08000183105469,115.7300033569336,113.7699966430664,114.9000015258789,99.23946380615234,464300
2018-11-26,RL,RL,115.7699966430664,117.5,115.61000061035156,117.06999969482422,101.11368560791016,887900
2018-11-27,RL,RL,116.30999755859375,116.30999755859375,111.66000366210938,112.55999755859375,97.2183837890625,1540400
2018-11-28,RL,RL,112.22000122070312,113.45999908447266,110.54000091552734,112.4800033569336,97.14928436279297,1528900
2018-11-29,RL,RL,112.55999755859375,113.37999725341797,111.0999984741211,111.29000091552734,96.12147521972656,878800
2018-11-30,RL,RL,110.68000030517578,113.16999816894531,110.38999938964844,111.4000015258789,96.21649932861328,1548700
2018-12-03,RL,RL,113.45999908447266,115.51000213623047,113.33000183105469,114.94000244140625,99.27398681640625,1750000
2018-12-04,RL,RL,115.08999633789062,115.51000213623047,109.23999786376953,109.87000274658203,94.89503479003906,1392100
2018-12-06,RL,RL,107.5,108.95999908447266,105.19000244140625,108.83000183105469,93.99677276611328,1781700
2018-12-07,RL,RL,108.7699966430664,110.0,104.55999755859375,104.9000015258789,90.6024398803711,1959800
2018-12-10,RL,RL,104.47000122070312,106.11000061035156,102.23999786376953,105.13999938964844,90.80970764160156,1187000
2018-12-11,RL,RL,106.95999908447266,108.16999816894531,104.11000061035156,105.30999755859375,90.9565200805664,1019000
2018-12-12,RL,RL,106.2300033569336,109.4800033569336,106.2300033569336,108.13999938964844,93.40081787109375,1405600
2018-12-13,RL,RL,108.37000274658203,108.62000274658203,102.55999755859375,103.4800033569336,89.37594604492188,1227900
2018-12-14,RL,RL,102.08999633789062,105.16999816894531,101.05000305175781,101.5,87.66582489013672,1105600
2018-12-17,RL,RL,99.9800033569336,102.5,97.80000305175781,100.95999908447266,87.1994400024414,1658900
2018-12-18,RL,RL,101.91000366210938,103.54000091552734,101.31999969482422,102.4800033569336,88.51226806640625,1082300
2018-12-19,RL,RL,102.4800033569336,104.41999816894531,100.43000030517578,101.05000305175781,87.27717590332031,970600
2018-12-20,RL,RL,100.81999969482422,102.36000061035156,97.94999694824219,99.38999938964844,85.8434066772461,1083300
2018-12-21,RL,RL,99.69999694824219,101.7699966430664,97.48999786376953,97.52999877929688,84.23693084716797,1788800
2018-12-24,RL,RL,97.4800033569336,97.94999694824219,95.62999725341797,96.19999694824219,83.08819580078125,440100
2018-12-26,RL,RL,97.02999877929688,101.9800033569336,97.02999877929688,101.93000030517578,88.03722381591797,754400
2018-12-27,RL,RL,100.45999908447266,102.05000305175781,98.1500015258789,102.05000305175781,88.6846694946289,1099000
2018-12-28,RL,RL,102.63999938964844,104.31999969482422,101.05000305175781,101.77999877929688,88.45001983642578,923300
2018-12-31,RL,RL,102.54000091552734,103.91999816894531,101.1500015258789,103.45999908447266,89.90998840332031,818300
2019-01-02,RL,RL,101.54000091552734,106.62999725341797,101.18000030517578,105.44000244140625,91.63066864013672,875400
2019-01-03,RL,RL,104.91000366210938,104.91000366210938,100.44000244140625,100.68000030517578,87.49407958984375,1157800
2019-01-04,RL,RL,102.55000305175781,105.75,102.48999786376953,104.79000091552734,91.0657958984375,871500
2019-01-07,RL,RL,105.6500015258789,107.51000213623047,105.23999786376953,106.69999694824219,92.72563934326172,1285300
2019-01-08,RL,RL,108.2699966430664,109.19000244140625,106.56999969482422,108.33000183105469,94.1421890258789,922500
2019-01-09,RL,RL,109.63999938964844,110.54000091552734,108.83999633789062,109.45999908447266,95.1241683959961,791500
2019-01-10,RL,RL,107.48999786376953,107.76000213623047,104.77999877929688,106.86000061035156,92.86470031738281,1241200
2019-01-11,RL,RL,106.7300033569336,108.79000091552734,105.33000183105469,105.43000030517578,91.62197875976562,1081200
2019-01-14,RL,RL,104.7300033569336,108.26000213623047,104.72000122070312,106.66999816894531,92.6995849609375,1299000
2019-01-15,RL,RL,106.7300033569336,107.30999755859375,104.86000061035156,106.16999816894531,92.26506805419922,653700
2019-01-16,RL,RL,106.18000030517578,106.88999938964844,105.30999755859375,105.62999725341797,91.79576873779297,1033700
2019-01-17,RL,RL,104.80999755859375,109.31999969482422,104.77999877929688,107.87999725341797,93.7510986328125,634300
2019-01-18,RL,RL,109.44999694824219,112.16000366210938,109.08000183105469,111.56999969482422,96.95783233642578,978900
2019-01-22,RL,RL,111.0,111.98999786376953,108.80999755859375,109.33000183105469,95.01119232177734,797900
2019-01-23,RL,RL,109.95999908447266,111.19000244140625,109.01000213623047,110.27999877929688,95.8367691040039,719700
2019-01-24,RL,RL,110.52999877929688,111.0999984741211,109.0,110.94000244140625,96.41033935546875,611100
2019-01-25,RL,RL,112.2699966430664,113.86000061035156,111.4800033569336,113.63999938964844,98.7567367553711,817700
2019-01-28,RL,RL,112.62999725341797,115.2300033569336,112.1500015258789,115.08999633789062,100.01680755615234,810400
2019-01-29,RL,RL,115.86000061035156,116.44000244140625,114.30000305175781,116.1500015258789,100.93800354003906,821400
2019-01-30,RL,RL,117.43000030517578,117.48999786376953,115.86000061035156,116.94999694824219,101.63322448730469,575800
2019-01-31,RL,RL,117.9000015258789,117.9000015258789,115.2300033569336,116.13999938964844,100.92931365966797,916500
2019-02-01,RL,RL,116.30000305175781,117.26000213623047,115.3499984741211,115.77999877929688,100.61644744873047,1254200
2019-02-04,RL,RL,115.76000213623047,116.16000366210938,113.88999938964844,114.55000305175781,99.54753875732422,1284900
2019-02-05,RL,RL,122.66000366210938,128.64999389648438,122.0999984741211,124.16000366210938,107.8989486694336,3927200
2019-02-06,RL,RL,124.80999755859375,126.19999694824219,123.13999938964844,126.08000183105469,109.5674819946289,1643000
2019-02-07,RL,RL,125.05000305175781,126.26000213623047,123.63999938964844,125.5,109.06343078613281,1605800
2019-02-08,RL,RL,124.93000030517578,126.1500015258789,124.20999908447266,125.02999877929688,108.65498352050781,1474600
2019-02-11,RL,RL,125.5,126.41000366210938,125.16999816894531,125.5999984741211,109.15034484863281,824800
2019-02-12,RL,RL,126.19000244140625,128.0,125.80000305175781,126.66000366210938,110.07151794433594,1106400
2019-02-13,RL,RL,126.97000122070312,127.44999694824219,123.0199966430664,123.23999786376953,107.09941101074219,1747900
2019-02-14,RL,RL,121.91000366210938,123.4800033569336,119.58000183105469,122.79000091552734,106.7083511352539,1503600
2019-02-15,RL,RL,123.95999908447266,125.36000061035156,122.86000061035156,125.08999633789062,108.70711517333984,1063000
2019-02-19,RL,RL,124.87000274658203,126.19000244140625,124.16999816894531,125.44999694824219,109.01998138427734,939700
2019-02-20,RL,RL,125.80999755859375,126.05000305175781,124.36000061035156,125.33000183105469,108.91571044921875,694700
2019-02-21,RL,RL,125.41999816894531,128.0,124.66000366210938,126.23999786376953,109.70652770996094,1460300
2019-02-22,RL,RL,126.44000244140625,128.11000061035156,126.44000244140625,127.12000274658203,110.47128295898438,672700
2019-02-25,RL,RL,128.1300048828125,128.9199981689453,126.72000122070312,127.1500015258789,110.4973373413086,948400
2019-02-26,RL,RL,127.19999694824219,128.0,126.37999725341797,126.51000213623047,109.94116973876953,519700
2019-02-27,RL,RL,126.38999938964844,127.44999694824219,125.36000061035156,127.2300033569336,110.5668716430664,984400
2019-02-28,RL,RL,126.91999816894531,127.0999984741211,125.08999633789062,125.16999816894531,108.77665710449219,694100
2019-03-01,RL,RL,127.05000305175781,129.75,125.80999755859375,126.97000122070312,110.34092712402344,938500
2019-03-04,RL,RL,126.95999908447266,127.73999786376953,125.0,125.41999816894531,108.99391174316406,824800
2019-03-05,RL,RL,125.83000183105469,126.83000183105469,124.83999633789062,124.87000274658203,108.51593017578125,545500
2019-03-06,RL,RL,125.06999969482422,125.27999877929688,122.73999786376953,124.08999633789062,107.83810424804688,844400
2019-03-07,RL,RL,123.38999938964844,124.38999938964844,122.29000091552734,123.3499984741211,107.19502258300781,785900
2019-03-08,RL,RL,122.1500015258789,122.62000274658203,120.3499984741211,122.05999755859375,106.07395935058594,977900
2019-03-11,RL,RL,122.16999816894531,123.69999694824219,121.97000122070312,123.45999908447266,107.29061126708984,566100
2019-03-12,RL,RL,123.6500015258789,124.11000061035156,121.5,122.8499984741211,106.76050567626953,558600
2019-03-13,RL,RL,123.4000015258789,124.0,121.5199966430664,121.68000030517578,105.74372863769531,1397900
2019-03-14,RL,RL,121.72000122070312,122.3499984741211,120.63999938964844,121.52999877929688,105.61337280273438,1147200
2019-03-15,RL,RL,121.33000183105469,122.33999633789062,120.4000015258789,120.77999877929688,104.96160125732422,1418100
2019-03-18,RL,RL,121.48999786376953,124.44000244140625,121.13999938964844,124.20999908447266,107.9423828125,901900
2019-03-19,RL,RL,124.29000091552734,126.43000030517578,124.29000091552734,124.80999755859375,108.46380615234375,952000
2019-03-20,RL,RL,124.56999969482422,124.81999969482422,121.94000244140625,122.75,106.6736068725586,604000
2019-03-21,RL,RL,122.68000030517578,124.97000122070312,122.45999908447266,124.63999938964844,108.31605529785156,757400
2019-03-22,RL,RL,124.08999633789062,124.27999877929688,120.12999725341797,120.2300033569336,104.48365020751953,768900
2019-03-25,RL,RL,119.70999908447266,122.69000244140625,119.29000091552734,122.58999633789062,106.53456115722656,569900
2019-03-26,RL,RL,123.41000366210938,124.52999877929688,121.4800033569336,122.2699966430664,106.25645446777344,655000
2019-03-27,RL,RL,125.13999938964844,126.44000244140625,124.06999969482422,125.33999633789062,108.92438507080078,1229100
2019-03-28,RL,RL,127.5,131.1999969482422,127.5,129.39999389648438,113.01620483398438,1358500
2019-03-29,RL,RL,130.2100067138672,130.58999633789062,128.86000061035156,129.67999267578125,113.26073455810547,1054400
2019-04-01,RL,RL,130.97999572753906,131.02999877929688,128.44000244140625,128.99000549316406,112.65812683105469,906800
2019-04-02,RL,RL,128.57000732421875,128.57000732421875,126.4000015258789,127.29000091552734,111.17337036132812,682000
2019-04-03,RL,RL,128.39999389648438,128.47999572753906,126.94000244140625,127.31999969482422,111.19955444335938,585300
2019-04-04,RL,RL,127.38999938964844,128.52999877929688,127.0199966430664,128.3699951171875,112.11660766601562,593800
2019-04-05,RL,RL,128.6199951171875,129.89999389648438,127.37000274658203,127.58999633789062,111.43537139892578,511900
2019-04-08,RL,RL,127.44999694824219,127.87999725341797,126.52999877929688,127.4000015258789,111.26945495605469,922700
2019-04-09,RL,RL,126.81999969482422,127.25,125.38999938964844,125.94999694824219,110.0030288696289,898800
2019-04-10,RL,RL,126.30000305175781,127.31999969482422,125.79000091552734,126.45999908447266,110.44845581054688,835200
2019-04-11,RL,RL,126.83000183105469,127.45999908447266,125.83000183105469,126.55999755859375,110.53578186035156,895500
2019-04-12,RL,RL,126.98999786376953,128.55999755859375,126.98999786376953,128.14999389648438,111.92445373535156,1555400
2019-04-15,RL,RL,128.3000030517578,129.2100067138672,125.91999816894531,127.18000030517578,111.0772933959961,1221400
2019-04-16,RL,RL,127.26000213623047,130.75,126.80999755859375,129.55999755859375,113.15596008300781,714400
2019-04-17,RL,RL,130.00999450683594,132.57000732421875,129.52000427246094,131.75999450683594,115.07740020751953,1286900
2019-04-18,RL,RL,131.57000732421875,133.2899932861328,130.99000549316406,131.10000610351562,114.5009765625,830700
2019-04-22,RL,RL,130.5800018310547,132.24000549316406,129.8000030517578,130.75,114.19529724121094,686200
2019-04-23,RL,RL,131.22000122070312,132.39999389648438,130.5800018310547,132.07000732421875,115.34815216064453,655000
2019-04-24,RL,RL,132.35000610351562,133.6300048828125,131.27999877929688,132.02999877929688,115.31321716308594,718900
2019-04-25,RL,RL,131.75999450683594,131.75999450683594,129.13999938964844,129.72999572753906,113.30441284179688,873400
2019-04-26,RL,RL,130.7899932861328,131.75999450683594,128.8699951171875,131.19000244140625,114.57955932617188,780100
2019-04-29,RL,RL,130.97999572753906,132.1300048828125,130.52999877929688,132.08999633789062,115.36560821533203,648500
2019-04-30,RL,RL,131.5800018310547,132.25,131.0800018310547,131.5800018310547,114.92017364501953,548800
2019-05-01,RL,RL,131.80999755859375,133.10000610351562,129.7100067138672,129.7100067138672,113.28697204589844,862900
2019-05-02,RL,RL,130.24000549316406,132.64999389648438,130.22999572753906,131.88999938964844,115.19093322753906,553900
2019-05-03,RL,RL,131.91000366210938,132.75999450683594,130.8699951171875,131.2899932861328,114.66691589355469,565300
2019-05-06,RL,RL,128.60000610351562,129.1300048828125,126.8499984741211,128.22000122070312,111.98561096191406,669300
2019-05-07,RL,RL,126.93000030517578,127.2699966430664,122.86000061035156,123.91000366210938,108.22132110595703,983200
2019-05-08,RL,RL,123.37000274658203,125.61000061035156,122.7300033569336,124.38999938964844,108.64054870605469,723600
2019-05-09,RL,RL,125.76000213623047,126.44000244140625,123.19999694824219,125.68000030517578,109.7672119140625,843000
2019-05-10,RL,RL,124.9800033569336,125.58000183105469,121.73999786376953,124.2699966430664,108.53573608398438,1069000
2019-05-13,RL,RL,121.70999908447266,121.70999908447266,117.63999938964844,118.27999877929688,103.30413818359375,1999400
2019-05-14,RL,RL,116.30000305175781,116.91000366210938,108.51000213623047,113.94999694824219,99.52239990234375,4736000
2019-05-15,RL,RL,112.93000030517578,116.0999984741211,112.26000213623047,115.68000030517578,101.03335571289062,2292400
2019-05-16,RL,RL,115.83999633789062,116.63999938964844,114.56999969482422,114.75,100.22108459472656,1348500
2019-05-17,RL,RL,113.86000061035156,115.01000213623047,112.12000274658203,112.51000213623047,98.26470947265625,1809300
2019-05-20,RL,RL,111.75,112.30000305175781,110.47000122070312,111.91999816894531,97.74942016601562,1515500
2019-05-21,RL,RL,112.25,114.62000274658203,112.16999816894531,113.97000122070312,99.53985595703125,1195200
2019-05-22,RL,RL,112.8499984741211,114.9000015258789,112.58999633789062,112.79000091552734,98.5092544555664,1188100
2019-05-23,RL,RL,111.70999908447266,112.02999877929688,108.83999633789062,109.23999786376953,95.40873718261719,1343400
2019-05-24,RL,RL,109.80000305175781,110.44000244140625,108.56999969482422,109.23999786376953,95.40873718261719,902800
2019-05-28,RL,RL,109.69999694824219,110.76000213623047,107.5999984741211,108.0199966430664,94.34320831298828,1002600
2019-05-29,RL,RL,106.80000305175781,107.0,104.7300033569336,105.98999786376953,92.57022857666016,1627800
2019-05-30,RL,RL,105.16999816894531,106.56999969482422,104.16999816894531,105.02999877929688,91.7317886352539,1473500
2019-05-31,RL,RL,103.80999755859375,105.16000366210938,102.7699966430664,105.12999725341797,91.81910705566406,1230100
2019-06-03,RL,RL,104.69000244140625,108.16000366210938,104.69000244140625,107.25,93.67070007324219,1244200
2019-06-04,RL,RL,108.63999938964844,112.36000061035156,108.5,111.76000213623047,97.60967254638672,1673300
2019-06-05,RL,RL,113.0,113.48999786376953,108.58000183105469,110.9800033569336,96.92843627929688,1050900
2019-06-06,RL,RL,110.7699966430664,111.37999725341797,108.77999877929688,109.47000122070312,95.60961151123047,906300
2019-06-07,RL,RL,110.04000091552734,111.47000122070312,109.38999938964844,110.87999725341797,96.8410873413086,922000
2019-06-10,RL,RL,111.51000213623047,114.69000244140625,111.45999908447266,113.66000366210938,99.26911163330078,844600
2019-06-11,RL,RL,114.48999786376953,115.87999725341797,113.69999694824219,113.86000061035156,99.44375610351562,803300
2019-06-12,RL,RL,113.54000091552734,114.47000122070312,112.30000305175781,112.66999816894531,98.4044418334961,658000
2019-06-13,RL,RL,113.30000305175781,113.79000091552734,110.61000061035156,112.62000274658203,98.36076354980469,837300
2019-06-14,RL,RL,112.9000015258789,113.44000244140625,111.9800033569336,112.12999725341797,97.93283081054688,822500
2019-06-17,RL,RL,111.97000122070312,113.4000015258789,111.41000366210938,112.30000305175781,98.081298828125,653200
2019-06-18,RL,RL,112.68000030517578,115.44000244140625,112.51000213623047,113.37999725341797,99.02455139160156,797300
2019-06-19,RL,RL,113.52999877929688,113.52999877929688,110.94000244140625,112.6500015258789,98.3869857788086,847000
2019-06-20,RL,RL,113.33999633789062,115.5,112.83999633789062,114.91000366210938,100.36083984375,840400
2019-06-21,RL,RL,115.18000030517578,118.01000213623047,114.12000274658203,117.77999877929688,102.8674545288086,1044200
2019-06-24,RL,RL,117.58000183105469,118.6500015258789,116.19000244140625,116.94000244140625,102.1338119506836,871700
2019-06-25,RL,RL,116.80000305175781,116.95999908447266,112.91000366210938,113.68000030517578,99.28658294677734,926600
2019-06-26,RL,RL,114.51000213623047,116.52999877929688,114.37999725341797,115.36000061035156,100.75386047363281,766400
2019-06-27,RL,RL,115.30000305175781,115.33999633789062,111.79000091552734,113.0999984741211,99.37264251708984,929800
2019-06-28,RL,RL,113.36000061035156,114.94000244140625,113.01000213623047,113.58999633789062,99.80319213867188,938100
2019-07-01,RL,RL,115.5999984741211,117.9800033569336,112.58000183105469,113.66000366210938,99.86469268798828,1194200
2019-07-02,RL,RL,113.20999908447266,113.30000305175781,109.87999725341797,110.2699966430664,96.88615417480469,1163500
2019-07-03,RL,RL,110.72000122070312,111.13999938964844,108.6500015258789,110.48999786376953,97.07942962646484,1095800
2019-07-05,RL,RL,110.08000183105469,111.0199966430664,109.1500015258789,110.98999786376953,97.51876068115234,992800
2019-07-08,RL,RL,110.61000061035156,111.68000030517578,109.83999633789062,111.33999633789062,97.82626342773438,729300
2019-07-09,RL,RL,110.77999877929688,111.69999694824219,110.13999938964844,110.58999633789062,97.16732025146484,1040500
2019-07-10,RL,RL,110.88999938964844,110.94999694824219,107.55000305175781,109.55999755859375,96.26232147216797,1179400
2019-07-11,RL,RL,109.88999938964844,111.36000061035156,109.01000213623047,111.11000061035156,97.62419128417969,879700
2019-07-12,RL,RL,111.33999633789062,113.62000274658203,111.05999755859375,112.47000122070312,98.8191146850586,813400
2019-07-15,RL,RL,111.87000274658203,113.30000305175781,110.98999786376953,112.56999969482422,98.90697479248047,840600
2019-07-16,RL,RL,112.63999938964844,115.5,112.25,115.19999694824219,101.2177734375,993000
2019-07-17,RL,RL,111.48999786376953,112.30999755859375,109.3499984741211,110.80000305175781,97.35182189941406,1869500
2019-07-18,RL,RL,110.86000061035156,111.33999633789062,108.94999694824219,109.38999938964844,96.11296844482422,897400
2019-07-19,RL,RL,110.13999938964844,111.7300033569336,109.87999725341797,110.2699966430664,96.88615417480469,1213400
2019-07-22,RL,RL,109.95999908447266,110.9000015258789,107.1500015258789,107.4000015258789,94.36449432373047,898500
2019-07-23,RL,RL,107.62999725341797,109.18000030517578,107.5,108.88999938964844,95.67363739013672,896800
2019-07-24,RL,RL,109.48999786376953,110.77999877929688,108.05999755859375,109.7300033569336,96.41169738769531,921500
2019-07-25,RL,RL,109.33999633789062,111.33999633789062,109.33999633789062,110.25,96.86857604980469,845100
2019-07-26,RL,RL,109.66999816894531,110.58000183105469,108.55999755859375,110.08000183105469,96.7192153930664,814000
2019-07-29,RL,RL,109.70999908447266,111.9800033569336,109.08999633789062,111.2699966430664,97.76477813720703,1447100
2019-07-30,RL,RL,115.0,115.0,106.0,107.12999725341797,94.12723541259766,2726900
2019-07-31,RL,RL,107.29000091552734,107.51000213623047,103.26000213623047,104.2300033569336,91.57926177978516,2371300
2019-08-01,RL,RL,104.0,104.83999633789062,97.38999938964844,98.62000274658203,86.65015411376953,2171400
2019-08-02,RL,RL,98.33000183105469,99.66999816894531,97.4800033569336,98.87999725341797,86.87860107421875,1643800
2019-08-05,RL,RL,97.05000305175781,97.72000122070312,94.5999984741211,95.7300033569336,84.11090087890625,1699900
2019-08-06,RL,RL,96.31999969482422,96.55999755859375,94.58000183105469,95.69000244140625,84.07576751708984,1117000
2019-08-07,RL,RL,94.66999816894531,95.7300033569336,94.02999877929688,95.19999694824219,83.64522552490234,1655700
2019-08-08,RL,RL,95.87000274658203,97.97000122070312,95.41999816894531,97.01000213623047,85.23555755615234,1247900
2019-08-09,RL,RL,96.69000244140625,96.69000244140625,93.20999908447266,93.72000122070312,82.3448715209961,1139200
2019-08-12,RL,RL,92.9800033569336,93.91000366210938,91.37000274658203,91.93000030517578,80.77215576171875,970100
2019-08-13,RL,RL,91.45999908447266,96.7699966430664,89.91999816894531,93.41000366210938,82.0724868774414,1518100
2019-08-14,RL,RL,89.87999725341797,90.95999908447266,86.58000183105469,87.8499984741211,77.18733978271484,1693600
2019-08-15,RL,RL,88.01000213623047,88.2699966430664,83.5,85.06999969482422,74.7447738647461,2473900
2019-08-16,RL,RL,85.7300033569336,87.20999908447266,85.1500015258789,86.94000244140625,76.3877944946289,1387800
2019-08-19,RL,RL,88.52999877929688,88.58000183105469,86.83000183105469,87.1500015258789,76.5722885131836,1291400
2019-08-20,RL,RL,86.2300033569336,87.54000091552734,86.11000061035156,86.81999969482422,76.28236389160156,858500
2019-08-21,RL,RL,88.29000091552734,88.48999786376953,86.31999969482422,87.06999969482422,76.50202178955078,937200
2019-08-22,RL,RL,87.77999877929688,88.4000015258789,87.04000091552734,87.9000015258789,77.23127746582031,1076800
2019-08-23,RL,RL,86.38999938964844,86.87000274658203,83.52999877929688,83.91000366210938,73.72557067871094,1453600
2019-08-26,RL,RL,84.7300033569336,85.33999633789062,82.69000244140625,83.62999725341797,73.47952270507812,970100
2019-08-27,RL,RL,84.0999984741211,86.05999755859375,83.41999816894531,85.41999816894531,75.05227661132812,2011600
2019-08-28,RL,RL,85.26000213623047,88.30999755859375,85.18000030517578,87.73999786376953,77.0906982421875,1739000
2019-08-29,RL,RL,89.1500015258789,91.23999786376953,87.26000213623047,87.98999786376953,77.31034088134766,1315900
2019-08-30,RL,RL,88.61000061035156,89.52999877929688,88.04000091552734,88.33999633789062,77.61785888671875,1171500
2019-09-03,RL,RL,87.22000122070312,88.63999938964844,86.16000366210938,86.94000244140625,76.3877944946289,1064400
2019-09-04,RL,RL,88.05999755859375,90.55000305175781,88.05999755859375,89.80000305175781,78.90065002441406,1143900
2019-09-05,RL,RL,91.86000061035156,94.47000122070312,91.80000305175781,94.26000213623047,82.8193588256836,1691900
2019-09-06,RL,RL,95.01000213623047,95.61000061035156,94.2300033569336,94.58000183105469,83.10049438476562,1418500
2019-09-09,RL,RL,95.1500015258789,97.4800033569336,94.7300033569336,96.8499984741211,85.0949935913086,1558800
2019-09-10,RL,RL,96.56999969482422,99.3499984741211,96.5199966430664,98.69999694824219,86.72044372558594,1444600
2019-09-11,RL,RL,98.69999694824219,100.5199966430664,95.16999816894531,100.36000061035156,88.17896270751953,1315800
2019-09-12,RL,RL,99.37999725341797,101.04000091552734,95.7699966430664,100.58000183105469,88.37225341796875,1758000
2019-09-13,RL,RL,101.41000366210938,103.58000183105469,101.08999633789062,102.26000213623047,89.84835052490234,1560900
2019-09-16,RL,RL,101.38999938964844,103.87999725341797,101.38999938964844,103.1500015258789,90.63034057617188,1016100
2019-09-17,RL,RL,102.55999755859375,102.55999755859375,97.91999816894531,99.05000305175781,87.0279541015625,1513500
2019-09-18,RL,RL,98.58999633789062,99.73999786376953,97.31999969482422,98.54000091552734,86.5798568725586,870100
2019-09-19,RL,RL,98.68000030517578,98.81999969482422,95.41000366210938,95.8499984741211,84.21633911132812,969100
2019-09-20,RL,RL,96.08000183105469,96.81999969482422,92.94999694824219,92.97000122070312,81.68592071533203,1821700
2019-09-23,RL,RL,92.58999633789062,93.70999908447266,91.66000366210938,92.7300033569336,81.47503662109375,1529000
2019-09-24,RL,RL,95.08000183105469,95.08000183105469,91.94999694824219,92.5999984741211,81.3608169555664,992000
2019-09-25,RL,RL,92.9000015258789,94.75,92.77999877929688,94.0199966430664,82.60845184326172,1218000
2019-09-26,RL,RL,93.66999816894531,93.66999816894531,92.44999694824219,93.12999725341797,82.4296875,687100
2019-09-27,RL,RL,93.7300033569336,95.08999633789062,93.05999755859375,94.23999786376953,83.41214752197266,811300
2019-09-30,RL,RL,94.66000366210938,95.70999908447266,93.80000305175781,95.47000122070312,84.50082397460938,783900
2019-10-01,RL,RL,95.77999877929688,96.30000305175781,91.51000213623047,91.54000091552734,81.0223617553711,901100
2019-10-02,RL,RL,90.70999908447266,90.88999938964844,89.05000305175781,89.4800033569336,79.19904327392578,951100
2019-10-03,RL,RL,89.38999938964844,92.04000091552734,88.0199966430664,91.97000122070312,81.40296173095703,1196700
2019-10-04,RL,RL,91.79000091552734,92.22000122070312,89.94000244140625,91.44999694824219,80.94271850585938,733100
2019-10-07,RL,RL,91.33999633789062,92.73999786376953,90.87999725341797,91.55999755859375,81.04005432128906,831300
2019-10-08,RL,RL,90.30000305175781,91.12000274658203,88.66999816894531,89.9800033569336,79.6416015625,909800
2019-10-09,RL,RL,90.95999908447266,91.37999725341797,89.29000091552734,90.27999877929688,79.90713500976562,637800
2019-10-10,RL,RL,90.41999816894531,91.87000274658203,89.61000061035156,90.0199966430664,79.67699432373047,982100
2019-10-11,RL,RL,91.68000030517578,94.87000274658203,91.2699966430664,93.72000122070312,82.9518814086914,1233600
2019-10-14,RL,RL,92.87999725341797,93.02999877929688,91.37999725341797,92.44999694824219,81.82781219482422,772400
2019-10-15,RL,RL,92.47000122070312,93.91999816894531,91.9000015258789,93.22000122070312,82.50932312011719,771000
2019-10-16,RL,RL,93.02999877929688,94.44999694824219,92.12000274658203,94.31999969482422,83.48294830322266,1063000
2019-10-17,RL,RL,95.06999969482422,96.12000274658203,94.25,95.08000183105469,84.1556396484375,627800
2019-10-18,RL,RL,93.18000030517578,95.38999938964844,93.0199966430664,94.97000122070312,84.05828094482422,1124600
2019-10-21,RL,RL,96.16999816894531,96.70999908447266,95.69999694824219,96.47000122070312,85.38591766357422,761200
2019-10-22,RL,RL,96.80999755859375,98.80000305175781,95.5,98.5999984741211,87.27118682861328,813800
2019-10-23,RL,RL,98.27999877929688,99.05000305175781,96.73999786376953,97.12999725341797,85.97010040283203,918800
2019-10-24,RL,RL,97.13999938964844,97.18000030517578,94.13999938964844,97.12000274658203,85.96125030517578,782200
2019-10-25,RL,RL,95.69999694824219,99.75,94.75,98.79000091552734,87.43936920166016,961500
2019-10-28,RL,RL,98.51000213623047,100.41000366210938,97.61000061035156,97.72000122070312,86.49230194091797,975400
2019-10-29,RL,RL,97.25,97.47000122070312,96.0999984741211,96.0999984741211,85.05842590332031,800800
2019-10-30,RL,RL,96.08000183105469,96.87000274658203,94.80999755859375,96.5999984741211,85.5009765625,632300
2019-10-31,RL,RL,95.72000122070312,96.2699966430664,94.05000305175781,96.05999755859375,85.02301788330078,910400
2019-11-01,RL,RL,97.02999877929688,98.47000122070312,96.93000030517578,97.98999786376953,86.73128509521484,672400
2019-11-04,RL,RL,98.63999938964844,99.6500015258789,98.55000305175781,99.04000091552734,87.66063690185547,732500
2019-11-05,RL,RL,99.83000183105469,103.37999725341797,99.43000030517578,102.05999755859375,90.33363342285156,1496600
2019-11-06,RL,RL,101.87000274658203,101.87000274658203,98.5199966430664,100.87999725341797,89.28923034667969,1879000
2019-11-07,RL,RL,114.44000244140625,116.12000274658203,110.94999694824219,115.66999816894531,102.37989807128906,5707600
2019-11-08,RL,RL,115.55999755859375,115.8499984741211,111.55999755859375,113.7699966430664,100.69821166992188,1555800
2019-11-11,RL,RL,112.69999694824219,114.66000366210938,111.8499984741211,114.01000213623047,100.91062927246094,1611300
2019-11-12,RL,RL,114.0,114.69000244140625,111.19999694824219,111.36000061035156,98.56510925292969,1509500
2019-11-13,RL,RL,111.12000274658203,111.9000015258789,109.7699966430664,110.66000366210938,97.94552612304688,1240800
2019-11-14,RL,RL,110.45999908447266,112.48999786376953,110.45999908447266,111.38999938964844,98.5916519165039,901400
2019-11-15,RL,RL,111.79000091552734,113.0,111.37000274658203,112.61000061035156,99.6714859008789,750200
2019-11-18,RL,RL,112.20999908447266,113.72000122070312,111.5199966430664,113.36000061035156,100.33531188964844,993600
2019-11-19,RL,RL,112.44000244140625,113.16999816894531,109.9000015258789,110.47000122070312,97.77735900878906,1268200
2019-11-20,RL,RL,109.41999816894531,109.9000015258789,106.4000015258789,106.91000366210938,94.62639617919922,1701800
2019-11-21,RL,RL,107.01000213623047,108.12000274658203,103.43000030517578,103.70999908447266,91.7940673828125,1970500
2019-11-22,RL,RL,104.81999969482422,107.80999755859375,104.1500015258789,107.61000061035156,95.24597930908203,843400
2019-11-25,RL,RL,108.54000091552734,109.45999908447266,106.87999725341797,108.93000030517578,96.41429138183594,845900
2019-11-26,RL,RL,109.41999816894531,109.91999816894531,107.47000122070312,108.51000213623047,96.04256439208984,1001000
2019-11-27,RL,RL,109.30000305175781,109.66999816894531,107.81999969482422,108.70999908447266,96.21959686279297,671800
2019-11-29,RL,RL,108.54000091552734,108.66000366210938,106.95999908447266,107.33999633789062,95.00698852539062,358200
2019-12-02,RL,RL,107.91999816894531,108.63999938964844,106.2699966430664,106.81999969482422,94.5467300415039,635600
2019-12-03,RL,RL,104.68000030517578,106.0,103.9000015258789,105.55000305175781,93.42266082763672,859200
2019-12-04,RL,RL,105.7699966430664,109.58000183105469,105.4800033569336,108.69000244140625,96.20188903808594,1098200
2019-12-05,RL,RL,109.45999908447266,112.22000122070312,108.93000030517578,112.05999755859375,99.18467712402344,1296100
2019-12-06,RL,RL,113.01000213623047,114.19999694824219,111.5999984741211,111.66999816894531,98.83950805664062,903600
2019-12-09,RL,RL,111.66999816894531,113.80000305175781,111.5999984741211,113.25,100.23795318603516,898500
2019-12-10,RL,RL,113.41999816894531,114.33000183105469,112.66999816894531,114.0,100.90177917480469,1120400
2019-12-11,RL,RL,113.31999969482422,113.70999908447266,111.44999694824219,111.62999725341797,98.80409240722656,1065000
2019-12-12,RL,RL,111.95999908447266,116.54000091552734,111.44999694824219,115.75,102.45069885253906,1242400
2019-12-13,RL,RL,115.88999938964844,117.25,113.81999969482422,116.91999816894531,103.48628997802734,1508400
2019-12-16,RL,RL,117.55000305175781,118.5999984741211,116.95999908447266,117.70999908447266,104.18551635742188,1064900
2019-12-17,RL,RL,117.47000122070312,117.97000122070312,116.54000091552734,117.45999908447266,103.9642105102539,750900
2019-12-18,RL,RL,117.91999816894531,119.61000061035156,117.5999984741211,118.9800033569336,105.30960083007812,984200
2019-12-19,RL,RL,119.02999877929688,119.12000274658203,117.04000091552734,117.52999877929688,104.02619934082031,950500
2019-12-20,RL,RL,118.06999969482422,118.81999969482422,117.05000305175781,118.43000030517578,104.82279205322266,1267600
2019-12-23,RL,RL,118.48999786376953,118.76000213623047,116.86000061035156,117.79000091552734,104.2563247680664,593000
2019-12-24,RL,RL,118.05000305175781,118.6500015258789,117.81999969482422,118.33999633789062,104.74312591552734,226700
2019-12-26,RL,RL,117.83000183105469,120.45999908447266,117.37999725341797,118.4000015258789,105.4090576171875,448400
2019-12-27,RL,RL,119.01000213623047,119.77999877929688,116.94000244140625,117.41000366210938,104.5276870727539,548900
2019-12-30,RL,RL,117.55999755859375,118.05999755859375,116.4800033569336,116.58000183105469,103.78874969482422,507200
2019-12-31,RL,RL,116.45999908447266,117.79000091552734,116.4000015258789,117.22000122070312,104.35855102539062,394100
2020-01-02,RL,RL,117.94999694824219,118.94000244140625,116.91999816894531,118.79000091552734,105.75628662109375,781100
2020-01-03,RL,RL,116.5,118.41000366210938,116.47000122070312,118.16000366210938,105.1954116821289,551700
2020-01-06,RL,RL,116.66000366210938,119.87000274658203,116.66000366210938,119.80999755859375,106.66435241699219,1085100
2020-01-07,RL,RL,119.94000244140625,121.55999755859375,119.25,120.33000183105469,107.1272964477539,652400
2020-01-08,RL,RL,120.80000305175781,121.4800033569336,118.93000030517578,120.0,106.83350372314453,720900
2020-01-09,RL,RL,119.41000366210938,120.0999984741211,116.80000305175781,117.93000030517578,104.9906234741211,877000
2020-01-10,RL,RL,117.7699966430664,118.80000305175781,117.0999984741211,117.95999908447266,105.017333984375,438700
2020-01-13,RL,RL,118.0,119.93000030517578,117.7699966430664,119.8499984741211,106.69996643066406,683400
2020-01-14,RL,RL,120.37999725341797,121.20999908447266,119.41999816894531,119.48999786376953,106.37946319580078,641800
2020-01-15,RL,RL,118.93000030517578,119.62999725341797,117.75,118.3499984741211,105.36453247070312,500900
2020-01-16,RL,RL,119.41000366210938,120.3499984741211,119.20999908447266,120.30999755859375,107.10948944091797,397500
2020-01-17,RL,RL,120.69999694824219,122.13999938964844,120.19999694824219,122.0999984741211,108.70308685302734,687600
2020-01-21,RL,RL,122.11000061035156,122.12999725341797,118.5199966430664,119.01000213623047,105.95213317871094,1174900
2020-01-22,RL,RL,118.7699966430664,119.44999694824219,117.20999908447266,117.2699966430664,104.40304565429688,537700
2020-01-23,RL,RL,115.86000061035156,118.38999938964844,114.0999984741211,118.0199966430664,105.07076263427734,606200
2020-01-24,RL,RL,118.0999984741211,118.81999969482422,115.0999984741211,116.2300033569336,103.47716522216797,560400
2020-01-27,RL,RL,113.31999969482422,114.41999816894531,112.58999633789062,112.95999908447266,100.5659408569336,815300
2020-01-28,RL,RL,114.0199966430664,114.0199966430664,111.2699966430664,112.66000366210938,100.29887390136719,1346100
2020-01-29,RL,RL,113.6500015258789,114.79000091552734,112.7300033569336,113.19000244140625,100.77072143554688,776500
2020-01-30,RL,RL,111.9800033569336,116.44999694824219,111.8499984741211,116.25,103.49496459960938,793400
2020-01-31,RL,RL,116.41000366210938,116.41000366210938,112.88999938964844,113.5,101.04669952392578,1129400
2020-02-03,RL,RL,114.16000366210938,114.62999725341797,113.11000061035156,113.26000213623047,100.8330307006836,1539200
2020-02-04,RL,RL,124.01000213623047,126.94999694824219,120.0,123.68000030517578,110.10974884033203,2714800
2020-02-05,RL,RL,124.88999938964844,128.2899932861328,121.94999694824219,122.51000213623047,109.068115234375,1424100
2020-02-06,RL,RL,123.55000305175781,124.44999694824219,121.36000061035156,121.41999816894531,108.09770202636719,846500
2020-02-07,RL,RL,120.23999786376953,122.04000091552734,119.45999908447266,120.55999755859375,107.33206176757812,809000
2020-02-10,RL,RL,120.06999969482422,120.88999938964844,119.5199966430664,120.6500015258789,107.41218566894531,775500
2020-02-11,RL,RL,120.91000366210938,121.37000274658203,119.44999694824219,120.37000274658203,107.16291809082031,756900
2020-02-12,RL,RL,121.44000244140625,124.18000030517578,121.44000244140625,123.69000244140625,110.11863708496094,746100
2020-02-13,RL,RL,121.9000015258789,123.16999816894531,120.61000061035156,122.9800033569336,109.48654174804688,758800
2020-02-14,RL,RL,122.44999694824219,122.73999786376953,120.36000061035156,121.83999633789062,108.47162628173828,883900
2020-02-18,RL,RL,121.08000183105469,122.58000183105469,120.5999984741211,120.61000061035156,107.3765640258789,956700
2020-02-19,RL,RL,120.94000244140625,121.36000061035156,119.05999755859375,119.80000305175781,106.65544128417969,856500
2020-02-20,RL,RL,119.47000122070312,121.9000015258789,118.9000015258789,121.86000061035156,108.48941802978516,824700
2020-02-21,RL,RL,120.62999725341797,121.19999694824219,116.80000305175781,117.45999908447266,104.57221221923828,914400
2020-02-24,RL,RL,110.0,110.9800033569336,108.41000366210938,109.61000061035156,97.5835189819336,1429100
2020-02-25,RL,RL,111.12999725341797,111.12999725341797,102.08999633789062,102.76000213623047,91.48509216308594,1526500
2020-02-26,RL,RL,103.61000061035156,105.51000213623047,101.4000015258789,101.58000183105469,90.4345932006836,1524100
2020-02-27,RL,RL,98.63999938964844,104.52999877929688,97.22000122070312,101.61000061035156,90.4612808227539,2105900
2020-02-28,RL,RL,98.04000091552734,105.5199966430664,98.04000091552734,105.51000213623047,93.93336486816406,1679600
2020-03-02,RL,RL,105.70999908447266,107.61000061035156,103.95999908447266,107.61000061035156,95.80292510986328,1555600
2020-03-03,RL,RL,107.94999694824219,111.63999938964844,104.62999725341797,106.43000030517578,94.75242614746094,3347000
2020-03-04,RL,RL,108.08999633789062,110.81999969482422,106.61000061035156,110.54000091552734,98.41146087646484,1875900
2020-03-05,RL,RL,107.26000213623047,109.58000183105469,106.27999877929688,108.19000244140625,96.3193359375,1585400
2020-03-06,RL,RL,105.19000244140625,106.13999938964844,104.02999877929688,105.7699966430664,94.16482543945312,2192400
2020-03-09,RL,RL,99.0,101.12999725341797,93.91000366210938,94.98999786376953,84.5676040649414,1917300
2020-03-10,RL,RL,99.27999877929688,99.44999694824219,92.62000274658203,98.91000366210938,88.05752563476562,981800
2020-03-11,RL,RL,96.08999633789062,96.08999633789062,90.18000030517578,90.66999816894531,80.72161865234375,1228200
2020-03-12,RL,RL,84.81999969482422,87.44000244140625,77.83999633789062,79.66999816894531,70.92854309082031,1801600
2020-03-13,RL,RL,82.5999984741211,84.98999786376953,76.6500015258789,83.66999816894531,74.48966979980469,1549000
2020-03-16,RL,RL,70.27999877929688,75.31999969482422,66.7300033569336,71.5999984741211,63.74399185180664,1593900
2020-03-17,RL,RL,72.12000274658203,78.2300033569336,64.27999877929688,73.51000213623047,65.44442749023438,1823700
2020-03-18,RL,RL,69.94999694824219,74.20999908447266,69.8499984741211,73.58999633789062,65.51563262939453,2113300
2020-03-19,RL,RL,71.38999938964844,78.97000122070312,69.30000305175781,70.5199966430664,62.782508850097656,2159400
2020-03-20,RL,RL,72.0999984741211,72.83999633789062,66.37999725341797,66.61000061035156,59.301490783691406,1366600
2020-03-23,RL,RL,65.91000366210938,69.4800033569336,62.0099983215332,65.4000015258789,58.22426986694336,1794800
2020-03-24,RL,RL,68.95999908447266,71.45999908447266,66.0199966430664,69.47000122070312,61.84770202636719,1329600
2020-03-25,RL,RL,70.7300033569336,74.91999816894531,66.62999725341797,70.5999984741211,62.85371780395508,1414600
2020-03-26,RL,RL,71.06999969482422,77.19999694824219,69.41999816894531,74.31999969482422,66.81668853759766,1692600
2020-03-27,RL,RL,71.41000366210938,71.80999755859375,65.9000015258789,67.98999786376953,61.125755310058594,1274700
2020-03-30,RL,RL,67.75,72.27999877929688,67.22000122070312,71.26000213623047,64.06562805175781,1195300
2020-03-31,RL,RL,70.41999816894531,73.04000091552734,66.70999908447266,66.83000183105469,60.082881927490234,1491400
2020-04-01,RL,RL,63.75,66.1500015258789,62.279998779296875,65.69000244140625,59.0579719543457,2076200
2020-04-02,RL,RL,65.0,68.80000305175781,63.56999969482422,65.97000122070312,59.309696197509766,1705700
2020-04-03,RL,RL,64.30000305175781,64.5,59.81999969482422,61.0,54.841468811035156,2031000
2020-04-06,RL,RL,64.5999984741211,70.55000305175781,64.0999984741211,68.5999984741211,61.674190521240234,2010800
2020-04-07,RL,RL,73.16000366210938,80.6500015258789,72.37000274658203,73.79000091552734,66.34020233154297,2485500
2020-04-08,RL,RL,75.30000305175781,78.13999938964844,75.12999725341797,76.16000366210938,68.47093200683594,1248000
2020-04-09,RL,RL,78.18000030517578,82.66999816894531,78.16000366210938,80.41000366210938,72.29183959960938,1020900
2020-04-13,RL,RL,79.55999755859375,80.0199966430664,73.8499984741211,75.97000122070312,68.30010223388672,963100
2020-04-14,RL,RL,77.58000183105469,78.0,74.62999725341797,76.5,68.77659606933594,1091000
2020-04-15,RL,RL,73.37999725341797,73.62000274658203,68.7699966430664,69.58000183105469,62.55522918701172,1207100
2020-04-16,RL,RL,70.19000244140625,70.38999938964844,67.66999816894531,68.5199966430664,61.60225296020508,965200
2020-04-17,RL,RL,71.52999877929688,74.9800033569336,71.19000244140625,72.68000030517578,65.34226989746094,1142200
2020-04-20,RL,RL,71.01000213623047,72.36000061035156,68.88999938964844,69.58000183105469,62.55522918701172,691800
2020-04-21,RL,RL,67.0,68.94999694824219,66.36000061035156,68.31999969482422,61.42244338989258,1438800
2020-04-22,RL,RL,69.63999938964844,69.88999938964844,66.9800033569336,67.02999877929688,60.26268768310547,974000
2020-04-23,RL,RL,67.30999755859375,69.68000030517578,66.66000366210938,68.94999694824219,61.988834381103516,927100
2020-04-24,RL,RL,69.43000030517578,70.44999694824219,67.16000366210938,68.30000305175781,61.404476165771484,808000
2020-04-27,RL,RL,70.08000183105469,75.38999938964844,69.69999694824219,74.81999969482422,67.2662124633789,1050300
2020-04-28,RL,RL,78.86000061035156,81.05999755859375,75.87999725341797,78.44999694824219,70.52971649169922,1560000
2020-04-29,RL,RL,81.04000091552734,83.55999755859375,80.69999694824219,80.97000122070312,72.79532623291016,1561400
2020-04-30,RL,RL,78.80999755859375,78.80999755859375,72.93000030517578,73.77999877929688,66.33120727539062,1874100
2020-05-01,RL,RL,71.86000061035156,73.11000061035156,70.26000213623047,73.08999633789062,65.71086120605469,1356400
2020-05-04,RL,RL,70.2300033569336,75.08000183105469,69.69000244140625,71.87000274658203,64.61405181884766,2026800
2020-05-05,RL,RL,72.94999694824219,74.27999877929688,71.41999816894531,72.31999969482422,65.01861572265625,2000700
2020-05-06,RL,RL,72.93000030517578,73.80000305175781,70.3499984741211,71.12999725341797,63.94874954223633,771300
2020-05-07,RL,RL,70.94999694824219,72.81999969482422,70.16999816894531,70.2300033569336,63.139610290527344,1373600
2020-05-08,RL,RL,72.05999755859375,72.7300033569336,71.04000091552734,72.08000183105469,64.8028335571289,2063800
2020-05-11,RL,RL,71.13999938964844,71.33999633789062,68.66999816894531,69.41000366210938,62.40238571166992,1247600
2020-05-12,RL,RL,69.83000183105469,70.30999755859375,65.33999633789062,65.52999877929688,58.91411209106445,2047000
2020-05-13,RL,RL,65.48999786376953,65.48999786376953,63.59000015258789,64.69000244140625,58.158935546875,1347300
2020-05-14,RL,RL,63.31999969482422,68.04000091552734,62.369998931884766,65.87000274658203,59.219791412353516,1560600
2020-05-15,RL,RL,64.95999908447266,66.97000122070312,63.439998626708984,65.37999725341797,58.77925491333008,1265300
2020-05-18,RL,RL,68.56999969482422,70.55999755859375,68.23999786376953,69.93000030517578,62.8698844909668,1541500
2020-05-19,RL,RL,69.81999969482422,70.0,67.51000213623047,69.26000213623047,62.26755142211914,1815600
2020-05-20,RL,RL,70.69000244140625,71.94999694824219,69.79000091552734,71.4000015258789,64.19149780273438,1090700
2020-05-21,RL,RL,71.20999908447266,75.23999786376953,70.69999694824219,74.56999969482422,67.04144287109375,1452000
2020-05-22,RL,RL,75.20999908447266,76.20999908447266,72.23999786376953,72.83999633789062,65.48611450195312,1180600
2020-05-26,RL,RL,75.9000015258789,81.5,75.5999984741211,81.37000274658203,73.1549301147461,2548300
2020-05-27,RL,RL,82.79000091552734,87.27999877929688,80.0,80.87999725341797,72.71440887451172,3800400
2020-05-28,RL,RL,80.87999725341797,83.0999984741211,78.5,79.9800033569336,71.90525817871094,1578900
2020-05-29,RL,RL,78.83999633789062,78.83999633789062,74.26000213623047,75.51000213623047,67.88652801513672,1810700
2020-06-01,RL,RL,75.0999984741211,77.93000030517578,74.79000091552734,76.70999908447266,68.96539306640625,993300
2020-06-02,RL,RL,77.54000091552734,79.27999877929688,77.31999969482422,78.38999938964844,70.47576904296875,1523600
2020-06-03,RL,RL,80.3499984741211,85.47000122070312,80.12000274658203,84.68000030517578,76.13075256347656,1555600
2020-06-04,RL,RL,84.08999633789062,84.91999816894531,82.25,84.91999816894531,76.34651184082031,1141800
2020-06-05,RL,RL,89.16000366210938,93.11000061035156,88.9000015258789,89.56999969482422,80.52703857421875,1799000
2020-06-08,RL,RL,92.0,93.0,88.43000030517578,90.26000213623047,81.14738464355469,1138400
2020-06-09,RL,RL,88.3499984741211,88.88999938964844,85.08999633789062,85.4800033569336,76.8499755859375,1099800
2020-06-10,RL,RL,85.0,85.5,80.48999786376953,80.69000244140625,72.5435791015625,1263600
2020-06-11,RL,RL,75.80000305175781,76.44000244140625,72.81999969482422,74.02999877929688,66.55596923828125,1763700
2020-06-12,RL,RL,76.80999755859375,77.4800033569336,72.75,74.7699966430664,67.22125244140625,1465600
2020-06-15,RL,RL,71.0199966430664,74.73999786376953,70.54000091552734,73.73999786376953,66.29524230957031,1621100
2020-06-16,RL,RL,78.0199966430664,78.91999816894531,75.0999984741211,76.41999816894531,68.70466613769531,1136500
2020-06-17,RL,RL,76.3499984741211,77.26000213623047,74.41000366210938,74.4800033569336,66.96051788330078,880700
2020-06-18,RL,RL,73.5999984741211,75.55000305175781,72.93000030517578,73.94000244140625,66.47505950927734,677700
2020-06-19,RL,RL,75.45999908447266,75.8499984741211,71.05999755859375,71.38999938964844,64.1824951171875,1396000
2020-06-22,RL,RL,71.51000213623047,73.72000122070312,70.16000366210938,73.33999633789062,65.93562316894531,1225800
2020-06-23,RL,RL,74.70999908447266,75.27999877929688,72.5,73.45999908447266,66.04351806640625,1394700
2020-06-24,RL,RL,71.87000274658203,72.44999694824219,69.91000366210938,70.6500015258789,63.51720428466797,1323200
2020-06-25,RL,RL,69.94000244140625,70.54000091552734,67.94999694824219,70.31999969482422,63.220523834228516,1358400
2020-06-26,RL,RL,70.04000091552734,70.79000091552734,67.1500015258789,67.69999694824219,60.86505126953125,1375600
2020-06-29,RL,RL,68.73999786376953,72.73999786376953,68.2300033569336,72.56999969482422,65.24337005615234,1099600
2020-06-30,RL,RL,72.05999755859375,75.91999816894531,71.55999755859375,72.5199966430664,65.19844055175781,1163400
2020-07-01,RL,RL,72.75,75.08000183105469,70.55000305175781,70.66999816894531,63.53519058227539,974800
2020-07-02,RL,RL,72.66999816894531,73.66999816894531,70.61000061035156,70.75,63.60711669921875,723400
2020-07-06,RL,RL,72.44999694824219,73.0199966430664,69.5999984741211,71.38999938964844,64.1824951171875,657800
2020-07-07,RL,RL,70.2300033569336,70.47000122070312,68.66999816894531,68.9000015258789,61.94388198852539,700200
2020-07-08,RL,RL,68.72000122070312,69.56999969482422,67.91000366210938,69.55000305175781,62.52826690673828,998300
2020-07-09,RL,RL,69.18000030517578,69.18000030517578,66.81999969482422,67.47000122070312,60.65825653076172,987300
2020-07-10,RL,RL,67.0,69.02999877929688,66.66000366210938,68.9800033569336,62.015811920166016,536800
2020-07-13,RL,RL,68.86000061035156,70.79000091552734,66.55000305175781,69.68000030517578,62.645137786865234,1115500
2020-07-14,RL,RL,69.0,70.63999938964844,67.81999969482422,69.95999908447266,62.89687728881836,588800
2020-07-15,RL,RL,72.3499984741211,74.62000274658203,71.73999786376953,74.19000244140625,66.69981384277344,1294100
2020-07-16,RL,RL,73.18000030517578,75.20999908447266,72.66000366210938,74.5999984741211,67.06840515136719,813800
2020-07-17,RL,RL,74.98999786376953,75.0,72.83000183105469,73.30999755859375,65.90866088867188,887100
2020-07-20,RL,RL,72.27999877929688,73.76000213623047,70.66999816894531,71.30000305175781,64.1015853881836,892700
2020-07-21,RL,RL,72.0,73.44000244140625,71.30999755859375,71.55999755859375,64.33534240722656,758700
2020-07-22,RL,RL,71.0,72.2300033569336,70.27999877929688,71.36000061035156,64.155517578125,696100
2020-07-23,RL,RL,70.86000061035156,73.06999969482422,70.86000061035156,71.6500015258789,64.41624450683594,604200
2020-07-24,RL,RL,72.0,73.12999725341797,71.38999938964844,71.44999694824219,64.23645782470703,652300
2020-07-27,RL,RL,71.05000305175781,71.77999877929688,69.9000015258789,71.61000061035156,64.3802719116211,719800
2020-07-28,RL,RL,71.36000061035156,72.56999969482422,71.1500015258789,71.4000015258789,64.19149780273438,540000
2020-07-29,RL,RL,71.18000030517578,72.86000061035156,71.12999725341797,72.7300033569336,65.38722229003906,615300
2020-07-30,RL,RL,71.2300033569336,71.54000091552734,69.37999725341797,71.08000183105469,63.90380096435547,765900
2020-07-31,RL,RL,70.8499984741211,71.8499984741211,69.73999786376953,71.30000305175781,64.1015853881836,1086100
2020-08-03,RL,RL,71.30000305175781,71.30000305175781,68.6500015258789,69.72000122070312,62.68110656738281,1199800
2020-08-04,RL,RL,65.43000030517578,67.25,63.900001525878906,66.68000030517578,59.948020935058594,4426200
2020-08-05,RL,RL,67.27999877929688,69.62999725341797,66.72000122070312,68.51000213623047,61.59326934814453,1693200
2020-08-06,RL,RL,68.3499984741211,68.8499984741211,64.69999694824219,64.88999938964844,58.3387336730957,2740100
2020-08-07,RL,RL,65.05000305175781,66.38999938964844,64.08000183105469,65.95999908447266,59.30070877075195,1920000
2020-08-10,RL,RL,66.69999694824219,69.41000366210938,66.5999984741211,68.68000030517578,61.74610137939453,1608900
2020-08-11,RL,RL,70.47000122070312,72.22000122070312,70.08000183105469,70.20999908447266,63.12162780761719,1581900
2020-08-12,RL,RL,71.0999984741211,71.4800033569336,67.93000030517578,69.80999755859375,62.76201248168945,1107100
2020-08-13,RL,RL,69.98999786376953,70.37000274658203,69.08999633789062,70.12999725341797,63.049705505371094,920700
2020-08-14,RL,RL,69.44000244140625,71.2699966430664,68.05000305175781,70.66000366210938,63.52617645263672,1038900
2020-08-17,RL,RL,70.54000091552734,70.95999908447266,68.52999877929688,70.9000015258789,63.74195861816406,809400
2020-08-18,RL,RL,70.69999694824219,70.69999694824219,68.41999816894531,68.5,61.584266662597656,1098400
2020-08-19,RL,RL,67.81999969482422,69.5199966430664,67.41999816894531,67.55000305175781,60.730186462402344,766900
2020-08-20,RL,RL,67.23999786376953,68.0,66.52999877929688,67.2699966430664,60.478450775146484,788000
2020-08-21,RL,RL,67.44000244140625,67.79000091552734,66.26000213623047,67.05000305175781,60.28066635131836,765100
2020-08-24,RL,RL,67.19999694824219,70.41999816894531,66.73999786376953,70.25,63.1575927734375,824700
2020-08-25,RL,RL,70.87000274658203,70.9000015258789,68.75,69.12000274658203,62.14167404174805,986700
2020-08-26,RL,RL,69.12000274658203,69.3499984741211,67.56999969482422,67.6500015258789,60.820098876953125,1167600
2020-08-27,RL,RL,68.0999984741211,69.75,67.69999694824219,68.23999786376953,61.35050582885742,1060800
2020-08-28,RL,RL,68.62999725341797,71.27999877929688,68.3499984741211,71.19000244140625,64.00269317626953,968800
2020-08-31,RL,RL,70.79000091552734,70.87999725341797,68.4000015258789,68.83000183105469,61.88096237182617,1064900
2020-09-01,RL,RL,68.30999755859375,69.29000091552734,67.69000244140625,69.16999816894531,62.18661880493164,957300
2020-09-02,RL,RL,69.98999786376953,71.75,69.61000061035156,71.58999633789062,64.36231231689453,1289400
2020-09-03,RL,RL,72.36000061035156,74.62000274658203,71.93000030517578,74.1500015258789,66.66382598876953,2189400
2020-09-04,RL,RL,74.51000213623047,75.08000183105469,72.69000244140625,74.05000305175781,66.5739517211914,1511600
2020-09-08,RL,RL,73.22000122070312,76.08000183105469,72.61000061035156,75.05999755859375,67.48197174072266,1212700
2020-09-09,RL,RL,74.55000305175781,74.6500015258789,72.69000244140625,73.51000213623047,66.08846282958984,1069400
2020-09-10,RL,RL,74.08999633789062,76.5,73.77999877929688,75.51000213623047,67.88652801513672,1053300
2020-09-11,RL,RL,76.06999969482422,76.23999786376953,74.81999969482422,76.16000366210938,68.47093200683594,1007500
2020-09-14,RL,RL,76.87000274658203,80.87999725341797,76.62999725341797,80.58999633789062,72.45366668701172,1750700
2020-09-15,RL,RL,80.22000122070312,81.55000305175781,79.23999786376953,80.62000274658203,72.48064422607422,1530000
2020-09-16,RL,RL,81.5,82.83000183105469,81.23999786376953,81.2699966430664,73.06501007080078,976000
2020-09-17,RL,RL,80.37000274658203,81.38999938964844,77.91999816894531,78.76000213623047,70.80842590332031,1038500
2020-09-18,RL,RL,77.69000244140625,78.88999938964844,74.13999938964844,75.83000183105469,68.17422485351562,2481300
2020-09-21,RL,RL,73.83000183105469,74.0199966430664,70.91999816894531,71.16999816894531,63.984710693359375,1727200
2020-09-22,RL,RL,72.0,75.13999938964844,70.76000213623047,75.04000091552734,67.46400451660156,2107600
2020-09-23,RL,RL,76.41000366210938,77.12000274658203,71.80000305175781,72.01000213623047,64.73992919921875,1159900
2020-09-24,RL,RL,71.91000366210938,72.41999816894531,69.5,71.66000366210938,64.42524719238281,1532100
2020-09-25,RL,RL,71.62000274658203,72.0,70.5199966430664,71.06999969482422,63.894805908203125,1168700
2020-09-28,RL,RL,72.58999633789062,72.72000122070312,70.29000091552734,70.44000244140625,63.32841491699219,1271500
2020-09-29,RL,RL,70.05999755859375,70.05999755859375,67.30000305175781,67.33999633789062,60.5413818359375,1249700
2020-09-30,RL,RL,67.6500015258789,68.72000122070312,67.11000061035156,67.97000122070312,61.10779571533203,1787100
2020-10-01,RL,RL,68.75,69.81999969482422,67.76000213623047,69.12000274658203,62.14167404174805,1272200
2020-10-02,RL,RL,67.0,70.16999816894531,66.8499984741211,69.93000030517578,62.8698844909668,1570300
2020-10-05,RL,RL,70.87999725341797,72.58000183105469,70.8499984741211,71.80000305175781,64.55111694335938,1195800
2020-10-06,RL,RL,72.86000061035156,72.97000122070312,69.12000274658203,69.27999877929688,62.28553009033203,1302700
2020-10-07,RL,RL,70.0,72.19000244140625,70.0,71.77999877929688,64.5331039428711,1423800
2020-10-08,RL,RL,72.52999877929688,74.37999725341797,72.0,74.33000183105469,66.82569122314453,1321900
2020-10-09,RL,RL,75.0,75.18000030517578,71.54000091552734,73.88999938964844,66.43010711669922,1433500
2020-10-12,RL,RL,72.95999908447266,75.22000122070312,72.62000274658203,73.63999938964844,66.20533752441406,992600
2020-10-13,RL,RL,73.20999908447266,74.0999984741211,71.31999969482422,72.25,64.95568084716797,948100
2020-10-14,RL,RL,72.26000213623047,73.87999725341797,72.05999755859375,72.97000122070312,65.60298919677734,1135200
2020-10-15,RL,RL,71.8499984741211,75.76000213623047,71.12999725341797,75.75,68.1023178100586,1179300
2020-10-16,RL,RL,76.0,76.19000244140625,74.7300033569336,74.79000091552734,67.23922729492188,919600
2020-10-19,RL,RL,74.98999786376953,75.98999786376953,74.08999633789062,74.36000061035156,66.85266876220703,758700
2020-10-20,RL,RL,75.19999694824219,76.0999984741211,73.37000274658203,73.51000213623047,66.08846282958984,792600
2020-10-21,RL,RL,73.23999786376953,75.19999694824219,72.6500015258789,75.01000213623047,67.43701934814453,755900
2020-10-22,RL,RL,75.43000030517578,77.4800033569336,75.06999969482422,77.11000061035156,69.32500457763672,1070900
2020-10-23,RL,RL,77.26000213623047,78.01000213623047,76.66000366210938,77.38999938964844,69.57675170898438,1492700
2020-10-26,RL,RL,76.62999725341797,77.47000122070312,75.05999755859375,76.80000305175781,69.04629516601562,1216000
2020-10-27,RL,RL,76.04000091552734,77.33999633789062,74.08999633789062,74.47000122070312,66.95153045654297,1185700
2020-10-28,RL,RL,72.94999694824219,75.0999984741211,72.16000366210938,74.30000305175781,66.79872131347656,1929100
2020-10-29,RL,RL,73.9800033569336,73.9800033569336,67.5,70.58000183105469,63.45426940917969,3743200
2020-10-30,RL,RL,70.18000030517578,70.33999633789062,65.19999694824219,66.8499984741211,60.10084915161133,2946800
2020-11-02,RL,RL,67.43000030517578,69.33999633789062,66.69999694824219,67.43000030517578,60.62229537963867,1581500
2020-11-03,RL,RL,68.25,70.25,67.9800033569336,69.12000274658203,62.14167404174805,1274300
2020-11-04,RL,RL,70.43000030517578,71.43000030517578,67.83000183105469,68.70999908447266,61.773067474365234,1260900
2020-11-05,RL,RL,68.93000030517578,70.23999786376953,68.3499984741211,69.93000030517578,62.8698844909668,897600
2020-11-06,RL,RL,69.69000244140625,70.9000015258789,67.41000366210938,68.2300033569336,61.34152603149414,1309900
2020-11-09,RL,RL,77.05000305175781,83.38999938964844,75.5,81.73999786376953,73.48755645751953,3794600
2020-11-10,RL,RL,81.01000213623047,83.45999908447266,80.62000274658203,81.3499984741211,73.13691711425781,1922000
2020-11-11,RL,RL,80.95999908447266,81.26000213623047,75.54000091552734,76.20999908447266,68.51587677001953,1589000
2020-11-12,RL,RL,75.2300033569336,76.19999694824219,73.12999725341797,74.2699966430664,66.771728515625,1356700
2020-11-13,RL,RL,74.86000061035156,77.80999755859375,74.6500015258789,77.61000061035156,69.7745361328125,1779900
2020-11-16,RL,RL,81.0,81.0,77.48999786376953,79.33999633789062,71.32987213134766,1932200
2020-11-17,RL,RL,78.47000122070312,84.37000274658203,78.1500015258789,84.0999984741211,75.60930633544922,2184000
2020-11-18,RL,RL,84.30999755859375,85.12000274658203,81.73999786376953,81.73999786376953,73.48755645751953,1414900
2020-11-19,RL,RL,81.01000213623047,82.30999755859375,79.9000015258789,80.58999633789062,72.45366668701172,1238200
2020-11-20,RL,RL,80.41000366210938,80.6500015258789,78.0,78.22000122070312,70.32295227050781,1288400
2020-11-23,RL,RL,79.12999725341797,83.58999633789062,78.44000244140625,83.33999633789062,74.92601013183594,1947200
2020-11-24,RL,RL,86.0,89.94000244140625,85.54000091552734,89.02999877929688,80.04157257080078,2256400
2020-11-25,RL,RL,87.81999969482422,88.56999969482422,85.20999908447266,88.02999877929688,79.14252471923828,1347300
2020-11-27,RL,RL,88.12000274658203,88.4800033569336,86.45999908447266,87.9800033569336,79.09757995605469,932500
2020-11-30,RL,RL,87.2300033569336,87.76000213623047,85.13999938964844,85.75,77.09270477294922,5634300
2020-12-01,RL,RL,87.7699966430664,89.69000244140625,87.16999816894531,88.62000274658203,79.6729507446289,1826300
2020-12-02,RL,RL,87.37999725341797,88.97000122070312,85.80999755859375,88.91999816894531,79.94268035888672,1526700
2020-12-03,RL,RL,89.06999969482422,98.27999877929688,89.06999969482422,96.66000366210938,86.90123748779297,3244600
2020-12-04,RL,RL,97.87000274658203,98.0,95.18000030517578,96.20999908447266,86.49666595458984,1573800
2020-12-07,RL,RL,95.55000305175781,95.98999786376953,93.80000305175781,95.48999786376953,85.849365234375,1310800
2020-12-08,RL,RL,94.88999938964844,97.69999694824219,94.44000244140625,97.1500015258789,87.34176635742188,1031600
2020-12-09,RL,RL,98.5199966430664,101.94999694824219,97.9800033569336,100.83000183105469,90.6502456665039,1855500
2020-12-10,RL,RL,103.6500015258789,105.6500015258789,101.63999938964844,103.8499984741211,93.36534118652344,2084800
2020-12-11,RL,RL,105.91000366210938,105.91000366210938,100.7300033569336,101.33999633789062,91.10875701904297,1860200
2020-12-14,RL,RL,103.29000091552734,104.76000213623047,98.73999786376953,98.9000015258789,88.91510009765625,1392400
2020-12-15,RL,RL,99.87999725341797,100.75,97.72000122070312,100.52999877929688,90.38053131103516,1155500
2020-12-16,RL,RL,100.94999694824219,102.05000305175781,99.19000244140625,99.5,89.45453643798828,1066800
2020-12-17,RL,RL,100.4800033569336,102.26000213623047,98.98999786376953,100.98999786376953,90.79410552978516,948900
2020-12-18,RL,RL,101.0,102.5199966430664,99.80000305175781,101.20999908447266,90.99188232421875,1636200
2020-12-21,RL,RL,98.83000183105469,101.94000244140625,98.33000183105469,101.33000183105469,91.09976959228516,924700
2020-12-22,RL,RL,101.8499984741211,102.0,98.6500015258789,98.83999633789062,88.86113739013672,759300
2020-12-23,RL,RL,99.61000061035156,102.36000061035156,99.44000244140625,101.95999908447266,91.6661605834961,491600
2020-12-24,RL,RL,103.16000366210938,103.5,100.5,100.91999816894531,90.73115539550781,336400
2020-12-28,RL,RL,101.5,104.2300033569336,101.33999633789062,103.44000244140625,92.99674987792969,824900
2020-12-29,RL,RL,103.62999725341797,104.05999755859375,100.83000183105469,101.55999755859375,91.30654907226562,672600
2020-12-30,RL,RL,102.37999725341797,104.98999786376953,101.97000122070312,103.94000244140625,93.44625091552734,757100
2020-12-31,RL,RL,103.16000366210938,104.69999694824219,102.3499984741211,103.73999786376953,93.2664566040039,511400
2021-01-04,RL,RL,103.87999725341797,103.95999908447266,99.33000183105469,101.33000183105469,91.09976959228516,1067800
2021-01-05,RL,RL,101.01000213623047,105.13999938964844,100.75,104.0,93.50020599365234,891000
2021-01-06,RL,RL,104.62999725341797,110.62999725341797,104.23999786376953,109.44000244140625,98.3909912109375,1551800
2021-01-07,RL,RL,111.0,113.2699966430664,110.08000183105469,112.18000030517578,100.8543472290039,1438900
2021-01-08,RL,RL,112.30000305175781,112.83000183105469,107.83000183105469,109.4800033569336,98.42695617675781,1283100
2021-01-11,RL,RL,110.0199966430664,111.19000244140625,108.44000244140625,110.58999633789062,99.42487335205078,1136300
2021-01-12,RL,RL,111.0199966430664,117.0,110.58000183105469,114.51000213623047,102.94912719726562,1096300
2021-01-13,RL,RL,114.04000091552734,116.33999633789062,111.63999938964844,112.94000244140625,101.53762817382812,1351900
2021-01-14,RL,RL,113.58999633789062,115.1500015258789,110.83999633789062,111.47000122070312,100.216064453125,1063700
2021-01-15,RL,RL,111.30000305175781,112.44999694824219,109.66000366210938,110.06999969482422,98.95738983154297,965600
2021-01-19,RL,RL,109.5199966430664,110.7300033569336,106.1500015258789,107.25,96.4220962524414,986600
2021-01-20,RL,RL,107.6500015258789,109.33999633789062,106.36000061035156,106.58999633789062,95.8287124633789,822800
2021-01-21,RL,RL,106.5,108.48999786376953,105.30000305175781,107.88999938964844,96.99747467041016,1051400
2021-01-22,RL,RL,106.91000366210938,112.88999938964844,105.45999908447266,108.47000122070312,97.51892852783203,1753000
2021-01-25,RL,RL,107.55000305175781,110.2699966430664,105.7699966430664,109.48999786376953,98.43595886230469,1041800
2021-01-26,RL,RL,110.30999755859375,110.55999755859375,106.1500015258789,107.06999969482422,96.26026916503906,1023800
2021-01-27,RL,RL,105.44999694824219,106.13999938964844,100.20999908447266,100.80999755859375,90.63227081298828,1425500
2021-01-28,RL,RL,102.0,105.38999938964844,101.08000183105469,103.54000091552734,93.08662414550781,1175300
2021-01-29,RL,RL,103.5,103.87999725341797,99.91999816894531,101.05000305175781,90.8480453491211,1042700
2021-02-01,RL,RL,104.16000366210938,104.2300033569336,100.54000091552734,102.4800033569336,92.13368225097656,1182800
2021-02-02,RL,RL,104.0,105.0,101.72000122070312,103.43000030517578,92.98774719238281,874600
2021-02-03,RL,RL,103.66000366210938,106.58999633789062,103.66000366210938,105.19000244140625,94.57007598876953,1420400
2021-02-04,RL,RL,103.41999816894531,109.33999633789062,100.33999633789062,107.83000183105469,96.94351959228516,2671200
2021-02-05,RL,RL,108.19999694824219,109.45999908447266,105.0999984741211,108.5,97.54589080810547,1405100
2021-02-08,RL,RL,109.16000366210938,111.41999816894531,108.58000183105469,110.20999908447266,99.083251953125,1091400
2021-02-09,RL,RL,109.37999725341797,111.11000061035156,109.06999969482422,110.36000061035156,99.21810913085938,818500
2021-02-10,RL,RL,111.43000030517578,113.19000244140625,109.7699966430664,112.16000366210938,100.83638000488281,744600
2021-02-11,RL,RL,112.6500015258789,116.45999908447266,111.7300033569336,113.44000244140625,101.98714447021484,890500
2021-02-12,RL,RL,112.0999984741211,112.6500015258789,110.13999938964844,110.69999694824219,99.52375793457031,817000
2021-02-16,RL,RL,111.33000183105469,112.30000305175781,110.05000305175781,111.7699966430664,100.48574829101562,751700
2021-02-17,RL,RL,111.80999755859375,112.05999755859375,109.7699966430664,111.41000366210938,100.16209411621094,602800
2021-02-18,RL,RL,110.87000274658203,111.4000015258789,108.58999633789062,110.98999786376953,99.78448486328125,607300
2021-02-19,RL,RL,111.04000091552734,114.06999969482422,109.30999755859375,113.45999908447266,102.00513458251953,855100
2021-02-22,RL,RL,112.69999694824219,118.25,112.4800033569336,117.37999725341797,105.52934265136719,1037600
2021-02-23,RL,RL,117.29000091552734,118.04000091552734,114.45999908447266,117.12999725341797,105.30461883544922,736600
2021-02-24,RL,RL,117.0,120.22000122070312,116.05999755859375,119.87999725341797,107.77696228027344,616300
2021-02-25,RL,RL,120.52999877929688,122.19999694824219,117.58000183105469,117.58000183105469,105.70916748046875,971500
2021-02-26,RL,RL,117.5,119.05999755859375,114.30000305175781,117.08000183105469,105.25965881347656,947500
2021-03-01,RL,RL,119.02999877929688,123.2300033569336,118.70999908447266,120.33999633789062,108.1905288696289,1066100
2021-03-02,RL,RL,120.52999877929688,122.69000244140625,119.54000091552734,121.63999938964844,109.35929870605469,1260000
2021-03-03,RL,RL,121.87000274658203,125.6500015258789,121.54000091552734,122.30000305175781,109.95264434814453,1459400
2021-03-04,RL,RL,121.9800033569336,125.33000183105469,117.41000366210938,120.97000122070312,108.75691986083984,1653300
2021-03-05,RL,RL,122.43000030517578,125.30999755859375,116.16999816894531,122.19999694824219,109.86274719238281,1473800
2021-03-08,RL,RL,124.0199966430664,128.39999389648438,123.05999755859375,126.55000305175781,113.77356719970703,1221400
2021-03-09,RL,RL,126.69999694824219,129.75,124.68000030517578,124.94999694824219,112.3351058959961,1209400
2021-03-10,RL,RL,125.0199966430664,127.08000183105469,121.81999969482422,122.61000061035156,110.23135375976562,1341000
2021-03-11,RL,RL,122.88999938964844,123.80000305175781,119.98999786376953,121.75,109.45818328857422,1097300
2021-03-12,RL,RL,123.38999938964844,125.9000015258789,122.04000091552734,123.9800033569336,111.4630355834961,1582400
2021-03-15,RL,RL,123.80000305175781,125.3499984741211,122.37000274658203,124.0,111.48102569580078,1413900
2021-03-16,RL,RL,124.0,124.76000213623047,118.69000244140625,121.76000213623047,109.4671859741211,1070600
2021-03-17,RL,RL,122.11000061035156,122.77999877929688,118.30000305175781,121.06999969482422,108.8468246459961,915100
2021-03-18,RL,RL,121.06999969482422,125.8499984741211,120.69999694824219,122.4800033569336,110.11446380615234,961700
2021-03-19,RL,RL,121.4000015258789,124.02999877929688,120.62999725341797,121.75,109.45818328857422,1638600
2021-03-22,RL,RL,122.0,122.9000015258789,120.05000305175781,121.5199966430664,109.25138854980469,869600
2021-03-23,RL,RL,120.73999786376953,121.33000183105469,112.44000244140625,113.55999755859375,102.09502410888672,1584000
2021-03-24,RL,RL,115.0199966430664,118.33000183105469,113.88999938964844,113.95999908447266,102.45464324951172,1270000
2021-03-25,RL,RL,112.41999816894531,119.19999694824219,110.83000183105469,118.30000305175781,106.35649871826172,1255300
2021-03-26,RL,RL,120.16999816894531,122.25,118.19000244140625,122.16000366210938,109.82678985595703,736100
2021-03-29,RL,RL,121.20999908447266,123.2300033569336,116.56999969482422,117.98999786376953,106.07777404785156,653100
2021-03-30,RL,RL,118.77999877929688,120.45999908447266,117.05000305175781,120.23999786376953,108.10062408447266,496300
2021-03-31,RL,RL,120.72000122070312,124.93000030517578,120.30000305175781,123.16000366210938,110.725830078125,1020600
2021-04-01,RL,RL,123.44999694824219,123.91000366210938,118.83000183105469,119.94000244140625,107.8309326171875,1034000
2021-04-05,RL,RL,121.37999725341797,123.55999755859375,119.19999694824219,123.30999755859375,110.86067199707031,583600
2021-04-06,RL,RL,123.70999908447266,125.72000122070312,122.52999877929688,123.69999694824219,111.21131134033203,954100
2021-04-07,RL,RL,124.66000366210938,125.69999694824219,122.91999816894531,123.63999938964844,111.15737915039062,663300
2021-04-08,RL,RL,122.73999786376953,124.3499984741211,121.37000274658203,123.58000183105469,111.1034164428711,637900
2021-04-09,RL,RL,124.73999786376953,127.75,124.01000213623047,127.54000091552734,114.66361236572266,815200
2021-04-12,RL,RL,127.0,129.1199951171875,126.83000183105469,127.76000213623047,114.86139678955078,715100
2021-04-13,RL,RL,126.6500015258789,126.9800033569336,122.88999938964844,124.5199966430664,111.94851684570312,822500
2021-04-14,RL,RL,124.41999816894531,127.58999633789062,124.41999816894531,125.79000091552734,113.09027099609375,587800
2021-04-15,RL,RL,127.0,127.48999786376953,125.37999725341797,125.9800033569336,113.26112365722656,461800
2021-04-16,RL,RL,126.91999816894531,127.19999694824219,123.0,124.55999755859375,111.98448181152344,881700
2021-04-19,RL,RL,123.86000061035156,124.5999984741211,121.45999908447266,122.18000030517578,109.84475708007812,1175000
2021-04-20,RL,RL,121.43000030517578,122.06999969482422,117.56999969482422,119.44000244140625,107.38140869140625,1297300
2021-04-21,RL,RL,119.0,123.16999816894531,118.4000015258789,122.62999725341797,110.24931335449219,733100
2021-04-22,RL,RL,123.0199966430664,125.08999633789062,122.98999786376953,123.43000030517578,110.96856689453125,858600
2021-04-23,RL,RL,124.87000274658203,125.72000122070312,123.52999877929688,125.4800033569336,112.81159210205078,731400
2021-04-26,RL,RL,126.30999755859375,128.25999450683594,125.48999786376953,125.83000183105469,113.12625122070312,1167100
2021-04-27,RL,RL,126.37999725341797,129.13999938964844,125.58000183105469,128.85000610351562,115.84138488769531,882200
2021-04-28,RL,RL,134.47999572753906,135.25,131.32000732421875,132.2899932861328,118.93404388427734,1425000
2021-04-29,RL,RL,133.2899932861328,135.0500030517578,130.3800048828125,133.41000366210938,119.94097900390625,744500
2021-04-30,RL,RL,133.3000030517578,133.99000549316406,131.74000549316406,133.2899932861328,119.83306884765625,603800
2021-05-03,RL,RL,134.30999755859375,137.0,133.91000366210938,136.30999755859375,122.5481948852539,1114700
2021-05-04,RL,RL,136.14999389648438,137.1199951171875,134.22000122070312,135.41000366210938,121.73908233642578,635900
2021-05-05,RL,RL,136.1999969482422,137.19000244140625,134.00999450683594,134.9499969482422,121.32550811767578,1037300
2021-05-06,RL,RL,135.38999938964844,136.17999267578125,132.83999633789062,134.0,120.471435546875,870800
2021-05-07,RL,RL,133.91000366210938,139.85000610351562,133.30999755859375,139.63999938964844,125.54200744628906,1201100
2021-05-10,RL,RL,139.8000030517578,142.05999755859375,137.57000732421875,137.57000732421875,123.6810073852539,1132500
2021-05-11,RL,RL,136.9199981689453,136.9199981689453,131.89999389648438,134.0500030517578,120.51638793945312,807200
2021-05-12,RL,RL,133.42999267578125,135.75999450683594,127.5999984741211,128.0399932861328,115.11312866210938,798900
2021-05-13,RL,RL,128.83999633789062,133.8699951171875,128.83999633789062,131.5399932861328,118.25975036621094,773800
2021-05-14,RL,RL,132.16000366210938,136.77999877929688,131.9499969482422,136.47999572753906,122.70101165771484,566200
2021-05-17,RL,RL,135.69000244140625,138.35000610351562,134.72000122070312,138.1199951171875,124.17547607421875,737300
2021-05-18,RL,RL,139.1999969482422,140.24000549316406,136.41000366210938,136.6999969482422,122.89884948730469,1079200
2021-05-19,RL,RL,134.47000122070312,134.72999572753906,129.94000244140625,131.0500030517578,117.81924438476562,1619100
2021-05-20,RL,RL,126.11000061035156,126.72000122070312,118.29000091552734,121.87000274658203,109.5660629272461,4655000
2021-05-21,RL,RL,121.16000366210938,122.1500015258789,119.2300033569336,121.08999633789062,108.86479949951172,1496300
2021-05-24,RL,RL,120.94999694824219,121.80000305175781,119.19000244140625,119.61000061035156,107.53424835205078,1171700
2021-05-25,RL,RL,119.76000213623047,122.54000091552734,119.76000213623047,121.55000305175781,109.27837371826172,1043100
2021-05-26,RL,RL,122.0,124.43000030517578,122.0,124.04000091552734,111.5169906616211,948500
2021-05-27,RL,RL,124.77999877929688,126.68000030517578,123.18000030517578,125.63999938964844,112.95542907714844,1364200
2021-05-28,RL,RL,126.44999694824219,126.5,123.38999938964844,124.08000183105469,111.55293273925781,662100
2021-06-01,RL,RL,125.18000030517578,126.43000030517578,123.44999694824219,124.91999816894531,112.30814361572266,911000
2021-06-02,RL,RL,125.47000122070312,125.47000122070312,121.12999725341797,122.91999816894531,110.51004791259766,1101600
2021-06-03,RL,RL,122.04000091552734,122.33000183105469,119.94999694824219,121.13999938964844,108.9097671508789,876600
2021-06-04,RL,RL,121.37999725341797,121.58000183105469,118.1500015258789,120.7699966430664,108.57711029052734,706400
2021-06-07,RL,RL,121.69000244140625,121.88999938964844,119.94999694824219,120.94999694824219,108.73893737792969,723300
2021-06-08,RL,RL,120.43000030517578,122.9000015258789,119.52999877929688,122.45999908447266,110.09649658203125,525300
2021-06-09,RL,RL,122.4000015258789,122.56999969482422,120.95999908447266,121.44000244140625,109.17947387695312,501600
2021-06-10,RL,RL,122.19999694824219,123.16999816894531,118.87000274658203,119.66000366210938,107.5792007446289,684400
2021-06-11,RL,RL,120.58000183105469,122.9000015258789,119.52999877929688,122.7300033569336,110.33922576904297,618900
2021-06-14,RL,RL,122.5,123.2300033569336,119.69000244140625,120.37999725341797,108.22648620605469,645100
2021-06-15,RL,RL,120.7699966430664,121.68000030517578,118.80000305175781,121.30999755859375,109.0625991821289,577800
2021-06-16,RL,RL,120.75,122.3499984741211,118.22000122070312,121.47000122070312,109.2064437866211,628200
2021-06-17,RL,RL,121.1500015258789,121.75,115.29000091552734,117.05000305175781,105.23267364501953,1228800
2021-06-18,RL,RL,114.38999938964844,116.0199966430664,112.9000015258789,113.4800033569336,102.02312469482422,1475900
2021-06-21,RL,RL,114.97000122070312,116.54000091552734,114.41999816894531,115.43000030517578,103.77622985839844,1215600
2021-06-22,RL,RL,114.70999908447266,117.91999816894531,113.36000061035156,117.3499984741211,105.50238800048828,1223200
2021-06-23,RL,RL,117.33000183105469,120.5,117.33000183105469,119.66999816894531,107.58818054199219,741600
2021-06-24,RL,RL,119.83000183105469,121.19000244140625,117.7300033569336,120.38999938964844,108.8613510131836,809700
2021-06-25,RL,RL,121.55999755859375,122.98999786376953,120.8499984741211,121.18000030517578,109.57568359375,784500
2021-06-28,RL,RL,120.55999755859375,120.63999938964844,116.81999969482422,117.19999694824219,105.97681427001953,1136000
2021-06-29,RL,RL,118.0,119.12999725341797,116.52999877929688,116.91000366210938,105.71458435058594,627600
2021-06-30,RL,RL,116.5,118.27999877929688,115.91000366210938,117.80999755859375,106.5284194946289,661200
2021-07-01,RL,RL,118.5999984741211,119.62000274658203,117.23999786376953,118.02999877929688,106.72734832763672,618700
2021-07-02,RL,RL,118.08999633789062,118.38999938964844,117.0,117.79000091552734,106.51031494140625,362100
2021-07-06,RL,RL,117.79000091552734,117.79000091552734,113.72000122070312,115.18000030517578,104.1502456665039,823600
2021-07-07,RL,RL,114.4800033569336,115.66999816894531,111.3499984741211,113.47000122070312,102.60399627685547,913000
2021-07-08,RL,RL,111.12999725341797,113.63999938964844,108.20999908447266,113.56999969482422,102.69444274902344,1131100
2021-07-09,RL,RL,115.44000244140625,117.58999633789062,114.52999877929688,116.4000015258789,105.25341796875,667400
2021-07-12,RL,RL,114.76000213623047,116.91000366210938,114.37000274658203,115.69999694824219,104.62046813964844,541000
2021-07-13,RL,RL,114.87999725341797,115.79000091552734,113.22000122070312,114.66999816894531,103.68909454345703,955200
2021-07-14,RL,RL,116.04000091552734,116.9000015258789,113.54000091552734,113.69000244140625,102.80294799804688,773600
2021-07-15,RL,RL,112.41999816894531,112.81999969482422,110.04000091552734,111.56999969482422,100.88594055175781,1345400
2021-07-16,RL,RL,112.05999755859375,112.05999755859375,107.9800033569336,108.68000030517578,98.27271270751953,1141300
2021-07-19,RL,RL,105.20999908447266,106.25,102.95999908447266,103.79000091552734,93.85098266601562,1408100
2021-07-20,RL,RL,104.29000091552734,109.94999694824219,103.55000305175781,109.04000091552734,98.59823608398438,1047700
2021-07-21,RL,RL,110.6500015258789,113.37000274658203,110.25,110.63999938964844,100.04501342773438,843400
2021-07-22,RL,RL,110.12999725341797,110.6500015258789,108.58000183105469,109.9000015258789,99.37588500976562,662900
2021-07-23,RL,RL,111.01000213623047,111.75,109.41999816894531,109.98999786376953,99.45726013183594,495100
2021-07-26,RL,RL,110.43000030517578,112.06999969482422,109.83000183105469,111.44999694824219,100.7774429321289,440000
2021-07-27,RL,RL,111.0,111.27999877929688,109.30000305175781,110.13999938964844,99.59288024902344,617400
2021-07-28,RL,RL,111.41999816894531,112.77999877929688,108.5999984741211,110.41999816894531,99.84608459472656,700000
2021-07-29,RL,RL,111.77999877929688,113.27999877929688,110.05999755859375,110.16000366210938,99.6109848022461,1230800
2021-07-30,RL,RL,109.93000030517578,117.48999786376953,109.93000030517578,113.5199966430664,102.64922332763672,1769400
2021-08-02,RL,RL,114.58999633789062,119.80999755859375,114.58999633789062,117.98999786376953,106.691162109375,2129300
2021-08-03,RL,RL,129.2100067138672,129.44000244140625,124.05999755859375,125.22000122070312,113.22881317138672,2774500
2021-08-04,RL,RL,125.72000122070312,126.66000366210938,122.37999725341797,123.18000030517578,111.38416290283203,1331600
2021-08-05,RL,RL,123.18000030517578,124.72000122070312,121.73999786376953,124.52999877929688,112.60490417480469,996400
2021-08-06,RL,RL,125.0,126.69000244140625,122.80999755859375,123.13999938964844,111.3479995727539,639500
2021-08-09,RL,RL,122.66000366210938,122.75,120.4800033569336,120.7300033569336,109.16876983642578,973600
2021-08-10,RL,RL,120.69000244140625,124.30000305175781,120.44999694824219,120.98999786376953,109.40388488769531,958600
2021-08-11,RL,RL,121.0,123.56999969482422,120.2699966430664,122.7699966430664,111.013427734375,608600
2021-08-12,RL,RL,122.80999755859375,124.48999786376953,122.06999969482422,124.20999908447266,112.31553649902344,739400
2021-08-13,RL,RL,123.86000061035156,124.72000122070312,122.75,124.44999694824219,112.53253936767578,552100
2021-08-16,RL,RL,123.12999725341797,124.0199966430664,121.86000061035156,122.5,110.76927947998047,643200
2021-08-17,RL,RL,120.79000091552734,121.29000091552734,117.88999938964844,119.20999908447266,107.79434204101562,936900
2021-08-18,RL,RL,118.13999938964844,120.05999755859375,116.2300033569336,116.29000091552734,105.1539535522461,963900
2021-08-19,RL,RL,114.56999969482422,116.52999877929688,113.9800033569336,114.86000061035156,103.86090087890625,1010400
2021-08-20,RL,RL,115.91000366210938,117.02999877929688,114.23999786376953,116.2699966430664,105.13587188720703,923800
2021-08-23,RL,RL,117.44999694824219,119.1500015258789,117.04000091552734,118.26000213623047,106.93531036376953,886800
2021-08-24,RL,RL,118.4000015258789,121.44999694824219,118.4000015258789,120.5,108.96080017089844,810700
2021-08-25,RL,RL,120.33999633789062,120.58999633789062,118.30999755859375,120.0199966430664,108.52677154541016,463200
2021-08-26,RL,RL,119.1500015258789,119.81999969482422,115.93000030517578,116.30000305175781,105.16299438476562,637200
2021-08-27,RL,RL,116.58999633789062,119.5,116.04000091552734,118.30999755859375,106.98052215576172,403900
2021-08-30,RL,RL,119.27999877929688,119.80000305175781,116.62999725341797,117.02999877929688,105.82308197021484,923300
2021-08-31,RL,RL,116.5199966430664,118.0,115.5,116.12999725341797,105.00929260253906,745300
2021-09-01,RL,RL,118.86000061035156,120.98999786376953,117.97000122070312,118.94000244140625,107.5501937866211,1244500
2021-09-02,RL,RL,118.66999816894531,119.4800033569336,117.25,117.48999786376953,106.23904418945312,574600
2021-09-03,RL,RL,117.23999786376953,117.54000091552734,113.88999938964844,114.83000183105469,103.83377075195312,666000
2021-09-07,RL,RL,114.87999725341797,115.06999969482422,112.5,112.9000015258789,102.08858489990234,726600
2021-09-08,RL,RL,112.47000122070312,112.52999877929688,109.37999725341797,110.70999908447266,100.1082992553711,672700
2021-09-09,RL,RL,111.3499984741211,114.62000274658203,110.86000061035156,113.76000213623047,102.86624145507812,837400
2021-09-10,RL,RL,115.0,115.37000274658203,112.52999877929688,112.62999725341797,101.84443664550781,741600
2021-09-13,RL,RL,112.81999969482422,114.13999938964844,111.7300033569336,113.69999694824219,102.81199645996094,509100
2021-09-14,RL,RL,114.22000122070312,114.2300033569336,110.87000274658203,111.72000122070312,101.02159881591797,509800
2021-09-15,RL,RL,111.27999877929688,112.2699966430664,110.04000091552734,112.12999725341797,101.39231872558594,492000
2021-09-16,RL,RL,112.81999969482422,114.0,112.54000091552734,112.62999725341797,101.84443664550781,502300
2021-09-17,RL,RL,112.19999694824219,114.63999938964844,111.87999725341797,113.04000091552734,102.21517181396484,938900
2021-09-20,RL,RL,110.12999725341797,111.29000091552734,109.13999938964844,111.05000305175781,100.41574096679688,823200
2021-09-21,RL,RL,112.37000274658203,113.44999694824219,109.69999694824219,110.19000244140625,99.63809967041016,522000
2021-09-22,RL,RL,111.01000213623047,114.38999938964844,111.01000213623047,113.25,102.40507507324219,675000
2021-09-23,RL,RL,113.58999633789062,116.8499984741211,113.58999633789062,115.66000366210938,105.2235336303711,570500
2021-09-24,RL,RL,113.58000183105469,117.0,112.05000305175781,116.47000122070312,105.96045684814453,599900
2021-09-27,RL,RL,117.3499984741211,120.37999725341797,117.19000244140625,117.97000122070312,107.3250961303711,769500
2021-09-28,RL,RL,117.94999694824219,120.20999908447266,117.06999969482422,119.01000213623047,108.27125549316406,891500
2021-09-29,RL,RL,120.0999984741211,120.37000274658203,116.5999984741211,116.88999938964844,106.34256744384766,834800
2021-09-30,RL,RL,115.91999816894531,116.58000183105469,110.98999786376953,111.04000091552734,101.02039337158203,1335900
2021-10-01,RL,RL,112.30000305175781,115.18000030517578,109.87999725341797,114.79000091552734,104.4320297241211,803400
2021-10-04,RL,RL,114.76000213623047,118.06999969482422,114.76000213623047,117.36000061035156,106.7701416015625,823200
2021-10-05,RL,RL,118.72000122070312,122.66999816894531,117.56999969482422,119.44999694824219,108.67153930664062,1221100
2021-10-06,RL,RL,118.30999755859375,118.9800033569336,114.0999984741211,115.2699966430664,104.86871337890625,1026100
2021-10-07,RL,RL,117.0,119.33999633789062,116.75,117.20999908447266,106.63365936279297,832700
2021-10-08,RL,RL,116.87999725341797,116.87999725341797,112.20999908447266,113.25,103.03099060058594,880400
2021-10-11,RL,RL,113.06999969482422,114.69000244140625,110.80000305175781,111.45999908447266,101.40251159667969,938400
2021-10-12,RL,RL,111.2699966430664,115.69999694824219,111.2699966430664,115.05999755859375,104.67767333984375,791100
2021-10-13,RL,RL,115.69000244140625,116.81999969482422,114.37000274658203,116.2300033569336,105.7420883178711,444800
2021-10-14,RL,RL,117.33999633789062,118.44999694824219,116.27999877929688,117.91999816894531,107.27960968017578,529600
2021-10-15,RL,RL,118.5,119.5,117.80000305175781,118.79000091552734,108.07111358642578,440300
2021-10-18,RL,RL,116.08000183105469,119.47000122070312,115.38999938964844,119.31999969482422,108.55329895019531,749100
2021-10-19,RL,RL,119.43000030517578,119.66999816894531,118.0,118.5999984741211,107.89825439453125,537400
2021-10-20,RL,RL,118.9000015258789,121.94000244140625,118.22000122070312,118.68000030517578,107.97103118896484,668900
2021-10-21,RL,RL,119.72000122070312,122.08999633789062,119.01000213623047,121.48999786376953,110.52745819091797,897500
2021-10-22,RL,RL,121.58999633789062,124.16999816894531,120.94999694824219,123.12999725341797,112.01947021484375,601600
2021-10-25,RL,RL,123.3499984741211,124.95999908447266,122.94000244140625,124.06999969482422,112.87467956542969,891200
2021-10-26,RL,RL,124.69999694824219,126.04000091552734,123.69999694824219,124.38999938964844,113.16578674316406,684800
2021-10-27,RL,RL,123.75,124.29000091552734,121.76000213623047,121.81999969482422,110.82769012451172,937500
2021-10-28,RL,RL,122.52999877929688,125.94000244140625,122.48999786376953,124.75,113.49331665039062,1011200
2021-10-29,RL,RL,124.7699966430664,127.86000061035156,124.3499984741211,127.16999816894531,115.6949462890625,1316800
2021-11-01,RL,RL,127.83000183105469,131.64999389648438,127.80000305175781,129.75,118.04212188720703,1556400
2021-11-02,RL,RL,126.88999938964844,128.22999572753906,116.76000213623047,117.12999725341797,106.56090545654297,2867100
2021-11-03,RL,RL,117.94999694824219,124.08000183105469,117.94999694824219,122.94000244140625,111.84664154052734,1874700
2021-11-04,RL,RL,124.02999877929688,127.06999969482422,123.2699966430664,124.36000061035156,113.13850402832031,1088600
2021-11-05,RL,RL,126.6500015258789,129.5399932861328,125.70999908447266,127.54000091552734,116.03154754638672,938400
2021-11-08,RL,RL,127.0,130.22000122070312,126.76000213623047,128.9600067138672,117.32341766357422,1137500
2021-11-09,RL,RL,128.85000610351562,130.08999633789062,127.11000061035156,129.1199951171875,117.4689712524414,911500
2021-11-10,RL,RL,127.48999786376953,131.0399932861328,125.22000122070312,126.2699966430664,114.87615203857422,671900
2021-11-11,RL,RL,126.62999725341797,128.5,124.77999877929688,125.16000366210938,113.86632537841797,610500
2021-11-12,RL,RL,125.52999877929688,125.93000030517578,123.94999694824219,124.91000366210938,113.63887786865234,598900
2021-11-15,RL,RL,125.55000305175781,126.11000061035156,124.2699966430664,125.02999877929688,113.74803924560547,601100
2021-11-16,RL,RL,125.37999725341797,127.69000244140625,124.5,127.61000061035156,116.0952377319336,823400
2021-11-17,RL,RL,127.87999725341797,128.5,124.62000274658203,125.69999694824219,114.35757446289062,641400
2021-11-18,RL,RL,127.29000091552734,127.29000091552734,124.4000015258789,125.86000061035156,114.50315856933594,554600
2021-11-19,RL,RL,124.81999969482422,125.30999755859375,121.1500015258789,121.80999755859375,110.81858825683594,1178300
2021-11-22,RL,RL,122.27999877929688,125.81999969482422,121.16000366210938,124.69000244140625,113.43872833251953,513400
2021-11-23,RL,RL,124.69000244140625,126.88999938964844,122.98999786376953,124.3499984741211,113.12940216064453,678500
2021-11-24,RL,RL,121.9000015258789,122.38999938964844,118.80000305175781,121.55000305175781,110.58206176757812,1101900
2021-11-26,RL,RL,116.81999969482422,117.55999755859375,114.01000213623047,116.43000030517578,105.92405700683594,1055600
2021-11-29,RL,RL,118.98999786376953,119.93000030517578,116.0999984741211,119.12000274658203,108.37133026123047,1198300
2021-11-30,RL,RL,117.83999633789062,118.8499984741211,114.1500015258789,116.04000091552734,105.56925201416016,1405400
2021-12-01,RL,RL,119.33999633789062,123.7300033569336,116.30000305175781,116.44999694824219,105.94225311279297,1590600
2021-12-02,RL,RL,117.41000366210938,119.5999984741211,116.0,119.13999938964844,108.38951873779297,1024200
2021-12-03,RL,RL,120.12999725341797,120.8499984741211,114.56999969482422,116.16999816894531,105.68750762939453,852100
2021-12-06,RL,RL,118.11000061035156,124.80000305175781,117.94999694824219,122.55999755859375,111.50091552734375,953900
2021-12-07,RL,RL,124.01000213623047,127.79000091552734,123.88999938964844,124.5199966430664,113.28406524658203,1124700
2021-12-08,RL,RL,124.52999877929688,125.47000122070312,123.04000091552734,124.16999816894531,112.96564483642578,477200
2021-12-09,RL,RL,123.26000213623047,125.19000244140625,122.37000274658203,122.66000366210938,111.59188842773438,481700
2021-12-10,RL,RL,123.3499984741211,123.5,120.94999694824219,122.9000015258789,111.81022644042969,477900
2021-12-13,RL,RL,123.44000244140625,123.98999786376953,118.41999816894531,120.08000183105469,109.24470520019531,527500
2021-12-14,RL,RL,111.6500015258789,118.54000091552734,111.6500015258789,116.86000061035156,106.31524658203125,1645100
2021-12-15,RL,RL,116.16000366210938,116.38999938964844,112.43000030517578,115.8499984741211,105.3963851928711,917800
2021-12-16,RL,RL,117.41999816894531,117.93000030517578,113.91000366210938,114.41999816894531,104.09541320800781,785500
2021-12-17,RL,RL,113.47000122070312,116.76000213623047,111.58000183105469,115.05000305175781,104.6685791015625,994000
2021-12-20,RL,RL,113.13999938964844,113.13999938964844,106.9800033569336,108.9000015258789,99.07350158691406,911400
2021-12-21,RL,RL,109.98999786376953,112.19000244140625,109.97000122070312,111.97000122070312,101.86648559570312,683300
2021-12-22,RL,RL,111.27999877929688,113.02999877929688,111.19000244140625,111.5999984741211,102.15758514404297,363600
2021-12-23,RL,RL,112.22000122070312,112.66999816894531,110.93000030517578,112.13999938964844,102.65190124511719,313700
2021-12-27,RL,RL,112.73999786376953,117.30000305175781,112.73999786376953,116.93000030517578,107.03662872314453,802900
2021-12-28,RL,RL,116.69999694824219,118.68000030517578,116.4800033569336,116.75,106.8718490600586,473600
2021-12-29,RL,RL,116.98999786376953,118.08999633789062,116.73999786376953,117.45999908447266,107.52179718017578,362400
2021-12-30,RL,RL,117.58000183105469,119.2300033569336,117.45999908447266,117.93000030517578,107.95201110839844,281800
2021-12-31,RL,RL,117.94999694824219,119.11000061035156,117.19000244140625,118.86000061035156,108.8033218383789,455900
2022-01-03,RL,RL,119.9000015258789,122.27999877929688,119.25,120.91999816894531,110.68903350830078,769700
2022-01-04,RL,RL,122.22000122070312,125.38999938964844,122.22000122070312,124.16999816894531,113.6640625,731200
2022-01-05,RL,RL,124.97000122070312,126.4800033569336,121.97000122070312,122.12999725341797,111.7966537475586,837300
2022-01-06,RL,RL,123.12000274658203,123.16000366210938,118.66000366210938,120.05000305175781,109.89265441894531,733300
2022-01-07,RL,RL,119.30000305175781,120.77999877929688,117.77999877929688,118.05999755859375,108.0710220336914,717600
2022-01-10,RL,RL,117.30000305175781,117.30000305175781,112.41000366210938,115.52999877929688,105.75506591796875,924300
2022-01-11,RL,RL,115.69999694824219,117.9000015258789,113.87999725341797,117.27999877929688,107.35701751708984,569600
2022-01-12,RL,RL,118.0,119.16999816894531,114.75,115.05000305175781,105.31568145751953,1252000
2022-01-13,RL,RL,116.08999633789062,118.69000244140625,115.80000305175781,117.37000274658203,107.43939208984375,707200
2022-01-14,RL,RL,115.75,116.0,113.29000091552734,114.83999633789062,105.12347412109375,524300
2022-01-18,RL,RL,113.22000122070312,113.83000183105469,112.0999984741211,112.30999755859375,102.8075180053711,612700
2022-01-19,RL,RL,113.04000091552734,115.76000213623047,112.97000122070312,113.08999633789062,103.52152252197266,728500
2022-01-20,RL,RL,112.7699966430664,114.37999725341797,109.7699966430664,109.94000244140625,100.63805389404297,655900
2022-01-21,RL,RL,109.0999984741211,111.0,107.62000274658203,108.5,99.31988525390625,692000
2022-01-24,RL,RL,105.41999816894531,110.4000015258789,103.94999694824219,110.33000183105469,100.99505615234375,1032700
2022-01-25,RL,RL,107.81999969482422,109.55000305175781,105.66000366210938,108.13999938964844,98.99034118652344,806600
2022-01-26,RL,RL,109.41999816894531,110.01000213623047,104.6500015258789,105.80000305175781,96.84831237792969,907700
2022-01-27,RL,RL,107.5199966430664,110.95999908447266,106.1500015258789,107.19000244140625,98.1207275390625,787400
2022-01-28,RL,RL,106.44000244140625,109.7699966430664,105.4000015258789,109.29000091552734,100.04303741455078,1139600
2022-01-31,RL,RL,108.12000274658203,112.0999984741211,108.12000274658203,110.83999633789062,101.46188354492188,1272000
2022-02-01,RL,RL,111.05999755859375,113.94000244140625,110.58999633789062,113.51000213623047,103.90599060058594,1158200
2022-02-02,RL,RL,114.5199966430664,116.30999755859375,111.9000015258789,113.66999816894531,104.05245971679688,1497500
2022-02-03,RL,RL,121.91999816894531,122.80000305175781,117.11000061035156,117.68000030517578,107.72315979003906,2428400
2022-02-04,RL,RL,118.72000122070312,120.2300033569336,117.2699966430664,118.62999725341797,108.59278106689453,1448000
2022-02-07,RL,RL,120.1500015258789,120.1500015258789,118.19000244140625,119.33999633789062,109.24270629882812,1246900
2022-02-08,RL,RL,119.55999755859375,125.0199966430664,119.3499984741211,124.66999816894531,114.1217269897461,1813000
2022-02-09,RL,RL,125.9000015258789,128.7100067138672,124.4000015258789,127.1500015258789,116.39192199707031,1271100
2022-02-10,RL,RL,125.38999938964844,128.1699981689453,125.01000213623047,125.58999633789062,114.96389770507812,981900
2022-02-11,RL,RL,125.5,126.70999908447266,121.55000305175781,121.73999786376953,111.43965148925781,932200
2022-02-14,RL,RL,122.2300033569336,124.6500015258789,121.9000015258789,122.54000091552734,112.17196655273438,987700
2022-02-15,RL,RL,125.2699966430664,128.97000122070312,124.80999755859375,128.75999450683594,117.86567687988281,1094600
2022-02-16,RL,RL,128.35000610351562,131.2899932861328,127.83999633789062,130.0399932861328,119.03739166259766,926700
2022-02-17,RL,RL,128.88999938964844,131.00999450683594,126.47000122070312,126.69999694824219,115.97999572753906,1418600
2022-02-18,RL,RL,127.08000183105469,129.39999389648438,125.72000122070312,126.58000183105469,115.87015533447266,923600
2022-02-22,RL,RL,126.11000061035156,135.99000549316406,125.4000015258789,129.6300048828125,118.6620864868164,4037800
2022-02-23,RL,RL,130.6999969482422,132.13999938964844,128.1999969482422,129.10000610351562,118.17694091796875,1396600
2022-02-24,RL,RL,125.16000366210938,129.3300018310547,124.81999969482422,128.92999267578125,118.02131652832031,1397200
2022-02-25,RL,RL,129.52999877929688,134.6699981689453,128.89999389648438,134.11000061035156,122.7630386352539,1097300
2022-02-28,RL,RL,131.3300018310547,132.97000122070312,129.3800048828125,132.0399932861328,120.86817932128906,1109000
2022-03-01,RL,RL,131.22999572753906,132.39999389648438,123.5199966430664,124.69999694824219,114.14922332763672,1261000
2022-03-02,RL,RL,124.86000061035156,129.8300018310547,124.51000213623047,128.47000122070312,117.60022735595703,903000
2022-03-03,RL,RL,128.61000061035156,128.8800048828125,123.26000213623047,124.56999969482422,114.03021240234375,1197100
2022-03-04,RL,RL,122.41999816894531,122.81999969482422,114.51000213623047,116.05000305175781,106.23107147216797,1562100
2022-03-07,RL,RL,114.30000305175781,114.68000030517578,101.5,101.86000061035156,93.24169158935547,2636800
2022-03-08,RL,RL,102.58999633789062,106.87000274658203,100.44000244140625,101.01000213623047,92.46360778808594,1985500
2022-03-09,RL,RL,106.47000122070312,109.47000122070312,105.4000015258789,108.63999938964844,99.44805145263672,1481900
2022-03-10,RL,RL,105.73999786376953,112.20999908447266,105.73999786376953,109.12000274658203,99.88741302490234,1288400
2022-03-11,RL,RL,110.0,110.45999908447266,107.25,107.54000091552734,98.44111633300781,835400
2022-03-14,RL,RL,108.55999755859375,110.33000183105469,106.55999755859375,107.58999633789062,98.48687744140625,1193700
2022-03-15,RL,RL,108.55999755859375,110.19999694824219,105.04000091552734,108.0199966430664,98.8804931640625,1142700
2022-03-16,RL,RL,110.94000244140625,117.5,110.0,114.0,104.35453033447266,1055100
2022-03-17,RL,RL,116.0999984741211,119.33000183105469,114.72000122070312,119.22000122070312,109.13288116455078,1184400
2022-03-18,RL,RL,117.9800033569336,121.72000122070312,116.83000183105469,121.4000015258789,111.12841796875,1298200
2022-03-21,RL,RL,121.52999877929688,122.0199966430664,117.5199966430664,118.5,108.47379302978516,707600
2022-03-22,RL,RL,120.18000030517578,120.97000122070312,115.91000366210938,117.27999877929688,107.35701751708984,716500
2022-03-23,RL,RL,116.4000015258789,117.16000366210938,115.37000274658203,116.37000274658203,106.52400970458984,518700
2022-03-24,RL,RL,117.23999786376953,117.91000366210938,116.2699966430664,117.58000183105469,107.63162231445312,532600
2022-03-25,RL,RL,118.37000274658203,118.52999877929688,116.22000122070312,117.44000244140625,107.50347900390625,508200
2022-03-28,RL,RL,116.9800033569336,119.45999908447266,114.8499984741211,119.11000061035156,109.03218841552734,1065800
2022-03-29,RL,RL,122.06999969482422,125.26000213623047,121.88999938964844,122.62999725341797,112.25434112548828,965200
2022-03-30,RL,RL,122.08999633789062,122.41000366210938,118.7699966430664,119.72000122070312,109.590576171875,754200
2022-03-31,RL,RL,117.9800033569336,118.88999938964844,113.18000030517578,113.44000244140625,104.44210815429688,883900
2022-04-01,RL,RL,114.62000274658203,114.62000274658203,110.80000305175781,112.0,103.11631774902344,706600
2022-04-04,RL,RL,111.58000183105469,115.62999725341797,110.70999908447266,115.06999969482422,105.94282531738281,740900
2022-04-05,RL,RL,111.16000366210938,113.33000183105469,110.23999786376953,110.62999725341797,101.85498046875,920400
2022-04-06,RL,RL,109.47000122070312,109.52999877929688,104.72000122070312,105.91000366210938,97.50936889648438,960500
2022-04-07,RL,RL,105.93000030517578,106.31999969482422,101.05000305175781,104.80999755859375,96.49662780761719,1312100
2022-04-08,RL,RL,104.3499984741211,107.31999969482422,101.94000244140625,105.61000061035156,97.23318481445312,938400
2022-04-11,RL,RL,104.81999969482422,109.98999786376953,104.3499984741211,105.04000091552734,96.70838165283203,1451300
2022-04-12,RL,RL,106.25,108.5199966430664,105.5,105.81999969482422,97.426513671875,619100
2022-04-13,RL,RL,105.95999908447266,108.66000366210938,105.95999908447266,107.66000366210938,99.12055969238281,557500
2022-04-14,RL,RL,108.13999938964844,110.01000213623047,107.66999816894531,108.5199966430664,99.91236114501953,597900
2022-04-18,RL,RL,108.41000366210938,109.29000091552734,106.33999633789062,108.69999694824219,100.07807159423828,555400
2022-04-19,RL,RL,109.37999725341797,113.33999633789062,109.37999725341797,112.80999755859375,103.86209106445312,718300
2022-04-20,RL,RL,114.0,116.19999694824219,113.08999633789062,115.37999725341797,106.22824096679688,768700
2022-04-21,RL,RL,117.61000061035156,118.54000091552734,113.51000213623047,114.23999786376953,105.17864990234375,704900
2022-04-22,RL,RL,112.91000366210938,113.4000015258789,108.7699966430664,109.25,100.58447265625,909500
2022-04-25,RL,RL,108.13999938964844,108.73999786376953,104.37999725341797,108.43000030517578,99.8294906616211,1542100
2022-04-26,RL,RL,107.2699966430664,107.83999633789062,102.9000015258789,104.31999969482422,96.04550170898438,1002600
2022-04-27,RL,RL,103.80000305175781,105.5999984741211,103.31999969482422,103.38999938964844,95.18925476074219,1103700
2022-04-28,RL,RL,104.73999786376953,107.0999984741211,103.20999908447266,106.76000213623047,98.29196166992188,951600
2022-04-29,RL,RL,106.19000244140625,108.04000091552734,104.0199966430664,104.33999633789062,96.06390380859375,801800
2022-05-02,RL,RL,105.0,106.91000366210938,103.62999725341797,106.69999694824219,98.2367172241211,930300
2022-05-03,RL,RL,107.12999725341797,107.88999938964844,104.06999969482422,105.80999755859375,97.41730499267578,870600
2022-05-04,RL,RL,106.23999786376953,107.63999938964844,103.08999633789062,107.58000183105469,99.04692077636719,847500
2022-05-05,RL,RL,105.80999755859375,105.80999755859375,98.87999725341797,100.20999908447266,92.26148986816406,1085200
2022-05-06,RL,RL,98.73999786376953,101.16000366210938,95.77999877929688,98.54000091552734,90.72395324707031,1439600
2022-05-09,RL,RL,96.54000091552734,99.63999938964844,94.08999633789062,94.87999725341797,87.35426330566406,1031200
2022-05-10,RL,RL,96.30000305175781,96.48999786376953,92.75,95.05000305175781,87.51078796386719,1571100
2022-05-11,RL,RL,95.61000061035156,96.05000305175781,92.12000274658203,92.37000274658203,85.04335021972656,1286800
2022-05-12,RL,RL,91.80000305175781,96.41999816894531,91.54000091552734,95.45999908447266,87.88825225830078,1359000
2022-05-13,RL,RL,96.83999633789062,100.88999938964844,96.29000091552734,99.93000030517578,92.00370025634766,705900
2022-05-16,RL,RL,99.31999969482422,100.55000305175781,97.56999969482422,98.30000305175781,90.50299072265625,687700
2022-05-17,RL,RL,101.81999969482422,103.23999786376953,98.62999725341797,102.0,93.90951538085938,723500
2022-05-18,RL,RL,97.56999969482422,97.94999694824219,94.43000030517578,95.29000091552734,87.73174285888672,1184300
2022-05-19,RL,RL,93.70999908447266,94.62000274658203,91.41999816894531,92.08999633789062,84.78553771972656,1286600
2022-05-20,RL,RL,93.69000244140625,93.75,90.16999816894531,93.23999786376953,85.84435272216797,1387200
2022-05-23,RL,RL,92.66000366210938,94.41000366210938,88.05999755859375,90.94999694824219,83.7359848022461,2187600
2022-05-24,RL,RL,90.05999755859375,93.91000366210938,86.55000305175781,91.13999938964844,83.91091918945312,2881300
2022-05-25,RL,RL,89.83999633789062,97.02999877929688,89.56999969482422,93.69000244140625,86.25865173339844,1777400
2022-05-26,RL,RL,95.94999694824219,100.25,95.3499984741211,98.41000366210938,90.60426330566406,1103500
2022-05-27,RL,RL,98.05999755859375,100.1500015258789,97.69999694824219,98.87000274658203,91.02777862548828,1193600
2022-05-31,RL,RL,98.79000091552734,101.87000274658203,97.05999755859375,101.08999633789062,93.0716781616211,1608200
2022-06-01,RL,RL,102.22000122070312,103.3499984741211,99.8499984741211,101.19000244140625,93.16374969482422,1178100
2022-06-02,RL,RL,102.29000091552734,104.1500015258789,101.12000274658203,104.0999984741211,95.84294891357422,1005000
2022-06-03,RL,RL,102.75,106.06999969482422,102.0199966430664,105.19000244140625,96.84647369384766,1054700
2022-06-06,RL,RL,105.83999633789062,105.94999694824219,104.37000274658203,105.83000183105469,97.43571472167969,835700
2022-06-07,RL,RL,104.0,107.11000061035156,104.0,106.52999877929688,98.0802001953125,974200
2022-06-08,RL,RL,105.18000030517578,106.22000122070312,104.13999938964844,104.44000244140625,96.15597534179688,1083200
2022-06-09,RL,RL,103.80999755859375,104.43000030517578,102.66000366210938,103.18000030517578,94.99592590332031,1339100
2022-06-10,RL,RL,100.5199966430664,102.38999938964844,99.68000030517578,99.79000091552734,91.87480926513672,1763500
2022-06-13,RL,RL,95.93000030517578,96.80999755859375,93.1500015258789,94.38999938964844,86.90314483642578,1169100
2022-06-14,RL,RL,95.06999969482422,96.16999816894531,94.04000091552734,94.56999969482422,87.06885528564453,654700
2022-06-15,RL,RL,95.6500015258789,97.04000091552734,94.0,95.87000274658203,88.2657470703125,627500
2022-06-16,RL,RL,92.2300033569336,92.36000061035156,86.54000091552734,87.13999938964844,80.22817993164062,1158900
2022-06-17,RL,RL,87.02999877929688,90.47000122070312,86.72000122070312,89.70999908447266,82.59432220458984,1807800
2022-06-21,RL,RL,92.41000366210938,93.02999877929688,89.7300033569336,92.16000366210938,84.85002136230469,1457900
2022-06-22,RL,RL,90.33999633789062,93.52999877929688,90.33999633789062,92.2699966430664,84.95127868652344,1176500
2022-06-23,RL,RL,93.04000091552734,94.04000091552734,92.0999984741211,93.33000183105469,85.92719268798828,798200
2022-06-24,RL,RL,94.36000061035156,96.56999969482422,93.52999877929688,96.3499984741211,88.70764923095703,943300
2022-06-27,RL,RL,96.94000244140625,96.94000244140625,93.81999969482422,94.19000244140625,86.71900939941406,749200
2022-06-28,RL,RL,95.7699966430664,97.38999938964844,92.94000244140625,93.06999969482422,85.68782043457031,672100
2022-06-29,RL,RL,92.69999694824219,92.69999694824219,90.19000244140625,91.52999877929688,84.26996612548828,914100
2022-06-30,RL,RL,89.1500015258789,90.1500015258789,88.08999633789062,89.6500015258789,83.22101593017578,1502700
2022-07-01,RL,RL,89.55000305175781,91.13999938964844,88.5,90.69999694824219,84.19571685791016,748600
2022-07-05,RL,RL,89.36000061035156,90.83999633789062,88.41999816894531,90.75,84.24213409423828,866100
2022-07-06,RL,RL,90.44999694824219,91.87000274658203,88.7699966430664,90.04000091552734,83.5830307006836,956900
2022-07-07,RL,RL,91.33000183105469,93.23999786376953,90.55999755859375,93.13999938964844,86.46073913574219,787900
2022-07-08,RL,RL,93.30000305175781,93.87000274658203,90.93000030517578,93.19999694824219,86.51642608642578,421700
2022-07-11,RL,RL,91.72000122070312,92.93000030517578,90.45999908447266,91.80000305175781,85.21683502197266,487500
2022-07-12,RL,RL,91.4000015258789,94.62000274658203,91.4000015258789,93.27999877929688,86.59070587158203,856100
2022-07-13,RL,RL,91.91999816894531,94.19000244140625,91.02999877929688,93.94000244140625,87.203369140625,643800
2022-07-14,RL,RL,92.33000183105469,93.33999633789062,91.97000122070312,92.58999633789062,85.9501724243164,766800
2022-07-15,RL,RL,93.6500015258789,94.41000366210938,91.7300033569336,93.01000213623047,86.34007263183594,771600
2022-07-18,RL,RL,94.29000091552734,95.30000305175781,92.08000183105469,92.2300033569336,85.61598205566406,769800
2022-07-19,RL,RL,93.94000244140625,97.58999633789062,93.5,97.04000091552734,90.08106231689453,933200
2022-07-20,RL,RL,96.8499984741211,98.45999908447266,95.86000061035156,98.16999816894531,91.13004302978516,752400
2022-07-21,RL,RL,96.38999938964844,98.4000015258789,95.94999694824219,98.22000122070312,91.17644500732422,590300
2022-07-22,RL,RL,98.70999908447266,99.58999633789062,96.58000183105469,96.94000244140625,89.98823547363281,715600
2022-07-25,RL,RL,97.79000091552734,97.79000091552734,95.94000244140625,96.77999877929688,89.83971405029297,600300
2022-07-26,RL,RL,93.55000305175781,94.41000366210938,90.55999755859375,90.62999725341797,84.13074493408203,1140200
2022-07-27,RL,RL,91.77999877929688,95.37999725341797,91.05000305175781,95.23999786376953,88.41014099121094,810900
2022-07-28,RL,RL,95.5199966430664,97.5199966430664,94.54000091552734,97.33999633789062,90.35955810546875,486400
2022-07-29,RL,RL,97.69999694824219,98.86000061035156,95.77999877929688,98.62999725341797,91.55703735351562,592800
2022-08-01,RL,RL,97.88999938964844,99.33999633789062,96.80999755859375,97.94000244140625,90.91653442382812,797000
2022-08-02,RL,RL,96.80000305175781,96.83999633789062,94.94000244140625,94.97000122070312,88.15948486328125,586800
2022-08-03,RL,RL,96.12000274658203,99.30000305175781,96.12000274658203,98.36000061035156,91.30640411376953,907400
2022-08-04,RL,RL,98.05000305175781,99.23999786376953,97.5199966430664,98.7300033569336,91.64987182617188,566500
2022-08-05,RL,RL,97.58000183105469,100.55000305175781,97.0999984741211,100.22000122070312,93.03302764892578,907800
2022-08-08,RL,RL,101.04000091552734,103.81999969482422,100.86000061035156,101.16000366210938,93.9056167602539,1362800
2022-08-09,RL,RL,101.30999755859375,102.63999938964844,93.6500015258789,96.7699966430664,89.83040618896484,1942700
2022-08-10,RL,RL,98.98999786376953,99.48999786376953,95.08999633789062,95.5199966430664,88.67005920410156,1416700
2022-08-11,RL,RL,96.83999633789062,102.41000366210938,96.41000366210938,99.12000274658203,92.01190185546875,1409600
2022-08-12,RL,RL,99.56999969482422,99.9800033569336,97.9000015258789,98.83999633789062,91.75196838378906,680400
2022-08-15,RL,RL,97.6500015258789,98.66000366210938,96.66000366210938,98.47000122070312,91.40851593017578,769400
2022-08-16,RL,RL,97.7699966430664,101.05999755859375,97.7699966430664,100.86000061035156,93.62712860107422,1136300
2022-08-17,RL,RL,98.94000244140625,99.01000213623047,96.83999633789062,98.12000274658203,91.0836181640625,1130000
2022-08-18,RL,RL,97.3499984741211,99.23999786376953,95.86000061035156,99.20999908447266,92.09544372558594,753200
2022-08-19,RL,RL,98.73999786376953,98.73999786376953,96.45999908447266,98.05999755859375,91.02792358398438,801900
2022-08-22,RL,RL,95.83000183105469,96.12000274658203,94.41999816894531,95.1500015258789,88.32659912109375,1201900
2022-08-23,RL,RL,95.58000183105469,98.37000274658203,95.11000061035156,95.2699966430664,88.43798828125,701300
2022-08-24,RL,RL,95.1500015258789,95.70999908447266,94.12999725341797,95.08000183105469,88.2616195678711,1019200
2022-08-25,RL,RL,95.1500015258789,98.33000183105469,95.04000091552734,98.25,91.20429992675781,1063200
2022-08-26,RL,RL,99.0,99.91000366210938,94.08999633789062,94.0999984741211,87.35189819335938,981000
2022-08-29,RL,RL,92.97000122070312,95.0,92.41000366210938,93.12999725341797,86.45146179199219,798200
2022-08-30,RL,RL,94.02999877929688,95.23999786376953,92.98999786376953,94.44999694824219,87.67680358886719,834600
2022-08-31,RL,RL,94.75,94.75,90.83999633789062,91.33000183105469,84.7805404663086,1374700
2022-09-01,RL,RL,91.2300033569336,91.62999725341797,88.77999877929688,90.05000305175781,83.59233093261719,1476400
2022-09-02,RL,RL,91.27999877929688,91.83000183105469,89.20999908447266,90.01000213623047,83.55518341064453,1061100
2022-09-06,RL,RL,90.72000122070312,91.12999725341797,87.4000015258789,89.5,83.08177185058594,1086100
2022-09-07,RL,RL,89.41999816894531,92.83999633789062,89.38999938964844,92.44000244140625,85.81092834472656,1084500
2022-09-08,RL,RL,91.51000213623047,94.5199966430664,90.0199966430664,94.22000122070312,87.46330261230469,1173300
2022-09-09,RL,RL,95.29000091552734,97.12000274658203,95.29000091552734,96.54000091552734,89.61691284179688,962800
2022-09-12,RL,RL,97.72000122070312,99.94999694824219,97.44000244140625,99.16999816894531,92.0583267211914,972100
2022-09-13,RL,RL,96.0199966430664,97.01000213623047,93.52999877929688,94.0999984741211,87.35189819335938,687500
2022-09-14,RL,RL,94.48999786376953,94.66000366210938,92.44999694824219,93.80000305175781,87.07342529296875,660000
2022-09-15,RL,RL,93.7300033569336,96.31999969482422,92.47000122070312,93.08000183105469,86.40505981445312,1438400
2022-09-16,RL,RL,91.87999725341797,93.98999786376953,91.58999633789062,93.48999786376953,86.78562927246094,1778300
2022-09-19,RL,RL,94.62999725341797,96.38999938964844,92.75,96.2699966430664,89.36628723144531,1229200
2022-09-20,RL,RL,95.80000305175781,98.66999816894531,93.70999908447266,94.20999908447266,87.4540023803711,1541900
2022-09-21,RL,RL,95.16000366210938,96.08999633789062,92.29000091552734,92.30999755859375,85.69024658203125,995600
2022-09-22,RL,RL,92.22000122070312,92.22000122070312,88.30999755859375,88.38999938964844,82.05137634277344,988400
2022-09-23,RL,RL,86.79000091552734,87.44000244140625,83.5999984741211,85.43000030517578,79.30363464355469,1309100
2022-09-26,RL,RL,85.30000305175781,86.2300033569336,83.91999816894531,83.95999908447266,77.93904876708984,747300
2022-09-27,RL,RL,85.44999694824219,86.55000305175781,84.06999969482422,85.5199966430664,79.38716125488281,1156200
2022-09-28,RL,RL,86.05000305175781,89.51000213623047,86.05000305175781,88.98999786376953,82.60833740234375,1152000
2022-09-29,RL,RL,86.80999755859375,88.51000213623047,85.5,87.2699966430664,81.70024871826172,1372600
2022-09-30,RL,RL,85.23999786376953,87.38999938964844,82.2300033569336,84.93000030517578,79.50959777832031,1357500
2022-10-03,RL,RL,86.25,87.66999816894531,84.05000305175781,86.86000061035156,81.31641387939453,960500
2022-10-04,RL,RL,89.27999877929688,91.75,88.88999938964844,91.75,85.89431762695312,1007000
2022-10-05,RL,RL,90.45999908447266,94.47000122070312,89.80999755859375,94.0199966430664,88.0194320678711,1142700
2022-10-06,RL,RL,93.52999877929688,94.69000244140625,92.93000030517578,93.52999877929688,87.56070709228516,742700
2022-10-07,RL,RL,92.31999969482422,92.31999969482422,89.80999755859375,90.76000213623047,84.96751403808594,831000
2022-10-10,RL,RL,91.26000213623047,91.61000061035156,86.9800033569336,88.63999938964844,82.98280334472656,1285200
2022-10-11,RL,RL,88.44000244140625,91.52999877929688,87.8499984741211,90.55999755859375,84.7802734375,1183800
2022-10-12,RL,RL,90.80999755859375,93.26000213623047,89.97000122070312,92.5199966430664,86.61518859863281,958700
2022-10-13,RL,RL,90.33999633789062,95.5,88.30000305175781,94.12000274658203,88.11309051513672,1301400
2022-10-14,RL,RL,94.98999786376953,95.5199966430664,91.75,92.54000091552734,86.63389587402344,799600
2022-10-17,RL,RL,94.01000213623047,95.30999755859375,93.4800033569336,94.94000244140625,88.88072967529297,683400
2022-10-18,RL,RL,97.0999984741211,97.76000213623047,93.79000091552734,94.44000244140625,88.41263580322266,814300
2022-10-19,RL,RL,93.73999786376953,94.51000213623047,91.30000305175781,91.77999877929688,85.92240905761719,718800
2022-10-20,RL,RL,92.06999969482422,94.48999786376953,89.41999816894531,89.69999694824219,83.97515869140625,831300
2022-10-21,RL,RL,89.48999786376953,91.4800033569336,88.68000030517578,90.70999908447266,84.92068481445312,1223400
2022-10-24,RL,RL,90.76000213623047,91.16000366210938,88.5,89.16000366210938,83.4696273803711,886400
2022-10-25,RL,RL,89.13999938964844,94.19999694824219,89.13999938964844,93.80999755859375,87.82286834716797,968900
2022-10-26,RL,RL,93.43000030517578,96.66999816894531,92.8499984741211,93.5199966430664,87.55135345458984,752600
2022-10-27,RL,RL,94.25,94.9800033569336,91.5999984741211,91.81999969482422,85.95984649658203,443100
2022-10-28,RL,RL,91.47000122070312,93.75,90.06999969482422,93.27999877929688,87.32666778564453,526800
2022-10-31,RL,RL,92.29000091552734,93.3499984741211,91.41999816894531,92.69000244140625,86.77433776855469,923900
2022-11-01,RL,RL,95.0199966430664,95.7699966430664,92.20999908447266,93.51000213623047,87.54200744628906,659900
2022-11-02,RL,RL,92.91000366210938,93.44999694824219,90.19999694824219,90.30000305175781,84.536865234375,900000
2022-11-03,RL,RL,89.37999725341797,91.94000244140625,88.68000030517578,90.69999694824219,84.91133880615234,728900
2022-11-04,RL,RL,92.30000305175781,96.2699966430664,92.30000305175781,95.05999755859375,88.9930648803711,882400
2022-11-07,RL,RL,95.51000213623047,95.55999755859375,91.7699966430664,94.56999969482422,88.53435516357422,992800
2022-11-08,RL,RL,95.55999755859375,97.33999633789062,93.66000366210938,95.1500015258789,89.07732391357422,860800
2022-11-09,RL,RL,95.06999969482422,95.19999694824219,90.08999633789062,90.23999786376953,84.480712890625,1166400
2022-11-10,RL,RL,94.37000274658203,97.58000183105469,93.12999725341797,95.44999694824219,89.35818481445312,1838000
2022-11-11,RL,RL,96.31999969482422,105.9800033569336,96.31999969482422,104.37999725341797,97.71825408935547,2300000
2022-11-14,RL,RL,102.63999938964844,103.4000015258789,101.18000030517578,101.33999633789062,94.87226104736328,858800
2022-11-15,RL,RL,103.7300033569336,104.58000183105469,101.5,103.87000274658203,97.24079895019531,957800
2022-11-16,RL,RL,101.79000091552734,101.79000091552734,99.41000366210938,100.12000274658203,93.73013305664062,933200
2022-11-17,RL,RL,98.3499984741211,102.13999938964844,97.41999816894531,102.06999969482422,95.55567932128906,728300
2022-11-18,RL,RL,103.94000244140625,104.36000061035156,100.91999816894531,102.87000274658203,96.30463409423828,586100
2022-11-21,RL,RL,101.77999877929688,102.4000015258789,100.3499984741211,101.16999816894531,94.7131118774414,508900
2022-11-22,RL,RL,102.38999938964844,106.37000274658203,102.3499984741211,106.22000122070312,99.44081115722656,917300
2022-11-23,RL,RL,105.51000213623047,107.19000244140625,104.87999725341797,107.0999984741211,100.2646713256836,598400
2022-11-25,RL,RL,107.2699966430664,110.33000183105469,107.26000213623047,109.47000122070312,102.48341369628906,759900
2022-11-28,RL,RL,108.44000244140625,109.43000030517578,107.5,107.94999694824219,101.06040954589844,1020900
2022-11-29,RL,RL,109.23999786376953,113.47000122070312,108.9000015258789,112.66000366210938,105.46980285644531,1284600
2022-11-30,RL,RL,113.31999969482422,113.37000274658203,111.41000366210938,113.12000274658203,105.90045928955078,1530700
2022-12-01,RL,RL,113.68000030517578,115.18000030517578,112.55000305175781,113.87999725341797,106.61195373535156,950700
2022-12-02,RL,RL,113.0,116.12000274658203,112.54000091552734,115.55999755859375,108.18473052978516,888300
2022-12-05,RL,RL,113.38999938964844,113.73999786376953,109.79000091552734,111.01000213623047,103.92513275146484,1219100
2022-12-06,RL,RL,111.86000061035156,112.44999694824219,109.54000091552734,110.81999969482422,103.74725341796875,1198000
2022-12-07,RL,RL,110.45999908447266,111.97000122070312,109.0999984741211,109.77999877929688,102.77360534667969,565200
2022-12-08,RL,RL,111.19000244140625,113.0999984741211,110.61000061035156,112.12999725341797,104.97364044189453,733200
2022-12-09,RL,RL,111.05999755859375,111.12000274658203,107.37000274658203,107.51000213623047,100.64849853515625,782100
2022-12-12,RL,RL,108.16000366210938,111.37000274658203,107.23999786376953,111.22000122070312,104.12171936035156,877000
2022-12-13,RL,RL,115.0,115.33000183105469,109.5999984741211,111.16000366210938,104.06555938720703,906100
2022-12-14,RL,RL,110.98999786376953,111.80999755859375,108.97000122070312,110.47000122070312,103.41958618164062,758800
2022-12-15,RL,RL,108.06999969482422,108.27999877929688,105.97000122070312,106.56999969482422,99.76847076416016,875100
2022-12-16,RL,RL,104.61000061035156,106.08999633789062,103.44999694824219,105.18000030517578,98.46719360351562,2181900
2022-12-19,RL,RL,105.62999725341797,105.70999908447266,102.52999877929688,103.0199966430664,96.44503784179688,959000
2022-12-20,RL,RL,102.75,103.66999816894531,100.81999969482422,101.6500015258789,95.16249084472656,886300
2022-12-21,RL,RL,103.88999938964844,104.70999908447266,102.5999984741211,103.33000183105469,96.73526763916016,769900
2022-12-22,RL,RL,102.30000305175781,103.87000274658203,101.94999694824219,103.76000213623047,97.13782501220703,497600
2022-12-23,RL,RL,103.68000030517578,104.7699966430664,103.06999969482422,104.36000061035156,97.69953155517578,487800
2022-12-27,RL,RL,104.93000030517578,105.88999938964844,103.6500015258789,104.23999786376953,97.58718872070312,435000
2022-12-28,RL,RL,104.06999969482422,105.0999984741211,101.19000244140625,102.4000015258789,95.8646240234375,758300
2022-12-29,RL,RL,102.56999969482422,104.95999908447266,102.2699966430664,104.68000030517578,98.72216796875,442500
2022-12-30,RL,RL,103.22000122070312,105.86000061035156,103.22000122070312,105.66999816894531,99.65581512451172,433100
2023-01-03,RL,RL,107.48999786376953,110.11000061035156,106.87000274658203,109.11000061035156,102.90003967285156,1150200
2023-01-04,RL,RL,110.41000366210938,114.2699966430664,110.01000213623047,113.16000366210938,106.71954345703125,1085300
2023-01-05,RL,RL,112.51000213623047,115.31999969482422,111.69000244140625,114.45999908447266,107.9455337524414,854700
2023-01-06,RL,RL,115.37000274658203,116.33000183105469,114.5,115.97000122070312,109.36959838867188,534300
2023-01-09,RL,RL,115.98999786376953,116.30000305175781,114.2300033569336,114.37999725341797,107.8700942993164,759400
2023-01-10,RL,RL,113.38999938964844,114.81999969482422,113.13999938964844,114.08000183105469,107.58718872070312,637200
2023-01-11,RL,RL,114.62999725341797,117.79000091552734,114.30000305175781,116.22000122070312,109.60537719726562,823500
2023-01-12,RL,RL,116.87000274658203,119.4800033569336,116.69000244140625,119.43000030517578,112.6326904296875,1159500
2023-01-13,RL,RL,118.0,119.81999969482422,117.30999755859375,118.80999755859375,112.04796600341797,618000
2023-01-17,RL,RL,118.45999908447266,119.73999786376953,118.19000244140625,119.2699966430664,112.48178100585938,693100
2023-01-18,RL,RL,119.75,121.44999694824219,118.81999969482422,118.91999816894531,112.15170288085938,651700
2023-01-19,RL,RL,117.76000213623047,118.02999877929688,115.47000122070312,117.33999633789062,110.66162872314453,610200
2023-01-20,RL,RL,119.70999908447266,121.87999725341797,118.36000061035156,121.05000305175781,114.16046905517578,859100
2023-01-23,RL,RL,120.63999938964844,127.30999755859375,120.26000213623047,126.87000274658203,119.64923095703125,1392800
2023-01-24,RL,RL,125.80000305175781,127.43000030517578,124.55000305175781,126.30000305175781,119.1116943359375,619300
2023-01-25,RL,RL,125.0199966430664,125.38999938964844,122.54000091552734,123.9800033569336,116.92372131347656,785900
2023-01-26,RL,RL,125.26000213623047,125.7699966430664,122.20999908447266,124.20999908447266,117.14064025878906,889600
2023-01-27,RL,RL,119.9000015258789,123.25,118.33000183105469,122.81999969482422,115.8297348022461,1285100
2023-01-30,RL,RL,121.48999786376953,123.80000305175781,121.44999694824219,121.86000061035156,114.92437744140625,1004100
2023-01-31,RL,RL,122.3499984741211,124.06999969482422,121.58999633789062,123.8499984741211,116.80111694335938,978100
2023-02-01,RL,RL,123.95999908447266,128.05999755859375,123.36000061035156,127.7300033569336,120.46029663085938,1160400
2023-02-02,RL,RL,127.66999816894531,128.94000244140625,125.58999633789062,126.9000015258789,119.67752838134766,1087600
2023-02-03,RL,RL,124.69999694824219,128.58999633789062,123.19999694824219,125.88999938964844,118.72501373291016,881000
2023-02-06,RL,RL,124.72000122070312,124.73999786376953,120.72000122070312,120.97000122070312,114.08502960205078,1297500
2023-02-07,RL,RL,120.20999908447266,122.5199966430664,119.4000015258789,122.30000305175781,115.3393325805664,929800
2023-02-08,RL,RL,114.75,118.25,113.66999816894531,117.08000183105469,110.41641235351562,2929500
2023-02-09,RL,RL,120.0199966430664,123.30999755859375,116.7699966430664,117.62000274658203,110.92571258544922,2474200
2023-02-10,RL,RL,117.11000061035156,118.7300033569336,115.1500015258789,118.20999908447266,111.48212432861328,1382000
2023-02-13,RL,RL,120.16999816894531,123.58999633789062,118.81999969482422,122.87999725341797,115.88632202148438,1442600
2023-02-14,RL,RL,121.70999908447266,122.86000061035156,120.19999694824219,122.12000274658203,115.1695785522461,998400
2023-02-15,RL,RL,121.11000061035156,123.8499984741211,120.66000366210938,123.62999725341797,116.59364318847656,813400
2023-02-16,RL,RL,122.27999877929688,124.25,121.44000244140625,122.93000030517578,115.93347930908203,950200
2023-02-17,RL,RL,122.22000122070312,122.86000061035156,121.0,122.7699966430664,115.78258514404297,823300
2023-02-21,RL,RL,121.55999755859375,122.16000366210938,118.38999938964844,118.58999633789062,111.8404769897461,958600
2023-02-22,RL,RL,118.8499984741211,119.61000061035156,117.56999969482422,119.08000183105469,112.30260467529297,718600
2023-02-23,RL,RL,119.80000305175781,119.93000030517578,117.2699966430664,118.62000274658203,111.86878967285156,756600
2023-02-24,RL,RL,116.29000091552734,119.37999725341797,115.9800033569336,118.94999694824219,112.18000030517578,707700
2023-02-27,RL,RL,120.02999877929688,120.23999786376953,118.80999755859375,119.0999984741211,112.32146453857422,792300
2023-02-28,RL,RL,119.30999755859375,120.22000122070312,118.16000366210938,118.19000244140625,111.46324920654297,910100
2023-03-01,RL,RL,118.66999816894531,119.48999786376953,116.77999877929688,116.87999725341797,110.2278060913086,931000
2023-03-02,RL,RL,116.02999877929688,119.05000305175781,115.41999816894531,118.38999938964844,111.6518783569336,734900
2023-03-03,RL,RL,118.63999938964844,119.05000305175781,117.41000366210938,118.88999938964844,112.1234130859375,915100
2023-03-06,RL,RL,119.1500015258789,119.2300033569336,116.88999938964844,117.04000091552734,110.37870788574219,964600
2023-03-07,RL,RL,117.30000305175781,118.30000305175781,116.0999984741211,116.33000183105469,109.70912170410156,668900
2023-03-08,RL,RL,116.44000244140625,117.05999755859375,115.29000091552734,116.23999786376953,109.62423706054688,630600
2023-03-09,RL,RL,116.5,117.11000061035156,114.41000366210938,114.69999694824219,108.17188262939453,607500
2023-03-10,RL,RL,114.83000183105469,115.45999908447266,111.79000091552734,113.33000183105469,106.87986755371094,781300
2023-03-13,RL,RL,111.0999984741211,113.80999755859375,110.16999816894531,110.72000122070312,104.41838836669922,1346400
2023-03-14,RL,RL,113.55000305175781,114.18000030517578,111.0,111.81999969482422,105.45580291748047,889900
2023-03-15,RL,RL,109.06999969482422,112.04000091552734,108.9000015258789,111.63999938964844,105.28605651855469,824100
2023-03-16,RL,RL,110.51000213623047,113.5,109.87999725341797,112.18000030517578,105.79531860351562,917900
2023-03-17,RL,RL,111.7699966430664,112.55999755859375,110.19999694824219,110.91999816894531,104.60702514648438,981000
2023-03-20,RL,RL,111.81999969482422,114.1500015258789,111.33999633789062,112.05999755859375,105.68214416503906,724500
2023-03-21,RL,RL,114.37000274658203,115.66000366210938,114.02999877929688,114.52999877929688,108.01154327392578,623300
2023-03-22,RL,RL,114.29000091552734,115.27999877929688,111.88999938964844,111.88999938964844,105.52183532714844,616400
2023-03-23,RL,RL,112.72000122070312,114.05999755859375,109.61000061035156,111.44000244140625,105.09741973876953,675600
2023-03-24,RL,RL,110.5999984741211,111.66000366210938,109.22000122070312,111.08999633789062,104.767333984375,794500
2023-03-27,RL,RL,112.12999725341797,113.02999877929688,110.23999786376953,112.77999877929688,106.36116790771484,1075200
2023-03-28,RL,RL,116.02999877929688,118.13999938964844,114.56999969482422,115.5999984741211,109.02067565917969,1148600
2023-03-29,RL,RL,117.01000213623047,117.19000244140625,115.56999969482422,116.62000274658203,109.98260498046875,878200
2023-03-30,RL,RL,117.08999633789062,118.41000366210938,114.22000122070312,114.27999877929688,108.47339630126953,962900
2023-03-31,RL,RL,114.41999816894531,117.20999908447266,114.1500015258789,116.66999816894531,110.74195861816406,805700
2023-04-03,RL,RL,117.13999938964844,118.11000061035156,116.41000366210938,117.5199966430664,111.54875946044922,688700
2023-04-04,RL,RL,118.16999816894531,118.16999816894531,114.98999786376953,115.54000091552734,109.66938018798828,719400
2023-04-05,RL,RL,114.33999633789062,115.4000015258789,113.36000061035156,113.83999633789062,108.05574035644531,1116000
2023-04-06,RL,RL,113.04000091552734,113.63999938964844,110.87999725341797,112.05999755859375,106.36619567871094,825800
2023-04-10,RL,RL,111.6500015258789,117.0199966430664,111.27999877929688,116.91000366210938,110.96978759765625,1298700
2023-04-11,RL,RL,117.79000091552734,120.93000030517578,117.2300033569336,120.41999816894531,114.30142211914062,1399400
2023-04-12,RL,RL,121.97000122070312,122.33999633789062,117.87000274658203,118.25,112.24168395996094,1269300
2023-04-13,RL,RL,119.16000366210938,120.08999633789062,118.43000030517578,119.9800033569336,113.88379669189453,745400
2023-04-14,RL,RL,121.0,122.94000244140625,119.45999908447266,120.06999969482422,113.9692153930664,813600
2023-04-17,RL,RL,120.0199966430664,120.31999969482422,117.3499984741211,118.04000091552734,112.0423583984375,840300
2023-04-18,RL,RL,118.0,118.4800033569336,117.0,117.36000061035156,111.39690399169922,951700
2023-04-19,RL,RL,116.87000274658203,117.3499984741211,115.94000244140625,116.91999816894531,110.9792709350586,821500
2023-04-20,RL,RL,116.55000305175781,117.83000183105469,114.94999694824219,115.7699966430664,109.8876953125,746000
2023-04-21,RL,RL,115.51000213623047,115.51000213623047,114.02999877929688,115.11000061035156,109.26122283935547,659400
2023-04-24,RL,RL,115.05999755859375,116.41000366210938,114.5,116.12999725341797,110.22940063476562,659500
2023-04-25,RL,RL,114.62000274658203,115.38999938964844,111.58999633789062,112.43000030517578,106.71741485595703,853300
2023-04-26,RL,RL,112.38999938964844,112.68000030517578,111.47000122070312,111.98999786376953,106.29975128173828,591100
2023-04-27,RL,RL,112.62000274658203,114.75,111.72000122070312,114.73999786376953,108.9100341796875,611100
2023-04-28,RL,RL,114.75,115.6500015258789,113.56999969482422,114.79000091552734,108.95748901367188,655900
2023-05-01,RL,RL,114.81999969482422,116.0999984741211,113.0199966430664,113.69999694824219,107.92286682128906,613600
2023-05-02,RL,RL,113.41999816894531,113.41999816894531,109.94999694824219,112.5,106.78385162353516,722700
2023-05-03,RL,RL,112.0,114.4000015258789,111.83999633789062,112.3499984741211,106.6414566040039,783900
2023-05-04,RL,RL,111.7300033569336,111.9000015258789,109.62000274658203,109.83999633789062,104.25897979736328,699500
2023-05-05,RL,RL,111.91000366210938,113.9800033569336,111.16999816894531,113.83999633789062,108.05574035644531,713600
2023-05-08,RL,RL,115.19000244140625,115.91999816894531,110.80999755859375,111.73999786376953,106.06246948242188,736300
2023-05-09,RL,RL,110.52999877929688,111.2699966430664,109.69000244140625,110.72000122070312,105.09429931640625,684500
2023-05-10,RL,RL,112.51000213623047,112.51000213623047,108.29000091552734,109.76000213623047,104.18305969238281,624000
2023-05-11,RL,RL,111.44999694824219,113.2699966430664,110.25,110.97000122070312,105.33158874511719,760300
2023-05-12,RL,RL,111.19999694824219,112.5,110.41999816894531,112.36000061035156,106.65095520019531,588100
2023-05-15,RL,RL,112.80999755859375,113.62000274658203,111.83999633789062,113.25,107.49571990966797,1062600
2023-05-16,RL,RL,112.06999969482422,112.41000366210938,109.41000366210938,109.4800033569336,103.91728973388672,802800
2023-05-17,RL,RL,109.47000122070312,112.45999908447266,109.47000122070312,112.0,106.30924987792969,801100
2023-05-18,RL,RL,112.11000061035156,113.80000305175781,111.5199966430664,112.77999877929688,107.04960632324219,921600
2023-05-19,RL,RL,111.25,112.18000030517578,108.13999938964844,109.12000274658203,103.57556915283203,1113900
2023-05-22,RL,RL,108.75,109.62000274658203,107.80999755859375,108.81999969482422,103.29083251953125,1340800
2023-05-23,RL,RL,107.77999877929688,109.41000366210938,106.66999816894531,107.95999908447266,102.47451782226562,1099400
2023-05-24,RL,RL,108.4800033569336,109.11000061035156,106.33000183105469,108.22000122070312,102.72132110595703,1660500
2023-05-25,RL,RL,114.0,117.94999694824219,112.43000030517578,114.0,108.20762634277344,2641200
2023-05-26,RL,RL,114.19000244140625,114.55000305175781,111.93000030517578,112.76000213623047,107.03063201904297,1317400
2023-05-30,RL,RL,113.01000213623047,113.18000030517578,109.11000061035156,109.31999969482422,103.76542663574219,1260600
2023-05-31,RL,RL,108.2300033569336,108.48999786376953,105.06999969482422,106.30999755859375,100.90835571289062,1167100
2023-06-01,RL,RL,105.44999694824219,106.87000274658203,103.16999816894531,106.08999633789062,100.69953155517578,1256800
2023-06-02,RL,RL,108.1500015258789,113.44000244140625,107.68000030517578,112.58000183105469,106.85979461669922,1820000
2023-06-05,RL,RL,112.58999633789062,114.66000366210938,111.75,113.18000030517578,107.42929077148438,1276600
2023-06-06,RL,RL,113.19000244140625,116.26000213623047,112.91999816894531,115.48999786376953,109.62191009521484,954600
2023-06-07,RL,RL,115.61000061035156,119.23999786376953,115.61000061035156,119.02999877929688,112.98204803466797,939700
2023-06-08,RL,RL,119.0,119.0199966430664,117.08000183105469,117.7300033569336,111.74810028076172,767600
2023-06-09,RL,RL,117.69999694824219,118.23999786376953,116.76000213623047,117.33000183105469,111.36843872070312,565800
2023-06-12,RL,RL,117.75,118.5,116.52999877929688,118.30999755859375,112.29862976074219,655900
2023-06-13,RL,RL,118.45999908447266,121.47000122070312,118.45999908447266,120.62000274658203,114.49127197265625,1226200
2023-06-14,RL,RL,120.48999786376953,122.72000122070312,120.48999786376953,121.73999786376953,115.55435180664062,1030400
2023-06-15,RL,RL,121.0,122.62000274658203,120.83999633789062,121.47000122070312,115.2980728149414,772500
2023-06-16,RL,RL,123.02999877929688,123.5999984741211,122.44000244140625,123.18000030517578,116.92118072509766,992100
2023-06-20,RL,RL,122.47000122070312,124.33000183105469,121.87999725341797,123.37999725341797,117.11102294921875,1046600
2023-06-21,RL,RL,123.5,124.2300033569336,122.48999786376953,123.6500015258789,117.3673095703125,836700
2023-06-22,RL,RL,123.6500015258789,124.80999755859375,122.58000183105469,122.77999877929688,116.54151153564453,727000
2023-06-23,RL,RL,121.12000274658203,121.12000274658203,119.06999969482422,119.62000274658203,113.54208374023438,836900
2023-06-26,RL,RL,119.88999938964844,122.16000366210938,118.6500015258789,118.70999908447266,112.67831420898438,684200
2023-06-27,RL,RL,118.9000015258789,121.80999755859375,118.31999969482422,121.5,115.3265609741211,607900
2023-06-28,RL,RL,121.4000015258789,123.2699966430664,120.95999908447266,122.05999755859375,115.85809326171875,788800
2023-06-29,RL,RL,121.80000305175781,124.20999908447266,121.43000030517578,123.11000061035156,117.57720947265625,650000
2023-06-30,RL,RL,123.5,123.93000030517578,122.30000305175781,123.30000305175781,117.75868225097656,664600
2023-07-03,RL,RL,123.4000015258789,124.31999969482422,122.0,123.69000244140625,118.13115692138672,818600
2023-07-05,RL,RL,122.69000244140625,124.98999786376953,122.30999755859375,124.55000305175781,118.9524917602539,2870200
2023-07-06,RL,RL,122.91000366210938,124.11000061035156,122.04000091552734,123.69000244140625,118.13115692138672,2161900
2023-07-07,RL,RL,122.08999633789062,123.69999694824219,121.19000244140625,122.55000305175781,117.04236602783203,1730800
2023-07-10,RL,RL,123.1500015258789,129.32000732421875,122.88999938964844,128.75,122.96372985839844,1243200
2023-07-11,RL,RL,129.24000549316406,132.3000030517578,128.77000427246094,130.85000610351562,124.9693603515625,1053400
2023-07-12,RL,RL,132.22999572753906,132.66000366210938,129.32000732421875,129.39999389648438,123.58451843261719,1321100
2023-07-13,RL,RL,128.82000732421875,129.2899932861328,126.5,126.68000030517578,120.98675537109375,851700
2023-07-14,RL,RL,127.1500015258789,127.5999984741211,124.66999816894531,125.37999725341797,119.74517059326172,602600
2023-07-17,RL,RL,123.80999755859375,126.13999938964844,122.75,125.98999786376953,120.3277587890625,728900
2023-07-18,RL,RL,125.70999908447266,128.47999572753906,125.47000122070312,128.33999633789062,122.57215118408203,701900
2023-07-19,RL,RL,127.94999694824219,128.8000030517578,126.83999633789062,128.60000610351562,122.82048034667969,597100
2023-07-20,RL,RL,128.72000122070312,128.72999572753906,127.05999755859375,127.20999908447266,121.49293518066406,512300
2023-07-21,RL,RL,128.0500030517578,128.33999633789062,125.86000061035156,126.16000366210938,120.49012756347656,561600
2023-07-24,RL,RL,125.94000244140625,128.60000610351562,125.73999786376953,128.52000427246094,122.74407958984375,555200
2023-07-25,RL,RL,128.52000427246094,128.52000427246094,126.76000213623047,128.14999389648438,122.39068603515625,708400
2023-07-26,RL,RL,127.6500015258789,129.58999633789062,127.58999633789062,128.27000427246094,122.50531005859375,585200
2023-07-27,RL,RL,129.1199951171875,129.27000427246094,125.94000244140625,126.47000122070312,120.78618621826172,590100
2023-07-28,RL,RL,128.0800018310547,128.44000244140625,126.94000244140625,127.68000030517578,121.94181823730469,590000
2023-07-31,RL,RL,129.33999633789062,132.47000122070312,129.14999389648438,131.3300018310547,125.42778778076172,733100
2023-08-01,RL,RL,130.89999389648438,132.52000427246094,130.50999450683594,131.8000030517578,125.87666320800781,526000
2023-08-02,RL,RL,130.60000610351562,132.44000244140625,129.58999633789062,131.47999572753906,125.57106018066406,718900
2023-08-03,RL,RL,131.10000610351562,132.77000427246094,130.32000732421875,132.2100067138672,126.26823425292969,671900
2023-08-04,RL,RL,132.67999267578125,135.75999450683594,131.57000732421875,131.74000549316406,125.8193359375,851900
2023-08-07,RL,RL,132.25999450683594,133.5800018310547,130.9600067138672,131.6199951171875,125.70472717285156,823600
2023-08-08,RL,RL,130.0,130.44000244140625,128.22000122070312,130.14999389648438,124.30081939697266,726200
2023-08-09,RL,RL,129.80999755859375,130.82000732421875,127.25,128.49000549316406,122.71542358398438,1224500
2023-08-10,RL,RL,123.31999969482422,129.11000061035156,122.18000030517578,122.30000305175781,116.80361938476562,2069000
2023-08-11,RL,RL,122.23999786376953,124.80999755859375,121.33999633789062,121.45999908447266,116.00135040283203,1362700
2023-08-14,RL,RL,121.1500015258789,121.80000305175781,119.4000015258789,121.06999969482422,115.62887573242188,1079500
2023-08-15,RL,RL,119.76000213623047,121.02999877929688,118.83999633789062,119.62999725341797,114.25360107421875,1053700
2023-08-16,RL,RL,119.44999694824219,120.30000305175781,117.5999984741211,117.75,112.45808410644531,1112100
2023-08-17,RL,RL,118.45999908447266,119.37999725341797,116.38999938964844,116.72000122070312,111.4743881225586,985600
2023-08-18,RL,RL,115.66999816894531,117.5199966430664,114.86000061035156,115.43000030517578,110.24235534667969,995600
2023-08-21,RL,RL,116.01000213623047,116.38999938964844,114.26000213623047,115.05000305175781,109.87944793701172,681000
2023-08-22,RL,RL,113.5,114.33999633789062,112.37000274658203,113.0999984741211,108.01705932617188,849600
2023-08-23,RL,RL,112.2300033569336,114.86000061035156,111.02999877929688,113.69999694824219,108.590087890625,1150400
2023-08-24,RL,RL,113.58000183105469,114.54000091552734,112.4000015258789,112.48999786376953,107.43449401855469,802600
2023-08-25,RL,RL,113.93000030517578,114.30000305175781,111.36000061035156,111.8499984741211,106.82324981689453,570700
2023-08-28,RL,RL,112.33000183105469,114.19999694824219,112.01000213623047,113.79000091552734,108.67607116699219,968000
2023-08-29,RL,RL,113.97000122070312,115.91000366210938,112.87999725341797,115.87000274658203,110.66259002685547,778800
2023-08-30,RL,RL,115.94999694824219,116.94999694824219,115.0999984741211,116.19000244140625,110.96820831298828,694600
2023-08-31,RL,RL,116.01000213623047,117.7300033569336,115.26000213623047,116.62999725341797,111.388427734375,805500
2023-09-01,RL,RL,117.43000030517578,118.44999694824219,116.58999633789062,118.33000183105469,113.01200866699219,743600
2023-09-05,RL,RL,117.69000244140625,120.0,116.08000183105469,117.33999633789062,112.06651306152344,783300
2023-09-06,RL,RL,116.58000183105469,118.16999816894531,116.52999877929688,117.66999816894531,112.3816909790039,765300
2023-09-07,RL,RL,116.87000274658203,117.04000091552734,114.93000030517578,116.29000091552734,111.06369018554688,742400
2023-09-08,RL,RL,116.58999633789062,117.56999969482422,115.61000061035156,116.94999694824219,111.69404602050781,423800
2023-09-11,RL,RL,117.56999969482422,118.0,116.0999984741211,116.48999786376953,111.25471496582031,649100
2023-09-12,RL,RL,116.23999786376953,118.23999786376953,116.23999786376953,117.41000366210938,112.13337707519531,548700
2023-09-13,RL,RL,117.12000274658203,117.2699966430664,113.93000030517578,114.20999908447266,109.07718658447266,525200
2023-09-14,RL,RL,115.11000061035156,115.37999725341797,114.33999633789062,115.04000091552734,109.86988067626953,763300
2023-09-15,RL,RL,115.13999938964844,115.45999908447266,113.26000213623047,113.86000061035156,108.74291229248047,987100
2023-09-18,RL,RL,116.80999755859375,117.19000244140625,114.6500015258789,114.72000122070312,109.56425476074219,825600
2023-09-19,RL,RL,114.55999755859375,114.93000030517578,113.62999725341797,114.2300033569336,109.0962905883789,622800
2023-09-20,RL,RL,114.72000122070312,116.13999938964844,114.43000030517578,115.06999969482422,109.8985366821289,576800
2023-09-21,RL,RL,114.22000122070312,114.22000122070312,111.87999725341797,112.23999786376953,107.19572448730469,604300
2023-09-22,RL,RL,113.5199966430664,114.0,111.7300033569336,112.13999938964844,107.1002197265625,464300
2023-09-25,RL,RL,111.52999877929688,113.61000061035156,111.52999877929688,113.18000030517578,108.09347534179688,602000
2023-09-26,RL,RL,112.05000305175781,113.94999694824219,111.27999877929688,113.43000030517578,108.33224487304688,586400
2023-09-27,RL,RL,114.16000366210938,115.93000030517578,113.95999908447266,115.26000213623047,110.07999420166016,1074300
2023-09-28,RL,RL,114.70999908447266,115.88999938964844,114.55999755859375,115.38999938964844,110.92596435546875,583900
2023-09-29,RL,RL,117.23999786376953,117.4000015258789,115.38999938964844,116.08999633789062,111.59886932373047,572100
2023-10-02,RL,RL,116.0,117.5,115.37000274658203,115.94000244140625,111.45467376708984,731500
2023-10-03,RL,RL,115.08000183105469,115.47000122070312,111.0199966430664,112.33000183105469,107.98432922363281,764100
2023-10-04,RL,RL,111.87000274658203,114.02999877929688,111.44999694824219,113.69999694824219,109.30133056640625,698300
2023-10-05,RL,RL,113.66999816894531,114.05000305175781,111.80999755859375,112.19000244140625,107.84973907470703,706700
2023-10-06,RL,RL,111.62999725341797,114.44999694824219,111.12000274658203,113.66000366210938,109.26287841796875,456800
2023-10-09,RL,RL,112.45999908447266,114.52999877929688,112.30999755859375,114.22000122070312,109.80122375488281,569000
2023-10-10,RL,RL,114.48999786376953,116.12000274658203,110.37000274658203,112.2300033569336,107.88821411132812,1273200
2023-10-11,RL,RL,112.2300033569336,113.25,111.12000274658203,111.81999969482422,107.49406433105469,911000
2023-10-12,RL,RL,111.77999877929688,111.77999877929688,108.5999984741211,109.80999755859375,105.56182861328125,850900
2023-10-13,RL,RL,109.80999755859375,110.29000091552734,109.13999938964844,109.56999969482422,105.33111572265625,601500
2023-10-16,RL,RL,110.79000091552734,111.93000030517578,110.12000274658203,111.83000183105469,107.5036849975586,504200
2023-10-17,RL,RL,111.70999908447266,116.12000274658203,111.37999725341797,116.06999969482422,111.57964324951172,1035900
2023-10-18,RL,RL,115.33999633789062,117.22000122070312,114.91999816894531,116.30999755859375,111.81034088134766,628200
2023-10-19,RL,RL,116.2699966430664,118.88999938964844,116.05000305175781,117.05000305175781,112.52174377441406,751100
2023-10-20,RL,RL,117.69999694824219,117.69999694824219,115.51000213623047,115.79000091552734,111.31048583984375,632300
2023-10-23,RL,RL,115.27999877929688,117.48999786376953,114.20999908447266,116.05999755859375,111.57003784179688,572600
2023-10-24,RL,RL,116.66000366210938,118.0,115.69999694824219,116.68000030517578,112.1660385131836,775400
2023-10-25,RL,RL,116.01000213623047,116.2699966430664,113.51000213623047,114.1500015258789,109.73394012451172,826900
2023-10-26,RL,RL,113.83000183105469,114.27999877929688,112.0,113.2699966430664,108.8879623413086,713800
2023-10-27,RL,RL,113.66000366210938,113.81999969482422,109.58999633789062,109.81999969482422,105.57144165039062,723000
2023-10-30,RL,RL,110.97000122070312,112.58000183105469,110.41000366210938,112.05999755859375,107.72477722167969,575200
2023-10-31,RL,RL,111.72000122070312,112.63999938964844,110.0999984741211,112.52999877929688,108.17658996582031,477500
2023-11-01,RL,RL,112.41999816894531,113.01000213623047,109.94000244140625,111.44999694824219,107.13838195800781,747400
2023-11-02,RL,RL,113.6500015258789,114.27999877929688,111.30000305175781,112.5199966430664,108.1669921875,904400
2023-11-03,RL,RL,114.29000091552734,115.54000091552734,112.76000213623047,115.16999816894531,110.7144546508789,1028700
2023-11-06,RL,RL,115.5199966430664,116.05000305175781,112.36000061035156,113.22000122070312,108.83991241455078,1017200
2023-11-07,RL,RL,112.76000213623047,113.9800033569336,111.94000244140625,112.86000061035156,108.49382781982422,1810400
2023-11-08,RL,RL,115.11000061035156,117.6500015258789,113.16000366210938,116.47000122070312,111.96417999267578,2482000
2023-11-09,RL,RL,117.25,119.26000213623047,116.2699966430664,116.58999633789062,112.07950592041016,1058900
2023-11-10,RL,RL,115.77999877929688,116.58999633789062,113.97000122070312,115.62000274658203,111.14705657958984,1079200
2023-11-13,RL,RL,114.95999908447266,115.54000091552734,113.91999816894531,115.36000061035156,110.89710998535156,887100
2023-11-14,RL,RL,117.19999694824219,121.16000366210938,117.06999969482422,120.44000244140625,115.78057861328125,1029000
2023-11-15,RL,RL,122.0,125.69000244140625,121.19999694824219,123.91999816894531,119.1259536743164,1119900
2023-11-16,RL,RL,123.30999755859375,123.30999755859375,119.86000061035156,120.69999694824219,116.03052520751953,560300
2023-11-17,RL,RL,121.91999816894531,123.5,121.5,121.75,117.03990173339844,573100
2023-11-20,RL,RL,122.19000244140625,123.08000183105469,121.23999786376953,122.56999969482422,117.82817840576172,421700
2023-11-21,RL,RL,121.62000274658203,122.55000305175781,121.0999984741211,121.80000305175781,117.08798217773438,391700
2023-11-22,RL,RL,121.72000122070312,123.62000274658203,120.94999694824219,122.66999816894531,117.92431640625,501200
2023-11-24,RL,RL,123.0199966430664,124.55999755859375,122.87999725341797,124.54000091552734,119.72197723388672,290400
2023-11-27,RL,RL,123.76000213623047,125.81999969482422,123.22000122070312,125.75,120.88514709472656,899500
2023-11-28,RL,RL,125.95999908447266,127.30999755859375,125.25,126.62999725341797,121.73111724853516,533300
2023-11-29,RL,RL,127.12999725341797,129.86000061035156,127.0,129.4499969482422,124.44202423095703,740800
2023-11-30,RL,RL,129.14999389648438,131.25,128.5800018310547,129.3800048828125,124.37474060058594,1451000
2023-12-01,RL,RL,129.0800018310547,133.8000030517578,128.52999877929688,133.6300048828125,128.4603271484375,1319200
2023-12-04,RL,RL,133.0,134.25,128.5,129.1699981689453,124.17285919189453,967600
2023-12-05,RL,RL,128.5,129.97000122070312,127.68000030517578,129.10000610351562,124.1055679321289,598300
2023-12-06,RL,RL,129.8300018310547,131.3000030517578,129.36000061035156,129.47999572753906,124.47085571289062,418300
2023-12-07,RL,RL,129.3699951171875,132.08999633789062,129.02999877929688,131.1699981689453,126.09547424316406,460600
2023-12-08,RL,RL,130.77000427246094,132.47000122070312,130.77000427246094,131.75999450683594,126.66265869140625,388700
2023-12-11,RL,RL,132.39999389648438,135.1199951171875,132.1300048828125,134.25,129.0563201904297,678500
2023-12-12,RL,RL,136.25,137.0,134.27000427246094,135.33999633789062,130.10414123535156,627400
2023-12-13,RL,RL,135.58999633789062,139.41000366210938,135.22000122070312,138.38999938964844,133.03614807128906,798300
2023-12-14,RL,RL,140.69000244140625,144.0500030517578,140.2899932861328,141.85000610351562,136.36231994628906,1083900
2023-12-15,RL,RL,141.38999938964844,142.63999938964844,140.42999267578125,141.0500030517578,135.59326171875,1334600
2023-12-18,RL,RL,140.86000061035156,144.0,140.86000061035156,143.58999633789062,138.0349884033203,1024500
2023-12-19,RL,RL,143.99000549316406,147.0399932861328,143.72999572753906,146.41000366210938,140.7459259033203,1103400
2023-12-20,RL,RL,145.3699951171875,147.77000427246094,145.25999450683594,145.5500030517578,139.91915893554688,992700
2023-12-21,RL,RL,146.67999267578125,148.0399932861328,146.08999633789062,147.9199981689453,142.1974639892578,851700
2023-12-22,RL,RL,144.92999267578125,146.52999877929688,143.30999755859375,145.47000122070312,139.84225463867188,720700
2023-12-26,RL,RL,146.1199951171875,146.99000549316406,145.74000549316406,145.9499969482422,140.30368041992188,727400
2023-12-27,RL,RL,145.97999572753906,146.25999450683594,144.77000427246094,145.6300048828125,139.99609375,505900
2023-12-28,RL,RL,145.1300048828125,146.14999389648438,144.8800048828125,145.6999969482422,140.78842163085938,430600
2023-12-29,RL,RL,145.19000244140625,146.6699981689453,143.58999633789062,144.1999969482422,139.3389892578125,771900
2024-01-02,RL,RL,143.66000366210938,146.85000610351562,143.22000122070312,146.02999877929688,141.10731506347656,801600
2024-01-03,RL,RL,144.2899932861328,145.07000732421875,142.30999755859375,142.58999633789062,137.7832489013672,795000
2024-01-04,RL,RL,145.1199951171875,145.1199951171875,142.33999633789062,142.63999938964844,137.83157348632812,852900
2024-01-05,RL,RL,143.3800048828125,145.13999938964844,142.89999389648438,142.9199981689453,138.1021270751953,626100
2024-01-08,RL,RL,143.35000610351562,146.1199951171875,143.35000610351562,145.3000030517578,140.4019317626953,491200
2024-01-09,RL,RL,144.07000732421875,145.0500030517578,142.9199981689453,143.11000061035156,138.28575134277344,633200
2024-01-10,RL,RL,142.88999938964844,144.8000030517578,141.94000244140625,143.75999450683594,138.913818359375,562900
2024-01-11,RL,RL,142.94000244140625,143.13999938964844,140.72000122070312,142.52999877929688,137.72528076171875,570500
2024-01-12,RL,RL,141.49000549316406,141.58999633789062,136.86000061035156,138.02000427246094,133.36734008789062,1258700
2024-01-16,RL,RL,136.75,138.39999389648438,135.1699981689453,137.6199951171875,132.9808349609375,1026000
2024-01-17,RL,RL,136.72000122070312,138.30999755859375,135.91000366210938,136.83999633789062,132.22711181640625,840400
2024-01-18,RL,RL,137.6199951171875,138.08999633789062,134.89999389648438,138.0,133.34800720214844,618100
2024-01-19,RL,RL,137.6300048828125,139.1199951171875,136.13999938964844,138.08999633789062,133.43495178222656,743500
2024-01-22,RL,RL,138.5800018310547,140.10000610351562,137.97999572753906,140.08999633789062,135.36752319335938,744100
2024-01-23,RL,RL,140.85000610351562,141.0399932861328,138.2100067138672,139.5399932861328,134.83607482910156,547700
2024-01-24,RL,RL,140.3699951171875,141.2899932861328,138.89999389648438,139.02999877929688,134.34327697753906,481300
2024-01-25,RL,RL,139.6300048828125,142.22999572753906,139.49000549316406,141.85000610351562,137.06822204589844,673500
2024-01-26,RL,RL,144.3300018310547,144.83999633789062,141.52000427246094,144.10000610351562,139.24237060546875,899400
2024-01-29,RL,RL,144.00999450683594,145.69000244140625,143.7100067138672,145.4499969482422,140.54685974121094,581700
2024-01-30,RL,RL,144.85000610351562,147.22999572753906,144.14999389648438,146.4600067138672,141.52281188964844,760700
2024-01-31,RL,RL,147.0,147.0,142.25999450683594,143.6699981689453,138.8268585205078,693600
2024-02-01,RL,RL,144.3699951171875,146.6699981689453,143.69000244140625,146.36000061035156,141.42616271972656,597100
2024-02-02,RL,RL,145.0800018310547,147.99000549316406,143.27000427246094,147.77000427246094,142.7886505126953,925700
2024-02-05,RL,RL,147.02999877929688,147.52999877929688,144.85000610351562,147.42999267578125,142.46006774902344,602300
2024-02-06,RL,RL,147.39999389648438,148.83999633789062,146.3300018310547,147.33999633789062,142.3731231689453,933600
2024-02-07,RL,RL,147.64999389648438,148.0,146.0,147.13999938964844,142.1798858642578,1170900
2024-02-08,RL,RL,163.57000732421875,173.94000244140625,161.32000732421875,171.85000610351562,166.05691528320312,4428100
2024-02-09,RL,RL,170.5500030517578,175.39999389648438,169.60000610351562,175.00999450683594,169.11038208007812,1760000
2024-02-12,RL,RL,174.82000732421875,178.32000732421875,173.8699951171875,177.8000030517578,171.80633544921875,1408300
2024-02-13,RL,RL,173.4199981689453,175.6199951171875,171.85000610351562,175.35000610351562,169.43894958496094,1357100
2024-02-14,RL,RL,177.2899932861328,177.75,171.3800048828125,177.6999969482422,171.70970153808594,1093800
2024-02-15,RL,RL,179.00999450683594,181.19000244140625,176.75,181.16000366210938,175.05307006835938,1165000
2024-02-16,RL,RL,180.0,183.0399932861328,179.75999450683594,180.85000610351562,174.75350952148438,817100
2024-02-20,RL,RL,180.0,183.3800048828125,179.47000122070312,183.35000610351562,177.16925048828125,1141500
2024-02-21,RL,RL,182.30999755859375,185.2899932861328,182.2899932861328,184.0800018310547,177.8746337890625,756700
2024-02-22,RL,RL,185.64999389648438,187.8699951171875,185.0399932861328,187.1300048828125,180.82180786132812,750200
2024-02-23,RL,RL,187.9600067138672,190.41000366210938,187.4199981689453,188.44000244140625,182.08767700195312,829600
2024-02-26,RL,RL,188.8000030517578,189.91000366210938,185.74000549316406,186.99000549316406,180.68653869628906,837300
2024-02-27,RL,RL,187.27999877929688,187.9199981689453,181.44000244140625,182.60000610351562,176.4445343017578,1404700
2024-02-28,RL,RL,181.10000610351562,184.24000549316406,180.4199981689453,183.6999969482422,177.5074462890625,943800
2024-02-29,RL,RL,183.4499969482422,186.99000549316406,183.4499969482422,185.9199981689453,179.652587890625,1074200
2024-03-01,RL,RL,186.2100067138672,187.9600067138672,184.86000061035156,184.99000549316406,178.75396728515625,695700
2024-03-04,RL,RL,179.99000549316406,181.07000732421875,177.24000549316406,178.17999267578125,172.17349243164062,2092400
2024-03-05,RL,RL,177.6300048828125,181.55999755859375,176.3000030517578,180.32000732421875,174.24139404296875,1260400
2024-03-06,RL,RL,181.07000732421875,183.16000366210938,177.89999389648438,179.22000122070312,173.17848205566406,1458800
2024-03-07,RL,RL,180.11000061035156,181.0500030517578,178.2100067138672,179.7100067138672,173.6519317626953,1052000
2024-03-08,RL,RL,179.8699951171875,181.02000427246094,175.1199951171875,176.02999877929688,170.09600830078125,1204000
2024-03-11,RL,RL,175.3000030517578,178.94000244140625,174.82000732421875,178.38999938964844,172.37644958496094,1106100
2024-03-12,RL,RL,178.3800048828125,181.16000366210938,177.38999938964844,180.4499969482422,174.3669891357422,1359000
2024-03-13,RL,RL,180.1199951171875,183.77000427246094,179.67999267578125,182.80999755859375,176.64743041992188,1129600
2024-03-14,RL,RL,183.80999755859375,184.41000366210938,180.89999389648438,182.25999450683594,176.115966796875,1004700
2024-03-15,RL,RL,182.3699951171875,183.52000427246094,180.52999877929688,181.60000610351562,175.47821044921875,1593000
2024-03-18,RL,RL,183.44000244140625,184.22000122070312,181.50999450683594,182.99000549316406,176.8213653564453,939100
2024-03-19,RL,RL,182.50999450683594,185.0800018310547,182.4600067138672,184.30999755859375,178.09689331054688,784100
2024-03-20,RL,RL,184.47999572753906,190.41000366210938,184.47999572753906,190.32000732421875,183.904296875,1126100
2024-03-21,RL,RL,191.1199951171875,192.02999877929688,188.9199981689453,190.4199981689453,184.0009002685547,863500
2024-03-22,RL,RL,188.64999389648438,189.74000549316406,187.3000030517578,187.60000610351562,181.27597045898438,618700
2024-03-25,RL,RL,187.3000030517578,187.74000549316406,182.14999389648438,182.8800048828125,176.71507263183594,722100
2024-03-26,RL,RL,184.82000732421875,186.41000366210938,182.67999267578125,182.88999938964844,176.7247772216797,921400
2024-03-27,RL,RL,184.38999938964844,186.55999755859375,184.1999969482422,186.5,180.95510864257812,529300
2024-03-28,RL,RL,186.00999450683594,188.14999389648438,185.64999389648438,187.75999450683594,182.17764282226562,519200
2024-04-01,RL,RL,186.22000122070312,186.22000122070312,183.75,184.6199951171875,179.13101196289062,818000
2024-04-02,RL,RL,176.0,177.85000610351562,173.27999877929688,176.19000244140625,170.95166015625,1396000
2024-04-03,RL,RL,175.6300048828125,176.27000427246094,172.25999450683594,173.13999938964844,167.99234008789062,1146800
2024-04-04,RL,RL,175.27999877929688,175.47000122070312,170.6199951171875,171.13999938964844,166.0518035888672,882100
2024-04-05,RL,RL,171.69000244140625,173.92999267578125,171.64999389648438,171.9499969482422,166.83767700195312,755200
2024-04-08,RL,RL,173.02000427246094,174.5,170.4199981689453,170.66000366210938,165.58604431152344,1301300
2024-04-09,RL,RL,170.61000061035156,170.97999572753906,166.9499969482422,169.67999267578125,164.63519287109375,1423500
2024-04-10,RL,RL,167.55999755859375,168.13999938964844,166.0,166.47000122070312,161.52064514160156,859800
2024-04-11,RL,RL,167.0500030517578,167.27999877929688,164.7100067138672,165.02000427246094,160.11373901367188,1002600
2024-04-12,RL,RL,163.64999389648438,164.02000427246094,160.11000061035156,160.2899932861328,155.5243377685547,1319900
2024-04-15,RL,RL,162.61000061035156,164.36000061035156,159.7899932861328,160.16000366210938,155.3982391357422,853000
2024-04-16,RL,RL,159.52000427246094,161.6699981689453,157.99000549316406,160.88999938964844,156.1065216064453,1037000
2024-04-17,RL,RL,162.22000122070312,162.8800048828125,158.85000610351562,159.25,154.51528930664062,720100
2024-04-18,RL,RL,159.74000549316406,159.82000732421875,157.0,157.3300018310547,152.65235900878906,1079500
2024-04-19,RL,RL,157.19000244140625,159.8000030517578,156.91000366210938,158.4600067138672,153.748779296875,876400
2024-04-22,RL,RL,159.41000366210938,162.69000244140625,158.88999938964844,161.97000122070312,157.15440368652344,1061200
2024-04-23,RL,RL,162.7899932861328,168.75,162.75999450683594,168.0800018310547,163.082763671875,1260800
2024-04-24,RL,RL,168.22999572753906,170.9199981689453,167.24000549316406,168.2100067138672,163.20889282226562,1069600
2024-04-25,RL,RL,165.99000549316406,167.08999633789062,162.3699951171875,166.92999267578125,161.96693420410156,823100
2024-04-26,RL,RL,166.3699951171875,168.27000427246094,165.2899932861328,166.47999572753906,161.53033447265625,704200
2024-04-29,RL,RL,167.27000427246094,168.63999938964844,165.92999267578125,167.02999877929688,162.06398010253906,674200
2024-04-30,RL,RL,166.60000610351562,166.86000061035156,163.5800018310547,163.63999938964844,158.7747802734375,831700
2024-05-01,RL,RL,163.22999572753906,165.63999938964844,161.80999755859375,163.6199951171875,158.7553253173828,1212100
2024-05-02,RL,RL,165.2899932861328,165.7100067138672,162.47000122070312,164.9199981689453,160.01670837402344,748900
2024-05-03,RL,RL,166.36000061035156,169.52000427246094,166.36000061035156,166.63999938964844,161.68557739257812,549400
2024-05-06,RL,RL,167.91000366210938,168.4499969482422,165.67999267578125,166.66000366210938,161.70498657226562,729700
2024-05-07,RL,RL,167.52999877929688,170.19000244140625,166.69000244140625,166.72000122070312,161.76319885253906,807800
2024-05-08,RL,RL,165.63999938964844,167.1999969482422,164.2100067138672,165.16000366210938,160.24957275390625,685000
2024-05-09,RL,RL,165.14999389648438,168.8699951171875,164.72000122070312,168.0399932861328,163.0439453125,583300
2024-05-10,RL,RL,167.72999572753906,168.14999389648438,166.19000244140625,167.14999389648438,162.18040466308594,752000
2024-05-13,RL,RL,168.27000427246094,169.32000732421875,165.52999877929688,165.61000061035156,160.6862030029297,803600
2024-05-14,RL,RL,166.61000061035156,167.82000732421875,165.5500030517578,166.30999755859375,161.36538696289062,611500
2024-05-15,RL,RL,167.25,168.57000732421875,165.97999572753906,166.97999572753906,162.0154571533203,756900
2024-05-16,RL,RL,167.6199951171875,168.82000732421875,165.0800018310547,166.08999633789062,161.1519012451172,995100
2024-05-17,RL,RL,166.6300048828125,168.25,166.0500030517578,167.8800048828125,162.88870239257812,823200
2024-05-20,RL,RL,167.52999877929688,169.33999633789062,165.3699951171875,166.94000244140625,161.97666931152344,1059500
2024-05-21,RL,RL,166.80999755859375,168.42999267578125,166.2100067138672,168.0,163.00511169433594,929800
2024-05-22,RL,RL,167.32000732421875,168.86000061035156,163.33999633789062,164.1999969482422,159.31814575195312,1557100
2024-05-23,RL,RL,160.02000427246094,171.39999389648438,159.10000610351562,169.57000732421875,164.52847290039062,2282600
2024-05-24,RL,RL,168.57000732421875,173.63999938964844,167.30999755859375,173.4499969482422,168.29312133789062,1330500
2024-05-28,RL,RL,174.57000732421875,181.7100067138672,173.6300048828125,181.25,175.8612060546875,1343600
2024-05-29,RL,RL,180.41000366210938,183.72999572753906,178.6300048828125,183.4199981689453,177.9666748046875,949300
2024-05-30,RL,RL,184.0,187.10000610351562,183.33999633789062,185.44000244140625,179.92660522460938,1131200
2024-05-31,RL,RL,186.1699981689453,187.5,184.97999572753906,186.8800048828125,181.32383728027344,1191600
2024-06-03,RL,RL,187.1999969482422,187.55999755859375,183.7100067138672,185.27999877929688,179.7713623046875,920500
2024-06-04,RL,RL,184.19000244140625,185.57000732421875,180.50999450683594,181.13999938964844,175.7544708251953,851800
2024-06-05,RL,RL,182.0,184.52999877929688,180.74000549316406,184.41000366210938,178.92726135253906,627200
2024-06-06,RL,RL,185.8000030517578,186.82000732421875,181.75,181.97999572753906,176.56948852539062,728700
2024-06-07,RL,RL,182.17999267578125,183.1300048828125,180.6699981689453,181.77000427246094,176.36573791503906,644700
2024-06-10,RL,RL,180.6199951171875,189.41000366210938,180.5,188.32000732421875,182.72100830078125,1094500
2024-06-11,RL,RL,187.5399932861328,187.60000610351562,183.4600067138672,186.30999755859375,180.77076721191406,512500
2024-06-12,RL,RL,188.6199951171875,190.05999755859375,186.2899932861328,186.2899932861328,180.75132751464844,936600
2024-06-13,RL,RL,186.27000427246094,186.77000427246094,183.50999450683594,186.3000030517578,180.7610626220703,701100
2024-06-14,RL,RL,184.52999877929688,186.55999755859375,179.6699981689453,179.67999267578125,174.33787536621094,661700
2024-06-17,RL,RL,179.36000061035156,183.82000732421875,179.32000732421875,182.92999267578125,177.49122619628906,952800
2024-06-18,RL,RL,181.72000122070312,182.58999633789062,180.1300048828125,181.88999938964844,176.482177734375,847300
2024-06-20,RL,RL,182.5,185.52000427246094,181.36000061035156,184.5800018310547,179.09219360351562,930700
2024-06-21,RL,RL,184.2100067138672,184.4600067138672,180.60000610351562,182.61000061035156,177.18075561523438,2172100
2024-06-24,RL,RL,182.39999389648438,184.72999572753906,181.49000549316406,183.9600067138672,178.49066162109375,574900
2024-06-25,RL,RL,185.05999755859375,186.22999572753906,182.07000732421875,182.24000549316406,176.82177734375,687800
2024-06-26,RL,RL,181.85000610351562,182.24000549316406,178.8699951171875,179.83999633789062,174.4931182861328,685200
2024-06-27,RL,RL,177.5399932861328,179.25,175.47999572753906,175.8699951171875,170.64112854003906,781800
2024-06-28,RL,RL,171.0399932861328,175.42999267578125,171.0399932861328,175.05999755859375,170.65577697753906,1153200
2024-07-01,RL,RL,175.64999389648438,176.0,169.44000244140625,172.07000732421875,167.74099731445312,867700
2024-07-02,RL,RL,171.91000366210938,172.6199951171875,168.63999938964844,168.74000549316406,164.49478149414062,887700
2024-07-03,RL,RL,169.0800018310547,169.4199981689453,167.07000732421875,167.72000122070312,163.5004425048828,438200
2024-07-05,RL,RL,167.2100067138672,169.22999572753906,166.5500030517578,168.6699981689453,164.42654418945312,825100
2024-07-08,RL,RL,170.22999572753906,177.11000061035156,170.0399932861328,177.07000732421875,172.61521911621094,1226500
2024-07-09,RL,RL,177.4600067138672,180.97999572753906,176.52999877929688,179.49000549316406,174.9743194580078,943400
2024-07-10,RL,RL,180.4199981689453,180.86000061035156,176.5500030517578,178.97999572753906,174.47715759277344,963600
2024-07-11,RL,RL,180.74000549316406,184.74000549316406,180.67999267578125,183.94000244140625,179.31236267089844,795900
2024-07-12,RL,RL,185.82000732421875,185.82000732421875,181.02999877929688,181.5800018310547,177.01173400878906,599600
2024-07-15,RL,RL,177.7899932861328,179.97999572753906,170.6199951171875,171.05999755859375,166.7563934326172,1120700
2024-07-16,RL,RL,171.99000549316406,174.41000366210938,169.3699951171875,173.19000244140625,168.83282470703125,1193700
2024-07-17,RL,RL,170.36000061035156,173.02000427246094,168.82000732421875,169.72000122070312,165.4501190185547,1061500
2024-07-18,RL,RL,170.60000610351562,174.1999969482422,167.22000122070312,167.77000427246094,163.54917907714844,659200
2024-07-19,RL,RL,167.13999938964844,168.36000061035156,165.0,165.30999755859375,161.1510772705078,812100
2024-07-22,RL,RL,166.63999938964844,168.36000061035156,163.4499969482422,168.2100067138672,163.97813415527344,585500
2024-07-23,RL,RL,167.49000549316406,170.0399932861328,166.5500030517578,167.00999450683594,162.8083038330078,395300
2024-07-24,RL,RL,166.67999267578125,167.75,163.22000122070312,163.91000366210938,159.78628540039062,576400
2024-07-25,RL,RL,164.1300048828125,164.4499969482422,159.0500030517578,161.13999938964844,157.0859832763672,724900
2024-07-26,RL,RL,163.7899932861328,169.5800018310547,162.66000366210938,168.10000610351562,163.87088012695312,554900
2024-07-29,RL,RL,168.33999633789062,173.7100067138672,167.63999938964844,173.52999877929688,169.1642608642578,611800
2024-07-30,RL,RL,174.13999938964844,174.47000122070312,170.57000732421875,173.1300048828125,168.7743377685547,540500
2024-07-31,RL,RL,175.0,177.44000244140625,173.60000610351562,175.58999633789062,171.1724090576172,666900
2024-08-01,RL,RL,175.52999877929688,176.42999267578125,168.82000732421875,172.60000610351562,168.25767517089844,824600
2024-08-02,RL,RL,166.7899932861328,167.82000732421875,161.49000549316406,164.39999389648438,160.2639617919922,1222500
2024-08-05,RL,RL,157.1300048828125,162.10000610351562,155.9600067138672,159.8000030517578,155.77967834472656,1179700
2024-08-06,RL,RL,161.92999267578125,167.85000610351562,160.1699981689453,164.9499969482422,160.8001251220703,1345400
2024-08-07,RL,RL,165.0,170.16000366210938,158.50999450683594,159.38999938964844,155.3800048828125,1251500
2024-08-08,RL,RL,161.9600067138672,163.08999633789062,159.39999389648438,161.6199951171875,157.55389404296875,892500
2024-08-09,RL,RL,160.77000427246094,162.4600067138672,156.69000244140625,162.16000366210938,158.080322265625,688800
2024-08-12,RL,RL,162.35000610351562,163.1699981689453,157.83999633789062,159.02999877929688,155.02908325195312,712800
2024-08-13,RL,RL,159.8800048828125,162.8699951171875,159.8800048828125,162.39999389648438,158.3142547607422,770300
2024-08-14,RL,RL,162.52000427246094,162.60000610351562,158.3699951171875,158.52999877929688,154.54164123535156,687600
2024-08-15,RL,RL,163.3000030517578,166.97000122070312,162.77999877929688,164.27000427246094,160.13723754882812,1041100
2024-08-16,RL,RL,163.99000549316406,165.08999633789062,161.42999267578125,163.27999877929688,159.17213439941406,889100
2024-08-19,RL,RL,164.3000030517578,167.1199951171875,163.8000030517578,167.00999450683594,162.8083038330078,948800
2024-08-20,RL,RL,166.9600067138672,167.77000427246094,164.55999755859375,166.74000549316406,162.5450897216797,740900
2024-08-21,RL,RL,168.5399932861328,171.08999633789062,167.7899932861328,170.13999938964844,165.8595428466797,960400
2024-08-22,RL,RL,170.91000366210938,171.32000732421875,168.11000061035156,169.02999877929688,164.7774658203125,646900
2024-08-23,RL,RL,170.0,174.83999633789062,169.27000427246094,174.5800018310547,170.18783569335938,769700
2024-08-26,RL,RL,175.0,176.0,171.02000427246094,171.13999938964844,166.8343963623047,512600
2024-08-27,RL,RL,170.39999389648438,172.58999633789062,169.41000366210938,172.4499969482422,168.1114501953125,400000
2024-08-28,RL,RL,170.2100067138672,170.89999389648438,167.32000732421875,169.47000122070312,165.2064208984375,530600
2024-08-29,RL,RL,170.38999938964844,172.1999969482422,168.24000549316406,170.6699981689453,166.376220703125,442600
2024-08-30,RL,RL,171.88999938964844,171.88999938964844,168.8800048828125,171.25999450683594,166.9513702392578,449900
2024-09-03,RL,RL,169.91000366210938,175.83999633789062,169.05999755859375,173.8800048828125,169.50546264648438,767500
2024-09-04,RL,RL,172.47000122070312,174.0,171.1300048828125,172.35000610351562,168.0139617919922,467200
2024-09-05,RL,RL,172.44000244140625,174.0,171.5800018310547,173.39999389648438,169.0375213623047,500000
2024-09-06,RL,RL,173.02999877929688,175.0,170.49000549316406,172.85000610351562,168.50137329101562,1012200
2024-09-09,RL,RL,173.02999877929688,176.58999633789062,172.3699951171875,173.69000244140625,169.32025146484375,782100
2024-09-10,RL,RL,173.33999633789062,173.33999633789062,169.92999267578125,172.6999969482422,168.3551483154297,665100
2024-09-11,RL,RL,172.6199951171875,175.02999877929688,170.25999450683594,174.89999389648438,170.4998016357422,686100
2024-09-12,RL,RL,174.9199981689453,175.7100067138672,173.58999633789062,175.36000061035156,170.94822692871094,892000
2024-09-13,RL,RL,177.39999389648438,181.1300048828125,177.02999877929688,178.63999938964844,174.14572143554688,772600
2024-09-16,RL,RL,179.02000427246094,182.4199981689453,179.02000427246094,181.44000244140625,176.87527465820312,691900
2024-09-17,RL,RL,182.2899932861328,184.8800048828125,181.85000610351562,184.2100067138672,179.5756072998047,540200
2024-09-18,RL,RL,183.8000030517578,186.25999450683594,182.5,183.61000061035156,178.9906768798828,713200
2024-09-19,RL,RL,186.58999633789062,187.92999267578125,184.0500030517578,184.75999450683594,180.11175537109375,653300
2024-09-20,RL,RL,185.25,185.94000244140625,182.99000549316406,185.30999755859375,180.6479034423828,1320000
2024-09-23,RL,RL,185.6699981689453,187.9600067138672,184.60000610351562,185.89999389648438,181.22303771972656,696300
2024-09-24,RL,RL,188.6300048828125,191.0,186.66000366210938,190.61000061035156,185.8145294189453,736600
2024-09-25,RL,RL,190.97000122070312,191.5399932861328,188.5,189.30999755859375,184.54725646972656,657200
2024-09-26,RL,RL,194.00999450683594,197.8300018310547,193.41000366210938,197.61000061035156,192.63844299316406,902700
2024-09-27,RL,RL,200.07000732421875,200.1699981689453,195.91000366210938,196.52999877929688,192.38882446289062,708200
2024-09-30,RL,RL,196.5,196.5,192.02999877929688,193.8699951171875,189.78488159179688,485600
2024-10-01,RL,RL,193.19000244140625,193.77000427246094,190.17999267578125,192.22999572753906,188.179443359375,685200
2024-10-02,RL,RL,190.8000030517578,193.19000244140625,190.33999633789062,193.1199951171875,189.05067443847656,525900
2024-10-03,RL,RL,191.0,194.13999938964844,189.0,192.41000366210938,188.35565185546875,697200
2024-10-04,RL,RL,195.3300018310547,198.36000061035156,193.27000427246094,196.1699981689453,192.0364227294922,531400
2024-10-07,RL,RL,195.52000427246094,196.92999267578125,192.6699981689453,195.5500030517578,191.42947387695312,606000
2024-10-08,RL,RL,194.72999572753906,196.3800048828125,193.91000366210938,194.57000732421875,190.47015380859375,446800
2024-10-09,RL,RL,195.32000732421875,197.0,195.16000366210938,195.72999572753906,191.6056671142578,344400
2024-10-10,RL,RL,195.8000030517578,199.3000030517578,194.97999572753906,199.1199951171875,194.9242401123047,545700
2024-10-11,RL,RL,199.0800018310547,202.88999938964844,197.86000061035156,201.88999938964844,197.63587951660156,556400
2024-10-14,RL,RL,201.36000061035156,206.74000549316406,200.6199951171875,206.10000610351562,201.75717163085938,582500
2024-10-15,RL,RL,205.57000732421875,206.41000366210938,200.0,201.25,197.00936889648438,848800
2024-10-16,RL,RL,202.72000122070312,204.25999450683594,201.75,202.1300048828125,197.87083435058594,556900
2024-10-17,RL,RL,203.52999877929688,205.07000732421875,202.17999267578125,202.94000244140625,198.66375732421875,504700
2024-10-18,RL,RL,204.35000610351562,207.05999755859375,202.8800048828125,206.24000549316406,201.8942108154297,418600
2024-10-21,RL,RL,206.24000549316406,206.24000549316406,202.30999755859375,203.5399932861328,199.25112915039062,430200
2024-10-22,RL,RL,201.74000549316406,201.91000366210938,199.0,199.19000244140625,194.99276733398438,457200
2024-10-23,RL,RL,198.16000366210938,199.3300018310547,196.10000610351562,196.50999450683594,192.36924743652344,479500
2024-10-24,RL,RL,199.11000061035156,199.11000061035156,197.16000366210938,197.94000244140625,193.7691192626953,417400
2024-10-25,RL,RL,199.72000122070312,201.30999755859375,196.86000061035156,197.58999633789062,193.4264678955078,682900
2024-10-28,RL,RL,199.97999572753906,203.91000366210938,199.97999572753906,203.02999877929688,198.7518768310547,509700
2024-10-29,RL,RL,200.89999389648438,204.72000122070312,199.8699951171875,203.55999755859375,199.2707061767578,429400
2024-10-30,RL,RL,201.89999389648438,204.50999450683594,201.4600067138672,201.69000244140625,197.44009399414062,418900
2024-10-31,RL,RL,202.17999267578125,203.50999450683594,197.8699951171875,197.92999267578125,193.7593231201172,629100
2024-11-01,RL,RL,198.0399932861328,198.36000061035156,194.72000122070312,197.66000366210938,193.49501037597656,530900
2024-11-04,RL,RL,198.50999450683594,203.4199981689453,198.00999450683594,199.88999938964844,195.6780242919922,532400
2024-11-05,RL,RL,199.17999267578125,203.6199951171875,198.61000061035156,203.36000061035156,199.07492065429688,763400
2024-11-06,RL,RL,206.6199951171875,208.47999572753906,203.52000427246094,208.0399932861328,203.6562957763672,1293700
2024-11-07,RL,RL,229.94000244140625,237.16000366210938,216.8699951171875,221.6999969482422,217.0284423828125,1724000
2024-11-08,RL,RL,221.38999938964844,224.75999450683594,218.08999633789062,222.5800018310547,217.88992309570312,816100
2024-11-11,RL,RL,224.89999389648438,225.41000366210938,213.52000427246094,213.8699951171875,209.3634490966797,975900
2024-11-12,RL,RL,211.83999633789062,213.22000122070312,209.02000427246094,209.58999633789062,205.1736297607422,865000
2024-11-13,RL,RL,210.82000732421875,212.74000549316406,209.63999938964844,210.77000427246094,206.32879638671875,466700
2024-11-14,RL,RL,211.97000122070312,213.39999389648438,210.6199951171875,211.47000122070312,207.01402282714844,395000
2024-11-15,RL,RL,211.2899932861328,211.89999389648438,207.6699981689453,208.3800048828125,203.98912048339844,450600
2024-11-18,RL,RL,209.67999267578125,209.67999267578125,207.24000549316406,207.8300018310547,203.45071411132812,635900
2024-11-19,RL,RL,205.27999877929688,207.0,201.89999389648438,205.52999877929688,201.19918823242188,696300
2024-11-20,RL,RL,205.24000549316406,205.9600067138672,200.88999938964844,202.14999389648438,197.89039611816406,969500
2024-11-21,RL,RL,202.25,207.4199981689453,201.6300048828125,207.1199951171875,202.7556610107422,798900
2024-11-22,RL,RL,208.55999755859375,213.4199981689453,208.5399932861328,212.14999389648438,207.67967224121094,683900
2024-11-25,RL,RL,214.6699981689453,222.14999389648438,214.42999267578125,220.0,215.36427307128906,1060300
2024-11-26,RL,RL,218.25,223.77999877929688,216.82000732421875,223.24000549316406,218.5360107421875,793900
2024-11-27,RL,RL,223.86000061035156,226.63999938964844,221.25999450683594,222.6699981689453,217.97801208496094,622600
2024-11-29,RL,RL,223.85000610351562,231.92999267578125,223.1300048828125,231.39999389648438,226.52407836914062,613100
2024-12-02,RL,RL,231.39999389648438,235.00999450683594,230.0399932861328,233.41000366210938,228.49169921875,977500
2024-12-03,RL,RL,235.0399932861328,235.6199951171875,231.0399932861328,231.82000732421875,226.93521118164062,629600
2024-12-04,RL,RL,231.3000030517578,234.5800018310547,230.9600067138672,232.8699951171875,227.96310424804688,501600
2024-12-05,RL,RL,231.61000061035156,236.5800018310547,231.61000061035156,233.19000244140625,228.2763671875,590400
2024-12-06,RL,RL,235.1999969482422,236.99000549316406,229.66000366210938,230.74000549316406,225.87799072265625,711800
2024-12-09,RL,RL,232.1199951171875,235.0,227.77999877929688,228.1300048828125,223.32298278808594,662100
2024-12-10,RL,RL,228.32000732421875,228.9199981689453,226.02999877929688,227.4499969482422,222.65728759765625,359800
2024-12-11,RL,RL,227.52000427246094,230.0,224.82000732421875,227.41000366210938,222.61814880371094,700600
2024-12-12,RL,RL,226.50999450683594,228.6199951171875,225.7899932861328,226.05999755859375,221.2965850830078,523100
2024-12-13,RL,RL,227.0500030517578,228.38999938964844,224.97000122070312,227.4499969482422,222.65728759765625,443500
2024-12-16,RL,RL,227.35000610351562,233.57000732421875,226.7100067138672,231.66000366210938,226.77859497070312,478200
2024-12-17,RL,RL,230.77999877929688,230.77999877929688,226.08999633789062,227.92999267578125,223.12716674804688,744600
2024-12-18,RL,RL,227.22000122070312,229.77999877929688,221.07000732421875,221.19000244140625,216.52920532226562,738400
2024-12-19,RL,RL,223.64999389648438,224.72000122070312,221.14999389648438,222.4600067138672,217.77244567871094,627900
2024-12-20,RL,RL,221.50999450683594,233.27000427246094,221.50999450683594,230.27999877929688,225.42764282226562,1629100
2024-12-23,RL,RL,229.02000427246094,231.7100067138672,227.27999877929688,230.41000366210938,225.554931640625,504600
2024-12-24,RL,RL,229.9600067138672,231.57000732421875,229.02999877929688,231.57000732421875,226.69049072265625,194100
2024-12-26,RL,RL,229.8699951171875,233.6999969482422,229.8699951171875,232.6199951171875,227.7183380126953,488100
2024-12-27,RL,RL,229.67999267578125,232.24000549316406,228.5399932861328,229.5500030517578,225.51283264160156,414900
2024-12-30,RL,RL,226.02000427246094,232.27999877929688,224.77999877929688,232.22000122070312,228.1358642578125,592600
2024-12-31,RL,RL,234.1999969482422,235.4499969482422,230.66000366210938,230.97999572753906,226.91769409179688,692400
2025-01-02,RL,RL,232.27000427246094,235.0,229.8000030517578,231.55999755859375,227.4875030517578,596100
2025-01-03,RL,RL,232.25,235.99000549316406,229.8300018310547,234.49000549316406,230.36595153808594,485300
2025-01-06,RL,RL,237.32000732421875,243.66000366210938,237.32000732421875,242.9600067138672,238.68699645996094,967500
2025-01-07,RL,RL,243.75999450683594,245.9199981689453,241.02000427246094,242.52000427246094,238.25473022460938,609100
2025-01-08,RL,RL,241.05999755859375,244.52000427246094,238.94000244140625,243.0500030517578,238.77542114257812,788400
2025-01-10,RL,RL,241.6999969482422,241.6999969482422,236.3800048828125,237.33999633789062,233.16583251953125,693700
2025-01-13,RL,RL,234.27999877929688,236.5399932861328,228.00999450683594,236.5,232.34060668945312,827600
2025-01-14,RL,RL,238.63999938964844,241.1699981689453,235.4499969482422,237.52999877929688,233.3524932861328,628400
2025-01-15,RL,RL,241.5500030517578,243.1300048828125,232.39999389648438,236.72000122070312,232.55673217773438,628100
2025-01-16,RL,RL,242.5800018310547,242.5800018310547,236.30999755859375,237.72000122070312,233.53915405273438,520600
2025-01-17,RL,RL,239.72000122070312,242.67999267578125,237.02999877929688,240.4600067138672,236.23097229003906,618500
2025-01-21,RL,RL,244.0,248.5,243.08999633789062,247.72999572753906,243.37310791015625,932300
2025-01-22,RL,RL,247.61000061035156,250.9499969482422,246.72999572753906,250.4199981689453,246.0157928466797,659300
2025-01-23,RL,RL,248.97000122070312,256.7099914550781,248.2100067138672,256.5199890136719,252.00848388671875,752900
2025-01-24,RL,RL,256.010009765625,257.4100036621094,254.72999572753906,256.0,251.4976348876953,512900
2025-01-27,RL,RL,251.5,252.88999938964844,245.05999755859375,247.7100067138672,243.35345458984375,608700
2025-01-28,RL,RL,248.5,257.8999938964844,248.5,257.45001220703125,252.92213439941406,613600
2025-01-29,RL,RL,258.2200012207031,260.7699890136719,255.97000122070312,256.80999755859375,252.29339599609375,713500
2025-01-30,RL,RL,255.80999755859375,259.5,253.97999572753906,258.5,253.9536590576172,551100
2025-01-31,RL,RL,257.510009765625,257.95001220703125,249.4199981689453,249.6999969482422,245.30845642089844,737000
2025-02-03,RL,RL,237.22999572753906,246.8800048828125,235.67999267578125,246.0,241.67352294921875,1080600
2025-02-04,RL,RL,249.10000610351562,250.7899932861328,246.30999755859375,246.85000610351562,242.50857543945312,719700
2025-02-05,RL,RL,244.85000610351562,250.50999450683594,244.7100067138672,249.0,244.6207733154297,936600
2025-02-06,RL,RL,285.5,289.3299865722656,270.5299987792969,273.1400146484375,268.3362121582031,2446800
2025-02-07,RL,RL,276.8500061035156,277.0400085449219,266.2799987792969,268.95001220703125,264.2199401855469,938800
2025-02-10,RL,RL,267.9800109863281,269.7099914550781,262.92999267578125,268.54998779296875,263.8269348144531,783300
2025-02-11,RL,RL,266.760009765625,272.94000244140625,266.6099853515625,272.1700134277344,267.38330078125,724900
2025-02-12,RL,RL,272.760009765625,274.20001220703125,269.94000244140625,273.010009765625,268.20849609375,619800
2025-02-13,RL,RL,274.92999267578125,278.8299865722656,270.67999267578125,278.5299987792969,273.6314392089844,737200
2025-02-14,RL,RL,278.45001220703125,284.5299987792969,277.489990234375,282.6300048828125,277.6593017578125,731000
2025-02-18,RL,RL,284.7300109863281,287.0299987792969,282.3299865722656,286.739990234375,281.6969909667969,715900
2025-02-19,RL,RL,282.7799987792969,289.1199951171875,281.9200134277344,286.44000244140625,281.4023132324219,729500
2025-02-20,RL,RL,285.0,287.29998779296875,281.80999755859375,286.5,281.4612731933594,661900
2025-02-21,RL,RL,286.3299865722656,287.45001220703125,275.95001220703125,277.67999267578125,272.79638671875,859200
2025-02-24,RL,RL,278.2799987792969,279.6000061035156,270.05999755859375,275.6499938964844,270.8020324707031,884800
2025-02-25,RL,RL,275.010009765625,275.45001220703125,263.7099914550781,268.1700134277344,263.45361328125,1419100
2025-02-26,RL,RL,270.8900146484375,281.0799865722656,270.42999267578125,275.7900085449219,270.9396057128906,787800
2025-02-27,RL,RL,276.0,277.3699951171875,269.260009765625,270.7300109863281,265.9685974121094,469100
2025-02-28,RL,RL,269.5799865722656,272.2099914550781,267.2300109863281,271.1400146484375,266.3714294433594,636700
2025-03-03,RL,RL,272.4100036621094,273.54998779296875,260.6099853515625,262.3599853515625,257.74578857421875,806300
2025-03-04,RL,RL,260.0,260.8299865722656,247.5399932861328,252.72000122070312,248.2753448486328,1225200
2025-03-05,RL,RL,253.32000732421875,254.0800018310547,245.9199981689453,250.4499969482422,246.04527282714844,1075000
2025-03-06,RL,RL,244.99000549316406,249.6199951171875,237.72000122070312,238.33999633789062,234.14825439453125,936600
2025-03-07,RL,RL,237.14999389648438,237.27999877929688,221.22999572753906,232.6300048828125,228.53866577148438,1004000
2025-03-10,RL,RL,226.1699981689453,227.0399932861328,213.00999450683594,218.39999389648438,214.55892944335938,1661600
2025-03-11,RL,RL,220.0,226.91000366210938,218.8000030517578,223.1999969482422,219.27450561523438,1444900
2025-03-12,RL,RL,228.94000244140625,233.41000366210938,222.77000427246094,225.25999450683594,221.2982940673828,976600
2025-03-13,RL,RL,224.77000427246094,224.77000427246094,215.44000244140625,216.67999267578125,212.8691864013672,1182200
2025-03-14,RL,RL,221.00999450683594,221.00999450683594,215.58999633789062,220.30999755859375,216.4353485107422,1028400
2025-03-17,RL,RL,218.94000244140625,221.3300018310547,214.00999450683594,220.02000427246094,216.1504669189453,826200
2025-03-18,RL,RL,224.39999389648438,226.16000366210938,218.1300048828125,219.82000732421875,215.95394897460938,1252800
2025-03-19,RL,RL,218.0,225.83999633789062,217.00999450683594,224.57000732421875,220.62042236328125,944400
2025-03-20,RL,RL,222.4499969482422,227.7899932861328,221.75,225.1300048828125,221.1705780029297,910000
2025-03-21,RL,RL,220.9199981689453,226.47000122070312,218.66000366210938,224.02999877929688,220.0899200439453,2324300
2025-03-24,RL,RL,227.77999877929688,237.30999755859375,227.14999389648438,236.0399932861328,231.888671875,1357700
2025-03-25,RL,RL,234.69000244140625,236.35000610351562,230.30999755859375,231.72999572753906,227.65447998046875,640100
2025-03-26,RL,RL,231.6199951171875,232.2100067138672,225.75999450683594,228.77000427246094,224.74656677246094,616300
2025-03-27,RL,RL,226.02000427246094,228.83999633789062,222.05999755859375,225.16000366210938,221.20005798339844,812600
2025-03-28,RL,RL,221.5,222.4499969482422,212.0500030517578,215.67999267578125,212.6659698486328,1127400
2025-03-31,RL,RL,211.83999633789062,222.10000610351562,208.9499969482422,220.74000549316406,217.65528869628906,1571000
2025-04-01,RL,RL,221.8300018310547,228.99000549316406,221.19000244140625,228.9199981689453,225.72097778320312,1402700
2025-04-02,RL,RL,224.4600067138672,238.08999633789062,223.72999572753906,236.35000610351562,233.04714965820312,1002500
2025-04-03,RL,RL,208.99000549316406,212.86000061035156,193.0,197.88999938964844,195.12461853027344,3346600
2025-04-04,RL,RL,186.75999450683594,205.83999633789062,181.25,197.6199951171875,194.85838317871094,3061000
2025-04-07,RL,RL,190.99000549316406,203.8000030517578,184.60000610351562,193.1699981689453,190.47056579589844,1999500
2025-04-08,RL,RL,202.6300048828125,202.6300048828125,178.74000549316406,182.33999633789062,179.7919158935547,1499000
2025-04-09,RL,RL,180.52999877929688,214.99000549316406,176.61000061035156,208.3699951171875,205.45814514160156,2074800
2025-04-10,RL,RL,200.05999755859375,201.49000549316406,189.8000030517578,194.6699981689453,191.94956970214844,1905500
2025-04-11,RL,RL,192.3699951171875,200.02999877929688,188.69000244140625,197.9199981689453,195.1541748046875,975400
2025-04-14,RL,RL,205.1999969482422,205.27000427246094,196.57000732421875,201.75,198.9306640625,928900
2025-04-15,RL,RL,200.4199981689453,204.83999633789062,200.2100067138672,203.25999450683594,200.4195556640625,972900
2025-04-16,RL,RL,201.4600067138672,204.44000244140625,198.00999450683594,202.0500030517578,199.22645568847656,873700
2025-04-17,RL,RL,202.85000610351562,207.72000122070312,202.58999633789062,206.5,203.61427307128906,726400
2025-04-21,RL,RL,204.72000122070312,204.72000122070312,198.6199951171875,204.0399932861328,201.1886444091797,815800
2025-04-22,RL,RL,207.1199951171875,211.38999938964844,204.9499969482422,209.58999633789062,206.66110229492188,724200
2025-04-23,RL,RL,219.35000610351562,225.3300018310547,212.52000427246094,212.52999877929688,209.5600128173828,1059900
2025-04-24,RL,RL,214.63999938964844,221.8000030517578,213.6999969482422,220.14999389648438,217.0735321044922,912600
2025-04-25,RL,RL,219.08999633789062,221.5500030517578,217.00999450683594,219.9600067138672,216.88619995117188,741700
2025-04-28,RL,RL,220.61000061035156,223.33999633789062,218.55999755859375,221.9499969482422,218.84837341308594,760400
2025-04-29,RL,RL,220.3699951171875,224.33999633789062,219.0,223.9499969482422,220.8204345703125,599100
2025-04-30,RL,RL,218.02000427246094,225.5500030517578,214.22999572753906,224.9499969482422,221.80645751953125,673600
2025-05-01,RL,RL,225.47000122070312,228.99000549316406,223.55999755859375,224.50999450683594,221.37258911132812,725900
2025-05-02,RL,RL,229.0800018310547,234.5399932861328,228.0500030517578,232.6300048828125,229.37913513183594,566500
2025-05-05,RL,RL,230.80999755859375,240.38999938964844,230.6300048828125,237.80999755859375,234.48672485351562,786300
2025-05-06,RL,RL,233.85000610351562,239.1300048828125,231.86000061035156,237.19000244140625,233.8754119873047,571500
2025-05-07,RL,RL,239.88999938964844,241.6300048828125,237.8300018310547,240.3699951171875,237.01097106933594,788700
2025-05-08,RL,RL,248.6300048828125,256.04998779296875,246.0800018310547,251.47000122070312,247.95584106445312,1038900
2025-05-09,RL,RL,251.7899932861328,251.7899932861328,246.72000122070312,248.74000549316406,245.2639923095703,680800
2025-05-12,RL,RL,265.55999755859375,271.5799865722656,259.8299865722656,264.510009765625,260.8136291503906,972400
2025-05-13,RL,RL,266.2699890136719,273.07000732421875,266.0,269.7900085449219,266.0198059082031,713100
2025-05-14,RL,RL,269.1499938964844,271.20001220703125,267.7200012207031,269.54998779296875,265.783203125,873000
2025-05-15,RL,RL,267.1400146484375,270.2099914550781,265.67999267578125,269.1000061035156,265.33953857421875,733500
2025-05-16,RL,RL,269.44000244140625,275.6099853515625,268.42999267578125,274.5299987792969,270.693603515625,695700
2025-05-19,RL,RL,271.7900085449219,278.3800048828125,268.9599914550781,277.6700134277344,273.7897033691406,869800
2025-05-20,RL,RL,278.0,283.67999267578125,276.5,280.20001220703125,276.2843933105469,760600
2025-05-21,RL,RL,277.17999267578125,277.8599853515625,271.80999755859375,273.8800048828125,270.05267333984375,1245800
2025-05-22,RL,RL,263.7699890136719,281.17999267578125,263.17999267578125,277.4200134277344,273.5432434082031,1557100
2025-05-23,RL,RL,268.3800048828125,275.1300048828125,267.29998779296875,274.0799865722656,270.2498779296875,1043600
2025-05-27,RL,RL,276.0299987792969,286.3599853515625,276.0299987792969,286.2200012207031,282.2202453613281,791400
2025-05-28,RL,RL,284.94000244140625,286.7699890136719,283.5299987792969,284.1600036621094,280.18902587890625,593200
2025-05-29,RL,RL,285.5299987792969,286.4599914550781,276.92999267578125,277.7300109863281,273.8489074707031,755300
2025-05-30,RL,RL,275.0,278.45001220703125,272.79998779296875,276.80999755859375,272.9417419433594,666900
2025-06-02,RL,RL,276.1099853515625,276.7900085449219,272.3699951171875,275.92999267578125,272.07403564453125,599000
2025-06-03,RL,RL,276.1000061035156,283.4599914550781,276.1000061035156,281.82000732421875,277.8817443847656,693600
2025-06-04,RL,RL,282.1499938964844,282.1499938964844,277.8299865722656,277.8599853515625,273.9770202636719,572400
2025-06-05,RL,RL,277.1700134277344,278.44000244140625,273.0,275.1199951171875,271.27532958984375,653800
2025-06-06,RL,RL,274.3299865722656,276.9100036621094,271.70001220703125,274.79998779296875,270.9598083496094,569000
2025-06-09,RL,RL,276.5400085449219,276.5400085449219,267.67999267578125,270.32000732421875,266.5424499511719,883600
2025-06-10,RL,RL,271.010009765625,272.32000732421875,266.29998779296875,267.9800109863281,264.2351379394531,857100
2025-06-11,RL,RL,270.92999267578125,272.9800109863281,267.1700134277344,267.6700134277344,263.92950439453125,669600
2025-06-12,RL,RL,265.6300048828125,268.07000732421875,264.1099853515625,267.20001220703125,263.4660339355469,606000
2025-06-13,RL,RL,263.010009765625,265.3999938964844,258.1300048828125,260.2099914550781,256.57373046875,919400
2025-06-16,RL,RL,264.79998779296875,271.260009765625,263.42999267578125,270.32000732421875,266.5424499511719,839500
2025-06-17,RL,RL,267.6199951171875,268.79998779296875,263.9700012207031,265.42999267578125,261.72076416015625,848500
2025-06-18,RL,RL,266.69000244140625,268.57000732421875,264.29998779296875,267.80999755859375,264.0675048828125,687800
2025-06-20,RL,RL,269.19000244140625,270.1199951171875,260.8900146484375,264.1600036621094,260.4685363769531,1202500
2025-06-23,RL,RL,262.04998779296875,271.9200134277344,259.29998779296875,270.54998779296875,266.76922607421875,880500
2025-06-24,RL,RL,274.0400085449219,276.3999938964844,270.6499938964844,273.7900085449219,269.96392822265625,571400
2025-06-25,RL,RL,273.5,277.4100036621094,272.29998779296875,274.8699951171875,271.02886962890625,574400
2025-06-26,RL,RL,274.9700012207031,275.6300048828125,271.5400085449219,273.489990234375,269.6681213378906,526600
2025-06-27,RL,RL,275.2200012207031,277.5799865722656,270.8900146484375,276.3500061035156,273.4008483886719,620000
2025-06-30,RL,RL,277.3699951171875,278.0,271.6099853515625,274.2799987792969,271.35296630859375,611500
2025-07-01,RL,RL,273.44000244140625,279.6000061035156,271.17999267578125,272.1000061035156,269.19622802734375,837000
2025-07-02,RL,RL,271.9100036621094,275.67999267578125,266.20001220703125,274.5199890136719,271.59039306640625,782200
2025-07-03,RL,RL,275.1199951171875,280.4700012207031,275.1199951171875,279.80999755859375,276.8239440917969,352200
2025-07-07,RL,RL,278.0400085449219,287.75,278.0400085449219,285.80999755859375,282.7599182128906,838000
2025-07-08,RL,RL,285.8299865722656,287.5,282.8800048828125,284.9200134277344,281.8794250488281,627700
2025-07-09,RL,RL,287.0299987792969,291.5400085449219,285.75,290.55999755859375,287.4591979980469,636300
2025-07-10,RL,RL,292.19000244140625,295.5199890136719,289.6700134277344,289.8699951171875,286.7765808105469,616700
2025-07-11,RL,RL,288.79998779296875,290.1700134277344,285.0,286.989990234375,283.92730712890625,526500
2025-07-14,RL,RL,287.04998779296875,289.7300109863281,285.55999755859375,288.989990234375,285.90594482421875,462700
2025-07-15,RL,RL,290.7900085449219,292.3599853515625,285.3900146484375,286.04998779296875,282.9973449707031,399100
2025-07-16,RL,RL,286.5299987792969,287.510009765625,280.3900146484375,284.69000244140625,281.6518859863281,606300
2025-07-17,RL,RL,286.0799865722656,287.82000732421875,283.4800109863281,286.260009765625,283.2051086425781,531500
2025-07-18,RL,RL,287.7200012207031,291.07000732421875,284.9800109863281,289.489990234375,286.400634765625,506300
2025-07-21,RL,RL,291.4200134277344,293.6700134277344,288.739990234375,288.760009765625,285.6784362792969,592300
2025-07-22,RL,RL,289.2699890136719,291.010009765625,286.0799865722656,288.30999755859375,285.23321533203125,517200
2025-07-23,RL,RL,293.3399963378906,299.0,292.8399963378906,294.3299865722656,291.1889953613281,529500
2025-07-24,RL,RL,294.5199890136719,298.6600036621094,293.4599914550781,295.3500061035156,292.1981201171875,926200
2025-07-25,RL,RL,298.80999755859375,299.0199890136719,293.6000061035156,298.2300109863281,295.04736328125,446800
2025-07-28,RL,RL,300.9200134277344,303.6400146484375,298.54998779296875,301.7200012207031,298.5001220703125,576900
2025-07-29,RL,RL,301.9200134277344,302.5,297.739990234375,300.80999755859375,297.599853515625,644900
2025-07-30,RL,RL,302.6000061035156,306.3399963378906,301.8299865722656,303.2099914550781,299.9742126464844,706500
2025-07-31,RL,RL,304.3299865722656,304.3299865722656,298.4800109863281,298.75,295.56182861328125,593600
2025-08-01,RL,RL,292.2099914550781,295.9100036621094,286.6400146484375,293.7699890136719,290.63494873046875,676000
2025-08-04,RL,RL,300.010009765625,304.510009765625,297.2200012207031,304.45001220703125,301.20098876953125,582100
2025-08-05,RL,RL,304.8500061035156,306.2099914550781,298.010009765625,299.239990234375,296.0466003417969,766600
2025-08-06,RL,RL,299.5400085449219,303.1700134277344,298.2099914550781,302.9599914550781,299.72686767578125,933100
2025-08-07,RL,RL,294.7099914550781,294.7099914550781,273.0400085449219,283.3399963378906,280.3162841796875,2266900
2025-08-08,RL,RL,285.04998779296875,292.45001220703125,282.79998779296875,288.260009765625,285.18377685546875,1068800
2025-08-11,RL,RL,289.82000732421875,291.5199890136719,285.7200012207031,288.55999755859375,285.4805908203125,595900
2025-08-12,RL,RL,290.0400085449219,300.04998779296875,290.0400085449219,299.67999267578125,296.4819030761719,597500
2025-08-13,RL,RL,301.3800048828125,304.3299865722656,296.7900085449219,302.1400146484375,298.9156799316406,617100
2025-08-14,RL,RL,297.92999267578125,297.92999267578125,287.3699951171875,290.3900146484375,287.2910461425781,752100
2025-08-15,RL,RL,291.3800048828125,292.2900085449219,287.20001220703125,290.6099853515625,287.5086669921875,764200
2025-08-18,RL,RL,290.3999938964844,292.54998779296875,286.8500061035156,289.6600036621094,286.56884765625,668600
2025-08-19,RL,RL,290.0,290.1000061035156,284.4200134277344,285.3500061035156,282.3048400878906,487600
2025-08-20,RL,RL,284.1000061035156,287.69000244140625,283.5,286.2200012207031,283.1655578613281,589800
2025-08-21,RL,RL,284.0,286.55999755859375,283.70001220703125,285.4599914550781,282.4136657714844,581600
2025-08-22,RL,RL,285.0,293.1499938964844,284.32000732421875,285.79998779296875,282.7500305175781,594400
2025-08-25,RL,RL,286.1099853515625,291.0899963378906,286.1099853515625,287.3900146484375,284.32305908203125,449900
2025-08-26,RL,RL,288.5899963378906,293.7799987792969,287.0299987792969,293.20001220703125,290.0710754394531,595700
2025-08-27,RL,RL,296.57000732421875,297.6000061035156,292.6000061035156,294.6400146484375,291.4956970214844,613200
2025-08-28,RL,RL,296.5199890136719,299.95001220703125,295.8999938964844,297.6400146484375,294.46368408203125,443800
2025-08-29,RL,RL,297.1499938964844,298.8699951171875,295.3800048828125,296.92999267578125,293.7612609863281,578800
2025-09-02,RL,RL,293.25,311.45001220703125,292.8999938964844,311.0199890136719,307.70086669921875,827800
2025-09-03,RL,RL,310.1300048828125,317.3399963378906,310.1000061035156,313.3599853515625,310.0158996582031,514800
2025-09-04,RL,RL,312.6000061035156,321.5,312.6000061035156,320.75,317.3270263671875,566900
2025-09-05,RL,RL,321.1700134277344,321.7699890136719,309.9200134277344,312.0199890136719,308.6902160644531,628700
2025-09-08,RL,RL,315.0299987792969,319.0,307.05999755859375,308.989990234375,305.6925354003906,615000
2025-09-09,RL,RL,308.9700012207031,310.07000732421875,304.0400085449219,309.7900085449219,306.4840393066406,490600
2025-09-10,RL,RL,311.1700134277344,315.19000244140625,308.5199890136719,312.5799865722656,309.24420166015625,630100
2025-09-11,RL,RL,315.05999755859375,316.5799865722656,311.9599914550781,316.3500061035156,312.9740295410156,581500
2025-09-12,RL,RL,314.7900085449219,317.7200012207031,312.05999755859375,315.1400146484375,311.7769470214844,518100
2025-09-15,RL,RL,314.6000061035156,318.79998779296875,313.54998779296875,315.7699890136719,312.4001770019531,571600
2025-09-16,RL,RL,305.989990234375,316.1400146484375,303.3800048828125,314.6600036621094,311.30206298828125,749700
2025-09-17,RL,RL,317.6499938964844,318.239990234375,301.7699890136719,306.1199951171875,302.8531494140625,921000
2025-09-18,RL,RL,309.29998779296875,315.1499938964844,307.6700134277344,313.9800109863281,310.6293029785156,505000
2025-09-19,RL,RL,314.6099853515625,316.42999267578125,311.6099853515625,312.45001220703125,309.1156311035156,1432500
2025-09-22,RL,RL,313.8299865722656,313.8299865722656,306.45001220703125,307.6499938964844,304.3668518066406,512100
2025-09-23,RL,RL,308.05999755859375,312.32000732421875,306.1099853515625,310.6499938964844,307.3348083496094,430000
2025-09-24,RL,RL,310.6300048828125,314.5,309.54998779296875,312.010009765625,308.6802978515625,671700
2025-09-25,RL,RL,307.9599914550781,307.9599914550781,299.9800109863281,302.8900146484375,299.65765380859375,623000
2025-09-26,RL,RL,309.4800109863281,312.57000732421875,307.0799865722656,311.9700012207031,309.57391357421875,483100
2025-09-29,RL,RL,313.9100036621094,313.94000244140625,304.4599914550781,308.6400146484375,306.26947021484375,455500
2025-09-30,RL,RL,312.3999938964844,317.739990234375,311.0199890136719,313.55999755859375,311.15167236328125,1040900
2025-10-01,RL,RL,312.760009765625,317.8599853515625,312.3800048828125,317.4200134277344,314.9820251464844,541600
2025-10-02,RL,RL,319.54998779296875,322.6400146484375,314.92999267578125,322.3800048828125,319.9039306640625,505000
2025-10-03,RL,RL,323.6000061035156,325.80999755859375,321.70001220703125,321.80999755859375,319.33831787109375,454900
2025-10-06,RL,RL,322.4100036621094,324.2099914550781,315.0899963378906,321.1000061035156,318.6337585449219,573900
2025-10-07,RL,RL,322.8699951171875,325.5299987792969,317.8599853515625,324.7699890136719,322.27557373046875,474400
2025-10-08,RL,RL,325.4200134277344,329.75,321.42999267578125,329.0299987792969,326.5028381347656,397100
2025-10-09,RL,RL,329.1499938964844,330.1099853515625,321.8999938964844,322.92999267578125,320.4496765136719,298200
2025-10-10,RL,RL,323.9200134277344,323.9200134277344,308.25,309.4200134277344,307.0434875488281,594500
2025-10-13,RL,RL,314.20001220703125,321.75,314.20001220703125,317.2300109863281,314.79351806640625,410300
2025-10-14,RL,RL,312.7300109863281,320.0,309.8500061035156,317.9200134277344,315.47821044921875,475800
2025-10-15,RL,RL,322.760009765625,325.9599914550781,316.760009765625,318.44000244140625,315.99420166015625,525600
2025-10-16,RL,RL,319.0,324.0,317.3999938964844,323.1600036621094,320.67791748046875,414400
2025-10-17,RL,RL,320.8500061035156,328.04998779296875,320.32000732421875,327.760009765625,325.2426452636719,413900
2025-10-20,RL,RL,328.2799987792969,333.1400146484375,325.3900146484375,333.0,330.4423522949219,401900
2025-10-21,RL,RL,334.2799987792969,340.6099853515625,331.6400146484375,334.9800109863281,332.4071350097656,398000
2025-10-22,RL,RL,334.2099914550781,336.19000244140625,329.2799987792969,332.1199951171875,329.5691223144531,420300
2025-10-23,RL,RL,334.1000061035156,340.0299987792969,331.94000244140625,336.2900085449219,333.7071228027344,406800
2025-10-24,RL,RL,337.6499938964844,341.8999938964844,334.82000732421875,335.6700134277344,333.09185791015625,503100
2025-10-27,RL,RL,340.05999755859375,340.05999755859375,335.739990234375,337.57000732421875,334.9772644042969,436700
2025-10-28,RL,RL,337.2900085449219,337.29998779296875,331.1000061035156,331.20001220703125,328.65618896484375,435100
2025-10-29,RL,RL,328.5400085449219,330.7799987792969,326.42999267578125,327.5799865722656,325.0639953613281,441300
2025-10-30,RL,RL,328.3299865722656,330.25,320.80999755859375,322.8800048828125,320.40008544921875,526900
2025-10-31,RL,RL,323.4100036621094,325.3900146484375,318.25,319.6600036621094,317.204833984375,680000
2025-11-03,RL,RL,323.0400085449219,323.0899963378906,309.69000244140625,314.95001220703125,312.5309753417969,962300
2025-11-04,RL,RL,309.9700012207031,313.4800109863281,307.3399963378906,309.2900085449219,306.9144592285156,753100
2025-11-05,RL,RL,307.3699951171875,319.69000244140625,306.54998779296875,316.8999938964844,314.4660339355469,1016500
2025-11-06,RL,RL,325.94000244140625,337.55999755859375,308.4100036621094,315.0400085449219,312.62030029296875,1861800
2025-11-07,RL,RL,317.510009765625,328.1700134277344,315.7200012207031,324.67999267578125,322.1862487792969,665300
2025-11-10,RL,RL,329.3399963378906,337.0400085449219,328.6600036621094,334.7099914550781,332.1392517089844,638700
2025-11-11,RL,RL,333.54998779296875,337.5199890136719,330.05999755859375,333.7799987792969,331.21636962890625,523300
2025-11-12,RL,RL,336.8299865722656,342.989990234375,335.5400085449219,340.2099914550781,337.5969543457031,494100
2025-11-13,RL,RL,338.7300109863281,341.4100036621094,331.6099853515625,332.7699890136719,330.214111328125,444100
2025-11-14,RL,RL,329.57000732421875,335.8900146484375,325.6099853515625,331.4800109863281,328.9340515136719,399000
2025-11-17,RL,RL,331.6199951171875,333.19000244140625,320.9100036621094,324.1000061035156,321.6107177734375,538400
2025-11-18,RL,RL,321.2099914550781,329.2699890136719,320.6000061035156,328.260009765625,325.7388000488281,542900
2025-11-19,RL,RL,327.0,332.7799987792969,326.3999938964844,330.8800048828125,328.3386535644531,457800
2025-11-20,RL,RL,336.0,338.489990234375,326.94000244140625,326.9599914550781,324.4487609863281,481500
2025-11-21,RL,RL,329.260009765625,343.44000244140625,329.239990234375,339.8800048828125,337.26953125,759400
2025-11-24,RL,RL,339.6499938964844,351.260009765625,337.8699951171875,349.9800109863281,347.29193115234375,828100
2025-11-25,RL,RL,351.0,365.80999755859375,351.0,364.5,361.7004089355469,1068200
2025-11-26,RL,RL,364.8599853515625,374.0,364.3800048828125,371.2200012207031,368.36883544921875,643400
2025-11-28,RL,RL,371.32000732421875,373.67999267578125,367.07000732421875,367.3299865722656,364.5086975097656,328600
2025-12-01,RL,RL,364.0,372.0400085449219,363.010009765625,365.8800048828125,363.06982421875,751800
2025-12-02,RL,RL,365.8800048828125,366.989990234375,355.04998779296875,355.8900146484375,353.15655517578125,772300
2025-12-03,RL,RL,357.29998779296875,362.3900146484375,355.8900146484375,358.1499938964844,355.3992004394531,668300
2025-12-04,RL,RL,355.1000061035156,359.1199951171875,349.3999938964844,356.9700012207031,354.228271484375,514100
2025-12-05,RL,RL,356.75,368.7300109863281,356.0,368.4200134277344,365.59033203125,850200
2025-12-08,RL,RL,365.5199890136719,365.80999755859375,352.5199890136719,356.44000244140625,353.70233154296875,867400
2025-12-09,RL,RL,356.54998779296875,361.2699890136719,355.20001220703125,355.5299987792969,352.7993469238281,638800
2025-12-10,RL,RL,355.67999267578125,360.70001220703125,348.5899963378906,357.70001220703125,354.9526672363281,873600
2025-12-11,RL,RL,356.6400146484375,370.2200012207031,356.0199890136719,367.6199951171875,364.79644775390625,551400
2025-12-12,RL,RL,371.3500061035156,374.6199951171875,367.07000732421875,370.2200012207031,367.37646484375,649300
2025-12-15,RL,RL,374.70001220703125,377.7200012207031,370.92999267578125,371.70001220703125,368.8451232910156,1091800
2025-12-16,RL,RL,373.0899963378906,376.6099853515625,369.239990234375,369.30999755859375,366.4734802246094,1019300
2025-12-17,RL,RL,372.8999938964844,374.739990234375,364.9800109863281,365.7200012207031,362.91107177734375,720600
2025-12-18,RL,RL,368.8500061035156,380.0,368.3900146484375,370.05999755859375,367.21771240234375,827100
2025-12-19,RL,RL,369.3800048828125,371.6099853515625,360.3399963378906,362.5299987792969,359.74554443359375,1563200
2025-12-22,RL,RL,365.4100036621094,369.6600036621094,362.0,367.29998779296875,364.4789123535156,475900
2025-12-23,RL,RL,367.0,367.94000244140625,359.20001220703125,362.739990234375,359.95391845703125,457000
2025-12-24,RL,RL,362.739990234375,363.9800109863281,358.8900146484375,361.5199890136719,358.7432861328125,218400
2025-12-26,RL,RL,360.6199951171875,360.6199951171875,356.239990234375,358.1099853515625,356.2591857910156,348100
2025-12-29,RL,RL,355.0400085449219,357.82000732421875,353.989990234375,356.8900146484375,355.0455322265625,482000
2025-12-30,RL,RL,356.19000244140625,359.510009765625,352.3800048828125,358.6600036621094,356.8063659667969,612700
2025-12-31,RL,RL,359.70001220703125,360.0,353.5299987792969,353.6099853515625,351.782470703125,366100
2026-01-02,RL,RL,355.0,362.55999755859375,354.8699951171875,362.5299987792969,360.6563720703125,458500
2026-01-05,RL,RL,362.69000244140625,367.4599914550781,357.239990234375,358.5199890136719,356.6671142578125,677500
2026-01-06,RL,RL,357.3500061035156,366.0799865722656,355.1499938964844,363.2200012207031,361.3428039550781,612700
2026-01-07,RL,RL,361.32000732421875,364.32000732421875,357.3699951171875,360.94000244140625,359.0746154785156,385200
2026-01-08,RL,RL,362.69000244140625,370.1300048828125,361.9599914550781,365.07000732421875,363.1832580566406,379200
2026-01-09,RL,RL,369.010009765625,373.489990234375,362.8900146484375,369.80999755859375,367.89874267578125,442500
2026-01-12,RL,RL,364.989990234375,366.6600036621094,357.0299987792969,363.25,361.3726501464844,439000
2026-01-13,RL,RL,362.2300109863281,371.5,362.04998779296875,366.1099853515625,364.2178649902344,537600
2026-01-14,RL,RL,367.80999755859375,369.1300048828125,358.760009765625,362.8599853515625,360.9846496582031,445500
2026-01-15,RL,RL,363.92999267578125,373.8699951171875,363.92999267578125,369.1499938964844,367.24212646484375,417500
2026-01-16,RL,RL,367.8999938964844,369.2900085449219,362.6700134277344,363.04998779296875,361.1736755371094,432900
2026-01-20,RL,RL,360.8699951171875,366.4800109863281,358.0799865722656,360.2200012207031,358.3583068847656,502400
2026-01-21,RL,RL,363.0199890136719,373.4200134277344,362.4800109863281,369.5799865722656,367.669921875,709100
2026-01-22,RL,RL,371.8599853515625,377.07000732421875,361.0799865722656,363.79998779296875,361.9197998046875,400200
2026-01-23,RL,RL,362.57000732421875,367.8299865722656,361.80999755859375,367.3699951171875,365.4713439941406,401800
2026-01-26,RL,RL,367.4200134277344,369.4800109863281,356.1199951171875,360.32000732421875,358.4577941894531,427600
2026-01-27,RL,RL,361.9599914550781,362.67999267578125,355.6199951171875,357.7900085449219,355.9408874511719,479500
2026-01-28,RL,RL,357.25,357.7799987792969,350.1300048828125,352.989990234375,351.1656494140625,647400
2026-01-29,RL,RL,352.6199951171875,360.489990234375,349.5799865722656,355.0899963378906,353.25482177734375,429100
2026-01-30,RL,RL,353.4700012207031,356.9800109863281,352.1300048828125,353.4100036621094,351.5835266113281,461300
2026-02-02,RL,RL,352.79998779296875,357.1300048828125,350.3599853515625,356.5400085449219,354.69732666015625,481400
2026-02-03,RL,RL,357.82000732421875,358.0799865722656,348.239990234375,354.0400085449219,352.2102355957031,796900
2026-02-04,RL,RL,355.92999267578125,358.4599914550781,343.69000244140625,354.70001220703125,352.8668518066406,1193600
2026-02-05,RL,RL,325.4800109863281,341.510009765625,320.0,338.6600036621094,336.90972900390625,2250000
2026-02-06,RL,RL,341.8999938964844,347.2300109863281,337.0899963378906,342.8900146484375,341.1178894042969,925500
2026-02-09,RL,RL,342.9100036621094,350.69000244140625,336.8800048828125,348.1499938964844,346.3506774902344,717600
2026-02-10,RL,RL,349.5400085449219,362.6400146484375,347.010009765625,356.17999267578125,354.33917236328125,952700
2026-02-11,RL,RL,360.4200134277344,365.1499938964844,357.5,359.510009765625,357.6520080566406,793600
2026-02-12,RL,RL,363.2900085449219,368.75,357.6300048828125,363.05999755859375,361.1836242675781,891800
2026-02-13,RL,RL,362.8599853515625,372.5,358.6600036621094,369.17999267578125,367.2720031738281,539600
2026-02-17,RL,RL,374.04998779296875,375.5,364.5,370.5,368.5851745605469,681000
2026-02-18,RL,RL,368.0199890136719,380.8599853515625,368.0199890136719,378.0799865722656,376.1260070800781,510800
2026-02-19,RL,RL,377.0,379.57000732421875,370.45001220703125,376.8399963378906,374.8924255371094,376700
2026-02-20,RL,RL,375.7300109863281,389.1499938964844,374.79998779296875,385.0299987792969,383.0400695800781,509600
2026-02-23,RL,RL,379.94000244140625,384.55999755859375,358.0,365.0400085449219,363.1534118652344,977400
2026-02-24,RL,RL,365.9700012207031,375.4200134277344,364.92999267578125,374.1300048828125,372.1964416503906,493600
2026-02-25,RL,RL,375.3500061035156,378.6400146484375,370.8500061035156,377.07000732421875,375.1212158203125,491800
2026-02-26,RL,RL,378.3900146484375,384.7699890136719,377.6300048828125,378.8500061035156,376.8920593261719,415300
2026-02-27,RL,RL,374.2200012207031,375.57000732421875,360.1199951171875,362.6000061035156,360.72601318359375,807400
2026-03-02,RL,RL,354.25,358.4599914550781,347.0,354.1300048828125,352.2997741699219,642300
2026-03-03,RL,RL,342.2300109863281,362.70001220703125,340.7200012207031,360.8800048828125,359.014892578125,1159800
2026-03-04,RL,RL,362.8500061035156,368.0,356.94000244140625,359.80999755859375,357.950439453125,447000
2026-03-05,RL,RL,356.8999938964844,360.1099853515625,350.260009765625,353.4200134277344,351.5934753417969,603300
2026-03-06,RL,RL,352.5799865722656,352.5799865722656,337.1000061035156,338.3599853515625,336.61126708984375,691000
2026-03-09,RL,RL,331.1700134277344,345.260009765625,325.0199890136719,344.1199951171875,342.3415222167969,788900
2026-03-10,RL,RL,344.0299987792969,354.07000732421875,342.3299865722656,346.1700134277344,344.3809509277344,343100
2026-03-11,RL,RL,345.3999938964844,348.3599853515625,338.32000732421875,338.95001220703125,337.1982421875,542800
2026-03-12,RL,RL,333.30999755859375,339.0,330.0,335.0899963378906,333.3581848144531,454500
2026-03-13,RL,RL,337.29998779296875,337.5799865722656,329.17999267578125,330.7300109863281,329.0207214355469,557800
2026-03-16,RL,RL,334.1099853515625,342.6499938964844,333.739990234375,339.239990234375,337.4867248535156,432000
2026-03-17,RL,RL,343.989990234375,351.8800048828125,341.3800048828125,349.2099914550781,347.4051818847656,769300
2026-03-18,RL,RL,346.67999267578125,349.9100036621094,341.4599914550781,341.6199951171875,339.85443115234375,582300
2026-03-19,RL,RL,338.8599853515625,344.3399963378906,335.04998779296875,340.2099914550781,338.4516906738281,696500
2026-03-20,RL,RL,338.0,341.54998779296875,327.0,329.8699951171875,328.1651611328125,913100
2026-03-23,RL,RL,336.1400146484375,347.67999267578125,335.7099914550781,339.1099853515625,337.3573913574219,658300
2026-03-24,RL,RL,340.1499938964844,346.1600036621094,337.739990234375,343.5,341.7247009277344,748500
2026-03-25,RL,RL,349.8900146484375,354.0199890136719,340.8999938964844,345.92999267578125,344.14215087890625,444400
2026-03-26,RL,RL,343.5400085449219,347.3900146484375,333.3500061035156,333.6400146484375,331.91571044921875,530800
2026-03-27,RL,RL,329.1600036621094,334.67999267578125,324.3399963378906,327.82000732421875,327.0206604003906,655900
2026-03-30,RL,RL,330.2699890136719,332.9200134277344,325.8999938964844,326.6000061035156,325.80364990234375,823600
2026-03-31,RL,RL,331.8299865722656,346.5,331.8299865722656,343.989990234375,343.1512145996094,874500
2026-04-01,RL,RL,347.2300109863281,357.5,344.2699890136719,353.010009765625,352.14923095703125,677900
2026-04-02,RL,RL,345.95001220703125,355.9800109863281,340.2300109863281,348.0199890136719,347.17138671875,672500
2026-04-06,RL,RL,352.3599853515625,359.0400085449219,349.45001220703125,358.5899963378906,357.71563720703125,557700
2026-04-07,RL,RL,355.0,355.0,347.3900146484375,349.5299987792969,348.6777038574219,483800
2026-04-08,RL,RL,368.0,376.8800048828125,366.94000244140625,375.3999938964844,374.484619140625,687100
2026-04-09,RL,RL,373.8299865722656,387.260009765625,372.3399963378906,385.1400146484375,384.2008972167969,489800
2026-04-10,RL,RL,383.1000061035156,385.0400085449219,373.2799987792969,379.8699951171875,378.9437255859375,429200
2026-04-13,RL,RL,372.30999755859375,378.07000732421875,367.8299865722656,376.9800109863281,376.060791015625,752000
2026-04-14,RL,RL,378.7699890136719,384.9599914550781,372.1199951171875,373.0,372.0904846191406,552200
2026-04-15,RL,RL,369.7900085449219,375.5400085449219,366.3500061035156,369.3599853515625,368.4593505859375,473200
2026-04-16,RL,RL,372.6700134277344,375.5,366.30999755859375,369.70001220703125,368.7985534667969,507100
2026-04-17,RL,RL,377.4200134277344,388.9200134277344,377.4200134277344,386.8800048828125,385.9366455078125,690200
2026-04-20,RL,RL,385.8699951171875,391.1199951171875,382.5,389.5199890136719,388.5701904296875,500200
2026-04-21,RL,RL,389.3699951171875,393.4100036621094,380.9200134277344,386.7699890136719,385.826904296875,672500
2026-04-22,RL,RL,389.0899963378906,389.5299987792969,371.5899963378906,375.2900085449219,374.3749084472656,427300
2026-04-23,RL,RL,379.0,382.54998779296875,369.989990234375,371.1400146484375,370.23504638671875,504900
2026-04-24,RL,RL,372.2300109863281,375.05999755859375,369.3399963378906,371.239990234375,370.33477783203125,359600
2026-04-27,RL,RL,370.8500061035156,371.9599914550781,362.8699951171875,370.3800048828125,369.47686767578125,394400
2026-04-28,RL,RL,371.1099853515625,373.3599853515625,364.5199890136719,366.8699951171875,365.9754333496094,370300
2026-04-29,RL,RL,363.8800048828125,366.489990234375,359.0,359.45001220703125,358.57354736328125,381600
2026-04-30,RL,RL,362.94000244140625,364.2099914550781,358.010009765625,358.6400146484375,357.7655334472656,584900
2026-05-01,RL,RL,360.9800109863281,364.57000732421875,357.57000732421875,362.2099914550781,361.3267822265625,398800
2026-05-04,RL,RL,360.5799865722656,363.3399963378906,350.4700012207031,354.2900085449219,353.4261169433594,435400
2026-05-05,RL,RL,357.4200134277344,361.2099914550781,352.489990234375,360.0199890136719,359.1421203613281,358000
2026-05-06,RL,RL,367.4599914550781,374.94000244140625,360.80999755859375,372.1499938964844,371.2425537109375,430600
2026-05-07,RL,RL,372.69000244140625,373.6000061035156,352.17999267578125,353.54998779296875,352.6878967285156,842100
2026-05-08,RL,RL,357.9200134277344,363.55999755859375,353.32000732421875,358.45001220703125,357.57598876953125,578500
2026-05-11,RL,RL,356.1199951171875,356.6700134277344,340.010009765625,343.1000061035156,342.2633972167969,616500
2026-05-12,RL,RL,339.2300109863281,341.7799987792969,330.6300048828125,337.1400146484375,336.31793212890625,966900
2026-05-13,RL,RL,335.80999755859375,338.2699890136719,327.7799987792969,331.6199951171875,330.8113708496094,797000
2026-05-14,RL,RL,333.5400085449219,335.25,330.0,334.04998779296875,333.2354431152344,566900
2026-05-15,RL,RL,332.010009765625,332.010009765625,325.5899963378906,326.80999755859375,326.01312255859375,549900
2026-05-18,RL,RL,326.57000732421875,333.25,324.5299987792969,325.8699951171875,325.0754089355469,878000
2026-05-19,RL,RL,328.75,329.760009765625,320.2099914550781,320.69000244140625,319.9080505371094,1020800
2026-05-20,RL,RL,321.0,335.8599853515625,317.2300109863281,329.239990234375,328.43719482421875,1426700
2026-05-21,RL,RL,363.0,381.8900146484375,356.8500061035156,374.8999938964844,373.98583984375,2116500
2026-05-22,RL,RL,377.17999267578125,381.30999755859375,371.57000732421875,377.7799987792969,376.85882568359375,885600
2026-05-26,RL,RL,385.0,392.1000061035156,381.0400085449219,381.7799987792969,380.8490905761719,949100
2026-05-27,RL,RL,387.3699951171875,389.05999755859375,375.7799987792969,376.2300109863281,375.3126220703125,715100
2026-05-28,RL,RL,372.010009765625,378.760009765625,370.1499938964844,370.7699890136719,369.86590576171875,550000
2026-05-29,RL,RL,369.3900146484375,369.75,362.5,363.8999938964844,363.0126647949219,918700
2026-06-01,RL,RL,361.760009765625,371.1199951171875,360.6099853515625,366.30999755859375,365.41680908203125,674900
2026-06-02,RL,RL,364.2300109863281,367.2699890136719,358.1300048828125,363.510009765625,362.6236267089844,643900
2026-06-03,RL,RL,362.5400085449219,363.7300109863281,357.75,359.42999267578125,358.5535583496094,486500
2026-06-04,RL,RL,360.2799987792969,366.8800048828125,355.0,366.7200012207031,365.8258056640625,682800
2026-06-05,RL,RL,365.04998779296875,369.4100036621094,360.6499938964844,366.54998779296875,365.6562194824219,593000
2026-06-08,RL,RL,365.0199890136719,375.80999755859375,364.05999755859375,372.8500061035156,371.94085693359375,700700
2026-06-09,RL,RL,378.2900085449219,393.4200134277344,374.260009765625,391.1600036621094,390.2062072753906,806100
2026-06-10,RL,RL,388.4700012207031,391.0199890136719,375.6199951171875,376.42999267578125,375.5121154785156,899200
2026-06-11,RL,RL,379.4100036621094,395.1600036621094,379.010009765625,393.29998779296875,392.3409729003906,453900
2026-06-12,RL,RL,400.0,405.489990234375,396.1300048828125,403.9800109863281,402.9949645996094,794800
2026-06-15,RL,RL,413.92999267578125,421.6000061035156,410.8500061035156,412.3599853515625,411.3544921875,1191800
2026-06-16,RL,RL,414.8500061035156,416.5199890136719,405.94000244140625,406.75,405.7582092285156,558900
2026-06-17,RL,RL,405.760009765625,417.0199890136719,403.3900146484375,403.8500061035156,402.8652648925781,909200
2026-06-18,RL,RL,412.2300109863281,418.2099914550781,407.0799865722656,413.010009765625,412.0029296875,1136000
2026-06-22,RL,RL,414.95001220703125,419.8599853515625,408.6499938964844,410.9200134277344,409.91802978515625,628200
2026-06-23,RL,RL,405.510009765625,408.9800109863281,398.2200012207031,407.010009765625,406.017578125,590100
2026-06-24,RL,RL,408.8399963378906,417.07000732421875,408.8399963378906,414.25,413.2398986816406,541200
2026-06-25,RL,RL,414.6400146484375,417.9200134277344,408.4800109863281,410.1099853515625,409.1099853515625,503900
2026-06-26,RL,RL,407.32000732421875,418.6300048828125,407.32000732421875,411.1600036621094,411.1600036621094,1392900
2026-06-29,RL,RL,409.5899963378906,411.9599914550781,396.6400146484375,397.6099853515625,397.6099853515625,724700
2026-06-30,RL,RL,395.7300109863281,407.54998779296875,395.19000244140625,401.4100036621094,401.4100036621094,535300
2026-07-01,RL,RL,402.04998779296875,404.6199951171875,396.6000061035156,398.0199890136719,398.0199890136719,499700
2026-07-02,RL,RL,397.54998779296875,405.7099914550781,392.3599853515625,398.2200012207031,398.2200012207031,627800
2026-07-06,RL,RL,401.6400146484375,402.3800048828125,392.5299987792969,396.32000732421875,396.32000732421875,633200
2026-07-07,RL,RL,399.0,399.32000732421875,392.7699890136719,395.30999755859375,395.30999755859375,447600
2026-07-08,RL,RL,393.0199890136719,393.0199890136719,380.1499938964844,380.3599853515625,380.3599853515625,780900
2026-07-09,RL,RL,381.260009765625,389.82000732421875,379.6099853515625,387.5799865722656,387.5799865722656,648000
2026-07-10,RL,RL,387.9100036621094,399.0,387.8699951171875,394.8999938964844,394.8999938964844,434000
2026-07-13,RL,RL,394.8800048828125,397.82000732421875,371.8399963378906,374.489990234375,374.489990234375,908800
2026-07-14,RL,RL,378.05999755859375,380.8599853515625,367.0,368.9700012207031,368.9700012207031,628200
2026-07-15,RL,RL,367.70001220703125,381.0899963378906,367.5899963378906,374.0799865722656,374.0799865722656,515000
2026-07-16,RL,RL,372.1099853515625,389.1099853515625,370.4100036621094,388.1099853515625,388.1099853515625,682900
2026-07-17,RL,RL,386.1499938964844,388.1300048828125,378.8500061035156,380.45001220703125,380.45001220703125,549500
2026-07-20,RL,RL,383.489990234375,387.5400085449219,374.54998779296875,376.4800109863281,376.4800109863281,409600
2026-07-21,RL,RL,385.75,387.82000732421875,381.0,382.92999267578125,382.92999267578125,479900
2026-07-22,RL,RL,383.3699951171875,388.1600036621094,381.6199951171875,387.1400146484375,387.1400146484375,474300
2026-07-23,RL,RL,381.45001220703125,382.1199951171875,370.1700134277344,371.69000244140625,371.69000244140625,512200
2026-07-24,RL,RL,368.6499938964844,379.8699951171875,366.92999267578125,373.5799865722656,373.5799865722656,315800
2026-07-27,RL,RL,374.239990234375,383.57000732421875,374.2300109863281,379.94000244140625,379.94000244140625,536300
2026-07-28,RL,RL,382.7200012207031,388.0299987792969,377.2200012207031,377.4599914550781,377.4599914550781,501000
2026-07-29,RL,RL,372.9200134277344,379.92999267578125,367.57000732421875,375.67999267578125,375.67999267578125,577500
2026-07-30,RL,RL,378.1600036621094,388.1300048828125,376.0,385.9100036621094,385.9100036621094,427500
2026-07-31,RL,RL,386.7900085449219,387.2900085449219,380.1000061035156,380.3399963378906,380.3399963378906,439200
2026-08-03,RL,RL,392.0,392.94000244140625,373.45001220703125,380.1700134277344,380.1700134277344,602700
2026-08-04,RL,RL,382.510009765625,385.0,376.70001220703125,377.9200134277344,377.9200134277344,924600
2026-08-05,RL,RL,379.760009765625,392.4700012207031,379.760009765625,380.7799987792969,380.7799987792969,987400
2026-08-06,RL,RL,375.0,411.19000244140625,371.92999267578125,395.8299865722656,395.8299865722656,1263700
2026-08-07,RL,RL,395.55999755859375,400.45001220703125,386.2900085449219,395.5299987792969,395.5299987792969,709500
2026-08-10,RL,RL,399.55999755859375,407.7900085449219,395.9200134277344,406.8900146484375,406.8900146484375,708200
2026-08-11,RL,RL,404.17999267578125,406.5199890136719,396.0400085449219,397.7200012207031,397.7200012207031,581000
2026-08-12,RL,RL,402.6199951171875,403.5400085449219,388.3800048828125,396.3500061035156,396.3500061035156,593300
2026-08-13,RL,RL,396.6300048828125,397.8500061035156,385.010009765625,387.3900146484375,387.3900146484375,576300
2026-08-14,RL,RL,386.8299865722656,391.6099853515625,382.8399963378906,388.9200134277344,388.9200134277344,459800
2026-08-17,RL,RL,384.9100036621094,386.739990234375,379.260009765625,379.30999755859375,379.30999755859375,476400
2026-08-18,RL,RL,380.30999755859375,385.5199890136719,377.5400085449219,378.25,378.25,466600
2026-08-19,RL,RL,384.0,384.0,377.1099853515625,377.9599914550781,377.9599914550781,328600
2026-08-20,RL,RL,374.7300109863281,374.7300109863281,365.69000244140625,372.5199890136719,372.5199890136719,574500
2026-08-21,RL,RL,378.489990234375,380.0,371.2900085449219,372.5899963378906,372.5899963378906,533900
2026-08-24,RL,RL,371.3800048828125,375.6300048828125,367.3299865722656,370.82000732421875,370.82000732421875,570800
2026-08-25,RL,RL,374.1199951171875,374.1199951171875,362.2200012207031,362.6000061035156,362.6000061035156,611500
2026-08-26,RL,RL,364.239990234375,365.510009765625,357.4599914550781,362.32000732421875,362.32000732421875,487100
2026-08-27,RL,RL,358.2799987792969,361.989990234375,350.79998779296875,351.8999938964844,351.8999938964844,753900
2026-08-28,RL,RL,356.0,357.25,350.010009765625,354.0400085449219,354.0400085449219,512000
2026-08-31,RL,RL,356.04998779296875,356.04998779296875,343.0,346.8999938964844,346.8999938964844,802000
2026-09-01,RL,RL,341.9800109863281,345.75,339.0299987792969,340.82000732421875,340.82000732421875,812800
2026-09-02,RL,RL,344.5899963378906,345.5899963378906,335.2099914550781,336.5,336.5,787800
2026-09-03,RL,RL,337.989990234375,344.5400085449219,335.2200012207031,344.20001220703125,344.20001220703125,762600
2026-09-04,RL,RL,340.8699951171875,352.489990234375,340.8699951171875,351.20001220703125,351.20001220703125,682900
