Date,Symbol,DownloadSymbol,Open,High,Low,Close,Adj Close,Volume
2016-07-14,VMC,VMC,126.43000030517578,126.8499984741211,124.08000183105469,124.7300033569336,114.24211883544922,849400
2016-07-15,VMC,VMC,125.13999938964844,125.61000061035156,124.33999633789062,124.80000305175781,114.30622100830078,646900
2016-07-18,VMC,VMC,124.87999725341797,125.41999816894531,123.88999938964844,124.98999786376953,114.4802474975586,655700
2016-07-19,VMC,VMC,124.37000274658203,125.02999877929688,123.77999877929688,124.61000061035156,114.1322021484375,765700
2016-07-20,VMC,VMC,124.75,126.23999786376953,123.94000244140625,125.48999786376953,114.93820190429688,649800
2016-07-21,VMC,VMC,125.16999816894531,125.63999938964844,124.0,125.41999816894531,114.87408447265625,917200
2016-07-22,VMC,VMC,125.70999908447266,126.68000030517578,125.48999786376953,126.4000015258789,115.77167510986328,548700
2016-07-25,VMC,VMC,126.01000213623047,126.94000244140625,124.9800033569336,125.12000274658203,114.59931945800781,885400
2016-07-26,VMC,VMC,124.55999755859375,124.94000244140625,123.44000244140625,124.36000061035156,113.90323638916016,1120700
2016-07-27,VMC,VMC,124.4000015258789,126.19000244140625,124.4000015258789,125.66000366210938,115.09391784667969,880800
2016-07-28,VMC,VMC,125.45999908447266,127.19999694824219,125.25,126.94000244140625,116.26629638671875,549500
2016-07-29,VMC,VMC,126.77999877929688,126.77999877929688,123.5,123.9800033569336,113.55517578125,1602700
2016-08-01,VMC,VMC,121.11000061035156,121.86000061035156,115.6500015258789,116.30999755859375,106.53009796142578,4172700
2016-08-02,VMC,VMC,116.01000213623047,118.02999877929688,115.08999633789062,116.55999755859375,106.75906372070312,2045300
2016-08-03,VMC,VMC,116.80000305175781,118.76000213623047,115.91999816894531,117.61000061035156,107.72077941894531,1214900
2016-08-04,VMC,VMC,117.61000061035156,118.41999816894531,116.94999694824219,117.69999694824219,107.80323791503906,807600
2016-08-05,VMC,VMC,118.08000183105469,119.41999816894531,117.98999786376953,118.9800033569336,108.97561645507812,954000
2016-08-08,VMC,VMC,119.12000274658203,121.58999633789062,119.04000091552734,120.23999786376953,110.12964630126953,1422000
2016-08-09,VMC,VMC,120.37999725341797,121.19999694824219,119.19999694824219,119.56999969482422,109.5159912109375,741600
2016-08-10,VMC,VMC,120.2699966430664,121.87999725341797,119.87999725341797,121.54000091552734,111.3203353881836,1111000
2016-08-11,VMC,VMC,121.76000213623047,122.47000122070312,120.72000122070312,121.0999984741211,110.91735076904297,1017200
2016-08-12,VMC,VMC,121.19999694824219,121.69999694824219,118.58000183105469,118.91999816894531,108.920654296875,890700
2016-08-15,VMC,VMC,119.41000366210938,120.87000274658203,118.94000244140625,119.7699966430664,109.69916534423828,892200
2016-08-16,VMC,VMC,119.70999908447266,119.70999908447266,117.56999969482422,118.0199966430664,108.09630584716797,841500
2016-08-17,VMC,VMC,117.87000274658203,117.87000274658203,114.54000091552734,117.61000061035156,107.72077941894531,1349100
2016-08-18,VMC,VMC,117.06999969482422,118.66999816894531,116.80000305175781,118.0999984741211,108.1695785522461,629800
2016-08-19,VMC,VMC,117.55999755859375,118.0999984741211,115.98999786376953,116.69999694824219,106.8873291015625,1216700
2016-08-22,VMC,VMC,116.12999725341797,119.13999938964844,115.11000061035156,118.91000366210938,109.09843444824219,858600
2016-08-23,VMC,VMC,119.20999908447266,119.73999786376953,118.77999877929688,119.44999694824219,109.59391784667969,765700
2016-08-24,VMC,VMC,119.11000061035156,120.38999938964844,118.80999755859375,120.2300033569336,110.3095474243164,1013500
2016-08-25,VMC,VMC,120.20999908447266,120.20999908447266,117.0199966430664,117.55999755859375,107.85984802246094,1234000
2016-08-26,VMC,VMC,117.83000183105469,118.43000030517578,115.45999908447266,116.08000183105469,106.50196838378906,849000
2016-08-29,VMC,VMC,116.0,117.55999755859375,115.55999755859375,116.8499984741211,107.20842742919922,575900
2016-08-30,VMC,VMC,116.98999786376953,116.98999786376953,115.79000091552734,116.2300033569336,106.63961029052734,599300
2016-08-31,VMC,VMC,116.0999984741211,116.0999984741211,113.43000030517578,113.87000274658203,104.47431945800781,1037200
2016-09-01,VMC,VMC,113.31999969482422,113.31999969482422,110.68000030517578,112.37999725341797,103.10726165771484,1918800
2016-09-02,VMC,VMC,113.44000244140625,114.5999984741211,112.73999786376953,114.4800033569336,105.03397369384766,909100
2016-09-06,VMC,VMC,114.88999938964844,115.12000274658203,112.16000366210938,112.95999908447266,103.63941955566406,895700
2016-09-07,VMC,VMC,112.95999908447266,114.4000015258789,112.45999908447266,112.94999694824219,103.6302490234375,874900
2016-09-08,VMC,VMC,112.97000122070312,113.41999816894531,111.18000030517578,111.38999938964844,102.19893646240234,1248200
2016-09-09,VMC,VMC,110.37999725341797,110.37999725341797,107.06999969482422,107.87000274658203,98.96942901611328,1509200
2016-09-12,VMC,VMC,107.36000061035156,112.44999694824219,107.08999633789062,112.11000061035156,102.85955047607422,1691300
2016-09-13,VMC,VMC,111.0999984741211,111.6500015258789,109.30999755859375,109.88999938964844,100.82271575927734,890500
2016-09-14,VMC,VMC,109.5,110.62999725341797,108.88999938964844,109.0999984741211,100.09791564941406,1231600
2016-09-15,VMC,VMC,109.33999633789062,110.27999877929688,108.18000030517578,109.75,100.69426727294922,1125400
2016-09-16,VMC,VMC,109.7699966430664,110.13999938964844,108.19000244140625,108.33999633789062,99.40060424804688,1823600
2016-09-19,VMC,VMC,109.12999725341797,109.66000366210938,107.18000030517578,107.55000305175781,98.67581176757812,1089600
2016-09-20,VMC,VMC,107.95999908447266,107.95999908447266,106.41999816894531,107.0999984741211,98.262939453125,921300
2016-09-21,VMC,VMC,107.9000015258789,110.29000091552734,106.81999969482422,109.95999908447266,100.8869400024414,1197000
2016-09-22,VMC,VMC,111.3499984741211,113.01000213623047,110.94000244140625,112.86000061035156,103.54764556884766,1561000
2016-09-23,VMC,VMC,112.4800033569336,112.98999786376953,111.52999877929688,112.05000305175781,102.80448150634766,1054900
2016-09-26,VMC,VMC,111.2300033569336,114.66000366210938,110.66999816894531,113.44000244140625,104.07980346679688,1640900
2016-09-27,VMC,VMC,113.62000274658203,114.69000244140625,112.83000183105469,114.12000274658203,104.70370483398438,1624300
2016-09-28,VMC,VMC,115.11000061035156,119.31999969482422,114.29000091552734,115.55999755859375,106.0248794555664,1938300
2016-09-29,VMC,VMC,113.58000183105469,116.20999908447266,111.94999694824219,114.88999938964844,105.41015625,2405600
2016-09-30,VMC,VMC,115.05000305175781,115.44999694824219,113.62999725341797,113.7300033569336,104.34588623046875,1647100
2016-10-03,VMC,VMC,113.31999969482422,113.62000274658203,109.70999908447266,110.69999694824219,101.56587982177734,1491700
2016-10-04,VMC,VMC,110.83999633789062,111.11000061035156,109.3499984741211,110.83999633789062,101.69432830810547,1387400
2016-10-05,VMC,VMC,111.56999969482422,111.94000244140625,108.9000015258789,109.3499984741211,100.32725524902344,1447800
2016-10-06,VMC,VMC,109.30999755859375,111.5999984741211,108.95999908447266,111.27999877929688,102.0980224609375,1420500
2016-10-07,VMC,VMC,111.01000213623047,111.23999786376953,106.13999938964844,106.47000122070312,97.6849136352539,2746300
2016-10-10,VMC,VMC,107.72000122070312,108.76000213623047,107.0999984741211,107.2300033569336,98.38223266601562,1180600
2016-10-11,VMC,VMC,106.9800033569336,107.55999755859375,106.0199966430664,106.70999908447266,97.9051284790039,1017300
2016-10-12,VMC,VMC,106.72000122070312,107.58999633789062,106.0,107.41000366210938,98.54736328125,1130600
2016-10-13,VMC,VMC,105.9800033569336,108.87999725341797,105.70999908447266,108.7699966430664,99.79515838623047,989500
2016-10-14,VMC,VMC,109.66000366210938,110.22000122070312,109.2699966430664,109.7699966430664,100.71261596679688,1082300
2016-10-17,VMC,VMC,110.0999984741211,113.27999877929688,109.5999984741211,112.58999633789062,103.2999267578125,1840600
2016-10-18,VMC,VMC,114.05999755859375,114.2699966430664,111.55000305175781,111.62000274658203,102.40998840332031,931000
2016-10-19,VMC,VMC,112.11000061035156,112.11000061035156,109.19000244140625,110.43000030517578,101.31817626953125,945900
2016-10-20,VMC,VMC,110.33999633789062,110.9000015258789,108.37000274658203,110.13999938964844,101.05210876464844,727000
2016-10-21,VMC,VMC,109.18000030517578,111.69000244140625,109.01000213623047,111.52999877929688,102.32737731933594,777900
2016-10-24,VMC,VMC,112.06999969482422,112.87999725341797,111.38999938964844,112.47000122070312,103.1898422241211,442700
2016-10-25,VMC,VMC,112.55999755859375,112.7300033569336,110.76000213623047,110.83000183105469,101.68517303466797,686200
2016-10-26,VMC,VMC,111.93000030517578,112.94000244140625,110.2300033569336,112.19999694824219,102.94214630126953,1060000
2016-10-27,VMC,VMC,112.19999694824219,112.38999938964844,110.62000274658203,111.83999633789062,102.6118392944336,681000
2016-10-28,VMC,VMC,112.06999969482422,114.55000305175781,111.70999908447266,112.56999969482422,103.28156280517578,1137300
2016-10-31,VMC,VMC,113.22000122070312,114.37000274658203,112.80000305175781,113.19999694824219,103.8595962524414,1010500
2016-11-01,VMC,VMC,113.80000305175781,117.19999694824219,113.80000305175781,115.5999984741211,106.06156921386719,1618000
2016-11-02,VMC,VMC,115.63999938964844,116.13999938964844,112.30999755859375,112.55999755859375,103.27239990234375,1552400
2016-11-03,VMC,VMC,112.97000122070312,114.73999786376953,111.05999755859375,114.12000274658203,104.70370483398438,1647500
2016-11-04,VMC,VMC,114.68000030517578,118.55000305175781,114.33999633789062,116.75,107.11669158935547,1605600
2016-11-07,VMC,VMC,118.62999725341797,119.58999633789062,117.68000030517578,118.4000015258789,108.6305160522461,1473600
2016-11-08,VMC,VMC,118.48999786376953,120.11000061035156,118.05999755859375,119.7300033569336,109.85081481933594,1384800
2016-11-09,VMC,VMC,128.3300018310547,136.8000030517578,128.05999755859375,131.5500030517578,120.69551086425781,5374700
2016-11-10,VMC,VMC,132.4499969482422,138.17999267578125,131.8300018310547,136.0399932861328,124.8150405883789,2618000
2016-11-11,VMC,VMC,135.44000244140625,135.88999938964844,132.77999877929688,134.17999267578125,123.10847473144531,2286500
2016-11-14,VMC,VMC,135.08999633789062,135.47999572753906,132.4600067138672,134.8000030517578,123.67732238769531,3274600
2016-11-15,VMC,VMC,134.22000122070312,136.1199951171875,133.66000366210938,134.66000366210938,123.5489273071289,1772700
2016-11-16,VMC,VMC,131.67999267578125,131.89999389648438,129.72000122070312,130.2899932861328,119.5394515991211,2448400
2016-11-17,VMC,VMC,129.66000366210938,130.38999938964844,127.19999694824219,129.8800048828125,119.16329956054688,1685500
2016-11-18,VMC,VMC,129.22000122070312,130.22999572753906,128.07000732421875,128.1999969482422,117.62191772460938,1415800
2016-11-21,VMC,VMC,128.77000427246094,130.00999450683594,127.69000244140625,128.0800018310547,117.69544982910156,1208600
2016-11-22,VMC,VMC,128.99000549316406,129.1999969482422,127.22000122070312,128.0,117.6219253540039,1143600
2016-11-23,VMC,VMC,127.83000183105469,129.7899932861328,126.3499984741211,129.66000366210938,119.1473388671875,1331100
2016-11-25,VMC,VMC,130.0,132.10000610351562,130.0,132.07000732421875,121.3619384765625,690400
2016-11-28,VMC,VMC,132.17999267578125,132.17999267578125,124.44000244140625,124.58999633789062,114.4884033203125,3326300
2016-11-29,VMC,VMC,124.66000366210938,126.70999908447266,124.44999694824219,126.12999725341797,115.90355682373047,1509800
2016-11-30,VMC,VMC,127.1500015258789,128.0800018310547,125.62999725341797,125.6500015258789,115.46246337890625,1333200
2016-12-01,VMC,VMC,125.87000274658203,127.08000183105469,124.6500015258789,125.5,115.32463073730469,1590600
2016-12-02,VMC,VMC,125.31999969482422,127.58999633789062,125.0,127.05999755859375,116.75814819335938,1028800
2016-12-05,VMC,VMC,126.94999694824219,128.33999633789062,125.91999816894531,127.5,117.16246795654297,1219000
2016-12-06,VMC,VMC,127.9000015258789,128.75999450683594,127.08999633789062,128.42999267578125,118.01705169677734,746500
2016-12-07,VMC,VMC,128.5500030517578,130.33999633789062,127.69000244140625,129.9199981689453,119.38626098632812,1260900
2016-12-08,VMC,VMC,130.39999389648438,130.75,127.95999908447266,129.10000610351562,118.63274383544922,1420800
2016-12-09,VMC,VMC,128.97000122070312,129.42999267578125,126.79000091552734,128.50999450683594,118.0905532836914,1054100
2016-12-12,VMC,VMC,128.25999450683594,128.61000061035156,124.77999877929688,125.05000305175781,114.9111099243164,1340400
2016-12-13,VMC,VMC,125.7300033569336,127.44000244140625,124.80000305175781,125.43000030517578,115.26031494140625,1355400
2016-12-14,VMC,VMC,125.4000015258789,126.95999908447266,123.66999816894531,124.72000122070312,114.60784912109375,1348600
2016-12-15,VMC,VMC,125.18000030517578,125.91999816894531,123.36000061035156,123.93000030517578,113.88191223144531,898500
2016-12-16,VMC,VMC,124.02999877929688,124.88999938964844,122.91999816894531,123.44999694824219,113.44084167480469,1356800
2016-12-19,VMC,VMC,123.45999908447266,124.33999633789062,121.83999633789062,124.18000030517578,114.11163330078125,1234500
2016-12-20,VMC,VMC,124.0999984741211,126.91000366210938,123.12999725341797,125.94999694824219,115.73811340332031,1011200
2016-12-21,VMC,VMC,126.05000305175781,126.80999755859375,125.79000091552734,126.19000244140625,115.95868682861328,792200
2016-12-22,VMC,VMC,125.81999969482422,126.5199966430664,124.98999786376953,125.30999755859375,115.1500244140625,552100
2016-12-23,VMC,VMC,125.62999725341797,126.1500015258789,123.87000274658203,125.58999633789062,115.40731811523438,507000
2016-12-27,VMC,VMC,125.80000305175781,128.10000610351562,125.66000366210938,127.54000091552734,117.19923400878906,403600
2016-12-28,VMC,VMC,128.64999389648438,129.7100067138672,126.52999877929688,126.8499984741211,116.56517028808594,799100
2016-12-29,VMC,VMC,127.05000305175781,128.99000549316406,126.8499984741211,127.25,116.93273162841797,781900
2016-12-30,VMC,VMC,127.7300033569336,128.3699951171875,124.7699966430664,125.1500015258789,115.00301361083984,716100
2017-01-03,VMC,VMC,126.04000091552734,127.05999755859375,123.4800033569336,124.63999938964844,114.53435516357422,1015100
2017-01-04,VMC,VMC,124.44999694824219,127.97000122070312,124.05999755859375,127.79000091552734,117.42894744873047,840500
2017-01-05,VMC,VMC,127.43000030517578,128.64999389648438,126.30999755859375,127.44000244140625,117.10733032226562,789700
2017-01-06,VMC,VMC,126.5,127.11000061035156,123.37000274658203,123.80000305175781,113.762451171875,1104300
2017-01-09,VMC,VMC,123.58000183105469,123.80000305175781,122.56999969482422,122.72000122070312,112.77001190185547,892400
2017-01-10,VMC,VMC,123.02999877929688,123.80000305175781,122.38999938964844,123.61000061035156,113.58783721923828,687500
2017-01-11,VMC,VMC,123.75,123.75,122.5,123.4800033569336,113.4684066772461,489400
2017-01-12,VMC,VMC,123.38999938964844,123.4800033569336,120.79000091552734,122.54000091552734,112.6046371459961,833100
2017-01-13,VMC,VMC,122.72000122070312,124.5,122.69000244140625,124.4000015258789,114.31380462646484,898300
2017-01-17,VMC,VMC,124.37000274658203,124.37000274658203,121.52999877929688,123.66000366210938,113.63380432128906,750700
2017-01-18,VMC,VMC,123.7699966430664,127.62000274658203,122.80999755859375,127.30000305175781,116.97868347167969,1572200
2017-01-19,VMC,VMC,127.52999877929688,128.38999938964844,125.18000030517578,126.30000305175781,116.05974578857422,1315100
2017-01-20,VMC,VMC,126.83000183105469,130.32000732421875,126.83000183105469,129.8699951171875,119.3403091430664,1304200
2017-01-23,VMC,VMC,130.05999755859375,130.52000427246094,128.1199951171875,129.52999877929688,119.02787780761719,1107000
2017-01-24,VMC,VMC,130.35000610351562,133.35000610351562,129.7100067138672,132.35000610351562,121.6192398071289,1146700
2017-01-25,VMC,VMC,134.27999877929688,136.24000549316406,134.1300048828125,135.27999877929688,124.31170654296875,1574200
2017-01-26,VMC,VMC,135.94000244140625,136.82000732421875,134.35000610351562,135.25,124.2840805053711,955100
2017-01-27,VMC,VMC,135.8800048828125,136.0,133.91000366210938,134.36000061035156,123.46627044677734,507700
2017-01-30,VMC,VMC,133.89999389648438,133.89999389648438,129.72999572753906,130.72999572753906,120.13059997558594,1739200
2017-01-31,VMC,VMC,130.77000427246094,131.60000610351562,126.83000183105469,128.3300018310547,117.92516326904297,1485900
2017-02-01,VMC,VMC,128.97000122070312,129.77000427246094,127.48999786376953,128.32000732421875,117.91597747802734,1247200
2017-02-02,VMC,VMC,128.5,130.14999389648438,127.55999755859375,128.00999450683594,117.63111877441406,1221100
2017-02-03,VMC,VMC,128.97000122070312,129.89999389648438,128.11000061035156,128.8800048828125,118.43054962158203,841800
2017-02-06,VMC,VMC,128.72999572753906,129.1199951171875,126.69000244140625,128.0800018310547,117.69544982910156,1271200
2017-02-07,VMC,VMC,120.73999786376953,125.0,120.5999984741211,121.80000305175781,111.92460632324219,4259000
2017-02-08,VMC,VMC,121.4000015258789,122.9800033569336,118.56999969482422,120.29000091552734,110.53707122802734,2892000
2017-02-09,VMC,VMC,120.29000091552734,121.38999938964844,119.77999877929688,120.5,110.72999572753906,2188500
2017-02-10,VMC,VMC,121.4800033569336,124.41000366210938,121.2699966430664,122.5999984741211,112.65974426269531,2229200
2017-02-13,VMC,VMC,124.47000122070312,129.25,122.37000274658203,122.45999908447266,112.53108215332031,2054000
2017-02-14,VMC,VMC,121.98999786376953,122.77999877929688,120.5,122.73999786376953,112.78840637207031,1606900
2017-02-15,VMC,VMC,122.77999877929688,123.97000122070312,122.3499984741211,123.11000061035156,113.12841033935547,1331600
2017-02-16,VMC,VMC,123.20999908447266,123.5199966430664,119.80000305175781,120.4000015258789,110.63811492919922,1563500
2017-02-17,VMC,VMC,120.25,120.56999969482422,118.2699966430664,119.33000183105469,109.65487670898438,1471700
2017-02-21,VMC,VMC,119.95999908447266,122.41999816894531,119.80000305175781,121.31999969482422,111.48353576660156,1572400
2017-02-22,VMC,VMC,121.30000305175781,122.16999816894531,120.0,120.13999938964844,110.62714385986328,1144800
2017-02-23,VMC,VMC,120.33000183105469,120.76000213623047,114.80000305175781,116.3499984741211,107.13729095458984,3562500
2017-02-24,VMC,VMC,114.77999877929688,118.41999816894531,114.0999984741211,117.81999969482422,108.49085998535156,1792300
2017-02-27,VMC,VMC,117.2699966430664,122.7699966430664,116.81999969482422,120.5999984741211,111.05073547363281,1894100
2017-02-28,VMC,VMC,120.97000122070312,121.87000274658203,119.80000305175781,120.61000061035156,111.05995178222656,1590000
2017-03-01,VMC,VMC,123.16999816894531,125.30000305175781,122.54000091552734,124.37999725341797,114.53144073486328,2631800
2017-03-02,VMC,VMC,124.25,124.2699966430664,121.0,121.31999969482422,111.71373748779297,1597200
2017-03-03,VMC,VMC,121.55000305175781,122.33999633789062,120.56999969482422,121.47000122070312,111.85187530517578,1441000
2017-03-06,VMC,VMC,120.55000305175781,121.5,119.70999908447266,120.22000122070312,110.70083618164062,998700
2017-03-07,VMC,VMC,120.0,120.23999786376953,117.66000366210938,118.37000274658203,108.9973373413086,1313900
2017-03-08,VMC,VMC,118.62999725341797,120.33000183105469,118.37000274658203,119.11000061035156,109.6787338256836,894000
2017-03-09,VMC,VMC,118.91999816894531,119.94999694824219,115.4800033569336,116.9000015258789,107.6436996459961,1837400
2017-03-10,VMC,VMC,118.16999816894531,120.26000213623047,116.9000015258789,118.75,109.34721374511719,1656500
2017-03-13,VMC,VMC,118.87000274658203,119.7300033569336,118.18000030517578,119.58999633789062,110.12073516845703,1255700
2017-03-14,VMC,VMC,118.55999755859375,119.54000091552734,117.6500015258789,117.94000244140625,108.60137176513672,803200
2017-03-15,VMC,VMC,118.13999938964844,119.26000213623047,116.9000015258789,118.83000183105469,109.4208984375,2084700
2017-03-16,VMC,VMC,119.51000213623047,119.58000183105469,115.83000183105469,116.38999938964844,107.17410278320312,1955700
2017-03-17,VMC,VMC,116.55000305175781,117.62000274658203,116.33999633789062,116.47000122070312,107.24776458740234,1759800
2017-03-20,VMC,VMC,116.81999969482422,116.95999908447266,114.58999633789062,115.05000305175781,105.94019317626953,1370200
2017-03-21,VMC,VMC,115.8499984741211,116.16000366210938,113.69999694824219,114.0999984741211,105.06539154052734,1298000
2017-03-22,VMC,VMC,114.0,115.56999969482422,113.33999633789062,115.30000305175781,106.17041015625,1231300
2017-03-23,VMC,VMC,115.27999877929688,116.30000305175781,114.37000274658203,115.38999938964844,106.25326538085938,1193200
2017-03-24,VMC,VMC,114.94999694824219,115.2300033569336,111.52999877929688,112.73999786376953,103.8131103515625,1661700
2017-03-27,VMC,VMC,110.0,113.05000305175781,108.94999694824219,112.5,103.59210968017578,1899700
2017-03-28,VMC,VMC,112.25,115.44000244140625,112.13999938964844,114.5999984741211,105.52584075927734,1699500
2017-03-29,VMC,VMC,115.30000305175781,118.77999877929688,114.91999816894531,118.16000366210938,108.80393981933594,2030400
2017-03-30,VMC,VMC,120.51000213623047,121.5999984741211,116.86000061035156,117.69000244140625,108.37114715576172,2099900
2017-03-31,VMC,VMC,117.33999633789062,121.04000091552734,117.25,120.4800033569336,110.94024658203125,1676700
2017-04-03,VMC,VMC,120.12999725341797,120.69000244140625,117.87999725341797,119.36000061035156,109.90892791748047,1269000
2017-04-04,VMC,VMC,119.33000183105469,119.94999694824219,118.36000061035156,119.25,109.80763244628906,1149100
2017-04-05,VMC,VMC,119.7699966430664,121.16999816894531,118.0,118.22000122070312,108.85919952392578,1513500
2017-04-06,VMC,VMC,118.5,120.26000213623047,118.4000015258789,119.3499984741211,109.89970397949219,1012600
2017-04-07,VMC,VMC,120.94999694824219,124.29000091552734,120.94999694824219,123.98999786376953,114.17231750488281,2923900
2017-04-10,VMC,VMC,123.76000213623047,123.76000213623047,121.0,121.33999633789062,111.73213958740234,1480800
2017-04-11,VMC,VMC,120.87999725341797,121.6500015258789,118.88999938964844,121.19000244140625,111.59403228759766,893000
2017-04-12,VMC,VMC,120.91999816894531,120.91999816894531,117.30000305175781,117.94000244140625,108.60137176513672,1217000
2017-04-13,VMC,VMC,117.3499984741211,118.11000061035156,116.26000213623047,117.27999877929688,107.99362182617188,1263000
2017-04-17,VMC,VMC,117.45999908447266,118.62000274658203,117.29000091552734,118.19000244140625,108.83153533935547,728700
2017-04-18,VMC,VMC,117.58000183105469,118.33999633789062,116.37000274658203,116.9000015258789,107.6436996459961,753000
2017-04-19,VMC,VMC,117.76000213623047,118.9000015258789,116.93000030517578,117.41000366210938,108.11333465576172,841400
2017-04-20,VMC,VMC,117.9800033569336,120.5199966430664,117.76000213623047,119.83000183105469,110.34172821044922,793800
2017-04-21,VMC,VMC,119.91999816894531,121.3499984741211,119.27999877929688,120.97000122070312,111.39144897460938,1192800
2017-04-24,VMC,VMC,122.12000274658203,122.7699966430664,121.44999694824219,122.0199966430664,112.35829162597656,974400
2017-04-25,VMC,VMC,122.75,123.44000244140625,121.18000030517578,121.44999694824219,111.83343505859375,1128600
2017-04-26,VMC,VMC,121.51000213623047,121.51000213623047,120.25,120.7300033569336,111.17045593261719,898500
2017-04-27,VMC,VMC,120.8499984741211,122.9800033569336,119.91999816894531,122.80000305175781,113.07655334472656,711700
2017-04-28,VMC,VMC,122.62999725341797,122.69000244140625,120.76000213623047,120.87999725341797,111.30855560302734,758600
2017-05-01,VMC,VMC,121.26000213623047,125.19999694824219,120.93000030517578,123.3499984741211,113.58300018310547,1513100
2017-05-02,VMC,VMC,126.06999969482422,129.33999633789062,125.94999694824219,128.4499969482422,118.27915954589844,2596400
2017-05-03,VMC,VMC,127.55999755859375,129.32000732421875,126.87000274658203,127.58999633789062,117.48723602294922,1160100
2017-05-04,VMC,VMC,127.68000030517578,129.33999633789062,126.91000366210938,128.33999633789062,118.17788696289062,1095400
2017-05-05,VMC,VMC,128.33999633789062,128.8699951171875,127.30999755859375,127.73999786376953,117.62537384033203,922200
2017-05-08,VMC,VMC,127.4000015258789,127.4000015258789,124.97000122070312,126.66999816894531,116.6401138305664,967500
2017-05-09,VMC,VMC,127.0,127.11000061035156,125.48999786376953,126.11000061035156,116.12447357177734,1376600
2017-05-10,VMC,VMC,129.77000427246094,133.7899932861328,129.41000366210938,130.6300048828125,120.28656768798828,2414700
2017-05-11,VMC,VMC,129.5500030517578,130.0,126.81999969482422,129.0399932861328,118.82245635986328,1576700
2017-05-12,VMC,VMC,129.0,129.0,127.26000213623047,128.25,118.0949935913086,942300
2017-05-15,VMC,VMC,128.4199981689453,130.8300018310547,126.80000305175781,130.7100067138672,120.36023712158203,1176300
2017-05-16,VMC,VMC,130.7100067138672,130.7100067138672,128.30999755859375,128.3300018310547,118.16867065429688,766800
2017-05-17,VMC,VMC,128.3300018310547,128.3300018310547,122.88999938964844,124.9000015258789,115.01026916503906,1652400
2017-05-18,VMC,VMC,124.38999938964844,126.9800033569336,123.38999938964844,126.05999755859375,116.0783920288086,932200
2017-05-19,VMC,VMC,126.77999877929688,127.86000061035156,125.54000091552734,125.94999694824219,115.97712707519531,774000
2017-05-22,VMC,VMC,126.18000030517578,127.43000030517578,125.75,126.93000030517578,117.11196899414062,587800
2017-05-23,VMC,VMC,127.05999755859375,128.4499969482422,126.23999786376953,126.6500015258789,116.85364532470703,769600
2017-05-24,VMC,VMC,126.19999694824219,126.41999816894531,123.3499984741211,125.12000274658203,115.44197082519531,1491200
2017-05-25,VMC,VMC,125.73999786376953,130.10000610351562,125.52999877929688,127.75,117.8685531616211,1984400
2017-05-26,VMC,VMC,127.05999755859375,127.47000122070312,125.19999694824219,126.43000030517578,116.65065002441406,996800
2017-05-30,VMC,VMC,125.61000061035156,125.97000122070312,124.29000091552734,125.05000305175781,115.37740325927734,897400
2017-05-31,VMC,VMC,125.04000091552734,125.37999725341797,123.86000061035156,124.6500015258789,115.00834655761719,1158200
2017-06-01,VMC,VMC,125.0999984741211,127.41999816894531,124.4000015258789,126.83000183105469,117.01973724365234,1128800
2017-06-02,VMC,VMC,126.66999816894531,126.83000183105469,126.01000213623047,126.26000213623047,116.49380493164062,727000
2017-06-05,VMC,VMC,125.86000061035156,126.87000274658203,125.5,125.91000366210938,116.17088317871094,773300
2017-06-06,VMC,VMC,125.30999755859375,126.06999969482422,124.47000122070312,125.16000366210938,115.4788818359375,833100
2017-06-07,VMC,VMC,125.75,128.07000732421875,125.47000122070312,126.70999908447266,116.90898895263672,855600
2017-06-08,VMC,VMC,126.70999908447266,129.89999389648438,126.37999725341797,128.33999633789062,118.41292572021484,1214800
2017-06-09,VMC,VMC,128.75,131.69000244140625,128.39999389648438,130.3300018310547,120.24899291992188,1050400
2017-06-12,VMC,VMC,129.58999633789062,130.80999755859375,128.0,129.91000366210938,119.8614730834961,1027300
2017-06-13,VMC,VMC,130.36000061035156,132.5399932861328,130.17999267578125,132.25999450683594,122.02970123291016,769900
2017-06-14,VMC,VMC,132.0,132.11000061035156,128.8000030517578,129.2100067138672,119.21562194824219,1001900
2017-06-15,VMC,VMC,127.56999969482422,128.97000122070312,126.58000183105469,128.63999938964844,118.6897201538086,656700
2017-06-16,VMC,VMC,128.63999938964844,130.3800048828125,128.4199981689453,129.3800048828125,119.37247467041016,904900
2017-06-19,VMC,VMC,130.0399932861328,130.97999572753906,129.3699951171875,130.24000549316406,120.16595458984375,534400
2017-06-20,VMC,VMC,129.72999572753906,130.24000549316406,128.58999633789062,129.5399932861328,119.52008819580078,895900
2017-06-21,VMC,VMC,129.55999755859375,130.30999755859375,127.80000305175781,128.1699981689453,118.25605773925781,821300
2017-06-22,VMC,VMC,128.16000366210938,130.22000122070312,127.5999984741211,129.33999633789062,119.3355484008789,733800
2017-06-23,VMC,VMC,129.3800048828125,132.61000061035156,129.1300048828125,132.22999572753906,122.00200653076172,1218100
2017-06-26,VMC,VMC,133.38999938964844,134.9199981689453,132.25,133.47999572753906,123.15532684326172,1457600
2017-06-27,VMC,VMC,132.8000030517578,132.94000244140625,131.0500030517578,131.3800048828125,121.21776580810547,1148000
2017-06-28,VMC,VMC,132.27999877929688,132.66000366210938,130.11000061035156,130.1999969482422,120.12902069091797,1098200
2017-06-29,VMC,VMC,129.9600067138672,129.9600067138672,126.0199966430664,127.01000213623047,117.185791015625,1268400
2017-06-30,VMC,VMC,127.44999694824219,128.47000122070312,125.66999816894531,126.68000030517578,116.88133239746094,1273700
2017-07-03,VMC,VMC,127.2300033569336,127.91999816894531,125.55000305175781,127.13999938964844,117.30574035644531,701500
2017-07-05,VMC,VMC,127.41000366210938,130.0,127.27999877929688,130.0,119.94451904296875,1538700
2017-07-06,VMC,VMC,129.25,130.1199951171875,128.1699981689453,129.4499969482422,119.43704223632812,1434100
2017-07-07,VMC,VMC,129.4199981689453,129.47000122070312,127.47000122070312,128.1699981689453,118.25605773925781,1064600
2017-07-10,VMC,VMC,127.5999984741211,127.5999984741211,125.61000061035156,125.91999816894531,116.18009948730469,1055100
2017-07-11,VMC,VMC,126.38999938964844,126.38999938964844,123.58999633789062,125.08999633789062,115.41431427001953,1044400
2017-07-12,VMC,VMC,126.9800033569336,126.9800033569336,125.12999725341797,126.16000366210938,116.40155029296875,951900
2017-07-13,VMC,VMC,126.0,127.27999877929688,124.61000061035156,125.33000183105469,115.63573455810547,1048700
2017-07-14,VMC,VMC,125.66999816894531,126.25,124.6500015258789,124.95999908447266,115.29436492919922,566400
2017-07-17,VMC,VMC,124.55000305175781,125.73999786376953,124.05000305175781,124.68000030517578,115.03601837158203,794600
2017-07-18,VMC,VMC,123.80000305175781,124.4000015258789,122.54000091552734,123.02999877929688,113.5136489868164,836100
2017-07-19,VMC,VMC,123.2699966430664,125.54000091552734,122.87999725341797,125.47000122070312,115.76493072509766,990100
2017-07-20,VMC,VMC,125.29000091552734,126.06999969482422,124.11000061035156,125.30000305175781,115.60804748535156,585500
2017-07-21,VMC,VMC,124.83000183105469,126.19000244140625,124.69999694824219,126.19000244140625,116.42919921875,608900
2017-07-24,VMC,VMC,126.0199966430664,126.87999725341797,125.06999969482422,126.5,116.71524810791016,871000
2017-07-25,VMC,VMC,127.29000091552734,128.25999450683594,126.43000030517578,127.0999984741211,117.2688217163086,876100
2017-07-26,VMC,VMC,126.88999938964844,127.02999877929688,124.6500015258789,125.6500015258789,115.93099212646484,1086800
2017-07-27,VMC,VMC,125.36000061035156,125.97000122070312,123.6500015258789,124.04000091552734,114.44551086425781,1000700
2017-07-28,VMC,VMC,123.93000030517578,124.3499984741211,121.9000015258789,124.0,114.40860748291016,1667400
2017-07-31,VMC,VMC,124.38999938964844,124.54000091552734,123.01000213623047,123.12000274658203,113.59667205810547,1245000
2017-08-01,VMC,VMC,123.80000305175781,124.54000091552734,116.27999877929688,119.19999694824219,109.97988891601562,3276900
2017-08-02,VMC,VMC,120.01000213623047,123.5,114.51000213623047,123.12000274658203,113.59667205810547,4817400
2017-08-03,VMC,VMC,123.1500015258789,124.25,119.6500015258789,120.1500015258789,110.85640716552734,1941100
2017-08-04,VMC,VMC,120.33000183105469,122.69000244140625,119.69000244140625,121.83999633789062,112.41568756103516,1168200
2017-08-07,VMC,VMC,121.58999633789062,123.11000061035156,120.80000305175781,120.81999969482422,111.47457885742188,1132000
2017-08-08,VMC,VMC,120.55000305175781,120.55000305175781,118.23999786376953,118.38999938964844,109.23255157470703,1134800
2017-08-09,VMC,VMC,118.1500015258789,118.37000274658203,116.69999694824219,117.87999725341797,108.76200103759766,1244900
2017-08-10,VMC,VMC,117.5,117.62999725341797,114.66999816894531,114.70999908447266,105.83718872070312,1334700
2017-08-11,VMC,VMC,114.81999969482422,115.19000244140625,113.94000244140625,114.19999694824219,105.36663818359375,1072800
2017-08-14,VMC,VMC,114.9000015258789,115.47000122070312,113.87999725341797,115.16999816894531,106.26161193847656,1565100
2017-08-15,VMC,VMC,115.37999725341797,117.43000030517578,115.37999725341797,116.61000061035156,107.59025573730469,1274800
2017-08-16,VMC,VMC,117.1500015258789,117.55999755859375,115.41000366210938,116.08999633789062,107.11042785644531,876400
2017-08-17,VMC,VMC,115.41000366210938,116.01000213623047,114.05000305175781,114.11000061035156,105.28358459472656,766300
2017-08-18,VMC,VMC,113.91999816894531,114.55000305175781,112.12000274658203,113.97000122070312,105.15443420410156,922600
2017-08-21,VMC,VMC,113.98999786376953,113.98999786376953,111.7699966430664,112.56999969482422,104.0910415649414,1021600
2017-08-22,VMC,VMC,112.94999694824219,115.41000366210938,112.8499984741211,115.16000366210938,106.48599243164062,1227100
2017-08-23,VMC,VMC,114.05999755859375,114.87000274658203,113.30999755859375,114.62999725341797,105.99586486816406,1265500
2017-08-24,VMC,VMC,115.12000274658203,115.38999938964844,113.76000213623047,114.33999633789062,105.72772216796875,1029900
2017-08-25,VMC,VMC,114.69000244140625,114.69000244140625,111.8499984741211,113.12999725341797,104.60888671875,1383000
2017-08-28,VMC,VMC,113.45999908447266,115.94999694824219,112.0999984741211,115.94000244140625,107.20722198486328,1655100
2017-08-29,VMC,VMC,115.44000244140625,117.12999725341797,114.86000061035156,116.5,107.72503662109375,1777800
2017-08-30,VMC,VMC,116.5999984741211,122.11000061035156,116.5999984741211,121.86000061035156,112.68132781982422,2265000
2017-08-31,VMC,VMC,122.81999969482422,123.31999969482422,119.7300033569336,121.26000213623047,112.12651824951172,2081100
2017-09-01,VMC,VMC,121.91999816894531,121.91999816894531,119.2300033569336,121.19999694824219,112.07103729248047,1253800
2017-09-05,VMC,VMC,120.19999694824219,120.91000366210938,117.66000366210938,118.13999938964844,109.24153900146484,1503200
2017-09-06,VMC,VMC,118.13999938964844,119.69999694824219,117.16999816894531,119.05000305175781,110.0829849243164,1489500
2017-09-07,VMC,VMC,119.54000091552734,120.1500015258789,118.33999633789062,119.7300033569336,110.71176147460938,1154700
2017-09-08,VMC,VMC,119.87999725341797,121.5999984741211,118.9800033569336,121.5199966430664,112.36692810058594,1071900
2017-09-11,VMC,VMC,121.0,121.38999938964844,116.88999938964844,117.0,108.1873550415039,1459600
2017-09-12,VMC,VMC,117.52999877929688,118.54000091552734,117.12000274658203,118.0,109.11205291748047,927200
2017-09-13,VMC,VMC,117.55000305175781,117.62999725341797,115.0199966430664,117.0199966430664,108.20587158203125,1063800
2017-09-14,VMC,VMC,116.33999633789062,116.51000213623047,114.29000091552734,114.54000091552734,105.91268920898438,1368000
2017-09-15,VMC,VMC,114.11000061035156,114.61000061035156,112.83000183105469,113.20999908447266,104.6828384399414,1933200
2017-09-18,VMC,VMC,113.80000305175781,116.87000274658203,113.80000305175781,115.58999633789062,106.88359069824219,1613600
2017-09-19,VMC,VMC,115.66999816894531,115.95999908447266,113.88999938964844,115.18000030517578,106.50446319580078,1122300
2017-09-20,VMC,VMC,115.72000122070312,118.20999908447266,115.33999633789062,118.19999694824219,109.29698181152344,1488300
2017-09-21,VMC,VMC,118.52999877929688,118.80999755859375,116.4000015258789,117.0,108.1873550415039,905300
2017-09-22,VMC,VMC,117.0,117.36000061035156,116.1500015258789,116.66999816894531,107.88224029541016,609100
2017-09-25,VMC,VMC,116.5199966430664,116.93000030517578,114.81999969482422,115.7300033569336,107.0130386352539,947700
2017-09-26,VMC,VMC,115.87999725341797,116.48999786376953,114.5999984741211,115.88999938964844,107.16101837158203,626100
2017-09-27,VMC,VMC,116.30999755859375,120.0999984741211,116.05999755859375,118.83000183105469,109.87955474853516,1027600
2017-09-28,VMC,VMC,118.95999908447266,120.36000061035156,118.9000015258789,119.12000274658203,110.14769744873047,1114900
2017-09-29,VMC,VMC,119.19000244140625,120.01000213623047,118.33000183105469,119.5999984741211,110.59156036376953,955700
2017-10-02,VMC,VMC,119.58000183105469,120.33000183105469,118.16000366210938,118.93000030517578,109.9720230102539,1042200
2017-10-03,VMC,VMC,119.37000274658203,119.9000015258789,117.87999725341797,119.70999908447266,110.69327545166016,996500
2017-10-04,VMC,VMC,119.66999816894531,119.66999816894531,117.80000305175781,118.58999633789062,109.6576156616211,570700
2017-10-05,VMC,VMC,118.55999755859375,120.93000030517578,118.08999633789062,120.87999725341797,111.77513122558594,1111700
2017-10-06,VMC,VMC,119.9000015258789,120.87999725341797,119.25,120.25,111.19257354736328,1220600
2017-10-09,VMC,VMC,120.3499984741211,121.18000030517578,119.43000030517578,120.19000244140625,111.1371078491211,732700
2017-10-10,VMC,VMC,120.48999786376953,120.48999786376953,118.08999633789062,119.01000213623047,110.04598999023438,886000
2017-10-11,VMC,VMC,119.11000061035156,119.3499984741211,116.83999633789062,117.27999877929688,108.44629669189453,1002900
2017-10-12,VMC,VMC,116.76000213623047,118.37999725341797,116.58000183105469,117.79000091552734,108.91788482666016,1010900
2017-10-13,VMC,VMC,118.66999816894531,118.66999816894531,116.08000183105469,116.27999877929688,107.52162170410156,939500
2017-10-16,VMC,VMC,116.63999938964844,117.44999694824219,115.01000213623047,117.33000183105469,108.4925308227539,785700
2017-10-17,VMC,VMC,116.88999938964844,117.81999969482422,116.62999725341797,117.01000213623047,108.1966323852539,613400
2017-10-18,VMC,VMC,117.5199966430664,117.5999984741211,116.88999938964844,116.94000244140625,108.13191986083984,567000
2017-10-19,VMC,VMC,116.31999969482422,120.33000183105469,116.1500015258789,120.04000091552734,110.99839782714844,1419200
2017-10-20,VMC,VMC,120.58000183105469,122.54000091552734,120.08000183105469,121.61000061035156,112.45014190673828,1107000
2017-10-23,VMC,VMC,121.5999984741211,122.0,120.19000244140625,121.08000183105469,111.96006774902344,954600
2017-10-24,VMC,VMC,121.16999816894531,123.8499984741211,121.16999816894531,123.76000213623047,114.43817901611328,1045900
2017-10-25,VMC,VMC,123.25,123.5,121.33999633789062,122.33000183105469,113.11590576171875,1439300
2017-10-26,VMC,VMC,123.0,123.94000244140625,120.91000366210938,123.01000213623047,113.74470520019531,1339700
2017-10-27,VMC,VMC,122.55000305175781,123.08999633789062,121.30999755859375,122.44999694824219,113.22689056396484,887100
2017-10-30,VMC,VMC,122.19000244140625,123.16999816894531,121.27999877929688,121.97000122070312,112.78303527832031,1348500
2017-10-31,VMC,VMC,122.5,123.01000213623047,121.68000030517578,121.75,112.5796127319336,961500
2017-11-01,VMC,VMC,122.55000305175781,122.69999694824219,120.08000183105469,121.0199966430664,111.90458679199219,1788500
2017-11-02,VMC,VMC,122.86000061035156,128.77000427246094,122.2699966430664,124.2699966430664,114.9097671508789,3874700
2017-11-03,VMC,VMC,123.80000305175781,126.45999908447266,123.08999633789062,126.43000030517578,116.9071044921875,1557900
2017-11-06,VMC,VMC,126.19999694824219,126.43000030517578,123.6500015258789,124.61000061035156,115.22419738769531,1006500
2017-11-07,VMC,VMC,124.30000305175781,125.0,121.62999725341797,122.66000366210938,113.42108917236328,1283300
2017-11-08,VMC,VMC,122.95999908447266,124.18000030517578,122.06999969482422,123.9000015258789,114.5676498413086,870300
2017-11-09,VMC,VMC,123.44999694824219,124.87000274658203,122.51000213623047,124.68000030517578,115.28890991210938,1024400
2017-11-10,VMC,VMC,124.0999984741211,124.51000213623047,122.37000274658203,124.08999633789062,114.74334716796875,991100
2017-11-13,VMC,VMC,123.33000183105469,124.5,123.26000213623047,123.98999786376953,114.65090942382812,726200
2017-11-14,VMC,VMC,123.9000015258789,124.18000030517578,122.58000183105469,123.91999816894531,114.58616638183594,828800
2017-11-15,VMC,VMC,123.61000061035156,123.70999908447266,121.26000213623047,121.55999755859375,112.4039077758789,1005500
2017-11-16,VMC,VMC,122.1500015258789,125.7300033569336,121.37000274658203,123.8499984741211,114.52140808105469,1051000
2017-11-17,VMC,VMC,123.26000213623047,124.98999786376953,122.91000366210938,123.04000091552734,113.7724380493164,957400
2017-11-20,VMC,VMC,122.94999694824219,125.37999725341797,122.72000122070312,123.87000274658203,114.5399398803711,783400
2017-11-21,VMC,VMC,123.87000274658203,123.87000274658203,122.04000091552734,122.73999786376953,113.72456359863281,837200
2017-11-22,VMC,VMC,122.88999938964844,123.63999938964844,122.0199966430664,122.8499984741211,113.82647705078125,609800
2017-11-24,VMC,VMC,122.61000061035156,122.97000122070312,121.76000213623047,122.31999969482422,113.3354263305664,287600
2017-11-27,VMC,VMC,122.25,122.55999755859375,118.58999633789062,119.62999725341797,110.84297180175781,1466200
2017-11-28,VMC,VMC,119.9800033569336,121.75,119.72000122070312,121.66000366210938,112.72388458251953,832500
2017-11-29,VMC,VMC,121.9800033569336,125.54000091552734,121.3499984741211,124.86000061035156,115.68885803222656,1157300
2017-11-30,VMC,VMC,124.5999984741211,126.61000061035156,123.5,125.6500015258789,116.42082977294922,1540500
2017-12-01,VMC,VMC,125.7300033569336,125.8499984741211,120.47000122070312,121.20999908447266,112.30691528320312,1911000
2017-12-04,VMC,VMC,122.69000244140625,126.77999877929688,122.0999984741211,125.25,116.05021667480469,1860500
2017-12-05,VMC,VMC,123.88999938964844,126.2699966430664,121.5999984741211,122.70999908447266,113.69677734375,1025800
2017-12-06,VMC,VMC,122.25,122.7699966430664,121.04000091552734,121.11000061035156,112.21429443359375,1238600
2017-12-07,VMC,VMC,121.29000091552734,125.80000305175781,120.58000183105469,124.87999725341797,115.70738983154297,1688500
2017-12-08,VMC,VMC,125.54000091552734,127.62000274658203,125.05000305175781,125.87999725341797,116.63391876220703,1359300
2017-12-11,VMC,VMC,125.01000213623047,125.62000274658203,122.3499984741211,122.91999816894531,113.89130401611328,1187800
2017-12-12,VMC,VMC,123.08999633789062,124.87000274658203,120.91000366210938,121.51000213623047,112.58490753173828,1225800
2017-12-13,VMC,VMC,122.16999816894531,123.97000122070312,121.38999938964844,123.11000061035156,114.0673828125,1472600
2017-12-14,VMC,VMC,123.05999755859375,123.11000061035156,119.3499984741211,120.23999786376953,111.40818786621094,1229100
2017-12-15,VMC,VMC,121.44999694824219,122.58999633789062,120.56999969482422,120.81999969482422,111.94557189941406,1448900
2017-12-18,VMC,VMC,121.5,123.5,120.0,122.30999755859375,113.32613372802734,1160700
2017-12-19,VMC,VMC,122.48999786376953,122.86000061035156,118.8499984741211,119.26000213623047,110.50018310546875,1433000
2017-12-20,VMC,VMC,120.22000122070312,120.37000274658203,117.73999786376953,118.9800033569336,110.24076080322266,1398700
2017-12-21,VMC,VMC,119.87000274658203,122.91999816894531,118.69000244140625,122.8499984741211,113.82647705078125,1344200
2017-12-22,VMC,VMC,122.55999755859375,125.68000030517578,119.98999786376953,124.2300033569336,115.10514068603516,1158200
2017-12-26,VMC,VMC,124.0199966430664,127.8499984741211,124.0,126.72000122070312,117.41223907470703,958100
2017-12-27,VMC,VMC,127.1500015258789,127.88999938964844,125.88999938964844,127.4800033569336,118.11641693115234,801300
2017-12-28,VMC,VMC,127.5,127.97000122070312,126.55999755859375,127.5999984741211,118.22760772705078,745700
2017-12-29,VMC,VMC,128.47999572753906,129.6300048828125,127.02999877929688,128.3699951171875,118.9410171508789,967600
2018-01-02,VMC,VMC,129.75,132.32000732421875,128.9600067138672,131.8699951171875,122.18394470214844,1869700
2018-01-03,VMC,VMC,132.58999633789062,135.0,132.22999572753906,134.2899932861328,124.42620086669922,2600900
2018-01-04,VMC,VMC,135.0800018310547,135.4499969482422,132.5500030517578,133.3800048828125,123.58302307128906,1325900
2018-01-05,VMC,VMC,133.4499969482422,134.0,130.86000061035156,131.89999389648438,122.21174621582031,1285300
2018-01-08,VMC,VMC,131.89999389648438,134.0800018310547,129.8000030517578,133.94000244140625,124.10192108154297,993300
2018-01-09,VMC,VMC,133.83999633789062,135.60000610351562,133.49000549316406,134.13999938964844,124.28720092773438,1229000
2018-01-10,VMC,VMC,133.24000549316406,133.72999572753906,131.4600067138672,132.39999389648438,122.67503356933594,1330800
2018-01-11,VMC,VMC,133.3699951171875,135.88999938964844,132.66000366210938,135.17999267578125,125.25082397460938,916300
2018-01-12,VMC,VMC,135.27000427246094,135.35000610351562,133.61000061035156,133.97000122070312,124.12971496582031,915900
2018-01-16,VMC,VMC,134.35000610351562,136.32000732421875,132.94000244140625,133.69000244140625,123.87025451660156,1602800
2018-01-17,VMC,VMC,134.55999755859375,135.4499969482422,133.7100067138672,134.5800018310547,124.69491577148438,698100
2018-01-18,VMC,VMC,134.85000610351562,136.49000549316406,134.17999267578125,135.16000366210938,125.23229217529297,1371700
2018-01-19,VMC,VMC,135.88999938964844,137.64999389648438,134.42999267578125,135.02999877929688,125.11183166503906,1428300
2018-01-22,VMC,VMC,135.1999969482422,135.1999969482422,132.02000427246094,133.0,123.2309341430664,1443600
2018-01-23,VMC,VMC,132.75999450683594,135.22000122070312,131.8000030517578,134.8800048828125,124.97285461425781,1118200
2018-01-24,VMC,VMC,134.6999969482422,136.9600067138672,133.32000732421875,135.49000549316406,125.5380630493164,1297900
2018-01-25,VMC,VMC,136.11000061035156,139.19000244140625,135.24000549316406,138.5399932861328,128.36402893066406,1094000
2018-01-26,VMC,VMC,139.02000427246094,141.1999969482422,138.5399932861328,141.11000061035156,130.7452392578125,1570800
2018-01-29,VMC,VMC,141.0,141.0,138.17999267578125,138.9199981689453,128.71615600585938,1400900
2018-01-30,VMC,VMC,138.22999572753906,140.80999755859375,137.52000427246094,139.8300018310547,129.55929565429688,1782800
2018-01-31,VMC,VMC,140.49000549316406,140.49000549316406,132.75,135.39999389648438,125.45468139648438,2190500
2018-02-01,VMC,VMC,134.61000061035156,136.94000244140625,133.9199981689453,134.22999572753906,124.37060546875,2100200
2018-02-02,VMC,VMC,132.89999389648438,133.85000610351562,129.99000549316406,131.0,121.37784576416016,1861500
2018-02-05,VMC,VMC,130.1300048828125,131.2899932861328,123.06999969482422,125.19999694824219,116.00387573242188,2381000
2018-02-06,VMC,VMC,123.12999725341797,128.66000366210938,122.73999786376953,126.77999877929688,117.46781158447266,1746600
2018-02-07,VMC,VMC,125.91999816894531,131.27000427246094,125.62999725341797,128.24000549316406,118.82058715820312,1551700
2018-02-08,VMC,VMC,128.47999572753906,128.6199951171875,121.4000015258789,121.47000122070312,112.54784393310547,1734200
2018-02-09,VMC,VMC,122.30999755859375,126.12000274658203,119.33999633789062,125.0,115.81855010986328,1390400
2018-02-12,VMC,VMC,126.4000015258789,128.41000366210938,125.37999725341797,127.16000366210938,117.81990814208984,1613800
2018-02-13,VMC,VMC,128.1999969482422,132.02999877929688,128.0,129.3699951171875,119.86758422851562,1688200
2018-02-14,VMC,VMC,128.07000732421875,130.05999755859375,126.4800033569336,129.6199951171875,120.09918975830078,1333200
2018-02-15,VMC,VMC,130.97999572753906,134.44000244140625,130.1699981689453,133.47000122070312,123.66642761230469,1867300
2018-02-16,VMC,VMC,128.0,131.5399932861328,125.5,126.56999969482422,117.27323150634766,3235500
2018-02-20,VMC,VMC,125.66999816894531,126.66999816894531,122.51000213623047,124.47000122070312,115.32748413085938,1881900
2018-02-21,VMC,VMC,124.62999725341797,125.94999694824219,121.87999725341797,122.04000091552734,113.07598876953125,1667600
2018-02-22,VMC,VMC,122.18000030517578,123.62000274658203,120.66999816894531,122.12000274658203,113.41029357910156,1404000
2018-02-23,VMC,VMC,122.9800033569336,123.16999816894531,121.11000061035156,121.69000244140625,113.0109634399414,1279500
2018-02-26,VMC,VMC,121.69000244140625,122.30000305175781,119.62000274658203,121.75,113.06670379638672,1311600
2018-02-27,VMC,VMC,121.4000015258789,121.98999786376953,118.30000305175781,118.87000274658203,110.39209747314453,2051300
2018-02-28,VMC,VMC,119.33000183105469,120.02999877929688,117.66000366210938,117.7300033569336,109.3333969116211,1359200
2018-03-01,VMC,VMC,118.36000061035156,119.66000366210938,115.83999633789062,117.06999969482422,108.72047424316406,1327800
2018-03-02,VMC,VMC,116.02999877929688,118.36000061035156,114.2300033569336,117.73999786376953,109.3426742553711,1806900
2018-03-05,VMC,VMC,117.63999938964844,118.5,115.58999633789062,117.7300033569336,109.3333969116211,1561000
2018-03-06,VMC,VMC,118.3499984741211,120.3499984741211,117.77999877929688,119.41000366210938,110.8935775756836,1155500
2018-03-07,VMC,VMC,117.91000366210938,119.51000213623047,117.08000183105469,119.08999633789062,110.59638977050781,891300
2018-03-08,VMC,VMC,119.30000305175781,121.19999694824219,117.4000015258789,119.18000030517578,110.67997741699219,1699500
2018-03-09,VMC,VMC,120.1500015258789,121.52999877929688,119.80999755859375,121.19999694824219,112.5559310913086,947800
2018-03-12,VMC,VMC,121.58999633789062,121.68000030517578,120.08000183105469,120.98999786376953,112.36089324951172,739800
2018-03-13,VMC,VMC,121.79000091552734,123.44999694824219,121.41999816894531,121.66999816894531,112.99239349365234,1058200
2018-03-14,VMC,VMC,122.0,122.0,119.12000274658203,120.43000030517578,111.8408203125,888900
2018-03-15,VMC,VMC,120.5199966430664,120.91000366210938,117.63999938964844,117.91999816894531,109.50982666015625,1009400
2018-03-16,VMC,VMC,116.19999694824219,118.26000213623047,115.62999725341797,117.12000274658203,108.76691436767578,1871400
2018-03-19,VMC,VMC,116.4000015258789,116.52999877929688,113.58999633789062,114.9000015258789,106.70523071289062,1391500
2018-03-20,VMC,VMC,115.12000274658203,116.0,112.97000122070312,114.13999938964844,105.99944305419922,1116000
2018-03-21,VMC,VMC,114.55000305175781,116.31999969482422,113.83999633789062,114.80999755859375,106.62166595458984,1043400
2018-03-22,VMC,VMC,113.9000015258789,115.56999969482422,113.5199966430664,113.5999984741211,105.49795532226562,1334300
2018-03-23,VMC,VMC,114.2699966430664,117.37999725341797,113.9800033569336,115.5999984741211,107.35533905029297,1688700
2018-03-26,VMC,VMC,117.87999725341797,118.06999969482422,114.88999938964844,116.69999694824219,108.37686157226562,1618000
2018-03-27,VMC,VMC,116.69999694824219,117.25,114.05999755859375,114.7300033569336,106.54736328125,1418600
2018-03-28,VMC,VMC,114.43000030517578,114.61000061035156,110.2300033569336,111.30000305175781,103.36199188232422,1648800
2018-03-29,VMC,VMC,112.2300033569336,114.91000366210938,111.4000015258789,114.16999816894531,106.02729797363281,1600500
2018-04-02,VMC,VMC,113.83000183105469,114.38999938964844,109.95999908447266,112.23999786376953,104.23495483398438,1836000
2018-04-03,VMC,VMC,112.29000091552734,113.18000030517578,111.16000366210938,112.70999908447266,104.67142486572266,1440700
2018-04-04,VMC,VMC,110.52999877929688,114.5199966430664,110.01000213623047,114.41000366210938,106.25020599365234,937100
2018-04-05,VMC,VMC,114.88999938964844,117.37999725341797,114.55999755859375,116.98999786376953,108.64618682861328,1570500
2018-04-06,VMC,VMC,116.05000305175781,116.05000305175781,112.81999969482422,113.55999755859375,105.46082305908203,1409500
2018-04-09,VMC,VMC,113.72000122070312,114.80999755859375,112.29000091552734,112.91000366210938,104.857177734375,1748400
2018-04-10,VMC,VMC,114.2300033569336,116.43000030517578,113.79000091552734,116.0999984741211,107.81964874267578,1140100
2018-04-11,VMC,VMC,115.01000213623047,115.51000213623047,114.27999877929688,115.0,106.79810333251953,879600
2018-04-12,VMC,VMC,115.36000061035156,115.72000122070312,114.55000305175781,114.88999938964844,106.69593811035156,885100
2018-04-13,VMC,VMC,114.9800033569336,115.70999908447266,112.08000183105469,112.80999755859375,104.7642822265625,1470900
2018-04-16,VMC,VMC,113.94000244140625,115.47000122070312,112.69000244140625,114.73999786376953,106.55663299560547,1188800
2018-04-17,VMC,VMC,115.37999725341797,118.27999877929688,114.25,117.7699966430664,109.37054443359375,1905000
2018-04-18,VMC,VMC,117.76000213623047,118.86000061035156,117.26000213623047,118.37999725341797,109.93704223632812,2103000
2018-04-19,VMC,VMC,118.45999908447266,118.80000305175781,114.9000015258789,115.33000183105469,107.10458374023438,1338600
2018-04-20,VMC,VMC,115.87000274658203,116.13999938964844,113.22000122070312,113.75,105.63726043701172,1111500
2018-04-23,VMC,VMC,113.86000061035156,114.69999694824219,113.19000244140625,113.80000305175781,105.68370056152344,795700
2018-04-24,VMC,VMC,114.66999816894531,115.33999633789062,110.0,111.36000061035156,103.41771697998047,1006800
2018-04-25,VMC,VMC,111.1500015258789,112.4000015258789,109.69000244140625,112.12000274658203,104.1235122680664,1122300
2018-04-26,VMC,VMC,112.91999816894531,112.91999816894531,110.31999969482422,110.91999816894531,103.00910186767578,1560200
2018-04-27,VMC,VMC,111.0,112.58000183105469,110.31999969482422,112.4000015258789,104.38355255126953,1748100
2018-04-30,VMC,VMC,112.51000213623047,114.86000061035156,111.66000366210938,111.69000244140625,103.72417449951172,1278900
2018-05-01,VMC,VMC,111.9000015258789,112.0199966430664,108.16999816894531,111.7699966430664,103.79847717285156,1559600
2018-05-02,VMC,VMC,113.8499984741211,115.61000061035156,112.5,113.66000366210938,105.55368041992188,1592600
2018-05-03,VMC,VMC,119.88999938964844,123.86000061035156,115.94000244140625,122.19999694824219,113.48460388183594,4538800
2018-05-04,VMC,VMC,121.3499984741211,124.22000122070312,119.80999755859375,122.69999694824219,113.94892883300781,1975700
2018-05-07,VMC,VMC,122.9000015258789,124.58000183105469,122.06999969482422,123.43000030517578,114.62689208984375,1387800
2018-05-08,VMC,VMC,123.7300033569336,127.68000030517578,123.12000274658203,126.7300033569336,117.6915054321289,2048800
2018-05-09,VMC,VMC,126.7300033569336,127.5999984741211,124.7300033569336,127.05999755859375,117.99796295166016,1335200
2018-05-10,VMC,VMC,127.38999938964844,127.54000091552734,125.48999786376953,125.69000244140625,116.72567749023438,1210200
2018-05-11,VMC,VMC,126.08000183105469,127.88999938964844,125.54000091552734,127.37000274658203,118.28585815429688,1165200
2018-05-14,VMC,VMC,127.9000015258789,127.91999816894531,126.44000244140625,126.83999633789062,117.79365539550781,901400
2018-05-15,VMC,VMC,125.69000244140625,127.5,125.54000091552734,127.33999633789062,118.25800323486328,1201400
2018-05-16,VMC,VMC,127.5,129.33999633789062,127.16999816894531,128.22000122070312,119.07524871826172,1116300
2018-05-17,VMC,VMC,127.5999984741211,128.13999938964844,125.44000244140625,126.04000091552734,117.05072784423828,1081100
2018-05-18,VMC,VMC,126.04000091552734,129.4199981689453,125.80000305175781,129.1999969482422,119.98533630371094,1660400
2018-05-21,VMC,VMC,129.77000427246094,130.47999572753906,129.0,129.5399932861328,120.30108642578125,1256200
2018-05-22,VMC,VMC,129.75999450683594,130.33999633789062,128.1300048828125,128.1999969482422,119.05667877197266,725900
2018-05-23,VMC,VMC,126.61000061035156,129.38999938964844,125.83000183105469,129.2899932861328,120.33172607421875,1095200
2018-05-24,VMC,VMC,128.57000732421875,129.74000549316406,126.63999938964844,127.91000366210938,119.04737091064453,734400
2018-05-25,VMC,VMC,128.13999938964844,128.8800048828125,127.05000305175781,127.33999633789062,118.516845703125,890900
2018-05-29,VMC,VMC,126.11000061035156,129.44000244140625,126.05000305175781,127.22000122070312,118.40515899658203,1232400
2018-05-30,VMC,VMC,127.5999984741211,128.9199981689453,126.83999633789062,127.77999877929688,118.92637634277344,1016300
2018-05-31,VMC,VMC,128.14999389648438,130.0500030517578,127.0199966430664,127.73999786376953,118.88912963867188,1160800
2018-06-01,VMC,VMC,129.0399932861328,130.0800018310547,128.33999633789062,129.32000732421875,120.35968780517578,808900
2018-06-04,VMC,VMC,129.86000061035156,130.3300018310547,128.50999450683594,129.50999450683594,120.53651428222656,618000
2018-06-05,VMC,VMC,129.57000732421875,130.42999267578125,128.5399932861328,128.80999755859375,119.8849868774414,771700
2018-06-06,VMC,VMC,129.5500030517578,130.72999572753906,128.36000061035156,130.22999572753906,121.20659637451172,1314600
2018-06-07,VMC,VMC,130.27999877929688,131.69000244140625,129.55999755859375,130.5500030517578,121.50442504882812,681800
2018-06-08,VMC,VMC,130.2899932861328,130.3800048828125,128.44000244140625,130.0399932861328,121.02976989746094,1209200
2018-06-11,VMC,VMC,130.0,130.97999572753906,129.63999938964844,130.25999450683594,121.23453521728516,713700
2018-06-12,VMC,VMC,130.75,132.38999938964844,130.50999450683594,130.97000122070312,121.8953628540039,908300
2018-06-13,VMC,VMC,131.4199981689453,132.77000427246094,130.77999877929688,131.2100067138672,122.11871337890625,994800
2018-06-14,VMC,VMC,131.50999450683594,132.25,130.6300048828125,131.86000061035156,122.72367095947266,902600
2018-06-15,VMC,VMC,131.47999572753906,132.85000610351562,130.55999755859375,132.08999633789062,122.93773651123047,1591900
2018-06-18,VMC,VMC,131.07000732421875,132.86000061035156,130.44000244140625,132.5500030517578,123.36587524414062,1013100
2018-06-19,VMC,VMC,131.0800018310547,132.27999877929688,130.63999938964844,131.16000366210938,122.07218933105469,1064700
2018-06-20,VMC,VMC,132.0,133.5500030517578,131.10000610351562,133.24000549316406,124.00808715820312,970000
2018-06-21,VMC,VMC,132.52999877929688,133.58999633789062,129.77999877929688,129.86000061035156,120.86225128173828,956600
2018-06-22,VMC,VMC,130.69000244140625,132.3300018310547,130.02999877929688,131.57000732421875,122.45375061035156,1122100
2018-06-25,VMC,VMC,130.25999450683594,130.72000122070312,127.54000091552734,128.42999267578125,119.5313491821289,827100
2018-06-26,VMC,VMC,128.2100067138672,129.36000061035156,126.70999908447266,127.76000213623047,118.90774536132812,1401000
2018-06-27,VMC,VMC,127.93000030517578,129.75999450683594,127.44999694824219,128.3300018310547,119.43827056884766,1219800
2018-06-28,VMC,VMC,127.73999786376953,128.2899932861328,125.62000274658203,127.05000305175781,118.24693298339844,1266400
2018-06-29,VMC,VMC,127.93000030517578,130.07000732421875,127.5,129.05999755859375,120.1176986694336,1104900
2018-07-02,VMC,VMC,127.66999816894531,128.64999389648438,126.26000213623047,127.22000122070312,118.40515899658203,1111900
2018-07-03,VMC,VMC,128.07000732421875,129.27000427246094,127.70999908447266,128.52000427246094,119.61508178710938,789900
2018-07-05,VMC,VMC,129.39999389648438,129.5800018310547,127.58000183105469,129.42999267578125,120.4620361328125,559900
2018-07-06,VMC,VMC,129.35000610351562,131.52000427246094,129.25999450683594,130.44000244140625,121.40206909179688,735600
2018-07-09,VMC,VMC,130.52000427246094,130.85000610351562,128.86000061035156,129.3000030517578,120.34103393554688,865900
2018-07-10,VMC,VMC,129.02999877929688,129.60000610351562,127.0,127.3499984741211,118.52616119384766,1194600
2018-07-11,VMC,VMC,126.20999908447266,128.9499969482422,125.51000213623047,127.16000366210938,118.34932708740234,1691800
2018-07-12,VMC,VMC,128.38999938964844,128.38999938964844,125.58999633789062,127.29000091552734,118.4703140258789,1361500
2018-07-13,VMC,VMC,127.62999725341797,128.19000244140625,125.87999725341797,126.16000366210938,117.41862487792969,916700
2018-07-16,VMC,VMC,125.88999938964844,125.9000015258789,121.7699966430664,122.91000366210938,114.3938217163086,1607600
2018-07-17,VMC,VMC,122.6500015258789,124.47000122070312,122.36000061035156,123.6500015258789,115.08253479003906,1323500
2018-07-18,VMC,VMC,123.91000366210938,124.98999786376953,123.72000122070312,124.43000030517578,115.80848693847656,1513000
2018-07-19,VMC,VMC,124.25,125.05999755859375,123.52999877929688,124.93000030517578,116.27383422851562,715700
2018-07-20,VMC,VMC,124.43000030517578,124.94000244140625,123.55999755859375,123.87999725341797,115.29659271240234,797300
2018-07-23,VMC,VMC,123.16000366210938,124.30000305175781,122.87999725341797,123.63999938964844,115.0732192993164,963900
2018-07-24,VMC,VMC,124.2699966430664,124.66000366210938,122.18000030517578,122.58000183105469,114.086669921875,1172900
2018-07-25,VMC,VMC,121.93000030517578,121.93000030517578,117.6500015258789,120.5,112.1507797241211,2339000
2018-07-26,VMC,VMC,121.0,121.0,116.0199966430664,116.79000091552734,108.69783782958984,2585700
2018-07-27,VMC,VMC,117.30999755859375,119.5199966430664,116.91999816894531,118.37999725341797,110.17765808105469,1662900
2018-07-30,VMC,VMC,117.93000030517578,118.37000274658203,115.43000030517578,117.2300033569336,109.10735321044922,2148500
2018-07-31,VMC,VMC,115.58999633789062,115.68000030517578,111.08000183105469,112.0,104.23973083496094,4311800
2018-08-01,VMC,VMC,113.91000366210938,114.8499984741211,112.01000213623047,113.41999816894531,105.56132507324219,2804300
2018-08-02,VMC,VMC,112.94000244140625,115.05999755859375,112.13999938964844,114.66999816894531,106.7247314453125,1223300
2018-08-03,VMC,VMC,114.54000091552734,115.56999969482422,114.05999755859375,114.5,106.56652069091797,1240000
2018-08-06,VMC,VMC,114.19999694824219,114.9800033569336,113.54000091552734,114.79000091552734,106.83642578125,752400
2018-08-07,VMC,VMC,114.5,117.43000030517578,114.5,115.81999969482422,107.79505157470703,883400
2018-08-08,VMC,VMC,116.05000305175781,116.08000183105469,113.87999725341797,113.95999908447266,106.06393432617188,779300
2018-08-09,VMC,VMC,113.83999633789062,114.44999694824219,112.81999969482422,112.91000366210938,105.0866928100586,953300
2018-08-10,VMC,VMC,112.18000030517578,112.4800033569336,110.41999816894531,110.51000213623047,102.85297393798828,1116000
2018-08-13,VMC,VMC,110.51000213623047,111.2300033569336,109.45999908447266,110.33999633789062,102.69473266601562,959200
2018-08-14,VMC,VMC,110.3499984741211,111.83999633789062,110.01000213623047,111.36000061035156,103.6440658569336,798700
2018-08-15,VMC,VMC,111.0,111.0,109.1500015258789,109.81999969482422,102.21078491210938,984400
2018-08-16,VMC,VMC,110.5,110.95999908447266,109.6500015258789,109.83000183105469,102.2200927734375,2213800
2018-08-17,VMC,VMC,109.75,110.7300033569336,109.6500015258789,110.33999633789062,102.69473266601562,845400
2018-08-20,VMC,VMC,110.0199966430664,110.4800033569336,109.37999725341797,110.04000091552734,102.41554260253906,862500
2018-08-21,VMC,VMC,110.11000061035156,112.22000122070312,110.11000061035156,111.7699966430664,104.29103088378906,1028800
2018-08-22,VMC,VMC,111.80999755859375,113.18000030517578,111.66000366210938,112.44000244140625,104.91622161865234,896600
2018-08-23,VMC,VMC,112.56999969482422,112.79000091552734,110.29000091552734,111.0999984741211,103.66588592529297,911300
2018-08-24,VMC,VMC,111.43000030517578,112.12999725341797,111.0,111.61000061035156,104.14173889160156,685400
2018-08-27,VMC,VMC,113.08999633789062,114.69000244140625,111.91000366210938,113.58000183105469,105.97993469238281,1435300
2018-08-28,VMC,VMC,113.54000091552734,114.13999938964844,111.95999908447266,112.19000244140625,104.68292999267578,941100
2018-08-29,VMC,VMC,111.91999816894531,113.6500015258789,111.26000213623047,113.37999725341797,105.79332733154297,811900
2018-08-30,VMC,VMC,113.3499984741211,113.3499984741211,112.0,112.1500015258789,104.64562225341797,801700
2018-08-31,VMC,VMC,111.80000305175781,112.1500015258789,110.0,110.80000305175781,103.38594818115234,984200
2018-09-04,VMC,VMC,110.0,111.0,109.33000183105469,110.68000030517578,103.27398681640625,858400
2018-09-05,VMC,VMC,110.36000061035156,111.19000244140625,109.2300033569336,110.0,102.63947296142578,895800
2018-09-06,VMC,VMC,110.5,111.44000244140625,109.41999816894531,110.22000122070312,102.84475708007812,793500
2018-09-07,VMC,VMC,109.73999786376953,111.08999633789062,109.25,110.81999969482422,103.40461730957031,815700
2018-09-10,VMC,VMC,110.44000244140625,110.62999725341797,106.0999984741211,107.19999694824219,100.0268325805664,2089700
2018-09-11,VMC,VMC,106.69999694824219,109.87999725341797,106.23999786376953,109.08999633789062,101.79037475585938,1541300
2018-09-12,VMC,VMC,109.19000244140625,109.81999969482422,107.6500015258789,108.87000274658203,101.58509826660156,1070800
2018-09-13,VMC,VMC,109.79000091552734,111.31999969482422,108.98999786376953,109.69000244140625,102.35020446777344,617800
2018-09-14,VMC,VMC,109.69999694824219,111.5,109.69999694824219,111.19999694824219,103.7591781616211,700200
2018-09-17,VMC,VMC,112.02999877929688,112.48999786376953,110.70999908447266,110.95999908447266,103.53524017333984,784600
2018-09-18,VMC,VMC,110.83999633789062,113.08999633789062,110.83999633789062,112.87000274658203,105.31742095947266,990200
2018-09-19,VMC,VMC,112.63999938964844,114.9000015258789,112.55999755859375,114.41999816894531,106.76371765136719,1178500
2018-09-20,VMC,VMC,114.63999938964844,117.56999969482422,114.62000274658203,115.04000091552734,107.34224700927734,1483700
2018-09-21,VMC,VMC,115.41000366210938,115.9000015258789,112.79000091552734,115.55000305175781,107.81809997558594,2365400
2018-09-24,VMC,VMC,114.8499984741211,115.08999633789062,113.62999725341797,114.54000091552734,106.87569427490234,1204300
2018-09-25,VMC,VMC,114.5,115.04000091552734,112.70999908447266,112.86000061035156,105.30812072753906,1353500
2018-09-26,VMC,VMC,112.72000122070312,113.93000030517578,111.27999877929688,112.87999725341797,105.32677459716797,1279100
2018-09-27,VMC,VMC,113.38999938964844,115.66000366210938,112.94000244140625,113.02999877929688,105.46672058105469,1482600
2018-09-28,VMC,VMC,112.4000015258789,112.83999633789062,110.41999816894531,111.19999694824219,103.7591781616211,1223400
2018-10-01,VMC,VMC,111.86000061035156,113.0,111.19999694824219,112.27999877929688,104.7669448852539,816800
2018-10-02,VMC,VMC,111.7699966430664,113.23999786376953,111.63999938964844,112.36000061035156,104.84158325195312,701600
2018-10-03,VMC,VMC,112.43000030517578,113.5,112.43000030517578,112.8499984741211,105.29878997802734,835200
2018-10-04,VMC,VMC,112.44999694824219,114.58999633789062,111.43000030517578,111.5,104.03909301757812,1824500
2018-10-05,VMC,VMC,111.73999786376953,111.94000244140625,109.44999694824219,110.63999938964844,103.23665618896484,1294600
2018-10-08,VMC,VMC,110.30999755859375,110.95999908447266,109.52999877929688,110.66999816894531,103.26463317871094,1154800
2018-10-09,VMC,VMC,110.37999725341797,110.58999633789062,109.04000091552734,109.1500015258789,101.84635162353516,1002700
2018-10-10,VMC,VMC,108.3499984741211,108.3499984741211,105.12999725341797,105.25,98.20732879638672,1644100
2018-10-11,VMC,VMC,104.51000213623047,105.30999755859375,98.69999694824219,100.37000274658203,93.65386199951172,2417900
2018-10-12,VMC,VMC,101.94999694824219,102.80000305175781,100.5,100.98999786376953,94.2323989868164,2073500
2018-10-15,VMC,VMC,100.30999755859375,101.6500015258789,98.98999786376953,99.29000091552734,92.6461410522461,1303800
2018-10-16,VMC,VMC,99.83000183105469,101.11000061035156,99.0199966430664,100.9000015258789,94.14839172363281,1317600
2018-10-17,VMC,VMC,97.38999938964844,98.04000091552734,95.45999908447266,96.2300033569336,89.79088592529297,2239400
2018-10-18,VMC,VMC,94.51000213623047,96.80000305175781,93.4000015258789,94.12999725341797,87.8313980102539,1716000
2018-10-19,VMC,VMC,94.58999633789062,94.6500015258789,92.79000091552734,92.83999633789062,86.62773132324219,1223100
2018-10-22,VMC,VMC,93.23999786376953,94.11000061035156,90.81999969482422,90.87999725341797,84.79886627197266,1297800
2018-10-23,VMC,VMC,89.48999786376953,92.70999908447266,87.69000244140625,92.33999633789062,86.1611557006836,2140600
2018-10-24,VMC,VMC,92.38999938964844,94.23999786376953,91.04000091552734,91.69999694824219,85.56400299072266,2188400
2018-10-25,VMC,VMC,92.62000274658203,93.87000274658203,90.80999755859375,90.91000366210938,84.82685852050781,1557100
2018-10-26,VMC,VMC,89.5,89.69999694824219,86.08999633789062,88.37000274658203,82.45682525634766,3301100
2018-10-29,VMC,VMC,89.69999694824219,91.0199966430664,82.5199966430664,84.19999694824219,78.56585693359375,3795300
2018-10-30,VMC,VMC,94.55000305175781,99.22000122070312,89.98999786376953,98.93000030517578,92.31022644042969,6538500
2018-10-31,VMC,VMC,99.91000366210938,104.31999969482422,99.91000366210938,101.13999938964844,94.372314453125,3474500
2018-11-01,VMC,VMC,101.7699966430664,103.31999969482422,100.06999969482422,102.75,95.87460327148438,2289100
2018-11-02,VMC,VMC,103.12999725341797,104.4000015258789,101.55999755859375,101.70999908447266,94.90416717529297,2141300
2018-11-05,VMC,VMC,101.54000091552734,101.94000244140625,98.56999969482422,100.58999633789062,93.859130859375,1810300
2018-11-06,VMC,VMC,100.36000061035156,105.6500015258789,98.12999725341797,104.12000274658203,97.1529312133789,2810500
2018-11-07,VMC,VMC,109.97000122070312,112.58000183105469,108.69999694824219,109.19999694824219,101.89301300048828,3319200
2018-11-08,VMC,VMC,108.38999938964844,109.37000274658203,105.66000366210938,107.9800033569336,100.75465393066406,1741900
2018-11-09,VMC,VMC,106.73999786376953,107.56999969482422,104.20999908447266,105.76000213623047,98.68319702148438,1284100
2018-11-12,VMC,VMC,105.58999633789062,105.58999633789062,102.63999938964844,103.69999694824219,96.76104736328125,1095700
2018-11-13,VMC,VMC,103.87000274658203,107.22000122070312,103.75,104.91000366210938,97.89006805419922,1131000
2018-11-14,VMC,VMC,106.41000366210938,107.77999877929688,104.87000274658203,105.88999938964844,98.80448150634766,1175300
2018-11-15,VMC,VMC,104.58999633789062,107.41999816894531,104.26000213623047,107.16000366210938,99.98951721191406,1239400
2018-11-16,VMC,VMC,105.95999908447266,107.37999725341797,104.4800033569336,106.54000091552734,99.41100311279297,1341400
2018-11-19,VMC,VMC,106.18000030517578,107.16999816894531,103.08999633789062,103.9000015258789,96.94766235351562,1144600
2018-11-20,VMC,VMC,101.56999969482422,104.31999969482422,100.94000244140625,102.76000213623047,96.14301300048828,1787500
2018-11-21,VMC,VMC,104.05999755859375,105.08999633789062,103.0999984741211,103.80000305175781,97.11605834960938,780500
2018-11-23,VMC,VMC,103.0199966430664,104.11000061035156,102.38999938964844,103.12999725341797,96.48920440673828,562100
2018-11-26,VMC,VMC,104.66999816894531,106.81999969482422,104.55999755859375,105.95999908447266,99.13699340820312,1053600
2018-11-27,VMC,VMC,105.55999755859375,106.63999938964844,104.27999877929688,105.19999694824219,98.42591857910156,742300
2018-11-28,VMC,VMC,105.55999755859375,108.37000274658203,103.31999969482422,107.95999908447266,101.00818634033203,1020000
2018-11-29,VMC,VMC,107.83000183105469,109.0,106.81999969482422,106.91999816894531,100.03514099121094,869800
2018-11-30,VMC,VMC,106.5199966430664,107.44000244140625,105.56999969482422,105.70999908447266,98.90306854248047,1254700
2018-12-03,VMC,VMC,107.7699966430664,109.12999725341797,105.77999877929688,106.05999755859375,99.23054504394531,1485700
2018-12-04,VMC,VMC,105.26000213623047,105.73999786376953,100.43000030517578,100.55999755859375,94.0846939086914,1325700
2018-12-06,VMC,VMC,100.08000183105469,103.70999908447266,99.5999984741211,103.38999938964844,96.73245239257812,1607400
2018-12-07,VMC,VMC,103.5,105.94000244140625,101.11000061035156,101.36000061035156,94.83319854736328,1363000
2018-12-10,VMC,VMC,100.94000244140625,102.37999725341797,99.55999755859375,101.54000091552734,95.0016098022461,1349100
2018-12-11,VMC,VMC,103.5999984741211,103.9800033569336,99.5199966430664,99.66000366210938,93.24264526367188,785500
2018-12-12,VMC,VMC,101.36000061035156,102.1500015258789,99.3499984741211,100.62000274658203,94.14081573486328,925400
2018-12-13,VMC,VMC,101.56999969482422,102.1500015258789,97.5199966430664,98.75,92.3912582397461,1114100
2018-12-14,VMC,VMC,97.79000091552734,99.69000244140625,97.02999877929688,99.63999938964844,93.22393798828125,1584600
2018-12-17,VMC,VMC,100.88999938964844,101.08999633789062,97.62000274658203,98.37999725341797,92.04505920410156,1327000
2018-12-18,VMC,VMC,98.66000366210938,100.22000122070312,97.81999969482422,98.70999908447266,92.35382843017578,846000
2018-12-19,VMC,VMC,98.5,100.7300033569336,95.58000183105469,95.93000030517578,89.75284576416016,952300
2018-12-20,VMC,VMC,95.51000213623047,96.16000366210938,91.94000244140625,95.08999633789062,88.96692657470703,2372200
2018-12-21,VMC,VMC,95.66000366210938,97.56999969482422,92.9800033569336,93.30000305175781,87.29218292236328,1897000
2018-12-24,VMC,VMC,92.30000305175781,94.80000305175781,90.9800033569336,90.98999786376953,85.13093566894531,681600
2018-12-26,VMC,VMC,92.11000061035156,96.76000213623047,90.04000091552734,96.72000122070312,90.4919662475586,1024000
2018-12-27,VMC,VMC,95.37000274658203,98.19999694824219,94.19999694824219,98.19999694824219,91.87664794921875,1022700
2018-12-28,VMC,VMC,97.91000366210938,99.19000244140625,96.5,97.06999969482422,90.81942749023438,1294700
2018-12-31,VMC,VMC,97.43000030517578,98.80000305175781,97.0,98.80000305175781,92.43799591064453,678800
2019-01-02,VMC,VMC,97.5,99.37000274658203,96.5999984741211,97.58999633789062,91.30594635009766,1062000
2019-01-03,VMC,VMC,98.48999786376953,98.94999694824219,95.30999755859375,96.58999633789062,90.37034606933594,972900
2019-01-04,VMC,VMC,98.12000274658203,101.94999694824219,98.12000274658203,101.52999877929688,94.99223327636719,1146300
2019-01-07,VMC,VMC,101.08000183105469,104.45999908447266,101.08000183105469,103.55000305175781,96.8821792602539,1177800
2019-01-08,VMC,VMC,104.66000366210938,105.0,101.26000213623047,103.13999938964844,96.49856567382812,973400
2019-01-09,VMC,VMC,103.80000305175781,105.16000366210938,102.1500015258789,103.41999816894531,96.76054382324219,887300
2019-01-10,VMC,VMC,103.06999969482422,103.9800033569336,102.25,103.02999877929688,96.39564514160156,775600
2019-01-11,VMC,VMC,101.80999755859375,102.5,100.8499984741211,101.62000274658203,95.07644653320312,667800
2019-01-14,VMC,VMC,100.7699966430664,103.4000015258789,100.70999908447266,102.0199966430664,95.45068359375,1090600
2019-01-15,VMC,VMC,101.55000305175781,102.18000030517578,99.19000244140625,100.41000366210938,93.94436645507812,744400
2019-01-16,VMC,VMC,100.38999938964844,101.54000091552734,99.76000213623047,100.22000122070312,93.76660919189453,1025900
2019-01-17,VMC,VMC,99.7699966430664,102.29000091552734,99.5,101.19000244140625,94.67410278320312,870500
2019-01-18,VMC,VMC,102.12000274658203,105.37999725341797,101.9800033569336,103.61000061035156,96.93830871582031,1499600
2019-01-22,VMC,VMC,103.06999969482422,103.19999694824219,99.4800033569336,101.83999633789062,95.28229522705078,723400
2019-01-23,VMC,VMC,101.6500015258789,101.6500015258789,97.44999694824219,99.47000122070312,93.06488037109375,1440600
2019-01-24,VMC,VMC,99.31999969482422,100.76000213623047,99.31999969482422,100.04000091552734,93.59815216064453,1322900
2019-01-25,VMC,VMC,100.80999755859375,101.69000244140625,100.0999984741211,100.7699966430664,94.28117370605469,868000
2019-01-28,VMC,VMC,100.04000091552734,102.66999816894531,100.04000091552734,102.6500015258789,96.04010009765625,758300
2019-01-29,VMC,VMC,102.55999755859375,103.68000030517578,101.72000122070312,101.95999908447266,95.3945541381836,1191600
2019-01-30,VMC,VMC,102.37999725341797,102.91999816894531,100.54000091552734,101.0,94.49637603759766,1348900
2019-01-31,VMC,VMC,100.76000213623047,102.75,98.93000030517578,101.6500015258789,95.1045150756836,1538300
2019-02-01,VMC,VMC,102.20999908447266,104.69999694824219,101.66000366210938,104.41000366210938,97.68677520751953,1937800
2019-02-04,VMC,VMC,104.26000213623047,105.08999633789062,103.87000274658203,104.19999694824219,97.49029541015625,1239400
2019-02-05,VMC,VMC,104.87999725341797,105.3499984741211,103.76000213623047,105.29000091552734,98.5101089477539,1694400
2019-02-06,VMC,VMC,105.62999725341797,105.66999816894531,101.11000061035156,101.2699966430664,94.74897766113281,1636600
2019-02-07,VMC,VMC,101.0999984741211,102.86000061035156,100.5,101.86000061035156,95.30097961425781,1329900
2019-02-08,VMC,VMC,101.86000061035156,103.68000030517578,101.30000305175781,103.47000122070312,96.80731201171875,1226300
2019-02-11,VMC,VMC,104.12999725341797,106.0199966430664,103.47000122070312,105.61000061035156,98.80951690673828,1992300
2019-02-12,VMC,VMC,105.62999725341797,108.20999908447266,105.43000030517578,106.76000213623047,99.88542938232422,1858400
2019-02-13,VMC,VMC,107.62000274658203,108.41000366210938,105.62000274658203,105.88999938964844,99.07147979736328,1646800
2019-02-14,VMC,VMC,113.62000274658203,114.72000122070312,109.55999755859375,112.69000244140625,105.43363189697266,4241300
2019-02-15,VMC,VMC,113.68000030517578,115.41999816894531,112.01000213623047,113.13999938964844,105.85465240478516,1653200
2019-02-19,VMC,VMC,113.0,114.95999908447266,112.26000213623047,113.16000366210938,105.87335205078125,1181000
2019-02-20,VMC,VMC,113.80999755859375,115.30999755859375,113.44000244140625,114.2699966430664,106.9118881225586,1657900
2019-02-21,VMC,VMC,113.30999755859375,114.75,112.87000274658203,112.98999786376953,106.00187683105469,765800
2019-02-22,VMC,VMC,113.62999725341797,113.97000122070312,112.13999938964844,112.68000030517578,105.7110366821289,1012300
2019-02-25,VMC,VMC,113.44000244140625,113.83999633789062,111.30999755859375,111.41000366210938,104.51959228515625,1118900
2019-02-26,VMC,VMC,111.01000213623047,113.91999816894531,110.9000015258789,113.25,106.24577331542969,1081700
2019-02-27,VMC,VMC,112.95999908447266,114.44000244140625,111.62999725341797,112.11000061035156,105.17631530761719,936700
2019-02-28,VMC,VMC,112.0,112.43000030517578,110.80000305175781,111.45999908447266,104.56649017333984,1417100
2019-03-01,VMC,VMC,111.88999938964844,114.23999786376953,111.88999938964844,113.02999877929688,106.03939056396484,1276900
2019-03-04,VMC,VMC,113.1500015258789,115.19999694824219,112.81999969482422,115.12000274658203,108.0001449584961,1190400
2019-03-05,VMC,VMC,114.83999633789062,115.44999694824219,113.06999969482422,113.18000030517578,106.18010711669922,805200
2019-03-06,VMC,VMC,114.73999786376953,115.26000213623047,113.80000305175781,114.58999633789062,107.5029067993164,1301500
2019-03-07,VMC,VMC,114.19000244140625,115.30000305175781,113.41999816894531,114.08999633789062,107.0338134765625,1177700
2019-03-08,VMC,VMC,113.37999725341797,114.25,112.68000030517578,113.52999877929688,106.50846862792969,807100
2019-03-11,VMC,VMC,113.52999877929688,115.63999938964844,113.52999877929688,114.01000213623047,106.95878601074219,910000
2019-03-12,VMC,VMC,114.2699966430664,114.2699966430664,111.12000274658203,111.48999786376953,104.59464263916016,1469900
2019-03-13,VMC,VMC,112.08999633789062,112.97000122070312,109.6500015258789,109.87000274658203,103.0748291015625,1466200
2019-03-14,VMC,VMC,109.6500015258789,111.56999969482422,109.19000244140625,111.2300033569336,104.3507308959961,1288200
2019-03-15,VMC,VMC,111.37999725341797,112.62000274658203,111.37999725341797,112.58999633789062,105.62660217285156,1256400
2019-03-18,VMC,VMC,112.94000244140625,114.27999877929688,112.54000091552734,113.97000122070312,106.9212417602539,919000
2019-03-19,VMC,VMC,114.72000122070312,116.05999755859375,114.47000122070312,115.2699966430664,108.1408462524414,1372600
2019-03-20,VMC,VMC,115.0,116.5,113.7699966430664,115.3499984741211,108.21590423583984,1182400
2019-03-21,VMC,VMC,115.55000305175781,118.08999633789062,115.4800033569336,117.48999786376953,110.2235336303711,938600
2019-03-22,VMC,VMC,117.08999633789062,117.31999969482422,113.3499984741211,113.44999694824219,106.43340301513672,1095100
2019-03-25,VMC,VMC,113.55000305175781,115.7300033569336,112.86000061035156,114.98999786376953,107.878173828125,1605200
2019-03-26,VMC,VMC,116.1500015258789,116.48999786376953,112.79000091552734,114.48999786376953,107.40909576416016,916600
2019-03-27,VMC,VMC,114.43000030517578,115.68000030517578,113.95999908447266,115.0999984741211,107.98136901855469,1432600
2019-03-28,VMC,VMC,115.55999755859375,116.69999694824219,114.72000122070312,115.91999816894531,108.75064849853516,670800
2019-03-29,VMC,VMC,117.26000213623047,120.0,116.83999633789062,118.4000015258789,111.07728576660156,2181900
2019-04-01,VMC,VMC,119.0999984741211,121.05000305175781,119.05999755859375,120.19000244140625,112.7565689086914,1287100
2019-04-02,VMC,VMC,119.93000030517578,121.5999984741211,119.62999725341797,120.56999969482422,113.11306762695312,1656600
2019-04-03,VMC,VMC,120.98999786376953,121.29000091552734,118.37000274658203,119.19999694824219,111.82779693603516,993100
2019-04-04,VMC,VMC,119.1500015258789,120.86000061035156,118.51000213623047,119.6500015258789,112.24996185302734,814300
2019-04-05,VMC,VMC,119.45999908447266,120.75,119.4000015258789,120.20999908447266,112.77532196044922,666100
2019-04-08,VMC,VMC,119.52999877929688,120.94999694824219,119.45999908447266,120.69000244140625,113.22563171386719,799200
2019-04-09,VMC,VMC,119.76000213623047,120.5199966430664,118.7300033569336,119.69999694824219,112.29685974121094,685300
2019-04-10,VMC,VMC,119.87000274658203,120.05000305175781,118.66999816894531,119.76000213623047,112.35315704345703,570900
2019-04-11,VMC,VMC,119.37000274658203,121.0,119.27999877929688,120.48999786376953,113.03800201416016,655900
2019-04-12,VMC,VMC,121.38999938964844,122.88999938964844,120.94000244140625,122.1500015258789,114.59534454345703,1192000
2019-04-15,VMC,VMC,121.91000366210938,122.33999633789062,121.04000091552734,122.11000061035156,114.55779266357422,450000
2019-04-16,VMC,VMC,122.16999816894531,123.23999786376953,121.27999877929688,122.58000183105469,114.99874877929688,662400
2019-04-17,VMC,VMC,123.0199966430664,123.2699966430664,120.9000015258789,122.0999984741211,114.54843139648438,692200
2019-04-18,VMC,VMC,122.63999938964844,124.2300033569336,122.45999908447266,122.80000305175781,115.20513916015625,1355200
2019-04-22,VMC,VMC,122.13999938964844,123.31999969482422,121.61000061035156,123.2699966430664,115.64606475830078,507800
2019-04-23,VMC,VMC,123.2300033569336,124.08999633789062,122.51000213623047,123.12000274658203,115.50535583496094,722200
2019-04-24,VMC,VMC,123.55999755859375,125.0,122.88999938964844,124.61000061035156,116.90321350097656,653300
2019-04-25,VMC,VMC,124.16999816894531,124.16999816894531,121.2699966430664,121.75,114.22007751464844,989800
2019-04-26,VMC,VMC,121.87999725341797,123.19999694824219,121.62000274658203,122.91999816894531,115.31771087646484,691600
2019-04-29,VMC,VMC,123.26000213623047,123.6500015258789,122.12999725341797,123.05999755859375,115.44905853271484,1402400
2019-04-30,VMC,VMC,125.0,126.88999938964844,124.19000244140625,126.11000061035156,118.31039428710938,2097000
2019-05-01,VMC,VMC,126.9800033569336,128.4199981689453,123.72000122070312,123.76000213623047,116.10575866699219,2353700
2019-05-02,VMC,VMC,128.5,130.4199981689453,126.37999725341797,129.1999969482422,121.20932006835938,2297300
2019-05-03,VMC,VMC,129.72999572753906,130.0,127.41999816894531,128.5,120.5526123046875,987100
2019-05-06,VMC,VMC,126.26000213623047,129.41000366210938,126.0,128.47000122070312,120.52446746826172,1499600
2019-05-07,VMC,VMC,126.86000061035156,129.91000366210938,126.41999816894531,129.77999877929688,121.75343322753906,1554200
2019-05-08,VMC,VMC,129.2899932861328,131.0,128.4499969482422,128.5500030517578,120.59953308105469,1128500
2019-05-09,VMC,VMC,127.27999877929688,128.85000610351562,126.37999725341797,128.41000366210938,120.46818542480469,670100
2019-05-10,VMC,VMC,128.1999969482422,129.3800048828125,126.68000030517578,128.94000244140625,120.96540069580078,866000
2019-05-13,VMC,VMC,126.63999938964844,128.0399932861328,125.83999633789062,127.7300033569336,119.83023071289062,881800
2019-05-14,VMC,VMC,128.0,129.91000366210938,127.6500015258789,129.1699981689453,121.18118286132812,920800
2019-05-15,VMC,VMC,128.1199951171875,130.3800048828125,128.0,129.8300018310547,121.80035400390625,896700
2019-05-16,VMC,VMC,129.72999572753906,131.0,129.55999755859375,130.52000427246094,122.44767761230469,934800
2019-05-17,VMC,VMC,129.3000030517578,130.69000244140625,129.02999877929688,129.9499969482422,121.91297149658203,800400
2019-05-20,VMC,VMC,129.38999938964844,130.35000610351562,128.72999572753906,129.99000549316406,121.95045471191406,716900
2019-05-21,VMC,VMC,130.3000030517578,132.60000610351562,130.19000244140625,131.55999755859375,123.42337799072266,642400
2019-05-22,VMC,VMC,130.72000122070312,130.99000549316406,127.58000183105469,127.94000244140625,120.02725982666016,1423500
2019-05-23,VMC,VMC,126.70999908447266,126.86000061035156,123.41000366210938,125.02999877929688,117.5821304321289,1278400
2019-05-24,VMC,VMC,125.54000091552734,126.4800033569336,124.5199966430664,126.25,118.72943115234375,529900
2019-05-28,VMC,VMC,125.88999938964844,128.25,125.75,125.81999969482422,118.32506561279297,1137800
2019-05-29,VMC,VMC,125.43000030517578,126.18000030517578,124.70999908447266,125.76000213623047,118.26862335205078,640800
2019-05-30,VMC,VMC,126.23999786376953,127.73999786376953,126.19000244140625,127.08999633789062,119.5194091796875,590900
2019-05-31,VMC,VMC,125.55000305175781,125.86000061035156,123.70999908447266,124.91000366210938,117.46928405761719,1111900
2019-06-03,VMC,VMC,125.29000091552734,128.32000732421875,125.29000091552734,128.32000732421875,120.67613220214844,1403400
2019-06-04,VMC,VMC,129.32000732421875,131.94000244140625,128.9499969482422,131.8699951171875,124.01470947265625,1269600
2019-06-05,VMC,VMC,132.4199981689453,133.4499969482422,130.99000549316406,133.38999938964844,125.44415283203125,1103700
2019-06-06,VMC,VMC,133.97999572753906,135.32000732421875,133.32000732421875,135.05999755859375,127.0146255493164,1348200
2019-06-07,VMC,VMC,135.55999755859375,135.55999755859375,134.08999633789062,134.3800048828125,126.37515258789062,946500
2019-06-10,VMC,VMC,135.10000610351562,135.82000732421875,134.0,135.55999755859375,127.48487091064453,748900
2019-06-11,VMC,VMC,136.0500030517578,136.4499969482422,128.58999633789062,130.97000122070312,123.16830444335938,1549600
2019-06-12,VMC,VMC,130.97000122070312,131.39999389648438,129.47999572753906,130.7899932861328,122.9990005493164,662000
2019-06-13,VMC,VMC,131.0399932861328,134.25999450683594,130.16000366210938,132.22000122070312,124.34384155273438,808900
2019-06-14,VMC,VMC,132.11000061035156,133.1300048828125,130.89999389648438,132.58999633789062,124.6917953491211,780900
2019-06-17,VMC,VMC,132.97999572753906,133.91000366210938,132.22999572753906,133.52000427246094,125.56634521484375,668600
2019-06-18,VMC,VMC,134.5800018310547,135.69000244140625,132.39999389648438,132.39999389648438,124.51312255859375,592300
2019-06-19,VMC,VMC,132.92999267578125,132.9600067138672,129.25,131.5500030517578,123.71369171142578,970300
2019-06-20,VMC,VMC,132.6999969482422,134.24000549316406,132.33999633789062,133.7100067138672,125.74502563476562,1034700
2019-06-21,VMC,VMC,133.80999755859375,135.50999450683594,133.1300048828125,134.9199981689453,126.88301849365234,980300
2019-06-24,VMC,VMC,135.1199951171875,135.6199951171875,134.27999877929688,134.44000244140625,126.43159484863281,648000
2019-06-25,VMC,VMC,134.44000244140625,135.91000366210938,133.72000122070312,134.38999938964844,126.38457489013672,566000
2019-06-26,VMC,VMC,134.41000366210938,135.14999389648438,133.1999969482422,134.3000030517578,126.2999267578125,732100
2019-06-27,VMC,VMC,135.41000366210938,136.30999755859375,134.27999877929688,135.41000366210938,127.34380340576172,686900
2019-06-28,VMC,VMC,135.47999572753906,137.9199981689453,135.47999572753906,137.30999755859375,129.13059997558594,1193300
2019-07-01,VMC,VMC,138.6999969482422,139.13999938964844,135.91000366210938,137.50999450683594,129.3186492919922,858000
2019-07-02,VMC,VMC,138.05999755859375,138.11000061035156,135.99000549316406,137.05999755859375,128.8955535888672,807000
2019-07-03,VMC,VMC,137.5399932861328,140.0,136.99000549316406,139.9499969482422,131.61334228515625,512600
2019-07-05,VMC,VMC,139.61000061035156,140.0,138.2100067138672,139.75999450683594,131.43467712402344,538700
2019-07-08,VMC,VMC,138.7899932861328,139.50999450683594,136.61000061035156,138.05999755859375,129.83595275878906,1281000
2019-07-09,VMC,VMC,137.97000122070312,138.0,136.44000244140625,137.92999267578125,129.7136688232422,735000
2019-07-10,VMC,VMC,138.4199981689453,138.97000122070312,136.30999755859375,136.9199981689453,128.76382446289062,565000
2019-07-11,VMC,VMC,136.47000122070312,136.91000366210938,135.16000366210938,136.80999755859375,128.660400390625,637000
2019-07-12,VMC,VMC,136.63999938964844,138.0,134.66000366210938,135.7899932861328,127.70116424560547,878600
2019-07-15,VMC,VMC,136.1999969482422,136.1999969482422,132.50999450683594,134.77000427246094,126.74195861816406,1185700
2019-07-16,VMC,VMC,135.17999267578125,138.1199951171875,135.0,137.6300048828125,129.4315948486328,1229700
2019-07-17,VMC,VMC,137.88999938964844,138.99000549316406,136.08999633789062,137.58999633789062,129.39395141601562,649500
2019-07-18,VMC,VMC,137.42999267578125,137.72000122070312,134.8300018310547,136.4199981689453,128.29368591308594,985500
2019-07-19,VMC,VMC,136.86000061035156,137.5399932861328,135.88999938964844,136.00999450683594,127.90805053710938,754200
2019-07-22,VMC,VMC,135.88999938964844,136.82000732421875,134.19000244140625,134.5500030517578,126.53501892089844,916400
2019-07-23,VMC,VMC,135.0,136.0399932861328,134.67999267578125,135.72000122070312,127.63534545898438,1018700
2019-07-24,VMC,VMC,135.4499969482422,137.55999755859375,134.94000244140625,137.5399932861328,129.34690856933594,3155600
2019-07-25,VMC,VMC,139.6199951171875,139.8000030517578,133.9600067138672,134.5,126.48799133300781,1768200
2019-07-26,VMC,VMC,135.1999969482422,139.08999633789062,134.57000732421875,136.8000030517578,128.6510009765625,961000
2019-07-29,VMC,VMC,136.8000030517578,137.22999572753906,134.85000610351562,136.0500030517578,127.94571685791016,1017100
2019-07-30,VMC,VMC,137.25,140.72000122070312,137.1300048828125,140.32000732421875,131.96133422851562,1516300
2019-07-31,VMC,VMC,139.8000030517578,141.83999633789062,138.2899932861328,138.35000610351562,130.108642578125,1167800
2019-08-01,VMC,VMC,138.3800048828125,140.47000122070312,135.77999877929688,136.75,128.60401916503906,810900
2019-08-02,VMC,VMC,135.55999755859375,138.38999938964844,134.27999877929688,137.7100067138672,129.5067901611328,595200
2019-08-05,VMC,VMC,136.10000610351562,138.0399932861328,135.3699951171875,137.5800018310547,129.38453674316406,1062000
2019-08-06,VMC,VMC,138.07000732421875,138.69000244140625,136.0,138.1199951171875,129.89236450195312,920300
2019-08-07,VMC,VMC,136.9199981689453,138.47000122070312,136.1300048828125,137.99000549316406,129.77012634277344,861900
2019-08-08,VMC,VMC,138.3300018310547,140.47000122070312,137.6300048828125,139.33999633789062,131.0397186279297,858400
2019-08-09,VMC,VMC,139.35000610351562,141.0,138.41000366210938,140.0,131.66036987304688,847800
2019-08-12,VMC,VMC,139.60000610351562,141.02999877929688,138.8800048828125,139.3800048828125,131.0773468017578,702000
2019-08-13,VMC,VMC,139.16000366210938,142.0399932861328,138.5,140.69000244140625,132.30929565429688,647700
2019-08-14,VMC,VMC,139.10000610351562,139.91000366210938,138.0,139.13999938964844,130.85162353515625,622400
2019-08-15,VMC,VMC,139.22999572753906,140.57000732421875,138.44000244140625,138.86000061035156,130.5883026123047,653600
2019-08-16,VMC,VMC,139.5500030517578,142.00999450683594,139.5500030517578,141.72999572753906,133.28729248046875,659400
2019-08-19,VMC,VMC,142.5,143.0500030517578,141.50999450683594,142.36000061035156,133.87979125976562,695200
2019-08-20,VMC,VMC,142.2899932861328,143.9499969482422,140.9199981689453,141.9499969482422,133.7855224609375,1489900
2019-08-21,VMC,VMC,143.25,144.0500030517578,142.30999755859375,143.27999877929688,135.03903198242188,800700
2019-08-22,VMC,VMC,143.33999633789062,144.22999572753906,142.19000244140625,143.36000061035156,135.1144256591797,417300
2019-08-23,VMC,VMC,143.1699981689453,144.1199951171875,138.92999267578125,139.72999572753906,131.69325256347656,979900
2019-08-26,VMC,VMC,140.3800048828125,140.72000122070312,137.27999877929688,138.8300018310547,130.84503173828125,831700
2019-08-27,VMC,VMC,139.9600067138672,141.77000427246094,139.4199981689453,139.82000732421875,131.77804565429688,709200
2019-08-28,VMC,VMC,139.47999572753906,141.10000610351562,138.64999389648438,139.82000732421875,131.77804565429688,654500
2019-08-29,VMC,VMC,141.52999877929688,141.85000610351562,140.3800048828125,140.55999755859375,132.47552490234375,608400
2019-08-30,VMC,VMC,141.52999877929688,142.22000122070312,140.89999389648438,141.25,133.1258087158203,910000
2019-09-03,VMC,VMC,140.47000122070312,144.02000427246094,138.33999633789062,143.8699951171875,135.59510803222656,1181600
2019-09-04,VMC,VMC,144.97999572753906,145.16000366210938,142.89999389648438,143.1300048828125,134.89772033691406,715000
2019-09-05,VMC,VMC,144.60000610351562,144.9600067138672,140.89999389648438,142.86000061035156,134.6431884765625,808400
2019-09-06,VMC,VMC,142.66000366210938,145.1699981689453,142.6300048828125,145.00999450683594,136.66952514648438,931000
2019-09-09,VMC,VMC,144.83999633789062,145.52999877929688,141.75,142.05999755859375,133.8892059326172,707400
2019-09-10,VMC,VMC,141.83999633789062,142.1699981689453,137.2899932861328,142.13999938964844,133.9646759033203,1199400
2019-09-11,VMC,VMC,141.94000244140625,145.27000427246094,141.30999755859375,145.25999450683594,136.90516662597656,1017800
2019-09-12,VMC,VMC,146.0,148.14999389648438,143.97000122070312,144.91000366210938,136.57530212402344,1743500
2019-09-13,VMC,VMC,145.42999267578125,147.6300048828125,144.74000549316406,147.5800018310547,139.0917205810547,976500
2019-09-16,VMC,VMC,147.00999450683594,147.05999755859375,144.4600067138672,145.6300048828125,137.25393676757812,912800
2019-09-17,VMC,VMC,145.38999938964844,149.2100067138672,144.6699981689453,148.11000061035156,139.59127807617188,917400
2019-09-18,VMC,VMC,147.39999389648438,148.86000061035156,146.17999267578125,148.64999389648438,140.10015869140625,949200
2019-09-19,VMC,VMC,149.42999267578125,151.22999572753906,147.61000061035156,150.3000030517578,141.65530395507812,1090400
2019-09-20,VMC,VMC,150.75999450683594,151.50999450683594,148.47000122070312,149.8000030517578,141.18406677246094,1114100
2019-09-23,VMC,VMC,149.27000427246094,151.13999938964844,149.07000732421875,149.77999877929688,141.1652374267578,796900
2019-09-24,VMC,VMC,149.63999938964844,151.17999267578125,149.39999389648438,149.66000366210938,141.05210876464844,727500
2019-09-25,VMC,VMC,149.57000732421875,150.9600067138672,147.9600067138672,150.8800048828125,142.201904296875,568500
2019-09-26,VMC,VMC,150.75,151.99000549316406,150.41000366210938,151.6199951171875,142.8993377685547,787200
2019-09-27,VMC,VMC,152.0,152.24000549316406,147.6699981689453,149.0399932861328,140.46778869628906,950700
2019-09-30,VMC,VMC,149.67999267578125,152.49000549316406,149.30999755859375,151.24000549316406,142.54122924804688,1235800
2019-10-01,VMC,VMC,151.33999633789062,152.47000122070312,148.86000061035156,149.05999755859375,140.48660278320312,732100
2019-10-02,VMC,VMC,148.30999755859375,148.58999633789062,144.35000610351562,145.49000549316406,137.12197875976562,1210500
2019-10-03,VMC,VMC,145.49000549316406,146.3000030517578,144.1999969482422,145.3000030517578,136.94287109375,870500
2019-10-04,VMC,VMC,145.16000366210938,148.0399932861328,145.11000061035156,147.07000732421875,138.61111450195312,866400
2019-10-07,VMC,VMC,146.97000122070312,148.52999877929688,146.5,147.6300048828125,139.13885498046875,884800
2019-10-08,VMC,VMC,146.5,150.22000122070312,146.25999450683594,147.35000610351562,138.8749237060547,953700
2019-10-09,VMC,VMC,148.8300018310547,149.08999633789062,147.4600067138672,148.25999450683594,139.7326202392578,882900
2019-10-10,VMC,VMC,148.4499969482422,149.5399932861328,147.2899932861328,148.5,139.95883178710938,447400
2019-10-11,VMC,VMC,149.6999969482422,150.14999389648438,147.25,147.44000244140625,138.95974731445312,747200
2019-10-14,VMC,VMC,147.52000427246094,148.17999267578125,146.52999877929688,146.6699981689453,138.2340545654297,673100
2019-10-15,VMC,VMC,148.89999389648438,149.0399932861328,146.47999572753906,146.99000549316406,138.53567504882812,1161000
2019-10-16,VMC,VMC,147.17999267578125,147.8699951171875,146.36000061035156,147.2100067138672,138.74301147460938,972600
2019-10-17,VMC,VMC,147.64999389648438,149.5,147.50999450683594,147.72999572753906,139.23309326171875,489400
2019-10-18,VMC,VMC,147.05999755859375,147.07000732421875,143.72000122070312,146.0399932861328,137.6403045654297,1566100
2019-10-21,VMC,VMC,147.0,148.05999755859375,146.3300018310547,146.6300048828125,138.19638061523438,561300
2019-10-22,VMC,VMC,145.69000244140625,148.25,145.63999938964844,145.75,137.36700439453125,610700
2019-10-23,VMC,VMC,146.41000366210938,147.05999755859375,143.86000061035156,144.49000549316406,136.17947387695312,827600
2019-10-24,VMC,VMC,144.9499969482422,146.5,144.6300048828125,145.39999389648438,137.03709411621094,606300
2019-10-25,VMC,VMC,145.5,148.47999572753906,145.0500030517578,147.0800018310547,138.62049865722656,621300
2019-10-28,VMC,VMC,147.6300048828125,147.86000061035156,145.67999267578125,145.7100067138672,137.3292999267578,1264500
2019-10-29,VMC,VMC,147.6300048828125,149.0,143.27000427246094,144.27000427246094,135.97213745117188,1359100
2019-10-30,VMC,VMC,143.63999938964844,145.4199981689453,141.91000366210938,144.63999938964844,136.32083129882812,1075600
2019-10-31,VMC,VMC,145.1999969482422,146.5399932861328,142.08999633789062,142.8699951171875,134.65261840820312,965400
2019-11-01,VMC,VMC,143.7100067138672,145.47000122070312,142.75999450683594,143.64999389648438,135.38775634765625,912700
2019-11-04,VMC,VMC,144.22999572753906,144.8800048828125,141.94000244140625,142.0,133.8326873779297,1624700
2019-11-05,VMC,VMC,142.6999969482422,143.47000122070312,140.1300048828125,141.02999877929688,132.91845703125,1626400
2019-11-06,VMC,VMC,133.5,139.0,131.5,138.1199951171875,130.1758575439453,2253200
2019-11-07,VMC,VMC,139.3699951171875,139.8300018310547,136.6699981689453,137.41000366210938,129.50669860839844,1193500
2019-11-08,VMC,VMC,137.0,137.7100067138672,135.72999572753906,136.44000244140625,128.5924530029297,1045400
2019-11-11,VMC,VMC,135.5399932861328,137.02999877929688,135.32000732421875,136.52999877929688,128.67727661132812,656000
2019-11-12,VMC,VMC,136.75999450683594,137.97999572753906,136.11000061035156,136.50999450683594,128.65843200683594,636000
2019-11-13,VMC,VMC,135.91000366210938,138.83999633789062,134.86000061035156,138.55999755859375,130.5905303955078,916300
2019-11-14,VMC,VMC,138.6199951171875,141.89999389648438,138.38999938964844,141.58999633789062,133.4462890625,1498300
2019-11-15,VMC,VMC,141.99000549316406,142.38999938964844,140.14999389648438,140.52000427246094,132.4377899169922,1180100
2019-11-18,VMC,VMC,140.41000366210938,142.27000427246094,139.74000549316406,140.39999389648438,132.61724853515625,1099800
2019-11-19,VMC,VMC,140.94000244140625,141.8300018310547,139.86000061035156,141.14999389648438,133.32569885253906,788500
2019-11-20,VMC,VMC,140.75999450683594,142.5800018310547,140.24000549316406,140.75,132.94790649414062,793100
2019-11-21,VMC,VMC,140.0,141.92999267578125,139.9199981689453,140.6300048828125,132.83453369140625,1064600
2019-11-22,VMC,VMC,141.55999755859375,141.89999389648438,138.3800048828125,138.47000122070312,130.7942352294922,1378100
2019-11-25,VMC,VMC,139.3000030517578,140.3699951171875,138.69000244140625,140.2899932861328,132.5133819580078,1008000
2019-11-26,VMC,VMC,140.5,142.13999938964844,140.27999877929688,142.02000427246094,134.1475067138672,732400
2019-11-27,VMC,VMC,142.02000427246094,144.39999389648438,141.6300048828125,143.75999450683594,135.791015625,991600
2019-11-29,VMC,VMC,143.4199981689453,143.75,140.97999572753906,141.8699951171875,134.0057830810547,425700
2019-12-02,VMC,VMC,142.3000030517578,142.3000030517578,140.24000549316406,141.5800018310547,133.7318572998047,581100
2019-12-03,VMC,VMC,140.49000549316406,142.75,140.33999633789062,141.97000122070312,134.10025024414062,572600
2019-12-04,VMC,VMC,141.8699951171875,144.22000122070312,141.3800048828125,141.41000366210938,133.5712432861328,693700
2019-12-05,VMC,VMC,141.80999755859375,144.2899932861328,141.32000732421875,143.94000244140625,135.96099853515625,1132200
2019-12-06,VMC,VMC,144.69000244140625,145.0,142.61000061035156,143.5,135.54541015625,574900
2019-12-09,VMC,VMC,143.42999267578125,143.42999267578125,141.75999450683594,142.4600067138672,134.56312561035156,889500
2019-12-10,VMC,VMC,142.1999969482422,142.2899932861328,140.0,140.05999755859375,132.296142578125,870600
2019-12-11,VMC,VMC,140.2100067138672,142.52999877929688,140.11000061035156,142.39999389648438,134.50640869140625,511200
2019-12-12,VMC,VMC,142.39999389648438,143.3300018310547,141.47000122070312,142.49000549316406,134.5913848876953,559700
2019-12-13,VMC,VMC,141.91000366210938,143.92999267578125,141.91000366210938,143.0,135.07315063476562,666300
2019-12-16,VMC,VMC,143.86000061035156,144.1300048828125,142.2899932861328,142.35000610351562,134.4591827392578,632400
2019-12-17,VMC,VMC,143.47000122070312,144.83999633789062,142.88999938964844,143.02999877929688,135.10150146484375,1077800
2019-12-18,VMC,VMC,143.1199951171875,143.9600067138672,142.3000030517578,143.42999267578125,135.47933959960938,1369400
2019-12-19,VMC,VMC,143.38999938964844,144.3699951171875,141.52000427246094,141.7100067138672,133.8546600341797,1250200
2019-12-20,VMC,VMC,141.86000061035156,143.32000732421875,141.3699951171875,141.77000427246094,133.91134643554688,2218600
2019-12-23,VMC,VMC,142.1999969482422,142.1999969482422,139.52000427246094,140.36000061035156,132.57949829101562,790300
2019-12-24,VMC,VMC,140.89999389648438,143.35000610351562,140.50999450683594,142.64999389648438,134.7425079345703,305600
2019-12-26,VMC,VMC,142.75999450683594,143.92999267578125,142.66000366210938,143.64999389648438,135.6870880126953,315800
2019-12-27,VMC,VMC,143.85000610351562,144.4199981689453,142.91000366210938,143.88999938964844,135.9137725830078,500900
2019-12-30,VMC,VMC,143.86000061035156,144.22999572753906,142.16000366210938,142.52999877929688,134.62921142578125,536000
2019-12-31,VMC,VMC,142.77000427246094,144.38999938964844,142.7100067138672,143.99000549316406,136.00827026367188,600200
2020-01-02,VMC,VMC,145.0,145.7100067138672,142.02000427246094,142.72000122070312,134.80870056152344,843400
2020-01-03,VMC,VMC,141.36000061035156,143.60000610351562,141.0,142.10000610351562,134.22303771972656,906800
2020-01-06,VMC,VMC,142.19000244140625,142.8699951171875,140.7899932861328,141.85000610351562,133.9868621826172,798000
2020-01-07,VMC,VMC,141.5,142.8300018310547,140.22999572753906,140.25,132.47555541992188,976500
2020-01-08,VMC,VMC,140.32000732421875,142.4600067138672,140.16000366210938,141.3699951171875,133.53347778320312,674100
2020-01-09,VMC,VMC,141.75999450683594,143.5,141.50999450683594,142.3000030517578,134.4119415283203,649900
2020-01-10,VMC,VMC,142.1300048828125,143.1999969482422,140.6199951171875,143.16000366210938,135.2242889404297,659900
2020-01-13,VMC,VMC,142.91000366210938,143.1699981689453,141.9499969482422,142.22000122070312,134.3363800048828,687800
2020-01-14,VMC,VMC,141.72000122070312,141.9499969482422,138.38999938964844,139.39999389648438,131.67271423339844,1412700
2020-01-15,VMC,VMC,139.13999938964844,140.85000610351562,138.66000366210938,139.66000366210938,131.91827392578125,1203100
2020-01-16,VMC,VMC,140.13999938964844,140.39999389648438,138.30999755859375,139.8699951171875,132.1166534423828,888700
2020-01-17,VMC,VMC,139.97999572753906,141.47000122070312,139.85000610351562,141.11000061035156,133.2878875732422,826800
2020-01-21,VMC,VMC,140.5,142.10000610351562,140.24000549316406,141.77999877929688,133.92080688476562,1173700
2020-01-22,VMC,VMC,142.27000427246094,142.39999389648438,140.82000732421875,141.6999969482422,133.84518432617188,665500
2020-01-23,VMC,VMC,141.19000244140625,142.8000030517578,140.1300048828125,142.55999755859375,134.65750122070312,545400
2020-01-24,VMC,VMC,142.64999389648438,142.77999877929688,139.1199951171875,140.52000427246094,132.73062133789062,565300
2020-01-27,VMC,VMC,139.19000244140625,141.77000427246094,138.6300048828125,138.8800048828125,131.1815185546875,1071800
2020-01-28,VMC,VMC,139.60000610351562,141.88999938964844,138.05999755859375,141.3000030517578,133.4673614501953,838000
2020-01-29,VMC,VMC,141.33999633789062,142.2899932861328,139.30999755859375,139.33999633789062,131.6160430908203,669000
2020-01-30,VMC,VMC,138.77999877929688,142.44000244140625,138.77999877929688,142.38999938964844,134.4969482421875,621600
2020-01-31,VMC,VMC,141.58999633789062,141.8300018310547,139.41000366210938,141.6300048828125,133.77908325195312,1042500
2020-02-03,VMC,VMC,142.38999938964844,145.22000122070312,142.24000549316406,144.5500030517578,136.5372314453125,1011900
2020-02-04,VMC,VMC,145.77000427246094,146.0,141.0,144.5399932861328,136.5277862548828,936800
2020-02-05,VMC,VMC,145.92999267578125,149.0500030517578,145.27000427246094,148.41000366210938,140.1832733154297,1222800
2020-02-06,VMC,VMC,148.1699981689453,148.64999389648438,146.7899932861328,147.02999877929688,138.87973022460938,1030000
2020-02-07,VMC,VMC,146.77000427246094,148.1699981689453,146.05999755859375,147.72000122070312,139.531494140625,544800
2020-02-10,VMC,VMC,147.05999755859375,147.6999969482422,145.6699981689453,147.1199951171875,138.96475219726562,732400
2020-02-11,VMC,VMC,147.02999877929688,147.5399932861328,143.9600067138672,144.1999969482422,136.20657348632812,982900
2020-02-12,VMC,VMC,143.50999450683594,145.8000030517578,141.0800018310547,145.16000366210938,137.1134033203125,1050900
2020-02-13,VMC,VMC,145.4499969482422,146.60000610351562,144.5500030517578,145.0800018310547,137.0378875732422,704800
2020-02-14,VMC,VMC,145.1699981689453,147.63999938964844,144.8699951171875,146.97000122070312,138.8230743408203,640600
2020-02-18,VMC,VMC,142.74000549316406,143.63999938964844,136.3000030517578,137.1699981689453,129.5662841796875,2306400
2020-02-19,VMC,VMC,136.4499969482422,137.61000061035156,134.3800048828125,135.39999389648438,127.89444732666016,1220000
2020-02-20,VMC,VMC,135.38999938964844,137.3800048828125,134.22000122070312,135.7899932861328,128.2628173828125,1299600
2020-02-21,VMC,VMC,135.4199981689453,135.7100067138672,133.13999938964844,133.9499969482422,126.52481079101562,1032300
2020-02-24,VMC,VMC,130.0,131.2100067138672,127.98999786376953,130.22000122070312,123.0015640258789,994600
2020-02-25,VMC,VMC,129.77999877929688,130.72999572753906,124.58000183105469,124.83999633789062,118.22846984863281,901000
2020-02-26,VMC,VMC,125.73999786376953,126.51000213623047,119.37000274658203,121.0199966430664,114.61077880859375,1911200
2020-02-27,VMC,VMC,119.4800033569336,123.69000244140625,118.44999694824219,118.72000122070312,112.4325942993164,2282500
2020-02-28,VMC,VMC,115.94999694824219,120.37000274658203,113.19999694824219,120.26000213623047,113.89105224609375,2431900
2020-03-02,VMC,VMC,120.68000030517578,126.25,119.69000244140625,125.83999633789062,119.17550659179688,1619600
2020-03-03,VMC,VMC,128.22000122070312,131.83999633789062,126.95999908447266,128.0800018310547,121.29692077636719,2133200
2020-03-04,VMC,VMC,129.9199981689453,134.88999938964844,129.0,134.72999572753906,127.59473419189453,1515700
2020-03-05,VMC,VMC,131.52000427246094,132.4499969482422,127.45999908447266,129.75,122.87845611572266,1129700
2020-03-06,VMC,VMC,126.38999938964844,128.07000732421875,123.04000091552734,127.44000244140625,120.69078826904297,1387700
2020-03-09,VMC,VMC,120.94000244140625,124.19999694824219,116.66999816894531,118.73999786376953,112.4515380859375,1425700
2020-03-10,VMC,VMC,121.36000061035156,123.29000091552734,117.22000122070312,123.0,116.4859390258789,1539400
2020-03-11,VMC,VMC,119.81999969482422,120.1500015258789,115.23999786376953,117.61000061035156,111.38139343261719,1454800
2020-03-12,VMC,VMC,111.0999984741211,118.80000305175781,106.77999877929688,107.12000274658203,101.44696044921875,2366900
2020-03-13,VMC,VMC,112.91999816894531,112.91999816894531,102.29000091552734,109.7699966430664,103.95659637451172,2147300
2020-03-16,VMC,VMC,100.48999786376953,102.01000213623047,95.0,95.0,89.96881103515625,1575800
2020-03-17,VMC,VMC,97.45999908447266,98.47000122070312,92.54000091552734,92.98999786376953,88.06526947021484,1774100
2020-03-18,VMC,VMC,88.5,89.11000061035156,65.55999755859375,76.61000061035156,72.55274200439453,2865300
2020-03-19,VMC,VMC,77.0199966430664,91.58999633789062,73.08999633789062,90.22000122070312,85.44196319580078,2696200
2020-03-20,VMC,VMC,90.55999755859375,91.80000305175781,83.52999877929688,84.6500015258789,80.16694641113281,3278700
2020-03-23,VMC,VMC,84.19999694824219,85.87999725341797,77.83999633789062,82.0199966430664,77.67621612548828,1956900
2020-03-24,VMC,VMC,85.01000213623047,88.30000305175781,82.7300033569336,85.44000244140625,80.91510009765625,3488100
2020-03-25,VMC,VMC,84.9800033569336,100.01000213623047,84.05000305175781,95.73999786376953,90.66958618164062,2192400
2020-03-26,VMC,VMC,96.23999786376953,103.0,95.79000091552734,102.22000122070312,96.80642700195312,1451900
2020-03-27,VMC,VMC,98.68000030517578,103.11000061035156,97.2300033569336,99.20999908447266,93.95587158203125,1741500
2020-03-30,VMC,VMC,99.18000030517578,102.23999786376953,96.19999694824219,101.86000061035156,96.46552276611328,1034300
2020-03-31,VMC,VMC,100.61000061035156,113.20999908447266,98.51000213623047,108.06999969482422,102.34661102294922,2921900
2020-04-01,VMC,VMC,104.19999694824219,112.66999816894531,102.95999908447266,107.12000274658203,101.44696044921875,2616100
2020-04-02,VMC,VMC,107.83000183105469,110.87999725341797,104.31999969482422,107.30000305175781,101.61742401123047,2667100
2020-04-03,VMC,VMC,106.94000244140625,107.7300033569336,94.0999984741211,99.20999908447266,93.95587158203125,1988500
2020-04-06,VMC,VMC,101.9800033569336,104.26000213623047,101.30000305175781,103.16999816894531,97.70612335205078,1997400
2020-04-07,VMC,VMC,107.81999969482422,113.8499984741211,107.2300033569336,107.91999816894531,102.20455932617188,1600800
2020-04-08,VMC,VMC,108.16000366210938,113.36000061035156,106.0,112.97000122070312,106.98712158203125,1182300
2020-04-09,VMC,VMC,115.29000091552734,124.4800033569336,112.55999755859375,113.0999984741211,107.11024475097656,2769300
2020-04-13,VMC,VMC,113.87999725341797,114.79000091552734,108.38999938964844,109.43000030517578,103.63461303710938,1523700
2020-04-14,VMC,VMC,111.1500015258789,112.9000015258789,108.9800033569336,112.47000122070312,106.51359558105469,1209300
2020-04-15,VMC,VMC,108.80000305175781,110.20999908447266,106.58999633789062,110.18000030517578,104.34489440917969,1659500
2020-04-16,VMC,VMC,109.66000366210938,110.05000305175781,105.05000305175781,106.2300033569336,100.60407257080078,1708800
2020-04-17,VMC,VMC,109.23999786376953,112.4800033569336,108.1500015258789,112.02999877929688,106.09689331054688,1203100
2020-04-20,VMC,VMC,110.29000091552734,111.88999938964844,107.4000015258789,108.0,102.28033447265625,1347900
2020-04-21,VMC,VMC,105.36000061035156,107.0999984741211,104.58000183105469,106.0,100.38627624511719,1068400
2020-04-22,VMC,VMC,107.9800033569336,108.54000091552734,104.19999694824219,104.9000015258789,99.34451293945312,891400
2020-04-23,VMC,VMC,105.25,105.86000061035156,100.70999908447266,101.19999694824219,95.8404769897461,2290200
2020-04-24,VMC,VMC,103.1500015258789,103.9800033569336,100.91999816894531,102.02999877929688,96.62651062011719,1541200
2020-04-27,VMC,VMC,103.6500015258789,109.08999633789062,103.6500015258789,108.27999877929688,102.54550170898438,1325300
2020-04-28,VMC,VMC,110.75,114.19000244140625,110.61000061035156,110.7699966430664,104.90362548828125,1214000
2020-04-29,VMC,VMC,113.30999755859375,117.87000274658203,112.77999877929688,116.6500015258789,110.47222137451172,1478900
2020-04-30,VMC,VMC,115.18000030517578,115.18000030517578,112.0,112.97000122070312,106.98712158203125,1262400
2020-05-01,VMC,VMC,110.9000015258789,111.97000122070312,107.87000274658203,110.68000030517578,104.81838989257812,983900
2020-05-04,VMC,VMC,108.86000061035156,112.05999755859375,107.66000366210938,111.7300033569336,105.81279754638672,1157800
2020-05-05,VMC,VMC,112.62000274658203,114.12999725341797,107.62000274658203,108.04000091552734,102.3182144165039,1401000
2020-05-06,VMC,VMC,110.81999969482422,111.33999633789062,99.76000213623047,100.30999755859375,94.99759674072266,1781600
2020-05-07,VMC,VMC,101.0,104.33999633789062,100.33000183105469,102.18000030517578,96.76856231689453,1066600
2020-05-08,VMC,VMC,104.0,104.6500015258789,100.5199966430664,101.11000061035156,95.75523376464844,1210900
2020-05-11,VMC,VMC,99.86000061035156,99.86000061035156,94.61000061035156,97.11000061035156,91.96708679199219,2016500
2020-05-12,VMC,VMC,97.62000274658203,99.61000061035156,97.37000274658203,98.7300033569336,93.50126647949219,1283400
2020-05-13,VMC,VMC,97.79000091552734,100.45999908447266,92.79000091552734,93.05000305175781,88.12208557128906,1460400
2020-05-14,VMC,VMC,91.56999969482422,98.2699966430664,88.5999984741211,96.86000061035156,91.73030853271484,1870100
2020-05-15,VMC,VMC,96.91999816894531,98.36000061035156,95.47000122070312,96.06999969482422,90.98214721679688,2076600
2020-05-18,VMC,VMC,99.55000305175781,102.2300033569336,99.08999633789062,101.23999786376953,95.87834167480469,1288300
2020-05-19,VMC,VMC,101.2699966430664,101.5,98.75,99.05999755859375,93.81379699707031,928800
2020-05-20,VMC,VMC,99.3499984741211,102.41000366210938,99.0,101.47000122070312,96.09617614746094,1476900
2020-05-21,VMC,VMC,100.80999755859375,102.4000015258789,99.61000061035156,100.62999725341797,95.62102508544922,961000
2020-05-22,VMC,VMC,101.75,102.12999725341797,98.5999984741211,99.83999633789062,94.870361328125,1013900
2020-05-26,VMC,VMC,103.5,105.22000122070312,101.0199966430664,104.7300033569336,99.51697540283203,1791800
2020-05-27,VMC,VMC,108.8499984741211,111.58000183105469,106.9800033569336,111.51000213623047,105.95946502685547,2153300
2020-05-28,VMC,VMC,112.69999694824219,113.11000061035156,109.73999786376953,110.37000274658203,104.87622833251953,1107300
2020-05-29,VMC,VMC,109.61000061035156,109.95999908447266,108.0,108.31999969482422,102.92826843261719,843600
2020-06-01,VMC,VMC,108.06999969482422,109.27999877929688,107.11000061035156,107.33999633789062,101.9970474243164,1692000
2020-06-02,VMC,VMC,107.80999755859375,110.63999938964844,107.0999984741211,110.58999633789062,105.08528137207031,2537100
2020-06-03,VMC,VMC,112.13999938964844,119.41999816894531,111.80000305175781,118.33000183105469,112.44002532958984,2469900
2020-06-04,VMC,VMC,117.55999755859375,122.5999984741211,117.52999877929688,120.63999938964844,114.63501739501953,1461400
2020-06-05,VMC,VMC,125.2699966430664,128.7899932861328,123.2300033569336,124.12999725341797,117.9512939453125,1135100
2020-06-08,VMC,VMC,125.04000091552734,127.01000213623047,122.61000061035156,124.05999755859375,117.88480377197266,1021700
2020-06-09,VMC,VMC,121.5,122.72000122070312,117.62000274658203,118.02999877929688,112.15495300292969,1190600
2020-06-10,VMC,VMC,116.58000183105469,117.83000183105469,114.48999786376953,116.06999969482422,110.2925033569336,710900
2020-06-11,VMC,VMC,111.80999755859375,114.44000244140625,108.88999938964844,109.08999633789062,103.65995025634766,1936700
2020-06-12,VMC,VMC,113.4000015258789,115.80000305175781,110.16999816894531,112.08999633789062,106.51060485839844,1026900
2020-06-15,VMC,VMC,108.43000030517578,113.66000366210938,107.0,113.2300033569336,107.59387969970703,801200
2020-06-16,VMC,VMC,125.27999877929688,128.24000549316406,120.52999877929688,123.1500015258789,117.02009582519531,3247700
2020-06-17,VMC,VMC,123.0,123.62000274658203,118.36000061035156,118.98999786376953,113.06714630126953,1014500
2020-06-18,VMC,VMC,117.97000122070312,122.98999786376953,117.62999725341797,121.02999877929688,115.005615234375,969500
2020-06-19,VMC,VMC,123.5,123.5,119.80000305175781,120.05000305175781,114.07440185546875,1212900
2020-06-22,VMC,VMC,118.76000213623047,119.94000244140625,117.73999786376953,119.70999908447266,113.75133514404297,719200
2020-06-23,VMC,VMC,121.44999694824219,121.70999908447266,118.77999877929688,119.63999938964844,113.68482208251953,818200
2020-06-24,VMC,VMC,117.87999725341797,119.66000366210938,116.63999938964844,118.05999755859375,112.18343353271484,1299300
2020-06-25,VMC,VMC,116.95999908447266,117.47000122070312,114.91000366210938,116.91000366210938,111.0906982421875,1507100
2020-06-26,VMC,VMC,115.9800033569336,116.63999938964844,111.51000213623047,112.80000305175781,107.18527221679688,3678100
2020-06-29,VMC,VMC,114.7699966430664,116.73999786376953,114.20999908447266,116.0199966430664,110.24498748779297,1169500
2020-06-30,VMC,VMC,115.91999816894531,116.41999816894531,113.91000366210938,115.8499984741211,110.08346557617188,1200300
2020-07-01,VMC,VMC,116.36000061035156,117.36000061035156,114.33000183105469,115.95999908447266,110.18798828125,1119000
2020-07-02,VMC,VMC,118.58000183105469,121.27999877929688,117.58999633789062,120.81999969482422,114.80606079101562,1674100
2020-07-06,VMC,VMC,123.0,123.88999938964844,122.25,123.7300033569336,117.57125091552734,1268400
2020-07-07,VMC,VMC,122.29000091552734,123.06999969482422,122.04000091552734,122.66999816894531,116.56400299072266,1716200
2020-07-08,VMC,VMC,122.27999877929688,123.62999725341797,118.87000274658203,119.12000274658203,113.1906967163086,1087100
2020-07-09,VMC,VMC,118.8499984741211,119.48999786376953,114.44000244140625,117.0999984741211,111.27123260498047,1243200
2020-07-10,VMC,VMC,117.0,119.44000244140625,116.77999877929688,118.79000091552734,112.87711334228516,657400
2020-07-13,VMC,VMC,120.0,122.13999938964844,118.44999694824219,119.16000366210938,113.22870635986328,705000
2020-07-14,VMC,VMC,119.25,121.13999938964844,118.27999877929688,120.83000183105469,114.81558990478516,612300
2020-07-15,VMC,VMC,122.61000061035156,125.3499984741211,122.61000061035156,123.52999877929688,117.38118743896484,879400
2020-07-16,VMC,VMC,122.81999969482422,124.4000015258789,122.52999877929688,124.2300033569336,118.04634857177734,577100
2020-07-17,VMC,VMC,125.0199966430664,126.16000366210938,124.05000305175781,124.94999694824219,118.73050689697266,518900
2020-07-20,VMC,VMC,124.37000274658203,125.4000015258789,123.29000091552734,125.11000061035156,118.88255310058594,571600
2020-07-21,VMC,VMC,125.5,128.2100067138672,125.43000030517578,126.95999908447266,120.64044189453125,525700
2020-07-22,VMC,VMC,127.79000091552734,128.8800048828125,126.62000274658203,127.1500015258789,120.82097625732422,565400
2020-07-23,VMC,VMC,127.0999984741211,128.36000061035156,126.25,127.12999725341797,120.80199432373047,576300
2020-07-24,VMC,VMC,127.06999969482422,127.70999908447266,125.62999725341797,127.27999877929688,120.94451904296875,926400
2020-07-27,VMC,VMC,126.45999908447266,128.2899932861328,125.83000183105469,128.1300048828125,121.752197265625,836400
2020-07-28,VMC,VMC,127.58000183105469,127.61000061035156,120.2699966430664,120.5,114.50198364257812,1748300
2020-07-29,VMC,VMC,121.06999969482422,122.08000183105469,119.97000122070312,121.08000183105469,115.05311584472656,870300
2020-07-30,VMC,VMC,119.69000244140625,121.0,118.58999633789062,119.68000030517578,113.72282409667969,702400
2020-07-31,VMC,VMC,119.52999877929688,119.97000122070312,114.83999633789062,117.41999816894531,111.5753173828125,1499900
2020-08-03,VMC,VMC,118.0,119.13999938964844,115.62000274658203,117.52999877929688,111.6798324584961,1254500
2020-08-04,VMC,VMC,118.08999633789062,124.91999816894531,118.08999633789062,124.33000183105469,118.14134979248047,2278100
2020-08-05,VMC,VMC,125.22000122070312,128.5500030517578,123.0199966430664,126.54000091552734,120.2413558959961,1445700
2020-08-06,VMC,VMC,125.08000183105469,127.41999816894531,125.0,126.4000015258789,120.10834503173828,1059500
2020-08-07,VMC,VMC,126.38999938964844,130.69000244140625,125.83999633789062,130.0800018310547,123.60517120361328,1163600
2020-08-10,VMC,VMC,131.10000610351562,132.64999389648438,130.47000122070312,132.05999755859375,125.486572265625,1028400
2020-08-11,VMC,VMC,133.52999877929688,136.13999938964844,132.6999969482422,133.24000549316406,126.60790252685547,760500
2020-08-12,VMC,VMC,133.57000732421875,134.27999877929688,130.74000549316406,131.88999938964844,125.32505798339844,908400
2020-08-13,VMC,VMC,130.5,131.80999755859375,128.97999572753906,129.63999938964844,123.18704986572266,484400
2020-08-14,VMC,VMC,129.02000427246094,130.88999938964844,128.5500030517578,129.74000549316406,123.28207397460938,313500
2020-08-17,VMC,VMC,129.75,131.08999633789062,129.47999572753906,130.02999877929688,123.55763244628906,585600
2020-08-18,VMC,VMC,130.32000732421875,130.8300018310547,128.24000549316406,128.63999938964844,122.55728149414062,452300
2020-08-19,VMC,VMC,128.5399932861328,129.22999572753906,126.70999908447266,127.02999877929688,121.0234146118164,526200
2020-08-20,VMC,VMC,126.01000213623047,126.69000244140625,125.33000183105469,126.11000061035156,120.14691925048828,389200
2020-08-21,VMC,VMC,125.62999725341797,126.4000015258789,124.80999755859375,125.83000183105469,119.8801498413086,560000
2020-08-24,VMC,VMC,126.5199966430664,126.79000091552734,124.02999877929688,124.66999816894531,118.77501678466797,856600
2020-08-25,VMC,VMC,125.25,125.62000274658203,122.5199966430664,124.51000213623047,118.62258911132812,1344600
2020-08-26,VMC,VMC,123.30000305175781,123.79000091552734,121.48999786376953,122.88999938964844,117.07915496826172,1157300
2020-08-27,VMC,VMC,123.8499984741211,125.62999725341797,123.76000213623047,124.05999755859375,118.19384002685547,890400
2020-08-28,VMC,VMC,124.41999816894531,124.45999908447266,121.44999694824219,122.88999938964844,117.07915496826172,655800
2020-08-31,VMC,VMC,122.87000274658203,122.94000244140625,119.94999694824219,120.0,114.32585144042969,915000
2020-09-01,VMC,VMC,119.54000091552734,122.2699966430664,119.27999877929688,122.22000122070312,116.44084930419922,957300
2020-09-02,VMC,VMC,122.01000213623047,126.0,120.37000274658203,125.4000015258789,119.4704818725586,892200
2020-09-03,VMC,VMC,125.77999877929688,127.19999694824219,122.44999694824219,123.93000030517578,118.06999969482422,765900
2020-09-04,VMC,VMC,124.98999786376953,126.23999786376953,123.45999908447266,125.0,119.0893783569336,855700
2020-09-08,VMC,VMC,124.66000366210938,124.66000366210938,121.76000213623047,122.37000274658203,116.5837631225586,1121200
2020-09-09,VMC,VMC,122.02999877929688,122.91000366210938,119.68000030517578,121.66000366210938,115.90733337402344,846300
2020-09-10,VMC,VMC,122.26000213623047,124.76000213623047,121.68000030517578,123.33000183105469,117.49837493896484,593100
2020-09-11,VMC,VMC,123.45999908447266,129.41000366210938,123.01000213623047,125.9800033569336,120.02307891845703,995700
2020-09-14,VMC,VMC,126.5,130.8000030517578,126.36000061035156,130.33999633789062,124.17689514160156,740300
2020-09-15,VMC,VMC,130.91000366210938,134.13999938964844,130.69000244140625,131.4199981689453,125.20582580566406,830100
2020-09-16,VMC,VMC,132.25,134.5800018310547,129.77000427246094,133.2899932861328,126.98743438720703,1135100
2020-09-17,VMC,VMC,131.80999755859375,134.24000549316406,129.91000366210938,133.75,127.4256820678711,752300
2020-09-18,VMC,VMC,132.8699951171875,134.6999969482422,131.3300018310547,131.38999938964844,125.17726135253906,980200
2020-09-21,VMC,VMC,128.17999267578125,129.4199981689453,124.58000183105469,126.66999816894531,120.68042755126953,732400
2020-09-22,VMC,VMC,126.80999755859375,129.0800018310547,126.30000305175781,128.42999267578125,122.35721588134766,487400
2020-09-23,VMC,VMC,129.58999633789062,132.0800018310547,126.38999938964844,126.41999816894531,120.44226837158203,1256900
2020-09-24,VMC,VMC,126.06999969482422,130.47000122070312,125.5999984741211,128.5399932861328,122.46202850341797,683100
2020-09-25,VMC,VMC,126.80000305175781,131.22000122070312,126.80000305175781,130.47999572753906,124.31027221679688,829600
2020-09-28,VMC,VMC,131.74000549316406,135.7100067138672,131.74000549316406,133.72000122070312,127.39707946777344,708500
2020-09-29,VMC,VMC,132.85000610351562,133.60000610351562,131.17999267578125,132.6999969482422,126.42533111572266,544200
2020-09-30,VMC,VMC,133.36000061035156,136.44000244140625,133.24000549316406,135.5399932861328,129.1310272216797,1029100
2020-10-01,VMC,VMC,136.0,138.80999755859375,133.8300018310547,134.3800048828125,128.02584838867188,975100
2020-10-02,VMC,VMC,132.25,138.0500030517578,132.25,136.8000030517578,130.33145141601562,1159200
2020-10-05,VMC,VMC,138.0,143.6300048828125,137.97999572753906,141.5500030517578,134.8568572998047,1533200
2020-10-06,VMC,VMC,142.11000061035156,147.14999389648438,140.6199951171875,141.30999755859375,134.6282196044922,1611500
2020-10-07,VMC,VMC,143.80999755859375,147.75,143.3300018310547,146.47999572753906,139.55374145507812,923500
2020-10-08,VMC,VMC,149.99000549316406,153.8800048828125,148.66000366210938,153.08999633789062,145.85116577148438,1698500
2020-10-09,VMC,VMC,153.1300048828125,153.50999450683594,149.44000244140625,150.77999877929688,143.65045166015625,980000
2020-10-12,VMC,VMC,151.27000427246094,152.19000244140625,148.17999267578125,150.08999633789062,142.99305725097656,788500
2020-10-13,VMC,VMC,145.25,147.13999938964844,144.3699951171875,145.89999389648438,139.0011444091797,1127700
2020-10-14,VMC,VMC,146.88999938964844,148.5800018310547,146.0399932861328,147.72999572753906,140.74459838867188,937500
2020-10-15,VMC,VMC,146.0800018310547,146.97000122070312,143.85000610351562,145.8300018310547,138.9344940185547,940200
2020-10-16,VMC,VMC,147.17999267578125,147.97000122070312,145.52000427246094,146.4199981689453,139.49656677246094,876000
2020-10-19,VMC,VMC,146.72999572753906,146.92999267578125,144.3300018310547,145.6199951171875,138.734375,636800
2020-10-20,VMC,VMC,146.9199981689453,148.1999969482422,144.19000244140625,145.4499969482422,138.5724334716797,592100
2020-10-21,VMC,VMC,144.55999755859375,147.3000030517578,144.19000244140625,144.6999969482422,137.85787963867188,607800
2020-10-22,VMC,VMC,144.1300048828125,146.1300048828125,143.3800048828125,144.8300018310547,137.98171997070312,513300
2020-10-23,VMC,VMC,146.30999755859375,146.57000732421875,143.8699951171875,145.41000366210938,138.5343780517578,727100
2020-10-26,VMC,VMC,143.27999877929688,144.07000732421875,140.00999450683594,141.08999633789062,134.4185791015625,806900
2020-10-27,VMC,VMC,141.44000244140625,142.89999389648438,140.6300048828125,142.10000610351562,135.38087463378906,565700
2020-10-28,VMC,VMC,139.0800018310547,139.4199981689453,136.33999633789062,137.47999572753906,130.97927856445312,942000
2020-10-29,VMC,VMC,137.75,145.94000244140625,137.10000610351562,143.5,136.7146453857422,1047600
2020-10-30,VMC,VMC,142.17999267578125,145.89999389648438,141.3699951171875,144.83999633789062,137.99130249023438,834200
2020-11-02,VMC,VMC,146.47000122070312,149.6999969482422,145.99000549316406,149.44000244140625,142.37374877929688,1218000
2020-11-03,VMC,VMC,150.38999938964844,151.4199981689453,148.16000366210938,150.16000366210938,143.05972290039062,1009100
2020-11-04,VMC,VMC,140.61000061035156,142.85000610351562,131.36000061035156,136.36000061035156,129.9122772216797,3240500
2020-11-05,VMC,VMC,133.0,141.0,132.05999755859375,137.47000122070312,130.96975708007812,1926300
2020-11-06,VMC,VMC,135.33999633789062,141.85000610351562,132.85000610351562,134.69000244140625,128.32122802734375,1138500
2020-11-09,VMC,VMC,143.5800018310547,144.44000244140625,133.35000610351562,135.67999267578125,129.26438903808594,2262400
2020-11-10,VMC,VMC,137.25,145.0500030517578,136.9600067138672,140.02000427246094,133.399169921875,1536400
2020-11-11,VMC,VMC,140.61000061035156,142.47999572753906,137.55999755859375,141.63999938964844,134.94256591796875,844500
2020-11-12,VMC,VMC,141.44000244140625,141.44000244140625,137.2100067138672,139.0399932861328,132.46554565429688,857100
2020-11-13,VMC,VMC,140.42999267578125,142.47999572753906,137.07000732421875,137.97999572753906,131.45562744140625,900400
2020-11-16,VMC,VMC,141.05999755859375,143.63999938964844,138.0,141.47000122070312,135.1135711669922,690000
2020-11-17,VMC,VMC,140.25,141.44000244140625,138.7899932861328,140.5399932861328,134.22535705566406,549700
2020-11-18,VMC,VMC,141.10000610351562,142.69000244140625,139.2899932861328,140.80999755859375,134.4832305908203,589400
2020-11-19,VMC,VMC,140.02000427246094,142.25999450683594,138.38999938964844,140.11000061035156,133.81466674804688,541200
2020-11-20,VMC,VMC,139.0500030517578,139.8699951171875,135.50999450683594,139.38999938964844,133.1269989013672,728900
2020-11-23,VMC,VMC,140.50999450683594,141.82000732421875,137.97999572753906,138.85000610351562,132.61129760742188,766900
2020-11-24,VMC,VMC,141.0800018310547,145.5399932861328,140.10000610351562,144.92999267578125,138.41812133789062,959300
2020-11-25,VMC,VMC,143.8699951171875,144.86000061035156,140.8699951171875,144.02000427246094,137.54901123046875,685600
2020-11-27,VMC,VMC,144.0,144.7899932861328,140.52000427246094,142.3300018310547,135.9349365234375,298000
2020-11-30,VMC,VMC,141.89999389648438,142.05999755859375,137.8800048828125,139.64999389648438,133.37530517578125,811200
2020-12-01,VMC,VMC,141.60000610351562,145.24000549316406,141.22000122070312,143.35000610351562,136.9091033935547,906100
2020-12-02,VMC,VMC,142.5399932861328,144.0800018310547,140.61000061035156,140.83999633789062,134.51185607910156,541000
2020-12-03,VMC,VMC,140.4199981689453,145.77000427246094,138.75999450683594,144.57000732421875,138.07424926757812,1164900
2020-12-04,VMC,VMC,144.42999267578125,146.72000122070312,144.10000610351562,146.44000244140625,139.8602752685547,612800
2020-12-07,VMC,VMC,145.19000244140625,146.41000366210938,144.38999938964844,146.0800018310547,139.51641845703125,527700
2020-12-08,VMC,VMC,144.0399932861328,146.58999633789062,144.0399932861328,144.4499969482422,137.95968627929688,455700
2020-12-09,VMC,VMC,144.08999633789062,144.08999633789062,140.5399932861328,141.75,135.38101196289062,904500
2020-12-10,VMC,VMC,140.85000610351562,141.11000061035156,137.36000061035156,137.75999450683594,131.5702362060547,1448400
2020-12-11,VMC,VMC,137.97999572753906,139.47999572753906,137.22999572753906,138.8800048828125,132.63992309570312,599500
2020-12-14,VMC,VMC,139.5,140.0,135.32000732421875,135.44000244140625,129.35450744628906,675800
2020-12-15,VMC,VMC,136.30999755859375,137.9199981689453,134.52999877929688,137.44000244140625,131.26461791992188,1037900
2020-12-16,VMC,VMC,138.97999572753906,139.42999267578125,136.22000122070312,137.69000244140625,131.50340270996094,934400
2020-12-17,VMC,VMC,138.25,139.8000030517578,137.72999572753906,139.5399932861328,133.27029418945312,763400
2020-12-18,VMC,VMC,140.0,145.8699951171875,139.08999633789062,145.22000122070312,138.69509887695312,2209600
2020-12-21,VMC,VMC,141.4199981689453,146.77999877929688,140.74000549316406,144.5399932861328,138.04562377929688,1051300
2020-12-22,VMC,VMC,144.99000549316406,146.0800018310547,142.60000610351562,143.27000427246094,136.83270263671875,641400
2020-12-23,VMC,VMC,143.19000244140625,143.8699951171875,141.24000549316406,142.7100067138672,136.2978515625,644600
2020-12-24,VMC,VMC,142.94000244140625,143.3699951171875,141.72000122070312,143.22000122070312,136.78489685058594,185900
2020-12-28,VMC,VMC,144.13999938964844,147.8699951171875,143.38999938964844,146.1699981689453,139.60238647460938,633900
2020-12-29,VMC,VMC,146.25999450683594,146.39999389648438,142.24000549316406,142.77000427246094,136.35516357421875,512200
2020-12-30,VMC,VMC,143.24000549316406,147.4499969482422,143.24000549316406,146.47000122070312,139.88888549804688,514000
2020-12-31,VMC,VMC,145.89999389648438,148.82000732421875,144.5,148.30999755859375,141.646240234375,467400
2021-01-04,VMC,VMC,149.02999877929688,151.0,145.5800018310547,146.52999877929688,139.94622802734375,766600
2021-01-05,VMC,VMC,146.52999877929688,148.02000427246094,145.60000610351562,147.57000732421875,140.93946838378906,663100
2021-01-06,VMC,VMC,156.0,163.27000427246094,155.10000610351562,160.75999450683594,153.53684997558594,2826100
2021-01-07,VMC,VMC,162.1999969482422,163.97000122070312,159.5500030517578,162.00999450683594,154.7306671142578,952300
2021-01-08,VMC,VMC,161.91000366210938,164.1199951171875,160.0,162.8300018310547,155.5138397216797,801800
2021-01-11,VMC,VMC,161.1999969482422,164.27000427246094,160.24000549316406,163.0,155.6762237548828,615600
2021-01-12,VMC,VMC,162.99000549316406,168.24000549316406,162.02000427246094,166.1999969482422,158.73240661621094,963000
2021-01-13,VMC,VMC,165.00999450683594,166.07000732421875,160.97000122070312,161.60000610351562,154.339111328125,839000
2021-01-14,VMC,VMC,162.11000061035156,162.7100067138672,159.85000610351562,160.6199951171875,153.40313720703125,694400
2021-01-15,VMC,VMC,158.82000732421875,161.30999755859375,157.1199951171875,160.9199981689453,153.6896514892578,717600
2021-01-19,VMC,VMC,161.2100067138672,161.5500030517578,158.2899932861328,158.86000061035156,151.72222900390625,639900
2021-01-20,VMC,VMC,159.47999572753906,161.00999450683594,159.1999969482422,160.6199951171875,153.40313720703125,575600
2021-01-21,VMC,VMC,160.35000610351562,162.35000610351562,158.0399932861328,158.86000061035156,151.72222900390625,624000
2021-01-22,VMC,VMC,157.6300048828125,159.17999267578125,155.88999938964844,158.3699951171875,151.2542266845703,684300
2021-01-25,VMC,VMC,158.0,158.05999755859375,155.0800018310547,156.80999755859375,149.76431274414062,732800
2021-01-26,VMC,VMC,158.02999877929688,158.02999877929688,150.22000122070312,150.5,143.73779296875,695500
2021-01-27,VMC,VMC,147.83999633789062,148.72999572753906,143.10000610351562,146.02999877929688,139.46865844726562,913200
2021-01-28,VMC,VMC,148.64999389648438,150.10000610351562,146.9600067138672,148.9600067138672,142.2670440673828,627700
2021-01-29,VMC,VMC,148.0399932861328,150.63999938964844,146.25999450683594,149.13999938964844,142.43898010253906,860900
2021-02-01,VMC,VMC,150.7100067138672,152.49000549316406,148.52000427246094,152.0,145.17041015625,551900
2021-02-02,VMC,VMC,153.57000732421875,155.1199951171875,151.89999389648438,151.92999267578125,145.1035919189453,476200
2021-02-03,VMC,VMC,151.82000732421875,154.02999877929688,151.5,152.35000610351562,145.5046844482422,514500
2021-02-04,VMC,VMC,152.7899932861328,155.3300018310547,150.8300018310547,153.14999389648438,146.26873779296875,722600
2021-02-05,VMC,VMC,154.86000061035156,154.86000061035156,152.25,152.94000244140625,146.06820678710938,587600
2021-02-08,VMC,VMC,154.25,156.25,152.7100067138672,154.17999267578125,147.25245666503906,490000
2021-02-09,VMC,VMC,154.36000061035156,157.72999572753906,153.3300018310547,155.64999389648438,148.6564483642578,609100
2021-02-10,VMC,VMC,156.67999267578125,161.08999633789062,155.38999938964844,159.24000549316406,152.08514404296875,723900
2021-02-11,VMC,VMC,159.60000610351562,161.52999877929688,158.75,160.05999755859375,152.86827087402344,608000
2021-02-12,VMC,VMC,159.02999877929688,164.72999572753906,158.83999633789062,164.5,157.10877990722656,787600
2021-02-16,VMC,VMC,160.82000732421875,167.52999877929688,159.02000427246094,162.4499969482422,155.15087890625,957000
2021-02-17,VMC,VMC,162.0,162.25,157.8000030517578,161.8800048828125,154.60653686523438,623000
2021-02-18,VMC,VMC,161.35000610351562,162.05999755859375,159.3699951171875,160.6199951171875,153.40313720703125,606400
2021-02-19,VMC,VMC,161.85000610351562,165.3000030517578,161.77999877929688,164.3800048828125,156.99417114257812,1004500
2021-02-22,VMC,VMC,163.3800048828125,164.55999755859375,161.44000244140625,161.99000549316406,154.7115936279297,521200
2021-02-23,VMC,VMC,164.17999267578125,166.67999267578125,159.44000244140625,165.99000549316406,158.53184509277344,922000
2021-02-24,VMC,VMC,165.57000732421875,175.02000427246094,165.57000732421875,174.14999389648438,166.3251953125,1614000
2021-02-25,VMC,VMC,174.47000122070312,174.47000122070312,167.5500030517578,168.27999877929688,160.71896362304688,793300
2021-02-26,VMC,VMC,167.47999572753906,169.05999755859375,164.5,166.99000549316406,159.83831787109375,926400
2021-03-01,VMC,VMC,169.72999572753906,173.91000366210938,169.72999572753906,171.9600067138672,164.59548950195312,646600
2021-03-02,VMC,VMC,172.36000061035156,173.0,168.6199951171875,168.94000244140625,161.704833984375,733500
2021-03-03,VMC,VMC,168.94000244140625,171.72999572753906,168.94000244140625,170.25999450683594,162.9683074951172,1432200
2021-03-04,VMC,VMC,169.72999572753906,171.25,162.60000610351562,166.0,158.8907470703125,1380800
2021-03-05,VMC,VMC,168.39999389648438,169.27000427246094,161.22000122070312,167.4199981689453,160.2499237060547,1071500
2021-03-08,VMC,VMC,167.69000244140625,172.4600067138672,167.0399932861328,169.10000610351562,161.8579864501953,672000
2021-03-09,VMC,VMC,169.66000366210938,169.99000549316406,166.1300048828125,167.82000732421875,160.63279724121094,583900
2021-03-10,VMC,VMC,168.0800018310547,172.6699981689453,166.66000366210938,171.33999633789062,164.00205993652344,630600
2021-03-11,VMC,VMC,173.33999633789062,174.67999267578125,170.39999389648438,171.92999267578125,164.56675720214844,757200
2021-03-12,VMC,VMC,172.07000732421875,172.89999389648438,170.0,171.94000244140625,164.5763397216797,374000
2021-03-15,VMC,VMC,171.9600067138672,172.49000549316406,168.75999450683594,172.49000549316406,165.10279846191406,562700
2021-03-16,VMC,VMC,173.0,173.0,168.17999267578125,168.55999755859375,161.34109497070312,803500
2021-03-17,VMC,VMC,168.80999755859375,170.6300048828125,166.4600067138672,168.6300048828125,161.4081268310547,545700
2021-03-18,VMC,VMC,169.07000732421875,171.25,166.9499969482422,168.0500030517578,160.85292053222656,770600
2021-03-19,VMC,VMC,167.2100067138672,167.6699981689453,164.4499969482422,165.27000427246094,158.19200134277344,1177100
2021-03-22,VMC,VMC,164.5500030517578,164.5500030517578,160.88999938964844,162.0399932861328,155.100341796875,818600
2021-03-23,VMC,VMC,161.38999938964844,161.4499969482422,157.8000030517578,158.41000366210938,151.62582397460938,958700
2021-03-24,VMC,VMC,160.32000732421875,163.39999389648438,159.25,160.5500030517578,153.67416381835938,720700
2021-03-25,VMC,VMC,160.60000610351562,167.16000366210938,158.72999572753906,165.58999633789062,158.49827575683594,1007400
2021-03-26,VMC,VMC,168.38999938964844,170.72999572753906,166.55999755859375,170.33999633789062,163.0447998046875,699400
2021-03-29,VMC,VMC,171.55999755859375,173.6699981689453,168.8000030517578,170.89999389648438,163.58091735839844,959400
2021-03-30,VMC,VMC,170.5,175.1699981689453,170.5,172.22999572753906,164.8539276123047,805900
2021-03-31,VMC,VMC,175.0,176.35000610351562,167.1999969482422,168.75,161.52297973632812,1421000
2021-04-01,VMC,VMC,168.0,169.74000549316406,164.1300048828125,166.38999938964844,159.26402282714844,1337600
2021-04-05,VMC,VMC,169.80999755859375,170.74000549316406,168.3300018310547,170.2899932861328,162.99700927734375,755400
2021-04-06,VMC,VMC,170.0,170.88999938964844,168.69000244140625,170.6300048828125,163.32247924804688,668700
2021-04-07,VMC,VMC,171.52999877929688,171.64999389648438,168.0800018310547,168.91000366210938,161.67611694335938,712400
2021-04-08,VMC,VMC,167.33999633789062,170.5500030517578,165.86000061035156,170.35000610351562,163.054443359375,637700
2021-04-09,VMC,VMC,170.74000549316406,172.82000732421875,170.0399932861328,172.52999877929688,165.14108276367188,569500
2021-04-12,VMC,VMC,173.3699951171875,174.82000732421875,172.0399932861328,174.35000610351562,166.8831787109375,551400
2021-04-13,VMC,VMC,173.22000122070312,174.0,171.22000122070312,172.63999938964844,165.24630737304688,627800
2021-04-14,VMC,VMC,172.10000610351562,174.80999755859375,171.69000244140625,174.0800018310547,166.62469482421875,454600
2021-04-15,VMC,VMC,174.8800048828125,175.1300048828125,173.0,174.75,167.26600646972656,518600
2021-04-16,VMC,VMC,176.1199951171875,176.74000549316406,175.4600067138672,175.6699981689453,168.14659118652344,546100
2021-04-19,VMC,VMC,175.6699981689453,177.10000610351562,175.61000061035156,176.74000549316406,169.17079162597656,709000
2021-04-20,VMC,VMC,176.17999267578125,176.89999389648438,172.58999633789062,174.50999450683594,167.0362548828125,619700
2021-04-21,VMC,VMC,173.72999572753906,177.39999389648438,173.0,177.3699951171875,169.7738037109375,648300
2021-04-22,VMC,VMC,177.8300018310547,178.27999877929688,176.0500030517578,176.11000061035156,168.56776428222656,656200
2021-04-23,VMC,VMC,176.30999755859375,177.1300048828125,175.35000610351562,176.57000732421875,169.00807189941406,503700
2021-04-26,VMC,VMC,177.22000122070312,179.5500030517578,176.5800018310547,179.47999572753906,171.79342651367188,746800
2021-04-27,VMC,VMC,180.0,181.9499969482422,179.47000122070312,180.86000061035156,173.11428833007812,569800
2021-04-28,VMC,VMC,182.22999572753906,182.5500030517578,178.77000427246094,179.0399932861328,171.3722686767578,530800
2021-04-29,VMC,VMC,180.05999755859375,181.8000030517578,179.30999755859375,181.67999267578125,173.89923095703125,364400
2021-04-30,VMC,VMC,180.77000427246094,180.77000427246094,178.0,178.24000549316406,170.6065673828125,558400
2021-05-03,VMC,VMC,180.0,181.25999450683594,178.63999938964844,179.67999267578125,171.98489379882812,562300
2021-05-04,VMC,VMC,181.16000366210938,189.8000030517578,180.08999633789062,189.2100067138672,181.10675048828125,1512800
2021-05-05,VMC,VMC,190.9600067138672,191.61000061035156,188.32000732421875,189.5,181.38430786132812,913100
2021-05-06,VMC,VMC,190.0,191.27999877929688,187.77000427246094,191.2100067138672,183.02105712890625,698000
2021-05-07,VMC,VMC,190.47999572753906,192.64999389648438,189.25,191.7100067138672,183.49969482421875,539900
2021-05-10,VMC,VMC,193.17999267578125,194.1699981689453,190.47000122070312,190.75999450683594,182.59031677246094,589100
2021-05-11,VMC,VMC,189.08999633789062,191.97000122070312,187.0399932861328,191.44000244140625,183.2412109375,686900
2021-05-12,VMC,VMC,191.5,193.24000549316406,187.5,188.16000366210938,180.1016845703125,661600
2021-05-13,VMC,VMC,187.6999969482422,190.97000122070312,187.41000366210938,190.0500030517578,181.91075134277344,1164600
2021-05-14,VMC,VMC,191.75,193.1300048828125,190.39999389648438,191.17999267578125,182.9923553466797,848500
2021-05-17,VMC,VMC,191.2899932861328,194.0,189.6999969482422,193.11000061035156,184.8397216796875,572600
2021-05-18,VMC,VMC,193.66000366210938,193.8800048828125,190.0500030517578,190.05999755859375,181.92031860351562,495100
2021-05-19,VMC,VMC,186.94000244140625,187.10000610351562,182.8000030517578,184.9499969482422,177.02915954589844,703400
2021-05-20,VMC,VMC,185.74000549316406,186.22999572753906,182.8699951171875,184.72999572753906,176.81858825683594,723600
2021-05-21,VMC,VMC,185.58999633789062,187.8800048828125,184.41000366210938,184.47000122070312,176.56973266601562,568800
2021-05-24,VMC,VMC,186.00999450683594,186.30999755859375,183.27999877929688,184.6699981689453,176.76116943359375,906100
2021-05-25,VMC,VMC,185.22000122070312,186.22000122070312,181.8800048828125,182.4199981689453,174.60752868652344,804400
2021-05-26,VMC,VMC,183.00999450683594,185.0,182.5,183.92999267578125,176.05284118652344,490700
2021-05-27,VMC,VMC,186.33999633789062,187.0,184.75999450683594,185.52999877929688,177.94229125976562,1524200
2021-05-28,VMC,VMC,185.83999633789062,186.17999267578125,182.80999755859375,183.32000732421875,175.8226776123047,592000
2021-06-01,VMC,VMC,185.25,185.89999389648438,183.3699951171875,183.6199951171875,176.1103973388672,507300
2021-06-02,VMC,VMC,184.11000061035156,184.14999389648438,180.47000122070312,180.49000549316406,173.10842895507812,879500
2021-06-03,VMC,VMC,180.0,183.9199981689453,179.11000061035156,182.99000549316406,175.50616455078125,1156000
2021-06-04,VMC,VMC,183.42999267578125,184.30999755859375,178.67999267578125,179.60000610351562,172.2548370361328,1082800
2021-06-07,VMC,VMC,180.5500030517578,182.52000427246094,177.5,177.9600067138672,170.68186950683594,1012700
2021-06-08,VMC,VMC,177.97000122070312,180.92999267578125,176.6999969482422,179.0,171.6793670654297,1698100
2021-06-09,VMC,VMC,178.57000732421875,179.82000732421875,177.0,178.6199951171875,171.3148956298828,833300
2021-06-10,VMC,VMC,180.1300048828125,180.25,173.00999450683594,173.10000610351562,166.02066040039062,1311200
2021-06-11,VMC,VMC,174.91000366210938,176.0500030517578,173.75999450683594,174.24000549316406,167.11404418945312,766200
2021-06-14,VMC,VMC,173.99000549316406,174.9600067138672,170.5500030517578,171.72999572753906,164.70669555664062,865500
2021-06-15,VMC,VMC,172.0399932861328,173.22999572753906,170.8800048828125,172.05999755859375,165.0231475830078,555600
2021-06-16,VMC,VMC,171.38999938964844,172.2899932861328,169.66000366210938,170.3800048828125,163.4119110107422,598300
2021-06-17,VMC,VMC,170.6300048828125,171.2899932861328,164.3000030517578,166.0500030517578,159.2589874267578,1274900
2021-06-18,VMC,VMC,164.63999938964844,167.22999572753906,163.0,165.83999633789062,159.0575408935547,1243300
2021-06-21,VMC,VMC,167.5,169.6199951171875,167.1199951171875,168.94000244140625,162.03076171875,536100
2021-06-22,VMC,VMC,169.77000427246094,170.50999450683594,168.11000061035156,169.89999389648438,162.95150756835938,584700
2021-06-23,VMC,VMC,169.72000122070312,171.5399932861328,168.8800048828125,170.3300018310547,163.36390686035156,490500
2021-06-24,VMC,VMC,172.19000244140625,177.05999755859375,171.57000732421875,175.89999389648438,168.70614624023438,2227100
2021-06-25,VMC,VMC,181.0,181.3800048828125,176.9199981689453,177.61000061035156,170.34620666503906,1379700
2021-06-28,VMC,VMC,177.61000061035156,178.17999267578125,175.55999755859375,176.99000549316406,169.7515869140625,661800
2021-06-29,VMC,VMC,178.1699981689453,179.44000244140625,173.13999938964844,174.10000610351562,166.97976684570312,662900
2021-06-30,VMC,VMC,173.22999572753906,174.2899932861328,171.41000366210938,174.07000732421875,166.95098876953125,868400
2021-07-01,VMC,VMC,174.63999938964844,175.49000549316406,173.11000061035156,173.8300018310547,166.72079467773438,881300
2021-07-02,VMC,VMC,173.32000732421875,173.47000122070312,170.8300018310547,170.97999572753906,163.98736572265625,1068200
2021-07-06,VMC,VMC,170.55999755859375,171.60000610351562,167.16000366210938,171.02999877929688,164.0352783203125,714300
2021-07-07,VMC,VMC,170.94000244140625,175.3000030517578,170.77999877929688,174.44000244140625,167.30584716796875,818400
2021-07-08,VMC,VMC,172.3000030517578,173.91000366210938,172.0,172.8699951171875,165.80007934570312,741800
2021-07-09,VMC,VMC,175.1699981689453,176.64999389648438,174.32000732421875,174.92999267578125,167.7758026123047,685300
2021-07-12,VMC,VMC,172.92999267578125,175.25999450683594,171.80999755859375,174.74000549316406,167.59359741210938,435400
2021-07-13,VMC,VMC,174.57000732421875,174.5800018310547,172.24000549316406,173.52999877929688,166.43307495117188,526600
2021-07-14,VMC,VMC,172.7899932861328,176.19000244140625,172.3000030517578,175.9600067138672,168.76370239257812,829300
2021-07-15,VMC,VMC,175.47000122070312,177.52999877929688,175.08999633789062,176.66000366210938,169.4351043701172,662500
2021-07-16,VMC,VMC,176.8000030517578,177.17999267578125,175.0,175.35000610351562,168.17864990234375,612900
2021-07-19,VMC,VMC,172.7899932861328,173.19000244140625,168.7899932861328,170.75,163.76675415039062,1510500
2021-07-20,VMC,VMC,171.16000366210938,176.2899932861328,171.16000366210938,174.33999633789062,167.2099151611328,570200
2021-07-21,VMC,VMC,175.35000610351562,176.8300018310547,174.63999938964844,176.35000610351562,169.1377716064453,585300
2021-07-22,VMC,VMC,176.27999877929688,176.8000030517578,174.2899932861328,176.0500030517578,168.85000610351562,412600
2021-07-23,VMC,VMC,176.9499969482422,178.44000244140625,175.97999572753906,178.13999938964844,170.85452270507812,408700
2021-07-26,VMC,VMC,178.41000366210938,178.77999877929688,175.91000366210938,175.99000549316406,168.79248046875,842600
2021-07-27,VMC,VMC,174.3300018310547,176.97999572753906,172.52999877929688,176.66000366210938,169.4351043701172,498400
2021-07-28,VMC,VMC,177.07000732421875,183.8800048828125,174.9600067138672,182.97999572753906,175.49658203125,1149500
2021-07-29,VMC,VMC,184.0,185.8300018310547,180.55999755859375,182.61000061035156,175.1416778564453,860400
2021-07-30,VMC,VMC,182.05999755859375,183.85000610351562,179.2899932861328,179.99000549316406,172.6288604736328,803200
2021-08-02,VMC,VMC,181.10000610351562,183.3800048828125,179.42999267578125,179.5800018310547,172.23561096191406,517000
2021-08-03,VMC,VMC,179.75,181.13999938964844,177.3800048828125,180.85000610351562,173.4536590576172,556600
2021-08-04,VMC,VMC,171.13999938964844,181.72999572753906,170.3300018310547,179.66000366210938,172.31236267089844,924100
2021-08-05,VMC,VMC,180.5800018310547,181.35000610351562,174.94000244140625,177.8000030517578,170.52842712402344,922800
2021-08-06,VMC,VMC,179.50999450683594,181.74000549316406,178.35000610351562,181.16000366210938,173.7510528564453,671300
2021-08-09,VMC,VMC,181.58999633789062,185.58999633789062,180.1699981689453,183.22999572753906,175.73634338378906,907200
2021-08-10,VMC,VMC,183.41000366210938,189.64999389648438,183.3699951171875,187.33999633789062,179.6782684326172,1122200
2021-08-11,VMC,VMC,189.60000610351562,193.86000061035156,189.47999572753906,193.41000366210938,185.5000457763672,1185200
2021-08-12,VMC,VMC,193.41000366210938,193.9600067138672,190.49000549316406,192.36000061035156,184.4929656982422,524700
2021-08-13,VMC,VMC,191.8800048828125,192.24000549316406,189.49000549316406,189.7899932861328,182.028076171875,384900
2021-08-16,VMC,VMC,188.77000427246094,190.1300048828125,187.02999877929688,187.7899932861328,180.10983276367188,435900
2021-08-17,VMC,VMC,186.75,188.3000030517578,184.05999755859375,185.1999969482422,177.97645568847656,929000
2021-08-18,VMC,VMC,184.6199951171875,186.92999267578125,183.0,184.27000427246094,177.08273315429688,423000
2021-08-19,VMC,VMC,182.22999572753906,184.91000366210938,181.52999877929688,183.30999755859375,176.16017150878906,358900
2021-08-20,VMC,VMC,183.27000427246094,184.72999572753906,182.47999572753906,183.38999938964844,176.2370147705078,445900
2021-08-23,VMC,VMC,184.39999389648438,185.6999969482422,182.92999267578125,184.94000244140625,177.7266082763672,383700
2021-08-24,VMC,VMC,185.5500030517578,186.94000244140625,184.0,186.3699951171875,179.100830078125,408100
2021-08-25,VMC,VMC,186.5500030517578,191.86000061035156,186.13999938964844,189.5800018310547,182.1855926513672,571300
2021-08-26,VMC,VMC,189.42999267578125,189.42999267578125,186.75999450683594,187.52999877929688,180.21559143066406,348200
2021-08-27,VMC,VMC,189.08999633789062,189.67999267578125,187.42999267578125,187.9499969482422,180.6191864013672,507100
2021-08-30,VMC,VMC,188.6999969482422,189.27000427246094,185.94000244140625,186.0399932861328,178.78369140625,718400
2021-08-31,VMC,VMC,187.27000427246094,187.72000122070312,184.88999938964844,185.92999267578125,178.67796325683594,768600
2021-09-01,VMC,VMC,186.35000610351562,187.0500030517578,183.97999572753906,185.85000610351562,178.60108947753906,486300
2021-09-02,VMC,VMC,185.85000610351562,186.4600067138672,181.9199981689453,183.0,175.86227416992188,1456200
2021-09-03,VMC,VMC,182.75,182.75,178.77000427246094,180.30999755859375,173.27720642089844,1062700
2021-09-07,VMC,VMC,179.02000427246094,179.8000030517578,176.07000732421875,177.0500030517578,170.14434814453125,803500
2021-09-08,VMC,VMC,176.36000061035156,177.10000610351562,174.9499969482422,176.0,169.13528442382812,549900
2021-09-09,VMC,VMC,175.39999389648438,178.27999877929688,175.08999633789062,176.0,169.13528442382812,535500
2021-09-10,VMC,VMC,177.13999938964844,180.8699951171875,177.10000610351562,177.69000244140625,170.75941467285156,667700
2021-09-13,VMC,VMC,178.91000366210938,180.35000610351562,176.6999969482422,177.92999267578125,170.9900665283203,863200
2021-09-14,VMC,VMC,177.88999938964844,177.88999938964844,175.07000732421875,175.72999572753906,168.87583923339844,794300
2021-09-15,VMC,VMC,175.72999572753906,176.2100067138672,174.4499969482422,174.97999572753906,168.15505981445312,1155100
2021-09-16,VMC,VMC,174.72999572753906,175.1300048828125,172.42999267578125,172.52999877929688,165.8006134033203,921000
2021-09-17,VMC,VMC,171.58999633789062,172.80999755859375,169.58999633789062,169.8800048828125,163.25399780273438,1262500
2021-09-20,VMC,VMC,167.07000732421875,170.4600067138672,166.30999755859375,169.4199981689453,162.8119354248047,1092000
2021-09-21,VMC,VMC,170.5,172.94000244140625,168.1199951171875,171.55999755859375,164.86846923828125,1468000
2021-09-22,VMC,VMC,173.33999633789062,174.8300018310547,173.16000366210938,174.25,167.45352172851562,1185400
2021-09-23,VMC,VMC,175.24000549316406,180.80999755859375,174.3000030517578,178.7100067138672,171.73960876464844,1000900
2021-09-24,VMC,VMC,178.02000427246094,179.3000030517578,175.64999389648438,176.05999755859375,169.1929931640625,620300
2021-09-27,VMC,VMC,176.38999938964844,180.2100067138672,176.38999938964844,178.22999572753906,171.27830505371094,658700
2021-09-28,VMC,VMC,178.32000732421875,179.72999572753906,176.30999755859375,177.0,170.09628295898438,1059400
2021-09-29,VMC,VMC,176.7100067138672,176.7100067138672,173.3699951171875,173.75999450683594,166.98269653320312,1008200
2021-09-30,VMC,VMC,174.24000549316406,174.24000549316406,168.77000427246094,169.16000366210938,162.5620574951172,1550200
2021-10-01,VMC,VMC,169.0,173.75,167.24000549316406,172.94000244140625,166.19464111328125,1236700
2021-10-04,VMC,VMC,172.16000366210938,173.80999755859375,170.6699981689453,171.49000549316406,164.80120849609375,1432800
2021-10-05,VMC,VMC,171.4199981689453,171.52000427246094,168.13999938964844,169.27999877929688,162.67738342285156,1475100
2021-10-06,VMC,VMC,170.97000122070312,174.77999877929688,170.94000244140625,174.7100067138672,167.89556884765625,1060200
2021-10-07,VMC,VMC,176.0399932861328,179.3000030517578,175.5800018310547,176.63999938964844,169.75035095214844,924900
2021-10-08,VMC,VMC,176.9600067138672,178.27000427246094,175.27999877929688,175.44000244140625,168.5971221923828,658400
2021-10-11,VMC,VMC,175.0,176.10000610351562,171.77999877929688,171.8800048828125,165.17601013183594,531800
2021-10-12,VMC,VMC,170.77999877929688,172.3800048828125,170.44000244140625,170.8300018310547,164.1669464111328,524100
2021-10-13,VMC,VMC,171.25,172.36000061035156,168.86000061035156,170.47999572753906,163.83059692382812,542200
2021-10-14,VMC,VMC,171.6999969482422,176.47999572753906,171.5,176.27999877929688,169.4043731689453,670700
2021-10-15,VMC,VMC,177.94000244140625,178.25,176.3300018310547,176.92999267578125,170.02902221679688,363300
2021-10-18,VMC,VMC,177.89999389648438,181.3300018310547,177.02999877929688,180.5399932861328,173.49818420410156,828300
2021-10-19,VMC,VMC,180.8699951171875,181.17999267578125,179.08999633789062,179.8699951171875,172.85435485839844,501900
2021-10-20,VMC,VMC,179.8699951171875,185.99000549316406,179.72999572753906,185.7100067138672,178.46656799316406,827900
2021-10-21,VMC,VMC,185.61000061035156,185.61000061035156,182.92999267578125,184.4499969482422,177.2556610107422,535800
2021-10-22,VMC,VMC,184.9499969482422,186.5,184.44000244140625,185.16000366210938,177.93801879882812,423300
2021-10-25,VMC,VMC,186.07000732421875,191.47000122070312,184.5,190.8699951171875,183.42530822753906,793100
2021-10-26,VMC,VMC,191.52000427246094,191.52000427246094,188.14999389648438,189.1300048828125,181.75318908691406,513800
2021-10-27,VMC,VMC,189.10000610351562,190.38999938964844,184.77000427246094,185.02999877929688,177.81309509277344,588400
2021-10-28,VMC,VMC,187.0399932861328,190.92999267578125,186.77999877929688,188.8699951171875,181.50331115722656,694900
2021-10-29,VMC,VMC,187.42999267578125,190.3800048828125,187.36000061035156,190.1199951171875,182.70457458496094,1014400
2021-11-01,VMC,VMC,191.0,191.85000610351562,186.7100067138672,188.16000366210938,180.82098388671875,879000
2021-11-02,VMC,VMC,188.3000030517578,197.0,187.02999877929688,195.00999450683594,187.40382385253906,1318400
2021-11-03,VMC,VMC,195.00999450683594,196.9600067138672,194.0,195.0,187.39419555664062,942900
2021-11-04,VMC,VMC,192.85000610351562,196.4199981689453,190.0800018310547,193.97999572753906,186.4139862060547,1923100
2021-11-05,VMC,VMC,196.60000610351562,200.4600067138672,195.3000030517578,196.05999755859375,188.41290283203125,1169700
2021-11-08,VMC,VMC,206.5,207.5,200.22000122070312,205.75999450683594,197.73451232910156,1604900
2021-11-09,VMC,VMC,210.16000366210938,210.16000366210938,202.9199981689453,205.77999877929688,197.75376892089844,901300
2021-11-10,VMC,VMC,204.64999389648438,205.77999877929688,199.1199951171875,200.27999877929688,192.46824645996094,864000
2021-11-11,VMC,VMC,199.6300048828125,201.5500030517578,198.25999450683594,199.25999450683594,191.48805236816406,556600
2021-11-12,VMC,VMC,200.0,202.55999755859375,199.1199951171875,202.27999877929688,194.3902587890625,497000
2021-11-15,VMC,VMC,203.0,203.25999450683594,201.33999633789062,201.94000244140625,194.41912841796875,388100
2021-11-16,VMC,VMC,202.66000366210938,204.0,201.9499969482422,202.9499969482422,195.3915557861328,452300
2021-11-17,VMC,VMC,202.4499969482422,202.6300048828125,201.2899932861328,202.02999877929688,194.50576782226562,446200
2021-11-18,VMC,VMC,201.75,202.9600067138672,198.33999633789062,198.58999633789062,191.1938934326172,748500
2021-11-19,VMC,VMC,198.27000427246094,199.35000610351562,195.77000427246094,196.14999389648438,188.84475708007812,997800
2021-11-22,VMC,VMC,196.77000427246094,201.0800018310547,196.77000427246094,198.16000366210938,190.77993774414062,804600
2021-11-23,VMC,VMC,199.3000030517578,200.3800048828125,197.25,199.99000549316406,192.5417938232422,679600
2021-11-24,VMC,VMC,199.47000122070312,202.16000366210938,198.61000061035156,201.88999938964844,194.3710174560547,531200
2021-11-26,VMC,VMC,197.44000244140625,198.86000061035156,194.2100067138672,197.4499969482422,190.09637451171875,441900
2021-11-29,VMC,VMC,198.69000244140625,200.91000366210938,198.35000610351562,199.35000610351562,191.92564392089844,629300
2021-11-30,VMC,VMC,197.4499969482422,198.38999938964844,190.97000122070312,191.63999938964844,184.50274658203125,951700
2021-12-01,VMC,VMC,194.88999938964844,196.11000061035156,188.89999389648438,188.97999572753906,181.94178771972656,743300
2021-12-02,VMC,VMC,189.66000366210938,196.91000366210938,189.0399932861328,195.80999755859375,188.5174560546875,691600
2021-12-03,VMC,VMC,195.39999389648438,197.97999572753906,189.2100067138672,191.3699951171875,184.24281311035156,999900
2021-12-06,VMC,VMC,194.10000610351562,200.4499969482422,192.27999877929688,197.5800018310547,190.22152709960938,831400
2021-12-07,VMC,VMC,199.86000061035156,201.99000549316406,199.5,199.75999450683594,192.3203125,580600
2021-12-08,VMC,VMC,199.74000549316406,201.0500030517578,198.86000061035156,200.52000427246094,193.05203247070312,948900
2021-12-09,VMC,VMC,200.17999267578125,202.74000549316406,199.8000030517578,201.32000732421875,193.82223510742188,614800
2021-12-10,VMC,VMC,203.0,205.91000366210938,202.25999450683594,205.4600067138672,197.80807495117188,782300
2021-12-13,VMC,VMC,205.0,205.72000122070312,201.5,203.8699951171875,196.27725219726562,673000
2021-12-14,VMC,VMC,203.2100067138672,205.3300018310547,202.13999938964844,204.13999938964844,196.5372314453125,792700
2021-12-15,VMC,VMC,204.0500030517578,206.3000030517578,202.3000030517578,206.25999450683594,198.5782470703125,688900
2021-12-16,VMC,VMC,206.6300048828125,207.4499969482422,204.74000549316406,205.35000610351562,197.70217895507812,617300
2021-12-17,VMC,VMC,205.17999267578125,206.19000244140625,203.22000122070312,204.74000549316406,197.11485290527344,1358700
2021-12-20,VMC,VMC,201.0,201.99000549316406,195.83999633789062,198.77999877929688,191.3768310546875,779600
2021-12-21,VMC,VMC,200.0,203.88999938964844,199.27000427246094,202.35000610351562,194.81390380859375,545500
2021-12-22,VMC,VMC,203.0399932861328,205.80999755859375,202.38999938964844,205.69000244140625,198.0294952392578,608000
2021-12-23,VMC,VMC,205.57000732421875,207.99000549316406,204.4600067138672,206.36000061035156,198.67454528808594,365400
2021-12-27,VMC,VMC,207.02999877929688,207.7899932861328,205.8000030517578,207.49000549316406,199.762451171875,394500
2021-12-28,VMC,VMC,206.74000549316406,209.13999938964844,206.74000549316406,208.83999633789062,201.0621795654297,287100
2021-12-29,VMC,VMC,207.75999450683594,210.0,207.75999450683594,208.97000122070312,201.1873321533203,588400
2021-12-30,VMC,VMC,209.13999938964844,210.25,206.52000427246094,206.8300018310547,199.12704467773438,388100
2021-12-31,VMC,VMC,206.4199981689453,208.35000610351562,204.8800048828125,207.5800018310547,199.84912109375,523600
2022-01-03,VMC,VMC,208.39999389648438,209.91000366210938,206.86000061035156,207.89999389648438,200.15721130371094,614700
2022-01-04,VMC,VMC,210.0,213.64999389648438,209.2100067138672,210.52999877929688,202.6892547607422,710300
2022-01-05,VMC,VMC,210.6199951171875,213.27000427246094,208.36000061035156,208.47999572753906,200.715576171875,637400
2022-01-06,VMC,VMC,209.8000030517578,211.88999938964844,207.57000732421875,209.9499969482422,202.130859375,563400
2022-01-07,VMC,VMC,210.0,211.6300048828125,206.22999572753906,207.9199981689453,200.1764678955078,692700
2022-01-10,VMC,VMC,207.38999938964844,207.38999938964844,198.75,200.0800018310547,192.62841796875,868100
2022-01-11,VMC,VMC,200.0500030517578,200.60000610351562,195.8699951171875,200.44000244140625,192.9749755859375,1017600
2022-01-12,VMC,VMC,201.74000549316406,203.75,199.7100067138672,202.8800048828125,195.3241424560547,912800
2022-01-13,VMC,VMC,202.77999877929688,204.1300048828125,198.85000610351562,199.07000732421875,191.65603637695312,951400
2022-01-14,VMC,VMC,197.0399932861328,198.6199951171875,190.22999572753906,192.22999572753906,185.07077026367188,2301700
2022-01-18,VMC,VMC,189.52999877929688,190.8000030517578,186.8800048828125,190.58999633789062,183.49183654785156,1180100
2022-01-19,VMC,VMC,191.42999267578125,192.30999755859375,187.72000122070312,188.22000122070312,181.2101593017578,986200
2022-01-20,VMC,VMC,189.5800018310547,192.38999938964844,187.8800048828125,188.22000122070312,181.2101593017578,1199100
2022-01-21,VMC,VMC,187.42999267578125,190.64999389648438,185.52000427246094,186.02000427246094,179.09207153320312,1105500
2022-01-24,VMC,VMC,183.08999633789062,189.66000366210938,179.72000122070312,188.7899932861328,181.7589111328125,1431600
2022-01-25,VMC,VMC,184.00999450683594,185.5500030517578,179.9199981689453,183.50999450683594,176.675537109375,999400
2022-01-26,VMC,VMC,185.4499969482422,188.1999969482422,181.19000244140625,183.66000366210938,176.81996154785156,1050900
2022-01-27,VMC,VMC,186.1199951171875,187.8000030517578,181.30999755859375,183.2100067138672,176.38670349121094,751300
2022-01-28,VMC,VMC,183.61000061035156,188.4499969482422,181.74000549316406,188.4199981689453,181.4027099609375,716300
2022-01-31,VMC,VMC,186.49000549316406,190.3800048828125,186.19000244140625,190.30999755859375,183.22232055664062,764000
2022-02-01,VMC,VMC,190.8699951171875,193.1699981689453,186.69000244140625,191.39999389648438,184.2716827392578,637300
2022-02-02,VMC,VMC,190.92999267578125,192.02000427246094,189.52000427246094,189.97999572753906,182.9045867919922,521600
2022-02-03,VMC,VMC,187.4600067138672,189.66000366210938,184.57000732421875,185.36000061035156,178.45664978027344,664400
2022-02-04,VMC,VMC,184.74000549316406,185.74000549316406,181.89999389648438,184.0399932861328,177.185791015625,913100
2022-02-07,VMC,VMC,184.9199981689453,184.9199981689453,180.85000610351562,182.4199981689453,175.62612915039062,944900
2022-02-08,VMC,VMC,182.58999633789062,186.08999633789062,182.5,185.61000061035156,178.69729614257812,693200
2022-02-09,VMC,VMC,187.57000732421875,189.77000427246094,187.2899932861328,188.8300018310547,181.7974090576172,768800
2022-02-10,VMC,VMC,186.27000427246094,193.30999755859375,182.69000244140625,188.94000244140625,181.90333557128906,1170400
2022-02-11,VMC,VMC,187.6999969482422,190.6199951171875,185.97000122070312,187.0,180.03553771972656,1037200
2022-02-14,VMC,VMC,187.0,190.0500030517578,182.42999267578125,183.88999938964844,177.04141235351562,838700
2022-02-15,VMC,VMC,185.0399932861328,190.58999633789062,184.86000061035156,189.11000061035156,182.06703186035156,865800
2022-02-16,VMC,VMC,188.41000366210938,191.97000122070312,183.72000122070312,191.72000122070312,184.5797576904297,1201100
2022-02-17,VMC,VMC,191.05999755859375,192.5399932861328,187.41000366210938,187.61000061035156,180.62286376953125,999700
2022-02-18,VMC,VMC,187.7100067138672,188.60000610351562,183.52000427246094,185.30999755859375,178.4085235595703,844800
2022-02-22,VMC,VMC,184.72999572753906,187.0399932861328,181.8000030517578,183.05999755859375,176.24229431152344,994800
2022-02-23,VMC,VMC,183.2100067138672,184.9600067138672,174.8300018310547,175.3000030517578,168.77130126953125,895600
2022-02-24,VMC,VMC,170.77999877929688,177.82000732421875,169.7100067138672,177.14999389648438,170.5523681640625,1006300
2022-02-25,VMC,VMC,177.30999755859375,183.86000061035156,176.2100067138672,183.47999572753906,176.64662170410156,1045300
2022-02-28,VMC,VMC,179.83999633789062,182.74000549316406,178.60000610351562,181.4499969482422,175.0738983154297,1064500
2022-03-01,VMC,VMC,180.38999938964844,181.0,172.89999389648438,174.44000244140625,168.31027221679688,810800
2022-03-02,VMC,VMC,176.75999450683594,179.32000732421875,174.52999877929688,178.25,171.9864044189453,946300
2022-03-03,VMC,VMC,180.5399932861328,180.99000549316406,176.2100067138672,177.32000732421875,171.08905029296875,656000
2022-03-04,VMC,VMC,174.1199951171875,177.2899932861328,172.50999450683594,177.10000610351562,170.8768310546875,1129400
2022-03-07,VMC,VMC,177.2899932861328,177.58999633789062,169.52999877929688,170.17999267578125,164.19998168945312,1347700
2022-03-08,VMC,VMC,170.77999877929688,177.17999267578125,169.99000549316406,170.9499969482422,164.94293212890625,775600
2022-03-09,VMC,VMC,176.0500030517578,178.22000122070312,173.75999450683594,176.77000427246094,170.5583953857422,620200
2022-03-10,VMC,VMC,173.47000122070312,176.61000061035156,173.47000122070312,175.3800048828125,169.21722412109375,682800
2022-03-11,VMC,VMC,176.74000549316406,178.22000122070312,174.86000061035156,175.32000732421875,169.1593475341797,610900
2022-03-14,VMC,VMC,177.8000030517578,180.24000549316406,175.97999572753906,177.9199981689453,171.66798400878906,691500
2022-03-15,VMC,VMC,179.8699951171875,182.88999938964844,176.57000732421875,182.00999450683594,175.6142578125,1167900
2022-03-16,VMC,VMC,183.1699981689453,186.86000061035156,177.10000610351562,181.27999877929688,174.909912109375,946900
2022-03-17,VMC,VMC,179.50999450683594,183.82000732421875,178.49000549316406,183.07000732421875,176.63702392578125,523100
2022-03-18,VMC,VMC,182.97000122070312,184.4199981689453,180.0,183.47000122070312,177.02296447753906,1012500
2022-03-21,VMC,VMC,182.3800048828125,184.50999450683594,181.2899932861328,182.3300018310547,175.9229736328125,525900
2022-03-22,VMC,VMC,183.3699951171875,184.5,180.99000549316406,182.0500030517578,175.6528778076172,499300
2022-03-23,VMC,VMC,181.1699981689453,181.4499969482422,177.17999267578125,177.33999633789062,171.1083526611328,551800
2022-03-24,VMC,VMC,178.57000732421875,180.85000610351562,177.6300048828125,180.83999633789062,174.4853973388672,723000
2022-03-25,VMC,VMC,181.1300048828125,184.80999755859375,179.11000061035156,184.7100067138672,178.21939086914062,822500
2022-03-28,VMC,VMC,184.0,187.36000061035156,182.8800048828125,187.2899932861328,180.70870971679688,973800
2022-03-29,VMC,VMC,189.99000549316406,192.0,188.07000732421875,191.3300018310547,184.60675048828125,811600
2022-03-30,VMC,VMC,191.3699951171875,191.7100067138672,186.19000244140625,187.1199951171875,180.54469299316406,795500
2022-03-31,VMC,VMC,185.60000610351562,187.4600067138672,183.69000244140625,183.6999969482422,177.24488830566406,953200
2022-04-01,VMC,VMC,185.35000610351562,186.47999572753906,183.5800018310547,184.17999267578125,177.70802307128906,800200
2022-04-04,VMC,VMC,184.36000061035156,184.7100067138672,182.33999633789062,183.44000244140625,176.99398803710938,619700
2022-04-05,VMC,VMC,181.9199981689453,184.94000244140625,181.9199981689453,182.35000610351562,175.94232177734375,653400
2022-04-06,VMC,VMC,180.64999389648438,181.1300048828125,177.52999877929688,179.0,172.71002197265625,995100
2022-04-07,VMC,VMC,178.99000549316406,179.72999572753906,175.64999389648438,176.07000732421875,169.88302612304688,1085500
2022-04-08,VMC,VMC,177.07000732421875,179.5800018310547,174.33999633789062,176.91000366210938,170.6934814453125,433800
2022-04-11,VMC,VMC,176.35000610351562,179.7100067138672,175.77999877929688,176.1699981689453,169.97950744628906,483700
2022-04-12,VMC,VMC,177.25999450683594,179.9499969482422,174.80999755859375,175.5,169.3330078125,378300
2022-04-13,VMC,VMC,175.6300048828125,177.25999450683594,175.39999389648438,176.47000122070312,170.2689208984375,517500
2022-04-14,VMC,VMC,176.39999389648438,177.82000732421875,174.72000122070312,174.77000427246094,168.62867736816406,536500
2022-04-18,VMC,VMC,174.3000030517578,176.22000122070312,172.44000244140625,173.99000549316406,167.87608337402344,441400
2022-04-19,VMC,VMC,174.5,177.7100067138672,173.9199981689453,177.2100067138672,170.9829559326172,633900
2022-04-20,VMC,VMC,179.24000549316406,183.6199951171875,178.67999267578125,182.6300048828125,176.2124481201172,662300
2022-04-21,VMC,VMC,184.16000366210938,185.2100067138672,179.5800018310547,181.3699951171875,174.99671936035156,698800
2022-04-22,VMC,VMC,180.8000030517578,180.91000366210938,170.94000244140625,171.0800018310547,165.068359375,1127600
2022-04-25,VMC,VMC,171.1699981689453,176.75999450683594,169.52999877929688,176.00999450683594,169.8250732421875,1074200
2022-04-26,VMC,VMC,174.94000244140625,175.57000732421875,170.5,170.5,164.50869750976562,626400
2022-04-27,VMC,VMC,170.91000366210938,174.00999450683594,170.08999633789062,172.08999633789062,166.04283142089844,537300
2022-04-28,VMC,VMC,172.6699981689453,178.97000122070312,171.02999877929688,177.8800048828125,171.62939453125,765700
2022-04-29,VMC,VMC,176.52000427246094,177.94000244140625,171.83999633789062,172.2899932861328,166.23580932617188,640000
2022-05-02,VMC,VMC,172.91000366210938,174.25,168.47000122070312,172.02000427246094,165.975341796875,1090900
2022-05-03,VMC,VMC,171.6699981689453,178.38999938964844,171.5,176.92999267578125,170.71275329589844,1076000
2022-05-04,VMC,VMC,175.39999389648438,185.57000732421875,175.25,185.42999267578125,178.91404724121094,1314400
2022-05-05,VMC,VMC,183.00999450683594,183.50999450683594,174.58999633789062,177.0800018310547,170.85752868652344,747300
2022-05-06,VMC,VMC,174.6999969482422,174.82000732421875,164.6300048828125,169.8800048828125,163.91050720214844,1157100
2022-05-09,VMC,VMC,167.58999633789062,169.27999877929688,161.85000610351562,162.9499969482422,157.22402954101562,964500
2022-05-10,VMC,VMC,165.72999572753906,166.2899932861328,158.14999389648438,161.5399932861328,155.86355590820312,802200
2022-05-11,VMC,VMC,161.82000732421875,165.38999938964844,157.8000030517578,158.10000610351562,152.5444793701172,822500
2022-05-12,VMC,VMC,157.88999938964844,165.2899932861328,156.52999877929688,165.11000061035156,159.30812072753906,1426900
2022-05-13,VMC,VMC,166.5800018310547,170.88999938964844,165.67999267578125,168.02000427246094,162.11587524414062,1020700
2022-05-16,VMC,VMC,164.5,165.33999633789062,157.1300048828125,160.1300048828125,154.50314331054688,1338400
2022-05-17,VMC,VMC,163.74000549316406,165.13999938964844,161.52000427246094,164.8800048828125,159.08619689941406,917700
2022-05-18,VMC,VMC,163.0500030517578,163.8300018310547,159.89999389648438,160.52999877929688,154.88906860351562,594800
2022-05-19,VMC,VMC,159.30999755859375,163.41000366210938,159.30999755859375,160.30999755859375,154.67677307128906,546500
2022-05-20,VMC,VMC,162.52000427246094,163.1999969482422,156.8800048828125,160.02999877929688,154.40660095214844,826700
2022-05-23,VMC,VMC,162.02999877929688,163.97000122070312,160.02999877929688,163.91000366210938,158.1503143310547,727400
2022-05-24,VMC,VMC,163.3300018310547,163.66000366210938,157.3300018310547,161.24000549316406,155.5741424560547,745200
2022-05-25,VMC,VMC,160.47999572753906,161.6300048828125,158.8300018310547,160.64999389648438,155.00485229492188,545300
2022-05-26,VMC,VMC,162.27999877929688,165.4499969482422,161.7100067138672,164.27999877929688,158.90292358398438,334900
2022-05-27,VMC,VMC,165.77000427246094,169.74000549316406,165.77000427246094,169.7100067138672,164.1551971435547,461800
2022-05-31,VMC,VMC,167.3300018310547,167.3300018310547,163.50999450683594,164.8699951171875,159.47361755371094,968200
2022-06-01,VMC,VMC,165.89999389648438,166.25,161.2899932861328,164.5399932861328,159.15438842773438,648100
2022-06-02,VMC,VMC,165.9600067138672,168.67999267578125,163.97000122070312,168.47999572753906,162.96548461914062,550300
2022-06-03,VMC,VMC,167.30999755859375,167.8699951171875,164.77999877929688,165.94000244140625,160.5086212158203,614900
2022-06-06,VMC,VMC,167.1699981689453,167.8000030517578,165.89999389648438,166.72999572753906,161.27273559570312,485400
2022-06-07,VMC,VMC,164.99000549316406,169.7899932861328,164.4199981689453,169.27000427246094,163.72959899902344,443600
2022-06-08,VMC,VMC,167.3699951171875,168.02000427246094,162.72999572753906,163.00999450683594,157.67446899414062,408500
2022-06-09,VMC,VMC,162.07000732421875,164.5,161.0399932861328,161.0800018310547,155.80767822265625,522300
2022-06-10,VMC,VMC,157.0,158.1999969482422,154.8800048828125,156.35000610351562,151.23248291015625,663600
2022-06-13,VMC,VMC,151.99000549316406,155.11000061035156,151.41000366210938,152.97000122070312,147.96310424804688,1012500
2022-06-14,VMC,VMC,152.91000366210938,153.19000244140625,150.33999633789062,151.0399932861328,146.09629821777344,1004600
2022-06-15,VMC,VMC,152.82000732421875,154.1699981689453,148.99000549316406,151.4499969482422,146.4928741455078,758100
2022-06-16,VMC,VMC,147.97999572753906,148.83999633789062,144.08999633789062,144.92999267578125,140.186279296875,792500
2022-06-17,VMC,VMC,145.5,148.1699981689453,143.24000549316406,144.64999389648438,139.91543579101562,1162400
2022-06-21,VMC,VMC,145.75,146.50999450683594,143.32000732421875,144.6699981689453,139.934814453125,898900
2022-06-22,VMC,VMC,142.44000244140625,144.88999938964844,141.32000732421875,143.8300018310547,139.12229919433594,753100
2022-06-23,VMC,VMC,143.4600067138672,144.52999877929688,141.17999267578125,141.4499969482422,136.82017517089844,904200
2022-06-24,VMC,VMC,142.72000122070312,146.2899932861328,142.17999267578125,145.82000732421875,141.0471954345703,2470300
2022-06-27,VMC,VMC,146.6699981689453,146.6699981689453,143.3699951171875,145.9600067138672,141.1825714111328,722500
2022-06-28,VMC,VMC,146.55999755859375,147.9600067138672,143.22999572753906,143.3699951171875,138.67733764648438,502100
2022-06-29,VMC,VMC,143.94000244140625,143.94000244140625,139.5,143.27999877929688,138.59030151367188,841800
2022-06-30,VMC,VMC,141.72000122070312,143.60000610351562,139.08999633789062,142.10000610351562,137.44891357421875,861400
2022-07-01,VMC,VMC,141.72000122070312,144.1699981689453,140.27000427246094,142.47000122070312,137.80679321289062,952500
2022-07-05,VMC,VMC,139.00999450683594,144.6999969482422,137.5399932861328,144.6300048828125,139.89608764648438,954000
2022-07-06,VMC,VMC,144.4499969482422,146.1699981689453,143.08999633789062,145.64999389648438,140.88270568847656,1086100
2022-07-07,VMC,VMC,147.07000732421875,148.33999633789062,146.19000244140625,147.27999877929688,142.45938110351562,697200
2022-07-08,VMC,VMC,147.77999877929688,147.77999877929688,145.0800018310547,146.41000366210938,141.61782836914062,568500
2022-07-11,VMC,VMC,144.8000030517578,148.27999877929688,144.42999267578125,148.0800018310547,143.23318481445312,578500
2022-07-12,VMC,VMC,147.5500030517578,150.5,147.5500030517578,148.49000549316406,143.6297607421875,677600
2022-07-13,VMC,VMC,145.3800048828125,147.6999969482422,143.99000549316406,146.2899932861328,141.50172424316406,528700
2022-07-14,VMC,VMC,144.25,147.85000610351562,142.52999877929688,147.27000427246094,142.44967651367188,581600
2022-07-15,VMC,VMC,149.6199951171875,149.6199951171875,147.2899932861328,148.72000122070312,143.8522186279297,429800
2022-07-18,VMC,VMC,149.47999572753906,150.52000427246094,147.80999755859375,148.39999389648438,143.54273986816406,406000
2022-07-19,VMC,VMC,150.61000061035156,152.85000610351562,149.57000732421875,152.57000732421875,147.57623291015625,414200
2022-07-20,VMC,VMC,151.52000427246094,154.77999877929688,151.52000427246094,154.5800018310547,149.52041625976562,632500
2022-07-21,VMC,VMC,153.86000061035156,156.64999389648438,153.14999389648438,156.4600067138672,151.33889770507812,592300
2022-07-22,VMC,VMC,157.16000366210938,157.82000732421875,154.1300048828125,155.64999389648438,150.55538940429688,480400
2022-07-25,VMC,VMC,156.32000732421875,156.8000030517578,154.86000061035156,156.39999389648438,151.2808380126953,591000
2022-07-26,VMC,VMC,155.50999450683594,157.0,154.69000244140625,156.2100067138672,151.0970916748047,399300
2022-07-27,VMC,VMC,157.1999969482422,161.0399932861328,155.75999450683594,160.60000610351562,155.34339904785156,730300
2022-07-28,VMC,VMC,161.3699951171875,163.39999389648438,159.1300048828125,162.91000366210938,157.57777404785156,578400
2022-07-29,VMC,VMC,163.6699981689453,165.97999572753906,163.32000732421875,165.3300018310547,159.91854858398438,693900
2022-08-01,VMC,VMC,164.00999450683594,166.3699951171875,163.33999633789062,164.86000061035156,159.4639434814453,676500
2022-08-02,VMC,VMC,163.63999938964844,166.0500030517578,162.75,163.97999572753906,158.61276245117188,524400
2022-08-03,VMC,VMC,165.27000427246094,166.94000244140625,164.27999877929688,166.25,160.80844116210938,843100
2022-08-04,VMC,VMC,164.41000366210938,174.2100067138672,163.52000427246094,170.4199981689453,164.84193420410156,1427500
2022-08-05,VMC,VMC,168.4199981689453,172.8699951171875,167.22000122070312,172.02000427246094,166.38961791992188,1120000
2022-08-08,VMC,VMC,173.11000061035156,174.7899932861328,170.05999755859375,172.1699981689453,166.53469848632812,803500
2022-08-09,VMC,VMC,171.74000549316406,172.3300018310547,169.69000244140625,170.5,164.9193878173828,705300
2022-08-10,VMC,VMC,174.1999969482422,175.85000610351562,173.5800018310547,174.52000427246094,168.80776977539062,538800
2022-08-11,VMC,VMC,176.42999267578125,177.69000244140625,175.42999267578125,175.61000061035156,169.862060546875,619500
2022-08-12,VMC,VMC,176.52000427246094,178.2899932861328,175.66000366210938,178.22999572753906,172.39634704589844,572600
2022-08-15,VMC,VMC,177.16000366210938,179.39999389648438,176.2100067138672,177.91000366210938,172.08677673339844,497400
2022-08-16,VMC,VMC,176.4499969482422,179.75,176.4499969482422,178.38999938964844,172.93995666503906,504300
2022-08-17,VMC,VMC,176.25999450683594,178.7899932861328,175.83999633789062,178.2100067138672,172.7654266357422,672100
2022-08-18,VMC,VMC,178.10000610351562,179.0500030517578,176.4499969482422,177.7899932861328,172.3582763671875,413100
2022-08-19,VMC,VMC,177.83999633789062,177.83999633789062,175.0800018310547,175.66000366210938,170.2933349609375,534800
2022-08-22,VMC,VMC,172.66000366210938,174.33999633789062,172.02000427246094,172.1699981689453,166.90994262695312,682400
2022-08-23,VMC,VMC,172.0,173.5,170.75,171.14999389648438,165.9210968017578,453500
2022-08-24,VMC,VMC,171.10000610351562,172.39999389648438,169.9199981689453,171.13999938964844,165.91143798828125,722200
2022-08-25,VMC,VMC,172.38999938964844,174.97000122070312,171.97999572753906,174.8800048828125,169.5371551513672,469700
2022-08-26,VMC,VMC,174.82000732421875,174.82000732421875,168.50999450683594,169.11000061035156,163.9434356689453,579000
2022-08-29,VMC,VMC,167.38999938964844,171.5800018310547,167.38999938964844,169.24000549316406,164.06947326660156,498700
2022-08-30,VMC,VMC,169.8699951171875,170.47999572753906,164.6999969482422,166.77000427246094,161.6749267578125,578800
2022-08-31,VMC,VMC,167.91000366210938,167.91000366210938,164.89999389648438,166.49000549316406,161.4034881591797,736500
2022-09-01,VMC,VMC,167.14999389648438,167.14999389648438,163.77000427246094,166.22000122070312,161.14175415039062,781600
2022-09-02,VMC,VMC,168.49000549316406,169.72999572753906,163.9499969482422,164.9499969482422,159.91050720214844,537100
2022-09-06,VMC,VMC,165.69000244140625,166.39999389648438,163.3000030517578,164.41000366210938,159.38702392578125,570600
2022-09-07,VMC,VMC,163.77000427246094,170.13999938964844,163.77000427246094,170.02999877929688,164.83535766601562,478200
2022-09-08,VMC,VMC,168.4499969482422,171.6699981689453,166.8300018310547,170.8300018310547,165.6108856201172,718600
2022-09-09,VMC,VMC,172.0,172.72000122070312,171.0500030517578,171.80999755859375,166.5609588623047,723800
2022-09-12,VMC,VMC,173.22000122070312,173.74000549316406,170.2899932861328,171.3000030517578,166.0665283203125,776200
2022-09-13,VMC,VMC,167.50999450683594,168.08999633789062,163.10000610351562,163.66000366210938,158.65994262695312,688100
2022-09-14,VMC,VMC,163.4499969482422,163.6699981689453,158.3000030517578,160.22000122070312,155.32504272460938,1064800
2022-09-15,VMC,VMC,160.22000122070312,164.0800018310547,159.83999633789062,162.22000122070312,157.26394653320312,752600
2022-09-16,VMC,VMC,161.47999572753906,161.47999572753906,157.38999938964844,159.39999389648438,154.53009033203125,1050200
2022-09-19,VMC,VMC,158.52000427246094,163.27999877929688,158.4600067138672,162.97000122070312,157.99105834960938,763100
2022-09-20,VMC,VMC,160.89999389648438,162.8300018310547,159.3000030517578,162.19000244140625,157.23486328125,814800
2022-09-21,VMC,VMC,164.0500030517578,167.05999755859375,160.3699951171875,160.47000122070312,155.56741333007812,802400
2022-09-22,VMC,VMC,160.1699981689453,161.66000366210938,158.61000061035156,158.9600067138672,154.103515625,647000
2022-09-23,VMC,VMC,156.02000427246094,156.8800048828125,153.22999572753906,155.6300048828125,150.87527465820312,763600
2022-09-26,VMC,VMC,155.91000366210938,157.3300018310547,152.5500030517578,153.9499969482422,149.24658203125,779400
2022-09-27,VMC,VMC,155.82000732421875,156.3699951171875,150.5399932861328,152.33999633789062,147.68577575683594,860600
2022-09-28,VMC,VMC,153.39999389648438,156.80999755859375,152.42999267578125,156.14999389648438,151.37936401367188,662200
2022-09-29,VMC,VMC,154.13999938964844,158.1199951171875,151.72999572753906,157.77999877929688,152.9595947265625,1629300
2022-09-30,VMC,VMC,158.22000122070312,161.7899932861328,156.75,157.7100067138672,152.89173889160156,950800
2022-10-03,VMC,VMC,158.8699951171875,162.10000610351562,158.0399932861328,160.39999389648438,155.49952697753906,912500
2022-10-04,VMC,VMC,163.49000549316406,165.52000427246094,163.3000030517578,163.9600067138672,158.9508056640625,653700
2022-10-05,VMC,VMC,161.75999450683594,165.8800048828125,161.24000549316406,164.11000061035156,159.09619140625,654900
2022-10-06,VMC,VMC,163.41000366210938,164.94000244140625,162.00999450683594,162.1999969482422,157.2445526123047,538300
2022-10-07,VMC,VMC,160.27000427246094,160.60000610351562,156.5,157.49000549316406,152.67845153808594,509000
2022-10-10,VMC,VMC,158.89999389648438,159.3000030517578,156.25999450683594,158.17999267578125,153.3473663330078,374700
2022-10-11,VMC,VMC,158.1699981689453,159.22000122070312,156.11000061035156,156.27000427246094,151.49575805664062,536400
2022-10-12,VMC,VMC,156.02999877929688,156.02999877929688,152.82000732421875,154.07000732421875,149.36293029785156,664900
2022-10-13,VMC,VMC,150.3699951171875,156.47000122070312,147.63999938964844,155.27000427246094,150.52630615234375,832400
2022-10-14,VMC,VMC,156.99000549316406,157.47999572753906,148.00999450683594,148.44000244140625,143.9049530029297,603300
2022-10-17,VMC,VMC,150.64999389648438,154.4499969482422,150.10000610351562,154.02999877929688,149.32418823242188,529100
2022-10-18,VMC,VMC,157.3800048828125,159.2899932861328,156.80999755859375,158.77999877929688,153.92906188964844,598500
2022-10-19,VMC,VMC,157.52999877929688,158.0,153.13999938964844,154.77000427246094,150.0415496826172,594000
2022-10-20,VMC,VMC,154.47000122070312,156.25,149.05999755859375,149.16000366210938,144.60296630859375,928000
2022-10-21,VMC,VMC,149.24000549316406,155.8800048828125,148.50999450683594,155.42999267578125,150.681396484375,832000
2022-10-24,VMC,VMC,156.7100067138672,157.2899932861328,154.6300048828125,155.9199981689453,151.15640258789062,885700
2022-10-25,VMC,VMC,155.07000732421875,163.00999450683594,155.07000732421875,162.27999877929688,157.32212829589844,735600
2022-10-26,VMC,VMC,162.7899932861328,163.19000244140625,160.1300048828125,161.41000366210938,156.4787139892578,646300
2022-10-27,VMC,VMC,161.6699981689453,164.08999633789062,161.52999877929688,162.05999755859375,157.10882568359375,556200
2022-10-28,VMC,VMC,162.60000610351562,166.52000427246094,161.50999450683594,165.69000244140625,160.6279296875,729400
2022-10-31,VMC,VMC,164.8699951171875,165.49000549316406,162.2100067138672,163.6999969482422,158.69869995117188,845000
2022-11-01,VMC,VMC,165.25999450683594,166.22999572753906,162.02999877929688,164.7899932861328,159.7554168701172,1469200
2022-11-02,VMC,VMC,166.94000244140625,169.92999267578125,162.8800048828125,162.91000366210938,157.93287658691406,1377600
2022-11-03,VMC,VMC,160.94000244140625,171.5399932861328,160.66000366210938,169.0399932861328,163.8755645751953,1485100
2022-11-04,VMC,VMC,171.72999572753906,172.99000549316406,167.86000061035156,170.14999389648438,164.95164489746094,944200
2022-11-07,VMC,VMC,171.41000366210938,173.00999450683594,168.8699951171875,172.16000366210938,166.9003143310547,838700
2022-11-08,VMC,VMC,173.22000122070312,174.08999633789062,170.9199981689453,172.5,167.22987365722656,552200
2022-11-09,VMC,VMC,171.75,171.97999572753906,168.5500030517578,168.94000244140625,163.77865600585938,544200
2022-11-10,VMC,VMC,176.1199951171875,181.8800048828125,176.1199951171875,180.07000732421875,174.56858825683594,1095800
2022-11-11,VMC,VMC,181.47999572753906,183.57000732421875,178.02000427246094,178.9600067138672,173.4925079345703,920700
2022-11-14,VMC,VMC,177.86000061035156,179.75999450683594,174.9600067138672,175.16000366210938,170.18898010253906,590000
2022-11-15,VMC,VMC,177.99000549316406,179.72999572753906,173.77999877929688,175.89999389648438,170.90798950195312,743100
2022-11-16,VMC,VMC,175.5,177.5500030517578,174.39999389648438,176.7899932861328,171.77273559570312,1256900
2022-11-17,VMC,VMC,174.89999389648438,175.92999267578125,173.47999572753906,175.74000549316406,170.7525634765625,569700
2022-11-18,VMC,VMC,177.8699951171875,179.7100067138672,176.8000030517578,178.88999938964844,173.81314086914062,652900
2022-11-21,VMC,VMC,178.49000549316406,180.27000427246094,177.3000030517578,178.55999755859375,173.4925079345703,366600
2022-11-22,VMC,VMC,179.49000549316406,182.47999572753906,178.80999755859375,182.27999877929688,177.10691833496094,567000
2022-11-23,VMC,VMC,182.47999572753906,184.85000610351562,181.61000061035156,182.27999877929688,177.10691833496094,333600
2022-11-25,VMC,VMC,182.02999877929688,183.33999633789062,181.42999267578125,183.33999633789062,178.13687133789062,170400
2022-11-28,VMC,VMC,182.25,183.3300018310547,178.99000549316406,179.67999267578125,174.58071899414062,658200
2022-11-29,VMC,VMC,179.1199951171875,180.3699951171875,177.8300018310547,178.4499969482422,173.3856201171875,501800
2022-11-30,VMC,VMC,177.89999389648438,183.77000427246094,177.4499969482422,183.3300018310547,178.12713623046875,860800
2022-12-01,VMC,VMC,184.25,184.8300018310547,182.0,183.8300018310547,178.61293029785156,638400
2022-12-02,VMC,VMC,181.75999450683594,185.4600067138672,180.8800048828125,184.49000549316406,179.2542266845703,528700
2022-12-05,VMC,VMC,182.30999755859375,182.30999755859375,178.24000549316406,179.0,173.92001342773438,591700
2022-12-06,VMC,VMC,179.66000366210938,180.0,176.44000244140625,177.9499969482422,172.8998260498047,484300
2022-12-07,VMC,VMC,178.17999267578125,181.19000244140625,178.00999450683594,179.10000610351562,174.01719665527344,603500
2022-12-08,VMC,VMC,183.47000122070312,183.66000366210938,181.11000061035156,182.80999755859375,177.62188720703125,559500
2022-12-09,VMC,VMC,182.5800018310547,184.99000549316406,181.9600067138672,182.4499969482422,177.2721405029297,911800
2022-12-12,VMC,VMC,182.77999877929688,184.16000366210938,180.83999633789062,184.13999938964844,178.9141387939453,679300
2022-12-13,VMC,VMC,188.61000061035156,190.14999389648438,184.0,185.92999267578125,180.65333557128906,922200
2022-12-14,VMC,VMC,185.02000427246094,185.99000549316406,182.41000366210938,184.60000610351562,179.36111450195312,837200
2022-12-15,VMC,VMC,181.67999267578125,182.11000061035156,178.60000610351562,179.27999877929688,174.19210815429688,611000
2022-12-16,VMC,VMC,176.97000122070312,178.4199981689453,175.11000061035156,177.1699981689453,172.1419677734375,963300
2022-12-19,VMC,VMC,177.4600067138672,178.72000122070312,174.25,175.4199981689453,170.44161987304688,655000
2022-12-20,VMC,VMC,175.5,177.6199951171875,174.9600067138672,176.5800018310547,171.56869506835938,683000
2022-12-21,VMC,VMC,178.05999755859375,178.7100067138672,175.22000122070312,175.9600067138672,170.96632385253906,637200
2022-12-22,VMC,VMC,174.19000244140625,174.9499969482422,171.27999877929688,174.02999877929688,169.09107971191406,660100
2022-12-23,VMC,VMC,173.77999877929688,175.22999572753906,172.5,175.1999969482422,170.22784423828125,413100
2022-12-27,VMC,VMC,175.8000030517578,176.7100067138672,174.52999877929688,175.67999267578125,170.69422912597656,330400
2022-12-28,VMC,VMC,176.1699981689453,176.77999877929688,174.0399932861328,174.08999633789062,169.1493682861328,270800
2022-12-29,VMC,VMC,175.5500030517578,177.02999877929688,174.10000610351562,176.02999877929688,171.0343017578125,326300
2022-12-30,VMC,VMC,174.83999633789062,175.66000366210938,172.69000244140625,175.11000061035156,170.14044189453125,449100
2023-01-03,VMC,VMC,177.39999389648438,178.08999633789062,174.75999450683594,176.10000610351562,171.10231018066406,591900
2023-01-04,VMC,VMC,178.17999267578125,179.85000610351562,176.83999633789062,179.57000732421875,174.47386169433594,606400
2023-01-05,VMC,VMC,177.77999877929688,178.92999267578125,175.07000732421875,175.4600067138672,170.48048400878906,432400
2023-01-06,VMC,VMC,177.61000061035156,181.52999877929688,175.94000244140625,181.36000061035156,176.2130584716797,700300
2023-01-09,VMC,VMC,181.9199981689453,182.3000030517578,177.67999267578125,178.02000427246094,172.9678497314453,806100
2023-01-10,VMC,VMC,177.0800018310547,177.55999755859375,174.82000732421875,176.75,171.7338409423828,671900
2023-01-11,VMC,VMC,177.9600067138672,182.47000122070312,177.38999938964844,182.41000366210938,177.2332305908203,679700
2023-01-12,VMC,VMC,182.8000030517578,183.47000122070312,179.1300048828125,180.80999755859375,175.67864990234375,633700
2023-01-13,VMC,VMC,181.55999755859375,184.0800018310547,180.0,183.19000244140625,177.99111938476562,479500
2023-01-17,VMC,VMC,182.30999755859375,183.00999450683594,181.0500030517578,182.55999755859375,177.37899780273438,442300
2023-01-18,VMC,VMC,182.61000061035156,184.1999969482422,180.10000610351562,180.36000061035156,175.2414093017578,458200
2023-01-19,VMC,VMC,179.74000549316406,180.5800018310547,176.42999267578125,176.6699981689453,171.65614318847656,498900
2023-01-20,VMC,VMC,177.27999877929688,179.25999450683594,175.82000732421875,178.88999938964844,173.81314086914062,819600
2023-01-23,VMC,VMC,178.75,180.24000549316406,176.97000122070312,179.4499969482422,174.35723876953125,719900
2023-01-24,VMC,VMC,177.44000244140625,179.02000427246094,176.17999267578125,178.3000030517578,173.23989868164062,571000
2023-01-25,VMC,VMC,176.91000366210938,179.1999969482422,175.02000427246094,178.6699981689453,173.59934997558594,625500
2023-01-26,VMC,VMC,179.61000061035156,179.61000061035156,175.1699981689453,179.52000427246094,174.42526245117188,743100
2023-01-27,VMC,VMC,178.7899932861328,180.10000610351562,177.74000549316406,178.5,173.43418884277344,869000
2023-01-30,VMC,VMC,177.61000061035156,180.0399932861328,177.3300018310547,178.3800048828125,173.31761169433594,710900
2023-01-31,VMC,VMC,179.5800018310547,183.3300018310547,179.05999755859375,183.3300018310547,178.12713623046875,687600
2023-02-01,VMC,VMC,182.91000366210938,185.3800048828125,180.14999389648438,183.88999938964844,178.6712646484375,560900
2023-02-02,VMC,VMC,185.75999450683594,189.07000732421875,184.38999938964844,187.52000427246094,182.19822692871094,1056800
2023-02-03,VMC,VMC,185.22000122070312,186.60000610351562,182.89999389648438,183.52000427246094,178.311767578125,526800
2023-02-06,VMC,VMC,181.89999389648438,183.36000061035156,180.6999969482422,181.58999633789062,176.4365234375,682800
2023-02-07,VMC,VMC,180.52000427246094,185.1999969482422,180.41000366210938,184.16000366210938,178.93359375,785600
2023-02-08,VMC,VMC,182.5800018310547,185.44000244140625,182.5800018310547,185.14999389648438,179.89549255371094,712700
2023-02-09,VMC,VMC,186.74000549316406,188.33999633789062,184.30999755859375,185.08999633789062,179.83717346191406,829200
2023-02-10,VMC,VMC,183.89999389648438,185.6300048828125,182.72000122070312,184.1300048828125,178.90440368652344,793900
2023-02-13,VMC,VMC,185.2100067138672,186.1699981689453,184.00999450683594,186.05999755859375,180.77964782714844,609200
2023-02-14,VMC,VMC,185.35000610351562,187.6999969482422,183.91000366210938,185.5800018310547,180.31329345703125,890300
2023-02-15,VMC,VMC,187.5,197.75999450683594,186.3800048828125,195.4499969482422,189.90316772460938,2026100
2023-02-16,VMC,VMC,181.9499969482422,190.47000122070312,181.66000366210938,185.3699951171875,180.1092529296875,2402700
2023-02-17,VMC,VMC,183.6199951171875,188.2899932861328,183.5,185.64999389648438,180.38131713867188,1122400
2023-02-21,VMC,VMC,184.13999938964844,184.75999450683594,180.2899932861328,180.52000427246094,175.3968963623047,910400
2023-02-22,VMC,VMC,182.6300048828125,182.6300048828125,180.1199951171875,180.88999938964844,175.75636291503906,608300
2023-02-23,VMC,VMC,181.1300048828125,182.58999633789062,180.1199951171875,182.57000732421875,177.38873291015625,567200
2023-02-24,VMC,VMC,180.8300018310547,183.85000610351562,179.6300048828125,183.63999938964844,178.42832946777344,630300
2023-02-27,VMC,VMC,185.44000244140625,186.0,180.77000427246094,181.58999633789062,176.4365234375,768500
2023-02-28,VMC,VMC,181.5,183.11000061035156,180.7899932861328,180.91000366210938,175.7758331298828,612800
2023-03-01,VMC,VMC,179.6999969482422,182.83999633789062,179.52999877929688,179.97000122070312,174.86248779296875,708400
2023-03-02,VMC,VMC,179.0,182.72999572753906,176.77000427246094,181.64999389648438,176.4947967529297,910600
2023-03-03,VMC,VMC,182.00999450683594,182.9600067138672,180.0,182.47000122070312,177.71221923828125,730900
2023-03-06,VMC,VMC,182.08999633789062,182.55999755859375,178.77000427246094,179.7899932861328,175.10211181640625,692300
2023-03-07,VMC,VMC,179.77999877929688,180.97999572753906,176.7100067138672,177.22999572753906,172.60885620117188,597000
2023-03-08,VMC,VMC,177.22000122070312,181.33999633789062,176.66000366210938,178.9199981689453,174.25479125976562,607600
2023-03-09,VMC,VMC,179.36000061035156,180.4600067138672,173.38999938964844,174.07000732421875,169.53123474121094,726300
2023-03-10,VMC,VMC,174.47000122070312,174.89999389648438,168.49000549316406,169.2899932861328,164.87583923339844,1003600
2023-03-13,VMC,VMC,166.25,169.0,165.00999450683594,165.97999572753906,161.6521759033203,910700
2023-03-14,VMC,VMC,169.6300048828125,171.0399932861328,165.74000549316406,167.50999450683594,163.1422882080078,953000
2023-03-15,VMC,VMC,163.80999755859375,164.92999267578125,159.75999450683594,162.80999755859375,158.56483459472656,1081500
2023-03-16,VMC,VMC,161.77999877929688,166.33999633789062,160.41000366210938,166.2100067138672,161.87619018554688,1026800
2023-03-17,VMC,VMC,165.39999389648438,165.4600067138672,160.80999755859375,161.02000427246094,156.82154846191406,1296700
2023-03-20,VMC,VMC,162.22000122070312,163.52999877929688,161.4499969482422,163.27000427246094,159.01284790039062,1126400
2023-03-21,VMC,VMC,165.8000030517578,166.7100067138672,164.88999938964844,166.13999938964844,161.8080291748047,1067800
2023-03-22,VMC,VMC,165.4600067138672,168.05999755859375,163.6199951171875,163.7100067138672,159.4413604736328,726200
2023-03-23,VMC,VMC,163.3000030517578,167.00999450683594,163.3000030517578,164.5,160.21080017089844,740000
2023-03-24,VMC,VMC,162.91000366210938,166.25999450683594,161.69000244140625,166.1999969482422,161.86647033691406,717100
2023-03-27,VMC,VMC,167.9600067138672,168.00999450683594,165.6300048828125,165.8000030517578,161.47689819335938,739800
2023-03-28,VMC,VMC,165.61000061035156,168.25,164.75999450683594,168.0399932861328,163.65847778320312,597800
2023-03-29,VMC,VMC,169.52999877929688,170.0,168.6199951171875,169.99000549316406,165.55764770507812,456700
2023-03-30,VMC,VMC,171.55999755859375,171.9499969482422,169.44000244140625,170.13999938964844,165.7036895751953,394800
2023-03-31,VMC,VMC,171.27000427246094,172.3699951171875,170.13999938964844,171.55999755859375,167.08665466308594,1537700
2023-04-03,VMC,VMC,174.4499969482422,174.6699981689453,171.3800048828125,172.92999267578125,168.42095947265625,849200
2023-04-04,VMC,VMC,172.8800048828125,173.3000030517578,168.32000732421875,168.86000061035156,164.45709228515625,929600
2023-04-05,VMC,VMC,166.85000610351562,167.9499969482422,163.27000427246094,164.05999755859375,159.78224182128906,1304100
2023-04-06,VMC,VMC,163.33999633789062,165.35000610351562,162.0,164.92999267578125,160.6295623779297,877200
2023-04-10,VMC,VMC,164.0399932861328,166.6999969482422,163.9600067138672,166.00999450683594,161.681396484375,523100
2023-04-11,VMC,VMC,166.3300018310547,167.85000610351562,166.25,166.57000732421875,162.22683715820312,786900
2023-04-12,VMC,VMC,167.83999633789062,169.02999877929688,166.63999938964844,167.32000732421875,162.957275390625,700500
2023-04-13,VMC,VMC,167.22999572753906,169.9499969482422,166.5,169.4600067138672,165.04144287109375,605900
2023-04-14,VMC,VMC,168.75,171.13999938964844,168.25999450683594,169.0800018310547,164.67137145996094,615500
2023-04-17,VMC,VMC,169.0,172.02999877929688,168.27999877929688,171.8800048828125,167.39834594726562,575800
2023-04-18,VMC,VMC,172.0,173.4499969482422,170.50999450683594,172.36000061035156,167.86582946777344,670300
2023-04-19,VMC,VMC,172.30999755859375,174.2899932861328,171.27999877929688,173.5399932861328,169.01507568359375,456100
2023-04-20,VMC,VMC,172.5,173.58999633789062,171.27999877929688,172.44000244140625,167.94375610351562,562600
2023-04-21,VMC,VMC,172.64999389648438,172.85000610351562,169.74000549316406,171.13999938964844,166.6776580810547,826100
2023-04-24,VMC,VMC,171.97999572753906,172.75999450683594,170.5500030517578,171.41000366210938,166.9405975341797,524100
2023-04-25,VMC,VMC,170.4600067138672,171.07000732421875,169.3800048828125,169.6699981689453,165.2459716796875,466800
2023-04-26,VMC,VMC,168.2100067138672,169.22999572753906,166.44000244140625,166.64999389648438,162.30471801757812,651100
2023-04-27,VMC,VMC,166.66000366210938,173.0399932861328,166.5500030517578,172.97999572753906,168.4696807861328,707600
2023-04-28,VMC,VMC,172.27000427246094,175.27999877929688,172.27000427246094,175.1199951171875,170.5538787841797,576500
2023-05-01,VMC,VMC,174.1699981689453,177.7899932861328,174.1699981689453,177.50999450683594,172.88156127929688,815900
2023-05-02,VMC,VMC,176.75,179.5500030517578,174.77999877929688,179.27000427246094,174.5956573486328,1105400
2023-05-03,VMC,VMC,180.0,182.63999938964844,178.5399932861328,178.6199951171875,173.9626007080078,1213800
2023-05-04,VMC,VMC,194.89999389648438,199.10000610351562,187.1999969482422,190.22999572753906,185.2698974609375,2325700
2023-05-05,VMC,VMC,192.97999572753906,195.0500030517578,191.00999450683594,193.57000732421875,188.52281188964844,1068100
2023-05-08,VMC,VMC,193.6999969482422,194.7100067138672,192.63999938964844,192.8300018310547,187.80206298828125,515800
2023-05-09,VMC,VMC,192.55999755859375,194.1300048828125,191.60000610351562,193.11000061035156,188.07476806640625,560400
2023-05-10,VMC,VMC,194.99000549316406,196.33999633789062,192.36000061035156,196.08999633789062,190.97706604003906,738500
2023-05-11,VMC,VMC,195.13999938964844,196.4600067138672,194.05999755859375,194.8300018310547,189.74998474121094,481300
2023-05-12,VMC,VMC,194.80999755859375,196.32000732421875,193.32000732421875,195.3800048828125,190.2855987548828,469400
2023-05-15,VMC,VMC,195.4199981689453,196.1999969482422,194.50999450683594,196.1699981689453,191.05502319335938,571500
2023-05-16,VMC,VMC,195.60000610351562,196.2100067138672,194.22999572753906,195.00999450683594,189.9252166748047,580600
2023-05-17,VMC,VMC,196.1699981689453,197.42999267578125,194.77999877929688,196.50999450683594,191.38612365722656,572700
2023-05-18,VMC,VMC,196.36000061035156,197.1199951171875,194.50999450683594,196.41000366210938,191.28871154785156,745300
2023-05-19,VMC,VMC,197.2899932861328,197.72000122070312,194.4499969482422,197.22000122070312,192.07763671875,663100
2023-05-22,VMC,VMC,197.44000244140625,198.0,195.60000610351562,197.25999450683594,192.1165771484375,714000
2023-05-23,VMC,VMC,195.41000366210938,197.24000549316406,193.57000732421875,195.1999969482422,190.1103057861328,1089400
2023-05-24,VMC,VMC,194.19000244140625,194.19000244140625,192.17999267578125,194.10000610351562,189.03895568847656,845900
2023-05-25,VMC,VMC,194.25,195.86000061035156,193.52000427246094,195.10000610351562,190.43479919433594,648200
2023-05-26,VMC,VMC,195.5,196.39999389648438,193.57000732421875,196.0,191.31326293945312,731800
2023-05-30,VMC,VMC,195.49000549316406,196.64999389648438,193.6199951171875,196.0500030517578,191.36204528808594,724900
2023-05-31,VMC,VMC,195.4499969482422,196.3300018310547,193.61000061035156,195.5,190.8252410888672,1104900
2023-06-01,VMC,VMC,195.35000610351562,198.8000030517578,194.47999572753906,198.8000030517578,194.04632568359375,916000
2023-06-02,VMC,VMC,199.99000549316406,202.80999755859375,199.02999877929688,202.72999572753906,197.88232421875,1029200
2023-06-05,VMC,VMC,202.17999267578125,204.3000030517578,201.02000427246094,202.24000549316406,197.40402221679688,755300
2023-06-06,VMC,VMC,202.55999755859375,206.6699981689453,202.27999877929688,203.1199951171875,198.2630157470703,736400
2023-06-07,VMC,VMC,201.58999633789062,206.42999267578125,201.25999450683594,204.99000549316406,200.0883026123047,918500
2023-06-08,VMC,VMC,204.41000366210938,206.77000427246094,204.08999633789062,206.17999267578125,201.2498016357422,763100
2023-06-09,VMC,VMC,205.5800018310547,207.3800048828125,204.6999969482422,206.63999938964844,201.69883728027344,632800
2023-06-12,VMC,VMC,206.50999450683594,207.1300048828125,205.64999389648438,205.88999938964844,200.9667510986328,765000
2023-06-13,VMC,VMC,206.3800048828125,209.22000122070312,206.13999938964844,207.6999969482422,202.73348999023438,691900
2023-06-14,VMC,VMC,208.1300048828125,208.52999877929688,206.14999389648438,207.38999938964844,202.43089294433594,726200
2023-06-15,VMC,VMC,206.94000244140625,209.41000366210938,206.2899932861328,208.94000244140625,203.94386291503906,568100
2023-06-16,VMC,VMC,209.42999267578125,210.08999633789062,207.1300048828125,207.30999755859375,202.35281372070312,1259300
2023-06-20,VMC,VMC,206.36000061035156,208.99000549316406,206.02999877929688,208.67999267578125,203.6900177001953,528100
2023-06-21,VMC,VMC,208.61000061035156,212.22000122070312,208.1199951171875,210.57000732421875,205.5348358154297,1034200
2023-06-22,VMC,VMC,210.74000549316406,213.94000244140625,209.77999877929688,213.4499969482422,208.34597778320312,850700
2023-06-23,VMC,VMC,212.14999389648438,214.94000244140625,211.91000366210938,214.42999267578125,209.3025665283203,1687900
2023-06-26,VMC,VMC,213.94000244140625,215.88999938964844,213.86000061035156,214.77000427246094,209.63446044921875,923200
2023-06-27,VMC,VMC,215.3699951171875,220.89999389648438,215.05999755859375,220.4199981689453,215.1492919921875,698300
2023-06-28,VMC,VMC,220.5,221.6300048828125,219.47000122070312,220.86000061035156,215.57879638671875,827800
2023-06-29,VMC,VMC,220.30999755859375,224.88999938964844,220.30999755859375,224.83999633789062,219.463623046875,882500
2023-06-30,VMC,VMC,225.2899932861328,225.92999267578125,223.61000061035156,225.44000244140625,220.04930114746094,811700
2023-07-03,VMC,VMC,224.52999877929688,224.52999877929688,222.25,223.33999633789062,217.99952697753906,457100
2023-07-05,VMC,VMC,220.5399932861328,222.69000244140625,218.41000366210938,220.6300048828125,215.35427856445312,1253700
2023-07-06,VMC,VMC,216.4499969482422,219.1999969482422,215.77000427246094,217.99000549316406,212.77745056152344,822400
2023-07-07,VMC,VMC,217.85000610351562,219.02000427246094,215.6999969482422,217.3800048828125,212.18202209472656,792000
2023-07-10,VMC,VMC,217.39999389648438,219.9499969482422,216.24000549316406,219.38999938964844,214.1439666748047,609800
2023-07-11,VMC,VMC,220.42999267578125,224.32000732421875,219.17999267578125,223.61000061035156,218.26303100585938,1199900
2023-07-12,VMC,VMC,225.02999877929688,225.25999450683594,219.9499969482422,220.27999877929688,215.0126495361328,1000900
2023-07-13,VMC,VMC,221.5399932861328,223.66000366210938,219.3800048828125,223.36000061035156,218.01902770996094,665000
2023-07-14,VMC,VMC,224.19000244140625,225.0399932861328,221.60000610351562,224.75,219.3757781982422,668200
2023-07-17,VMC,VMC,224.83999633789062,226.19000244140625,223.64999389648438,223.7100067138672,218.36065673828125,860500
2023-07-18,VMC,VMC,222.67999267578125,224.17999267578125,221.8300018310547,223.89999389648438,218.54612731933594,726000
2023-07-19,VMC,VMC,222.91000366210938,223.32000732421875,220.47000122070312,221.33999633789062,216.04733276367188,789400
2023-07-20,VMC,VMC,222.75,222.75,220.24000549316406,221.6300048828125,216.3303985595703,902800
2023-07-21,VMC,VMC,221.17999267578125,224.02999877929688,220.22000122070312,222.3000030517578,216.984375,784300
2023-07-24,VMC,VMC,222.25,223.32000732421875,220.77000427246094,222.60000610351562,217.27719116210938,587800
2023-07-25,VMC,VMC,222.25,223.8300018310547,221.5500030517578,222.25,216.93557739257812,755200
2023-07-26,VMC,VMC,221.8699951171875,224.32000732421875,221.30999755859375,223.4600067138672,218.11663818359375,717900
2023-07-27,VMC,VMC,224.88999938964844,225.47000122070312,216.5399932861328,218.2899932861328,213.0702362060547,1461800
2023-07-28,VMC,VMC,220.61000061035156,221.47999572753906,218.92999267578125,220.19000244140625,214.92481994628906,753000
2023-07-31,VMC,VMC,220.8000030517578,221.47999572753906,219.52000427246094,220.5,215.22740173339844,688900
2023-08-01,VMC,VMC,220.5399932861328,224.75999450683594,220.10000610351562,223.97000122070312,218.61444091796875,1127700
2023-08-02,VMC,VMC,223.19000244140625,227.44000244140625,222.3000030517578,223.0800018310547,217.74574279785156,1389200
2023-08-03,VMC,VMC,219.57000732421875,226.55999755859375,212.6999969482422,226.19000244140625,220.78140258789062,1385100
2023-08-04,VMC,VMC,227.63999938964844,229.24000549316406,224.14999389648438,226.0,220.5959014892578,888200
2023-08-07,VMC,VMC,227.83999633789062,229.75,225.80999755859375,228.72000122070312,223.25086975097656,773200
2023-08-08,VMC,VMC,226.7899932861328,228.4199981689453,224.75,226.83999633789062,221.41583251953125,724000
2023-08-09,VMC,VMC,226.9199981689453,226.9199981689453,222.7100067138672,223.3800048828125,218.03855895996094,591400
2023-08-10,VMC,VMC,223.14999389648438,225.25,222.5399932861328,224.30999755859375,218.94630432128906,542100
2023-08-11,VMC,VMC,223.82000732421875,226.3800048828125,223.6199951171875,223.9199981689453,218.5655975341797,570700
2023-08-14,VMC,VMC,223.47000122070312,225.24000549316406,222.38999938964844,225.1300048828125,219.7467041015625,365600
2023-08-15,VMC,VMC,224.5800018310547,225.3800048828125,223.10000610351562,224.13999938964844,218.78038024902344,369000
2023-08-16,VMC,VMC,223.41000366210938,225.13999938964844,222.3699951171875,222.5,217.5970001220703,400200
2023-08-17,VMC,VMC,223.13999938964844,223.92999267578125,213.02000427246094,213.3300018310547,208.62908935546875,826500
2023-08-18,VMC,VMC,211.63999938964844,213.00999450683594,208.27000427246094,211.8000030517578,207.13278198242188,1209000
2023-08-21,VMC,VMC,212.5399932861328,213.07000732421875,208.72999572753906,212.57000732421875,207.8858642578125,856400
2023-08-22,VMC,VMC,212.92999267578125,215.19000244140625,212.88999938964844,214.5800018310547,209.85157775878906,1001700
2023-08-23,VMC,VMC,214.27000427246094,217.77000427246094,214.27000427246094,217.05999755859375,212.2769012451172,778800
2023-08-24,VMC,VMC,216.52000427246094,218.22999572753906,214.97000122070312,214.97999572753906,210.2427215576172,578600
2023-08-25,VMC,VMC,215.14999389648438,215.94000244140625,211.9199981689453,214.8300018310547,210.09605407714844,571500
2023-08-28,VMC,VMC,215.5399932861328,217.72999572753906,214.6999969482422,215.11000061035156,210.369873046875,434600
2023-08-29,VMC,VMC,214.6999969482422,218.6300048828125,213.63999938964844,218.58999633789062,213.77317810058594,624900
2023-08-30,VMC,VMC,218.72999572753906,220.14999389648438,217.39999389648438,218.24000549316406,213.430908203125,414100
2023-08-31,VMC,VMC,217.8000030517578,218.6699981689453,216.69000244140625,218.25,213.440673828125,530300
2023-09-01,VMC,VMC,219.4199981689453,223.97000122070312,219.0500030517578,222.9199981689453,218.00778198242188,677100
2023-09-05,VMC,VMC,221.88999938964844,222.19000244140625,214.47999572753906,216.24000549316406,211.47499084472656,827400
2023-09-06,VMC,VMC,216.22999572753906,217.05999755859375,211.99000549316406,215.1999969482422,210.45790100097656,657500
2023-09-07,VMC,VMC,213.6300048828125,215.99000549316406,212.1300048828125,215.55999755859375,210.80995178222656,762500
2023-09-08,VMC,VMC,215.0500030517578,218.10000610351562,214.52000427246094,216.25,211.48475646972656,648900
2023-09-11,VMC,VMC,217.61000061035156,217.92999267578125,214.52999877929688,216.58999633789062,211.8172607421875,363300
2023-09-12,VMC,VMC,215.27000427246094,215.9499969482422,213.52999877929688,214.77000427246094,210.0373992919922,540300
2023-09-13,VMC,VMC,214.11000061035156,215.3300018310547,211.8300018310547,213.74000549316406,209.03009033203125,612500
2023-09-14,VMC,VMC,215.47999572753906,216.05999755859375,211.44000244140625,214.97000122070312,210.23294067382812,649200
2023-09-15,VMC,VMC,214.82000732421875,214.82000732421875,209.27000427246094,210.58999633789062,205.94947814941406,1457900
2023-09-18,VMC,VMC,211.0399932861328,212.6300048828125,209.10000610351562,211.69000244140625,207.02525329589844,496500
2023-09-19,VMC,VMC,211.0,211.77999877929688,207.85000610351562,209.8800048828125,205.255126953125,656500
2023-09-20,VMC,VMC,211.0,211.91000366210938,207.91000366210938,209.5500030517578,204.93238830566406,974700
2023-09-21,VMC,VMC,208.69000244140625,208.88999938964844,201.27000427246094,202.35000610351562,197.89108276367188,1581800
2023-09-22,VMC,VMC,201.74000549316406,202.8800048828125,199.8000030517578,200.6199951171875,196.19921875,1021600
2023-09-25,VMC,VMC,200.0,202.66000366210938,199.6199951171875,202.0399932861328,197.58787536621094,624700
2023-09-26,VMC,VMC,201.3000030517578,203.1999969482422,200.17999267578125,201.35000610351562,196.9130859375,938500
2023-09-27,VMC,VMC,202.63999938964844,204.42999267578125,200.72999572753906,203.60000610351562,199.113525390625,1050000
2023-09-28,VMC,VMC,203.5800018310547,208.25,203.5800018310547,205.02999877929688,200.51199340820312,1123300
2023-09-29,VMC,VMC,206.30999755859375,207.85000610351562,201.22000122070312,202.02000427246094,197.56832885742188,717600
2023-10-02,VMC,VMC,201.35000610351562,203.69000244140625,199.3300018310547,200.92999267578125,196.5023193359375,853700
2023-10-03,VMC,VMC,199.91000366210938,202.99000549316406,198.9600067138672,199.99000549316406,195.5830841064453,895400
2023-10-04,VMC,VMC,201.19000244140625,206.6999969482422,200.61000061035156,205.02999877929688,200.51199340820312,1336700
2023-10-05,VMC,VMC,204.30999755859375,207.6300048828125,203.92999267578125,206.9499969482422,202.38967895507812,949800
2023-10-06,VMC,VMC,206.89999389648438,214.75999450683594,206.58999633789062,212.39999389648438,207.71958923339844,1228000
2023-10-09,VMC,VMC,210.49000549316406,211.9600067138672,208.33999633789062,210.25,205.616943359375,774400
2023-10-10,VMC,VMC,210.25999450683594,213.52999877929688,209.42999267578125,211.0,206.3504180908203,541500
2023-10-11,VMC,VMC,211.05999755859375,214.88999938964844,211.02000427246094,214.75999450683594,210.027587890625,455800
2023-10-12,VMC,VMC,215.27999877929688,215.27999877929688,208.66000366210938,210.6300048828125,205.9886016845703,538400
2023-10-13,VMC,VMC,211.5800018310547,212.75,208.64999389648438,209.2899932861328,204.67811584472656,491900
2023-10-16,VMC,VMC,211.72999572753906,213.9600067138672,210.8699951171875,213.0399932861328,208.3455047607422,581400
2023-10-17,VMC,VMC,211.94000244140625,215.5,211.3000030517578,214.7899932861328,210.05691528320312,569000
2023-10-18,VMC,VMC,211.5500030517578,211.97999572753906,203.44000244140625,203.74000549316406,199.25042724609375,779400
2023-10-19,VMC,VMC,204.30999755859375,207.94000244140625,202.4199981689453,202.69000244140625,198.2235870361328,837100
2023-10-20,VMC,VMC,202.61000061035156,203.07000732421875,200.33999633789062,201.5500030517578,197.1086883544922,750000
2023-10-23,VMC,VMC,200.8300018310547,204.47999572753906,200.44000244140625,202.5,198.0377655029297,705400
2023-10-24,VMC,VMC,205.0800018310547,206.8000030517578,203.9499969482422,205.14999389648438,200.6293487548828,844700
2023-10-25,VMC,VMC,203.9199981689453,206.4199981689453,203.08999633789062,203.3699951171875,198.88858032226562,772700
2023-10-26,VMC,VMC,199.19000244140625,202.22999572753906,190.80999755859375,193.97000122070312,189.6957244873047,2527900
2023-10-27,VMC,VMC,192.8699951171875,196.08999633789062,190.50999450683594,193.69000244140625,189.42190551757812,1569300
2023-10-30,VMC,VMC,195.0,197.83999633789062,194.39999389648438,195.99000549316406,191.67117309570312,1091600
2023-10-31,VMC,VMC,195.9199981689453,199.17999267578125,195.80999755859375,196.49000549316406,192.16017150878906,1224000
2023-11-01,VMC,VMC,197.10000610351562,204.72000122070312,195.6999969482422,203.8000030517578,199.30909729003906,1717700
2023-11-02,VMC,VMC,206.02000427246094,210.42999267578125,206.02000427246094,206.82000732421875,202.2625732421875,1207900
2023-11-03,VMC,VMC,209.32000732421875,210.27999877929688,206.91000366210938,207.77999877929688,203.20138549804688,961300
2023-11-06,VMC,VMC,208.27999877929688,208.27999877929688,206.38999938964844,207.13999938964844,202.5755157470703,1138500
2023-11-07,VMC,VMC,207.30999755859375,208.83999633789062,206.11000061035156,207.2100067138672,202.64395141601562,670400
2023-11-08,VMC,VMC,208.27999877929688,209.3800048828125,206.7899932861328,208.42999267578125,203.83706665039062,555800
2023-11-09,VMC,VMC,209.2899932861328,211.4499969482422,208.08999633789062,209.22999572753906,204.6194610595703,826800
2023-11-10,VMC,VMC,210.24000549316406,212.0800018310547,208.55999755859375,211.66000366210938,207.4221954345703,839600
2023-11-13,VMC,VMC,211.0399932861328,211.7100067138672,209.66000366210938,210.49000549316406,206.27560424804688,605700
2023-11-14,VMC,VMC,213.3800048828125,219.3000030517578,213.3800048828125,216.5399932861328,212.20448303222656,1068600
2023-11-15,VMC,VMC,217.33999633789062,217.99000549316406,210.75,210.8699951171875,206.64801025390625,918500
2023-11-16,VMC,VMC,211.6699981689453,213.4499969482422,210.0399932861328,212.27000427246094,208.02000427246094,803300
2023-11-17,VMC,VMC,212.50999450683594,214.10000610351562,211.9600067138672,212.35000610351562,208.098388671875,713100
2023-11-20,VMC,VMC,211.8300018310547,212.72999572753906,209.38999938964844,210.3800048828125,206.16783142089844,552800
2023-11-21,VMC,VMC,211.49000549316406,212.77999877929688,209.6699981689453,209.83999633789062,205.63864135742188,746700
2023-11-22,VMC,VMC,211.52000427246094,213.47000122070312,210.77000427246094,211.89999389648438,207.65736389160156,511800
2023-11-24,VMC,VMC,211.9600067138672,212.47999572753906,210.72000122070312,211.67999267578125,207.44178771972656,172500
2023-11-27,VMC,VMC,211.27999877929688,213.85000610351562,210.6199951171875,212.85000610351562,208.58839416503906,657400
2023-11-28,VMC,VMC,212.85000610351562,214.0,210.24000549316406,211.16000366210938,206.93222045898438,802200
2023-11-29,VMC,VMC,212.3000030517578,213.88999938964844,212.17999267578125,212.67999267578125,208.4217529296875,609400
2023-11-30,VMC,VMC,212.49000549316406,213.80999755859375,209.60000610351562,213.55999755859375,209.28416442871094,808500
2023-12-01,VMC,VMC,214.25,217.3699951171875,214.25,215.6300048828125,211.31271362304688,653400
2023-12-04,VMC,VMC,214.6699981689453,216.2899932861328,213.47999572753906,214.8000030517578,210.49929809570312,830900
2023-12-05,VMC,VMC,213.9600067138672,214.8300018310547,210.91000366210938,212.02000427246094,207.77499389648438,836300
2023-12-06,VMC,VMC,213.6300048828125,216.0800018310547,211.66000366210938,211.92999267578125,207.686767578125,717900
2023-12-07,VMC,VMC,212.35000610351562,214.25,210.86000061035156,214.1699981689453,209.8819580078125,485200
2023-12-08,VMC,VMC,213.72999572753906,216.8300018310547,212.6699981689453,216.02999877929688,211.7047119140625,563600
2023-12-11,VMC,VMC,216.6300048828125,219.27999877929688,216.38999938964844,218.86000061035156,214.47801208496094,880600
2023-12-12,VMC,VMC,220.58999633789062,222.0800018310547,218.41000366210938,220.89999389648438,216.4771728515625,619800
2023-12-13,VMC,VMC,221.08999633789062,224.72999572753906,219.60000610351562,223.6699981689453,219.19171142578125,512000
2023-12-14,VMC,VMC,224.8800048828125,225.3000030517578,221.32000732421875,224.75999450683594,220.25990295410156,917600
2023-12-15,VMC,VMC,224.0,226.83999633789062,223.24000549316406,224.35000610351562,219.85812377929688,1092500
2023-12-18,VMC,VMC,224.5800018310547,224.5800018310547,221.66000366210938,222.6999969482422,218.2411651611328,832700
2023-12-19,VMC,VMC,224.4199981689453,225.22999572753906,223.85000610351562,224.69000244140625,220.19131469726562,503100
2023-12-20,VMC,VMC,223.6699981689453,224.36000061035156,220.8699951171875,221.17999267578125,216.75160217285156,540900
2023-12-21,VMC,VMC,223.19000244140625,223.63999938964844,221.5,223.27999877929688,218.80950927734375,614600
2023-12-22,VMC,VMC,224.0500030517578,224.9499969482422,223.1300048828125,224.92999267578125,220.42649841308594,470000
2023-12-26,VMC,VMC,225.36000061035156,225.94000244140625,224.89999389648438,225.64999389648438,221.132080078125,302800
2023-12-27,VMC,VMC,225.0,226.07000732421875,224.4600067138672,225.82000732421875,221.29869079589844,461700
2023-12-28,VMC,VMC,225.88999938964844,226.11000061035156,225.0800018310547,225.44000244140625,220.9263153076172,427200
2023-12-29,VMC,VMC,225.5500030517578,227.3300018310547,225.1300048828125,227.00999450683594,222.46484375,559200
2024-01-02,VMC,VMC,225.2899932861328,226.22000122070312,222.57000732421875,223.60000610351562,219.12313842773438,720200
2024-01-03,VMC,VMC,222.0800018310547,222.0800018310547,218.3699951171875,219.3300018310547,214.93861389160156,744500
2024-01-04,VMC,VMC,219.6199951171875,221.86000061035156,218.3800048828125,220.67999267578125,216.26158142089844,862800
2024-01-05,VMC,VMC,220.1300048828125,223.77000427246094,219.5800018310547,221.6199951171875,217.18275451660156,618700
2024-01-08,VMC,VMC,220.91000366210938,224.11000061035156,220.22999572753906,224.0,219.51513671875,662200
2024-01-09,VMC,VMC,221.97000122070312,223.5,220.3800048828125,223.4199981689453,218.9467315673828,406200
2024-01-10,VMC,VMC,223.30999755859375,226.22000122070312,222.74000549316406,226.11000061035156,221.58285522460938,519600
2024-01-11,VMC,VMC,226.1999969482422,226.52000427246094,223.57000732421875,224.36000061035156,219.86790466308594,640100
2024-01-12,VMC,VMC,222.60000610351562,224.00999450683594,221.8800048828125,223.9600067138672,219.47593688964844,711000
2024-01-16,VMC,VMC,223.2899932861328,223.5399932861328,220.89999389648438,222.3800048828125,217.9275665283203,637700
2024-01-17,VMC,VMC,220.88999938964844,222.27999877929688,220.5,221.25999450683594,216.8300018310547,553000
2024-01-18,VMC,VMC,221.67999267578125,225.22000122070312,221.3300018310547,225.1199951171875,220.61270141601562,469900
2024-01-19,VMC,VMC,226.22999572753906,226.24000549316406,222.9199981689453,226.0800018310547,221.55349731445312,495800
2024-01-22,VMC,VMC,226.82000732421875,229.8000030517578,226.5800018310547,227.27999877929688,222.72943115234375,722200
2024-01-23,VMC,VMC,226.8300018310547,228.25,222.7899932861328,222.8000030517578,218.3391571044922,856200
2024-01-24,VMC,VMC,224.0500030517578,224.27000427246094,219.72999572753906,219.8000030517578,215.39923095703125,823000
2024-01-25,VMC,VMC,222.4600067138672,223.5500030517578,221.00999450683594,223.41000366210938,218.9369354248047,655600
2024-01-26,VMC,VMC,223.41000366210938,224.3000030517578,222.0,222.36000061035156,217.907958984375,691600
2024-01-29,VMC,VMC,222.08999633789062,229.47999572753906,222.08999633789062,229.3699951171875,224.777587890625,696900
2024-01-30,VMC,VMC,228.8000030517578,232.00999450683594,228.69000244140625,231.0500030517578,226.42396545410156,753300
2024-01-31,VMC,VMC,230.5399932861328,231.8300018310547,225.66000366210938,226.00999450683594,221.48487854003906,706500
2024-02-01,VMC,VMC,227.27000427246094,230.66000366210938,223.89999389648438,230.36000061035156,225.74777221679688,702700
2024-02-02,VMC,VMC,228.97999572753906,235.42999267578125,228.75,234.44000244140625,229.74610900878906,1036900
2024-02-05,VMC,VMC,232.39999389648438,234.30999755859375,227.66000366210938,229.64999389648438,225.05197143554688,1064900
2024-02-06,VMC,VMC,229.8699951171875,232.55999755859375,229.1999969482422,231.5800018310547,226.94337463378906,818000
2024-02-07,VMC,VMC,234.0,237.52999877929688,233.50999450683594,236.52000427246094,231.7844696044922,822400
2024-02-08,VMC,VMC,236.97000122070312,239.25,235.0,238.44000244140625,233.66600036621094,882000
2024-02-09,VMC,VMC,237.74000549316406,240.11000061035156,237.39999389648438,240.0,235.19476318359375,1050200
2024-02-12,VMC,VMC,241.13999938964844,243.44000244140625,240.1300048828125,240.1300048828125,235.32217407226562,910400
2024-02-13,VMC,VMC,236.0,238.0399932861328,234.52999877929688,237.1199951171875,232.37245178222656,859600
2024-02-14,VMC,VMC,238.7899932861328,242.5500030517578,237.85000610351562,241.10000610351562,236.2727813720703,1024800
2024-02-15,VMC,VMC,243.47000122070312,244.60000610351562,239.63999938964844,242.4600067138672,237.6055450439453,1187500
2024-02-16,VMC,VMC,256.760009765625,260.80999755859375,253.3699951171875,255.14999389648438,250.04144287109375,2202400
2024-02-20,VMC,VMC,253.22000122070312,254.8300018310547,249.49000549316406,251.3800048828125,246.346923828125,1115300
2024-02-21,VMC,VMC,251.6300048828125,253.86000061035156,250.67999267578125,253.42999267578125,248.35585021972656,650100
2024-02-22,VMC,VMC,255.50999450683594,257.2200012207031,254.58999633789062,256.94000244140625,251.79562377929688,717000
2024-02-23,VMC,VMC,257.9200134277344,257.9200134277344,255.67999267578125,257.2300109863281,252.079833984375,786800
2024-02-26,VMC,VMC,257.8299865722656,261.45001220703125,257.5299987792969,261.0799865722656,255.85267639160156,855800
2024-02-27,VMC,VMC,261.82000732421875,263.67999267578125,261.2900085449219,263.55999755859375,258.2830505371094,727400
2024-02-28,VMC,VMC,263.3599853515625,265.1000061035156,261.1700134277344,262.29998779296875,257.0483093261719,1066800
2024-02-29,VMC,VMC,263.9100036621094,266.7799987792969,261.32000732421875,265.8500061035156,260.5272521972656,1113600
2024-03-01,VMC,VMC,267.07000732421875,268.4100036621094,265.739990234375,267.42999267578125,262.52984619140625,712300
2024-03-04,VMC,VMC,268.3999938964844,269.67999267578125,266.9800109863281,267.8500061035156,262.9421081542969,885900
2024-03-05,VMC,VMC,266.17999267578125,268.8399963378906,263.05999755859375,264.9800109863281,260.12469482421875,1026000
2024-03-06,VMC,VMC,265.489990234375,268.2900085449219,264.2300109863281,267.3399963378906,262.4415283203125,743300
2024-03-07,VMC,VMC,268.9800109863281,271.7300109863281,268.9800109863281,271.1700134277344,266.2012939453125,643400
2024-03-08,VMC,VMC,270.25,271.4200134277344,264.8599853515625,266.70001220703125,261.8132629394531,926200
2024-03-11,VMC,VMC,266.3599853515625,266.3599853515625,262.8699951171875,264.95001220703125,260.09527587890625,975200
2024-03-12,VMC,VMC,265.260009765625,269.9700012207031,264.8900146484375,269.5799865722656,264.64044189453125,577700
2024-03-13,VMC,VMC,269.42999267578125,270.6499938964844,268.3800048828125,269.32000732421875,264.38519287109375,618100
2024-03-14,VMC,VMC,268.6000061035156,272.7300109863281,268.6000061035156,270.7300109863281,265.76934814453125,1003000
2024-03-15,VMC,VMC,268.8399963378906,271.6000061035156,266.54998779296875,266.8599853515625,261.97027587890625,1861300
2024-03-18,VMC,VMC,267.8500061035156,270.25,267.54998779296875,269.4200134277344,264.48345947265625,934600
2024-03-19,VMC,VMC,266.8299865722656,271.80999755859375,266.8299865722656,269.010009765625,264.0809020996094,1239500
2024-03-20,VMC,VMC,269.79998779296875,272.260009765625,268.9599914550781,271.739990234375,266.7608947753906,933100
2024-03-21,VMC,VMC,272.45001220703125,275.8699951171875,270.3800048828125,275.5899963378906,270.540283203125,1035600
2024-03-22,VMC,VMC,274.79998779296875,275.1499938964844,272.260009765625,274.3599853515625,269.3328857421875,581600
2024-03-25,VMC,VMC,274.489990234375,274.8299865722656,272.04998779296875,272.6199951171875,267.6247863769531,427800
2024-03-26,VMC,VMC,272.6600036621094,275.3500061035156,272.6600036621094,273.8699951171875,268.851806640625,537800
2024-03-27,VMC,VMC,275.5199890136719,276.5799865722656,271.67999267578125,272.7900085449219,267.7916564941406,703200
2024-03-28,VMC,VMC,273.4800109863281,274.7900085449219,271.42999267578125,272.9200134277344,267.9192199707031,683000
2024-04-01,VMC,VMC,273.1099853515625,273.1099853515625,269.55999755859375,269.69000244140625,264.7483825683594,599100
2024-04-02,VMC,VMC,269.7300109863281,270.4599914550781,264.1600036621094,266.25,261.3714599609375,888500
2024-04-03,VMC,VMC,266.1600036621094,269.79998779296875,265.760009765625,268.7699890136719,263.8452453613281,629700
2024-04-04,VMC,VMC,270.95001220703125,272.7699890136719,265.5,265.8900146484375,261.01806640625,576800
2024-04-05,VMC,VMC,267.19000244140625,270.8699951171875,267.19000244140625,270.1499938964844,265.199951171875,454100
2024-04-08,VMC,VMC,270.5199890136719,271.6199951171875,269.3800048828125,269.7200012207031,264.7778625488281,580200
2024-04-09,VMC,VMC,269.54998779296875,270.2300109863281,263.0799865722656,265.6199951171875,260.75299072265625,637500
2024-04-10,VMC,VMC,260.0199890136719,265.8999938964844,259.0799865722656,264.55999755859375,259.7124328613281,800600
2024-04-11,VMC,VMC,264.2300109863281,267.0299987792969,263.8399963378906,265.5,260.63519287109375,545900
2024-04-12,VMC,VMC,263.25,264.6700134277344,261.2900085449219,262.7799987792969,257.96502685546875,507900
2024-04-15,VMC,VMC,268.4100036621094,268.4100036621094,260.25,260.4700012207031,255.69735717773438,514100
2024-04-16,VMC,VMC,260.8299865722656,261.2099914550781,257.0199890136719,258.5400085449219,253.80276489257812,782800
2024-04-17,VMC,VMC,260.0799865722656,260.0899963378906,256.07000732421875,258.260009765625,253.52786254882812,708200
2024-04-18,VMC,VMC,260.260009765625,260.260009765625,254.33999633789062,255.07000732421875,250.39630126953125,538100
2024-04-19,VMC,VMC,256.2799987792969,257.45001220703125,251.32000732421875,252.05999755859375,247.44146728515625,613800
2024-04-22,VMC,VMC,253.02999877929688,256.1300048828125,251.5800018310547,254.47999572753906,249.81715393066406,591400
2024-04-23,VMC,VMC,254.14999389648438,260.010009765625,254.14999389648438,259.3399963378906,254.5880889892578,764900
2024-04-24,VMC,VMC,258.2099914550781,259.9599914550781,253.75999450683594,256.3999938964844,251.7019500732422,568000
2024-04-25,VMC,VMC,253.99000549316406,258.989990234375,250.77000427246094,258.5400085449219,253.80276489257812,655900
2024-04-26,VMC,VMC,258.989990234375,261.8299865722656,258.7900085449219,261.239990234375,256.4532775878906,689100
2024-04-29,VMC,VMC,261.2900085449219,262.6400146484375,259.8399963378906,261.45001220703125,256.6593933105469,632700
2024-04-30,VMC,VMC,260.6199951171875,264.1000061035156,257.32000732421875,257.6300048828125,252.909423828125,817100
2024-05-01,VMC,VMC,257.5299987792969,263.760009765625,256.1600036621094,259.7300109863281,254.970947265625,1036600
2024-05-02,VMC,VMC,268.5899963378906,273.17999267578125,259.9200134277344,264.4100036621094,259.5652160644531,1524200
2024-05-03,VMC,VMC,265.54998779296875,268.1400146484375,262.3699951171875,264.44000244140625,259.5946044921875,809400
2024-05-06,VMC,VMC,267.0799865722656,267.75,265.010009765625,266.6099853515625,261.724853515625,576400
2024-05-07,VMC,VMC,268.04998779296875,269.0,265.6199951171875,268.3500061035156,263.4329528808594,682700
2024-05-08,VMC,VMC,268.0,268.7900085449219,266.3500061035156,267.92999267578125,263.0207214355469,510400
2024-05-09,VMC,VMC,268.3800048828125,270.80999755859375,267.6700134277344,270.69000244140625,265.7301025390625,653900
2024-05-10,VMC,VMC,272.0,274.1300048828125,270.95001220703125,272.07000732421875,267.0848083496094,517100
2024-05-13,VMC,VMC,272.3900146484375,272.94000244140625,269.1000061035156,270.0899963378906,265.1411437988281,377100
2024-05-14,VMC,VMC,269.8699951171875,270.1499938964844,266.8699951171875,267.75,262.8440246582031,524900
2024-05-15,VMC,VMC,269.0799865722656,271.69000244140625,268.5899963378906,270.5,265.5435485839844,740500
2024-05-16,VMC,VMC,270.2300109863281,270.2300109863281,258.7699890136719,260.0,255.23599243164062,1181500
2024-05-17,VMC,VMC,261.9700012207031,262.8699951171875,258.6499938964844,259.1000061035156,254.3524932861328,498300
2024-05-20,VMC,VMC,258.3399963378906,261.010009765625,257.5400085449219,260.2099914550781,255.4420623779297,567000
2024-05-21,VMC,VMC,257.45001220703125,262.7799987792969,255.27999877929688,262.17999267578125,257.37603759765625,1526600
2024-05-22,VMC,VMC,261.7300109863281,261.7300109863281,256.5,260.8699951171875,256.0900573730469,1042100
2024-05-23,VMC,VMC,261.8699951171875,262.19000244140625,256.3900146484375,257.2099914550781,252.94309997558594,679400
2024-05-24,VMC,VMC,257.6600036621094,259.4700012207031,256.3999938964844,259.25,254.94924926757812,329600
2024-05-28,VMC,VMC,257.9599914550781,258.5299987792969,253.49000549316406,253.97999572753906,249.76670837402344,519700
2024-05-29,VMC,VMC,252.47000122070312,254.22000122070312,251.38999938964844,251.91000366210938,247.73106384277344,486800
2024-05-30,VMC,VMC,252.52000427246094,255.35000610351562,251.9199981689453,254.0800018310547,249.8650665283203,647800
2024-05-31,VMC,VMC,253.47999572753906,256.3599853515625,245.41000366210938,255.77000427246094,251.52703857421875,1649500
2024-06-03,VMC,VMC,256.7300109863281,257.3800048828125,248.9199981689453,252.19000244140625,248.0063934326172,685000
2024-06-04,VMC,VMC,251.91000366210938,252.7100067138672,247.9499969482422,250.4600067138672,246.3050994873047,559700
2024-06-05,VMC,VMC,251.5,251.97999572753906,249.07000732421875,251.17999267578125,247.01316833496094,427600
2024-06-06,VMC,VMC,250.97000122070312,251.38999938964844,247.41000366210938,248.5800018310547,244.45631408691406,654400
2024-06-07,VMC,VMC,248.58999633789062,250.80999755859375,246.9199981689453,247.58999633789062,243.4827117919922,608200
2024-06-10,VMC,VMC,246.32000732421875,249.52000427246094,245.0800018310547,247.80999755859375,243.6990509033203,558200
2024-06-11,VMC,VMC,247.0,247.1699981689453,243.50999450683594,244.63999938964844,240.58163452148438,571300
2024-06-12,VMC,VMC,248.89999389648438,253.02999877929688,246.0500030517578,249.1199951171875,244.98731994628906,804100
2024-06-13,VMC,VMC,247.77999877929688,254.5399932861328,247.52000427246094,253.9499969482422,249.7371826171875,692700
2024-06-14,VMC,VMC,252.0,253.63999938964844,249.00999450683594,252.63999938964844,248.44894409179688,617300
2024-06-17,VMC,VMC,252.1699981689453,257.239990234375,251.35000610351562,256.3500061035156,252.09739685058594,552500
2024-06-18,VMC,VMC,255.97999572753906,257.1199951171875,252.82000732421875,255.61000061035156,251.36968994140625,1143300
2024-06-20,VMC,VMC,255.02000427246094,255.22999572753906,243.75999450683594,246.4600067138672,242.37149047851562,1142600
2024-06-21,VMC,VMC,245.72000122070312,248.55999755859375,243.30999755859375,247.80999755859375,243.6990509033203,1251600
2024-06-24,VMC,VMC,247.72999572753906,249.19000244140625,245.05999755859375,247.5800018310547,243.47288513183594,822600
2024-06-25,VMC,VMC,245.3800048828125,246.63999938964844,243.85000610351562,246.14999389648438,242.06658935546875,903600
2024-06-26,VMC,VMC,244.5500030517578,247.22999572753906,243.89999389648438,245.8800048828125,241.80108642578125,790800
2024-06-27,VMC,VMC,246.2100067138672,249.16000366210938,245.3800048828125,247.75999450683594,243.64988708496094,577000
2024-06-28,VMC,VMC,248.7100067138672,251.80999755859375,247.02000427246094,248.67999267578125,244.55462646484375,988700
2024-07-01,VMC,VMC,249.69000244140625,249.99000549316406,242.17999267578125,243.72000122070312,239.67694091796875,652200
2024-07-02,VMC,VMC,241.5399932861328,245.0800018310547,240.99000549316406,245.07000732421875,241.00453186035156,773400
2024-07-03,VMC,VMC,244.4600067138672,245.5399932861328,242.22000122070312,243.9199981689453,239.8735809326172,439200
2024-07-05,VMC,VMC,243.36000061035156,245.0,241.02000427246094,244.2100067138672,240.15878295898438,415600
2024-07-08,VMC,VMC,244.97999572753906,246.5500030517578,241.44000244140625,241.97000122070312,237.9559326171875,735000
2024-07-09,VMC,VMC,242.32000732421875,242.9199981689453,239.47999572753906,242.25,238.2312774658203,796400
2024-07-10,VMC,VMC,242.6699981689453,248.60000610351562,241.0500030517578,247.72000122070312,243.6105499267578,634700
2024-07-11,VMC,VMC,248.35000610351562,255.2899932861328,248.35000610351562,254.69000244140625,250.4649200439453,902300
2024-07-12,VMC,VMC,255.58999633789062,258.8399963378906,252.00999450683594,252.50999450683594,248.3210906982422,833700
2024-07-15,VMC,VMC,255.5500030517578,256.6600036621094,252.61000061035156,253.89999389648438,249.6880645751953,838300
2024-07-16,VMC,VMC,255.07000732421875,263.3299865722656,254.61000061035156,262.80999755859375,258.4501953125,866700
2024-07-17,VMC,VMC,260.80999755859375,260.8900146484375,255.5,255.8000030517578,251.5565185546875,628600
2024-07-18,VMC,VMC,254.52999877929688,259.4599914550781,254.52999877929688,256.0899963378906,251.84170532226562,531700
2024-07-19,VMC,VMC,257.79998779296875,258.19000244140625,254.6999969482422,256.1400146484375,251.89088439941406,599700
2024-07-22,VMC,VMC,257.5799865722656,261.489990234375,255.25,260.6099853515625,256.2867126464844,743900
2024-07-23,VMC,VMC,260.0400085449219,262.0899963378906,259.3800048828125,260.1499938964844,255.83436584472656,408500
2024-07-24,VMC,VMC,258.4200134277344,259.8299865722656,250.05999755859375,250.50999450683594,246.35427856445312,1116300
2024-07-25,VMC,VMC,251.4499969482422,259.6400146484375,251.1199951171875,253.77000427246094,249.5601806640625,825200
2024-07-26,VMC,VMC,257.2300109863281,262.8500061035156,256.0,261.7099914550781,257.3684387207031,673500
2024-07-29,VMC,VMC,262.2099914550781,265.25,260.94000244140625,264.5299987792969,260.1416931152344,586800
2024-07-30,VMC,VMC,268.8299865722656,273.3299865722656,267.6400146484375,270.0,265.5209655761719,1205100
2024-07-31,VMC,VMC,271.79998779296875,278.7900085449219,268.5199890136719,274.510009765625,269.95611572265625,1458900
2024-08-01,VMC,VMC,273.94000244140625,274.9800109863281,269.9599914550781,271.1300048828125,266.6321716308594,1316700
2024-08-02,VMC,VMC,268.3599853515625,268.3599853515625,260.1199951171875,266.3399963378906,261.92169189453125,986600
2024-08-05,VMC,VMC,260.0,262.4100036621094,252.92999267578125,257.42999267578125,253.15945434570312,1355100
2024-08-06,VMC,VMC,245.61000061035156,251.7100067138672,238.88999938964844,246.13999938964844,242.0567626953125,2295000
2024-08-07,VMC,VMC,248.49000549316406,251.72000122070312,241.22000122070312,241.22000122070312,237.21836853027344,1376800
2024-08-08,VMC,VMC,242.6699981689453,250.77000427246094,242.32000732421875,246.3300018310547,242.24362182617188,1196300
2024-08-09,VMC,VMC,246.17999267578125,249.1300048828125,243.36000061035156,244.33999633789062,240.28663635253906,888000
2024-08-12,VMC,VMC,244.22999572753906,244.7899932861328,239.91000366210938,241.89999389648438,237.88710021972656,869300
2024-08-13,VMC,VMC,244.05999755859375,245.9199981689453,241.7899932861328,243.83999633789062,239.794921875,706000
2024-08-14,VMC,VMC,245.08999633789062,246.3000030517578,242.07000732421875,242.5,238.47714233398438,876700
2024-08-15,VMC,VMC,245.8699951171875,247.08999633789062,242.33999633789062,246.57000732421875,242.94046020507812,1028900
2024-08-16,VMC,VMC,247.05999755859375,247.05999755859375,243.60000610351562,244.42999267578125,240.83197021484375,490900
2024-08-19,VMC,VMC,244.61000061035156,245.6199951171875,242.17999267578125,244.2899932861328,240.69403076171875,660400
2024-08-20,VMC,VMC,244.22999572753906,246.7899932861328,244.22999572753906,245.60000610351562,241.9847412109375,534000
2024-08-21,VMC,VMC,247.22999572753906,249.8800048828125,246.7899932861328,247.83999633789062,244.19175720214844,920700
2024-08-22,VMC,VMC,248.75,250.24000549316406,246.6699981689453,247.97999572753906,244.32969665527344,680600
2024-08-23,VMC,VMC,250.25999450683594,257.4200134277344,249.66000366210938,254.88999938964844,251.13800048828125,1252300
2024-08-26,VMC,VMC,256.3299865722656,257.5400085449219,250.22999572753906,250.67999267578125,246.989990234375,447600
2024-08-27,VMC,VMC,249.02000427246094,250.0,237.1699981689453,240.41000366210938,236.8711700439453,1007300
2024-08-28,VMC,VMC,241.80999755859375,242.38999938964844,235.08999633789062,235.77000427246094,232.29946899414062,1835000
2024-08-29,VMC,VMC,237.52000427246094,243.41000366210938,236.85000610351562,241.27999877929688,237.7283477783203,866600
2024-08-30,VMC,VMC,242.2899932861328,245.8699951171875,241.3699951171875,245.2100067138672,241.60047912597656,844600
2024-09-03,VMC,VMC,241.64999389648438,244.0,237.67999267578125,239.02000427246094,235.50160217285156,933400
2024-09-04,VMC,VMC,239.08999633789062,240.00999450683594,232.69000244140625,234.8300018310547,231.373291015625,1009400
2024-09-05,VMC,VMC,234.11000061035156,235.0399932861328,230.72000122070312,232.16000366210938,228.7425994873047,727600
2024-09-06,VMC,VMC,234.02999877929688,236.02999877929688,231.55999755859375,231.97000122070312,228.5553741455078,1161500
2024-09-09,VMC,VMC,232.89999389648438,234.66000366210938,230.9499969482422,231.8300018310547,228.41746520996094,1757100
2024-09-10,VMC,VMC,233.72999572753906,233.82000732421875,231.02999877929688,232.9499969482422,229.5209503173828,1076900
2024-09-11,VMC,VMC,231.5,233.3699951171875,225.36000061035156,232.9499969482422,229.5209503173828,1553000
2024-09-12,VMC,VMC,233.52000427246094,237.3300018310547,233.52000427246094,236.27000427246094,232.79208374023438,680100
2024-09-13,VMC,VMC,236.0,239.63999938964844,235.4600067138672,237.47000122070312,233.97442626953125,726300
2024-09-16,VMC,VMC,238.0500030517578,243.3300018310547,237.0,242.8699951171875,239.29493713378906,894700
2024-09-17,VMC,VMC,243.36000061035156,247.0,242.0399932861328,245.1199951171875,241.5117950439453,757600
2024-09-18,VMC,VMC,245.7100067138672,249.5800018310547,244.27000427246094,244.39999389648438,240.8024139404297,679400
2024-09-19,VMC,VMC,250.0,254.00999450683594,246.44000244140625,253.6699981689453,249.9359588623047,1015200
2024-09-20,VMC,VMC,258.17999267578125,258.17999267578125,250.74000549316406,252.0500030517578,248.33982849121094,1697600
2024-09-23,VMC,VMC,252.60000610351562,253.8000030517578,250.3300018310547,252.3300018310547,248.6156768798828,728500
2024-09-24,VMC,VMC,253.08999633789062,253.8300018310547,247.38999938964844,249.8699951171875,246.19190979003906,1079700
2024-09-25,VMC,VMC,251.94000244140625,251.94000244140625,249.33999633789062,249.6300048828125,245.95542907714844,922100
2024-09-26,VMC,VMC,254.0800018310547,257.010009765625,249.6300048828125,250.5800018310547,246.89146423339844,887800
2024-09-27,VMC,VMC,251.1699981689453,252.3699951171875,248.1999969482422,250.24000549316406,246.55645751953125,777700
2024-09-30,VMC,VMC,249.25,250.91000366210938,246.02000427246094,250.42999267578125,246.74366760253906,795200
2024-10-01,VMC,VMC,249.77999877929688,251.72999572753906,244.4199981689453,247.49000549316406,243.84693908691406,667500
2024-10-02,VMC,VMC,244.44000244140625,245.99000549316406,239.97000122070312,240.4600067138672,236.92042541503906,930700
2024-10-03,VMC,VMC,240.22999572753906,242.94000244140625,238.60000610351562,241.10000610351562,237.55101013183594,524800
2024-10-04,VMC,VMC,243.17999267578125,243.1999969482422,239.41000366210938,241.42999267578125,237.87612915039062,532500
2024-10-07,VMC,VMC,238.61000061035156,240.3000030517578,237.3300018310547,238.02999877929688,234.5261688232422,971100
2024-10-08,VMC,VMC,238.1999969482422,239.58999633789062,236.6300048828125,238.19000244140625,234.683837890625,853200
2024-10-09,VMC,VMC,238.19000244140625,243.35000610351562,236.5500030517578,241.63999938964844,238.08302307128906,869800
2024-10-10,VMC,VMC,239.36000061035156,245.5399932861328,238.6999969482422,243.89999389648438,240.30975341796875,909600
2024-10-11,VMC,VMC,243.94000244140625,248.52999877929688,243.94000244140625,247.50999450683594,243.8666229248047,607500
2024-10-14,VMC,VMC,247.91000366210938,249.44000244140625,244.6300048828125,248.6999969482422,245.0391082763672,1387300
2024-10-15,VMC,VMC,250.0,257.79998779296875,249.69000244140625,252.7899932861328,249.06890869140625,972900
2024-10-16,VMC,VMC,253.00999450683594,256.7900085449219,251.82000732421875,256.4800109863281,252.70460510253906,462200
2024-10-17,VMC,VMC,257.94000244140625,259.7699890136719,256.3900146484375,258.6400146484375,254.8328094482422,746700
2024-10-18,VMC,VMC,258.6300048828125,262.79998779296875,255.5,261.7200012207031,257.867431640625,829100
2024-10-21,VMC,VMC,261.5799865722656,261.5799865722656,257.2200012207031,259.94000244140625,256.1136474609375,902600
2024-10-22,VMC,VMC,258.95001220703125,259.1000061035156,253.6699981689453,253.72000122070312,249.9852294921875,653500
2024-10-23,VMC,VMC,253.49000549316406,254.99000549316406,250.75999450683594,253.57000732421875,249.8374481201172,545500
2024-10-24,VMC,VMC,253.72999572753906,256.5400085449219,252.3800048828125,256.1400146484375,252.36961364746094,1281200
2024-10-25,VMC,VMC,258.3399963378906,259.30999755859375,255.6300048828125,256.5400085449219,252.7637481689453,742300
2024-10-28,VMC,VMC,258.44000244140625,260.1600036621094,257.19000244140625,258.5,254.69485473632812,1437500
2024-10-29,VMC,VMC,256.8999938964844,260.8699951171875,254.47000122070312,259.54998779296875,255.7293701171875,1183000
2024-10-30,VMC,VMC,270.0,279.4700012207031,267.8800048828125,276.2300109863281,272.16387939453125,1952100
2024-10-31,VMC,VMC,273.8500061035156,278.4599914550781,273.1099853515625,273.92999267578125,269.8976745605469,1429200
2024-11-01,VMC,VMC,275.29998779296875,275.3999938964844,270.260009765625,270.3900146484375,266.40985107421875,986500
2024-11-04,VMC,VMC,270.1300048828125,272.7099914550781,268.20001220703125,268.8599853515625,265.3537902832031,1124200
2024-11-05,VMC,VMC,267.9100036621094,272.8900146484375,267.69000244140625,272.6700134277344,269.1141052246094,689300
2024-11-06,VMC,VMC,288.0299987792969,298.30999755859375,287.6000061035156,290.45001220703125,286.6622619628906,2679100
2024-11-07,VMC,VMC,292.1099853515625,293.2799987792969,288.55999755859375,290.5899963378906,286.8003845214844,1163400
2024-11-08,VMC,VMC,290.5799865722656,293.7300109863281,290.0199890136719,292.30999755859375,288.4979553222656,740700
2024-11-11,VMC,VMC,293.7900085449219,295.1000061035156,290.67999267578125,292.0400085449219,288.2315673828125,526900
2024-11-12,VMC,VMC,290.92999267578125,292.3800048828125,286.44000244140625,288.3800048828125,284.6192321777344,783000
2024-11-13,VMC,VMC,288.8399963378906,290.9200134277344,286.7099914550781,287.7099914550781,283.9579772949219,580000
2024-11-14,VMC,VMC,287.32000732421875,288.6099853515625,281.6099853515625,282.67999267578125,278.9935607910156,927700
2024-11-15,VMC,VMC,281.67999267578125,283.2200012207031,277.6000061035156,279.2799987792969,275.6379089355469,669400
2024-11-18,VMC,VMC,280.70001220703125,280.70001220703125,277.6000061035156,278.739990234375,275.10491943359375,491600
2024-11-19,VMC,VMC,275.0899963378906,278.2099914550781,273.6600036621094,278.010009765625,274.38446044921875,724000
2024-11-20,VMC,VMC,278.5299987792969,278.5299987792969,276.2900085449219,277.80999755859375,274.18707275390625,714200
2024-11-21,VMC,VMC,279.489990234375,282.4100036621094,277.1600036621094,281.17999267578125,277.5130920410156,792600
2024-11-22,VMC,VMC,281.3500061035156,284.9200134277344,280.0899963378906,284.6099853515625,280.8983459472656,503300
2024-11-25,VMC,VMC,285.95001220703125,291.8999938964844,285.6600036621094,290.3699951171875,286.583251953125,1066400
2024-11-26,VMC,VMC,289.8999938964844,290.5400085449219,285.9200134277344,288.3999938964844,284.6389465332031,577600
2024-11-27,VMC,VMC,290.07000732421875,291.69000244140625,285.6300048828125,286.3900146484375,282.65521240234375,386200
2024-11-29,VMC,VMC,287.9200134277344,289.1300048828125,287.0899963378906,288.1300048828125,284.3724670410156,355200
2024-12-02,VMC,VMC,288.32000732421875,288.32000732421875,285.0799865722656,287.04998779296875,283.30657958984375,579600
2024-12-03,VMC,VMC,287.260009765625,289.1199951171875,284.5899963378906,286.5,282.7637023925781,543100
2024-12-04,VMC,VMC,285.1300048828125,286.8900146484375,283.67999267578125,285.6499938964844,281.9248046875,616900
2024-12-05,VMC,VMC,285.0,289.2200012207031,282.1600036621094,287.6300048828125,283.8790283203125,765700
2024-12-06,VMC,VMC,288.2300109863281,289.2900085449219,285.70001220703125,286.8599853515625,283.1190185546875,1355200
2024-12-09,VMC,VMC,286.5899963378906,288.8500061035156,278.8299865722656,281.2300109863281,277.5625,672000
2024-12-10,VMC,VMC,279.45001220703125,281.010009765625,273.4200134277344,276.30999755859375,272.7066345214844,775400
2024-12-11,VMC,VMC,279.3900146484375,279.8999938964844,276.8299865722656,279.55999755859375,275.91424560546875,919200
2024-12-12,VMC,VMC,279.8999938964844,279.8999938964844,277.3800048828125,278.1099853515625,274.483154296875,689700
2024-12-13,VMC,VMC,277.9599914550781,278.67999267578125,274.0799865722656,275.7699890136719,272.1736755371094,492600
2024-12-16,VMC,VMC,276.19000244140625,278.42999267578125,274.3299865722656,277.0,273.38763427734375,595400
2024-12-17,VMC,VMC,275.3900146484375,276.2099914550781,272.1499938964844,272.6499938964844,269.0943908691406,774500
2024-12-18,VMC,VMC,272.55999755859375,277.6700134277344,264.7300109863281,264.8900146484375,261.43560791015625,976100
2024-12-19,VMC,VMC,265.8500061035156,267.6199951171875,259.989990234375,260.9200134277344,257.5173645019531,1061500
2024-12-20,VMC,VMC,259.19000244140625,265.82000732421875,258.3800048828125,263.1300048828125,259.6985168457031,2007300
2024-12-23,VMC,VMC,261.9800109863281,264.45001220703125,260.8900146484375,262.8699951171875,259.4419250488281,656800
2024-12-24,VMC,VMC,263.0,264.6700134277344,262.1400146484375,264.30999755859375,260.8631591796875,246300
2024-12-26,VMC,VMC,263.0400085449219,265.0,263.0400085449219,264.54998779296875,261.0999755859375,483000
2024-12-27,VMC,VMC,262.0,265.2300109863281,261.20001220703125,262.3599853515625,258.9385681152344,409300
2024-12-30,VMC,VMC,259.1199951171875,260.5299987792969,257.5199890136719,258.1600036621094,254.79331970214844,713500
2024-12-31,VMC,VMC,259.3299865722656,260.2799987792969,256.7099914550781,257.2300109863281,253.87545776367188,389200
2025-01-02,VMC,VMC,260.67999267578125,260.67999267578125,254.1199951171875,255.57000732421875,252.2371063232422,641800
2025-01-03,VMC,VMC,257.4700012207031,258.5799865722656,254.92999267578125,257.1300048828125,253.77676391601562,562500
2025-01-06,VMC,VMC,257.989990234375,261.3500061035156,256.80999755859375,257.3800048828125,254.02349853515625,640100
2025-01-07,VMC,VMC,255.75,257.8999938964844,250.39999389648438,251.97999572753906,248.69390869140625,779500
2025-01-08,VMC,VMC,251.89999389648438,256.0199890136719,250.52000427246094,255.27999877929688,251.9508819580078,605000
2025-01-10,VMC,VMC,253.0,253.0,249.72000122070312,251.69000244140625,248.40773010253906,506700
2025-01-13,VMC,VMC,249.6999969482422,256.25,249.36000061035156,256.0299987792969,252.6911163330078,732800
2025-01-14,VMC,VMC,258.17999267578125,260.6400146484375,257.0799865722656,260.07000732421875,256.6784362792969,531200
2025-01-15,VMC,VMC,266.5299987792969,268.9200134277344,266.3699951171875,268.19000244140625,264.6925048828125,948800
2025-01-16,VMC,VMC,268.0,269.739990234375,267.0899963378906,269.1700134277344,265.6597595214844,590400
2025-01-17,VMC,VMC,270.79998779296875,272.5299987792969,269.32000732421875,270.1000061035156,266.57763671875,668200
2025-01-21,VMC,VMC,275.3900146484375,279.2200012207031,273.82000732421875,275.5299987792969,271.9367980957031,897700
2025-01-22,VMC,VMC,273.25,275.8500061035156,270.05999755859375,274.3800048828125,270.80181884765625,597800
2025-01-23,VMC,VMC,275.29998779296875,275.79998779296875,273.25,274.8299865722656,271.2459411621094,536700
2025-01-24,VMC,VMC,275.6000061035156,277.8699951171875,274.6700134277344,277.5400085449219,273.92059326171875,749800
2025-01-27,VMC,VMC,274.30999755859375,275.5899963378906,273.2799987792969,274.989990234375,271.4038391113281,667200
2025-01-28,VMC,VMC,276.20001220703125,279.05999755859375,273.45001220703125,275.1000061035156,271.5124206542969,543600
2025-01-29,VMC,VMC,275.5799865722656,276.0,272.04998779296875,272.20001220703125,268.6502685546875,623600
2025-01-30,VMC,VMC,273.57000732421875,277.1400146484375,272.8800048828125,276.3599853515625,272.7559509277344,575600
2025-01-31,VMC,VMC,276.69000244140625,277.3999938964844,273.8299865722656,274.1499938964844,270.5747985839844,719600
2025-02-03,VMC,VMC,270.32000732421875,272.5,267.2699890136719,271.1600036621094,267.62384033203125,961800
2025-02-04,VMC,VMC,273.3599853515625,273.9599914550781,271.1400146484375,272.07000732421875,268.5219421386719,629600
2025-02-05,VMC,VMC,274.2900085449219,274.67999267578125,271.42999267578125,274.3299865722656,270.7524719238281,758200
2025-02-06,VMC,VMC,276.54998779296875,277.989990234375,274.2099914550781,277.2099914550781,273.5948791503906,710600
2025-02-07,VMC,VMC,276.760009765625,277.7300109863281,272.4200134277344,272.9200134277344,269.3608703613281,486300
2025-02-10,VMC,VMC,274.3500061035156,274.4599914550781,268.20001220703125,268.55999755859375,265.05767822265625,616600
2025-02-11,VMC,VMC,266.8299865722656,269.19000244140625,265.5199890136719,267.7699890136719,264.2779846191406,893200
2025-02-12,VMC,VMC,255.3300018310547,266.6400146484375,253.5399932861328,263.80999755859375,260.36962890625,1091000
2025-02-13,VMC,VMC,265.8399963378906,269.8599853515625,264.260009765625,269.3299865722656,265.8176574707031,934700
2025-02-14,VMC,VMC,270.239990234375,272.2699890136719,267.7699890136719,270.4599914550781,266.9329528808594,927800
2025-02-18,VMC,VMC,280.1499938964844,280.3299865722656,271.1400146484375,272.760009765625,269.20294189453125,1433300
2025-02-19,VMC,VMC,266.54998779296875,270.1199951171875,263.30999755859375,264.9700012207031,261.5144958496094,1071800
2025-02-20,VMC,VMC,263.5,263.7200012207031,256.510009765625,258.5899963378906,255.2177276611328,708800
2025-02-21,VMC,VMC,260.67999267578125,260.67999267578125,251.30999755859375,252.86000061035156,249.56243896484375,782600
2025-02-24,VMC,VMC,253.3699951171875,254.58999633789062,250.97999572753906,251.55999755859375,248.27940368652344,866000
2025-02-25,VMC,VMC,251.61000061035156,252.9600067138672,246.1699981689453,249.7899932861328,246.532470703125,1313500
2025-02-26,VMC,VMC,250.05999755859375,253.6300048828125,249.52999877929688,250.52999877929688,247.26283264160156,692900
2025-02-27,VMC,VMC,249.24000549316406,252.24000549316406,245.08999633789062,245.1199951171875,241.92337036132812,720500
2025-02-28,VMC,VMC,247.6999969482422,248.4600067138672,243.25,247.30999755859375,244.08480834960938,1009700
2025-03-03,VMC,VMC,249.72000122070312,250.44000244140625,238.85000610351562,239.77000427246094,236.64312744140625,1224600
2025-03-04,VMC,VMC,237.33999633789062,239.58999633789062,228.1699981689453,234.86000061035156,231.79718017578125,1547600
2025-03-05,VMC,VMC,237.07000732421875,241.82000732421875,234.41000366210938,240.35000610351562,237.21560668945312,1330000
2025-03-06,VMC,VMC,238.0,238.60000610351562,233.02999877929688,235.1699981689453,232.10311889648438,1429800
2025-03-07,VMC,VMC,233.19000244140625,233.69000244140625,218.7100067138672,220.89999389648438,218.0192413330078,3778900
2025-03-10,VMC,VMC,217.3800048828125,222.60000610351562,215.0800018310547,221.33999633789062,218.93914794921875,3326400
2025-03-11,VMC,VMC,219.94000244140625,225.88999938964844,218.8300018310547,224.7100067138672,222.27259826660156,1883900
2025-03-12,VMC,VMC,227.30999755859375,228.83999633789062,224.75999450683594,227.1699981689453,224.70590209960938,1581600
2025-03-13,VMC,VMC,226.0500030517578,227.97000122070312,224.0,225.0399932861328,222.59902954101562,1604400
2025-03-14,VMC,VMC,227.9499969482422,232.25999450683594,225.4499969482422,231.32000732421875,228.8109130859375,1241200
2025-03-17,VMC,VMC,231.61000061035156,236.44000244140625,231.61000061035156,235.0800018310547,232.5301055908203,1142500
2025-03-18,VMC,VMC,235.0399932861328,237.47000122070312,233.86000061035156,236.5,233.93472290039062,1148100
2025-03-19,VMC,VMC,238.8699951171875,242.91000366210938,237.1699981689453,241.11000061035156,238.4947052001953,1147300
2025-03-20,VMC,VMC,238.7899932861328,245.49000549316406,238.60000610351562,238.72000122070312,236.13063049316406,1203600
2025-03-21,VMC,VMC,236.82000732421875,237.6999969482422,232.32000732421875,234.0800018310547,231.54095458984375,2063000
2025-03-24,VMC,VMC,237.55999755859375,241.57000732421875,236.1999969482422,240.80999755859375,238.1979522705078,834600
2025-03-25,VMC,VMC,240.07000732421875,241.19000244140625,237.92999267578125,240.97999572753906,238.36611938476562,689900
2025-03-26,VMC,VMC,241.4600067138672,243.3000030517578,236.69000244140625,237.05999755859375,234.48863220214844,774200
2025-03-27,VMC,VMC,236.0,239.77000427246094,233.25999450683594,237.5399932861328,234.9634246826172,950000
2025-03-28,VMC,VMC,236.82000732421875,236.82000732421875,230.19000244140625,232.94000244140625,230.413330078125,1009800
2025-03-31,VMC,VMC,231.27999877929688,234.3699951171875,225.0,233.3000030517578,230.7694091796875,1488600
2025-04-01,VMC,VMC,231.52999877929688,237.55999755859375,229.39999389648438,237.27000427246094,234.69638061523438,903600
2025-04-02,VMC,VMC,234.05999755859375,242.3800048828125,234.05999755859375,240.10000610351562,237.4956512451172,708100
2025-04-03,VMC,VMC,228.5,238.19000244140625,228.5,237.17999267578125,234.60733032226562,2269600
2025-04-04,VMC,VMC,231.3000030517578,235.82000732421875,225.1300048828125,230.74000549316406,228.23719787597656,2850900
2025-04-07,VMC,VMC,225.67999267578125,238.44000244140625,219.16000366210938,228.52999877929688,226.0511474609375,2754100
2025-04-08,VMC,VMC,233.6999969482422,236.66000366210938,222.44000244140625,226.49000549316406,224.0332794189453,2328200
2025-04-09,VMC,VMC,224.24000549316406,244.0800018310547,218.8699951171875,239.52999877929688,236.93182373046875,2644900
2025-04-10,VMC,VMC,236.14999389648438,240.14999389648438,229.3000030517578,235.5800018310547,233.0247039794922,1527300
2025-04-11,VMC,VMC,235.22000122070312,243.42999267578125,232.86000061035156,242.3000030517578,239.67178344726562,1636300
2025-04-14,VMC,VMC,244.4199981689453,245.7100067138672,240.64999389648438,243.47999572753906,240.8389892578125,1121200
2025-04-15,VMC,VMC,244.5,247.8800048828125,243.39999389648438,244.52999877929688,241.8776092529297,788200
2025-04-16,VMC,VMC,242.05999755859375,244.3000030517578,237.88999938964844,240.5500030517578,237.94078063964844,528200
2025-04-17,VMC,VMC,240.16000366210938,243.75999450683594,239.0800018310547,241.92999267578125,239.30581665039062,643500
2025-04-21,VMC,VMC,240.19000244140625,240.38999938964844,231.75999450683594,234.1699981689453,231.62998962402344,622600
2025-04-22,VMC,VMC,238.52999877929688,241.44000244140625,236.8800048828125,240.57000732421875,237.9605712890625,885700
2025-04-23,VMC,VMC,246.2100067138672,249.9499969482422,243.52999877929688,244.5399932861328,241.8874969482422,765200
2025-04-24,VMC,VMC,243.72999572753906,250.24000549316406,242.72000122070312,249.50999450683594,246.8035888671875,748400
2025-04-25,VMC,VMC,249.24000549316406,249.24000549316406,245.44000244140625,247.0399932861328,244.36036682128906,695200
2025-04-28,VMC,VMC,246.97999572753906,247.36000061035156,243.02999877929688,245.38999938964844,242.728271484375,818800
2025-04-29,VMC,VMC,245.19000244140625,246.89999389648438,241.91000366210938,245.35000610351562,242.688720703125,1199700
2025-04-30,VMC,VMC,253.0,263.9700012207031,247.60000610351562,262.3299865722656,259.4845275878906,2343600
2025-05-01,VMC,VMC,264.010009765625,266.3699951171875,262.7099914550781,263.6300048828125,260.77044677734375,1496600
2025-05-02,VMC,VMC,265.0,268.9200134277344,264.8299865722656,267.04998779296875,264.1533203125,1010700
2025-05-05,VMC,VMC,266.1499938964844,272.0899963378906,263.6700134277344,270.0400085449219,267.1109313964844,880900
2025-05-06,VMC,VMC,265.0899963378906,269.9200134277344,265.0,267.239990234375,264.3412780761719,658300
2025-05-07,VMC,VMC,268.4200134277344,268.739990234375,264.8699951171875,265.8399963378906,262.9564514160156,638000
2025-05-08,VMC,VMC,267.7300109863281,271.0799865722656,266.7699890136719,268.4200134277344,265.5085144042969,637700
2025-05-09,VMC,VMC,268.7200012207031,270.0,266.8299865722656,269.6300048828125,266.70538330078125,508300
2025-05-12,VMC,VMC,278.1199951171875,278.1400146484375,270.6700134277344,272.3599853515625,269.4057312011719,1377600
2025-05-13,VMC,VMC,272.7699890136719,273.7200012207031,268.0199890136719,268.5899963378906,265.6766357421875,1224300
2025-05-14,VMC,VMC,268.05999755859375,268.6300048828125,265.3999938964844,266.32000732421875,263.4312438964844,1065600
2025-05-15,VMC,VMC,266.54998779296875,271.7699890136719,265.07000732421875,271.07000732421875,268.1297607421875,811400
2025-05-16,VMC,VMC,273.45001220703125,276.29998779296875,272.1600036621094,275.510009765625,272.5215759277344,812200
2025-05-19,VMC,VMC,272.3500061035156,276.739990234375,271.82000732421875,276.010009765625,273.01617431640625,750100
2025-05-20,VMC,VMC,271.92999267578125,274.3999938964844,271.5,273.3299865722656,270.365234375,651200
2025-05-21,VMC,VMC,270.3599853515625,274.54998779296875,270.1099853515625,270.5400085449219,267.60546875,695600
2025-05-22,VMC,VMC,270.3399963378906,272.8999938964844,268.1099853515625,271.67999267578125,268.7331237792969,934800
2025-05-23,VMC,VMC,268.3599853515625,270.1300048828125,266.6300048828125,268.19000244140625,265.7602844238281,816400
2025-05-27,VMC,VMC,271.2300109863281,272.0199890136719,267.8299865722656,270.1600036621094,267.71246337890625,2494500
2025-05-28,VMC,VMC,270.1400146484375,270.1400146484375,261.2699890136719,262.5299987792969,260.1515808105469,2022400
2025-05-29,VMC,VMC,263.0,265.739990234375,262.1099853515625,265.30999755859375,262.9064025878906,2118500
2025-05-30,VMC,VMC,263.6600036621094,265.8999938964844,261.489990234375,265.07000732421875,262.6685485839844,1480900
2025-06-02,VMC,VMC,262.3299865722656,263.6000061035156,259.94000244140625,263.3800048828125,260.9938659667969,818100
2025-06-03,VMC,VMC,263.3900146484375,265.3299865722656,261.5299987792969,264.94000244140625,262.5397033691406,1095000
2025-06-04,VMC,VMC,264.75,266.5899963378906,264.3299865722656,266.0799865722656,263.6694030761719,973600
2025-06-05,VMC,VMC,266.7300109863281,266.7300109863281,262.7300109863281,265.6700134277344,263.2631530761719,724400
2025-06-06,VMC,VMC,267.5799865722656,267.80999755859375,264.1099853515625,264.80999755859375,262.4109191894531,729700
2025-06-09,VMC,VMC,266.3500061035156,267.3999938964844,262.94000244140625,266.0,263.5901184082031,655900
2025-06-10,VMC,VMC,265.79998779296875,266.989990234375,264.0199890136719,265.1000061035156,262.6982727050781,694100
2025-06-11,VMC,VMC,266.5299987792969,267.4200134277344,260.2799987792969,261.1199951171875,258.75433349609375,718000
2025-06-12,VMC,VMC,260.3999938964844,266.2799987792969,259.69000244140625,265.5299987792969,263.1243591308594,844700
2025-06-13,VMC,VMC,261.7799987792969,263.989990234375,259.239990234375,260.7699890136719,258.4075012207031,621700
2025-06-16,VMC,VMC,261.82000732421875,263.25,260.1400146484375,261.17999267578125,258.8138427734375,664600
2025-06-17,VMC,VMC,260.17999267578125,261.19000244140625,258.3599853515625,259.0400085449219,256.69317626953125,662500
2025-06-18,VMC,VMC,258.0899963378906,261.760009765625,257.54998779296875,258.1400146484375,255.80133056640625,952700
2025-06-20,VMC,VMC,259.80999755859375,259.80999755859375,253.91000366210938,255.94000244140625,253.6212615966797,1953600
2025-06-23,VMC,VMC,256.1099853515625,261.2900085449219,254.94000244140625,261.0400085449219,258.675048828125,930400
2025-06-24,VMC,VMC,262.4100036621094,265.70001220703125,261.2300109863281,264.4800109863281,262.08392333984375,907300
2025-06-25,VMC,VMC,264.6199951171875,265.57000732421875,254.2100067138672,254.63999938964844,252.33303833007812,1434500
2025-06-26,VMC,VMC,255.5,258.55999755859375,253.39999389648438,256.9599914550781,254.63201904296875,901400
2025-06-27,VMC,VMC,258.260009765625,263.1099853515625,257.760009765625,262.17999267578125,259.80474853515625,2119900
2025-06-30,VMC,VMC,260.95001220703125,265.0,260.3699951171875,260.82000732421875,258.45709228515625,1097900
2025-07-01,VMC,VMC,259.79998779296875,267.760009765625,257.6600036621094,264.6700134277344,262.2721862792969,885000
2025-07-02,VMC,VMC,264.2799987792969,266.8299865722656,263.8999938964844,265.7099914550781,263.302734375,673700
2025-07-03,VMC,VMC,266.0,267.6199951171875,264.260009765625,266.239990234375,263.82794189453125,421700
2025-07-07,VMC,VMC,266.0899963378906,268.45001220703125,265.7699890136719,267.0,264.5810852050781,1003600
2025-07-08,VMC,VMC,266.5799865722656,267.8699951171875,265.07000732421875,266.45001220703125,264.03607177734375,628200
2025-07-09,VMC,VMC,266.45001220703125,270.0,265.1099853515625,269.95001220703125,267.50433349609375,750800
2025-07-10,VMC,VMC,269.3299865722656,272.0899963378906,268.82000732421875,270.7300109863281,268.27728271484375,974800
2025-07-11,VMC,VMC,267.7699890136719,269.1700134277344,264.7900085449219,269.0,266.56292724609375,1101600
2025-07-14,VMC,VMC,269.1600036621094,270.5400085449219,267.6600036621094,269.92999267578125,267.4844970703125,768600
2025-07-15,VMC,VMC,269.760009765625,271.0199890136719,260.7900085449219,261.55999755859375,259.1903381347656,1373500
2025-07-16,VMC,VMC,261.989990234375,262.1700134277344,255.3300018310547,260.6199951171875,258.2588806152344,1188400
2025-07-17,VMC,VMC,260.6700134277344,263.54998779296875,258.989990234375,263.010009765625,260.6272277832031,737400
2025-07-18,VMC,VMC,263.6700134277344,266.8800048828125,262.2099914550781,266.6000061035156,264.1846923828125,800200
2025-07-21,VMC,VMC,267.7200012207031,269.3500061035156,264.739990234375,265.010009765625,262.60906982421875,864500
2025-07-22,VMC,VMC,265.8999938964844,268.4599914550781,264.739990234375,267.7799987792969,265.35400390625,1233700
2025-07-23,VMC,VMC,269.3999938964844,270.0,267.5799865722656,269.1099853515625,266.67193603515625,649100
2025-07-24,VMC,VMC,268.8900146484375,272.1400146484375,268.4200134277344,271.4200134277344,268.9610290527344,706000
2025-07-25,VMC,VMC,271.6600036621094,275.1700134277344,271.010009765625,274.8299865722656,272.34014892578125,579700
2025-07-28,VMC,VMC,274.0,276.3999938964844,268.6700134277344,270.1099853515625,267.662841796875,1021600
2025-07-29,VMC,VMC,272.2699890136719,274.3299865722656,270.4599914550781,273.9200134277344,271.43841552734375,985600
2025-07-30,VMC,VMC,274.7900085449219,275.94000244140625,271.3299865722656,272.7699890136719,270.2987976074219,1416000
2025-07-31,VMC,VMC,266.0,276.0899963378906,263.1700134277344,274.6700134277344,272.1816101074219,2372300
2025-08-01,VMC,VMC,273.8399963378906,275.2799987792969,270.6400146484375,274.94000244140625,272.44915771484375,1442200
2025-08-04,VMC,VMC,278.07000732421875,284.94000244140625,277.2699890136719,281.8500061035156,279.2965393066406,1351500
2025-08-05,VMC,VMC,281.29998779296875,283.5899963378906,279.3599853515625,283.1700134277344,280.6046142578125,788700
2025-08-06,VMC,VMC,283.1499938964844,283.42999267578125,280.4800109863281,281.5899963378906,279.0389099121094,785500
2025-08-07,VMC,VMC,284.5,286.55999755859375,278.3900146484375,282.1000061035156,279.5442810058594,1039900
2025-08-08,VMC,VMC,283.0,287.739990234375,281.7699890136719,286.5199890136719,283.9241943359375,638400
2025-08-11,VMC,VMC,286.57000732421875,286.6099853515625,283.5899963378906,285.239990234375,282.6558532714844,976100
2025-08-12,VMC,VMC,285.9700012207031,292.8699951171875,284.44000244140625,291.8900146484375,289.24560546875,1070300
2025-08-13,VMC,VMC,293.3299865722656,296.1199951171875,289.9200134277344,295.6400146484375,292.9616394042969,1125700
2025-08-14,VMC,VMC,293.04998779296875,294.5799865722656,292.0799865722656,293.1000061035156,290.92681884765625,969200
2025-08-15,VMC,VMC,294.7699890136719,294.9800109863281,290.95001220703125,291.6199951171875,289.457763671875,789100
2025-08-18,VMC,VMC,291.6400146484375,292.6099853515625,289.80999755859375,289.8800048828125,287.730712890625,809300
2025-08-19,VMC,VMC,290.5199890136719,293.3900146484375,289.32000732421875,292.8399963378906,290.6687316894531,1023800
2025-08-20,VMC,VMC,291.3399963378906,291.75,283.6099853515625,286.2799987792969,284.1573791503906,1098100
2025-08-21,VMC,VMC,284.6099853515625,289.04998779296875,284.6099853515625,288.2799987792969,286.1425476074219,627300
2025-08-22,VMC,VMC,289.7099914550781,294.9599914550781,289.3599853515625,292.3999938964844,290.23199462890625,529900
2025-08-25,VMC,VMC,291.9800109863281,292.2799987792969,289.3599853515625,290.29998779296875,288.1475524902344,441800
2025-08-26,VMC,VMC,290.9800109863281,292.739990234375,289.8599853515625,291.20001220703125,289.0409240722656,839500
2025-08-27,VMC,VMC,290.0199890136719,291.3900146484375,289.95001220703125,291.1499938964844,288.99127197265625,578600
2025-08-28,VMC,VMC,291.1400146484375,291.6499938964844,288.82000732421875,291.1600036621094,289.0011901855469,323100
2025-08-29,VMC,VMC,291.19000244140625,292.3999938964844,289.4800109863281,291.1600036621094,289.0011901855469,609900
2025-09-02,VMC,VMC,288.4800109863281,292.79998779296875,287.30999755859375,292.489990234375,290.3213195800781,1143700
2025-09-03,VMC,VMC,292.5299987792969,292.5299987792969,286.79998779296875,288.04998779296875,285.91424560546875,875100
2025-09-04,VMC,VMC,289.239990234375,292.8999938964844,287.4700012207031,292.3299865722656,290.16253662109375,1131500
2025-09-05,VMC,VMC,293.6600036621094,295.260009765625,291.6099853515625,294.80999755859375,292.6241455078125,585200
2025-09-08,VMC,VMC,295.19000244140625,299.2900085449219,293.5199890136719,298.9100036621094,296.6937255859375,776200
2025-09-09,VMC,VMC,297.260009765625,298.7300109863281,290.8999938964844,292.44000244140625,290.27166748046875,713600
2025-09-10,VMC,VMC,292.80999755859375,295.6499938964844,291.8999938964844,294.42999267578125,292.2469482421875,473000
2025-09-11,VMC,VMC,296.20001220703125,302.2099914550781,295.8900146484375,301.6499938964844,299.4134216308594,808100
2025-09-12,VMC,VMC,299.8999938964844,300.79998779296875,294.4800109863281,294.94000244140625,292.753173828125,619800
2025-09-15,VMC,VMC,294.6600036621094,296.260009765625,293.3599853515625,294.0299987792969,291.84991455078125,592200
2025-09-16,VMC,VMC,294.4800109863281,295.7799987792969,291.2300109863281,291.9599914550781,289.79522705078125,732900
2025-09-17,VMC,VMC,292.20001220703125,297.1000061035156,290.0,292.25,290.0831298828125,679700
2025-09-18,VMC,VMC,291.79998779296875,300.3399963378906,291.6000061035156,298.5799865722656,296.3661804199219,622400
2025-09-19,VMC,VMC,300.1199951171875,300.6499938964844,295.6499938964844,297.7900085449219,295.58203125,1291300
2025-09-22,VMC,VMC,297.1499938964844,301.3500061035156,295.760009765625,298.8900146484375,296.67388916015625,730300
2025-09-23,VMC,VMC,299.6099853515625,301.3599853515625,296.42999267578125,297.5899963378906,295.383544921875,580600
2025-09-24,VMC,VMC,296.760009765625,297.7699890136719,291.4599914550781,293.80999755859375,291.63153076171875,759000
2025-09-25,VMC,VMC,291.7699890136719,295.44000244140625,290.0299987792969,294.760009765625,292.57452392578125,463500
2025-09-26,VMC,VMC,296.9700012207031,301.79998779296875,295.5299987792969,299.2900085449219,297.0709533691406,669800
2025-09-29,VMC,VMC,300.9800109863281,303.7900085449219,299.4800109863281,303.0199890136719,300.7732238769531,788600
2025-09-30,VMC,VMC,304.0,308.17999267578125,303.1099853515625,307.6199951171875,305.339111328125,765200
2025-10-01,VMC,VMC,307.3999938964844,309.1700134277344,298.8299865722656,301.6400146484375,299.4034729003906,1064500
2025-10-02,VMC,VMC,301.4800109863281,305.2099914550781,301.0,303.3699951171875,301.1206359863281,900000
2025-10-03,VMC,VMC,303.45001220703125,305.7900085449219,296.989990234375,304.70001220703125,302.4407958984375,620400
2025-10-06,VMC,VMC,304.0899963378906,306.9100036621094,301.010009765625,304.6700134277344,302.4110107421875,523100
2025-10-07,VMC,VMC,305.7799987792969,307.3900146484375,299.7699890136719,300.8999938964844,298.6689758300781,636100
2025-10-08,VMC,VMC,301.8999938964844,305.4800109863281,300.7300109863281,304.42999267578125,302.17279052734375,534200
2025-10-09,VMC,VMC,304.8599853515625,305.260009765625,301.260009765625,302.8999938964844,300.6541442871094,363300
2025-10-10,VMC,VMC,304.20001220703125,304.3500061035156,301.0299987792969,301.42999267578125,299.1950378417969,570900
2025-10-13,VMC,VMC,302.739990234375,305.20001220703125,301.57000732421875,302.75,300.5052795410156,588700
2025-10-14,VMC,VMC,301.6700134277344,310.69000244140625,301.55999755859375,309.07000732421875,306.77838134765625,858000
2025-10-15,VMC,VMC,309.55999755859375,311.739990234375,301.3599853515625,303.1000061035156,300.8526916503906,880800
2025-10-16,VMC,VMC,304.0400085449219,304.3500061035156,295.760009765625,296.2300109863281,294.0335998535156,791600
2025-10-17,VMC,VMC,295.45001220703125,297.0899963378906,293.5299987792969,295.3500061035156,293.16015625,675200
2025-10-20,VMC,VMC,297.5,298.0899963378906,292.92999267578125,295.4700012207031,293.2792053222656,671300
2025-10-21,VMC,VMC,295.5799865722656,299.30999755859375,293.6300048828125,297.57000732421875,295.3636779785156,689300
2025-10-22,VMC,VMC,297.57000732421875,299.1600036621094,292.2699890136719,293.6700134277344,291.49261474609375,733700
2025-10-23,VMC,VMC,292.42999267578125,295.2799987792969,291.94000244140625,292.05999755859375,289.8945007324219,664700
2025-10-24,VMC,VMC,294.17999267578125,296.2900085449219,292.3500061035156,292.739990234375,290.5694580078125,707800
2025-10-27,VMC,VMC,293.75,296.0,291.0400085449219,292.010009765625,289.8448791503906,700100
2025-10-28,VMC,VMC,290.95001220703125,293.8900146484375,290.510009765625,292.5899963378906,290.42059326171875,723100
2025-10-29,VMC,VMC,292.3500061035156,299.1099853515625,292.2200012207031,294.9700012207031,292.782958984375,1285800
2025-10-30,VMC,VMC,285.5,290.45001220703125,278.92999267578125,290.0,287.84979248046875,2616900
2025-10-31,VMC,VMC,287.80999755859375,291.5,285.1400146484375,289.5,287.353515625,1463000
2025-11-03,VMC,VMC,287.32000732421875,293.3999938964844,285.6700134277344,288.54998779296875,286.4105224609375,1976500
2025-11-04,VMC,VMC,289.2200012207031,294.19000244140625,285.30999755859375,292.260009765625,290.0930480957031,1830000
2025-11-05,VMC,VMC,290.6199951171875,296.0,283.70001220703125,285.1000061035156,282.98614501953125,1709600
2025-11-06,VMC,VMC,284.17999267578125,289.9599914550781,284.17999267578125,286.29998779296875,284.1772155761719,1450700
2025-11-07,VMC,VMC,283.8800048828125,289.989990234375,283.2300109863281,287.29998779296875,285.1697998046875,1688400
2025-11-10,VMC,VMC,287.2300109863281,295.3399963378906,286.44000244140625,292.8399963378906,291.1653137207031,1140700
2025-11-11,VMC,VMC,293.0,296.8500061035156,292.5299987792969,295.1000061035156,293.4123840332031,993900
2025-11-12,VMC,VMC,295.0,297.739990234375,294.010009765625,295.0899963378906,293.4024353027344,989300
2025-11-13,VMC,VMC,295.3699951171875,297.3299865722656,283.4200134277344,284.0899963378906,282.46533203125,1328200
2025-11-14,VMC,VMC,283.3699951171875,284.6700134277344,279.8500061035156,280.5799865722656,278.9754333496094,993200
2025-11-17,VMC,VMC,280.0400085449219,282.2300109863281,278.1199951171875,280.0799865722656,278.478271484375,1383500
2025-11-18,VMC,VMC,278.8599853515625,283.5199890136719,277.94000244140625,281.8699951171875,280.258056640625,921700
2025-11-19,VMC,VMC,283.5400085449219,285.32000732421875,280.1000061035156,284.2300109863281,282.6045837402344,953500
2025-11-20,VMC,VMC,287.1199951171875,291.3599853515625,285.8399963378906,285.9700012207031,284.3345947265625,1957200
2025-11-21,VMC,VMC,288.3500061035156,291.75,285.989990234375,287.8299865722656,286.1839599609375,1002100
2025-11-24,VMC,VMC,287.3900146484375,288.3999938964844,285.17999267578125,287.19000244140625,285.5476379394531,1215800
2025-11-25,VMC,VMC,289.0,293.0899963378906,287.0799865722656,292.7200012207031,291.0460205078125,846200
2025-11-26,VMC,VMC,292.17999267578125,296.6099853515625,292.05999755859375,295.0799865722656,293.39251708984375,718600
2025-11-28,VMC,VMC,295.8699951171875,297.6000061035156,294.9800109863281,297.239990234375,295.5401611328125,297900
2025-12-01,VMC,VMC,295.20001220703125,296.3500061035156,291.5799865722656,291.8500061035156,290.18096923828125,676700
2025-12-02,VMC,VMC,292.6600036621094,293.2200012207031,287.8699951171875,289.8399963378906,288.1824951171875,978300
2025-12-03,VMC,VMC,291.0,295.1300048828125,289.760009765625,292.5899963378906,290.916748046875,857800
2025-12-04,VMC,VMC,292.0,294.0,290.3399963378906,293.6499938964844,291.9706726074219,746200
2025-12-05,VMC,VMC,294.0299987792969,296.55999755859375,291.55999755859375,294.8699951171875,293.1836853027344,846400
2025-12-08,VMC,VMC,295.5799865722656,300.8699951171875,293.5400085449219,295.7799987792969,294.0885009765625,1093800
2025-12-09,VMC,VMC,295.0400085449219,297.0,290.6000061035156,291.0400085449219,289.3756103515625,676400
2025-12-10,VMC,VMC,290.489990234375,297.489990234375,289.57000732421875,296.7699890136719,295.0728454589844,727800
2025-12-11,VMC,VMC,297.9200134277344,303.75,296.82000732421875,299.2699890136719,297.55853271484375,900200
2025-12-12,VMC,VMC,299.3999938964844,300.1700134277344,292.489990234375,295.94000244140625,294.2475891113281,983500
2025-12-15,VMC,VMC,297.2200012207031,298.1000061035156,295.0899963378906,296.67999267578125,294.98333740234375,996800
2025-12-16,VMC,VMC,297.6600036621094,298.2799987792969,290.82000732421875,292.010009765625,290.340087890625,1071200
2025-12-17,VMC,VMC,290.3800048828125,290.3800048828125,280.6000061035156,285.4100036621094,283.7778015136719,1942500
2025-12-18,VMC,VMC,289.0899963378906,292.5,286.0199890136719,288.3399963378906,286.6910400390625,1225300
2025-12-19,VMC,VMC,289.1199951171875,293.1099853515625,287.32000732421875,291.8699951171875,290.20086669921875,2016100
2025-12-22,VMC,VMC,294.07000732421875,294.07000732421875,289.7900085449219,291.8800048828125,290.2108154296875,856600
2025-12-23,VMC,VMC,292.94000244140625,293.7799987792969,291.2300109863281,292.8399963378906,291.1653137207031,586500
2025-12-24,VMC,VMC,292.92999267578125,294.9700012207031,292.6199951171875,293.6400146484375,291.96075439453125,213200
2025-12-26,VMC,VMC,293.3299865722656,294.55999755859375,292.2699890136719,294.20001220703125,292.5175476074219,540600
2025-12-29,VMC,VMC,294.25,295.0799865722656,290.4200134277344,292.0199890136719,290.3500061035156,565600
2025-12-30,VMC,VMC,291.5199890136719,292.82000732421875,288.7300109863281,288.8800048828125,287.22796630859375,597300
2025-12-31,VMC,VMC,288.010009765625,289.0899963378906,285.1400146484375,285.2200012207031,283.58892822265625,621900
2026-01-02,VMC,VMC,285.0799865722656,294.7300109863281,284.2300109863281,292.6499938964844,290.97637939453125,1035200
2026-01-05,VMC,VMC,291.44000244140625,297.2799987792969,289.8800048828125,296.6700134277344,294.97344970703125,988300
2026-01-06,VMC,VMC,295.45001220703125,302.55999755859375,294.989990234375,299.8500061035156,298.13525390625,1015500
2026-01-07,VMC,VMC,301.69000244140625,302.7699890136719,291.7699890136719,292.1199951171875,290.4494323730469,1146200
2026-01-08,VMC,VMC,291.510009765625,299.75,290.010009765625,299.1300048828125,297.4193420410156,939200
2026-01-09,VMC,VMC,301.4100036621094,311.9200134277344,299.1499938964844,311.6199951171875,309.837890625,898600
2026-01-12,VMC,VMC,310.94000244140625,313.3699951171875,308.1099853515625,309.6199951171875,307.849365234375,846100
2026-01-13,VMC,VMC,309.010009765625,311.3599853515625,302.8800048828125,311.0400085449219,309.2612609863281,1080200
2026-01-14,VMC,VMC,305.5,309.95001220703125,297.739990234375,298.4800109863281,296.7730712890625,1592500
2026-01-15,VMC,VMC,301.6300048828125,304.7099914550781,299.8999938964844,301.7099914550781,299.984619140625,818800
2026-01-16,VMC,VMC,300.8599853515625,306.8599853515625,300.8599853515625,305.9700012207031,304.2202453613281,757900
2026-01-20,VMC,VMC,304.8399963378906,304.8399963378906,296.05999755859375,296.1499938964844,294.4563903808594,1054300
2026-01-21,VMC,VMC,298.82000732421875,301.0,294.989990234375,299.010009765625,297.3000793457031,972700
2026-01-22,VMC,VMC,301.4800109863281,306.5899963378906,298.0899963378906,303.2699890136719,301.5356750488281,938600
2026-01-23,VMC,VMC,302.1099853515625,304.6499938964844,297.95001220703125,300.07000732421875,298.3539733886719,659300
2026-01-26,VMC,VMC,301.42999267578125,302.45001220703125,298.92999267578125,300.3999938964844,298.6820983886719,500300
2026-01-27,VMC,VMC,300.989990234375,301.3599853515625,297.7099914550781,298.6700134277344,296.9620056152344,520900
2026-01-28,VMC,VMC,297.8299865722656,300.3900146484375,295.5899963378906,299.7300109863281,298.01593017578125,697500
2026-01-29,VMC,VMC,302.1199951171875,303.80999755859375,296.260009765625,299.4700012207031,297.7574157714844,698800
2026-01-30,VMC,VMC,297.010009765625,301.0,295.8399963378906,300.5400085449219,298.8212890625,977000
2026-02-02,VMC,VMC,301.8299865722656,307.4599914550781,301.8299865722656,305.9200134277344,304.1705322265625,991400
2026-02-03,VMC,VMC,307.7200012207031,318.6700134277344,307.6300048828125,311.010009765625,309.2314147949219,1427400
2026-02-04,VMC,VMC,313.29998779296875,314.04998779296875,306.6000061035156,311.489990234375,309.7086486816406,1581700
2026-02-05,VMC,VMC,312.6400146484375,314.8399963378906,307.8800048828125,310.760009765625,308.98284912109375,1428100
2026-02-06,VMC,VMC,315.0,324.55999755859375,312.20001220703125,323.7200012207031,321.86871337890625,992700
2026-02-09,VMC,VMC,322.07000732421875,327.8900146484375,321.5199890136719,327.32000732421875,325.4481506347656,1093600
2026-02-10,VMC,VMC,328.1199951171875,331.0899963378906,325.3999938964844,330.3699951171875,328.480712890625,948200
2026-02-11,VMC,VMC,327.3599853515625,329.010009765625,319.2799987792969,319.7799987792969,317.95123291015625,1576800
2026-02-12,VMC,VMC,322.6499938964844,325.54998779296875,317.8900146484375,321.9200134277344,320.0790100097656,1202300
2026-02-13,VMC,VMC,322.2200012207031,328.7900085449219,320.3599853515625,327.6499938964844,325.7762451171875,1394500
2026-02-17,VMC,VMC,295.95001220703125,311.3399963378906,294.7200012207031,302.2200012207031,300.4916687011719,2068200
2026-02-18,VMC,VMC,302.2200012207031,304.3299865722656,297.8299865722656,299.3599853515625,297.64801025390625,1584800
2026-02-19,VMC,VMC,298.2900085449219,304.0,297.0799865722656,302.8500061035156,301.11810302734375,1436900
2026-02-20,VMC,VMC,303.3699951171875,306.95001220703125,298.6600036621094,305.2900085449219,303.54412841796875,1631400
2026-02-23,VMC,VMC,303.0199890136719,311.1400146484375,300.489990234375,310.7900085449219,309.0126647949219,1284000
2026-02-24,VMC,VMC,311.80999755859375,318.1000061035156,309.5199890136719,317.8900146484375,316.07208251953125,1347600
2026-02-25,VMC,VMC,318.6000061035156,319.1499938964844,305.2799987792969,305.5299987792969,303.7827453613281,1345900
2026-02-26,VMC,VMC,307.0,309.739990234375,305.45001220703125,308.989990234375,307.22296142578125,945700
2026-02-27,VMC,VMC,305.7099914550781,311.7699890136719,304.67999267578125,310.0,308.2272033691406,1792000
2026-03-02,VMC,VMC,306.8500061035156,308.510009765625,301.6600036621094,306.20001220703125,304.4489440917969,1162100
2026-03-03,VMC,VMC,301.9700012207031,302.3999938964844,294.7300109863281,300.0,298.28436279296875,1095000
2026-03-04,VMC,VMC,297.3299865722656,297.8900146484375,292.54998779296875,295.9800109863281,294.2873840332031,1308400
2026-03-05,VMC,VMC,291.3399963378906,293.4800109863281,281.3500061035156,287.2300109863281,285.5874328613281,1693900
2026-03-06,VMC,VMC,281.5400085449219,282.70001220703125,273.8699951171875,274.989990234375,273.4173889160156,1535800
2026-03-09,VMC,VMC,271.80999755859375,274.3299865722656,266.80999755859375,274.3299865722656,273.2779235839844,1866600
2026-03-10,VMC,VMC,273.5,275.1300048828125,269.989990234375,272.0,270.9568786621094,1217000
2026-03-11,VMC,VMC,270.44000244140625,271.17999267578125,265.95001220703125,266.6000061035156,265.57757568359375,1348200
2026-03-12,VMC,VMC,263.1199951171875,267.80999755859375,255.0,263.80999755859375,262.79827880859375,2890100
2026-03-13,VMC,VMC,265.32000732421875,269.32000732421875,263.3599853515625,265.4200134277344,264.4021301269531,2018900
2026-03-16,VMC,VMC,269.3999938964844,271.0899963378906,265.489990234375,265.95001220703125,264.9300842285156,1160600
2026-03-17,VMC,VMC,268.54998779296875,269.739990234375,264.2300109863281,265.4599914550781,264.44195556640625,747800
2026-03-18,VMC,VMC,263.739990234375,263.739990234375,257.4100036621094,257.8599853515625,256.8710632324219,1354900
2026-03-19,VMC,VMC,254.14999389648438,257.4200134277344,252.35000610351562,257.0199890136719,256.0343322753906,1060500
2026-03-20,VMC,VMC,257.8500061035156,259.489990234375,254.85000610351562,258.3999938964844,257.4090270996094,2709000
2026-03-23,VMC,VMC,264.7799987792969,267.0799865722656,261.6499938964844,263.75,262.738525390625,1312000
2026-03-24,VMC,VMC,260.42999267578125,270.94000244140625,258.6600036621094,266.70001220703125,265.67718505859375,1699300
2026-03-25,VMC,VMC,270.9700012207031,271.6600036621094,263.5899963378906,269.5299987792969,268.496337890625,1121300
2026-03-26,VMC,VMC,267.30999755859375,271.8599853515625,265.80999755859375,266.5400085449219,265.517822265625,1186400
2026-03-27,VMC,VMC,266.5400085449219,266.7799987792969,260.9200134277344,261.4599914550781,260.4573059082031,1039600
2026-03-30,VMC,VMC,265.5299987792969,268.0299987792969,261.95001220703125,266.94000244140625,265.9162902832031,2452800
2026-03-31,VMC,VMC,267.8800048828125,273.7099914550781,264.54998779296875,272.29998779296875,271.2557067871094,1987900
2026-04-01,VMC,VMC,273.6000061035156,282.3299865722656,273.5400085449219,280.1300048828125,279.0556945800781,1964100
2026-04-02,VMC,VMC,276.2900085449219,284.5299987792969,275.4200134277344,279.8800048828125,278.806640625,1418200
2026-04-06,VMC,VMC,279.0,281.8399963378906,276.1099853515625,281.6300048828125,280.5499572753906,1056900
2026-04-07,VMC,VMC,279.3599853515625,280.5400085449219,275.6700134277344,277.8500061035156,276.7844543457031,1401700
2026-04-08,VMC,VMC,288.6700134277344,294.4100036621094,288.6300048828125,292.5799865722656,291.4579162597656,1103600
2026-04-09,VMC,VMC,290.7300109863281,294.80999755859375,288.7799987792969,293.0199890136719,291.896240234375,702700
2026-04-10,VMC,VMC,293.9800109863281,295.79998779296875,292.0400085449219,295.4800109863281,294.3468322753906,780400
2026-04-13,VMC,VMC,293.7099914550781,297.57000732421875,289.6199951171875,297.1499938964844,296.0104064941406,724400
2026-04-14,VMC,VMC,297.5799865722656,299.489990234375,296.4800109863281,296.8599853515625,295.72149658203125,591300
2026-04-15,VMC,VMC,296.0,296.2900085449219,290.5899963378906,291.25,290.1330261230469,793000
2026-04-16,VMC,VMC,291.5899963378906,293.05999755859375,284.5,285.7799987792969,284.68402099609375,736500
2026-04-17,VMC,VMC,289.2200012207031,297.510009765625,288.32000732421875,291.7099914550781,290.59124755859375,960100
2026-04-20,VMC,VMC,290.5799865722656,295.8500061035156,289.80999755859375,294.7699890136719,293.6395263671875,556900
2026-04-21,VMC,VMC,295.1199951171875,296.7099914550781,290.1000061035156,290.7200012207031,289.6051025390625,592900
2026-04-22,VMC,VMC,293.6499938964844,295.489990234375,289.1499938964844,290.1099853515625,288.9974060058594,656400
2026-04-23,VMC,VMC,291.8299865722656,294.1499938964844,288.0,292.7099914550781,291.58746337890625,605400
2026-04-24,VMC,VMC,291.0799865722656,294.3599853515625,289.3999938964844,292.07000732421875,290.94989013671875,699400
2026-04-27,VMC,VMC,291.1300048828125,295.510009765625,289.6700134277344,291.32000732421875,290.2027893066406,1164400
2026-04-28,VMC,VMC,291.7900085449219,292.57000732421875,287.05999755859375,291.4599914550781,290.3422546386719,1296000
2026-04-29,VMC,VMC,303.1199951171875,306.29998779296875,294.9800109863281,296.0799865722656,294.94451904296875,2056300
2026-04-30,VMC,VMC,295.8299865722656,303.9800109863281,293.9700012207031,301.739990234375,300.58282470703125,1611300
2026-05-01,VMC,VMC,303.1600036621094,303.17999267578125,295.010009765625,297.32000732421875,296.17974853515625,970100
2026-05-04,VMC,VMC,293.1300048828125,295.17999267578125,286.79998779296875,287.7200012207031,286.6165771484375,1427700
2026-05-05,VMC,VMC,288.92999267578125,294.79998779296875,288.6099853515625,291.510009765625,290.3920593261719,676600
2026-05-06,VMC,VMC,296.8399963378906,298.3500061035156,293.6300048828125,295.7200012207031,294.5859069824219,875800
2026-05-07,VMC,VMC,297.489990234375,298.75,288.8900146484375,288.92999267578125,287.8219299316406,792800
2026-05-08,VMC,VMC,290.5400085449219,291.0400085449219,282.79998779296875,283.7200012207031,282.6319274902344,1022400
2026-05-11,VMC,VMC,283.489990234375,284.5400085449219,279.80999755859375,282.70001220703125,281.6158447265625,928200
2026-05-12,VMC,VMC,282.2200012207031,282.6300048828125,277.8399963378906,279.3299865722656,278.2587585449219,900200
2026-05-13,VMC,VMC,277.8900146484375,280.05999755859375,272.8399963378906,274.5400085449219,273.4871520996094,1229100
2026-05-14,VMC,VMC,276.6000061035156,278.2300109863281,274.69000244140625,275.0899963378906,274.0350036621094,850700
2026-05-15,VMC,VMC,271.5,274.3999938964844,266.75,267.8299865722656,266.8028564453125,954700
2026-05-18,VMC,VMC,268.30999755859375,270.6700134277344,265.7699890136719,266.3299865722656,265.3086242675781,984400
2026-05-19,VMC,VMC,265.4800109863281,265.55999755859375,252.4199981689453,259.4599914550781,258.4649353027344,1497600
2026-05-20,VMC,VMC,259.2900085449219,264.3999938964844,258.0199890136719,263.260009765625,262.2503967285156,1202800
2026-05-21,VMC,VMC,260.2300109863281,263.5899963378906,258.2799987792969,262.0799865722656,261.07489013671875,701500
2026-05-22,VMC,VMC,263.0,264.0799865722656,257.8900146484375,260.6499938964844,260.1665954589844,803700
2026-05-26,VMC,VMC,262.4200134277344,270.80999755859375,261.2300109863281,268.94000244140625,268.44122314453125,1160800
2026-05-27,VMC,VMC,271.8900146484375,276.5799865722656,270.0199890136719,275.6499938964844,275.1387634277344,1223600
2026-05-28,VMC,VMC,274.5,278.489990234375,273.739990234375,276.75,276.2367248535156,1617100
2026-05-29,VMC,VMC,276.9599914550781,287.4200134277344,276.9599914550781,282.9200134277344,282.39532470703125,2057200
2026-06-01,VMC,VMC,278.69000244140625,284.20001220703125,275.489990234375,281.55999755859375,281.0378112792969,1415500
2026-06-02,VMC,VMC,278.5199890136719,285.8800048828125,278.5199890136719,281.8399963378906,281.3172912597656,1342400
2026-06-03,VMC,VMC,280.7699890136719,286.0799865722656,280.5,285.29998779296875,284.7708740234375,969400
2026-06-04,VMC,VMC,286.92999267578125,288.9800109863281,281.8900146484375,283.05999755859375,282.5350341796875,1091900
2026-06-05,VMC,VMC,283.7300109863281,285.55999755859375,280.3900146484375,281.3800048828125,280.858154296875,1416000
2026-06-08,VMC,VMC,279.2300109863281,280.70001220703125,269.5299987792969,269.9800109863281,269.47930908203125,1249700
2026-06-09,VMC,VMC,272.55999755859375,279.4200134277344,271.6300048828125,279.0,278.4825744628906,1322800
2026-06-10,VMC,VMC,280.510009765625,281.80999755859375,271.70001220703125,272.6700134277344,272.164306640625,1372400
2026-06-11,VMC,VMC,273.7300109863281,280.9599914550781,271.8599853515625,280.19000244140625,279.67034912109375,1559200
2026-06-12,VMC,VMC,284.7799987792969,288.6300048828125,280.94000244140625,286.4700012207031,285.938720703125,915100
2026-06-15,VMC,VMC,292.2900085449219,299.3699951171875,287.8699951171875,292.989990234375,292.4466247558594,1178400
2026-06-16,VMC,VMC,295.0199890136719,302.8699951171875,295.0199890136719,300.8299865722656,300.2720642089844,1383800
2026-06-17,VMC,VMC,299.05999755859375,305.2799987792969,293.0,294.82000732421875,294.2732238769531,1058100
2026-06-18,VMC,VMC,298.3299865722656,306.8599853515625,296.67999267578125,302.8399963378906,302.2783508300781,2011600
2026-06-22,VMC,VMC,300.6600036621094,307.0299987792969,298.57000732421875,304.3900146484375,303.82550048828125,968900
2026-06-23,VMC,VMC,301.75,305.1400146484375,299.0299987792969,299.0899963378906,298.5353088378906,878700
2026-06-24,VMC,VMC,302.010009765625,309.9200134277344,301.739990234375,307.2900085449219,306.7201232910156,1730900
2026-06-25,VMC,VMC,310.6499938964844,321.1600036621094,309.05999755859375,312.9700012207031,312.3895568847656,1111600
2026-06-26,VMC,VMC,313.70001220703125,314.7699890136719,307.0799865722656,311.3500061035156,310.7725830078125,1602800
2026-06-29,VMC,VMC,302.80999755859375,311.0,300.0,303.82000732421875,303.25653076171875,1448300
2026-06-30,VMC,VMC,305.6499938964844,306.989990234375,291.4200134277344,295.010009765625,294.462890625,1936800
2026-07-01,VMC,VMC,292.05999755859375,295.489990234375,286.8299865722656,295.0299987792969,294.48284912109375,1216900
2026-07-02,VMC,VMC,298.20001220703125,303.739990234375,295.510009765625,303.19000244140625,302.6277160644531,1340400
2026-07-06,VMC,VMC,304.6499938964844,305.8299865722656,299.8999938964844,304.8399963378906,304.2746276855469,785200
2026-07-07,VMC,VMC,305.0400085449219,305.0400085449219,294.9200134277344,299.8999938964844,299.34381103515625,1013600
2026-07-08,VMC,VMC,294.2300109863281,295.489990234375,284.6300048828125,286.5899963378906,286.0585021972656,1037200
2026-07-09,VMC,VMC,285.75,290.1400146484375,284.5,288.7300109863281,288.19451904296875,939100
2026-07-10,VMC,VMC,288.7699890136719,297.04998779296875,288.42999267578125,295.25,294.7024230957031,1493000
2026-07-13,VMC,VMC,294.6199951171875,298.3500061035156,290.9700012207031,292.7799987792969,292.23699951171875,802700
2026-07-14,VMC,VMC,295.8500061035156,299.739990234375,291.7099914550781,291.8900146484375,291.3486633300781,736200
2026-07-15,VMC,VMC,290.05999755859375,292.82000732421875,287.510009765625,289.1099853515625,288.57379150390625,701000
2026-07-16,VMC,VMC,287.30999755859375,295.3699951171875,287.30999755859375,293.4700012207031,292.92572021484375,621000
2026-07-17,VMC,VMC,291.0299987792969,298.8500061035156,287.05999755859375,288.3299865722656,287.7952575683594,689800
2026-07-20,VMC,VMC,290.9100036621094,293.42999267578125,278.8699951171875,280.6199951171875,280.09954833984375,1219600
2026-07-21,VMC,VMC,281.54998779296875,282.5199890136719,274.8299865722656,276.75,276.2367248535156,1027600
2026-07-22,VMC,VMC,277.17999267578125,281.0799865722656,276.75,277.8299865722656,277.3147277832031,725900
2026-07-23,VMC,VMC,275.4599914550781,277.9700012207031,272.42999267578125,274.92999267578125,274.42010498046875,824100
2026-07-24,VMC,VMC,275.5799865722656,280.7900085449219,274.44000244140625,279.70001220703125,279.1812744140625,797900
2026-07-27,VMC,VMC,284.7900085449219,287.2699890136719,282.6199951171875,284.489990234375,283.9623718261719,915900
2026-07-28,VMC,VMC,284.9200134277344,289.7900085449219,283.95001220703125,288.4200134277344,287.8851013183594,1432200
2026-07-29,VMC,VMC,298.57000732421875,300.6300048828125,283.0,283.9200134277344,283.3934631347656,1691800
2026-07-30,VMC,VMC,287.989990234375,289.54998779296875,271.0899963378906,271.239990234375,270.7369384765625,1783200
2026-07-31,VMC,VMC,268.67999267578125,273.0400085449219,266.67999267578125,268.57000732421875,268.0719299316406,1982900
2026-08-03,VMC,VMC,271.05999755859375,283.7300109863281,271.05999755859375,283.5899963378906,283.0640563964844,1520400
2026-08-04,VMC,VMC,286.6600036621094,287.4200134277344,281.9700012207031,285.1000061035156,284.5712585449219,1237200
2026-08-05,VMC,VMC,285.2799987792969,289.5,285.260009765625,286.7699890136719,286.2381591796875,733200
2026-08-06,VMC,VMC,286.0400085449219,286.95001220703125,280.42999267578125,281.6300048828125,281.1076965332031,960900
2026-08-07,VMC,VMC,280.2099914550781,287.3299865722656,280.2099914550781,284.69000244140625,284.1620178222656,1215300
2026-08-10,VMC,VMC,283.2799987792969,285.5299987792969,282.3999938964844,285.3399963378906,284.810791015625,774500
2026-08-11,VMC,VMC,285.04998779296875,289.3699951171875,283.8599853515625,287.7900085449219,287.25628662109375,694000
2026-08-12,VMC,VMC,288.2799987792969,288.3999938964844,279.8299865722656,280.3800048828125,279.8600158691406,723600
2026-08-13,VMC,VMC,281.92999267578125,283.2099914550781,277.05999755859375,277.5199890136719,277.5199890136719,606400
2026-08-14,VMC,VMC,282.0,282.1099853515625,277.1099853515625,282.0,282.0,658100
2026-08-17,VMC,VMC,280.30999755859375,282.7200012207031,277.04998779296875,278.1499938964844,278.1499938964844,702200
2026-08-18,VMC,VMC,278.0299987792969,278.07000732421875,270.1000061035156,271.6499938964844,271.6499938964844,725800
2026-08-19,VMC,VMC,274.3999938964844,279.1400146484375,272.489990234375,276.29998779296875,276.29998779296875,864100
2026-08-20,VMC,VMC,272.010009765625,275.1000061035156,270.4700012207031,270.6700134277344,270.6700134277344,583000
2026-08-21,VMC,VMC,272.8299865722656,277.79998779296875,270.9599914550781,276.0400085449219,276.0400085449219,903200
2026-08-24,VMC,VMC,276.5400085449219,280.54998779296875,274.05999755859375,275.94000244140625,275.94000244140625,826000
2026-08-25,VMC,VMC,281.0199890136719,281.19000244140625,273.07000732421875,274.0899963378906,274.0899963378906,632700
2026-08-26,VMC,VMC,274.7900085449219,277.6499938964844,272.3800048828125,273.739990234375,273.739990234375,874800
2026-08-27,VMC,VMC,271.2900085449219,275.7900085449219,270.260009765625,273.8500061035156,273.8500061035156,1168700
2026-08-28,VMC,VMC,275.9800109863281,278.2300109863281,270.42999267578125,274.510009765625,274.510009765625,714800
2026-08-31,VMC,VMC,272.8999938964844,273.739990234375,268.70001220703125,269.5799865722656,269.5799865722656,996100
2026-09-01,VMC,VMC,266.9800109863281,267.5799865722656,257.1700134277344,259.69000244140625,259.69000244140625,1672600
2026-09-02,VMC,VMC,260.2699890136719,266.8299865722656,259.5,263.92999267578125,263.92999267578125,1254700
2026-09-03,VMC,VMC,267.42999267578125,267.989990234375,259.6600036621094,260.2300109863281,260.2300109863281,1029400
2026-09-04,VMC,VMC,258.6000061035156,264.2699890136719,258.5899963378906,262.6300048828125,262.6300048828125,1113100
