Date,Symbol,DownloadSymbol,Open,High,Low,Close,Adj Close,Volume
2016-10-05,VST,VST,16.0,16.5,15.5,15.5,11.337632179260254,569700
2016-10-06,VST,VST,15.5,15.899999618530273,15.5,15.75,11.52049732208252,264900
2016-10-07,VST,VST,15.899999618530273,15.899999618530273,15.699999809265137,15.899999618530273,11.630218505859375,110900
2016-10-10,VST,VST,15.949999809265137,25.239999771118164,15.899999618530273,16.0,11.703359603881836,6300
2016-10-11,VST,VST,16.100000381469727,16.5,16.0,16.350000381469727,11.959373474121094,158400
2016-10-12,VST,VST,16.350000381469727,17.0,16.0,16.350000381469727,11.959373474121094,160500
2016-10-13,VST,VST,16.5,16.5,16.0,16.100000381469727,11.776510238647461,265800
2016-10-14,VST,VST,16.049999237060547,16.100000381469727,16.049999237060547,16.100000381469727,11.776510238647461,45500
2016-10-17,VST,VST,16.149999618530273,16.149999618530273,16.100000381469727,16.100000381469727,11.776510238647461,20600
2016-10-18,VST,VST,16.139999389648438,16.139999389648438,15.960000038146973,16.0,11.703359603881836,464300
2016-10-19,VST,VST,15.75,16.0,15.75,15.989999771118164,11.69604778289795,140400
2016-10-20,VST,VST,15.899999618530273,16.0,15.75,15.899999618530273,11.630218505859375,653900
2016-10-21,VST,VST,15.649999618530273,15.800000190734863,15.5,15.699999809265137,11.48392391204834,27500
2016-10-24,VST,VST,15.75,15.75,15.5,15.680000305175781,11.4692964553833,130300
2016-10-25,VST,VST,15.510000228881836,15.579999923706055,15.25,15.579999923706055,11.396150588989258,6200
2016-10-26,VST,VST,15.5,15.5,15.350000381469727,15.449999809265137,11.301061630249023,52300
2016-10-27,VST,VST,15.350000381469727,15.350000381469727,15.15999984741211,15.199999809265137,11.118193626403809,271100
2016-10-28,VST,VST,15.199999809265137,15.449999809265137,15.0,15.199999809265137,11.118193626403809,2185200
2016-10-31,VST,VST,15.25,15.25,15.0,15.199999809265137,11.118193626403809,25900
2016-11-01,VST,VST,15.0,15.0,14.899999618530273,15.0,10.97189998626709,11800
2016-11-02,VST,VST,14.800000190734863,14.800000190734863,13.5,13.600000381469727,9.947857856750488,9900
2016-11-03,VST,VST,13.75,13.800000190734863,13.600000381469727,13.600000381469727,9.947857856750488,122300
2016-11-04,VST,VST,13.600000381469727,14.0,13.600000381469727,14.0,10.240442276000977,603600
2016-11-07,VST,VST,14.100000381469727,14.25,14.100000381469727,14.100000381469727,10.313590049743652,2300
2016-11-08,VST,VST,14.0,14.25,13.899999618530273,14.199999809265137,10.386734008789062,335100
2016-11-09,VST,VST,13.899999618530273,14.149999618530273,13.899999618530273,14.050000190734863,10.277013778686523,106300
2016-11-10,VST,VST,14.100000381469727,14.229999542236328,14.100000381469727,14.229999542236328,10.408679962158203,2629000
2016-11-11,VST,VST,14.399999618530273,14.899999618530273,14.399999618530273,14.710000038146973,10.75977897644043,13400
2016-11-14,VST,VST,14.699999809265137,14.949999809265137,14.399999618530273,14.399999618530273,10.533028602600098,121500
2016-11-15,VST,VST,14.399999618530273,14.449999809265137,14.319999694824219,14.319999694824219,10.474508285522461,798600
2016-11-16,VST,VST,14.350000381469727,14.350000381469727,14.100000381469727,14.100000381469727,10.313590049743652,65600
2016-11-17,VST,VST,14.100000381469727,14.100000381469727,14.0,14.050000190734863,10.277013778686523,60400
2016-11-18,VST,VST,14.100000381469727,14.149999618530273,13.899999618530273,14.100000381469727,10.313590049743652,728700
2016-11-21,VST,VST,14.0,14.039999961853027,14.0,14.0,10.240442276000977,28000
2016-11-22,VST,VST,14.050000190734863,14.050000190734863,14.050000190734863,14.050000190734863,10.277013778686523,100000
2016-11-23,VST,VST,14.0,14.0,14.0,14.0,10.240442276000977,50000
2016-11-25,VST,VST,14.0,14.0,14.0,14.0,10.240442276000977,0
2016-11-28,VST,VST,14.050000190734863,14.149999618530273,14.050000190734863,14.149999618530273,10.350160598754883,500
2016-11-29,VST,VST,14.149999618530273,14.149999618530273,13.75,13.75,10.057574272155762,124600
2016-11-30,VST,VST,13.850000381469727,13.949999809265137,13.800000190734863,13.949999809265137,10.203866004943848,291500
2016-12-01,VST,VST,14.010000228881836,14.010000228881836,13.960000038146973,13.960000038146973,10.211183547973633,127300
2016-12-02,VST,VST,13.899999618530273,13.899999618530273,13.649999618530273,13.850000381469727,10.13072395324707,18400
2016-12-05,VST,VST,14.149999618530273,14.5,14.0,14.449999809265137,10.569597244262695,530600
2016-12-06,VST,VST,15.300000190734863,15.649999618530273,15.0,15.600000381469727,11.41077709197998,925600
2016-12-07,VST,VST,15.579999923706055,15.600000381469727,15.449999809265137,15.5,11.337632179260254,523700
2016-12-08,VST,VST,15.550000190734863,16.0,15.5,15.899999618530273,11.630218505859375,625800
2016-12-09,VST,VST,16.0,16.549999237060547,15.899999618530273,16.399999618530273,11.995944023132324,588400
2016-12-12,VST,VST,16.5,16.5,16.25,16.25,11.88622760772705,982700
2016-12-13,VST,VST,16.299999237060547,16.299999237060547,16.149999618530273,16.229999542236328,11.871598243713379,2901100
2016-12-14,VST,VST,16.19499969482422,16.299999237060547,16.0,16.280000686645508,11.908173561096191,2399400
2016-12-15,VST,VST,14.0,14.279999732971191,14.0,14.1899995803833,12.104365348815918,1151700
2016-12-16,VST,VST,14.1899995803833,14.199999809265137,14.0600004196167,14.0600004196167,11.993471145629883,70800
2016-12-19,VST,VST,14.100000381469727,14.229999542236328,13.960000038146973,14.229999542236328,12.138487815856934,1242500
2016-12-20,VST,VST,14.220000267028809,14.399999618530273,14.199999809265137,14.350000381469727,12.240849494934082,1128700
2016-12-21,VST,VST,14.380000114440918,14.4399995803833,14.300000190734863,14.350000381469727,12.240849494934082,607400
2016-12-22,VST,VST,14.350000381469727,14.449999809265137,14.239999771118164,14.289999961853027,12.189668655395508,525600
2016-12-23,VST,VST,14.25,14.399999618530273,14.220000267028809,14.385000228881836,12.270707130432129,35100
2016-12-27,VST,VST,14.449999809265137,15.029999732971191,14.449999809265137,15.0,12.79531192779541,149200
2016-12-28,VST,VST,15.010000228881836,15.25,14.949999809265137,15.0,12.79531192779541,121400
2016-12-29,VST,VST,15.0,15.600000381469727,15.0,15.5,13.221821784973145,414800
2016-12-30,VST,VST,15.5,15.800000190734863,15.460000038146973,15.5,13.221821784973145,72200
2017-01-03,VST,VST,15.5,15.5,15.149999618530273,15.359999656677246,13.102399826049805,3188000
2017-01-04,VST,VST,15.359999656677246,16.100000381469727,15.359999656677246,16.100000381469727,13.733636856079102,869100
2017-01-05,VST,VST,16.139999389648438,16.399999618530273,16.0,16.190000534057617,13.810408592224121,743200
2017-01-06,VST,VST,16.190000534057617,16.280000686645508,16.1200008392334,16.200000762939453,13.818939208984375,1096100
2017-01-09,VST,VST,16.19499969482422,16.299999237060547,15.899999618530273,15.899999618530273,13.563033103942871,655300
2017-01-10,VST,VST,15.90999984741211,15.949999809265137,15.84000015258789,15.850000381469727,13.520380020141602,169400
2017-01-11,VST,VST,15.850000381469727,16.25,15.579999923706055,15.670000076293945,13.366836547851562,660000
2017-01-12,VST,VST,15.739999771118164,16.0,15.6899995803833,16.0,13.648331642150879,278700
2017-01-13,VST,VST,16.040000915527344,16.649999618530273,16.040000915527344,16.450000762939453,14.03219223022461,191300
2017-01-17,VST,VST,16.579999923706055,16.889999389648438,16.399999618530273,16.850000381469727,14.37339973449707,903100
2017-01-18,VST,VST,16.850000381469727,17.100000381469727,16.770000457763672,17.049999237060547,14.544005393981934,1593400
2017-01-19,VST,VST,17.0,17.0,16.729999542236328,16.8799991607666,14.398987770080566,925000
2017-01-20,VST,VST,16.889999389648438,17.020000457763672,16.889999389648438,16.940000534057617,14.45017147064209,1252300
2017-01-23,VST,VST,16.950000762939453,17.049999237060547,16.770000457763672,16.950000762939453,14.458704948425293,1843200
2017-01-24,VST,VST,16.952999114990234,16.979999542236328,16.700000762939453,16.799999237060547,14.330753326416016,659400
2017-01-25,VST,VST,16.770000457763672,16.889999389648438,16.5,16.75,14.288100242614746,510500
2017-01-26,VST,VST,16.799999237060547,16.950000762939453,16.795000076293945,16.850000381469727,14.37339973449707,618200
2017-01-27,VST,VST,16.899999618530273,16.899999618530273,16.670000076293945,16.729999542236328,14.271037101745605,479500
2017-01-30,VST,VST,16.84000015258789,16.84000015258789,16.299999237060547,16.299999237060547,13.904241561889648,87900
2017-01-31,VST,VST,16.399999618530273,16.5,16.049999237060547,16.209999084472656,13.82746696472168,266400
2017-02-01,VST,VST,16.399999618530273,16.40999984741211,16.290000915527344,16.350000381469727,13.946889877319336,751100
2017-02-02,VST,VST,16.389999389648438,16.389999389648438,16.229999542236328,16.290000915527344,13.895709991455078,49900
2017-02-03,VST,VST,16.299999237060547,16.700000762939453,16.200000762939453,16.700000762939453,14.24544906616211,526500
2017-02-06,VST,VST,17.149999618530273,17.809999465942383,17.06999969482422,17.149999618530273,14.629304885864258,521100
2017-02-07,VST,VST,17.299999237060547,17.299999237060547,17.09000015258789,17.1200008392334,14.603714942932129,787700
2017-02-08,VST,VST,17.100000381469727,17.399999618530273,17.06999969482422,17.25,14.714611053466797,727800
2017-02-09,VST,VST,17.25,17.299999237060547,17.170000076293945,17.25,14.714611053466797,120100
2017-02-10,VST,VST,17.299999237060547,17.950000762939453,17.0,17.950000762939453,15.311723709106445,1072200
2017-02-13,VST,VST,17.850000381469727,17.899999618530273,17.5,17.75,15.141118049621582,506200
2017-02-14,VST,VST,17.75,17.770000457763672,17.670000076293945,17.700000762939453,15.098472595214844,543500
2017-02-15,VST,VST,17.719999313354492,17.75,17.649999618530273,17.649999618530273,15.055813789367676,283500
2017-02-16,VST,VST,17.700000762939453,17.700000762939453,17.399999618530273,17.399999618530273,14.842565536499023,267100
2017-02-17,VST,VST,17.399999618530273,17.399999618530273,17.149999618530273,17.350000381469727,14.79991340637207,180000
2017-02-21,VST,VST,17.350000381469727,17.350000381469727,17.100000381469727,17.1299991607666,14.612245559692383,1330900
2017-02-22,VST,VST,17.149999618530273,17.25,16.600000381469727,16.78499984741211,14.317955017089844,626800
2017-02-23,VST,VST,16.729999542236328,16.739999771118164,16.100000381469727,16.299999237060547,13.904241561889648,906900
2017-02-24,VST,VST,16.290000915527344,16.6200008392334,16.18000030517578,16.6200008392334,14.177204132080078,555100
2017-02-27,VST,VST,16.59000015258789,16.600000381469727,16.049999237060547,16.170000076293945,13.793347358703613,1063000
2017-02-28,VST,VST,16.239999771118164,16.239999771118164,16.1200008392334,16.15999984741211,13.784815788269043,82700
2017-03-01,VST,VST,16.15999984741211,16.600000381469727,16.15999984741211,16.299999237060547,13.904241561889648,151000
2017-03-02,VST,VST,16.350000381469727,16.559999465942383,16.200000762939453,16.200000762939453,13.818939208984375,201600
2017-03-03,VST,VST,16.18000030517578,16.299999237060547,16.18000030517578,16.260000228881836,13.87012004852295,550900
2017-03-06,VST,VST,16.299999237060547,16.299999237060547,16.0,16.170000076293945,13.793347358703613,1063000
2017-03-07,VST,VST,16.170000076293945,16.239999771118164,16.059999465942383,16.100000381469727,13.733636856079102,90800
2017-03-08,VST,VST,16.100000381469727,16.100000381469727,15.800000190734863,15.850000381469727,13.520380020141602,481700
2017-03-09,VST,VST,15.8100004196167,15.8100004196167,15.34000015258789,15.40999984741211,13.145051956176758,542700
2017-03-10,VST,VST,15.350000381469727,15.800000190734863,15.350000381469727,15.6899995803833,13.383896827697754,830900
2017-03-13,VST,VST,15.75,16.399999618530273,15.75,16.219999313354492,13.835997581481934,300600
2017-03-14,VST,VST,16.200000762939453,16.219999313354492,16.049999237060547,16.170000076293945,13.793347358703613,331300
2017-03-15,VST,VST,16.21500015258789,16.25,16.049999237060547,16.139999389648438,13.767752647399902,490300
2017-03-16,VST,VST,16.149999618530273,16.25,16.149999618530273,16.149999618530273,13.776288032531738,248000
2017-03-17,VST,VST,16.170000076293945,16.200000762939453,16.0,16.079999923706055,13.716572761535645,1420300
2017-03-20,VST,VST,16.09000015258789,16.219999313354492,16.079999923706055,16.200000762939453,13.818939208984375,167100
2017-03-21,VST,VST,16.239999771118164,16.239999771118164,15.949999809265137,16.0,13.648331642150879,891800
2017-03-22,VST,VST,16.0,16.0,15.800000190734863,15.850000381469727,13.520380020141602,506800
2017-03-23,VST,VST,15.970000267028809,16.0,15.729999542236328,15.729999542236328,13.41801643371582,514100
2017-03-24,VST,VST,15.75,16.0,15.734999656677246,15.800000190734863,13.477733612060547,548800
2017-03-27,VST,VST,15.779999732971191,15.869999885559082,15.770000457763672,15.850000381469727,13.520380020141602,859600
2017-03-28,VST,VST,15.84000015258789,15.960000038146973,15.84000015258789,15.899999618530273,13.563033103942871,2530900
2017-03-29,VST,VST,15.90999984741211,16.260000228881836,15.90999984741211,16.25,13.861588478088379,2384200
2017-03-30,VST,VST,16.549999237060547,16.600000381469727,15.989999771118164,16.280000686645508,13.887181282043457,3010900
2017-03-31,VST,VST,16.280000686645508,16.479999542236328,16.0,16.299999237060547,13.904241561889648,1458000
2017-04-03,VST,VST,16.489999771118164,16.5,16.0,16.350000381469727,13.946889877319336,720000
2017-04-04,VST,VST,16.309999465942383,16.489999771118164,16.309999465942383,16.489999771118164,14.066314697265625,924200
2017-04-05,VST,VST,16.459999084472656,16.530000686645508,16.420000076293945,16.479999542236328,14.057784080505371,120500
2017-04-06,VST,VST,16.5,16.5,16.3799991607666,16.40999984741211,13.998072624206543,66000
2017-04-07,VST,VST,16.399999618530273,16.459999084472656,16.06999969482422,16.25,13.861588478088379,135000
2017-04-10,VST,VST,16.290000915527344,16.299999237060547,16.229999542236328,16.25,13.861588478088379,154400
2017-04-11,VST,VST,16.239999771118164,16.25,16.070999145507812,16.149999618530273,13.776288032531738,78100
2017-04-12,VST,VST,16.1200008392334,16.1200008392334,15.979999542236328,16.0,13.648331642150879,221300
2017-04-13,VST,VST,16.0,16.209999084472656,16.0,16.170000076293945,13.793347358703613,367800
2017-04-17,VST,VST,16.184999465942383,16.219999313354492,15.899999618530273,15.979999542236328,13.631272315979004,1134100
2017-04-18,VST,VST,15.979999542236328,16.030000686645508,15.880000114440918,16.0,13.648331642150879,582200
2017-04-19,VST,VST,16.0,16.010000228881836,15.699999809265137,15.800000190734863,13.477733612060547,752600
2017-04-20,VST,VST,15.800000190734863,15.859999656677246,15.550000190734863,15.550000190734863,13.26447582244873,402100
2017-04-21,VST,VST,15.550000190734863,15.550000190734863,14.970000267028809,15.199999809265137,12.965914726257324,1135000
2017-04-24,VST,VST,15.190999984741211,15.600000381469727,15.15999984741211,15.479999542236328,13.20476245880127,344200
2017-04-25,VST,VST,15.529999732971191,15.550000190734863,15.350000381469727,15.449999809265137,13.179174423217773,614400
2017-04-26,VST,VST,15.425000190734863,15.649999618530273,15.399999618530273,15.630000114440918,13.332716941833496,640600
2017-04-27,VST,VST,15.630000114440918,15.649999618530273,15.199999809265137,15.220000267028809,12.982979774475098,536500
2017-04-28,VST,VST,15.317999839782715,15.329999923706055,14.949999809265137,14.949999809265137,12.752660751342773,629000
2017-05-01,VST,VST,15.0,15.050000190734863,14.930000305175781,14.979999542236328,12.778251647949219,530300
2017-05-02,VST,VST,15.0,15.020000457763672,14.5,14.59000015258789,12.445576667785645,735100
2017-05-03,VST,VST,14.59000015258789,14.9350004196167,14.59000015258789,14.6899995803833,12.530875205993652,770400
2017-05-04,VST,VST,14.71500015258789,14.800000190734863,14.609999656677246,14.619999885559082,12.471166610717773,692200
2017-05-05,VST,VST,14.710000038146973,15.239999771118164,14.710000038146973,15.029999732971191,12.820902824401855,1424300
2017-05-08,VST,VST,15.029999732971191,15.050000190734863,14.970000267028809,15.0,12.79531192779541,2124100
2017-05-09,VST,VST,15.0,15.020000457763672,14.970000267028809,15.010000228881836,12.80384349822998,2346700
2017-05-10,VST,VST,15.149999618530273,15.300000190734863,14.979999542236328,15.149999618530273,12.923264503479004,2299800
2017-05-11,VST,VST,15.100000381469727,15.350000381469727,15.0,15.319999694824219,13.068277359008789,3080400
2017-05-12,VST,VST,15.350000381469727,15.829999923706055,15.329999923706055,15.579999923706055,13.29006576538086,972700
2017-05-15,VST,VST,15.539999961853027,15.770000457763672,15.5,15.729999542236328,13.41801643371582,692600
2017-05-16,VST,VST,15.770000457763672,16.0,15.390000343322754,15.420000076293945,13.153583526611328,1235800
2017-05-17,VST,VST,15.470000267028809,15.670000076293945,15.029999732971191,15.09000015258789,12.872084617614746,1080900
2017-05-18,VST,VST,15.149999618530273,15.149999618530273,14.6899995803833,14.800000190734863,12.624706268310547,1413600
2017-05-19,VST,VST,15.25,15.300000190734863,14.5,15.039999961853027,12.829434394836426,5709800
2017-05-22,VST,VST,15.0,15.140000343322754,14.880000114440918,14.960000038146973,12.76119327545166,1442200
2017-05-23,VST,VST,14.949999809265137,15.005000114440918,14.850000381469727,15.0,12.79531192779541,1370200
2017-05-24,VST,VST,14.960000038146973,15.09000015258789,14.8100004196167,15.0,12.79531192779541,1953300
2017-05-25,VST,VST,14.970000267028809,15.029999732971191,14.805000305175781,14.850000381469727,12.667360305786133,2504400
2017-05-26,VST,VST,14.890000343322754,15.050000190734863,14.779999732971191,14.989999771118164,12.786783218383789,2107000
2017-05-30,VST,VST,14.949999809265137,14.989999771118164,14.760000228881836,14.920000076293945,12.727070808410645,1328500
2017-05-31,VST,VST,14.859999656677246,14.949999809265137,14.699999809265137,14.770000457763672,12.599116325378418,1114300
2017-06-01,VST,VST,14.75,14.954999923706055,14.75,14.90999984741211,12.718539237976074,1227000
2017-06-02,VST,VST,14.949999809265137,15.020000457763672,14.8100004196167,14.989999771118164,12.786783218383789,2294200
2017-06-05,VST,VST,15.1899995803833,15.520000457763672,15.100000381469727,15.260000228881836,13.017097473144531,4910400
2017-06-06,VST,VST,15.170000076293945,15.569999694824219,15.069999694824219,15.520000457763672,13.238883972167969,3637900
2017-06-07,VST,VST,15.5,15.789999961853027,15.350000381469727,15.680000305175781,13.37536907196045,4022700
2017-06-08,VST,VST,15.600000381469727,15.850000381469727,15.5600004196167,15.720000267028809,13.409488677978516,1957000
2017-06-09,VST,VST,15.789999961853027,15.979999542236328,15.670000076293945,15.800000190734863,13.477733612060547,1820300
2017-06-12,VST,VST,15.699999809265137,16.100000381469727,15.600000381469727,16.0,13.648331642150879,2991700
2017-06-13,VST,VST,15.989999771118164,16.479999542236328,15.989999771118164,16.350000381469727,13.946889877319336,3229900
2017-06-14,VST,VST,16.299999237060547,16.799999237060547,16.299999237060547,16.790000915527344,14.322226524353027,5430800
2017-06-15,VST,VST,16.68000030517578,16.84000015258789,16.510000228881836,16.600000381469727,14.160147666931152,2330000
2017-06-16,VST,VST,16.600000381469727,16.8799991607666,16.399999618530273,16.700000762939453,14.24544906616211,22643500
2017-06-19,VST,VST,16.639999389648438,16.790000915527344,16.6299991607666,16.700000762939453,14.24544906616211,2528300
2017-06-20,VST,VST,16.65999984741211,16.780000686645508,16.614999771118164,16.719999313354492,14.262506484985352,4076800
2017-06-21,VST,VST,16.719999313354492,16.739999771118164,16.604999542236328,16.700000762939453,14.24544906616211,2813800
2017-06-22,VST,VST,16.75,16.75,16.479999542236328,16.649999618530273,14.202794075012207,4504500
2017-06-23,VST,VST,16.739999771118164,16.90999984741211,16.600000381469727,16.75,14.288100242614746,20845100
2017-06-26,VST,VST,16.75,16.860000610351562,16.6200008392334,16.700000762939453,14.24544906616211,2591600
2017-06-27,VST,VST,16.700000762939453,16.850000381469727,16.665000915527344,16.700000762939453,14.24544906616211,2854200
2017-06-28,VST,VST,16.75,16.899999618530273,16.6299991607666,16.860000610351562,14.381930351257324,2770800
2017-06-29,VST,VST,16.850000381469727,16.8799991607666,16.690000534057617,16.700000762939453,14.24544906616211,3179800
2017-06-30,VST,VST,16.690000534057617,16.81999969482422,16.610000610351562,16.790000915527344,14.322226524353027,1450000
2017-07-03,VST,VST,16.860000610351562,17.040000915527344,16.790000915527344,17.010000228881836,14.509886741638184,880700
2017-07-05,VST,VST,17.0,17.0,16.649999618530273,16.739999771118164,14.279570579528809,1571800
2017-07-06,VST,VST,16.81999969482422,16.84000015258789,16.389999389648438,16.469999313354492,14.04925537109375,1432000
2017-07-07,VST,VST,16.639999389648438,16.65999984741211,16.329999923706055,16.440000534057617,14.023663520812988,1720600
2017-07-10,VST,VST,16.40999984741211,16.510000228881836,16.309999465942383,16.420000076293945,14.006601333618164,1290000
2017-07-11,VST,VST,16.3700008392334,16.489999771118164,16.15999984741211,16.440000534057617,14.023663520812988,1709400
2017-07-12,VST,VST,16.459999084472656,16.579999923706055,16.149999618530273,16.270000457763672,13.87864875793457,2418600
2017-07-13,VST,VST,16.309999465942383,16.309999465942383,15.789999961853027,15.880000114440918,13.545973777770996,1888500
2017-07-14,VST,VST,15.895000457763672,16.06999969482422,15.824999809265137,16.020000457763672,13.665395736694336,1298400
2017-07-17,VST,VST,16.0,16.084999084472656,15.859999656677246,15.960000038146973,13.614212989807129,1130000
2017-07-18,VST,VST,16.020000457763672,16.149999618530273,15.949999809265137,16.030000686645508,13.673925399780273,1715700
2017-07-19,VST,VST,15.960000038146973,16.149999618530273,15.890000343322754,15.960000038146973,13.614212989807129,836000
2017-07-20,VST,VST,16.049999237060547,16.260000228881836,15.90999984741211,16.200000762939453,13.818939208984375,1209100
2017-07-21,VST,VST,16.280000686645508,16.420000076293945,16.25,16.389999389648438,13.981012344360352,1038700
2017-07-24,VST,VST,16.31999969482422,16.75,16.200000762939453,16.600000381469727,14.160147666931152,1410700
2017-07-25,VST,VST,16.600000381469727,16.770000457763672,16.280000686645508,16.610000610351562,14.16867446899414,1975200
2017-07-26,VST,VST,16.610000610351562,16.68000030517578,16.389999389648438,16.510000228881836,14.083373069763184,1002400
2017-07-27,VST,VST,16.43000030517578,16.545000076293945,16.3700008392334,16.520000457763672,14.091906547546387,598300
2017-07-28,VST,VST,16.479999542236328,16.540000915527344,16.3700008392334,16.43000030517578,14.015132904052734,523800
2017-07-31,VST,VST,16.399999618530273,16.490999221801758,16.360000610351562,16.43000030517578,14.015132904052734,484600
2017-08-01,VST,VST,16.3799991607666,16.610000610351562,16.329999923706055,16.610000610351562,14.16867446899414,920900
2017-08-02,VST,VST,16.489999771118164,16.600000381469727,16.280000686645508,16.520000457763672,14.091906547546387,1092000
2017-08-03,VST,VST,16.600000381469727,16.649999618530273,16.084999084472656,16.18000030517578,13.801877975463867,1056600
2017-08-04,VST,VST,16.18000030517578,16.690000534057617,15.920000076293945,16.65999984741211,14.211326599121094,1611000
2017-08-07,VST,VST,16.690000534057617,17.09000015258789,16.690000534057617,17.020000457763672,14.518415451049805,744200
2017-08-08,VST,VST,16.950000762939453,17.219999313354492,16.850000381469727,17.190000534057617,14.663432121276855,1043500
2017-08-09,VST,VST,17.110000610351562,17.239999771118164,16.989999771118164,17.06999969482422,14.561068534851074,1450100
2017-08-10,VST,VST,17.020000457763672,17.170000076293945,16.950000762939453,17.0,14.501352310180664,1501500
2017-08-11,VST,VST,16.90999984741211,17.329999923706055,16.8799991607666,17.209999084472656,14.680486679077148,1166500
2017-08-14,VST,VST,17.209999084472656,17.5,17.06999969482422,17.3799991607666,14.825499534606934,1239900
2017-08-15,VST,VST,17.3799991607666,17.549999237060547,17.31999969482422,17.510000228881836,14.936394691467285,1405700
2017-08-16,VST,VST,17.450000762939453,17.700000762939453,17.40999984741211,17.65999984741211,15.064348220825195,1334300
2017-08-17,VST,VST,17.81999969482422,17.850000381469727,17.100000381469727,17.1200008392334,14.603714942932129,1558200
2017-08-18,VST,VST,17.18000030517578,17.625,17.09000015258789,17.540000915527344,14.961992263793945,1571900
2017-08-21,VST,VST,17.5,17.770000457763672,17.420000076293945,17.65999984741211,15.064348220825195,1076100
2017-08-22,VST,VST,17.65999984741211,17.770000457763672,17.540000915527344,17.68000030517578,15.08140754699707,947000
2017-08-23,VST,VST,17.639999389648438,17.790000915527344,17.639999389648438,17.719999313354492,15.115523338317871,825800
2017-08-24,VST,VST,17.700000762939453,17.760000228881836,17.635000228881836,17.649999618530273,15.055813789367676,858800
2017-08-25,VST,VST,17.75,17.790000915527344,17.639999389648438,17.75,15.141118049621582,729900
2017-08-28,VST,VST,17.799999237060547,17.799999237060547,17.709999084472656,17.760000228881836,15.149649620056152,955200
2017-08-29,VST,VST,17.59000015258789,17.799999237060547,17.59000015258789,17.709999084472656,15.106998443603516,689800
2017-08-30,VST,VST,17.690000534057617,17.739999771118164,17.299999237060547,17.360000610351562,14.808442115783691,858700
2017-08-31,VST,VST,17.350000381469727,17.709999084472656,17.30500030517578,17.700000762939453,15.098472595214844,792100
2017-09-01,VST,VST,17.68000030517578,18.079999923706055,17.68000030517578,17.84000015258789,15.217890739440918,2499100
2017-09-05,VST,VST,17.950000762939453,17.950000762939453,17.579999923706055,17.75,15.141118049621582,1172700
2017-09-06,VST,VST,17.739999771118164,17.854999542236328,17.68000030517578,17.770000457763672,15.158182144165039,758900
2017-09-07,VST,VST,17.68000030517578,17.920000076293945,17.68000030517578,17.8700008392334,15.243486404418945,912600
2017-09-08,VST,VST,17.860000610351562,17.93000030517578,17.15999984741211,17.649999618530273,15.055813789367676,1159600
2017-09-11,VST,VST,17.719999313354492,17.8700008392334,17.59000015258789,17.719999313354492,15.115523338317871,652300
2017-09-12,VST,VST,17.68000030517578,17.770000457763672,17.56999969482422,17.700000762939453,15.098472595214844,594100
2017-09-13,VST,VST,17.780000686645508,17.90999984741211,17.639999389648438,17.709999084472656,15.106998443603516,1663900
2017-09-14,VST,VST,17.670000076293945,17.989999771118164,17.540000915527344,17.799999237060547,15.183774948120117,1010300
2017-09-15,VST,VST,17.850000381469727,17.950000762939453,17.65999984741211,17.780000686645508,15.166708946228027,1880200
2017-09-18,VST,VST,17.809999465942383,18.0,17.690000534057617,17.989999771118164,15.345842361450195,2046300
2017-09-19,VST,VST,17.959999084472656,18.049999237060547,17.84000015258789,17.8799991607666,15.252009391784668,1584900
2017-09-20,VST,VST,18.049999237060547,18.309999465942383,17.969999313354492,18.219999313354492,15.542040824890137,1534000
2017-09-21,VST,VST,18.170000076293945,18.216999053955078,18.020000457763672,18.15999984741211,15.490854263305664,581200
2017-09-22,VST,VST,18.18000030517578,18.274999618530273,18.1299991607666,18.149999618530273,15.482330322265625,884600
2017-09-25,VST,VST,18.260000228881836,18.274999618530273,18.110000610351562,18.15999984741211,15.490854263305664,848800
2017-09-26,VST,VST,18.239999771118164,18.559999465942383,18.1299991607666,18.459999084472656,15.74676513671875,1247500
2017-09-27,VST,VST,18.489999771118164,18.850000381469727,18.420000076293945,18.700000762939453,15.951488494873047,1481700
2017-09-28,VST,VST,18.700000762939453,18.959999084472656,18.604999542236328,18.649999618530273,15.908836364746094,1769100
2017-09-29,VST,VST,18.65999984741211,18.899999618530273,18.579999923706055,18.690000534057617,15.942956924438477,1895300
2017-10-02,VST,VST,18.700000762939453,18.940000534057617,18.639999389648438,18.899999618530273,16.122093200683594,1875100
2017-10-03,VST,VST,19.200000762939453,19.25,18.700000762939453,18.899999618530273,16.122093200683594,3313000
2017-10-04,VST,VST,18.90999984741211,19.09000015258789,18.860000610351562,18.93000030517578,16.147686004638672,6352000
2017-10-05,VST,VST,18.969999313354492,19.329999923706055,18.93000030517578,19.1200008392334,16.309757232666016,4771000
2017-10-06,VST,VST,19.290000915527344,19.290000915527344,18.649999618530273,18.790000915527344,16.02825927734375,3453900
2017-10-09,VST,VST,18.8700008392334,18.950000762939453,18.690000534057617,18.93000030517578,16.147686004638672,1734300
2017-10-10,VST,VST,18.950000762939453,19.09000015258789,18.709999084472656,18.809999465942383,16.045324325561523,2102500
2017-10-11,VST,VST,18.729999542236328,19.010000228881836,18.719999313354492,19.010000228881836,16.215930938720703,1955100
2017-10-12,VST,VST,19.079999923706055,19.149999618530273,18.829999923706055,19.079999923706055,16.2756404876709,2087600
2017-10-13,VST,VST,19.149999618530273,19.15999984741211,18.829999923706055,19.0,16.207395553588867,1540800
2017-10-16,VST,VST,19.06999969482422,19.104999542236328,18.93000030517578,18.989999771118164,16.198863983154297,2834800
2017-10-17,VST,VST,19.030000686645508,19.100000381469727,18.850000381469727,19.010000228881836,16.215930938720703,1915800
2017-10-18,VST,VST,19.0,19.15999984741211,18.649999618530273,18.700000762939453,15.951488494873047,1511600
2017-10-19,VST,VST,18.600000381469727,18.84000015258789,18.440000534057617,18.829999923706055,16.06238555908203,1302100
2017-10-20,VST,VST,18.979999542236328,19.049999237060547,18.8799991607666,19.030000686645508,16.232982635498047,1608200
2017-10-23,VST,VST,19.020000457763672,19.579999923706055,19.020000457763672,19.479999542236328,16.616846084594727,1782700
2017-10-24,VST,VST,19.670000076293945,19.75,19.559999465942383,19.579999923706055,16.702150344848633,1925600
2017-10-25,VST,VST,19.649999618530273,20.440000534057617,19.440000534057617,20.31999969482422,17.33338737487793,6720100
2017-10-26,VST,VST,20.31999969482422,21.200000762939453,20.170000076293945,20.489999771118164,17.478395462036133,4931000
2017-10-27,VST,VST,20.469999313354492,20.65999984741211,20.170000076293945,20.299999237060547,17.316320419311523,3175400
2017-10-30,VST,VST,20.0,20.010000228881836,18.3700008392334,18.56999969482422,15.840599060058594,26446200
2017-10-31,VST,VST,18.719999313354492,19.56999969482422,18.610000610351562,19.440000534057617,16.582719802856445,11236700
2017-11-01,VST,VST,19.56999969482422,19.649999618530273,19.059999465942383,19.209999084472656,16.386531829833984,5730600
2017-11-02,VST,VST,19.219999313354492,19.450000762939453,18.55500030517578,19.1200008392334,16.309757232666016,6306100
2017-11-03,VST,VST,19.1200008392334,19.3700008392334,18.959999084472656,19.229999542236328,16.403594970703125,4222700
2017-11-06,VST,VST,19.270000457763672,19.469999313354492,19.139999389648438,19.360000610351562,16.514488220214844,3905200
2017-11-07,VST,VST,19.3799991607666,19.479999542236328,18.940000534057617,18.950000762939453,16.16474723815918,4194900
2017-11-08,VST,VST,19.0,19.020000457763672,18.834999084472656,18.8799991607666,16.105039596557617,5564100
2017-11-09,VST,VST,18.809999465942383,18.969999313354492,18.219999313354492,18.299999237060547,15.610283851623535,5514300
2017-11-10,VST,VST,18.260000228881836,18.690000534057617,18.239999771118164,18.610000610351562,15.874717712402344,6009500
2017-11-13,VST,VST,18.6299991607666,19.010000228881836,18.450000762939453,18.950000762939453,16.16474723815918,3810700
2017-11-14,VST,VST,18.979999542236328,19.399999618530273,18.969999313354492,19.18000030517578,16.360942840576172,7720500
2017-11-15,VST,VST,19.149999618530273,19.309999465942383,18.81999969482422,19.149999618530273,16.335350036621094,5911600
2017-11-16,VST,VST,19.219999313354492,19.260000228881836,18.899999618530273,18.979999542236328,16.19033432006836,6226300
2017-11-17,VST,VST,19.040000915527344,19.239999771118164,18.889999389648438,19.149999618530273,16.335350036621094,6946200
2017-11-20,VST,VST,19.149999618530273,19.170000076293945,18.850000381469727,18.93000030517578,16.147686004638672,3103300
2017-11-21,VST,VST,18.989999771118164,19.0049991607666,18.729999542236328,18.899999618530273,16.122093200683594,4769900
2017-11-22,VST,VST,18.969999313354492,19.454999923706055,18.969999313354492,19.440000534057617,16.582719802856445,3314800
2017-11-24,VST,VST,19.420000076293945,19.489999771118164,19.200000762939453,19.280000686645508,16.446245193481445,1959900
2017-11-27,VST,VST,19.31999969482422,19.31999969482422,18.850000381469727,19.020000457763672,16.224458694458008,5567000
2017-11-28,VST,VST,19.079999923706055,19.25,19.03499984741211,19.229999542236328,16.403594970703125,5034400
2017-11-29,VST,VST,19.170000076293945,19.280000686645508,18.84000015258789,19.149999618530273,16.335350036621094,6259500
2017-11-30,VST,VST,19.229999542236328,19.420000076293945,18.809999465942383,18.899999618530273,16.122093200683594,18083700
2017-12-01,VST,VST,18.8700008392334,19.06999969482422,18.540000915527344,18.729999542236328,15.977084159851074,6515400
2017-12-04,VST,VST,18.829999923706055,18.860000610351562,18.40999984741211,18.56999969482422,15.840599060058594,6615100
2017-12-05,VST,VST,18.520000457763672,18.540000915527344,17.579999923706055,17.809999465942383,15.19229793548584,5591800
2017-12-06,VST,VST,17.84000015258789,17.889999389648438,17.350000381469727,17.510000228881836,14.936394691467285,5073200
2017-12-07,VST,VST,17.520000457763672,17.81999969482422,17.354999542236328,17.770000457763672,15.158182144165039,4589200
2017-12-08,VST,VST,17.760000228881836,17.860000610351562,17.530000686645508,17.75,15.141118049621582,2862700
2017-12-11,VST,VST,17.719999313354492,18.149999618530273,17.719999313354492,18.110000610351562,15.448208808898926,5689700
2017-12-12,VST,VST,18.139999389648438,18.350000381469727,17.93000030517578,18.06999969482422,15.414090156555176,4216200
2017-12-13,VST,VST,17.950000762939453,18.010000228881836,17.100000381469727,17.450000762939453,14.885212898254395,6053500
2017-12-14,VST,VST,17.31999969482422,17.510000228881836,17.149999618530273,17.239999771118164,14.706080436706543,4332500
2017-12-15,VST,VST,17.209999084472656,17.469999313354492,17.209999084472656,17.309999465942383,14.765789985656738,5321600
2017-12-18,VST,VST,17.270000457763672,17.829999923706055,17.270000457763672,17.790000915527344,15.175246238708496,3594900
2017-12-19,VST,VST,17.829999923706055,18.18000030517578,17.719999313354492,18.0,15.354377746582031,4859500
2017-12-20,VST,VST,18.110000610351562,18.459999084472656,18.059999465942383,18.15999984741211,15.490854263305664,4206600
2017-12-21,VST,VST,18.200000762939453,18.399999618530273,18.06999969482422,18.15999984741211,15.490854263305664,6193900
2017-12-22,VST,VST,18.100000381469727,18.200000762939453,17.834999084472656,17.979999542236328,15.33731460571289,4314700
2017-12-26,VST,VST,17.979999542236328,18.1200008392334,17.719999313354492,17.739999771118164,15.13259220123291,3764100
2017-12-27,VST,VST,17.770000457763672,18.1299991607666,17.770000457763672,17.850000381469727,15.226423263549805,3263000
2017-12-28,VST,VST,17.84000015258789,18.014999389648438,17.739999771118164,17.90999984741211,15.27760124206543,3391900
2017-12-29,VST,VST,17.899999618530273,18.530000686645508,17.8799991607666,18.31999969482422,15.627336502075195,4558300
2018-01-02,VST,VST,18.260000228881836,18.43000030517578,18.1200008392334,18.420000076293945,15.712639808654785,3790700
2018-01-03,VST,VST,18.479999542236328,18.829999923706055,18.31999969482422,18.469999313354492,15.755293846130371,4049700
2018-01-04,VST,VST,18.450000762939453,18.979999542236328,18.399999618530273,18.489999771118164,15.772356986999512,4480500
2018-01-05,VST,VST,18.559999465942383,18.700000762939453,18.299999237060547,18.68000030517578,15.934432029724121,2765500
2018-01-08,VST,VST,18.68000030517578,18.84000015258789,18.514999389648438,18.700000762939453,15.951488494873047,3789300
2018-01-09,VST,VST,18.6200008392334,18.649999618530273,18.209999084472656,18.459999084472656,15.74676513671875,4521200
2018-01-10,VST,VST,18.389999389648438,18.5049991607666,18.200000762939453,18.350000381469727,15.652933120727539,2610800
2018-01-11,VST,VST,18.469999313354492,18.579999923706055,18.239999771118164,18.540000915527344,15.815008163452148,3591900
2018-01-12,VST,VST,18.549999237060547,18.6200008392334,18.440000534057617,18.56999969482422,15.840599060058594,2015200
2018-01-16,VST,VST,18.6299991607666,18.6299991607666,17.950000762939453,17.979999542236328,15.33731460571289,3053200
2018-01-17,VST,VST,18.100000381469727,18.59000015258789,18.010000228881836,18.440000534057617,15.729704856872559,4217000
2018-01-18,VST,VST,18.579999923706055,18.81999969482422,18.545000076293945,18.790000915527344,16.02825927734375,8061900
2018-01-19,VST,VST,18.809999465942383,19.55500030517578,18.774999618530273,19.489999771118164,16.625375747680664,7149300
2018-01-22,VST,VST,19.530000686645508,19.760000228881836,19.219999313354492,19.239999771118164,16.412124633789062,4690700
2018-01-23,VST,VST,19.219999313354492,19.450000762939453,19.139999389648438,19.229999542236328,16.403594970703125,4096300
2018-01-24,VST,VST,19.270000457763672,19.790000915527344,19.219999313354492,19.479999542236328,16.616846084594727,5249700
2018-01-25,VST,VST,19.559999465942383,19.7549991607666,19.350000381469727,19.719999313354492,16.821569442749023,3372600
2018-01-26,VST,VST,19.770000457763672,19.899999618530273,19.59000015258789,19.790000915527344,16.881282806396484,2234800
2018-01-29,VST,VST,19.700000762939453,19.760000228881836,19.415000915527344,19.559999465942383,16.685089111328125,2450900
2018-01-30,VST,VST,19.469999313354492,19.510000228881836,19.03499984741211,19.15999984741211,16.343873977661133,3917400
2018-01-31,VST,VST,19.170000076293945,19.520000457763672,19.1299991607666,19.5,16.633909225463867,2919600
2018-02-01,VST,VST,19.469999313354492,19.850000381469727,19.43000030517578,19.639999389648438,16.753332138061523,4312700
2018-02-02,VST,VST,19.43000030517578,19.59000015258789,19.049999237060547,19.149999618530273,16.335350036621094,3360600
2018-02-05,VST,VST,18.989999771118164,19.19499969482422,18.360000610351562,18.530000686645508,15.806475639343262,3691400
2018-02-06,VST,VST,18.170000076293945,18.850000381469727,17.799999237060547,18.670000076293945,15.92590045928955,5663500
2018-02-07,VST,VST,18.56999969482422,19.260000228881836,18.520000457763672,18.530000686645508,15.806475639343262,5851800
2018-02-08,VST,VST,18.530000686645508,18.635000228881836,17.440000534057617,17.459999084472656,14.893746376037598,4777900
2018-02-09,VST,VST,17.549999237060547,18.06999969482422,17.309999465942383,17.8799991607666,15.252009391784668,5662600
2018-02-12,VST,VST,17.950000762939453,18.030000686645508,17.40999984741211,17.959999084472656,15.320256233215332,4424100
2018-02-13,VST,VST,17.90999984741211,18.334999084472656,17.84000015258789,18.25,15.567626953125,2400000
2018-02-14,VST,VST,18.1200008392334,18.399999618530273,18.049999237060547,18.260000228881836,15.57616138458252,1754700
2018-02-15,VST,VST,18.389999389648438,18.719999313354492,18.170000076293945,18.690000534057617,15.942956924438477,1950900
2018-02-16,VST,VST,18.639999389648438,19.010000228881836,18.600000381469727,18.829999923706055,16.06238555908203,1548300
2018-02-20,VST,VST,18.780000686645508,18.9950008392334,18.739999771118164,18.8799991607666,16.105039596557617,2945600
2018-02-21,VST,VST,18.950000762939453,19.040000915527344,18.600000381469727,18.670000076293945,15.92590045928955,2487200
2018-02-22,VST,VST,18.729999542236328,18.989999771118164,18.56999969482422,18.719999313354492,15.968548774719238,3585500
2018-02-23,VST,VST,18.799999237060547,19.049999237060547,18.700000762939453,19.020000457763672,16.224458694458008,4884700
2018-02-26,VST,VST,19.1299991607666,19.229999542236328,18.440000534057617,18.979999542236328,16.19033432006836,3358000
2018-02-27,VST,VST,19.010000228881836,19.299999237060547,18.920000076293945,18.979999542236328,16.19033432006836,4245500
2018-02-28,VST,VST,19.100000381469727,19.145000457763672,18.8799991607666,18.950000762939453,16.16474723815918,3852500
2018-03-01,VST,VST,19.0,19.30500030517578,18.799999237060547,19.100000381469727,16.292699813842773,3240000
2018-03-02,VST,VST,18.969999313354492,19.6200008392334,18.860000610351562,19.59000015258789,16.710678100585938,2934000
2018-03-05,VST,VST,19.579999923706055,20.059999465942383,19.5,19.90999984741211,16.983646392822266,4934500
2018-03-06,VST,VST,20.139999389648438,20.530000686645508,19.80500030517578,20.469999313354492,17.461336135864258,8881700
2018-03-07,VST,VST,20.549999237060547,20.760000228881836,20.219999313354492,20.59000015258789,17.56369972229004,4276900
2018-03-08,VST,VST,20.770000457763672,20.8799991607666,20.540000915527344,20.809999465942383,17.751359939575195,5226200
2018-03-09,VST,VST,20.8700008392334,20.96500015258789,20.600000381469727,20.690000534057617,17.649005889892578,4891300
2018-03-12,VST,VST,20.649999618530273,20.780000686645508,20.3799991607666,20.459999084472656,17.452802658081055,5421700
2018-03-13,VST,VST,20.59000015258789,20.6200008392334,20.149999618530273,20.459999084472656,17.452802658081055,8115400
2018-03-14,VST,VST,20.5,20.6200008392334,20.135000228881836,20.290000915527344,17.30779457092285,5061000
2018-03-15,VST,VST,20.3799991607666,20.739999771118164,20.299999237060547,20.690000534057617,17.649005889892578,5541200
2018-03-16,VST,VST,20.690000534057617,20.75,20.350000381469727,20.43000030517578,17.42721939086914,4212200
2018-03-19,VST,VST,20.3799991607666,20.3799991607666,19.790000915527344,19.93000030517578,17.000707626342773,4342900
2018-03-20,VST,VST,20.0,20.110000610351562,19.684999465942383,19.81999969482422,16.906871795654297,3759900
2018-03-21,VST,VST,19.860000610351562,20.299999237060547,19.790000915527344,20.149999618530273,17.18836784362793,4039700
2018-03-22,VST,VST,19.959999084472656,20.559999465942383,19.920000076293945,20.350000381469727,17.358970642089844,6223200
2018-03-23,VST,VST,20.31999969482422,20.584999084472656,20.100000381469727,20.190000534057617,17.22249412536621,4377800
2018-03-26,VST,VST,20.229999542236328,20.850000381469727,20.145000457763672,20.709999084472656,17.666061401367188,4057000
2018-03-27,VST,VST,20.709999084472656,21.149999618530273,20.594999313354492,20.860000610351562,17.79401397705078,4796000
2018-03-28,VST,VST,21.329999923706055,21.434999465942383,20.809999465942383,21.1299991607666,18.024330139160156,4717600
2018-03-29,VST,VST,21.149999618530273,21.18000030517578,20.704999923706055,20.829999923706055,17.7684268951416,4904700
2018-04-02,VST,VST,20.809999465942383,20.90999984741211,20.010000228881836,20.350000381469727,17.358970642089844,3415600
2018-04-03,VST,VST,20.440000534057617,20.84000015258789,20.09000015258789,20.780000686645508,17.725772857666016,4979900
2018-04-04,VST,VST,20.579999923706055,20.700000762939453,20.360000610351562,20.610000610351562,17.580759048461914,5006900
2018-04-05,VST,VST,20.700000762939453,20.940000534057617,20.049999237060547,20.219999313354492,17.24808120727539,4761300
2018-04-06,VST,VST,20.190000534057617,20.229999542236328,19.59000015258789,19.68000030517578,16.787458419799805,14214500
2018-04-09,VST,VST,19.8700008392334,21.344999313354492,19.770000457763672,20.829999923706055,17.7684268951416,11306700
2018-04-10,VST,VST,21.030000686645508,21.31999969482422,20.6299991607666,21.31999969482422,18.186403274536133,9086800
2018-04-11,VST,VST,21.25,21.56999969482422,21.21500015258789,21.469999313354492,18.31435775756836,8343100
2018-04-12,VST,VST,21.559999465942383,22.15999984741211,21.329999923706055,21.459999084472656,18.305822372436523,9270000
2018-04-13,VST,VST,21.5,21.850000381469727,21.350000381469727,21.649999618530273,18.4679012298584,8445400
2018-04-16,VST,VST,21.850000381469727,22.25,21.75,21.989999771118164,18.75792694091797,8280200
2018-04-17,VST,VST,22.170000076293945,22.459999084472656,21.934999465942383,22.350000381469727,19.06501579284668,5408800
2018-04-18,VST,VST,22.3799991607666,22.56999969482422,22.309999465942383,22.34000015258789,19.056486129760742,4540300
2018-04-19,VST,VST,22.25,22.3700008392334,21.81999969482422,22.1200008392334,18.86882209777832,3833100
2018-04-20,VST,VST,22.09000015258789,22.149999618530273,21.795000076293945,21.8799991607666,18.664098739624023,5551200
2018-04-23,VST,VST,21.969999313354492,22.329999923706055,21.90999984741211,22.329999923706055,19.04796028137207,4724800
2018-04-24,VST,VST,22.489999771118164,22.790000915527344,22.19499969482422,22.280000686645508,19.00530433654785,4562900
2018-04-25,VST,VST,22.350000381469727,22.600000381469727,22.190000534057617,22.479999542236328,19.175907135009766,3413300
2018-04-26,VST,VST,22.530000686645508,22.979999542236328,22.360000610351562,22.600000381469727,19.27827262878418,5803000
2018-04-27,VST,VST,22.65999984741211,23.0049991607666,22.354999542236328,22.739999771118164,19.39769172668457,3587200
2018-04-30,VST,VST,22.8700008392334,23.010000228881836,22.760000228881836,22.850000381469727,19.49152183532715,4032800
2018-05-01,VST,VST,22.959999084472656,22.959999084472656,22.489999771118164,22.850000381469727,19.49152183532715,4012800
2018-05-02,VST,VST,22.899999618530273,23.420000076293945,22.8799991607666,22.989999771118164,19.610950469970703,5348600
2018-05-03,VST,VST,23.0,23.3700008392334,22.600000381469727,23.139999389648438,19.738903045654297,5485300
2018-05-04,VST,VST,24.0,24.389999389648438,22.81999969482422,23.010000228881836,19.628005981445312,9115100
2018-05-07,VST,VST,23.040000915527344,24.040000915527344,23.040000915527344,23.799999237060547,20.30189323425293,7160500
2018-05-08,VST,VST,23.81999969482422,23.940000534057617,22.985000610351562,23.170000076293945,19.764493942260742,6072700
2018-05-09,VST,VST,23.200000762939453,23.31999969482422,22.600000381469727,22.989999771118164,19.610950469970703,4587000
2018-05-10,VST,VST,22.65999984741211,23.010000228881836,22.649999618530273,22.90999984741211,19.542707443237305,4681600
2018-05-11,VST,VST,22.959999084472656,23.18000030517578,22.809999465942383,22.940000534057617,19.568300247192383,4052100
2018-05-14,VST,VST,23.079999923706055,23.364999771118164,22.969999313354492,23.100000381469727,19.704782485961914,2878600
2018-05-15,VST,VST,23.030000686645508,23.200000762939453,22.94499969482422,23.139999389648438,19.738903045654297,4516900
2018-05-16,VST,VST,23.18000030517578,23.450000762939453,22.96500015258789,23.079999923706055,19.68772315979004,3837100
2018-05-17,VST,VST,23.059999465942383,23.149999618530273,22.6299991607666,22.8799991607666,19.517120361328125,4051500
2018-05-18,VST,VST,22.790000915527344,23.040000915527344,22.790000915527344,23.010000228881836,19.628005981445312,3841200
2018-05-21,VST,VST,23.110000610351562,23.170000076293945,22.739999771118164,23.010000228881836,19.628005981445312,3340400
2018-05-22,VST,VST,23.1299991607666,23.43000030517578,23.1299991607666,23.219999313354492,19.80714225769043,2017800
2018-05-23,VST,VST,23.18000030517578,23.280000686645508,23.075000762939453,23.229999542236328,19.815671920776367,3508500
2018-05-24,VST,VST,23.600000381469727,24.239999771118164,23.549999237060547,24.079999923706055,20.54074478149414,6064400
2018-05-25,VST,VST,24.020000457763672,24.155000686645508,23.815000534057617,23.950000762939453,20.42984962463379,3174000
2018-05-29,VST,VST,23.950000762939453,24.15999984741211,23.860000610351562,24.010000228881836,20.481029510498047,2998300
2018-05-30,VST,VST,24.059999465942383,24.559999465942383,24.059999465942383,24.270000457763672,20.702816009521484,4846900
2018-05-31,VST,VST,24.40999984741211,24.69499969482422,24.260000228881836,24.530000686645508,20.924604415893555,10162400
2018-06-01,VST,VST,24.530000686645508,24.594999313354492,24.309999465942383,24.34000015258789,20.76252555847168,4055800
2018-06-04,VST,VST,24.5,24.649999618530273,24.059999465942383,24.270000457763672,20.702816009521484,3801000
2018-06-05,VST,VST,24.280000686645508,24.639999389648438,24.200000762939453,24.3799991607666,20.796648025512695,3647500
2018-06-06,VST,VST,24.3799991607666,24.719999313354492,24.3700008392334,24.610000610351562,20.992841720581055,4563100
2018-06-07,VST,VST,24.65999984741211,24.809999465942383,24.6299991607666,24.670000076293945,21.044021606445312,3776400
2018-06-08,VST,VST,24.59000015258789,24.729999542236328,24.270000457763672,24.559999465942383,20.950193405151367,2348700
2018-06-11,VST,VST,24.559999465942383,24.674999237060547,24.03499984741211,24.09000015258789,20.549270629882812,3832700
2018-06-12,VST,VST,24.079999923706055,24.3700008392334,24.014999389648438,24.200000762939453,20.64310646057129,4105600
2018-06-13,VST,VST,24.31999969482422,24.639999389648438,24.18000030517578,24.389999389648438,20.805177688598633,9875100
2018-06-14,VST,VST,24.459999084472656,24.809999465942383,23.979999542236328,24.010000228881836,20.481029510498047,4273900
2018-06-15,VST,VST,23.860000610351562,23.920000076293945,23.524999618530273,23.75,20.25924301147461,5565400
2018-06-18,VST,VST,23.6200008392334,23.8799991607666,23.469999313354492,23.520000457763672,20.063045501708984,4715100
2018-06-19,VST,VST,23.3799991607666,23.579999923706055,23.059999465942383,23.459999084472656,20.01186752319336,6467400
2018-06-20,VST,VST,23.600000381469727,23.860000610351562,23.520000457763672,23.649999618530273,20.17394256591797,5305600
2018-06-21,VST,VST,23.780000686645508,24.110000610351562,23.670000076293945,24.06999969482422,20.532217025756836,3552300
2018-06-22,VST,VST,24.059999465942383,24.200000762939453,23.510000228881836,23.649999618530273,20.17394256591797,9068700
2018-06-25,VST,VST,23.65999984741211,23.760000228881836,23.219999313354492,23.329999923706055,19.900972366333008,4497500
2018-06-26,VST,VST,23.360000610351562,23.940000534057617,23.325000762939453,23.84000015258789,20.336021423339844,5392300
2018-06-27,VST,VST,23.739999771118164,24.09000015258789,23.645000457763672,23.75,20.25924301147461,3388600
2018-06-28,VST,VST,23.700000762939453,24.010000228881836,23.489999771118164,23.5,20.045991897583008,4137800
2018-06-29,VST,VST,23.56999969482422,24.024999618530273,23.5,23.65999984741211,20.182470321655273,3085500
2018-07-02,VST,VST,23.479999542236328,24.010000228881836,23.329999923706055,24.010000228881836,20.481029510498047,3306800
2018-07-03,VST,VST,23.889999389648438,23.90999984741211,22.7450008392334,22.809999465942383,19.457406997680664,3476000
2018-07-05,VST,VST,22.889999389648438,22.889999389648438,22.360000610351562,22.6200008392334,19.295330047607422,4288100
2018-07-06,VST,VST,22.6299991607666,23.045000076293945,22.56999969482422,22.90999984741211,19.542707443237305,3452300
2018-07-09,VST,VST,22.950000762939453,23.260000228881836,22.59000015258789,22.709999084472656,19.372098922729492,3806700
2018-07-10,VST,VST,22.68000030517578,23.1299991607666,22.68000030517578,23.010000228881836,19.628005981445312,4119900
2018-07-11,VST,VST,22.979999542236328,23.100000381469727,22.790000915527344,22.8700008392334,19.508588790893555,2321300
2018-07-12,VST,VST,22.84000015258789,23.239999771118164,22.700000762939453,23.190000534057617,19.781553268432617,2422100
2018-07-13,VST,VST,23.110000610351562,23.44499969482422,23.010000228881836,23.440000534057617,19.994810104370117,2506200
2018-07-16,VST,VST,23.43000030517578,23.760000228881836,23.3799991607666,23.709999084472656,20.22511863708496,2937800
2018-07-17,VST,VST,23.739999771118164,24.010000228881836,23.510000228881836,23.59000015258789,20.122760772705078,2562500
2018-07-18,VST,VST,23.639999389648438,23.790000915527344,23.489999771118164,23.549999237060547,20.088640213012695,2991300
2018-07-19,VST,VST,23.510000228881836,23.6299991607666,23.040000915527344,23.229999542236328,19.815671920776367,3197200
2018-07-20,VST,VST,23.170000076293945,23.420000076293945,22.899999618530273,23.18000030517578,19.77301597595215,2537600
2018-07-23,VST,VST,23.299999237060547,23.40999984741211,22.829999923706055,22.889999389648438,19.525650024414062,2341900
2018-07-24,VST,VST,22.84000015258789,22.850000381469727,22.280000686645508,22.450000762939453,19.150314331054688,3485500
2018-07-25,VST,VST,22.520000457763672,22.719999313354492,22.190000534057617,22.309999465942383,19.030895233154297,2846900
2018-07-26,VST,VST,22.329999923706055,22.780000686645508,22.299999237060547,22.549999237060547,19.235620498657227,2166000
2018-07-27,VST,VST,22.59000015258789,22.684999465942383,22.329999923706055,22.350000381469727,19.06501579284668,1993700
2018-07-30,VST,VST,22.40999984741211,22.440000534057617,22.079999923706055,22.170000076293945,18.911476135253906,1528100
2018-07-31,VST,VST,22.209999084472656,22.670000076293945,22.139999389648438,22.600000381469727,19.27827262878418,3363900
2018-08-01,VST,VST,22.579999923706055,22.770000457763672,22.360000610351562,22.719999313354492,19.38063621520996,2706600
2018-08-02,VST,VST,22.59000015258789,22.75,22.299999237060547,22.559999465942383,19.244150161743164,3094200
2018-08-03,VST,VST,22.559999465942383,22.860000610351562,22.459999084472656,22.6200008392334,19.295330047607422,3921900
2018-08-06,VST,VST,22.649999618530273,23.75,22.6299991607666,23.200000762939453,19.790082931518555,5380900
2018-08-07,VST,VST,23.1299991607666,23.68000030517578,22.790000915527344,23.469999313354492,20.020395278930664,4320000
2018-08-08,VST,VST,23.309999465942383,23.420000076293945,23.170000076293945,23.329999923706055,19.900972366333008,3454200
2018-08-09,VST,VST,23.309999465942383,23.59000015258789,23.270000457763672,23.360000610351562,19.92656707763672,3569300
2018-08-10,VST,VST,23.229999542236328,23.424999237060547,22.6200008392334,22.780000686645508,19.431808471679688,5373600
2018-08-13,VST,VST,22.709999084472656,22.790000915527344,21.850000381469727,22.100000381469727,18.851760864257812,8113400
2018-08-14,VST,VST,22.3700008392334,22.44499969482422,22.18000030517578,22.40999984741211,19.116195678710938,4114500
2018-08-15,VST,VST,22.489999771118164,22.540000915527344,21.959999084472656,22.059999465942383,18.81764030456543,6609800
2018-08-16,VST,VST,22.100000381469727,22.600000381469727,22.040000915527344,22.450000762939453,19.150314331054688,5167200
2018-08-17,VST,VST,22.420000076293945,22.75,22.315000534057617,22.420000076293945,19.124725341796875,3329800
2018-08-20,VST,VST,22.420000076293945,22.6200008392334,22.309999465942383,22.510000228881836,19.201492309570312,2224200
2018-08-21,VST,VST,22.549999237060547,22.6299991607666,22.31999969482422,22.329999923706055,19.04796028137207,2053000
2018-08-22,VST,VST,22.389999389648438,22.600000381469727,22.329999923706055,22.5,19.192970275878906,3217100
2018-08-23,VST,VST,22.5,22.760000228881836,22.459999084472656,22.479999542236328,19.175907135009766,3149800
2018-08-24,VST,VST,22.579999923706055,22.780000686645508,22.489999771118164,22.65999984741211,19.329458236694336,2519100
2018-08-27,VST,VST,22.709999084472656,23.18000030517578,22.709999084472656,22.790000915527344,19.440345764160156,2964300
2018-08-28,VST,VST,22.809999465942383,23.049999237060547,22.790000915527344,22.899999618530273,19.5341796875,3041400
2018-08-29,VST,VST,22.989999771118164,23.325000762939453,22.65999984741211,22.979999542236328,19.602418899536133,4622800
2018-08-30,VST,VST,22.93000030517578,23.760000228881836,22.93000030517578,23.399999618530273,19.9606876373291,5071500
2018-08-31,VST,VST,23.31999969482422,23.579999923706055,23.31999969482422,23.540000915527344,20.080110549926758,3541100
2018-09-04,VST,VST,23.479999542236328,23.56999969482422,23.149999618530273,23.209999084472656,19.798612594604492,4398800
2018-09-05,VST,VST,23.209999084472656,23.260000228881836,22.719999313354492,22.989999771118164,19.610950469970703,3610400
2018-09-06,VST,VST,22.90999984741211,23.110000610351562,22.40999984741211,22.459999084472656,19.158849716186523,3974000
2018-09-07,VST,VST,22.34000015258789,22.540000915527344,22.174999237060547,22.5,19.192970275878906,2871000
2018-09-10,VST,VST,22.610000610351562,23.040000915527344,22.530000686645508,22.899999618530273,19.5341796875,2600100
2018-09-11,VST,VST,22.81999969482422,23.209999084472656,22.760000228881836,22.979999542236328,19.602418899536133,3520300
2018-09-12,VST,VST,22.959999084472656,23.334999084472656,22.950000762939453,23.25,19.832731246948242,3761600
2018-09-13,VST,VST,23.31999969482422,23.489999771118164,23.1299991607666,23.350000381469727,19.91803741455078,2445000
2018-09-14,VST,VST,23.270000457763672,23.610000610351562,23.270000457763672,23.350000381469727,19.91803741455078,3375300
2018-09-17,VST,VST,23.270000457763672,23.6200008392334,22.954999923706055,23.030000686645508,19.64507293701172,3389100
2018-09-18,VST,VST,23.020000457763672,23.43000030517578,23.0,23.270000457763672,19.84979820251465,4486600
2018-09-19,VST,VST,23.34000015258789,23.549999237060547,23.020000457763672,23.059999465942383,19.67066192626953,4876400
2018-09-20,VST,VST,23.219999313354492,23.610000610351562,23.170000076293945,23.420000076293945,19.977746963500977,3276000
2018-09-21,VST,VST,23.399999618530273,23.979999542236328,23.3700008392334,23.84000015258789,20.336021423339844,9448800
2018-09-24,VST,VST,23.790000915527344,24.020000457763672,23.68000030517578,23.8700008392334,20.361608505249023,2797500
2018-09-25,VST,VST,23.649999618530273,23.940000534057617,23.25,23.549999237060547,20.088640213012695,3803800
2018-09-26,VST,VST,23.649999618530273,24.020000457763672,23.540000915527344,23.739999771118164,20.250717163085938,4466200
2018-09-27,VST,VST,23.81999969482422,24.25,23.690000534057617,24.18000030517578,20.62604522705078,3433400
2018-09-28,VST,VST,24.18000030517578,25.219999313354492,24.18000030517578,24.8799991607666,21.223155975341797,8265600
2018-10-01,VST,VST,24.920000076293945,25.260000228881836,24.780000686645508,25.260000228881836,21.54730987548828,4817700
2018-10-02,VST,VST,25.360000610351562,26.290000915527344,25.280000686645508,25.450000762939453,21.709379196166992,12196700
2018-10-03,VST,VST,25.420000076293945,26.020000457763672,25.325000762939453,25.420000076293945,21.683786392211914,6891400
2018-10-04,VST,VST,25.350000381469727,25.520000457763672,25.06999969482422,25.25,21.53877830505371,4223100
2018-10-05,VST,VST,25.350000381469727,25.639999389648438,25.18000030517578,25.6200008392334,21.854400634765625,4186200
2018-10-08,VST,VST,25.59000015258789,25.81999969482422,25.260000228881836,25.43000030517578,21.69232177734375,3751900
2018-10-09,VST,VST,25.399999618530273,25.59000015258789,24.954999923706055,25.309999465942383,21.589954376220703,5025700
2018-10-10,VST,VST,25.170000076293945,25.489999771118164,24.889999389648438,24.899999618530273,21.240215301513672,4841900
2018-10-11,VST,VST,24.899999618530273,24.940000534057617,24.149999618530273,24.209999084472656,20.651636123657227,5257700
2018-10-12,VST,VST,24.459999084472656,24.610000610351562,23.799999237060547,24.219999313354492,20.660165786743164,5217800
2018-10-15,VST,VST,24.209999084472656,24.440000534057617,23.780000686645508,23.829999923706055,20.32748794555664,6142600
2018-10-16,VST,VST,23.940000534057617,24.360000610351562,23.719999313354492,23.989999771118164,20.46396827697754,6074400
2018-10-17,VST,VST,24.020000457763672,24.040000915527344,23.1299991607666,23.389999389648438,19.952157974243164,5479700
2018-10-18,VST,VST,23.239999771118164,23.299999237060547,22.799999237060547,22.860000610351562,19.500059127807617,5397400
2018-10-19,VST,VST,22.8700008392334,23.190000534057617,22.6299991607666,22.649999618530273,19.320926666259766,3817300
2018-10-22,VST,VST,22.670000076293945,23.200000762939453,22.389999389648438,23.010000228881836,19.628005981445312,8097200
2018-10-23,VST,VST,22.780000686645508,22.80500030517578,21.81999969482422,22.5,19.192970275878906,8845700
2018-10-24,VST,VST,22.56999969482422,22.639999389648438,22.049999237060547,22.139999389648438,18.885881423950195,3283500
2018-10-25,VST,VST,22.299999237060547,22.56999969482422,22.219999313354492,22.260000228881836,18.988248825073242,4280200
2018-10-26,VST,VST,22.170000076293945,22.350000381469727,21.760000228881836,22.110000610351562,18.86029052734375,4335900
2018-10-29,VST,VST,22.239999771118164,22.399999618530273,21.6299991607666,21.809999465942383,18.60438346862793,4170900
2018-10-30,VST,VST,21.799999237060547,22.065000534057617,21.559999465942383,21.889999389648438,18.672630310058594,3713900
2018-10-31,VST,VST,22.010000228881836,22.770000457763672,22.010000228881836,22.6299991607666,19.30385971069336,5737500
2018-11-01,VST,VST,22.610000610351562,23.149999618530273,22.360000610351562,23.100000381469727,19.704782485961914,4285800
2018-11-02,VST,VST,24.0,24.84000015258789,23.75,24.389999389648438,20.805177688598633,14068000
2018-11-05,VST,VST,24.469999313354492,25.010000228881836,24.469999313354492,24.969999313354492,21.2999324798584,6764400
2018-11-06,VST,VST,24.809999465942383,25.21500015258789,24.225000381469727,24.479999542236328,20.8819522857666,4607300
2018-11-07,VST,VST,24.56999969482422,24.850000381469727,24.440000534057617,24.709999084472656,21.078140258789062,4831900
2018-11-08,VST,VST,24.6200008392334,24.8799991607666,23.989999771118164,24.25,20.68575668334961,3636200
2018-11-09,VST,VST,24.010000228881836,24.420000076293945,23.93000030517578,24.079999923706055,20.54074478149414,4188700
2018-11-12,VST,VST,24.079999923706055,24.770000457763672,23.969999313354492,24.610000610351562,20.992841720581055,3833400
2018-11-13,VST,VST,24.75,24.940000534057617,24.229999542236328,24.31999969482422,20.74547004699707,2708800
2018-11-14,VST,VST,24.290000915527344,24.450000762939453,23.649999618530273,23.850000381469727,20.34455108642578,3392100
2018-11-15,VST,VST,23.729999542236328,23.829999923706055,23.020000457763672,23.290000915527344,19.866857528686523,3855800
2018-11-16,VST,VST,23.5,23.799999237060547,23.30500030517578,23.670000076293945,20.19100570678711,5241900
2018-11-19,VST,VST,23.639999389648438,23.975000381469727,23.475000381469727,23.549999237060547,20.088640213012695,6656300
2018-11-20,VST,VST,23.389999389648438,23.40999984741211,22.020000457763672,22.3700008392334,19.082077026367188,10882000
2018-11-21,VST,VST,22.540000915527344,23.260000228881836,22.540000915527344,22.799999237060547,19.44887351989746,5246200
2018-11-23,VST,VST,22.729999542236328,23.010000228881836,22.690000534057617,22.860000610351562,19.500059127807617,1640200
2018-11-26,VST,VST,22.979999542236328,23.350000381469727,22.910999298095703,23.190000534057617,19.781553268432617,4428100
2018-11-27,VST,VST,23.200000762939453,23.280000686645508,22.8700008392334,22.920000076293945,19.551239013671875,2747300
2018-11-28,VST,VST,23.040000915527344,23.510000228881836,23.010000228881836,23.350000381469727,19.91803741455078,4785700
2018-11-29,VST,VST,23.350000381469727,23.520000457763672,22.969999313354492,23.200000762939453,19.790082931518555,4539300
2018-11-30,VST,VST,23.219999313354492,23.614999771118164,23.18000030517578,23.479999542236328,20.028932571411133,6242700
2018-12-03,VST,VST,23.709999084472656,23.950000762939453,23.59000015258789,23.780000686645508,20.28483772277832,5523900
2018-12-04,VST,VST,23.799999237060547,24.125,23.479999542236328,23.479999542236328,20.028932571411133,4473400
2018-12-06,VST,VST,23.299999237060547,24.219999313354492,22.899999618530273,24.09000015258789,20.549270629882812,9417400
2018-12-07,VST,VST,24.190000534057617,24.360000610351562,23.8700008392334,23.950000762939453,20.42984962463379,5018600
2018-12-10,VST,VST,23.649999618530273,23.959999084472656,23.399999618530273,23.649999618530273,20.17394256591797,4263700
2018-12-11,VST,VST,23.84000015258789,24.2450008392334,23.610000610351562,23.920000076293945,20.404251098632812,5070900
2018-12-12,VST,VST,24.18000030517578,24.80500030517578,24.010000228881836,24.420000076293945,20.830772399902344,7325900
2018-12-13,VST,VST,24.440000534057617,25.09000015258789,24.40999984741211,24.84000015258789,21.189037322998047,5780200
2018-12-14,VST,VST,24.6200008392334,25.094999313354492,24.559999465942383,24.709999084472656,21.078140258789062,4239300
2018-12-17,VST,VST,24.719999313354492,24.795000076293945,23.790000915527344,23.889999389648438,20.37866973876953,6226800
2018-12-18,VST,VST,24.010000228881836,24.450000762939453,23.270000457763672,23.360000610351562,19.92656707763672,5057200
2018-12-19,VST,VST,23.389999389648438,23.700000762939453,23.010000228881836,23.15999984741211,19.755964279174805,4556000
2018-12-20,VST,VST,23.079999923706055,23.139999389648438,22.0049991607666,22.25,18.97971534729004,7677400
2018-12-21,VST,VST,22.309999465942383,22.469999313354492,21.34000015258789,21.43000030517578,18.280235290527344,7803500
2018-12-24,VST,VST,21.290000915527344,21.489999771118164,20.834999084472656,21.190000534057617,18.07551383972168,2728400
2018-12-26,VST,VST,21.229999542236328,22.260000228881836,21.030000686645508,22.200000762939453,18.93706703186035,6044000
2018-12-27,VST,VST,21.969999313354492,22.31999969482422,21.489999771118164,22.309999465942383,19.030895233154297,3088500
2018-12-28,VST,VST,22.34000015258789,22.600000381469727,22.100000381469727,22.299999237060547,19.02236557006836,2659600
2018-12-31,VST,VST,22.40999984741211,22.93000030517578,22.360000610351562,22.889999389648438,19.525650024414062,2697800
2019-01-02,VST,VST,22.510000228881836,23.100000381469727,22.274999618530273,22.3799991607666,19.090604782104492,3952300
2019-01-03,VST,VST,22.360000610351562,22.65999984741211,22.020000457763672,22.170000076293945,18.911476135253906,2940800
2019-01-04,VST,VST,22.309999465942383,23.1299991607666,22.309999465942383,23.06999969482422,19.67919158935547,3017400
2019-01-07,VST,VST,23.1200008392334,23.895000457763672,23.065000534057617,23.459999084472656,20.01186752319336,5250900
2019-01-08,VST,VST,23.510000228881836,23.860000610351562,23.309999465942383,23.469999313354492,20.020395278930664,3681700
2019-01-09,VST,VST,23.450000762939453,23.56999969482422,23.21500015258789,23.309999465942383,19.8839168548584,3416900
2019-01-10,VST,VST,23.260000228881836,24.1200008392334,23.260000228881836,24.110000610351562,20.56633186340332,4586800
2019-01-11,VST,VST,24.09000015258789,24.09000015258789,23.489999771118164,23.790000915527344,20.293365478515625,3299300
2019-01-14,VST,VST,23.639999389648438,23.829999923706055,23.309999465942383,23.549999237060547,20.088640213012695,4236800
2019-01-15,VST,VST,23.43000030517578,24.020000457763672,23.43000030517578,23.729999542236328,20.242185592651367,3058600
2019-01-16,VST,VST,23.709999084472656,24.344999313354492,23.65999984741211,24.25,20.68575668334961,3899200
2019-01-17,VST,VST,24.260000228881836,24.790000915527344,24.200000762939453,24.610000610351562,20.992841720581055,3331700
2019-01-18,VST,VST,24.700000762939453,24.850000381469727,24.110000610351562,24.200000762939453,20.64310646057129,3435600
2019-01-22,VST,VST,24.34000015258789,24.450000762939453,24.0,24.280000686645508,20.71135139465332,3867000
2019-01-23,VST,VST,24.3799991607666,24.93000030517578,24.3799991607666,24.760000228881836,21.120800018310547,4387800
2019-01-24,VST,VST,24.75,24.885000228881836,24.450000762939453,24.639999389648438,21.018434524536133,3841900
2019-01-25,VST,VST,24.649999618530273,24.84000015258789,24.510000228881836,24.649999618530273,21.026968002319336,3375700
2019-01-28,VST,VST,24.479999542236328,24.719999313354492,24.3799991607666,24.40999984741211,20.822237014770508,3821300
2019-01-29,VST,VST,24.399999618530273,24.850000381469727,24.399999618530273,24.639999389648438,21.018434524536133,2159800
2019-01-30,VST,VST,24.75,25.049999237060547,24.68000030517578,24.920000076293945,21.257280349731445,2272500
2019-01-31,VST,VST,24.860000610351562,25.364999771118164,24.75,25.110000610351562,21.419353485107422,3321200
2019-02-01,VST,VST,25.100000381469727,25.459999084472656,25.040000915527344,25.06999969482422,21.38522720336914,3218000
2019-02-04,VST,VST,25.100000381469727,25.530000686645508,24.93000030517578,25.399999618530273,21.666728973388672,3418400
2019-02-05,VST,VST,25.540000915527344,25.6299991607666,25.1299991607666,25.200000762939453,21.496124267578125,2689400
2019-02-06,VST,VST,25.15999984741211,25.454999923706055,25.09000015258789,25.260000228881836,21.54730987548828,2268100
2019-02-07,VST,VST,25.25,25.614999771118164,25.170000076293945,25.530000686645508,21.77762222290039,2210100
2019-02-08,VST,VST,25.489999771118164,25.940000534057617,25.479999542236328,25.93000030517578,22.118837356567383,3836100
2019-02-11,VST,VST,26.0,26.170000076293945,25.895000457763672,26.110000610351562,22.272371292114258,2210800
2019-02-12,VST,VST,26.25,26.610000610351562,26.200000762939453,26.290000915527344,22.425922393798828,3827600
2019-02-13,VST,VST,26.270000457763672,26.549999237060547,26.014999389648438,26.1299991607666,22.28943634033203,3822500
2019-02-14,VST,VST,26.139999389648438,26.440000534057617,26.06999969482422,26.309999465942383,22.44297981262207,2292600
2019-02-15,VST,VST,26.43000030517578,26.549999237060547,26.239999771118164,26.510000228881836,22.61357879638672,3044200
2019-02-19,VST,VST,26.469999313354492,26.709999084472656,26.399999618530273,26.59000015258789,22.681821823120117,3671800
2019-02-20,VST,VST,26.549999237060547,26.780000686645508,26.43000030517578,26.639999389648438,22.724477767944336,3886400
2019-02-21,VST,VST,26.510000228881836,26.860000610351562,26.43000030517578,26.760000228881836,22.826833724975586,2699600
2019-02-22,VST,VST,26.770000457763672,27.010000228881836,26.719999313354492,26.889999389648438,22.937732696533203,2100600
2019-02-25,VST,VST,26.889999389648438,26.905000686645508,26.399999618530273,26.559999465942383,22.656227111816406,2567300
2019-02-26,VST,VST,26.610000610351562,26.610000610351562,26.15999984741211,26.280000686645508,22.417388916015625,4181600
2019-02-27,VST,VST,26.280000686645508,26.434999465942383,26.049999237060547,26.149999618530273,22.306495666503906,3589200
2019-02-28,VST,VST,25.979999542236328,26.5,25.615999221801758,26.040000915527344,22.21266746520996,4580200
2019-03-01,VST,VST,26.170000076293945,26.6200008392334,25.9950008392334,26.549999237060547,22.647695541381836,3233900
2019-03-04,VST,VST,26.68000030517578,26.75,25.040000915527344,25.43000030517578,21.69232177734375,7132300
2019-03-05,VST,VST,25.34000015258789,25.704999923706055,24.969999313354492,25.479999542236328,21.734973907470703,5089800
2019-03-06,VST,VST,25.43000030517578,25.530000686645508,25.1299991607666,25.229999542236328,21.521713256835938,4467900
2019-03-07,VST,VST,25.309999465942383,25.440000534057617,24.84000015258789,24.940000534057617,21.274337768554688,3579100
2019-03-08,VST,VST,24.760000228881836,25.139999389648438,24.56999969482422,25.1299991607666,21.43641471862793,3973000
2019-03-11,VST,VST,25.15999984741211,25.329999923706055,25.049999237060547,25.25,21.53877830505371,3277400
2019-03-12,VST,VST,25.31999969482422,25.920000076293945,25.149999618530273,25.8799991607666,22.076183319091797,4597900
2019-03-13,VST,VST,25.959999084472656,26.40999984741211,25.934999465942383,26.020000457763672,22.195602416992188,5225600
2019-03-14,VST,VST,25.8700008392334,25.8700008392334,25.5,25.549999237060547,21.89988899230957,2368000
2019-03-15,VST,VST,25.549999237060547,25.860000610351562,25.309999465942383,25.59000015258789,21.934179306030273,3760700
2019-03-18,VST,VST,25.579999923706055,25.790000915527344,25.524999618530273,25.790000915527344,22.10560417175293,2922700
2019-03-19,VST,VST,25.809999465942383,25.969999313354492,25.4950008392334,25.579999923706055,21.925600051879883,2720900
2019-03-20,VST,VST,25.610000610351562,25.920000076293945,25.559999465942383,25.600000381469727,21.942745208740234,4261900
2019-03-21,VST,VST,25.6299991607666,26.25,25.6299991607666,26.139999389648438,22.40559959411621,2994500
2019-03-22,VST,VST,26.25,26.360000610351562,25.940000534057617,25.979999542236328,22.26845932006836,3882300
2019-03-25,VST,VST,26.079999923706055,26.350000381469727,25.790000915527344,26.09000015258789,22.362741470336914,4295800
2019-03-26,VST,VST,26.219999313354492,26.30500030517578,25.850000381469727,25.959999084472656,22.25132179260254,3703400
2019-03-27,VST,VST,26.020000457763672,26.100000381469727,25.65999984741211,25.899999618530273,22.199886322021484,5556500
2019-03-28,VST,VST,25.950000762939453,26.075000762939453,25.684999465942383,25.799999237060547,22.114171981811523,4626300
2019-03-29,VST,VST,25.719999313354492,26.200000762939453,25.719999313354492,26.030000686645508,22.311317443847656,4165800
2019-04-01,VST,VST,26.149999618530273,26.385000228881836,25.84000015258789,26.030000686645508,22.311317443847656,2725300
2019-04-02,VST,VST,26.06999969482422,26.34000015258789,25.90999984741211,26.31999969482422,22.559885025024414,2903700
2019-04-03,VST,VST,26.34000015258789,26.610000610351562,26.149999618530273,26.190000534057617,22.448457717895508,3727000
2019-04-04,VST,VST,26.139999389648438,26.209999084472656,25.84000015258789,26.049999237060547,22.328460693359375,3376600
2019-04-05,VST,VST,26.1200008392334,26.149999618530273,25.764999389648438,25.940000534057617,22.234172821044922,3946000
2019-04-08,VST,VST,25.899999618530273,25.920000076293945,25.600000381469727,25.760000228881836,22.079893112182617,3864600
2019-04-09,VST,VST,25.770000457763672,25.80500030517578,25.309999465942383,25.489999771118164,21.848461151123047,4313100
2019-04-10,VST,VST,25.530000686645508,26.059999465942383,25.459999084472656,25.899999618530273,22.199886322021484,3990200
2019-04-11,VST,VST,25.969999313354492,26.15999984741211,25.899999618530273,26.040000915527344,22.31989097595215,3489700
2019-04-12,VST,VST,26.110000610351562,26.149999618530273,25.920000076293945,26.100000381469727,22.371313095092773,3590200
2019-04-15,VST,VST,26.1299991607666,26.364999771118164,25.889999389648438,25.989999771118164,22.277029037475586,2842700
2019-04-16,VST,VST,25.979999542236328,26.260000228881836,25.94499969482422,25.979999542236328,22.26845932006836,3230800
2019-04-17,VST,VST,26.049999237060547,26.209999084472656,25.489999771118164,25.670000076293945,22.002744674682617,3477200
2019-04-18,VST,VST,25.790000915527344,26.15999984741211,25.729999542236328,26.010000228881836,22.294170379638672,3179200
2019-04-22,VST,VST,25.989999771118164,26.329999923706055,25.989999771118164,26.200000762939453,22.457029342651367,3166900
2019-04-23,VST,VST,26.260000228881836,26.56999969482422,26.209999084472656,26.420000076293945,22.645597457885742,2535000
2019-04-24,VST,VST,26.450000762939453,26.700000762939453,26.329999923706055,26.59000015258789,22.79131317138672,2735200
2019-04-25,VST,VST,26.610000610351562,27.0,26.424999237060547,26.799999237060547,22.971315383911133,3315700
2019-04-26,VST,VST,26.920000076293945,27.100000381469727,26.8700008392334,27.020000457763672,23.159883499145508,3630800
2019-04-29,VST,VST,27.06999969482422,27.149999618530273,26.899999618530273,27.049999237060547,23.185592651367188,2567200
2019-04-30,VST,VST,27.020000457763672,27.270000457763672,26.934999465942383,27.25,23.357027053833008,6184100
2019-05-01,VST,VST,27.229999542236328,27.459999084472656,27.110000610351562,27.25,23.357027053833008,3825500
2019-05-02,VST,VST,27.110000610351562,27.479999542236328,27.065000534057617,27.25,23.357027053833008,4376300
2019-05-03,VST,VST,27.559999465942383,27.860000610351562,26.594999313354492,26.65999984741211,22.851314544677734,5232500
2019-05-06,VST,VST,26.829999923706055,26.850000381469727,26.06999969482422,26.309999465942383,22.551311492919922,5325500
2019-05-07,VST,VST,26.100000381469727,26.56999969482422,26.06999969482422,26.149999618530273,22.414173126220703,5209900
2019-05-08,VST,VST,25.899999618530273,26.020000457763672,24.600000381469727,25.190000534057617,21.591320037841797,10494100
2019-05-09,VST,VST,24.950000762939453,25.040000915527344,24.514999389648438,24.850000381469727,21.299894332885742,5930200
2019-05-10,VST,VST,24.920000076293945,25.010000228881836,24.56999969482422,24.829999923706055,21.282752990722656,4873900
2019-05-13,VST,VST,24.450000762939453,24.489999771118164,24.030000686645508,24.469999313354492,20.97417640686035,5866300
2019-05-14,VST,VST,24.549999237060547,25.010000228881836,24.5,24.56999969482422,21.059894561767578,5193500
2019-05-15,VST,VST,24.540000915527344,24.809999465942383,24.280000686645508,24.5,20.999900817871094,3506800
2019-05-16,VST,VST,24.479999542236328,24.8799991607666,24.43000030517578,24.65999984741211,21.137035369873047,3576600
2019-05-17,VST,VST,24.450000762939453,24.989999771118164,24.420000076293945,24.809999465942383,21.265607833862305,5581100
2019-05-20,VST,VST,24.75,25.309999465942383,24.690000534057617,25.059999465942383,21.479890823364258,4867300
2019-05-21,VST,VST,25.1299991607666,25.979999542236328,25.1299991607666,25.75,22.07131576538086,8589500
2019-05-22,VST,VST,25.639999389648438,25.75,25.280000686645508,25.450000762939453,21.81417465209961,3870800
2019-05-23,VST,VST,25.309999465942383,25.329999923706055,24.594999313354492,24.799999237060547,21.257038116455078,4289000
2019-05-24,VST,VST,24.829999923706055,24.920000076293945,24.479999542236328,24.479999542236328,20.98275375366211,3022300
2019-05-28,VST,VST,24.56999969482422,24.895000457763672,24.30500030517578,24.59000015258789,21.077037811279297,5944700
2019-05-29,VST,VST,24.579999923706055,24.649999618530273,23.75,24.020000457763672,20.588464736938477,5216100
2019-05-30,VST,VST,23.979999542236328,24.1200008392334,22.959999084472656,23.420000076293945,20.074182510375977,6915600
2019-05-31,VST,VST,23.229999542236328,23.864999771118164,23.190000534057617,23.559999465942383,20.19418716430664,7731200
2019-06-03,VST,VST,23.6200008392334,23.889999389648438,23.530000686645508,23.760000228881836,20.365612030029297,3868100
2019-06-04,VST,VST,24.1200008392334,24.309999465942383,23.514999389648438,24.270000457763672,20.802753448486328,5738800
2019-06-05,VST,VST,24.3700008392334,24.690000534057617,24.100000381469727,24.610000610351562,21.09418296813965,3995100
2019-06-06,VST,VST,24.709999084472656,25.139999389648438,24.40999984741211,24.6200008392334,21.10275650024414,2783900
2019-06-07,VST,VST,24.719999313354492,24.809999465942383,24.290000915527344,24.309999465942383,20.837039947509766,4268600
2019-06-10,VST,VST,24.299999237060547,24.479999542236328,24.03499984741211,24.110000610351562,20.665611267089844,2852300
2019-06-11,VST,VST,24.1200008392334,24.59000015258789,24.040000915527344,24.56999969482422,21.059894561767578,2895400
2019-06-12,VST,VST,24.6200008392334,24.700000762939453,24.040000915527344,24.219999313354492,20.75989532470703,3577100
2019-06-13,VST,VST,24.139999389648438,24.34000015258789,23.7450008392334,23.860000610351562,20.55742073059082,3474800
2019-06-14,VST,VST,23.860000610351562,23.899999618530273,23.55500030517578,23.770000457763672,20.479881286621094,2875100
2019-06-17,VST,VST,23.739999771118164,23.75,23.165000915527344,23.260000228881836,20.040475845336914,6941800
2019-06-18,VST,VST,23.440000534057617,23.719999313354492,23.360000610351562,23.600000381469727,20.333412170410156,4431900
2019-06-19,VST,VST,23.600000381469727,23.920000076293945,23.59000015258789,23.81999969482422,20.522960662841797,3856000
2019-06-20,VST,VST,24.110000610351562,24.25,23.899999618530273,24.190000534057617,20.841747283935547,3043400
2019-06-21,VST,VST,24.209999084472656,24.31999969482422,23.75,24.100000381469727,20.764202117919922,11378100
2019-06-24,VST,VST,24.200000762939453,24.225000381469727,23.770000457763672,23.889999389648438,20.583269119262695,4640000
2019-06-25,VST,VST,23.899999618530273,23.90999984741211,23.290000915527344,23.3700008392334,20.1352481842041,5542400
2019-06-26,VST,VST,23.329999923706055,23.469999313354492,22.200000762939453,22.260000228881836,19.178892135620117,9892000
2019-06-27,VST,VST,22.260000228881836,22.3700008392334,21.889999389648438,22.239999771118164,19.161653518676758,9463400
2019-06-28,VST,VST,22.299999237060547,22.665000915527344,22.290000915527344,22.639999389648438,19.50629234313965,8405600
2019-07-01,VST,VST,22.709999084472656,22.850000381469727,22.43000030517578,22.760000228881836,19.60968017578125,4171100
2019-07-02,VST,VST,22.790000915527344,22.84000015258789,22.43000030517578,22.6200008392334,19.489059448242188,4029900
2019-07-03,VST,VST,22.690000534057617,22.889999389648438,22.514999389648438,22.540000915527344,19.42013168334961,6179900
2019-07-05,VST,VST,22.459999084472656,22.84000015258789,22.389999389648438,22.540000915527344,19.42013168334961,3071800
2019-07-08,VST,VST,22.40999984741211,22.559999465942383,22.170000076293945,22.43000030517578,19.32535743713379,4829400
2019-07-09,VST,VST,22.389999389648438,22.559999465942383,22.260000228881836,22.420000076293945,19.316741943359375,3373000
2019-07-10,VST,VST,22.440000534057617,22.7549991607666,22.389999389648438,22.43000030517578,19.32535743713379,3610700
2019-07-11,VST,VST,22.440000534057617,22.459999084472656,22.15999984741211,22.389999389648438,19.290895462036133,5320800
2019-07-12,VST,VST,22.469999313354492,22.719999313354492,22.219999313354492,22.579999923706055,19.45459747314453,2316000
2019-07-15,VST,VST,22.600000381469727,22.639999389648438,22.350000381469727,22.549999237060547,19.428747177124023,2719200
2019-07-16,VST,VST,22.450000762939453,22.639999389648438,21.860000610351562,21.969999313354492,18.92902946472168,4410100
2019-07-17,VST,VST,21.950000762939453,22.3700008392334,21.950000762939453,22.219999313354492,19.144426345825195,3056700
2019-07-18,VST,VST,22.170000076293945,22.280000686645508,21.84000015258789,22.110000610351562,19.04964828491211,2598000
2019-07-19,VST,VST,22.139999389648438,22.270000457763672,21.829999923706055,21.829999923706055,18.808406829833984,2978900
2019-07-22,VST,VST,21.84000015258789,21.854999542236328,21.579999923706055,21.610000610351562,18.618854522705078,2981300
2019-07-23,VST,VST,21.670000076293945,21.68000030517578,21.364999771118164,21.43000030517578,18.463768005371094,2451400
2019-07-24,VST,VST,21.40999984741211,21.635000228881836,21.325000762939453,21.559999465942383,18.575775146484375,1959100
2019-07-25,VST,VST,21.459999084472656,22.075000762939453,21.440000534057617,21.920000076293945,18.88594627380371,2949900
2019-07-26,VST,VST,21.950000762939453,22.059999465942383,21.649999618530273,21.75,18.739479064941406,1956000
2019-07-29,VST,VST,21.770000457763672,21.934999465942383,21.530000686645508,21.770000457763672,18.756710052490234,3175100
2019-07-30,VST,VST,21.68000030517578,21.899999618530273,21.600000381469727,21.8700008392334,18.84286880493164,2870400
2019-07-31,VST,VST,21.850000381469727,21.96500015258789,21.43000030517578,21.459999084472656,18.48961639404297,5401600
2019-08-01,VST,VST,21.450000762939453,21.799999237060547,21.350000381469727,21.549999237060547,18.567161560058594,3266500
2019-08-02,VST,VST,21.75,22.360000610351562,21.350000381469727,22.040000915527344,18.989343643188477,4687400
2019-08-05,VST,VST,21.84000015258789,21.954999923706055,21.510000228881836,21.719999313354492,18.713626861572266,5243000
2019-08-06,VST,VST,21.75,22.325000762939453,21.6299991607666,22.280000686645508,19.196121215820312,5022400
2019-08-07,VST,VST,22.229999542236328,22.610000610351562,22.059999465942383,22.059999465942383,19.00657081604004,6233800
2019-08-08,VST,VST,22.09000015258789,22.829999923706055,22.045000076293945,22.75,19.601058959960938,4783200
2019-08-09,VST,VST,22.700000762939453,22.770000457763672,22.1299991607666,22.1299991607666,19.066883087158203,3182400
2019-08-12,VST,VST,22.030000686645508,22.110000610351562,21.7450008392334,22.100000381469727,19.041034698486328,1880900
2019-08-13,VST,VST,22.049999237060547,22.739999771118164,22.0,22.59000015258789,19.463207244873047,4371500
2019-08-14,VST,VST,22.530000686645508,22.8700008392334,22.219999313354492,22.290000915527344,19.204736709594727,8127100
2019-08-15,VST,VST,22.399999618530273,22.739999771118164,22.25,22.610000610351562,19.480438232421875,5829700
2019-08-16,VST,VST,22.700000762939453,23.739999771118164,22.700000762939453,23.690000534057617,20.410947799682617,5835000
2019-08-19,VST,VST,23.989999771118164,23.989999771118164,23.454999923706055,23.690000534057617,20.410947799682617,5318100
2019-08-20,VST,VST,23.610000610351562,23.829999923706055,23.290000915527344,23.790000915527344,20.497114181518555,7207500
2019-08-21,VST,VST,23.940000534057617,24.190000534057617,23.760000228881836,24.110000610351562,20.77281951904297,6583200
2019-08-22,VST,VST,24.1200008392334,24.415000915527344,24.049999237060547,24.139999389648438,20.79866600036621,4263000
2019-08-23,VST,VST,24.219999313354492,24.399999618530273,23.899999618530273,23.979999542236328,20.660812377929688,5871000
2019-08-26,VST,VST,24.100000381469727,24.270000457763672,23.950000762939453,24.260000228881836,20.902057647705078,3064000
2019-08-27,VST,VST,24.350000381469727,24.59000015258789,23.950000762939453,23.989999771118164,20.669424057006836,4009600
2019-08-28,VST,VST,24.0,24.05500030517578,23.93000030517578,24.040000915527344,20.712512969970703,2858900
2019-08-29,VST,VST,24.200000762939453,24.440000534057617,24.18000030517578,24.399999618530273,21.022680282592773,4064700
2019-08-30,VST,VST,24.5,25.017000198364258,24.5,24.950000762939453,21.496553421020508,3064800
2019-09-03,VST,VST,24.899999618530273,25.110000610351562,24.790000915527344,25.06999969482422,21.599943161010742,4526500
2019-09-04,VST,VST,25.299999237060547,25.459999084472656,25.020000457763672,25.219999313354492,21.729177474975586,3647800
2019-09-05,VST,VST,25.219999313354492,25.719999313354492,25.104999542236328,25.68000030517578,22.12550926208496,3816200
2019-09-06,VST,VST,25.75,25.8799991607666,25.399999618530273,25.530000686645508,21.99627685546875,4901800
2019-09-09,VST,VST,25.520000457763672,25.670000076293945,25.3799991607666,25.549999237060547,22.013504028320312,5314100
2019-09-10,VST,VST,25.6299991607666,26.1200008392334,25.584999084472656,25.6200008392334,22.073820114135742,6054100
2019-09-11,VST,VST,25.6299991607666,26.100000381469727,25.5939998626709,25.969999313354492,22.375368118286133,9105700
2019-09-12,VST,VST,26.010000228881836,26.485000610351562,25.979999542236328,26.270000457763672,22.633846282958984,3636600
2019-09-13,VST,VST,26.0,26.280000686645508,25.84000015258789,26.25,22.724746704101562,3741800
2019-09-16,VST,VST,26.260000228881836,26.68000030517578,26.1200008392334,26.559999465942383,22.993114471435547,4657500
2019-09-17,VST,VST,26.59000015258789,26.94499969482422,26.559999465942383,26.65999984741211,23.079679489135742,7206700
2019-09-18,VST,VST,26.709999084472656,26.829999923706055,26.479999542236328,26.75,23.15760040283203,6021000
2019-09-19,VST,VST,26.850000381469727,26.920000076293945,26.579999923706055,26.68000030517578,23.096996307373047,4201100
2019-09-20,VST,VST,26.799999237060547,27.190000534057617,26.65999984741211,27.139999389648438,23.495223999023438,9024200
2019-09-23,VST,VST,27.079999923706055,27.229999542236328,26.924999237060547,26.959999084472656,23.339387893676758,4127200
2019-09-24,VST,VST,27.020000457763672,27.209999084472656,26.709999084472656,26.979999542236328,23.356704711914062,4222900
2019-09-25,VST,VST,26.90999984741211,27.209999084472656,26.739999771118164,27.149999618530273,23.503877639770508,3781200
2019-09-26,VST,VST,27.149999618530273,27.15999984741211,26.760000228881836,26.8799991607666,23.270139694213867,3351900
2019-09-27,VST,VST,26.940000534057617,26.969999313354492,26.545000076293945,26.739999771118164,23.148941040039062,3232400
2019-09-30,VST,VST,26.6200008392334,26.8799991607666,26.59000015258789,26.729999542236328,23.140275955200195,4049400
2019-10-01,VST,VST,26.709999084472656,26.8700008392334,26.469999313354492,26.5,22.941165924072266,2711000
2019-10-02,VST,VST,26.389999389648438,26.461999893188477,26.1200008392334,26.1200008392334,22.612205505371094,5042500
2019-10-03,VST,VST,26.15999984741211,26.295000076293945,26.020000457763672,26.229999542236328,22.70743179321289,3152900
2019-10-04,VST,VST,26.34000015258789,26.93000030517578,26.170000076293945,26.93000030517578,23.31342315673828,2798200
2019-10-07,VST,VST,26.93000030517578,27.219999313354492,26.809999465942383,27.0,23.374025344848633,4198200
2019-10-08,VST,VST,26.940000534057617,27.479999542236328,26.81999969482422,27.139999389648438,23.495223999023438,4395500
2019-10-09,VST,VST,27.18000030517578,27.31999969482422,26.940000534057617,27.06999969482422,23.43462562561035,3013700
2019-10-10,VST,VST,27.049999237060547,27.049999237060547,26.75,26.920000076293945,23.304765701293945,3639100
2019-10-11,VST,VST,27.030000686645508,27.415000915527344,26.93000030517578,27.09000015258789,23.45193099975586,3626200
2019-10-14,VST,VST,27.229999542236328,27.229999542236328,26.90999984741211,26.969999313354492,23.348054885864258,2106400
2019-10-15,VST,VST,27.0,27.149999618530273,26.80500030517578,26.899999618530273,23.28744888305664,3470900
2019-10-16,VST,VST,26.84000015258789,26.940000534057617,26.540000915527344,26.65999984741211,23.079679489135742,2974300
2019-10-17,VST,VST,26.760000228881836,26.93000030517578,26.639999389648438,26.84000015258789,23.235509872436523,2899100
2019-10-18,VST,VST,26.84000015258789,26.94499969482422,26.56999969482422,26.790000915527344,23.192222595214844,4131700
2019-10-21,VST,VST,26.950000762939453,27.219999313354492,26.950000762939453,27.049999237060547,23.417306900024414,3258200
2019-10-22,VST,VST,27.1200008392334,27.204999923706055,26.940000534057617,27.100000381469727,23.46059226989746,2334500
2019-10-23,VST,VST,27.059999465942383,27.165000915527344,26.8799991607666,27.040000915527344,23.408653259277344,2594800
2019-10-24,VST,VST,27.170000076293945,27.170000076293945,26.850000381469727,26.989999771118164,23.365365982055664,2787000
2019-10-25,VST,VST,26.950000762939453,27.149999618530273,26.920000076293945,27.100000381469727,23.46059226989746,3156500
2019-10-28,VST,VST,27.139999389648438,27.235000610351562,26.979999542236328,26.989999771118164,23.365365982055664,2671700
2019-10-29,VST,VST,26.860000610351562,27.184999465942383,26.790000915527344,27.030000686645508,23.399991989135742,4210100
2019-10-30,VST,VST,27.079999923706055,27.290000915527344,26.829999923706055,27.25,23.59044647216797,4523800
2019-10-31,VST,VST,27.200000762939453,27.420000076293945,26.979999542236328,27.030000686645508,23.399991989135742,3552900
2019-11-01,VST,VST,27.09000015258789,27.280000686645508,26.950000762939453,27.170000076293945,23.521183013916016,3485700
2019-11-04,VST,VST,27.1299991607666,27.520000457763672,27.06999969482422,27.3700008392334,23.6943302154541,4911800
2019-11-05,VST,VST,27.559999465942383,27.959999084472656,26.325000762939453,26.360000610351562,22.819971084594727,5592900
2019-11-06,VST,VST,26.440000534057617,26.579999923706055,25.649999618530273,25.75,22.29189109802246,4139700
2019-11-07,VST,VST,26.229999542236328,26.729999542236328,25.825000762939453,26.209999084472656,22.690113067626953,5206900
2019-11-08,VST,VST,26.209999084472656,26.290000915527344,25.88800048828125,26.0,22.508319854736328,3823000
2019-11-11,VST,VST,26.040000915527344,26.219999313354492,26.010000228881836,26.09000015258789,22.58622932434082,3014700
2019-11-12,VST,VST,26.010000228881836,26.479999542236328,26.010000228881836,26.299999237060547,22.768028259277344,3348800
2019-11-13,VST,VST,26.290000915527344,26.290000915527344,25.979999542236328,26.0,22.508319854736328,3509000
2019-11-14,VST,VST,26.059999465942383,26.530000686645508,25.84000015258789,26.34000015258789,22.802648544311523,10555700
2019-11-15,VST,VST,26.389999389648438,26.510000228881836,26.125,26.200000762939453,22.681459426879883,7102000
2019-11-18,VST,VST,26.280000686645508,26.780000686645508,26.2450008392334,26.68000030517578,23.096996307373047,6045000
2019-11-19,VST,VST,26.719999313354492,26.719999313354492,26.200000762939453,26.440000534057617,22.88922691345215,4163900
2019-11-20,VST,VST,26.360000610351562,26.690000534057617,26.360000610351562,26.690000534057617,23.105653762817383,4800800
2019-11-21,VST,VST,26.719999313354492,26.799999237060547,26.270000457763672,26.440000534057617,22.88922691345215,3049600
2019-11-22,VST,VST,26.43000030517578,26.690000534057617,26.299999237060547,26.530000686645508,22.967144012451172,2878300
2019-11-25,VST,VST,26.5,26.700000762939453,26.170000076293945,26.270000457763672,22.7420597076416,2721100
2019-11-26,VST,VST,26.309999465942383,26.309999465942383,26.0049991607666,26.170000076293945,22.65549087524414,3042500
2019-11-27,VST,VST,26.280000686645508,26.510000228881836,26.139999389648438,26.479999542236328,22.92385482788086,1759300
2019-11-29,VST,VST,26.43000030517578,26.68000030517578,26.264999389648438,26.530000686645508,22.967144012451172,1477800
2019-12-02,VST,VST,26.520000457763672,26.690000534057617,26.440000534057617,26.459999084472656,22.906539916992188,3318000
2019-12-03,VST,VST,26.43000030517578,26.510000228881836,26.09000015258789,26.40999984741211,22.863256454467773,2968000
2019-12-04,VST,VST,25.729999542236328,25.729999542236328,24.94499969482422,25.110000610351562,21.737842559814453,15051700
2019-12-05,VST,VST,25.209999084472656,25.299999237060547,24.329999923706055,24.450000762939453,21.166479110717773,7182300
2019-12-06,VST,VST,24.479999542236328,24.59000015258789,24.010000228881836,24.09000015258789,20.854820251464844,7784500
2019-12-09,VST,VST,24.170000076293945,24.264999389648438,23.56999969482422,23.670000076293945,20.49122428894043,7410700
2019-12-10,VST,VST,23.899999618530273,24.059999465942383,23.434999465942383,23.84000015258789,20.638395309448242,7237800
2019-12-11,VST,VST,23.780000686645508,24.110000610351562,23.780000686645508,23.899999618530273,20.690340042114258,3455300
2019-12-12,VST,VST,24.0,24.235000610351562,23.920000076293945,24.049999237060547,20.820192337036133,3563300
2019-12-13,VST,VST,24.0,24.100000381469727,23.65999984741211,23.709999084472656,20.633100509643555,3242500
2019-12-16,VST,VST,23.68000030517578,24.30500030517578,23.65999984741211,24.239999771118164,21.094318389892578,6451200
2019-12-17,VST,VST,24.389999389648438,24.40999984741211,23.829999923706055,23.940000534057617,20.8332462310791,5751700
2019-12-18,VST,VST,23.899999618530273,24.190000534057617,23.739999771118164,23.8799991607666,20.781034469604492,5735300
2019-12-19,VST,VST,23.889999389648438,24.514999389648438,23.8799991607666,24.229999542236328,21.085617065429688,7397400
2019-12-20,VST,VST,24.280000686645508,24.600000381469727,23.940000534057617,24.010000228881836,20.8941650390625,13691800
2019-12-23,VST,VST,24.06999969482422,24.079999923706055,23.549999237060547,23.649999618530273,20.580881118774414,4751000
2019-12-24,VST,VST,23.68000030517578,23.709999084472656,23.440000534057617,23.489999771118164,20.441640853881836,1177000
2019-12-26,VST,VST,23.549999237060547,23.579999923706055,22.969999313354492,23.030000686645508,20.041343688964844,3350000
2019-12-27,VST,VST,23.0,23.09000015258789,22.645000457763672,22.81999969482422,19.858592987060547,4282600
2019-12-30,VST,VST,22.719999313354492,23.014999389648438,22.684999465942383,22.81999969482422,19.858592987060547,3846800
2019-12-31,VST,VST,22.739999771118164,23.049999237060547,22.719999313354492,22.989999771118164,20.006528854370117,3475900
2020-01-02,VST,VST,23.079999923706055,23.079999923706055,22.625,22.84000015258789,19.87599754333496,3934900
2020-01-03,VST,VST,22.719999313354492,23.1299991607666,22.719999313354492,23.079999923706055,20.084850311279297,3768200
2020-01-06,VST,VST,23.040000915527344,23.135000228881836,22.610000610351562,22.690000534057617,19.745464324951172,4901400
2020-01-07,VST,VST,22.610000610351562,22.8799991607666,22.53499984741211,22.829999923706055,19.867298126220703,4697800
2020-01-08,VST,VST,22.790000915527344,23.21500015258789,22.700000762939453,23.1299991607666,20.128358840942383,5776900
2020-01-09,VST,VST,23.149999618530273,23.219999313354492,22.829999923706055,22.860000610351562,19.893402099609375,3955900
2020-01-10,VST,VST,22.860000610351562,23.065000534057617,22.665000915527344,22.760000228881836,19.80637550354004,4132500
2020-01-13,VST,VST,22.719999313354492,22.860000610351562,22.5,22.530000686645508,19.606229782104492,5545700
2020-01-14,VST,VST,22.510000228881836,22.739999771118164,22.479999542236328,22.670000076293945,19.72805404663086,3805800
2020-01-15,VST,VST,22.600000381469727,23.010000228881836,22.600000381469727,22.729999542236328,19.780271530151367,4738600
2020-01-16,VST,VST,22.809999465942383,23.43000030517578,22.809999465942383,23.200000762939453,20.189279556274414,6538100
2020-01-17,VST,VST,23.260000228881836,23.360000610351562,22.93000030517578,22.940000534057617,19.9630184173584,3208700
2020-01-21,VST,VST,22.93000030517578,22.989999771118164,22.700000762939453,22.709999084472656,19.762866973876953,3703100
2020-01-22,VST,VST,22.829999923706055,23.020000457763672,22.690000534057617,22.739999771118164,19.788978576660156,2727500
2020-01-23,VST,VST,22.770000457763672,23.010000228881836,22.6299991607666,22.959999084472656,19.980422973632812,3577200
2020-01-24,VST,VST,22.8799991607666,22.934999465942383,22.059999465942383,22.170000076293945,19.292945861816406,3768600
2020-01-27,VST,VST,22.010000228881836,22.09000015258789,21.649999618530273,21.649999618530273,18.84042739868164,3040000
2020-01-28,VST,VST,21.709999084472656,21.790000915527344,21.540000915527344,21.540000915527344,18.744701385498047,2610400
2020-01-29,VST,VST,21.510000228881836,22.219999313354492,21.360000610351562,22.1299991607666,19.258132934570312,5300400
2020-01-30,VST,VST,22.15999984741211,22.450000762939453,21.81999969482422,22.40999984741211,19.501798629760742,4797800
2020-01-31,VST,VST,22.299999237060547,22.600000381469727,22.219999313354492,22.520000457763672,19.597522735595703,5032700
2020-02-03,VST,VST,22.530000686645508,22.75,22.3700008392334,22.56999969482422,19.641035079956055,3294300
2020-02-04,VST,VST,22.68000030517578,22.829999923706055,22.040000915527344,22.040000915527344,19.1798152923584,3919600
2020-02-05,VST,VST,22.06999969482422,22.5049991607666,21.850000381469727,21.93000030517578,19.084096908569336,4304300
2020-02-06,VST,VST,21.959999084472656,22.010000228881836,21.719999313354492,21.719999313354492,18.901342391967773,3945300
2020-02-07,VST,VST,21.739999771118164,22.360000610351562,21.739999771118164,22.299999237060547,19.40607261657715,4736800
2020-02-10,VST,VST,22.299999237060547,22.375,22.06999969482422,22.270000457763672,19.379966735839844,2971400
2020-02-11,VST,VST,22.3700008392334,23.440000534057617,22.329999923706055,22.979999542236328,19.997831344604492,9173400
2020-02-12,VST,VST,22.829999923706055,23.19499969482422,22.829999923706055,22.93000030517578,19.954313278198242,5164400
2020-02-13,VST,VST,22.93000030517578,23.09000015258789,22.860000610351562,23.06999969482422,20.076152801513672,1847200
2020-02-14,VST,VST,23.1299991607666,23.299999237060547,23.059999465942383,23.290000915527344,20.267597198486328,3262100
2020-02-18,VST,VST,23.3799991607666,23.600000381469727,23.15999984741211,23.360000610351562,20.328516006469727,4229100
2020-02-19,VST,VST,23.399999618530273,23.454999923706055,22.68000030517578,22.690000534057617,19.745464324951172,3211100
2020-02-20,VST,VST,22.709999084472656,22.959999084472656,22.584999084472656,22.90999984741211,19.936912536621094,3439100
2020-02-21,VST,VST,22.8700008392334,23.459999084472656,22.790000915527344,23.43000030517578,20.389429092407227,4101600
2020-02-24,VST,VST,23.18000030517578,23.190000534057617,22.6200008392334,22.979999542236328,19.997831344604492,3824400
2020-02-25,VST,VST,23.040000915527344,23.280000686645508,22.1299991607666,22.139999389648438,19.26683807373047,6927000
2020-02-26,VST,VST,22.31999969482422,22.625,21.670000076293945,21.68000030517578,18.86653709411621,6505700
2020-02-27,VST,VST,21.579999923706055,21.600000381469727,20.459999084472656,20.59000015258789,17.917987823486328,7335100
2020-02-28,VST,VST,20.43000030517578,20.43000030517578,18.75,19.229999542236328,16.73447608947754,12553900
2020-03-02,VST,VST,19.299999237060547,20.235000610351562,18.940000534057617,20.139999389648438,17.526378631591797,8020800
2020-03-03,VST,VST,20.25,21.030000686645508,20.100000381469727,20.25,17.622106552124023,5850400
2020-03-04,VST,VST,20.520000457763672,21.079999923706055,20.420000076293945,21.049999237060547,18.31829261779785,5557900
2020-03-05,VST,VST,20.8799991607666,21.0,20.3799991607666,20.639999389648438,17.96149444580078,4195700
2020-03-06,VST,VST,19.90999984741211,20.829999923706055,19.84000015258789,20.530000686645508,17.86577606201172,3905500
2020-03-09,VST,VST,19.040000915527344,19.315000534057617,18.040000915527344,18.43000030517578,16.03829574584961,7633800
2020-03-10,VST,VST,18.969999313354492,19.3799991607666,17.889999389648438,19.34000015258789,16.830202102661133,5197100
2020-03-11,VST,VST,18.760000228881836,18.940000534057617,17.270000457763672,17.790000915527344,15.481351852416992,9774300
2020-03-12,VST,VST,16.360000610351562,16.75,14.270000457763672,14.550000190734863,12.661810874938965,9958400
2020-03-13,VST,VST,15.40999984741211,15.90999984741211,14.510000228881836,15.489999771118164,13.479823112487793,8778900
2020-03-16,VST,VST,14.260000228881836,15.475000381469727,13.5,13.6899995803833,12.018156051635742,6744100
2020-03-17,VST,VST,14.069999694824219,14.380000114440918,12.664999961853027,12.890000343322754,11.315855026245117,5373900
2020-03-18,VST,VST,11.949999809265137,13.039999961853027,11.300000190734863,12.600000381469727,11.06126880645752,8804100
2020-03-19,VST,VST,12.430000305175781,14.4399995803833,12.34000015258789,14.220000267028809,12.48343276977539,7457700
2020-03-20,VST,VST,14.600000381469727,14.729999542236328,13.824999809265137,14.079999923706055,12.360528945922852,11443200
2020-03-23,VST,VST,14.029999732971191,14.119999885559082,12.704999923706055,12.920000076293945,11.342191696166992,9830700
2020-03-24,VST,VST,13.729999542236328,15.015000343322754,13.675000190734863,14.609999656677246,12.825803756713867,6688200
2020-03-25,VST,VST,14.569999694824219,15.529999732971191,13.859999656677246,14.6899995803833,12.896035194396973,6976600
2020-03-26,VST,VST,14.84000015258789,16.204999923706055,14.260000228881836,15.789999961853027,13.861702919006348,7048600
2020-03-27,VST,VST,15.210000038146973,16.709999084472656,14.720000267028809,16.389999389648438,14.388426780700684,6820300
2020-03-30,VST,VST,16.489999771118164,16.6299991607666,15.460000038146973,16.059999465942383,14.098729133605957,4086300
2020-03-31,VST,VST,15.829999923706055,16.260000228881836,15.595000267028809,15.960000038146973,14.010941505432129,5448300
2020-04-01,VST,VST,15.270000457763672,15.454999923706055,15.039999961853027,15.329999923706055,13.457879066467285,4538300
2020-04-02,VST,VST,15.15999984741211,16.030000686645508,15.09000015258789,15.979999542236328,14.028498649597168,6455400
2020-04-03,VST,VST,15.850000381469727,16.149999618530273,15.600000381469727,15.829999923706055,13.896815299987793,7313300
2020-04-06,VST,VST,16.489999771118164,16.81999969482422,15.729999542236328,16.020000457763672,14.063612937927246,6454300
2020-04-07,VST,VST,16.600000381469727,16.969999313354492,16.260000228881836,16.299999237060547,14.309419631958008,4790600
2020-04-08,VST,VST,16.399999618530273,17.530000686645508,16.309999465942383,17.459999084472656,15.3277587890625,2937600
2020-04-09,VST,VST,17.780000686645508,18.690000534057617,17.415000915527344,17.790000915527344,15.617461204528809,3392700
2020-04-13,VST,VST,17.690000534057617,17.739999771118164,16.469999313354492,17.139999389648438,15.046833038330078,2806900
2020-04-14,VST,VST,17.459999084472656,17.709999084472656,16.969999313354492,17.420000076293945,15.292641639709473,4031900
2020-04-15,VST,VST,16.8700008392334,16.969999313354492,15.975000381469727,16.190000534057617,14.212852478027344,5434600
2020-04-16,VST,VST,16.270000457763672,16.31999969482422,15.770000457763672,16.100000381469727,14.133844375610352,5722500
2020-04-17,VST,VST,16.5,17.6299991607666,16.40999984741211,17.540000915527344,15.397994041442871,4376100
2020-04-20,VST,VST,17.219999313354492,17.59000015258789,16.68000030517578,16.889999389648438,14.827370643615723,5457200
2020-04-21,VST,VST,16.530000686645508,17.075000762939453,16.360000610351562,17.020000457763672,14.941496849060059,4577500
2020-04-22,VST,VST,17.389999389648438,17.729999542236328,17.06999969482422,17.639999389648438,15.485779762268066,2847300
2020-04-23,VST,VST,17.75,17.770000457763672,17.3700008392334,17.5,15.362874984741211,2386400
2020-04-24,VST,VST,17.520000457763672,18.22599983215332,17.459999084472656,18.040000915527344,15.83692455291748,1728400
2020-04-27,VST,VST,18.389999389648438,19.06999969482422,18.1299991607666,18.950000762939453,16.63579750061035,3005900
2020-04-28,VST,VST,19.329999923706055,19.940000534057617,19.06999969482422,19.209999084472656,16.86404800415039,3901500
2020-04-29,VST,VST,19.790000915527344,20.200000762939453,19.469999313354492,19.75,17.338106155395508,5214900
2020-04-30,VST,VST,19.549999237060547,19.690000534057617,19.079999923706055,19.540000915527344,17.153749465942383,3620100
2020-05-01,VST,VST,19.15999984741211,19.520000457763672,18.850000381469727,19.350000381469727,16.9869441986084,3537300
2020-05-04,VST,VST,19.149999618530273,19.25,18.649999618530273,18.969999313354492,16.653352737426758,3783000
2020-05-05,VST,VST,20.68000030517578,20.68000030517578,18.68000030517578,18.719999313354492,16.433887481689453,5490000
2020-05-06,VST,VST,18.760000228881836,18.8700008392334,18.040000915527344,18.229999542236328,16.003726959228516,3254600
2020-05-07,VST,VST,18.420000076293945,18.540000915527344,17.8799991607666,17.950000762939453,15.757918357849121,4784200
2020-05-08,VST,VST,18.229999542236328,19.104999542236328,18.09000015258789,18.899999618530273,16.591903686523438,2832400
2020-05-11,VST,VST,18.719999313354492,18.719999313354492,18.135000228881836,18.31999969482422,16.082735061645508,3006500
2020-05-12,VST,VST,18.270000457763672,18.5,18.030000686645508,18.100000381469727,15.889596939086914,2913000
2020-05-13,VST,VST,18.010000228881836,18.25,17.5,17.81999969482422,15.643794059753418,4922700
2020-05-14,VST,VST,17.709999084472656,18.7450008392334,17.610000610351562,18.709999084472656,16.42510986328125,3079300
2020-05-15,VST,VST,18.489999771118164,18.85099983215332,18.3700008392334,18.56999969482422,16.302202224731445,3130400
2020-05-18,VST,VST,19.219999313354492,20.030000686645508,19.219999313354492,19.920000076293945,17.487340927124023,4311500
2020-05-19,VST,VST,19.84000015258789,20.024999618530273,19.530000686645508,19.530000686645508,17.144969940185547,2721200
2020-05-20,VST,VST,19.799999237060547,20.59000015258789,19.78499984741211,19.989999771118164,17.548795700073242,4293300
2020-05-21,VST,VST,19.850000381469727,20.020000457763672,19.575000762939453,19.600000381469727,17.206417083740234,3201000
2020-05-22,VST,VST,19.540000915527344,19.834999084472656,19.309999465942383,19.809999465942383,17.39076805114746,1969800
2020-05-26,VST,VST,20.440000534057617,20.479999542236328,19.600000381469727,19.719999313354492,17.311765670776367,5272100
2020-05-27,VST,VST,20.049999237060547,20.1200008392334,19.56999969482422,20.1200008392334,17.662918090820312,3483300
2020-05-28,VST,VST,20.299999237060547,20.93000030517578,20.1200008392334,20.809999465942383,18.26865005493164,4085700
2020-05-29,VST,VST,20.760000228881836,20.940000534057617,20.139999389648438,20.440000534057617,17.943838119506836,7388300
2020-06-01,VST,VST,20.34000015258789,21.020000457763672,20.34000015258789,20.940000534057617,18.382780075073242,3143100
2020-06-02,VST,VST,21.040000915527344,21.264999389648438,20.514999389648438,20.6299991607666,18.11063575744629,4414300
2020-06-03,VST,VST,20.84000015258789,20.934999465942383,20.485000610351562,20.809999465942383,18.26865005493164,3232900
2020-06-04,VST,VST,20.739999771118164,20.84000015258789,19.940000534057617,20.280000686645508,17.80337142944336,3989000
2020-06-05,VST,VST,20.81999969482422,21.389999389648438,20.649999618530273,20.8700008392334,18.32132339477539,4149700
2020-06-08,VST,VST,21.209999084472656,22.014999389648438,21.0,22.0,19.313329696655273,6988700
2020-06-09,VST,VST,21.989999771118164,21.989999771118164,21.010000228881836,21.170000076293945,18.58469009399414,4255300
2020-06-10,VST,VST,21.15999984741211,21.43000030517578,20.540000915527344,21.219999313354492,18.628582000732422,4236300
2020-06-11,VST,VST,20.59000015258789,20.6200008392334,19.5,19.75,17.338106155395508,3259000
2020-06-12,VST,VST,20.309999465942383,20.559999465942383,19.729999542236328,20.200000762939453,17.73314666748047,4000200
2020-06-15,VST,VST,19.59000015258789,20.15999984741211,19.299999237060547,19.8700008392334,17.56080436706543,2978600
2020-06-16,VST,VST,20.459999084472656,21.0,20.219999313354492,20.489999771118164,18.108755111694336,4619900
2020-06-17,VST,VST,20.530000686645508,20.709999084472656,20.020000457763672,20.280000686645508,17.92315673828125,4986000
2020-06-18,VST,VST,20.079999923706055,20.43000030517578,20.020000457763672,20.290000915527344,17.93199920654297,4704000
2020-06-19,VST,VST,20.56999969482422,20.6299991607666,19.799999237060547,19.829999923706055,17.525455474853516,7364100
2020-06-22,VST,VST,19.799999237060547,19.84000015258789,19.290000915527344,19.649999618530273,17.366376876831055,4792400
2020-06-23,VST,VST,19.719999313354492,19.7549991607666,18.7549991607666,18.889999389648438,16.694700241088867,5692300
2020-06-24,VST,VST,18.670000076293945,18.8799991607666,18.420000076293945,18.610000610351562,16.447242736816406,4048000
2020-06-25,VST,VST,18.579999923706055,18.899999618530273,18.375,18.8700008392334,16.677024841308594,3236600
2020-06-26,VST,VST,18.729999542236328,18.799999237060547,17.81999969482422,18.1299991607666,16.023019790649414,8666900
2020-06-29,VST,VST,18.299999237060547,18.760000228881836,17.985000610351562,18.739999771118164,16.562135696411133,3304200
2020-06-30,VST,VST,18.600000381469727,18.719999313354492,18.31999969482422,18.6200008392334,16.45607566833496,4131000
2020-07-01,VST,VST,18.6200008392334,19.25,18.540000915527344,19.139999389648438,16.91564178466797,4010500
2020-07-02,VST,VST,19.389999389648438,19.469999313354492,18.940000534057617,19.040000915527344,16.827268600463867,3236600
2020-07-06,VST,VST,19.34000015258789,19.530000686645508,19.049999237060547,19.280000686645508,17.03937530517578,2175500
2020-07-07,VST,VST,19.110000610351562,19.110000610351562,18.895000457763672,18.979999542236328,16.774240493774414,2666100
2020-07-08,VST,VST,19.059999465942383,19.670000076293945,18.940000534057617,19.559999465942383,17.286832809448242,2757600
2020-07-09,VST,VST,19.440000534057617,19.440000534057617,18.71299934387207,19.0,16.791912078857422,2586200
2020-07-10,VST,VST,19.0,19.219999313354492,18.829999923706055,18.8700008392334,16.677024841308594,3963700
2020-07-13,VST,VST,18.959999084472656,19.489999771118164,18.850000381469727,19.110000610351562,16.889129638671875,3541000
2020-07-14,VST,VST,19.020000457763672,19.375,18.94499969482422,19.190000534057617,16.9598331451416,2102300
2020-07-15,VST,VST,19.389999389648438,19.565000534057617,19.173999786376953,19.299999237060547,17.05704689025879,2404100
2020-07-16,VST,VST,19.209999084472656,19.6200008392334,19.184999465942383,19.399999618530273,17.145427703857422,3494100
2020-07-17,VST,VST,19.40999984741211,19.700000762939453,19.405000686645508,19.6200008392334,17.33986473083496,1621100
2020-07-20,VST,VST,19.530000686645508,19.6200008392334,18.950000762939453,19.100000381469727,16.88029670715332,4465300
2020-07-21,VST,VST,19.18000030517578,19.6200008392334,19.149999618530273,19.239999771118164,17.0040225982666,2580800
2020-07-22,VST,VST,19.1200008392334,19.625,18.90999984741211,19.520000457763672,17.251483917236328,4874500
2020-07-23,VST,VST,19.459999084472656,19.6200008392334,19.06999969482422,19.15999984741211,16.933320999145508,5564100
2020-07-24,VST,VST,19.190000534057617,19.479999542236328,18.684999465942383,18.8799991607666,16.685863494873047,4421700
2020-07-27,VST,VST,18.8799991607666,18.884000778198242,18.0,18.200000762939453,16.08488655090332,5009000
2020-07-28,VST,VST,18.260000228881836,18.75,18.18899917602539,18.440000534057617,16.296993255615234,3488900
2020-07-29,VST,VST,18.479999542236328,18.90999984741211,18.440000534057617,18.8700008392334,16.677024841308594,2509700
2020-07-30,VST,VST,18.639999389648438,18.860000610351562,18.229999542236328,18.799999237060547,16.615154266357422,1884800
2020-07-31,VST,VST,18.790000915527344,18.860000610351562,18.43000030517578,18.65999984741211,16.491426467895508,2507800
2020-08-03,VST,VST,18.6299991607666,18.795000076293945,18.290000915527344,18.760000228881836,16.579809188842773,2381700
2020-08-04,VST,VST,18.729999542236328,19.225000381469727,18.690000534057617,18.760000228881836,16.579809188842773,4558000
2020-08-05,VST,VST,19.0,19.389999389648438,18.094999313354492,18.260000228881836,16.13791847229004,4892800
2020-08-06,VST,VST,18.1299991607666,18.96500015258789,18.1299991607666,18.829999923706055,16.641672134399414,2813900
2020-08-07,VST,VST,18.729999542236328,19.145000457763672,18.485000610351562,18.899999618530273,16.703535079956055,3991100
2020-08-10,VST,VST,18.93000030517578,19.270000457763672,18.809999465942383,19.200000762939453,16.968677520751953,2421600
2020-08-11,VST,VST,19.3799991607666,19.65999984741211,18.850000381469727,18.889999389648438,16.694700241088867,2335400
2020-08-12,VST,VST,19.079999923706055,19.440000534057617,19.020000457763672,19.34000015258789,17.092403411865234,2371800
2020-08-13,VST,VST,19.270000457763672,19.329999923706055,18.989999771118164,19.110000610351562,16.889129638671875,1064100
2020-08-14,VST,VST,18.93000030517578,19.19499969482422,18.799999237060547,19.049999237060547,16.836105346679688,1316300
2020-08-17,VST,VST,19.1299991607666,19.398000717163086,18.989999771118164,19.350000381469727,17.10123634338379,2235600
2020-08-18,VST,VST,19.399999618530273,20.399999618530273,19.350000381469727,20.139999389648438,17.79943084716797,6428000
2020-08-19,VST,VST,20.209999084472656,20.209999084472656,19.690000534057617,19.729999542236328,17.43707847595215,2396500
2020-08-20,VST,VST,19.600000381469727,19.75,19.34000015258789,19.399999618530273,17.145427703857422,2021100
2020-08-21,VST,VST,19.309999465942383,19.530000686645508,19.049999237060547,19.100000381469727,16.88029670715332,3077300
2020-08-24,VST,VST,19.15999984741211,19.40999984741211,18.899999618530273,19.299999237060547,17.05704689025879,1748500
2020-08-25,VST,VST,19.40999984741211,19.5049991607666,19.0,19.139999389648438,16.91564178466797,1774400
2020-08-26,VST,VST,19.0,19.020000457763672,18.479999542236328,18.760000228881836,16.579809188842773,2115800
2020-08-27,VST,VST,18.829999923706055,19.139999389648438,18.719999313354492,19.100000381469727,16.88029670715332,2436000
2020-08-28,VST,VST,19.25,19.325000762939453,18.959999084472656,19.299999237060547,17.05704689025879,1030500
2020-08-31,VST,VST,19.34000015258789,19.475000381469727,19.190000534057617,19.229999542236328,16.99518394470215,2526900
2020-09-01,VST,VST,19.110000610351562,19.110000610351562,18.68000030517578,18.760000228881836,16.579809188842773,2036100
2020-09-02,VST,VST,18.790000915527344,19.434999465942383,18.510000228881836,19.290000915527344,17.04821014404297,1801400
2020-09-03,VST,VST,19.260000228881836,19.520000457763672,18.665000915527344,18.75,16.570968627929688,2076000
2020-09-04,VST,VST,18.770000457763672,18.899999618530273,18.024999618530273,18.229999542236328,16.111400604248047,2352300
2020-09-08,VST,VST,18.229999542236328,18.399999618530273,17.75,17.850000381469727,15.775565147399902,2845400
2020-09-09,VST,VST,18.079999923706055,18.6200008392334,18.059999465942383,18.420000076293945,16.27931785583496,2598100
2020-09-10,VST,VST,18.3799991607666,18.415000915527344,18.079999923706055,18.09000015258789,15.987668991088867,1860800
2020-09-11,VST,VST,18.420000076293945,18.510000228881836,17.929000854492188,18.510000228881836,16.358863830566406,2949400
2020-09-14,VST,VST,18.510000228881836,18.8799991607666,18.25,18.8700008392334,16.677024841308594,2871500
2020-09-15,VST,VST,18.760000228881836,18.760000228881836,18.360000610351562,18.420000076293945,16.39662742614746,4239600
2020-09-16,VST,VST,18.31999969482422,18.829999923706055,18.299999237060547,18.610000610351562,16.56575584411621,4199100
2020-09-17,VST,VST,18.469999313354492,18.5,18.110000610351562,18.280000686645508,16.27200698852539,4829700
2020-09-18,VST,VST,18.25,18.5,18.014999389648438,18.110000610351562,16.12067222595215,4210800
2020-09-21,VST,VST,17.809999465942383,18.094999313354492,17.670000076293945,17.889999389648438,15.924844741821289,3740600
2020-09-22,VST,VST,18.079999923706055,18.190000534057617,17.68000030517578,17.81999969482422,15.862532615661621,4177500
2020-09-23,VST,VST,17.889999389648438,18.139999389648438,17.81999969482422,17.959999084472656,15.987150192260742,3876600
2020-09-24,VST,VST,17.950000762939453,18.110000610351562,17.639999389648438,17.989999771118164,16.013858795166016,2915800
2020-09-25,VST,VST,17.899999618530273,18.104999542236328,17.760000228881836,18.010000228881836,16.031661987304688,2261200
2020-09-28,VST,VST,18.15999984741211,18.209999084472656,17.934999465942383,17.969999313354492,15.996052742004395,3745300
2020-09-29,VST,VST,18.149999618530273,18.860000610351562,18.149999618530273,18.530000686645508,16.49454116821289,8584100
2020-09-30,VST,VST,18.670000076293945,18.979999542236328,18.329999923706055,18.860000610351562,16.788291931152344,7880600
2020-10-01,VST,VST,18.940000534057617,18.959999084472656,17.854999542236328,17.889999389648438,15.924844741821289,5387900
2020-10-02,VST,VST,17.440000534057617,18.040000915527344,17.209999084472656,17.989999771118164,16.013858795166016,4149100
2020-10-05,VST,VST,18.040000915527344,18.225000381469727,17.790000915527344,17.809999465942383,15.853632926940918,5855800
2020-10-06,VST,VST,17.850000381469727,18.219999313354492,17.739999771118164,17.950000762939453,15.978249549865723,6051800
2020-10-07,VST,VST,18.0,18.040000915527344,17.760000228881836,17.829999923706055,15.871435165405273,5771000
2020-10-08,VST,VST,17.940000534057617,18.309999465942383,17.899999618530273,18.280000686645508,16.27200698852539,5212600
2020-10-09,VST,VST,18.360000610351562,18.43000030517578,17.989999771118164,17.989999771118164,16.013858795166016,3355800
2020-10-12,VST,VST,17.940000534057617,18.18000030517578,17.780000686645508,18.0,16.02275848388672,3888500
2020-10-13,VST,VST,17.899999618530273,18.145000457763672,17.690000534057617,18.030000686645508,16.049467086791992,5596400
2020-10-14,VST,VST,18.100000381469727,19.020000457763672,18.06999969482422,18.760000228881836,16.69927406311035,4168400
2020-10-15,VST,VST,18.549999237060547,19.065000534057617,18.440000534057617,18.75,16.690372467041016,2374100
2020-10-16,VST,VST,18.790000915527344,19.264999389648438,18.655000686645508,19.020000457763672,16.93071937561035,2492500
2020-10-19,VST,VST,19.09000015258789,19.1299991607666,18.809999465942383,18.809999465942383,16.743778228759766,2184900
2020-10-20,VST,VST,18.950000762939453,19.200000762939453,18.795000076293945,18.950000762939453,16.868404388427734,2256400
2020-10-21,VST,VST,18.770000457763672,19.149999618530273,18.71500015258789,18.940000534057617,16.85950469970703,2492500
2020-10-22,VST,VST,18.989999771118164,19.19499969482422,18.649999618530273,19.059999465942383,16.966325759887695,1943700
2020-10-23,VST,VST,19.219999313354492,19.3700008392334,19.020999908447266,19.280000686645508,17.162160873413086,1713800
2020-10-26,VST,VST,19.139999389648438,19.200000762939453,18.75,19.09000015258789,16.993026733398438,1970700
2020-10-27,VST,VST,19.0,19.260000228881836,18.364999771118164,18.440000534057617,16.414424896240234,3817500
2020-10-28,VST,VST,18.1299991607666,18.219999313354492,17.30500030517578,17.350000381469727,15.444162368774414,4082000
2020-10-29,VST,VST,17.190000534057617,17.530000686645508,16.90999984741211,17.34000015258789,15.435262680053711,3114600
2020-10-30,VST,VST,17.309999465942383,17.655000686645508,17.229999542236328,17.3700008392334,15.461965560913086,3819500
2020-11-02,VST,VST,17.59000015258789,17.90999984741211,17.420000076293945,17.739999771118164,15.791322708129883,5941700
2020-11-03,VST,VST,18.049999237060547,18.68000030517578,18.030000686645508,18.389999389648438,16.36992073059082,4046000
2020-11-04,VST,VST,18.600000381469727,18.8799991607666,18.062999725341797,18.34000015258789,16.325414657592773,3310900
2020-11-05,VST,VST,18.530000686645508,18.979999542236328,18.334999084472656,18.489999771118164,16.458932876586914,2319500
2020-11-06,VST,VST,18.3700008392334,18.729999542236328,18.239999771118164,18.260000228881836,16.254201889038086,2266100
2020-11-09,VST,VST,19.010000228881836,19.649999618530273,18.639999389648438,18.90999984741211,16.832801818847656,4571800
2020-11-10,VST,VST,18.989999771118164,20.19499969482422,18.850000381469727,20.18000030517578,17.963293075561523,4548300
2020-11-11,VST,VST,20.209999084472656,20.31999969482422,19.40999984741211,19.639999389648438,17.48261260986328,3453400
2020-11-12,VST,VST,19.709999084472656,19.854999542236328,18.829999923706055,19.030000686645508,16.939619064331055,3940100
2020-11-13,VST,VST,19.170000076293945,19.844999313354492,19.170000076293945,19.729999542236328,17.562728881835938,2649500
2020-11-16,VST,VST,20.0,20.15999984741211,19.56999969482422,19.799999237060547,17.625036239624023,2962300
2020-11-17,VST,VST,19.600000381469727,19.799999237060547,19.110000610351562,19.329999923706055,17.206661224365234,2616500
2020-11-18,VST,VST,19.350000381469727,19.489999771118164,18.610000610351562,18.6200008392334,16.57465362548828,3483800
2020-11-19,VST,VST,18.56999969482422,18.729999542236328,18.18000030517578,18.530000686645508,16.49454116821289,2798300
2020-11-20,VST,VST,18.450000762939453,18.690000534057617,18.18000030517578,18.200000762939453,16.200794219970703,2012300
2020-11-23,VST,VST,18.34000015258789,18.670000076293945,18.31999969482422,18.56999969482422,16.5301456451416,1991300
2020-11-24,VST,VST,18.84000015258789,19.3799991607666,18.600000381469727,19.3700008392334,17.242273330688477,3340600
2020-11-25,VST,VST,19.3700008392334,19.57699966430664,19.235000610351562,19.469999313354492,17.331283569335938,2248600
2020-11-27,VST,VST,19.510000228881836,19.649999618530273,19.459999084472656,19.59000015258789,17.4381046295166,1391500
2020-11-30,VST,VST,19.59000015258789,19.68000030517578,18.579999923706055,18.68000030517578,16.628067016601562,4669400
2020-12-01,VST,VST,18.75,19.1200008392334,18.690000534057617,18.780000686645508,16.71708106994629,2870500
2020-12-02,VST,VST,18.639999389648438,18.889999389648438,18.5,18.8700008392334,16.79719352722168,1826400
2020-12-03,VST,VST,18.84000015258789,18.950000762939453,18.604999542236328,18.770000457763672,16.70817756652832,2436000
2020-12-04,VST,VST,18.889999389648438,19.239999771118164,18.8799991607666,19.149999618530273,17.04643440246582,2387000
2020-12-07,VST,VST,19.200000762939453,19.200000762939453,18.65999984741211,18.969999313354492,16.88620948791504,3878300
2020-12-08,VST,VST,18.809999465942383,18.969999313354492,18.524999618530273,18.950000762939453,16.868404388427734,3582500
2020-12-09,VST,VST,19.0,19.139999389648438,18.825000762939453,19.010000228881836,16.92181396484375,2899400
2020-12-10,VST,VST,19.010000228881836,19.075000762939453,18.674999237060547,18.81999969482422,16.752683639526367,3746500
2020-12-11,VST,VST,18.639999389648438,18.719999313354492,18.21500015258789,18.280000686645508,16.27200698852539,4090100
2020-12-14,VST,VST,18.510000228881836,18.6200008392334,17.985000610351562,18.139999389648438,16.147377014160156,5038700
2020-12-15,VST,VST,18.200000762939453,18.514999389648438,17.959999084472656,18.459999084472656,16.555437088012695,4275100
2020-12-16,VST,VST,18.530000686645508,18.549999237060547,17.90999984741211,18.079999923706055,16.214643478393555,3949400
2020-12-17,VST,VST,17.979999542236328,18.110000610351562,17.78499984741211,17.93000030517578,16.080121994018555,4985800
2020-12-18,VST,VST,17.899999618530273,18.079999923706055,17.579999923706055,17.649999618530273,15.829011917114258,5841600
2020-12-21,VST,VST,17.739999771118164,17.774999618530273,17.389999389648438,17.559999465942383,15.748290061950684,5939100
2020-12-22,VST,VST,17.770000457763672,18.155000686645508,17.68000030517578,18.1299991607666,16.25948143005371,4624500
2020-12-23,VST,VST,18.25,18.56999969482422,18.08099937438965,18.469999313354492,16.564407348632812,4270100
2020-12-24,VST,VST,18.790000915527344,18.799999237060547,18.475000381469727,18.709999084472656,16.77964210510254,1503700
2020-12-28,VST,VST,18.799999237060547,19.15999984741211,18.770000457763672,19.1200008392334,17.14734649658203,2379500
2020-12-29,VST,VST,19.200000762939453,19.329999923706055,18.860000610351562,18.899999618530273,16.950042724609375,2394700
2020-12-30,VST,VST,18.81999969482422,19.531999588012695,18.799999237060547,19.489999771118164,17.479169845581055,3357200
2020-12-31,VST,VST,19.559999465942383,19.75,19.399999618530273,19.65999984741211,17.631629943847656,2653800
2021-01-04,VST,VST,19.639999389648438,19.729999542236328,19.155000686645508,19.18000030517578,17.201154708862305,4338400
2021-01-05,VST,VST,19.15999984741211,20.049999237060547,19.1299991607666,19.81999969482422,17.775121688842773,4014400
2021-01-06,VST,VST,20.010000228881836,20.899999618530273,20.010000228881836,20.290000915527344,18.19663429260254,5533600
2021-01-07,VST,VST,20.299999237060547,20.610000610351562,20.1200008392334,20.18000030517578,18.097984313964844,3347200
2021-01-08,VST,VST,20.299999237060547,21.059999465942383,20.280000686645508,20.989999771118164,18.82440948486328,4281800
2021-01-11,VST,VST,20.739999771118164,21.270000457763672,20.559999465942383,21.170000076293945,18.985841751098633,4897000
2021-01-12,VST,VST,21.260000228881836,21.719999313354492,21.200000762939453,21.559999465942383,19.33560562133789,3927400
2021-01-13,VST,VST,21.549999237060547,21.979999542236328,21.459999084472656,21.799999237060547,19.55084228515625,3054200
2021-01-14,VST,VST,21.8700008392334,21.899999618530273,21.30500030517578,21.329999923706055,19.12933349609375,4129800
2021-01-15,VST,VST,21.290000915527344,21.690000534057617,21.232999801635742,21.510000228881836,19.2907657623291,4013300
2021-01-19,VST,VST,21.65999984741211,21.8799991607666,21.510000228881836,21.709999084472656,19.470129013061523,3681900
2021-01-20,VST,VST,21.709999084472656,21.81999969482422,21.309999465942383,21.420000076293945,19.210050582885742,4582300
2021-01-21,VST,VST,21.3700008392334,21.459999084472656,20.959999084472656,21.190000534057617,19.00377655029297,4557000
2021-01-22,VST,VST,21.049999237060547,21.424999237060547,20.790000915527344,21.34000015258789,19.138307571411133,3934800
2021-01-25,VST,VST,21.229999542236328,21.520000457763672,20.84000015258789,20.850000381469727,18.698862075805664,4918000
2021-01-26,VST,VST,20.850000381469727,20.940000534057617,20.68000030517578,20.799999237060547,18.654008865356445,3955200
2021-01-27,VST,VST,20.549999237060547,20.899999618530273,20.18000030517578,20.18000030517578,18.097984313964844,5036100
2021-01-28,VST,VST,20.15999984741211,20.479999542236328,19.780000686645508,20.18000030517578,18.097984313964844,3319200
2021-01-29,VST,VST,20.059999465942383,20.479999542236328,19.969999313354492,19.969999313354492,17.909648895263672,3904200
2021-02-01,VST,VST,20.020000457763672,20.549999237060547,19.920000076293945,20.3700008392334,18.268381118774414,3389100
2021-02-02,VST,VST,20.56999969482422,21.114999771118164,20.469999313354492,20.81999969482422,18.67194938659668,4558200
2021-02-03,VST,VST,20.639999389648438,21.729999542236328,20.549999237060547,21.299999237060547,19.102426528930664,7976200
2021-02-04,VST,VST,21.350000381469727,21.43000030517578,20.860000610351562,21.09000015258789,18.91409683227539,4385400
2021-02-05,VST,VST,21.260000228881836,21.270000457763672,20.924999237060547,21.049999237060547,18.87822151184082,2866800
2021-02-08,VST,VST,21.100000381469727,21.3700008392334,20.84000015258789,21.040000915527344,18.869253158569336,3620900
2021-02-09,VST,VST,21.1200008392334,21.469999313354492,20.979999542236328,21.329999923706055,19.12933349609375,2680600
2021-02-10,VST,VST,21.530000686645508,21.584999084472656,21.079999923706055,21.450000762939453,19.236955642700195,2079000
2021-02-11,VST,VST,21.489999771118164,21.6299991607666,21.34000015258789,21.520000457763672,19.299734115600586,3888000
2021-02-12,VST,VST,21.579999923706055,21.610000610351562,21.21500015258789,21.329999923706055,19.12933349609375,2375300
2021-02-16,VST,VST,21.989999771118164,22.1200008392334,21.709999084472656,21.90999984741211,19.649494171142578,6371500
2021-02-17,VST,VST,22.0,22.299999237060547,21.709999084472656,22.010000228881836,19.739177703857422,4514400
2021-02-18,VST,VST,22.139999389648438,23.299999237060547,22.020000457763672,23.149999618530273,20.76156234741211,9159900
2021-02-19,VST,VST,23.239999771118164,23.34000015258789,22.799999237060547,22.90999984741211,20.546321868896484,5536300
2021-02-22,VST,VST,23.0,23.229999542236328,22.71500015258789,23.049999237060547,20.671878814697266,5783800
2021-02-23,VST,VST,23.049999237060547,23.479999542236328,22.454999923706055,23.3799991607666,20.967830657958984,6475000
2021-02-24,VST,VST,23.559999465942383,24.200000762939453,23.40999984741211,23.829999923706055,21.371400833129883,5513700
2021-02-25,VST,VST,23.739999771118164,24.010000228881836,22.729999542236328,22.760000228881836,20.41179847717285,7078900
2021-02-26,VST,VST,18.65999984741211,19.200000762939453,17.114999771118164,17.25,15.470277786254883,29798900
2021-03-01,VST,VST,18.010000228881836,18.299999237060547,17.3700008392334,17.40999984741211,15.613768577575684,21195500
2021-03-02,VST,VST,17.510000228881836,17.510000228881836,16.690000534057617,16.700000762939453,14.97702407836914,12942800
2021-03-03,VST,VST,16.600000381469727,16.790000915527344,16.19499969482422,16.43000030517578,14.734878540039062,12035100
2021-03-04,VST,VST,16.649999618530273,17.56999969482422,16.469999313354492,17.489999771118164,15.685514450073242,10713400
2021-03-05,VST,VST,17.8700008392334,18.09000015258789,17.31999969482422,17.81999969482422,15.981466293334961,7587200
2021-03-08,VST,VST,18.06999969482422,19.174999237060547,18.040000915527344,18.8799991607666,16.932104110717773,7913400
2021-03-09,VST,VST,18.899999618530273,19.360000610351562,18.540000915527344,18.649999618530273,16.725833892822266,8209800
2021-03-10,VST,VST,18.6299991607666,19.565000534057617,18.6299991607666,19.520000457763672,17.50607681274414,7075900
2021-03-11,VST,VST,19.5,19.62700080871582,18.30500030517578,18.809999465942383,16.869327545166016,8720600
2021-03-12,VST,VST,18.860000610351562,19.020000457763672,18.155000686645508,18.399999618530273,16.501630783081055,12757300
2021-03-15,VST,VST,18.399999618530273,18.639999389648438,18.219999313354492,18.59000015258789,16.67202377319336,8233700
2021-03-16,VST,VST,18.309999465942383,18.309999465942383,17.920000076293945,18.1200008392334,16.382707595825195,6541200
2021-03-17,VST,VST,17.010000228881836,17.709999084472656,17.010000228881836,17.290000915527344,15.63228702545166,10168500
2021-03-18,VST,VST,17.15999984741211,17.295000076293945,16.770000457763672,16.790000915527344,15.180221557617188,7972800
2021-03-19,VST,VST,16.799999237060547,17.350000381469727,16.639999389648438,17.299999237060547,15.641324043273926,8380700
2021-03-22,VST,VST,17.15999984741211,17.34000015258789,16.6299991607666,16.700000762939453,15.098851203918457,7602400
2021-03-23,VST,VST,16.790000915527344,17.094999313354492,16.6299991607666,16.700000762939453,15.098851203918457,6574200
2021-03-24,VST,VST,16.65999984741211,17.190000534057617,16.600000381469727,16.81999969482422,15.207345962524414,6247400
2021-03-25,VST,VST,16.8799991607666,17.277999877929688,16.610000610351562,17.049999237060547,15.41529655456543,6400900
2021-03-26,VST,VST,17.079999923706055,17.184999465942383,16.600000381469727,16.8700008392334,15.25255012512207,4641400
2021-03-29,VST,VST,16.829999923706055,17.739999771118164,16.770000457763672,17.6200008392334,15.930645942687988,6447700
2021-03-30,VST,VST,17.610000610351562,17.81999969482422,17.450000762939453,17.809999465942383,16.102428436279297,4370300
2021-03-31,VST,VST,17.8700008392334,17.940000534057617,17.670000076293945,17.68000030517578,15.984891891479492,4724100
2021-04-01,VST,VST,17.649999618530273,17.739999771118164,17.350000381469727,17.719999313354492,16.021055221557617,3120500
2021-04-05,VST,VST,17.899999618530273,17.989999771118164,17.510000228881836,17.68000030517578,15.984891891479492,3738500
2021-04-06,VST,VST,17.5,18.0049991607666,17.469999313354492,17.8799991607666,16.16571807861328,5133700
2021-04-07,VST,VST,17.850000381469727,17.93000030517578,17.600000381469727,17.690000534057617,15.993936538696289,3215300
2021-04-08,VST,VST,17.729999542236328,17.799999237060547,17.549999237060547,17.600000381469727,15.912559509277344,2668700
2021-04-09,VST,VST,17.540000915527344,17.649999618530273,17.25,17.5,15.822149276733398,4556300
2021-04-12,VST,VST,17.479999542236328,17.610000610351562,17.1200008392334,17.15999984741211,15.51474666595459,4964500
2021-04-13,VST,VST,17.149999618530273,17.649999618530273,17.010000228881836,17.549999237060547,15.867356300354004,4713200
2021-04-14,VST,VST,17.75,17.81999969482422,17.520000457763672,17.6299991607666,15.939682960510254,3579900
2021-04-15,VST,VST,17.6299991607666,17.920000076293945,17.6299991607666,17.920000076293945,16.20188331604004,3589200
2021-04-16,VST,VST,17.959999084472656,18.010000228881836,17.729999542236328,17.799999237060547,16.093387603759766,4379800
2021-04-19,VST,VST,18.0,18.020000457763672,17.809999465942383,17.860000610351562,16.147632598876953,4248300
2021-04-20,VST,VST,17.829999923706055,18.059999465942383,17.71500015258789,17.809999465942383,16.102428436279297,4265200
2021-04-21,VST,VST,17.75,17.90999984741211,17.649999618530273,17.760000228881836,16.057218551635742,4484600
2021-04-22,VST,VST,17.829999923706055,17.989999771118164,17.40999984741211,17.420000076293945,15.749815940856934,5103500
2021-04-23,VST,VST,17.420000076293945,17.530000686645508,17.229999542236328,17.489999771118164,15.813105583190918,3212900
2021-04-26,VST,VST,16.829999923706055,17.415000915527344,16.6299991607666,17.049999237060547,15.41529655456543,8312600
2021-04-27,VST,VST,17.0,17.059999465942383,16.739999771118164,16.84000015258789,15.225430488586426,5617800
2021-04-28,VST,VST,16.760000228881836,16.8799991607666,16.719999313354492,16.790000915527344,15.180221557617188,5003800
2021-04-29,VST,VST,16.889999389648438,17.315000534057617,16.84000015258789,17.059999465942383,15.424334526062012,6223600
2021-04-30,VST,VST,16.989999771118164,17.079999923706055,16.760000228881836,16.8700008392334,15.25255012512207,4121100
2021-05-03,VST,VST,16.90999984741211,17.059999465942383,16.799999237060547,16.799999237060547,15.189262390136719,3636100
2021-05-04,VST,VST,16.860000610351562,16.860000610351562,16.290000915527344,16.290000915527344,14.728161811828613,7868300
2021-05-05,VST,VST,16.31999969482422,16.399999618530273,15.699999809265137,16.260000228881836,14.701041221618652,14499100
2021-05-06,VST,VST,16.239999771118164,16.31999969482422,15.520000457763672,16.059999465942383,14.520215034484863,9773300
2021-05-07,VST,VST,16.059999465942383,16.059999465942383,15.470000267028809,16.049999237060547,14.5111722946167,11042400
2021-05-10,VST,VST,16.239999771118164,16.450000762939453,16.0,16.010000228881836,14.475007057189941,4886200
2021-05-11,VST,VST,16.1200008392334,16.43000030517578,16.020000457763672,16.329999923706055,14.764326095581055,7179100
2021-05-12,VST,VST,16.34000015258789,16.530000686645508,15.979999542236328,16.0,14.46596622467041,7436500
2021-05-13,VST,VST,16.06999969482422,16.350000381469727,15.9399995803833,16.059999465942383,14.520215034484863,6655500
2021-05-14,VST,VST,16.170000076293945,16.684999465942383,16.15999984741211,16.3799991607666,14.809532165527344,4340800
2021-05-17,VST,VST,16.219999313354492,16.31999969482422,15.760000228881836,15.920000076293945,14.393633842468262,6588000
2021-05-18,VST,VST,15.90999984741211,16.334999084472656,15.800000190734863,16.149999618530273,14.601583480834961,5171000
2021-05-19,VST,VST,15.970000267028809,16.559999465942383,15.859999656677246,16.530000686645508,14.945155143737793,5856100
2021-05-20,VST,VST,16.690000534057617,16.89699935913086,16.469999313354492,16.479999542236328,14.899944305419922,8113000
2021-05-21,VST,VST,16.56999969482422,16.799999237060547,16.510000228881836,16.68000030517578,15.080771446228027,4327700
2021-05-24,VST,VST,16.81999969482422,16.860000610351562,16.424999237060547,16.65999984741211,15.062685012817383,3052900
2021-05-25,VST,VST,16.549999237060547,16.68000030517578,16.170000076293945,16.18000030517578,14.628708839416504,5289100
2021-05-26,VST,VST,16.149999618530273,16.3700008392334,16.059999465942383,16.229999542236328,14.673914909362793,4062200
2021-05-27,VST,VST,16.239999771118164,16.31999969482422,15.90999984741211,16.059999465942383,14.520215034484863,7598500
2021-05-28,VST,VST,16.010000228881836,16.229999542236328,15.949999809265137,16.170000076293945,14.619667053222656,6334900
2021-06-01,VST,VST,16.299999237060547,16.530000686645508,16.18000030517578,16.450000762939453,14.872820854187012,6135200
2021-06-02,VST,VST,16.5,16.84000015258789,16.329999923706055,16.75,15.144061088562012,6838600
2021-06-03,VST,VST,16.309999465942383,17.459999084472656,16.059999465942383,17.3700008392334,15.704614639282227,8380000
2021-06-04,VST,VST,17.299999237060547,17.459999084472656,17.139999389648438,17.399999618530273,15.731738090515137,6969200
2021-06-07,VST,VST,17.454999923706055,17.729999542236328,17.299999237060547,17.610000610351562,15.92160701751709,5554300
2021-06-08,VST,VST,17.65999984741211,18.274999618530273,17.520000457763672,18.149999618530273,16.40983009338379,7152800
2021-06-09,VST,VST,18.239999771118164,18.3700008392334,18.079999923706055,18.280000686645508,16.52736473083496,4303900
2021-06-10,VST,VST,18.34000015258789,18.34000015258789,17.940000534057617,18.170000076293945,16.42791748046875,3314200
2021-06-11,VST,VST,18.25,18.649999618530273,18.15999984741211,18.6299991607666,16.843809127807617,3584100
2021-06-14,VST,VST,18.6299991607666,18.670000076293945,18.239999771118164,18.389999389648438,16.6268253326416,3619000
2021-06-15,VST,VST,18.280000686645508,18.489999771118164,18.079999923706055,18.40999984741211,16.78178596496582,3242700
2021-06-16,VST,VST,18.450000762939453,18.56999969482422,17.959999084472656,18.139999389648438,16.535661697387695,4213500
2021-06-17,VST,VST,18.1200008392334,18.204999923706055,17.975000381469727,18.149999618530273,16.544776916503906,4186800
2021-06-18,VST,VST,18.059999465942383,18.100000381469727,17.420000076293945,17.469999313354492,15.924920082092285,4557600
2021-06-21,VST,VST,17.639999389648438,17.959999084472656,17.56999969482422,17.920000076293945,16.335121154785156,3130200
2021-06-22,VST,VST,17.8700008392334,18.040000915527344,17.739999771118164,17.8799991607666,16.298654556274414,5578200
2021-06-23,VST,VST,17.8799991607666,17.940000534057617,17.700000762939453,17.75,16.180156707763672,2634300
2021-06-24,VST,VST,17.760000228881836,18.280000686645508,17.6299991607666,18.25,16.63593864440918,3520700
2021-06-25,VST,VST,18.25,18.489999771118164,18.18000030517578,18.389999389648438,16.763551712036133,4748300
2021-06-28,VST,VST,18.399999618530273,18.834999084472656,18.219999313354492,18.809999465942383,17.146408081054688,4082600
2021-06-29,VST,VST,18.8700008392334,18.940000534057617,18.309999465942383,18.389999389648438,16.763551712036133,4640600
2021-06-30,VST,VST,18.40999984741211,18.6200008392334,18.190000534057617,18.549999237060547,16.909399032592773,4950700
2021-07-01,VST,VST,18.649999618530273,18.96500015258789,18.575000762939453,18.8799991607666,17.210214614868164,3824000
2021-07-02,VST,VST,18.90999984741211,19.239999771118164,18.729999542236328,19.040000915527344,17.356067657470703,4047600
2021-07-06,VST,VST,18.979999542236328,19.020000457763672,18.049999237060547,18.34000015258789,16.71797752380371,5254000
2021-07-07,VST,VST,18.610000610351562,19.530000686645508,18.549999237060547,19.389999389648438,17.67510986328125,9637400
2021-07-08,VST,VST,19.049999237060547,19.059999465942383,18.649999618530273,18.75,17.091712951660156,6707600
2021-07-09,VST,VST,19.200000762939453,19.565000534057617,19.09000015258789,19.31999969482422,17.61130142211914,4442500
2021-07-12,VST,VST,19.209999084472656,19.309999465942383,18.979999542236328,19.309999465942383,17.60218620300293,3596200
2021-07-13,VST,VST,19.389999389648438,19.389999389648438,18.790000915527344,18.81999969482422,17.15552520751953,3290900
2021-07-14,VST,VST,18.81999969482422,19.020000457763672,18.739999771118164,18.799999237060547,17.137290954589844,2202800
2021-07-15,VST,VST,18.6299991607666,18.899999618530273,18.469999313354492,18.81999969482422,17.15552520751953,3170600
2021-07-16,VST,VST,18.940000534057617,19.125,18.760000228881836,18.809999465942383,17.146408081054688,3520400
2021-07-19,VST,VST,18.5,18.6299991607666,17.719999313354492,17.790000915527344,16.21661949157715,3924600
2021-07-20,VST,VST,17.84000015258789,18.30500030517578,17.84000015258789,18.190000534057617,16.58124542236328,4331800
2021-07-21,VST,VST,18.190000534057617,18.575000762939453,18.149999618530273,18.31999969482422,16.699743270874023,2709500
2021-07-22,VST,VST,18.670000076293945,18.90999984741211,18.43000030517578,18.829999923706055,17.164636611938477,4007800
2021-07-23,VST,VST,18.770000457763672,19.139999389648438,18.690000534057617,19.100000381469727,17.41075897216797,2679500
2021-07-26,VST,VST,19.06999969482422,19.334999084472656,18.885000228881836,19.100000381469727,17.41075897216797,2420500
2021-07-27,VST,VST,19.079999923706055,19.290000915527344,18.739999771118164,19.270000457763672,17.565723419189453,2575900
2021-07-28,VST,VST,19.299999237060547,19.485000610351562,19.09000015258789,19.469999313354492,17.748035430908203,4169500
2021-07-29,VST,VST,19.549999237060547,19.600000381469727,19.3439998626709,19.3799991607666,17.665992736816406,2352100
2021-07-30,VST,VST,19.280000686645508,19.559999465942383,19.110000610351562,19.149999618530273,17.45633888244629,3068100
2021-08-02,VST,VST,19.25,19.350000381469727,18.959999084472656,18.979999542236328,17.301374435424805,2968600
2021-08-03,VST,VST,18.90999984741211,19.200000762939453,18.850000381469727,18.950000762939453,17.27402687072754,2780100
2021-08-04,VST,VST,18.81999969482422,19.049999237060547,18.549999237060547,18.90999984741211,17.237567901611328,3187000
2021-08-05,VST,VST,18.399999618530273,18.65999984741211,17.850000381469727,18.270000457763672,16.65416717529297,6675900
2021-08-06,VST,VST,18.360000610351562,18.825000762939453,18.327999114990234,18.559999465942383,16.918514251708984,3351100
2021-08-09,VST,VST,18.610000610351562,18.90999984741211,18.520000457763672,18.889999389648438,17.219331741333008,3742800
2021-08-10,VST,VST,18.889999389648438,18.889999389648438,18.354999542236328,18.489999771118164,16.85470962524414,3325500
2021-08-11,VST,VST,18.40999984741211,18.520000457763672,18.200000762939453,18.350000381469727,16.72709083557129,2667800
2021-08-12,VST,VST,18.420000076293945,18.450000762939453,18.05500030517578,18.389999389648438,16.763551712036133,3001000
2021-08-13,VST,VST,18.3700008392334,18.489999771118164,18.315000534057617,18.399999618530273,16.772672653198242,2053200
2021-08-16,VST,VST,18.270000457763672,18.43000030517578,17.954999923706055,17.979999542236328,16.389812469482422,2418700
2021-08-17,VST,VST,17.950000762939453,18.19499969482422,17.809999465942383,18.149999618530273,16.544776916503906,3109300
2021-08-18,VST,VST,18.049999237060547,18.209999084472656,17.920000076293945,18.010000228881836,16.417163848876953,2076800
2021-08-19,VST,VST,17.90999984741211,18.1200008392334,17.780000686645508,17.799999237060547,16.225736618041992,3253300
2021-08-20,VST,VST,17.860000610351562,18.170000076293945,17.700000762939453,18.1299991607666,16.52654266357422,2324300
2021-08-23,VST,VST,18.06999969482422,18.1299991607666,17.959999084472656,18.030000686645508,16.435394287109375,2238600
2021-08-24,VST,VST,18.200000762939453,18.540000915527344,18.110000610351562,18.450000762939453,16.818248748779297,2976600
2021-08-25,VST,VST,18.540000915527344,19.079999923706055,18.389999389648438,19.0,17.319604873657227,3451600
2021-08-26,VST,VST,18.950000762939453,19.049999237060547,18.469999313354492,18.489999771118164,16.85470962524414,3668200
2021-08-27,VST,VST,18.559999465942383,18.719999313354492,18.420000076293945,18.68000030517578,17.02790641784668,3894400
2021-08-30,VST,VST,18.75,19.05500030517578,18.700000762939453,18.850000381469727,17.18286895751953,3329500
2021-08-31,VST,VST,18.889999389648438,19.09000015258789,18.795000076293945,19.09000015258789,17.401643753051758,3580900
2021-09-01,VST,VST,19.239999771118164,19.375,19.09000015258789,19.149999618530273,17.45633888244629,2955900
2021-09-02,VST,VST,19.149999618530273,19.399999618530273,19.125,19.280000686645508,17.57483673095703,3578800
2021-09-03,VST,VST,19.190000534057617,19.270000457763672,18.989999771118164,19.110000610351562,17.41987419128418,1614900
2021-09-07,VST,VST,19.010000228881836,19.104999542236328,18.80500030517578,18.84000015258789,17.173755645751953,2928300
2021-09-08,VST,VST,18.809999465942383,19.290000915527344,18.707000732421875,19.200000762939453,17.501920700073242,2158500
2021-09-09,VST,VST,19.155000686645508,19.229999542236328,18.739999771118164,18.899999618530273,17.22844886779785,2363600
2021-09-10,VST,VST,19.0,19.0,18.43000030517578,18.440000534057617,16.80912971496582,2023000
2021-09-13,VST,VST,18.579999923706055,18.729999542236328,18.399999618530273,18.600000381469727,16.954978942871094,2038300
2021-09-14,VST,VST,18.68000030517578,18.68000030517578,17.989999771118164,18.0,16.408048629760742,3601100
2021-09-15,VST,VST,17.850000381469727,18.440000534057617,17.790000915527344,18.440000534057617,16.95038414001465,3131700
2021-09-16,VST,VST,18.299999237060547,18.309999465942383,17.84000015258789,17.899999618530273,16.45400619506836,3226100
2021-09-17,VST,VST,18.0,18.079999923706055,17.760000228881836,17.790000915527344,16.352895736694336,6337300
2021-09-20,VST,VST,17.649999618530273,17.81999969482422,16.924999237060547,17.350000381469727,15.948434829711914,6400700
2021-09-21,VST,VST,17.489999771118164,17.690000534057617,17.389999389648438,17.389999389648438,15.985206604003906,5828600
2021-09-22,VST,VST,17.549999237060547,17.729999542236328,17.420000076293945,17.43000030517578,16.021974563598633,2420500
2021-09-23,VST,VST,17.6299991607666,17.850000381469727,17.510000228881836,17.610000610351562,16.18743324279785,4454600
2021-09-24,VST,VST,17.700000762939453,17.850000381469727,17.559999465942383,17.559999465942383,16.1414737701416,4287100
2021-09-27,VST,VST,17.549999237060547,17.635000228881836,17.09000015258789,17.110000610351562,15.727823257446289,5177800
2021-09-28,VST,VST,17.040000915527344,17.107999801635742,16.71500015258789,16.770000457763672,15.415292739868164,4795200
2021-09-29,VST,VST,16.739999771118164,17.059999465942383,16.510000228881836,16.950000762939453,15.580753326416016,4766200
2021-09-30,VST,VST,17.350000381469727,17.55500030517578,17.084999084472656,17.100000381469727,15.718628883361816,5830800
2021-10-01,VST,VST,17.209999084472656,17.219999313354492,16.69499969482422,16.850000381469727,15.488825798034668,4198700
2021-10-04,VST,VST,16.719999313354492,17.190000534057617,16.690000534057617,17.020000457763672,15.645094871520996,3331700
2021-10-05,VST,VST,17.075000762939453,17.3700008392334,17.0,17.360000610351562,15.957627296447754,6159600
2021-10-06,VST,VST,17.190000534057617,17.6200008392334,17.030000686645508,17.579999923706055,16.15985679626465,3827100
2021-10-07,VST,VST,17.610000610351562,18.086999893188477,17.5,17.950000762939453,16.499967575073242,6470900
2021-10-08,VST,VST,17.969999313354492,18.329999923706055,17.8799991607666,17.899999618530273,16.45400619506836,3097400
2021-10-11,VST,VST,17.899999618530273,18.040000915527344,17.549999237060547,17.56999969482422,16.150667190551758,2446500
2021-10-12,VST,VST,17.530000686645508,17.93000030517578,17.459999084472656,17.84000015258789,16.398853302001953,2837100
2021-10-13,VST,VST,19.5,19.899999618530273,19.25,19.809999465942383,18.209712982177734,15378700
2021-10-14,VST,VST,19.959999084472656,20.100000381469727,19.489999771118164,19.56999969482422,17.989097595214844,6521300
2021-10-15,VST,VST,19.690000534057617,19.8700008392334,19.43000030517578,19.68000030517578,18.0902156829834,3273300
2021-10-18,VST,VST,19.469999313354492,19.524999618530273,19.25,19.329999923706055,17.76848602294922,10655000
2021-10-19,VST,VST,19.540000915527344,19.6299991607666,19.190000534057617,19.209999084472656,17.65818214416504,2754800
2021-10-20,VST,VST,19.21500015258789,19.53499984741211,19.170000076293945,19.309999465942383,17.75010108947754,2053600
2021-10-21,VST,VST,19.170000076293945,19.34000015258789,19.030000686645508,19.100000381469727,17.55706787109375,2516600
2021-10-22,VST,VST,19.1200008392334,19.329999923706055,18.975000381469727,19.110000610351562,17.566261291503906,2656300
2021-10-25,VST,VST,19.06999969482422,19.559999465942383,19.06999969482422,19.5,17.924755096435547,6030600
2021-10-26,VST,VST,19.5,19.7450008392334,19.360000610351562,19.5,17.924755096435547,3051200
2021-10-27,VST,VST,19.5,19.75,19.399999618530273,19.65999984741211,18.071836471557617,3035100
2021-10-28,VST,VST,19.649999618530273,19.889999389648438,19.649999618530273,19.850000381469727,18.24648094177246,2572300
2021-10-29,VST,VST,19.670000076293945,19.860000610351562,19.530000686645508,19.59000015258789,18.007482528686523,3176000
2021-11-01,VST,VST,19.600000381469727,20.110000610351562,19.540000915527344,20.010000228881836,18.393550872802734,2756500
2021-11-02,VST,VST,20.010000228881836,20.020000457763672,19.625,19.8700008392334,18.264873504638672,4006000
2021-11-03,VST,VST,19.670000076293945,19.905000686645508,19.559999465942383,19.68000030517578,18.0902156829834,2460100
2021-11-04,VST,VST,19.530000686645508,19.579999923706055,18.93000030517578,19.209999084472656,17.65818214416504,6093500
2021-11-05,VST,VST,20.0,20.790000915527344,19.950000762939453,20.5,18.843975067138672,9136100
2021-11-08,VST,VST,20.559999465942383,20.600000381469727,19.68000030517578,19.739999771118164,18.145368576049805,5650800
2021-11-09,VST,VST,19.93000030517578,19.93000030517578,19.30299949645996,19.34000015258789,17.777679443359375,3353900
2021-11-10,VST,VST,19.209999084472656,19.729999542236328,19.200000762939453,19.440000534057617,17.869604110717773,2271500
2021-11-11,VST,VST,19.600000381469727,19.719999313354492,19.344999313354492,19.600000381469727,18.01667594909668,2689500
2021-11-12,VST,VST,19.649999618530273,19.790000915527344,19.584999084472656,19.649999618530273,18.062637329101562,2396500
2021-11-15,VST,VST,19.75,20.479999542236328,19.649999618530273,20.459999084472656,18.807207107543945,2727000
2021-11-16,VST,VST,20.549999237060547,20.584999084472656,20.41699981689453,20.440000534057617,18.788822174072266,5736500
2021-11-17,VST,VST,20.389999389648438,20.44499969482422,20.059999465942383,20.200000762939453,18.568208694458008,1798700
2021-11-18,VST,VST,20.1200008392334,20.239999771118164,19.969999313354492,20.149999618530273,18.522249221801758,2977500
2021-11-19,VST,VST,20.079999923706055,20.18000030517578,19.795000076293945,20.049999237060547,18.430320739746094,4026300
2021-11-22,VST,VST,20.049999237060547,20.700000762939453,19.93000030517578,20.280000686645508,18.641742706298828,4515300
2021-11-23,VST,VST,20.270000457763672,20.969999313354492,20.209999084472656,20.6200008392334,18.954280853271484,6669300
2021-11-24,VST,VST,20.510000228881836,20.815000534057617,20.510000228881836,20.6200008392334,18.954280853271484,2546100
2021-11-26,VST,VST,20.09000015258789,20.350000381469727,19.920000076293945,20.15999984741211,18.53144073486328,4147400
2021-11-29,VST,VST,20.399999618530273,20.399999618530273,19.649999618530273,20.09000015258789,18.467092514038086,4114400
2021-11-30,VST,VST,19.940000534057617,20.43000030517578,19.790000915527344,19.8799991607666,18.274057388305664,8850600
2021-12-01,VST,VST,20.190000534057617,21.0049991607666,20.155000686645508,20.549999237060547,18.88993263244629,5950100
2021-12-02,VST,VST,20.729999542236328,21.260000228881836,20.65999984741211,20.959999084472656,19.266813278198242,6267700
2021-12-03,VST,VST,21.049999237060547,21.100000381469727,20.56999969482422,20.709999084472656,19.03700828552246,4143000
2021-12-06,VST,VST,20.93000030517578,21.075000762939453,20.719999313354492,20.920000076293945,19.23004722595215,4810700
2021-12-07,VST,VST,20.950000762939453,21.299999237060547,20.850000381469727,20.93000030517578,19.239240646362305,3876500
2021-12-08,VST,VST,20.829999923706055,21.270000457763672,20.829999923706055,21.209999084472656,19.496618270874023,3836600
2021-12-09,VST,VST,21.190000534057617,21.235000610351562,20.84000015258789,20.889999389648438,19.202472686767578,2682200
2021-12-10,VST,VST,20.959999084472656,21.06999969482422,20.825000762939453,21.020000457763672,19.32196807861328,2852400
2021-12-13,VST,VST,20.770000457763672,21.014999389648438,20.68000030517578,20.729999542236328,19.05539321899414,3952700
2021-12-14,VST,VST,20.674999237060547,21.1200008392334,20.670000076293945,20.770000457763672,19.092161178588867,4358100
2021-12-15,VST,VST,20.719999313354492,20.809999465942383,20.434999465942383,20.700000762939453,19.166236877441406,4531000
2021-12-16,VST,VST,20.700000762939453,21.225000381469727,20.649999618530273,20.93000030517578,19.379196166992188,3057900
2021-12-17,VST,VST,20.81999969482422,21.360000610351562,20.68000030517578,21.229999542236328,19.656963348388672,3848300
2021-12-20,VST,VST,21.0,21.15999984741211,20.735000610351562,21.09000015258789,19.5273380279541,2604000
2021-12-21,VST,VST,21.299999237060547,21.854999542236328,21.260000228881836,21.809999465942383,20.19399070739746,3112500
2021-12-22,VST,VST,21.809999465942383,22.350000381469727,21.719999313354492,22.329999923706055,20.67546272277832,4211000
2021-12-23,VST,VST,22.360000610351562,22.485000610351562,22.030000686645508,22.030000686645508,20.39768409729004,3279700
2021-12-27,VST,VST,22.049999237060547,22.209999084472656,21.850000381469727,22.190000534057617,20.545833587646484,2283600
2021-12-28,VST,VST,22.209999084472656,22.31999969482422,21.934999465942383,22.049999237060547,20.41620445251465,1864300
2021-12-29,VST,VST,22.0,22.059999465942383,21.81999969482422,21.8700008392334,20.249544143676758,2895400
2021-12-30,VST,VST,21.8799991607666,22.469999313354492,21.8799991607666,22.389999389648438,20.731014251708984,7636100
2021-12-31,VST,VST,22.299999237060547,22.8700008392334,22.239999771118164,22.770000457763672,21.082860946655273,3243500
2022-01-03,VST,VST,22.81999969482422,22.94499969482422,22.34000015258789,22.739999771118164,21.055082321166992,3925100
2022-01-04,VST,VST,22.770000457763672,22.959999084472656,22.489999771118164,22.520000457763672,20.851381301879883,4572900
2022-01-05,VST,VST,22.479999542236328,22.760000228881836,22.09000015258789,22.110000610351562,20.471765518188477,4037900
2022-01-06,VST,VST,22.18000030517578,22.360000610351562,21.959999084472656,22.31999969482422,20.666200637817383,5284200
2022-01-07,VST,VST,22.31999969482422,22.760000228881836,22.110000610351562,22.709999084472656,21.027301788330078,6078300
2022-01-10,VST,VST,22.665000915527344,22.780000686645508,22.389999389648438,22.459999084472656,20.79582977294922,4341900
2022-01-11,VST,VST,22.549999237060547,22.670000076293945,22.315000534057617,22.510000228881836,20.842121124267578,6657100
2022-01-12,VST,VST,22.459999084472656,22.989999771118164,22.424999237060547,22.93000030517578,21.231006622314453,7344300
2022-01-13,VST,VST,22.899999618530273,22.90999984741211,22.530000686645508,22.610000610351562,20.934715270996094,3709100
2022-01-14,VST,VST,22.610000610351562,22.639999389648438,22.354999542236328,22.59000015258789,20.91619873046875,2994300
2022-01-18,VST,VST,22.540000915527344,22.7549991607666,22.375,22.440000534057617,20.777307510375977,4215900
2022-01-19,VST,VST,22.510000228881836,22.670000076293945,22.375,22.479999542236328,20.81434440612793,7263300
2022-01-20,VST,VST,22.530000686645508,22.795000076293945,21.700000762939453,21.729999542236328,20.119916915893555,5162700
2022-01-21,VST,VST,21.639999389648438,22.020000457763672,21.420000076293945,21.719999313354492,20.110654830932617,4244400
2022-01-24,VST,VST,21.5,22.010000228881836,21.264999389648438,21.959999084472656,20.332870483398438,6039800
2022-01-25,VST,VST,21.75,21.969999313354492,21.450000762939453,21.670000076293945,20.064361572265625,5173300
2022-01-26,VST,VST,21.959999084472656,22.239999771118164,21.3799991607666,21.530000686645508,19.934734344482422,5850500
2022-01-27,VST,VST,21.770000457763672,21.950000762939453,21.149999618530273,21.309999465942383,19.731033325195312,4854900
2022-01-28,VST,VST,21.290000915527344,21.68000030517578,21.135000228881836,21.670000076293945,20.064361572265625,4707900
2022-01-31,VST,VST,21.6299991607666,21.90999984741211,21.6299991607666,21.809999465942383,20.19399070739746,6126000
2022-02-01,VST,VST,21.969999313354492,21.989999771118164,21.440000534057617,21.649999618530273,20.04584503173828,4526700
2022-02-02,VST,VST,21.809999465942383,22.260000228881836,21.530000686645508,22.239999771118164,20.59212875366211,6964000
2022-02-03,VST,VST,21.780000686645508,22.145000457763672,21.540000915527344,21.850000381469727,20.23102378845215,3931200
2022-02-04,VST,VST,21.709999084472656,22.010000228881836,21.260000228881836,21.829999923706055,20.212507247924805,5344000
2022-02-07,VST,VST,21.8700008392334,22.114999771118164,21.56999969482422,21.979999542236328,20.351390838623047,4638900
2022-02-08,VST,VST,22.024999618530273,22.3700008392334,21.90999984741211,22.270000457763672,20.619901657104492,4337800
2022-02-09,VST,VST,22.450000762939453,22.68000030517578,22.34000015258789,22.489999771118164,20.8236026763916,4984600
2022-02-10,VST,VST,22.219999313354492,22.530000686645508,22.010000228881836,22.079999923706055,20.443979263305664,5460200
2022-02-11,VST,VST,22.15999984741211,22.350000381469727,21.625,21.809999465942383,20.19399070739746,4527200
2022-02-14,VST,VST,21.760000228881836,21.90999984741211,21.235000610351562,21.600000381469727,19.99954605102539,4181000
2022-02-15,VST,VST,21.8700008392334,21.950000762939453,21.649999618530273,21.790000915527344,20.175474166870117,2605400
2022-02-16,VST,VST,21.719999313354492,21.905000686645508,21.610000610351562,21.719999313354492,20.110654830932617,2270800
2022-02-17,VST,VST,21.56999969482422,21.719999313354492,21.479999542236328,21.489999771118164,19.897701263427734,2465600
2022-02-18,VST,VST,21.450000762939453,21.75,21.34000015258789,21.450000762939453,19.86066436767578,2877300
2022-02-22,VST,VST,21.260000228881836,21.594999313354492,21.110000610351562,21.209999084472656,19.638444900512695,3681900
2022-02-23,VST,VST,21.200000762939453,21.40999984741211,20.809999465942383,20.809999465942383,19.268081665039062,4535200
2022-02-24,VST,VST,20.5,21.809999465942383,20.259000778198242,21.68000030517578,20.073623657226562,5802200
2022-02-25,VST,VST,21.68000030517578,22.43000030517578,21.360000610351562,21.899999618530273,20.27732276916504,3879000
2022-02-28,VST,VST,21.8700008392334,22.875,21.700000762939453,22.81999969482422,21.1291561126709,6381500
2022-03-01,VST,VST,22.790000915527344,22.809999465942383,21.704999923706055,21.93000030517578,20.30510139465332,6823000
2022-03-02,VST,VST,22.0,22.315000534057617,21.760000228881836,22.219999313354492,20.573606491088867,4145000
2022-03-03,VST,VST,22.280000686645508,22.469999313354492,21.844999313354492,21.979999542236328,20.351390838623047,4018900
2022-03-04,VST,VST,21.90999984741211,22.559999465942383,21.770000457763672,22.510000228881836,20.842121124267578,5107400
2022-03-07,VST,VST,22.670000076293945,23.485000610351562,22.280000686645508,22.360000610351562,20.703237533569336,5599800
2022-03-08,VST,VST,22.5,22.899999618530273,22.309999465942383,22.649999618530273,20.97174644470215,6063800
2022-03-09,VST,VST,22.8700008392334,23.06999969482422,22.530000686645508,22.739999771118164,21.055082321166992,4542500
2022-03-10,VST,VST,22.6299991607666,22.700000762939453,22.405000686645508,22.649999618530273,20.97174644470215,3534200
2022-03-11,VST,VST,22.719999313354492,22.825000762939453,22.3799991607666,22.43000030517578,20.768049240112305,3280300
2022-03-14,VST,VST,22.3700008392334,22.704999923706055,21.90999984741211,22.420000076293945,20.7587890625,3805000
2022-03-15,VST,VST,22.5,22.639999389648438,22.040000915527344,22.329999923706055,20.67546272277832,3216300
2022-03-16,VST,VST,22.299999237060547,22.645000457763672,22.25,22.59000015258789,20.91619873046875,3992800
2022-03-17,VST,VST,22.520000457763672,22.725000381469727,22.280000686645508,22.309999465942383,20.656944274902344,3411400
2022-03-18,VST,VST,22.229999542236328,22.545000076293945,22.1200008392334,22.40999984741211,20.749534606933594,4951500
2022-03-21,VST,VST,22.31999969482422,22.53499984741211,21.93000030517578,22.049999237060547,20.572263717651367,3329900
2022-03-22,VST,VST,22.06999969482422,22.665000915527344,22.06999969482422,22.389999389648438,20.88947868347168,2959100
2022-03-23,VST,VST,22.309999465942383,22.420000076293945,21.780000686645508,21.799999237060547,20.339019775390625,2566800
2022-03-24,VST,VST,21.850000381469727,22.170000076293945,21.829999923706055,22.049999237060547,20.572263717651367,3094400
2022-03-25,VST,VST,22.1299991607666,22.795000076293945,22.1299991607666,22.739999771118164,21.21602439880371,3268900
2022-03-28,VST,VST,22.760000228881836,23.209999084472656,22.68000030517578,23.110000610351562,21.56122589111328,3570700
2022-03-29,VST,VST,23.059999465942383,23.209999084472656,22.915000915527344,23.149999618530273,21.598548889160156,4380200
2022-03-30,VST,VST,23.1299991607666,23.3799991607666,22.985000610351562,23.100000381469727,21.551897048950195,4118500
2022-03-31,VST,VST,23.06999969482422,23.604999542236328,23.06999969482422,23.25,21.691844940185547,4651100
2022-04-01,VST,VST,23.309999465942383,23.5,23.079999923706055,23.440000534057617,21.86911392211914,4560100
2022-04-04,VST,VST,23.399999618530273,23.530000686645508,23.139999389648438,23.329999923706055,21.766481399536133,3590300
2022-04-05,VST,VST,23.389999389648438,23.780000686645508,23.3799991607666,23.579999923706055,21.999731063842773,6805200
2022-04-06,VST,VST,23.5,24.0,23.385000228881836,24.0,22.391582489013672,5816200
2022-04-07,VST,VST,23.979999542236328,24.209999084472656,23.735000610351562,24.1200008392334,22.503541946411133,6428100
2022-04-08,VST,VST,24.209999084472656,24.59000015258789,24.0,24.510000228881836,22.86740493774414,6982700
2022-04-11,VST,VST,24.520000457763672,24.649999618530273,23.969999313354492,24.0,22.391582489013672,5151600
2022-04-12,VST,VST,24.110000610351562,24.459999084472656,23.899999618530273,24.049999237060547,22.438232421875,5277000
2022-04-13,VST,VST,24.06999969482422,24.209999084472656,23.65999984741211,23.799999237060547,22.204988479614258,5349300
2022-04-14,VST,VST,23.829999923706055,24.229999542236328,23.829999923706055,24.030000686645508,22.419570922851562,4708900
2022-04-18,VST,VST,24.0,24.8700008392334,23.915000915527344,24.84000015258789,23.1752872467041,5308600
2022-04-19,VST,VST,24.920000076293945,25.209999084472656,24.475000381469727,24.81999969482422,23.15662956237793,5429700
2022-04-20,VST,VST,25.18000030517578,26.6299991607666,25.18000030517578,26.260000228881836,24.5001220703125,8990300
2022-04-21,VST,VST,26.190000534057617,26.350000381469727,25.690000534057617,25.739999771118164,24.014970779418945,7014700
2022-04-22,VST,VST,25.75,25.790000915527344,25.299999237060547,25.350000381469727,23.651103973388672,3623000
2022-04-25,VST,VST,25.299999237060547,25.299999237060547,24.579999923706055,25.010000228881836,23.33389663696289,5130700
2022-04-26,VST,VST,24.809999465942383,25.415000915527344,24.809999465942383,24.899999618530273,23.231266021728516,4039600
2022-04-27,VST,VST,24.8799991607666,25.31399917602539,24.760000228881836,24.8799991607666,23.212604522705078,3608800
2022-04-28,VST,VST,25.1200008392334,25.170000076293945,24.7450008392334,25.1299991607666,23.44584846496582,5008500
2022-04-29,VST,VST,25.219999313354492,25.485000610351562,25.014999389648438,25.020000457763672,23.34322738647461,5342300
2022-05-02,VST,VST,25.0,25.25,24.18000030517578,24.690000534057617,23.035337448120117,4692400
2022-05-03,VST,VST,24.770000457763672,25.575000762939453,24.735000610351562,25.25,23.557811737060547,4094100
2022-05-04,VST,VST,25.360000610351562,26.075000762939453,25.299999237060547,25.920000076293945,24.18290901184082,5214600
2022-05-05,VST,VST,26.0,26.329999923706055,25.270000457763672,25.40999984741211,23.707088470458984,5171400
2022-05-06,VST,VST,26.0,27.100000381469727,25.75,26.6200008392334,24.835996627807617,9739100
2022-05-09,VST,VST,26.43000030517578,26.43000030517578,23.920000076293945,24.1299991607666,22.51286506652832,9713400
2022-05-10,VST,VST,24.450000762939453,24.989999771118164,23.8700008392334,24.440000534057617,22.802093505859375,5004500
2022-05-11,VST,VST,24.59000015258789,24.8799991607666,24.200000762939453,24.290000915527344,22.662145614624023,7373900
2022-05-12,VST,VST,24.040000915527344,24.190000534057617,22.885000228881836,23.40999984741211,21.841123580932617,9500800
2022-05-13,VST,VST,23.860000610351562,24.718000411987305,23.81999969482422,24.579999923706055,22.932710647583008,5521600
2022-05-16,VST,VST,24.530000686645508,25.010000228881836,24.389999389648438,25.0,23.324569702148438,6949300
2022-05-17,VST,VST,25.049999237060547,25.280000686645508,24.760000228881836,25.25,23.557811737060547,5014500
2022-05-18,VST,VST,25.309999465942383,25.59000015258789,25.100000381469727,25.229999542236328,23.539152145385742,5070000
2022-05-19,VST,VST,25.270000457763672,26.1299991607666,25.139999389648438,26.079999923706055,24.332185745239258,7959700
2022-05-20,VST,VST,25.959999084472656,26.459999084472656,24.829999923706055,25.229999542236328,23.539152145385742,6190200
2022-05-23,VST,VST,25.40999984741211,25.84000015258789,25.139999389648438,25.729999542236328,24.005640029907227,4484600
2022-05-24,VST,VST,25.510000228881836,25.770000457763672,25.225000381469727,25.479999542236328,23.77239418029785,4046000
2022-05-25,VST,VST,25.469999313354492,26.165000915527344,25.450000762939453,26.100000381469727,24.35083770751953,5564900
2022-05-26,VST,VST,26.219999313354492,26.454999923706055,25.920000076293945,25.93000030517578,24.192237854003906,4707100
2022-05-27,VST,VST,25.979999542236328,26.325000762939453,25.735000610351562,26.309999465942383,24.54677391052246,5778600
2022-05-31,VST,VST,26.5,26.68600082397461,25.8799991607666,26.3700008392334,24.602750778198242,7762900
2022-06-01,VST,VST,26.360000610351562,26.459999084472656,25.27199935913086,25.899999618530273,24.164247512817383,4618700
2022-06-02,VST,VST,25.959999084472656,26.239999771118164,25.594999313354492,25.979999542236328,24.238887786865234,3846900
2022-06-03,VST,VST,25.90999984741211,26.25,25.829999923706055,25.850000381469727,24.117599487304688,3389000
2022-06-06,VST,VST,25.989999771118164,26.524999618530273,25.81999969482422,26.489999771118164,24.71470832824707,5238600
2022-06-07,VST,VST,26.389999389648438,27.389999389648438,26.389999389648438,27.389999389648438,25.554393768310547,6773300
2022-06-08,VST,VST,27.239999771118164,27.309999465942383,26.6200008392334,26.84000015258789,25.04125213623047,4206400
2022-06-09,VST,VST,26.739999771118164,26.899999618530273,26.170000076293945,26.200000762939453,24.444143295288086,3390400
2022-06-10,VST,VST,25.770000457763672,25.8799991607666,25.43000030517578,25.440000534057617,23.735078811645508,3853500
2022-06-13,VST,VST,25.0,25.040000915527344,23.399999618530273,23.5,21.92508888244629,7472000
2022-06-14,VST,VST,23.450000762939453,23.700000762939453,22.6299991607666,22.959999084472656,21.421283721923828,8304200
2022-06-15,VST,VST,23.219999313354492,23.90999984741211,23.100000381469727,23.5,21.92508888244629,9339700
2022-06-16,VST,VST,23.31999969482422,23.31999969482422,22.280000686645508,22.520000457763672,21.010766983032227,7894600
2022-06-17,VST,VST,22.530000686645508,22.735000610351562,21.84000015258789,22.420000076293945,20.91746711730957,11501800
2022-06-21,VST,VST,22.979999542236328,23.010000228881836,22.5,22.770000457763672,21.41306495666504,5046400
2022-06-22,VST,VST,22.420000076293945,22.881999969482422,22.309999465942383,22.709999084472656,21.356639862060547,4595100
2022-06-23,VST,VST,22.969999313354492,23.459999084472656,22.84000015258789,23.40999984741211,22.014925003051758,5669200
2022-06-24,VST,VST,23.520000457763672,23.600000381469727,23.094999313354492,23.389999389648438,21.996116638183594,11738000
2022-06-27,VST,VST,23.389999389648438,24.05500030517578,23.34000015258789,23.75,22.33466339111328,4359500
2022-06-28,VST,VST,23.799999237060547,24.0049991607666,23.059999465942383,23.25,21.864456176757812,4875200
2022-06-29,VST,VST,23.219999313354492,23.2549991607666,22.389999389648438,22.889999389648438,21.52591323852539,4657200
2022-06-30,VST,VST,22.6200008392334,23.354999542236328,22.510000228881836,22.850000381469727,21.488300323486328,4965100
2022-07-01,VST,VST,23.06999969482422,23.489999771118164,22.893999099731445,23.350000381469727,21.9585018157959,3340900
2022-07-05,VST,VST,22.969999313354492,23.139999389648438,20.9950008392334,21.65999984741211,20.36921501159668,5959900
2022-07-06,VST,VST,21.540000915527344,21.950000762939453,21.364999771118164,21.700000762939453,20.406827926635742,4709800
2022-07-07,VST,VST,22.0,22.385000228881836,21.975000381469727,22.229999542236328,20.905241012573242,4068900
2022-07-08,VST,VST,22.209999084472656,22.329999923706055,21.8700008392334,22.079999923706055,20.76418113708496,3026700
2022-07-11,VST,VST,22.020000457763672,22.334999084472656,21.790000915527344,22.09000015258789,20.773590087890625,3355300
2022-07-12,VST,VST,21.979999542236328,22.649999618530273,21.969999313354492,22.520000457763672,21.17796516418457,3799800
2022-07-13,VST,VST,22.200000762939453,22.864999771118164,22.15999984741211,22.729999542236328,21.375444412231445,3551100
2022-07-14,VST,VST,22.200000762939453,23.020000457763672,22.165000915527344,22.93000030517578,21.56352996826172,5687800
2022-07-15,VST,VST,23.030000686645508,23.06999969482422,22.2549991607666,22.579999923706055,21.234384536743164,4025100
2022-07-18,VST,VST,22.739999771118164,23.329999923706055,22.670000076293945,22.81999969482422,21.4600830078125,4135200
2022-07-19,VST,VST,23.15999984741211,23.735000610351562,23.1299991607666,23.6299991607666,22.221817016601562,3764400
2022-07-20,VST,VST,23.6200008392334,23.729999542236328,23.1200008392334,23.639999389648438,22.23121452331543,4827100
2022-07-21,VST,VST,23.549999237060547,23.690000534057617,23.084999084472656,23.360000610351562,21.967910766601562,4230800
2022-07-22,VST,VST,23.40999984741211,23.65999984741211,22.7450008392334,23.0,21.62936019897461,3575100
2022-07-25,VST,VST,23.040000915527344,23.5,22.780000686645508,23.360000610351562,21.967910766601562,3285000
2022-07-26,VST,VST,23.309999465942383,23.760000228881836,23.15999984741211,23.75,22.33466339111328,7887900
2022-07-27,VST,VST,23.799999237060547,23.959999084472656,23.440000534057617,23.829999923706055,22.409893035888672,2702600
2022-07-28,VST,VST,24.389999389648438,24.8700008392334,24.03499984741211,24.81999969482422,23.340898513793945,3494700
2022-07-29,VST,VST,25.0,25.860000610351562,24.93000030517578,25.850000381469727,24.30951499938965,4894800
2022-08-01,VST,VST,25.700000762939453,25.899999618530273,25.260000228881836,25.360000610351562,23.84872055053711,3020200
2022-08-02,VST,VST,25.479999542236328,25.760000228881836,25.25,25.260000228881836,23.75467872619629,2875000
2022-08-03,VST,VST,25.219999313354492,25.584999084472656,25.110000610351562,25.459999084472656,23.94275665283203,2604100
2022-08-04,VST,VST,25.600000381469727,25.899999618530273,25.530000686645508,25.6200008392334,24.093225479125977,3411800
2022-08-05,VST,VST,25.530000686645508,25.729999542236328,24.309999465942383,24.600000381469727,23.13400650024414,4760700
2022-08-08,VST,VST,24.75,25.44499969482422,24.559999465942383,24.729999542236328,23.25625991821289,3798500
2022-08-09,VST,VST,24.610000610351562,24.809999465942383,24.31999969482422,24.790000915527344,23.312686920166016,3838300
2022-08-10,VST,VST,24.93000030517578,25.219999313354492,24.854999542236328,25.170000076293945,23.6700382232666,2967900
2022-08-11,VST,VST,25.270000457763672,25.780000686645508,25.225000381469727,25.34000015258789,23.829910278320312,3323500
2022-08-12,VST,VST,25.6200008392334,25.90999984741211,25.524999618530273,25.8799991607666,24.337724685668945,2716300
2022-08-15,VST,VST,25.649999618530273,25.989999771118164,25.350000381469727,25.969999313354492,24.422367095947266,3192700
2022-08-16,VST,VST,25.790000915527344,26.0,25.690000534057617,25.829999923706055,24.290706634521484,3706400
2022-08-17,VST,VST,25.489999771118164,25.809999465942383,25.440000534057617,25.530000686645508,24.008586883544922,3232500
2022-08-18,VST,VST,25.530000686645508,26.1200008392334,25.530000686645508,25.84000015258789,24.30011558532715,3623700
2022-08-19,VST,VST,25.739999771118164,25.780000686645508,25.139999389648438,25.25,23.74527359008789,3863400
2022-08-22,VST,VST,24.899999618530273,24.93000030517578,24.59000015258789,24.729999542236328,23.25625991821289,3630300
2022-08-23,VST,VST,24.920000076293945,24.950000762939453,24.459999084472656,24.469999313354492,23.011754989624023,3662100
2022-08-24,VST,VST,24.3700008392334,25.299999237060547,24.3700008392334,25.190000534057617,23.6888484954834,3435400
2022-08-25,VST,VST,25.290000915527344,25.969999313354492,25.1200008392334,25.649999618530273,24.121435165405273,4571100
2022-08-26,VST,VST,25.670000076293945,25.709999084472656,24.920000076293945,24.93000030517578,23.4443416595459,3672000
2022-08-29,VST,VST,24.59000015258789,24.84000015258789,24.399999618530273,24.739999771118164,23.265663146972656,3433800
2022-08-30,VST,VST,24.75,24.975000381469727,24.18000030517578,24.18000030517578,22.73904037475586,4375500
2022-08-31,VST,VST,24.059999465942383,24.799999237060547,24.0049991607666,24.75,23.275068283081055,7453900
2022-09-01,VST,VST,24.670000076293945,25.010000228881836,24.584999084472656,24.959999084472656,23.472557067871094,3535100
2022-09-02,VST,VST,25.18000030517578,25.520000457763672,24.889999389648438,24.959999084472656,23.472557067871094,2519300
2022-09-06,VST,VST,24.8799991607666,25.0,24.31999969482422,24.34000015258789,22.889507293701172,5326800
2022-09-07,VST,VST,24.3700008392334,24.709999084472656,24.295000076293945,24.639999389648438,23.1716251373291,4030100
2022-09-08,VST,VST,24.649999618530273,25.09000015258789,24.53499984741211,24.899999618530273,23.416126251220703,2890000
2022-09-09,VST,VST,25.190000534057617,25.454999923706055,24.979999542236328,25.25,23.74527359008789,3995500
2022-09-12,VST,VST,25.329999923706055,25.844999313354492,25.235000610351562,25.790000915527344,24.253093719482422,3347100
2022-09-13,VST,VST,25.399999618530273,25.725000381469727,24.885000228881836,24.979999542236328,23.491363525390625,3683500
2022-09-14,VST,VST,24.979999542236328,25.3700008392334,24.959999084472656,25.360000610351562,23.84872055053711,3449800
2022-09-15,VST,VST,25.219999313354492,25.395999908447266,25.090999603271484,25.3700008392334,23.858123779296875,4091400
2022-09-16,VST,VST,25.31999969482422,25.329999923706055,24.8700008392334,25.309999465942383,23.801700592041016,8706200
2022-09-19,VST,VST,25.040000915527344,25.809999465942383,25.040000915527344,25.6200008392334,24.093225479125977,3615200
2022-09-20,VST,VST,25.34000015258789,25.450000762939453,24.735000610351562,24.90999984741211,23.59499168395996,3129500
2022-09-21,VST,VST,25.030000686645508,25.31999969482422,24.420000076293945,24.440000534057617,23.14980125427246,2874800
2022-09-22,VST,VST,24.420000076293945,24.459999084472656,23.985000610351562,24.059999465942383,22.78986358642578,2848900
2022-09-23,VST,VST,23.6299991607666,23.690000534057617,23.100000381469727,23.3700008392334,22.136289596557617,4406800
2022-09-26,VST,VST,23.110000610351562,23.34000015258789,22.325000762939453,22.469999313354492,21.283798217773438,3717000
2022-09-27,VST,VST,22.75,22.815000534057617,21.670000076293945,22.020000457763672,20.85755729675293,5809600
2022-09-28,VST,VST,22.309999465942383,22.559999465942383,22.1299991607666,22.299999237060547,21.122772216796875,3833000
2022-09-29,VST,VST,22.010000228881836,22.059999465942383,21.165000915527344,21.3799991607666,20.251338958740234,7073500
2022-09-30,VST,VST,21.5,21.6299991607666,20.920000076293945,21.0,19.891399383544922,4597700
2022-10-03,VST,VST,21.3700008392334,21.84000015258789,21.03499984741211,21.469999313354492,20.336591720581055,5198000
2022-10-04,VST,VST,21.690000534057617,22.940000534057617,21.649999618530273,22.940000534057617,21.728988647460938,4833600
2022-10-05,VST,VST,22.540000915527344,23.139999389648438,22.239999771118164,22.889999389648438,21.68163299560547,4434400
2022-10-06,VST,VST,22.829999923706055,22.920000076293945,22.405000686645508,22.649999618530273,21.454296112060547,4290400
2022-10-07,VST,VST,22.510000228881836,22.610000610351562,21.93000030517578,21.969999313354492,20.810192108154297,3270800
2022-10-10,VST,VST,22.0,22.375,21.639999389648438,21.68000030517578,20.535505294799805,4969200
2022-10-11,VST,VST,21.559999465942383,22.1299991607666,21.375,21.799999237060547,20.649169921875,4973500
2022-10-12,VST,VST,21.790000915527344,21.79599952697754,21.329999923706055,21.440000534057617,20.308176040649414,4601600
2022-10-13,VST,VST,21.110000610351562,21.954999923706055,20.761999130249023,21.68000030517578,20.535505294799805,3843400
2022-10-14,VST,VST,21.93000030517578,22.219999313354492,21.325000762939453,21.420000076293945,20.289230346679688,2511300
2022-10-17,VST,VST,21.950000762939453,22.489999771118164,21.850000381469727,22.030000686645508,20.867029190063477,3498300
2022-10-18,VST,VST,22.440000534057617,22.6299991607666,22.334999084472656,22.559999465942383,21.369047164916992,2961700
2022-10-19,VST,VST,22.329999923706055,22.40999984741211,21.790000915527344,22.200000762939453,21.02805519104004,3410100
2022-10-20,VST,VST,22.229999542236328,22.295000076293945,21.3799991607666,21.520000457763672,20.383953094482422,4054200
2022-10-21,VST,VST,21.479999542236328,21.76799964904785,21.1200008392334,21.75,20.601810455322266,4248900
2022-10-24,VST,VST,21.799999237060547,22.1200008392334,21.450000762939453,21.489999771118164,20.355531692504883,3992200
2022-10-25,VST,VST,21.520000457763672,22.219999313354492,21.479999542236328,21.989999771118164,20.82914161682129,4838400
2022-10-26,VST,VST,22.079999923706055,22.209999084472656,21.81999969482422,21.899999618530273,20.74388885498047,3419400
2022-10-27,VST,VST,22.1200008392334,22.309999465942383,21.889999389648438,21.979999542236328,20.81966781616211,3738400
2022-10-28,VST,VST,22.100000381469727,23.0,22.02899932861328,22.979999542236328,21.76688003540039,4167400
2022-10-31,VST,VST,22.93000030517578,23.229999542236328,22.770000457763672,22.969999313354492,21.757404327392578,4428700
2022-11-01,VST,VST,23.209999084472656,23.219999313354492,22.704999923706055,22.8700008392334,21.662687301635742,2978700
2022-11-02,VST,VST,22.829999923706055,23.674999237060547,22.729999542236328,22.8700008392334,21.662687301635742,4376400
2022-11-03,VST,VST,22.790000915527344,23.670000076293945,22.559999465942383,23.229999542236328,22.003681182861328,4399000
2022-11-04,VST,VST,23.15999984741211,23.8700008392334,22.43000030517578,22.850000381469727,21.64374351501465,7181200
2022-11-07,VST,VST,22.950000762939453,23.975000381469727,22.75,23.829999923706055,22.572004318237305,5051000
2022-11-08,VST,VST,23.790000915527344,24.350000381469727,23.71500015258789,24.1200008392334,22.84670066833496,3912900
2022-11-09,VST,VST,24.0,24.18000030517578,23.479999542236328,23.549999237060547,22.306787490844727,3345200
2022-11-10,VST,VST,24.389999389648438,24.989999771118164,24.09000015258789,24.59000015258789,23.29188346862793,3465900
2022-11-11,VST,VST,24.799999237060547,24.899999618530273,23.84000015258789,24.09000015258789,22.818281173706055,3527600
2022-11-14,VST,VST,23.889999389648438,24.079999923706055,22.950000762939453,22.950000762939453,21.73845863342285,3675500
2022-11-15,VST,VST,23.389999389648438,23.5049991607666,22.635000228881836,22.700000762939453,21.501659393310547,3885200
2022-11-16,VST,VST,22.5,23.010000228881836,22.46500015258789,22.829999923706055,21.62479591369629,3395200
2022-11-17,VST,VST,22.65999984741211,22.899999618530273,22.389999389648438,22.459999084472656,21.274330139160156,2599100
2022-11-18,VST,VST,22.719999313354492,22.90999984741211,22.6299991607666,22.90999984741211,21.700576782226562,3763000
2022-11-21,VST,VST,22.860000610351562,22.979999542236328,22.510000228881836,22.8799991607666,21.672155380249023,2292200
2022-11-22,VST,VST,22.989999771118164,23.479999542236328,22.8799991607666,23.43000030517578,22.193119049072266,2276600
2022-11-23,VST,VST,23.420000076293945,24.06999969482422,23.40999984741211,24.0,22.733030319213867,1865800
2022-11-25,VST,VST,23.950000762939453,24.399999618530273,23.950000762939453,24.079999923706055,22.80880355834961,1271600
2022-11-28,VST,VST,23.760000228881836,23.899999618530273,23.57200050354004,23.790000915527344,22.534114837646484,1896900
2022-11-29,VST,VST,23.809999465942383,24.290000915527344,23.540000915527344,24.229999542236328,22.95088768005371,2631200
2022-11-30,VST,VST,24.3700008392334,24.44499969482422,23.950000762939453,24.329999923706055,23.045608520507812,7650700
2022-12-01,VST,VST,24.469999313354492,24.81999969482422,24.30500030517578,24.530000686645508,23.23505210876465,4111800
2022-12-02,VST,VST,24.200000762939453,24.389999389648438,23.959999084472656,23.989999771118164,22.723560333251953,1941600
2022-12-05,VST,VST,23.780000686645508,23.84000015258789,23.260000228881836,23.440000534057617,22.20259666442871,2570600
2022-12-06,VST,VST,23.299999237060547,23.75,23.15999984741211,23.719999313354492,22.467809677124023,3779300
2022-12-07,VST,VST,23.6299991607666,24.045000076293945,23.514999389648438,23.639999389648438,22.392030715942383,3313600
2022-12-08,VST,VST,23.68000030517578,23.90999984741211,23.489999771118164,23.59000015258789,22.344680786132812,2201700
2022-12-09,VST,VST,23.40999984741211,24.0049991607666,23.329999923706055,23.860000610351562,22.600421905517578,3274300
2022-12-12,VST,VST,23.979999542236328,24.229999542236328,23.829999923706055,24.219999313354492,22.941415786743164,2360000
2022-12-13,VST,VST,24.579999923706055,25.030000686645508,24.094999313354492,24.290000915527344,23.007720947265625,5246100
2022-12-14,VST,VST,24.100000381469727,24.53499984741211,23.985000610351562,24.350000381469727,23.064556121826172,3566400
2022-12-15,VST,VST,24.239999771118164,24.530000686645508,24.030000686645508,24.329999923706055,23.045608520507812,3407400
2022-12-16,VST,VST,24.079999923706055,24.239999771118164,23.68000030517578,24.06999969482422,22.799335479736328,5457400
2022-12-19,VST,VST,24.049999237060547,24.28499984741211,23.7549991607666,23.860000610351562,22.78310203552246,3304100
2022-12-20,VST,VST,23.84000015258789,24.110000610351562,23.770000457763672,23.81999969482422,22.744911193847656,4042400
2022-12-21,VST,VST,24.0,24.170000076293945,23.809999465942383,24.170000076293945,23.0791072845459,4215300
2022-12-22,VST,VST,24.030000686645508,24.030000686645508,23.309999465942383,23.549999237060547,22.48709487915039,2380400
2022-12-23,VST,VST,23.40999984741211,23.899999618530273,23.3700008392334,23.8700008392334,22.792654037475586,2249500
2022-12-27,VST,VST,23.81999969482422,23.950000762939453,23.43000030517578,23.690000534057617,22.620773315429688,2208200
2022-12-28,VST,VST,23.709999084472656,23.84000015258789,23.549999237060547,23.65999984741211,22.592126846313477,5352700
2022-12-29,VST,VST,23.75,24.18000030517578,23.6200008392334,24.06999969482422,22.983623504638672,1954800
2022-12-30,VST,VST,24.0,24.020000457763672,22.8439998626709,23.200000762939453,22.152889251708984,3424700
2023-01-03,VST,VST,23.239999771118164,23.350000381469727,22.125,22.270000457763672,21.264863967895508,3868900
2023-01-04,VST,VST,22.280000686645508,22.847000122070312,22.010000228881836,22.75,21.723201751708984,3934000
2023-01-05,VST,VST,22.610000610351562,22.780000686645508,22.25,22.31999969482422,21.312610626220703,2319200
2023-01-06,VST,VST,22.479999542236328,22.774999618530273,22.25,22.510000228881836,21.49403190612793,3411900
2023-01-09,VST,VST,22.6299991607666,22.885000228881836,22.459999084472656,22.530000686645508,21.513132095336914,2912000
2023-01-10,VST,VST,22.40999984741211,22.53499984741211,22.190000534057617,22.399999618530273,21.38899803161621,2873600
2023-01-11,VST,VST,22.399999618530273,22.78499984741211,22.399999618530273,22.739999771118164,21.71364974975586,2395400
2023-01-12,VST,VST,22.860000610351562,23.094999313354492,22.604999542236328,22.690000534057617,21.665910720825195,3315700
2023-01-13,VST,VST,22.43000030517578,22.545000076293945,22.135000228881836,22.3799991607666,21.369897842407227,2806900
2023-01-17,VST,VST,22.420000076293945,22.770000457763672,22.139999389648438,22.149999618530273,21.150283813476562,3593700
2023-01-18,VST,VST,22.110000610351562,22.229999542236328,21.479999542236328,21.5,20.529619216918945,3684600
2023-01-19,VST,VST,21.3799991607666,21.530000686645508,21.25,21.389999389648438,20.424585342407227,3749800
2023-01-20,VST,VST,21.31999969482422,21.8700008392334,21.299999237060547,21.850000381469727,20.863821029663086,3420300
2023-01-23,VST,VST,21.780000686645508,22.729999542236328,21.760000228881836,22.5,21.484485626220703,2798200
2023-01-24,VST,VST,22.5,22.889999389648438,22.280000686645508,22.829999923706055,21.799589157104492,2632500
2023-01-25,VST,VST,22.6299991607666,22.795000076293945,22.344999313354492,22.56999969482422,21.551326751708984,2231800
2023-01-26,VST,VST,22.600000381469727,22.809999465942383,22.229999542236328,22.799999237060547,21.770944595336914,2012100
2023-01-27,VST,VST,22.700000762939453,22.90999984741211,22.649999618530273,22.670000076293945,21.646808624267578,1899800
2023-01-30,VST,VST,22.600000381469727,22.905000686645508,22.31999969482422,22.3700008392334,21.360349655151367,2132900
2023-01-31,VST,VST,22.440000534057617,23.065000534057617,22.31999969482422,23.059999465942383,22.019210815429688,2573000
2023-02-01,VST,VST,22.860000610351562,23.475000381469727,22.834999084472656,23.200000762939453,22.152889251708984,2495800
2023-02-02,VST,VST,23.43000030517578,23.864999771118164,23.030000686645508,23.280000686645508,22.229278564453125,3012000
2023-02-03,VST,VST,22.979999542236328,23.040000915527344,22.55500030517578,22.8799991607666,21.847332000732422,5011300
2023-02-06,VST,VST,22.84000015258789,23.100000381469727,22.760000228881836,22.969999313354492,21.933271408081055,4087200
2023-02-07,VST,VST,22.940000534057617,23.309999465942383,22.655000686645508,23.239999771118164,22.19108772277832,1930600
2023-02-08,VST,VST,23.079999923706055,23.200000762939453,22.829999923706055,22.860000610351562,21.82823944091797,1398800
2023-02-09,VST,VST,22.889999389648438,23.0,22.690000534057617,22.690000534057617,21.665910720825195,2709200
2023-02-10,VST,VST,22.65999984741211,23.139999389648438,22.6200008392334,23.040000915527344,22.000112533569336,1872100
2023-02-13,VST,VST,23.030000686645508,23.375,23.010000228881836,23.049999237060547,22.009662628173828,1590500
2023-02-14,VST,VST,22.969999313354492,23.469999313354492,22.860000610351562,23.010000228881836,21.971466064453125,2431500
2023-02-15,VST,VST,22.809999465942383,23.489999771118164,22.809999465942383,23.440000534057617,22.382061004638672,3412900
2023-02-16,VST,VST,23.170000076293945,23.3799991607666,22.549999237060547,22.81999969482422,21.790042877197266,4614000
2023-02-17,VST,VST,22.889999389648438,23.239999771118164,22.739999771118164,22.959999084472656,21.923725128173828,3582100
2023-02-21,VST,VST,22.770000457763672,22.920000076293945,22.440000534057617,22.56999969482422,21.551326751708984,3216000
2023-02-22,VST,VST,22.479999542236328,22.610000610351562,22.2549991607666,22.420000076293945,21.40809440612793,3114100
2023-02-23,VST,VST,22.56999969482422,22.825000762939453,22.395000457763672,22.5,21.484485626220703,1819900
2023-02-24,VST,VST,22.31999969482422,22.489999771118164,22.170000076293945,22.360000610351562,21.350801467895508,2340200
2023-02-27,VST,VST,22.600000381469727,22.799999237060547,22.219999313354492,22.25,21.24576759338379,2603300
2023-02-28,VST,VST,22.06999969482422,22.399999618530273,21.885000228881836,21.989999771118164,20.99750328063965,4883500
2023-03-01,VST,VST,22.079999923706055,22.540000915527344,21.559999465942383,21.709999084472656,20.730134963989258,4455300
2023-03-02,VST,VST,21.65999984741211,21.670000076293945,21.229999542236328,21.290000915527344,20.329099655151367,5173500
2023-03-03,VST,VST,21.31999969482422,21.59000015258789,21.18000030517578,21.40999984741211,20.443681716918945,3455700
2023-03-06,VST,VST,22.049999237060547,25.030000686645508,22.049999237060547,24.3799991607666,23.27962875366211,16329100
2023-03-07,VST,VST,24.950000762939453,27.290000915527344,24.600000381469727,26.510000228881836,25.313495635986328,14242600
2023-03-08,VST,VST,26.510000228881836,27.184999465942383,26.174999237060547,26.200000762939453,25.017486572265625,7018500
2023-03-09,VST,VST,26.239999771118164,26.5,25.68000030517578,25.690000534057617,24.530508041381836,6133000
2023-03-10,VST,VST,25.889999389648438,25.93000030517578,24.510000228881836,24.520000457763672,23.41331672668457,5888500
2023-03-13,VST,VST,24.3799991607666,25.040000915527344,24.020000457763672,24.34000015258789,23.241437911987305,7722300
2023-03-14,VST,VST,24.68000030517578,25.704999923706055,24.549999237060547,25.5,24.34908103942871,6022000
2023-03-15,VST,VST,24.764999389648438,25.1200008392334,23.899999618530273,24.40999984741211,23.308279037475586,6411500
2023-03-16,VST,VST,24.0,25.489999771118164,23.989999771118164,25.34000015258789,24.19630241394043,5547100
2023-03-17,VST,VST,25.09000015258789,25.1299991607666,24.219999313354492,24.84000015258789,23.718870162963867,5046400
2023-03-20,VST,VST,25.100000381469727,25.649999618530273,25.059999465942383,25.100000381469727,23.967134475708008,4331100
2023-03-21,VST,VST,25.139999389648438,25.674999237060547,24.7450008392334,25.059999465942383,24.119203567504883,3389300
2023-03-22,VST,VST,24.860000610351562,24.989999771118164,24.219999313354492,24.229999542236328,23.320362091064453,3333100
2023-03-23,VST,VST,24.329999923706055,24.6200008392334,23.6299991607666,23.90999984741211,23.012374877929688,3234500
2023-03-24,VST,VST,23.81999969482422,23.84000015258789,23.040000915527344,23.420000076293945,22.540769577026367,4852300
2023-03-27,VST,VST,23.489999771118164,23.739999771118164,23.1200008392334,23.200000762939453,22.329030990600586,4108800
2023-03-28,VST,VST,23.170000076293945,23.760000228881836,23.100000381469727,23.34000015258789,22.463777542114258,2799400
2023-03-29,VST,VST,23.479999542236328,23.7549991607666,23.315000534057617,23.510000228881836,22.62739372253418,3517400
2023-03-30,VST,VST,23.670000076293945,23.864999771118164,23.479999542236328,23.59000015258789,22.70439338684082,2154000
2023-03-31,VST,VST,23.649999618530273,24.0,23.53499984741211,24.0,23.0989990234375,2284300
2023-04-03,VST,VST,23.8799991607666,24.100000381469727,23.670000076293945,23.700000762939453,22.810260772705078,3017900
2023-04-04,VST,VST,23.670000076293945,23.7549991607666,23.190000534057617,23.40999984741211,22.53114891052246,2587200
2023-04-05,VST,VST,23.360000610351562,23.989999771118164,23.329999923706055,23.920000076293945,23.022001266479492,2736200
2023-04-06,VST,VST,24.1200008392334,24.295000076293945,23.8700008392334,24.06999969482422,23.166372299194336,3021900
2023-04-10,VST,VST,23.829999923706055,24.485000610351562,23.799999237060547,24.420000076293945,23.503231048583984,2735100
2023-04-11,VST,VST,24.549999237060547,24.90999984741211,24.440000534057617,24.690000534057617,23.763093948364258,2742400
2023-04-12,VST,VST,24.799999237060547,24.8799991607666,24.413000106811523,24.549999237060547,23.628347396850586,2962600
2023-04-13,VST,VST,24.43000030517578,25.1200008392334,24.31999969482422,24.829999923706055,23.89784049987793,3680400
2023-04-14,VST,VST,24.700000762939453,24.954999923706055,24.299999237060547,24.489999771118164,23.570602416992188,3169600
2023-04-17,VST,VST,24.530000686645508,24.530000686645508,24.045000076293945,24.25,23.339611053466797,2382100
2023-04-18,VST,VST,24.270000457763672,24.364999771118164,23.93000030517578,24.309999465942383,23.397357940673828,2834600
2023-04-19,VST,VST,24.149999618530273,24.270000457763672,23.799999237060547,24.260000228881836,23.3492374420166,3231700
2023-04-20,VST,VST,24.059999465942383,24.25,23.7450008392334,23.780000686645508,22.88725471496582,1985800
2023-04-21,VST,VST,23.799999237060547,23.899999618530273,23.459999084472656,23.700000762939453,22.810260772705078,1809400
2023-04-24,VST,VST,23.790000915527344,23.899999618530273,23.399999618530273,23.649999618530273,22.76213836669922,4038000
2023-04-25,VST,VST,23.600000381469727,23.71500015258789,23.2450008392334,23.350000381469727,22.473400115966797,3717100
2023-04-26,VST,VST,23.31999969482422,23.520000457763672,22.950000762939453,22.969999313354492,22.107664108276367,2636700
2023-04-27,VST,VST,23.049999237060547,23.280000686645508,22.950000762939453,23.1299991607666,22.261653900146484,2603300
2023-04-28,VST,VST,23.139999389648438,23.959999084472656,23.049999237060547,23.860000610351562,22.964256286621094,3165200
2023-05-01,VST,VST,23.860000610351562,24.1200008392334,23.420000076293945,23.43000030517578,22.55039405822754,2539600
2023-05-02,VST,VST,23.40999984741211,23.59000015258789,22.670000076293945,23.110000610351562,22.242412567138672,2937000
2023-05-03,VST,VST,23.399999618530273,23.549999237060547,22.979999542236328,23.010000228881836,22.146167755126953,1951100
2023-05-04,VST,VST,23.059999465942383,23.209999084472656,22.69499969482422,23.170000076293945,22.30015754699707,2640200
2023-05-05,VST,VST,23.270000457763672,23.559999465942383,23.200000762939453,23.420000076293945,22.540769577026367,3008400
2023-05-08,VST,VST,23.450000762939453,23.565000534057617,23.235000610351562,23.3799991607666,22.502269744873047,2426000
2023-05-09,VST,VST,23.59000015258789,24.655000686645508,23.59000015258789,24.600000381469727,23.676471710205078,6624300
2023-05-10,VST,VST,25.0,25.709999084472656,24.84000015258789,25.219999313354492,24.273195266723633,8049200
2023-05-11,VST,VST,25.010000228881836,25.204999923706055,24.520000457763672,24.639999389648438,23.7149715423584,3650500
2023-05-12,VST,VST,24.829999923706055,24.860000610351562,24.204999923706055,24.520000457763672,23.59947967529297,3458700
2023-05-15,VST,VST,24.5,24.809999465942383,24.40999984741211,24.799999237060547,23.86896324157715,3242100
2023-05-16,VST,VST,24.75,24.829999923706055,24.065000534057617,24.350000381469727,23.435861587524414,2840100
2023-05-17,VST,VST,24.459999084472656,24.610000610351562,24.209999084472656,24.350000381469727,23.435861587524414,3512200
2023-05-18,VST,VST,24.15999984741211,24.524999618530273,24.010000228881836,24.440000534057617,23.522478103637695,2611500
2023-05-19,VST,VST,24.68000030517578,24.94499969482422,24.510000228881836,24.510000228881836,23.589853286743164,2772300
2023-05-22,VST,VST,24.450000762939453,24.8700008392334,24.43000030517578,24.510000228881836,23.589853286743164,2456000
2023-05-23,VST,VST,24.450000762939453,24.969999313354492,24.389999389648438,24.559999465942383,23.63797378540039,2062700
2023-05-24,VST,VST,24.489999771118164,24.540000915527344,24.264999389648438,24.399999618530273,23.483980178833008,2972800
2023-05-25,VST,VST,24.459999084472656,24.610000610351562,23.850000381469727,24.270000457763672,23.35886573791504,2598300
2023-05-26,VST,VST,24.34000015258789,24.545000076293945,24.079999923706055,24.450000762939453,23.5321044921875,2569300
2023-05-30,VST,VST,24.530000686645508,24.575000762939453,23.915000915527344,23.950000762939453,23.05087661743164,2434500
2023-05-31,VST,VST,23.809999465942383,24.084999084472656,23.53499984741211,23.969999313354492,23.07012367248535,4908400
2023-06-01,VST,VST,24.040000915527344,24.729999542236328,23.989999771118164,24.639999389648438,23.7149715423584,4772000
2023-06-02,VST,VST,24.690000534057617,25.030000686645508,24.459999084472656,24.719999313354492,23.791967391967773,3299600
2023-06-05,VST,VST,24.56999969482422,24.989999771118164,24.559999465942383,24.899999618530273,23.965208053588867,2585700
2023-06-06,VST,VST,24.899999618530273,24.989999771118164,24.665000915527344,24.729999542236328,23.801591873168945,2493800
2023-06-07,VST,VST,24.780000686645508,25.229999542236328,24.645000457763672,25.15999984741211,24.215450286865234,3010500
2023-06-08,VST,VST,25.15999984741211,25.18000030517578,24.68000030517578,24.81999969482422,23.888212203979492,2612500
2023-06-09,VST,VST,24.969999313354492,25.059999465942383,24.770000457763672,24.81999969482422,23.888212203979492,1514200
2023-06-12,VST,VST,24.809999465942383,24.979999542236328,24.59600067138672,24.700000762939453,23.772716522216797,1771300
2023-06-13,VST,VST,24.700000762939453,25.014999389648438,24.600000381469727,24.899999618530273,23.965208053588867,3407900
2023-06-14,VST,VST,24.920000076293945,25.1299991607666,24.743000030517578,24.809999465942383,23.878589630126953,5449200
2023-06-15,VST,VST,24.84000015258789,25.399999618530273,24.809999465942383,25.329999923706055,24.379064559936523,5900600
2023-06-16,VST,VST,25.40999984741211,25.459999084472656,24.989999771118164,25.059999465942383,24.119203567504883,6532000
2023-06-20,VST,VST,24.950000762939453,25.155000686645508,24.719999313354492,24.969999313354492,24.229822158813477,4547900
2023-06-21,VST,VST,24.8700008392334,25.2450008392334,24.700000762939453,25.149999618530273,24.40448760986328,3948400
2023-06-22,VST,VST,25.260000228881836,25.315000534057617,24.93000030517578,25.299999237060547,24.55004119873047,2493100
2023-06-23,VST,VST,25.329999923706055,25.530000686645508,24.90999984741211,25.100000381469727,24.355966567993164,7426300
2023-06-26,VST,VST,25.479999542236328,26.075000762939453,25.440000534057617,25.600000381469727,24.84114646911621,5450900
2023-06-27,VST,VST,25.690000534057617,26.139999389648438,25.559999465942383,25.790000915527344,25.02552032470703,4740600
2023-06-28,VST,VST,25.770000457763672,25.815000534057617,25.559999465942383,25.729999542236328,24.967294692993164,1866700
2023-06-29,VST,VST,25.729999542236328,26.1299991607666,25.639999389648438,26.040000915527344,25.268108367919922,1686900
2023-06-30,VST,VST,26.100000381469727,26.395000457763672,25.96500015258789,26.25,25.47188377380371,2301700
2023-07-03,VST,VST,26.15999984741211,26.43000030517578,26.09000015258789,26.09000015258789,25.31662368774414,1222300
2023-07-05,VST,VST,25.90999984741211,26.94499969482422,25.8799991607666,26.84000015258789,26.044391632080078,3070100
2023-07-06,VST,VST,26.600000381469727,26.950000762939453,26.524999618530273,26.950000762939453,26.151134490966797,3374500
2023-07-07,VST,VST,26.729999542236328,27.06999969482422,26.639999389648438,26.700000762939453,25.90854263305664,2043700
2023-07-10,VST,VST,26.700000762939453,26.809999465942383,26.34000015258789,26.459999084472656,25.675655364990234,1651600
2023-07-11,VST,VST,26.440000534057617,26.520000457763672,26.260000228881836,26.520000457763672,25.73387908935547,1917500
2023-07-12,VST,VST,26.6200008392334,26.93000030517578,26.56999969482422,26.760000228881836,25.966764450073242,1991100
2023-07-13,VST,VST,26.56999969482422,26.799999237060547,26.549999237060547,26.709999084472656,25.918251037597656,1712200
2023-07-14,VST,VST,26.68000030517578,26.68000030517578,26.299999237060547,26.34000015258789,25.559213638305664,1288700
2023-07-17,VST,VST,26.200000762939453,26.31999969482422,26.05500030517578,26.1299991607666,25.355436325073242,2146700
2023-07-18,VST,VST,26.18000030517578,26.780000686645508,26.165000915527344,26.780000686645508,25.986175537109375,2468300
2023-07-19,VST,VST,26.81999969482422,27.40999984741211,26.739999771118164,27.329999923706055,26.51986312866211,3692300
2023-07-20,VST,VST,27.309999465942383,27.510000228881836,27.209999084472656,27.3700008392334,26.558683395385742,1512600
2023-07-21,VST,VST,27.549999237060547,28.520000457763672,27.3700008392334,28.360000610351562,27.519336700439453,4584000
2023-07-24,VST,VST,28.360000610351562,28.479999542236328,28.110000610351562,28.299999237060547,27.461111068725586,1939700
2023-07-25,VST,VST,28.43000030517578,28.530000686645508,28.075000762939453,28.100000381469727,27.26704216003418,2748800
2023-07-26,VST,VST,28.200000762939453,28.545000076293945,28.079999923706055,28.40999984741211,27.567853927612305,2838700
2023-07-27,VST,VST,28.3700008392334,28.510000228881836,28.06999969482422,28.100000381469727,27.26704216003418,2048800
2023-07-28,VST,VST,28.18000030517578,28.350000381469727,27.579999923706055,27.719999313354492,26.89830780029297,1875000
2023-07-31,VST,VST,28.0,28.55500030517578,27.844999313354492,28.059999465942383,27.228229522705078,2792900
2023-08-01,VST,VST,27.969999313354492,28.3700008392334,27.75,27.889999389648438,27.063268661499023,2377800
2023-08-02,VST,VST,27.649999618530273,28.06999969482422,27.54199981689453,27.989999771118164,27.160303115844727,1935100
2023-08-03,VST,VST,27.969999313354492,28.309999465942383,27.700000762939453,27.940000534057617,27.111787796020508,4245100
2023-08-04,VST,VST,28.010000228881836,28.850000381469727,27.899999618530273,28.540000915527344,27.694000244140625,4728100
2023-08-07,VST,VST,28.670000076293945,29.0,28.59000015258789,28.700000762939453,27.849254608154297,3243200
2023-08-08,VST,VST,28.559999465942383,28.8799991607666,28.389999389648438,28.81999969482422,27.9656982421875,4245500
2023-08-09,VST,VST,29.540000915527344,30.770000457763672,29.190000534057617,30.309999465942383,29.411531448364258,7461000
2023-08-10,VST,VST,30.440000534057617,30.985000610351562,30.440000534057617,30.690000534057617,29.78026580810547,5922500
2023-08-11,VST,VST,30.6200008392334,30.850000381469727,30.06999969482422,30.139999389648438,29.246572494506836,4828700
2023-08-14,VST,VST,30.040000915527344,30.34000015258789,29.920000076293945,30.31999969482422,29.421236038208008,4458700
2023-08-15,VST,VST,30.030000686645508,30.31999969482422,29.985000610351562,30.239999771118164,29.343605041503906,3258400
2023-08-16,VST,VST,30.280000686645508,30.43000030517578,30.014999389648438,30.06999969482422,29.17864418029785,3004500
2023-08-17,VST,VST,30.0,30.44499969482422,29.469999313354492,29.709999084472656,28.829315185546875,3470700
2023-08-18,VST,VST,29.600000381469727,30.09000015258789,29.56999969482422,29.860000610351562,28.97487449645996,3267500
2023-08-21,VST,VST,29.950000762939453,30.020000457763672,29.739999771118164,30.0,29.1107177734375,3002900
2023-08-22,VST,VST,29.899999618530273,29.90999984741211,29.479999542236328,29.65999984741211,28.780803680419922,3676900
2023-08-23,VST,VST,29.90999984741211,30.34000015258789,29.8700008392334,30.329999923706055,29.43094253540039,5043400
2023-08-24,VST,VST,30.43000030517578,30.469999313354492,29.889999389648438,30.010000228881836,29.120426177978516,3957900
2023-08-25,VST,VST,30.1200008392334,30.3700008392334,30.030000686645508,30.1200008392334,29.22716522216797,2932600
2023-08-28,VST,VST,30.1299991607666,30.280000686645508,29.84000015258789,29.969999313354492,29.08160972595215,2761600
2023-08-29,VST,VST,30.06999969482422,30.454999923706055,29.9950008392334,30.420000076293945,29.518272399902344,4530600
2023-08-30,VST,VST,30.389999389648438,31.350000381469727,30.360000610351562,31.329999923706055,30.40129852294922,4426500
2023-08-31,VST,VST,31.3700008392334,31.68000030517578,31.315000534057617,31.420000076293945,30.488628387451172,5297400
2023-09-01,VST,VST,31.610000610351562,31.989999771118164,31.59000015258789,31.790000915527344,30.847660064697266,3880300
2023-09-05,VST,VST,32.599998474121094,33.04999923706055,31.975000381469727,32.5,31.536611557006836,9795600
2023-09-06,VST,VST,32.2400016784668,33.14500045776367,32.2400016784668,32.810001373291016,31.837430953979492,6026800
2023-09-07,VST,VST,33.02000045776367,33.59000015258789,32.65999984741211,33.369998931884766,32.38082504272461,6964700
2023-09-08,VST,VST,33.33000183105469,34.165000915527344,33.33000183105469,34.060001373291016,33.05037307739258,7431600
2023-09-11,VST,VST,34.06999969482422,34.28499984741211,33.66999816894531,33.689998626708984,32.69132995605469,5262900
2023-09-12,VST,VST,33.810001373291016,34.189998626708984,33.58000183105469,33.70000076293945,32.701045989990234,6221300
2023-09-13,VST,VST,33.29999923706055,33.72999954223633,32.94499969482422,33.18000030517578,32.19645690917969,6629500
2023-09-14,VST,VST,33.459999084472656,33.540000915527344,32.935001373291016,33.040000915527344,32.060604095458984,6554100
2023-09-15,VST,VST,33.13999938964844,33.22999954223633,32.790000915527344,32.90999984741211,31.934459686279297,53404100
2023-09-18,VST,VST,32.88999938964844,33.599998474121094,32.88999938964844,33.4900016784668,32.49726867675781,6597400
2023-09-19,VST,VST,33.459999084472656,33.779998779296875,33.119998931884766,33.150001525878906,32.36643600463867,4450500
2023-09-20,VST,VST,33.279998779296875,33.349998474121094,32.2599983215332,32.34000015258789,31.575580596923828,4081900
2023-09-21,VST,VST,32.7400016784668,33.665000915527344,32.7400016784668,33.45000076293945,32.65934371948242,5137900
2023-09-22,VST,VST,33.29999923706055,33.53499984741211,33.119998931884766,33.220001220703125,32.434783935546875,3962300
2023-09-25,VST,VST,33.040000915527344,33.84000015258789,33.025001525878906,33.65999984741211,32.8643798828125,3411700
2023-09-26,VST,VST,33.59000015258789,33.70000076293945,32.90999984741211,32.9900016784668,32.21022415161133,4370800
2023-09-27,VST,VST,33.0,33.564998626708984,32.86000061035156,33.31999969482422,32.53241729736328,5572400
2023-09-28,VST,VST,33.40999984741211,33.939998626708984,33.22999954223633,33.43000030517578,32.63981628417969,4491800
2023-09-29,VST,VST,33.72999954223633,33.84000015258789,32.83000183105469,33.18000030517578,32.395729064941406,4839700
2023-10-02,VST,VST,33.380001068115234,33.7400016784668,31.950000762939453,32.529998779296875,31.761091232299805,4982200
2023-10-03,VST,VST,32.34000015258789,32.685001373291016,31.3700008392334,32.0,31.243616104125977,6436500
2023-10-04,VST,VST,32.189998626708984,32.310001373291016,31.15999984741211,31.389999389648438,30.64803695678711,6521100
2023-10-05,VST,VST,31.389999389648438,32.05500030517578,31.34000015258789,31.829999923706055,31.077634811401367,4402300
2023-10-06,VST,VST,31.729999542236328,31.920000076293945,31.21500015258789,31.540000915527344,30.794490814208984,4792100
2023-10-09,VST,VST,31.56999969482422,32.10499954223633,31.56999969482422,31.850000381469727,31.097164154052734,3306800
2023-10-10,VST,VST,31.920000076293945,32.19499969482422,31.844999313354492,32.099998474121094,31.34125328063965,5909500
2023-10-11,VST,VST,32.099998474121094,32.810001373291016,31.950000762939453,32.77000045776367,31.99541664123535,6961700
2023-10-12,VST,VST,32.790000915527344,33.02000045776367,31.40999984741211,31.799999237060547,31.0483455657959,3725700
2023-10-13,VST,VST,31.93000030517578,32.099998474121094,31.399999618530273,31.639999389648438,30.892126083374023,2954600
2023-10-16,VST,VST,31.979999542236328,32.459999084472656,31.84000015258789,32.290000915527344,31.526765823364258,3368500
2023-10-17,VST,VST,31.969999313354492,32.79499816894531,31.969999313354492,32.56999969482422,31.800146102905273,3255600
2023-10-18,VST,VST,32.47999954223633,32.654998779296875,32.2599983215332,32.41999816894531,31.653684616088867,3175400
2023-10-19,VST,VST,32.290000915527344,32.84000015258789,32.095001220703125,32.11000061035156,31.351016998291016,3717400
2023-10-20,VST,VST,32.189998626708984,32.38999938964844,31.739999771118164,31.93000030517578,31.17527198791504,3267500
2023-10-23,VST,VST,31.68000030517578,32.1349983215332,31.43000030517578,31.889999389648438,31.136219024658203,2998100
2023-10-24,VST,VST,32.2400016784668,32.834999084472656,32.2400016784668,32.70000076293945,31.927078247070312,2668400
2023-10-25,VST,VST,32.88999938964844,33.040000915527344,32.529998779296875,32.779998779296875,32.00518035888672,2652500
2023-10-26,VST,VST,33.15999984741211,33.439998626708984,32.66999816894531,32.900001525878906,32.12234878540039,2926000
2023-10-27,VST,VST,32.68000030517578,32.77000045776367,31.920000076293945,32.02000045776367,31.26314926147461,3259100
2023-10-30,VST,VST,32.16999816894531,32.689998626708984,32.16999816894531,32.58000183105469,31.80990982055664,2499500
2023-10-31,VST,VST,32.7599983215332,32.82500076293945,32.34000015258789,32.720001220703125,31.946598052978516,2819600
2023-11-01,VST,VST,32.880001068115234,34.10499954223633,32.66999816894531,33.93000030517578,33.127994537353516,3786500
2023-11-02,VST,VST,34.0,35.040000915527344,33.91999816894531,34.65999984741211,33.84074783325195,3556500
2023-11-03,VST,VST,34.86000061035156,35.30500030517578,34.75,34.9900016784668,34.16294479370117,3980900
2023-11-06,VST,VST,35.150001525878906,35.52000045776367,34.869998931884766,35.33000183105469,34.49490737915039,5641400
2023-11-07,VST,VST,35.349998474121094,36.5,33.84000015258789,34.75,33.928611755371094,6032500
2023-11-08,VST,VST,35.09000015258789,35.540000915527344,34.595001220703125,34.66999816894531,33.85050964355469,4593400
2023-11-09,VST,VST,34.65999984741211,35.040000915527344,34.52000045776367,34.560001373291016,33.74311065673828,2870800
2023-11-10,VST,VST,34.86000061035156,35.11000061035156,34.41999816894531,34.47999954223633,33.665000915527344,2719000
2023-11-13,VST,VST,34.47999954223633,34.63999938964844,34.23500061035156,34.400001525878906,33.58689498901367,2692200
2023-11-14,VST,VST,34.900001525878906,35.29999923706055,34.85499954223633,35.220001220703125,34.387508392333984,4171400
2023-11-15,VST,VST,35.06999969482422,35.29999923706055,34.650001525878906,34.70000076293945,33.87979507446289,4098700
2023-11-16,VST,VST,35.0,35.310001373291016,34.30500030517578,34.7400016784668,33.91885757446289,4827800
2023-11-17,VST,VST,34.650001525878906,34.970001220703125,34.63999938964844,34.86000061035156,34.03601837158203,2903000
2023-11-20,VST,VST,34.86000061035156,35.06999969482422,34.65999984741211,34.689998626708984,33.87003707885742,3877700
2023-11-21,VST,VST,34.70000076293945,34.93000030517578,34.474998474121094,34.4900016784668,33.67476272583008,5000200
2023-11-22,VST,VST,34.54999923706055,34.81999969482422,34.25,34.810001373291016,33.98719787597656,2980400
2023-11-24,VST,VST,34.630001068115234,35.029998779296875,34.61000061035156,34.86000061035156,34.03601837158203,1190500
2023-11-27,VST,VST,34.88999938964844,35.689998626708984,34.70000076293945,35.63999938964844,34.797576904296875,3560600
2023-11-28,VST,VST,35.540000915527344,35.63999938964844,35.150001525878906,35.220001220703125,34.387508392333984,2591000
2023-11-29,VST,VST,35.5099983215332,35.84000015258789,34.880001068115234,34.91999816894531,34.0945930480957,4312900
2023-11-30,VST,VST,34.959999084472656,35.53499984741211,34.88999938964844,35.40999984741211,34.57301330566406,6258000
2023-12-01,VST,VST,35.40999984741211,36.279998779296875,35.40999984741211,36.279998779296875,35.42245101928711,4204200
2023-12-04,VST,VST,36.040000915527344,37.15999984741211,35.9900016784668,37.119998931884766,36.24258804321289,5748300
2023-12-05,VST,VST,37.130001068115234,37.40999984741211,36.720001220703125,37.369998931884766,36.48667907714844,4136000
2023-12-06,VST,VST,37.40999984741211,37.720001220703125,36.21500015258789,36.279998779296875,35.42245101928711,4382000
2023-12-07,VST,VST,36.25,37.20000076293945,36.16999816894531,37.16999816894531,36.291412353515625,3413400
2023-12-08,VST,VST,37.099998474121094,37.19599914550781,36.44499969482422,36.959999084472656,36.08638381958008,3606000
2023-12-11,VST,VST,37.0,37.060001373291016,36.474998474121094,36.880001068115234,36.00827407836914,3211600
2023-12-12,VST,VST,36.86000061035156,37.599998474121094,36.810001373291016,37.33000183105469,36.4476318359375,4330700
2023-12-13,VST,VST,37.38999938964844,38.185001373291016,37.310001373291016,38.119998931884766,37.218955993652344,4128100
2023-12-14,VST,VST,38.31999969482422,38.34000015258789,37.38999938964844,37.4900016784668,36.60385513305664,3702700
2023-12-15,VST,VST,37.5,37.90999984741211,37.38999938964844,37.68000030517578,36.78936004638672,14998800
2023-12-18,VST,VST,37.68000030517578,38.060001373291016,37.459999084472656,37.7599983215332,36.86746597290039,4450600
2023-12-19,VST,VST,37.709999084472656,37.97999954223633,37.380001068115234,37.720001220703125,37.03733825683594,3445300
2023-12-20,VST,VST,37.529998779296875,38.11000061035156,37.47999954223633,37.61000061035156,36.92932891845703,3122900
2023-12-21,VST,VST,37.77000045776367,37.9900016784668,37.57500076293945,37.790000915527344,37.10607147216797,2076800
2023-12-22,VST,VST,37.900001525878906,38.15999984741211,37.790000915527344,38.02000045776367,37.3319091796875,1609900
2023-12-26,VST,VST,37.959999084472656,38.415000915527344,37.880001068115234,38.20000076293945,37.50865173339844,1454200
2023-12-27,VST,VST,38.150001525878906,38.595001220703125,38.099998474121094,38.380001068115234,37.685394287109375,1984300
2023-12-28,VST,VST,38.220001220703125,38.84000015258789,38.220001220703125,38.81999969482422,38.11742401123047,2040400
2023-12-29,VST,VST,38.7599983215332,38.900001525878906,38.34000015258789,38.52000045776367,37.822853088378906,2312400
2024-01-02,VST,VST,38.290000915527344,38.599998474121094,37.810001373291016,38.06999969482422,37.38099670410156,2722300
2024-01-03,VST,VST,38.029998779296875,38.33000183105469,37.77000045776367,38.18000030517578,37.489017486572266,2941800
2024-01-04,VST,VST,38.31999969482422,38.7400016784668,38.20000076293945,38.400001525878906,37.705039978027344,3312200
2024-01-05,VST,VST,38.59000015258789,39.03499984741211,38.43000030517578,38.59000015258789,37.8915901184082,2625500
2024-01-08,VST,VST,38.65999984741211,39.189998626708984,38.5,39.13999938964844,38.431640625,3977600
2024-01-09,VST,VST,39.0,39.76499938964844,38.41999816894531,39.59000015258789,38.873497009277344,3582200
2024-01-10,VST,VST,39.68000030517578,39.68000030517578,38.3849983215332,38.459999084472656,37.763946533203125,2686600
2024-01-11,VST,VST,38.459999084472656,39.09000015258789,38.08000183105469,38.869998931884766,38.16651916503906,3466500
2024-01-12,VST,VST,39.130001068115234,39.3849983215332,39.08000183105469,39.220001220703125,38.51019287109375,1978100
2024-01-16,VST,VST,38.95000076293945,39.709999084472656,38.95000076293945,39.31999969482422,38.60837936401367,2887800
2024-01-17,VST,VST,39.13999938964844,39.994998931884766,39.08000183105469,39.720001220703125,39.00114440917969,2752000
2024-01-18,VST,VST,39.66999816894531,39.96500015258789,39.08300018310547,39.40999984741211,38.696746826171875,3238000
2024-01-19,VST,VST,39.560001373291016,40.16999816894531,39.459999084472656,40.16999816894531,39.4429931640625,2639900
2024-01-22,VST,VST,40.25,40.4900016784668,39.935001373291016,39.970001220703125,39.24661636352539,2799000
2024-01-23,VST,VST,40.060001373291016,40.30500030517578,39.52000045776367,39.849998474121094,39.128787994384766,2988200
2024-01-24,VST,VST,40.130001068115234,40.15999984741211,39.1349983215332,39.22999954223633,38.52001190185547,1918400
2024-01-25,VST,VST,39.7400016784668,40.54999923706055,39.689998626708984,40.43000030517578,39.69829177856445,2193500
2024-01-26,VST,VST,40.48500061035156,40.86000061035156,40.310001373291016,40.779998779296875,40.04195785522461,1739500
2024-01-29,VST,VST,40.790000915527344,40.79999923706055,40.540000915527344,40.560001373291016,39.82593536376953,1941300
2024-01-30,VST,VST,40.720001220703125,41.2599983215332,40.56999969482422,41.22999954223633,40.48381042480469,2420300
2024-01-31,VST,VST,41.349998474121094,41.65999984741211,40.775001525878906,41.029998779296875,40.28742980957031,2626500
2024-02-01,VST,VST,41.029998779296875,43.415000915527344,41.02000045776367,43.2599983215332,42.477073669433594,5523800
2024-02-02,VST,VST,43.099998474121094,44.959999084472656,42.720001220703125,44.54999923706055,43.74372863769531,6605400
2024-02-05,VST,VST,44.040000915527344,44.150001525878906,42.90999984741211,43.349998474121094,42.5654411315918,4184700
2024-02-06,VST,VST,43.29999923706055,43.875,42.939998626708984,43.2599983215332,42.477073669433594,5362400
2024-02-07,VST,VST,43.43000030517578,44.04999923706055,43.290000915527344,43.7599983215332,42.96802520751953,2696200
2024-02-08,VST,VST,43.599998474121094,43.82500076293945,42.61000061035156,42.900001525878906,42.12358856201172,3702000
2024-02-09,VST,VST,42.81999969482422,43.494998931884766,42.790000915527344,43.22999954223633,42.447628021240234,2610700
2024-02-12,VST,VST,43.209999084472656,43.470001220703125,42.224998474121094,42.810001373291016,42.035221099853516,4260900
2024-02-13,VST,VST,42.560001373291016,44.220001220703125,42.34000015258789,44.20000076293945,43.400062561035156,4587900
2024-02-14,VST,VST,44.529998779296875,45.0,43.9900016784668,44.27000045776367,43.46879577636719,3128600
2024-02-15,VST,VST,44.369998931884766,45.45000076293945,44.25,45.38999938964844,44.568519592285156,3776000
2024-02-16,VST,VST,45.189998626708984,46.310001373291016,45.189998626708984,45.58000183105469,44.755088806152344,4619600
2024-02-20,VST,VST,45.65999984741211,46.90999984741211,45.52000045776367,46.150001525878906,45.31476593017578,4732900
2024-02-21,VST,VST,46.18000030517578,47.349998474121094,45.79999923706055,46.18000030517578,45.344234466552734,4256800
2024-02-22,VST,VST,46.18000030517578,48.09000015258789,46.18000030517578,47.619998931884766,46.75816345214844,6149400
2024-02-23,VST,VST,47.77000045776367,48.77000045776367,47.59000015258789,48.619998931884766,47.74006652832031,5202200
2024-02-26,VST,VST,48.97999954223633,49.54999923706055,48.529998779296875,48.75,47.86771011352539,4644300
2024-02-27,VST,VST,48.630001068115234,51.18000030517578,48.220001220703125,50.97999954223633,50.057350158691406,8679600
2024-02-28,VST,VST,50.099998474121094,53.099998474121094,49.7400016784668,53.02000045776367,52.0604362487793,8231400
2024-02-29,VST,VST,53.18000030517578,55.97999954223633,53.02000045776367,54.540000915527344,53.55292892456055,10144700
2024-03-01,VST,VST,54.400001525878906,54.689998626708984,53.41999816894531,54.5,53.51365280151367,7128400
2024-03-04,VST,VST,55.279998779296875,57.75,55.279998779296875,56.9900016784668,55.95858383178711,7083500
2024-03-05,VST,VST,56.91999816894531,59.75,56.91999816894531,58.88999938964844,57.824195861816406,8054100
2024-03-06,VST,VST,59.27000045776367,61.36000061035156,59.27000045776367,60.900001525878906,59.79782485961914,8495100
2024-03-07,VST,VST,61.209999084472656,61.810001373291016,60.58000183105469,61.68000030517578,60.5637092590332,5436300
2024-03-08,VST,VST,61.709999084472656,62.119998931884766,57.650001525878906,60.4900016784668,59.39523696899414,8957500
2024-03-11,VST,VST,60.2400016784668,60.5,57.5,58.04999923706055,56.99939727783203,8162400
2024-03-12,VST,VST,58.5099983215332,60.220001220703125,58.0,60.20000076293945,59.110496520996094,5732900
2024-03-13,VST,VST,60.630001068115234,61.70000076293945,59.93000030517578,61.15999984741211,60.05311584472656,5365800
2024-03-14,VST,VST,61.41999816894531,63.220001220703125,61.38999938964844,63.11000061035156,61.96782684326172,6297700
2024-03-15,VST,VST,62.880001068115234,63.16999816894531,60.733001708984375,61.560001373291016,60.44587707519531,8450700
2024-03-18,VST,VST,61.95000076293945,63.029998779296875,60.86000061035156,62.47999954223633,61.34922790527344,5771900
2024-03-19,VST,VST,62.5,64.73999786376953,62.12099838256836,63.68000030517578,62.743412017822266,5980100
2024-03-20,VST,VST,64.0,66.87999725341797,63.939998626708984,66.75,65.76827239990234,7788500
2024-03-21,VST,VST,67.8499984741211,69.25499725341797,67.36499786376953,68.37000274658203,67.36444091796875,6271500
2024-03-22,VST,VST,68.48999786376953,69.2699966430664,66.44000244140625,69.08999633789062,68.07384490966797,5790500
2024-03-25,VST,VST,69.5,72.37000274658203,68.22000122070312,71.19999694824219,70.15281677246094,8282300
2024-03-26,VST,VST,71.19000244140625,73.05000305175781,67.83499908447266,67.88999938964844,66.89149475097656,7808400
2024-03-27,VST,VST,69.0,69.37999725341797,67.41500091552734,68.30000305175781,67.29547882080078,5728400
2024-03-28,VST,VST,68.16999816894531,69.83499908447266,67.79000091552734,69.6500015258789,68.6256103515625,3826400
2024-04-01,VST,VST,70.0,73.06999969482422,69.45999908447266,71.52999877929688,70.47795867919922,5401100
2024-04-02,VST,VST,69.75,71.27999877929688,69.20999908447266,71.1500015258789,70.10354614257812,5143400
2024-04-03,VST,VST,71.25,74.31999969482422,71.05000305175781,73.76000213623047,72.67516326904297,7145100
2024-04-04,VST,VST,74.55999755859375,75.88999938964844,70.37000274658203,70.54000091552734,69.50251770019531,5664400
2024-04-05,VST,VST,70.44999694824219,75.63999938964844,69.91000366210938,75.33000183105469,74.2220687866211,6099700
2024-04-08,VST,VST,74.95999908447266,75.30999755859375,71.91000366210938,74.41999816894531,73.32545471191406,5816600
2024-04-09,VST,VST,74.9000015258789,75.5999984741211,68.5,69.52999877929688,68.50738525390625,8450300
2024-04-10,VST,VST,68.58000183105469,71.30000305175781,67.5999984741211,70.76000213623047,69.71929168701172,6583900
2024-04-11,VST,VST,71.0199966430664,72.1449966430664,70.13999938964844,72.0,70.9410400390625,4234800
2024-04-12,VST,VST,71.7699966430664,72.37000274658203,68.86000061035156,69.73999786376953,68.71428680419922,4264900
2024-04-15,VST,VST,70.83000183105469,72.4800033569336,68.19999694824219,68.22000122070312,67.21663665771484,4413100
2024-04-16,VST,VST,68.37000274658203,68.5999984741211,65.68000030517578,67.5999984741211,66.60575866699219,6553600
2024-04-17,VST,VST,68.62000274658203,69.49500274658203,67.26000213623047,68.6500015258789,67.64031982421875,4546400
2024-04-18,VST,VST,68.98999786376953,69.29000091552734,64.91000366210938,65.87999725341797,64.91106414794922,7846100
2024-04-19,VST,VST,65.5999984741211,67.18000030517578,64.26000213623047,65.66000366210938,64.69429779052734,7598100
2024-04-22,VST,VST,66.12999725341797,68.00499725341797,65.31999969482422,66.72000122070312,65.73870086669922,4505800
2024-04-23,VST,VST,67.37999725341797,69.1500015258789,66.5999984741211,68.44999694824219,67.44325256347656,4165500
2024-04-24,VST,VST,70.0,71.48999786376953,68.875,70.45999908447266,69.42369842529297,5167600
2024-04-25,VST,VST,67.66999816894531,73.05000305175781,66.66799926757812,72.4800033569336,71.41400909423828,4980000
2024-04-26,VST,VST,72.66999816894531,73.55000305175781,71.54000091552734,72.69999694824219,71.63075256347656,3583100
2024-04-29,VST,VST,73.30999755859375,78.0,72.9800033569336,77.95999908447266,76.81339263916016,5158500
2024-04-30,VST,VST,77.83000183105469,78.73200225830078,75.80999755859375,75.83999633789062,74.72457122802734,6002100
2024-05-01,VST,VST,75.66999816894531,79.08999633789062,74.69999694824219,76.86000061035156,75.72956848144531,6170100
2024-05-02,VST,VST,77.44999694824219,80.80999755859375,76.11000061035156,79.87000274658203,78.69530487060547,6810200
2024-05-03,VST,VST,80.5999984741211,83.02999877929688,80.0719985961914,81.48999786376953,80.29146575927734,5588500
2024-05-06,VST,VST,82.30999755859375,83.61000061035156,80.0999984741211,83.23999786376953,82.01573181152344,8043400
2024-05-07,VST,VST,82.87999725341797,84.83000183105469,81.18000030517578,81.73999786376953,80.53780364990234,86269000
2024-05-08,VST,VST,81.77999877929688,91.04000091552734,81.73999786376953,89.19999694824219,87.88807678222656,15076500
2024-05-09,VST,VST,89.55999755859375,94.18000030517578,89.55999755859375,93.16999816894531,91.79967498779297,11060000
2024-05-10,VST,VST,94.73999786376953,96.06999969482422,92.01000213623047,93.41999816894531,92.04600524902344,7428000
2024-05-13,VST,VST,94.52999877929688,95.75,90.05000305175781,90.16999816894531,88.84381103515625,7957300
2024-05-14,VST,VST,89.0199966430664,91.56999969482422,87.9209976196289,91.47000122070312,90.12469482421875,5848500
2024-05-15,VST,VST,93.5,97.61000061035156,92.77200317382812,96.91000366210938,95.48468780517578,7198700
2024-05-16,VST,VST,97.0,97.9000015258789,93.02999877929688,93.13999938964844,91.77012634277344,5988000
2024-05-17,VST,VST,94.04000091552734,96.58000183105469,93.30000305175781,94.08000183105469,92.69630432128906,6084200
2024-05-20,VST,VST,94.94999694824219,96.69000244140625,90.8499984741211,91.51000213623047,90.16409301757812,5603000
2024-05-21,VST,VST,91.7699966430664,94.44000244140625,91.5,94.23999786376953,92.85394287109375,5926800
2024-05-22,VST,VST,94.06999969482422,94.68000030517578,92.44000244140625,94.2699966430664,92.88350677490234,6531900
2024-05-23,VST,VST,96.0,98.11000061035156,92.66999816894531,96.12999725341797,94.71614074707031,8472600
2024-05-24,VST,VST,96.05999755859375,104.12000274658203,94.16000366210938,102.0999984741211,100.59835052490234,8333800
2024-05-28,VST,VST,105.2699966430664,107.23999786376953,101.37000274658203,106.19999694824219,104.63805389404297,8089500
2024-05-29,VST,VST,104.9000015258789,106.69999694824219,102.41000366210938,103.62000274658203,102.09599304199219,6491700
2024-05-30,VST,VST,104.0,105.4800033569336,102.55000305175781,105.37000274658203,103.82025146484375,4772700
2024-05-31,VST,VST,105.94000244140625,106.38999938964844,95.41000366210938,99.08000183105469,97.62277221679688,15074400
2024-06-03,VST,VST,99.87000274658203,99.87000274658203,91.5,93.25,91.87850952148438,11391400
2024-06-04,VST,VST,92.75,93.25,86.62899780273438,89.55000305175781,88.2329330444336,11177800
2024-06-05,VST,VST,90.06999969482422,92.94000244140625,89.5999984741211,92.0,90.64689636230469,6167800
2024-06-06,VST,VST,91.20999908447266,93.87999725341797,83.01000213623047,86.26000213623047,84.99131774902344,13449000
2024-06-07,VST,VST,85.44999694824219,90.0,83.89399719238281,85.06999969482422,83.81881713867188,8785000
2024-06-10,VST,VST,84.55000305175781,90.9000015258789,84.54000091552734,88.22000122070312,86.9224853515625,8739100
2024-06-11,VST,VST,87.80999755859375,92.33999633789062,87.55999755859375,91.22000122070312,89.87836456298828,7243300
2024-06-12,VST,VST,92.87999725341797,94.5,89.0,90.55999755859375,89.22808074951172,8781400
2024-06-13,VST,VST,90.58000183105469,90.68000030517578,84.51699829101562,88.4000015258789,87.09983825683594,8288200
2024-06-14,VST,VST,87.9000015258789,88.125,85.58000183105469,87.58999633789062,86.30174255371094,3728400
2024-06-17,VST,VST,87.58999633789062,87.91000366210938,82.33000183105469,84.04000091552734,82.80396270751953,7445600
2024-06-18,VST,VST,83.91000366210938,87.66999816894531,83.4000015258789,87.58000183105469,86.5163345336914,8668100
2024-06-20,VST,VST,88.27999877929688,89.94999694824219,86.69999694824219,88.19000244140625,87.11892700195312,6583100
2024-06-21,VST,VST,87.72000122070312,88.66999816894531,84.62000274658203,86.86000061035156,85.80506896972656,18311200
2024-06-24,VST,VST,86.2300033569336,89.6500015258789,85.80000305175781,88.2300033569336,87.1584243774414,8497100
2024-06-25,VST,VST,87.87999725341797,91.36000061035156,87.0999984741211,89.41000366210938,88.32410430908203,5918900
2024-06-26,VST,VST,88.75,90.83499908447266,85.30000305175781,85.91000366210938,84.86660766601562,4998100
2024-06-27,VST,VST,85.0,87.54000091552734,83.66000366210938,87.22000122070312,86.16069793701172,6696700
2024-06-28,VST,VST,87.0,88.2699966430664,83.33999633789062,85.9800033569336,84.93576049804688,17908900
2024-07-01,VST,VST,88.73999786376953,91.83000183105469,86.30000305175781,87.33999633789062,86.27922821044922,6732300
2024-07-02,VST,VST,86.97000122070312,90.44000244140625,86.80999755859375,87.69999694824219,86.63487243652344,3981300
2024-07-03,VST,VST,87.9000015258789,92.4800033569336,87.69999694824219,91.72000122070312,90.60604858398438,3371700
2024-07-05,VST,VST,92.0999984741211,93.47000122070312,88.5999984741211,89.36000061035156,88.27471923828125,4526600
2024-07-08,VST,VST,89.94999694824219,92.88999938964844,89.41999816894531,92.87999725341797,91.751953125,4437900
2024-07-09,VST,VST,91.94999694824219,96.0,90.73999786376953,91.4000015258789,90.28993225097656,5747100
2024-07-10,VST,VST,91.55000305175781,92.95999908447266,86.80000305175781,92.30999755859375,91.18887329101562,5020800
2024-07-11,VST,VST,92.61000061035156,93.05999755859375,90.3239974975586,91.61000061035156,90.49737548828125,5859400
2024-07-12,VST,VST,91.18000030517578,92.29000091552734,88.5999984741211,91.33000183105469,90.22078704833984,5239500
2024-07-15,VST,VST,90.37000274658203,90.45999908447266,85.30999755859375,86.19000244140625,85.14321899414062,6019000
2024-07-16,VST,VST,86.27999877929688,87.34500122070312,84.55999755859375,85.87000274658203,84.82710266113281,4974900
2024-07-17,VST,VST,82.76000213623047,83.05999755859375,76.06999969482422,76.19999694824219,75.27452850341797,14373500
2024-07-18,VST,VST,77.4800033569336,78.1500015258789,73.75,76.55000305175781,75.62028503417969,8680300
2024-07-19,VST,VST,76.66999816894531,77.96499633789062,75.33000183105469,76.47000122070312,75.541259765625,5141400
2024-07-22,VST,VST,77.27999877929688,79.41000366210938,77.06999969482422,79.16999816894531,78.20846557617188,4578200
2024-07-23,VST,VST,79.13999938964844,81.2699966430664,78.68000030517578,80.06999969482422,79.09754180908203,4712200
2024-07-24,VST,VST,79.0,79.52999877929688,72.12999725341797,72.58000183105469,71.6985092163086,8862500
2024-07-25,VST,VST,73.55000305175781,73.95999908447266,69.0199966430664,70.37999725341797,69.52521514892578,11659200
2024-07-26,VST,VST,72.08000183105469,72.30000305175781,70.12000274658203,71.12000274658203,70.25623321533203,4229800
2024-07-29,VST,VST,71.94999694824219,73.18000030517578,70.83999633789062,71.23999786376953,70.37477111816406,4846500
2024-07-30,VST,VST,71.93000030517578,72.88999938964844,68.73999786376953,69.0,68.16197204589844,6362500
2024-07-31,VST,VST,82.44000244140625,82.87999725341797,77.18000030517578,79.22000122070312,78.25785827636719,15755900
2024-08-01,VST,VST,79.4800033569336,81.66999816894531,75.2300033569336,76.04000091552734,75.11649322509766,5827100
2024-08-02,VST,VST,74.29000091552734,74.56999969482422,69.81999969482422,72.43000030517578,71.55033111572266,9363200
2024-08-05,VST,VST,66.81999969482422,71.45500183105469,66.5,70.19999694824219,69.34740447998047,6967600
2024-08-06,VST,VST,70.0,75.7699966430664,70.0,74.38999938964844,73.48652648925781,6285600
2024-08-07,VST,VST,76.68000030517578,77.05000305175781,72.52999877929688,73.94999694824219,73.0518569946289,8856500
2024-08-08,VST,VST,75.5,80.45999908447266,73.58000183105469,79.08000183105469,78.11956024169922,10747700
2024-08-09,VST,VST,78.0,78.93000030517578,75.91999816894531,78.63999938964844,77.68489837646484,5586300
2024-08-12,VST,VST,78.98999786376953,79.0,75.08999633789062,77.95999908447266,77.0131607055664,5417600
2024-08-13,VST,VST,79.02999877929688,81.93000030517578,77.93000030517578,80.44999694824219,79.47291564941406,6495500
2024-08-14,VST,VST,80.2699966430664,80.9000015258789,77.47000122070312,79.25,78.2874984741211,5144700
2024-08-15,VST,VST,79.55000305175781,81.56999969482422,78.37000274658203,81.44999694824219,80.46076202392578,4956600
2024-08-16,VST,VST,81.12999725341797,81.12999725341797,78.56999969482422,79.3499984741211,78.38627624511719,4821800
2024-08-19,VST,VST,79.5,80.76000213623047,78.41000366210938,80.73999786376953,79.75939178466797,3848500
2024-08-20,VST,VST,80.44999694824219,80.63999938964844,79.0,79.63999938964844,78.67276763916016,4433600
2024-08-21,VST,VST,79.6500015258789,82.98999786376953,79.02999877929688,82.27999877929688,81.28069305419922,4041400
2024-08-22,VST,VST,82.41000366210938,84.76000213623047,82.05000305175781,83.30000305175781,82.28831481933594,5187500
2024-08-23,VST,VST,83.94000244140625,86.19499969482422,83.38500213623047,85.7699966430664,84.72830963134766,5315600
2024-08-26,VST,VST,86.30999755859375,87.88999938964844,84.16999816894531,84.87999725341797,83.84911346435547,4774000
2024-08-27,VST,VST,84.12999725341797,85.94000244140625,83.41000366210938,84.58999633789062,83.56263732910156,2951000
2024-08-28,VST,VST,84.56999969482422,84.91000366210938,82.2300033569336,82.5,81.49801635742188,3549000
2024-08-29,VST,VST,83.19999694824219,86.2300033569336,83.19999694824219,84.66999816894531,83.64166259765625,4849200
2024-08-30,VST,VST,85.06999969482422,86.1500015258789,84.22000122070312,85.43000030517578,84.3924331665039,3947100
2024-09-03,VST,VST,85.0,85.03500366210938,75.68000030517578,75.73999786376953,74.82012176513672,9487900
2024-09-04,VST,VST,75.5,78.447998046875,75.02999877929688,76.68000030517578,75.74871063232422,5282700
2024-09-05,VST,VST,76.61000061035156,77.22000122070312,75.5,75.83000183105469,74.90901947021484,4306900
2024-09-06,VST,VST,75.72000122070312,76.42900085449219,73.13999938964844,73.69999694824219,72.80489349365234,5161500
2024-09-09,VST,VST,75.0,75.48999786376953,72.9000015258789,74.94999694824219,74.03971862792969,4121900
2024-09-10,VST,VST,75.41000366210938,76.81999969482422,74.5,76.08000183105469,75.15599822998047,3392700
2024-09-11,VST,VST,76.95999908447266,80.29000091552734,75.20999908447266,80.05999755859375,79.08766174316406,4994300
2024-09-12,VST,VST,80.0999984741211,81.86000061035156,79.02999877929688,80.47000122070312,79.49268341064453,3860600
2024-09-13,VST,VST,82.5199966430664,85.95999908447266,81.12000274658203,85.55000305175781,84.510986328125,6323100
2024-09-16,VST,VST,85.0,90.06999969482422,84.91999816894531,89.4000015258789,88.31422424316406,6947200
2024-09-17,VST,VST,90.31999969482422,92.41000366210938,88.88999938964844,91.1500015258789,90.04296875,5981600
2024-09-18,VST,VST,91.83000183105469,93.94000244140625,90.73999786376953,91.19000244140625,90.08248138427734,5958100
2024-09-19,VST,VST,94.33000183105469,95.25,90.26000213623047,92.73999786376953,91.61365509033203,7887700
2024-09-20,VST,VST,99.7300033569336,108.26000213623047,97.8550033569336,107.87999725341797,106.82318878173828,23358400
2024-09-23,VST,VST,110.3499984741211,114.55000305175781,107.04000091552734,111.62999725341797,110.53644561767578,15615000
2024-09-24,VST,VST,111.88999938964844,115.56999969482422,111.1780014038086,112.4000015258789,111.29891204833984,9722700
2024-09-25,VST,VST,114.18000030517578,120.61000061035156,113.69999694824219,119.08000183105469,117.91345977783203,15868400
2024-09-26,VST,VST,120.0,122.01000213623047,113.62000274658203,114.16000366210938,113.04167175292969,12987400
2024-09-27,VST,VST,115.25,119.69999694824219,114.31999969482422,117.72000122070312,116.56678771972656,7133500
2024-09-30,VST,VST,117.87999725341797,120.27999877929688,114.83999633789062,118.54000091552734,117.3787612915039,7519100
2024-10-01,VST,VST,118.0,122.63999938964844,115.02999877929688,122.55000305175781,121.34947967529297,7126700
2024-10-02,VST,VST,120.05000305175781,127.56999969482422,119.68800354003906,125.37000274658203,124.1418685913086,8792700
2024-10-03,VST,VST,128.39999389648438,135.3000030517578,126.01000213623047,132.4499969482422,131.15249633789062,14026800
2024-10-04,VST,VST,134.33999633789062,139.3800048828125,132.8000030517578,138.41000366210938,137.05410766601562,12377600
2024-10-07,VST,VST,139.86000061035156,143.86500549316406,128.36000061035156,131.27000427246094,129.98403930664062,15672300
2024-10-08,VST,VST,131.0,131.25,127.7300033569336,127.95999908447266,126.70647430419922,9002400
2024-10-09,VST,VST,126.41000366210938,126.5,120.7699966430664,124.18000030517578,122.96351623535156,9781200
2024-10-10,VST,VST,124.0,127.04000091552734,122.96800231933594,124.11000061035156,122.89419555664062,5842500
2024-10-11,VST,VST,117.5,125.30999755859375,114.5,125.29000091552734,124.06263732910156,10896200
2024-10-14,VST,VST,127.7699966430664,133.74000549316406,127.29000091552734,132.25999450683594,130.96435546875,12001900
2024-10-15,VST,VST,132.00999450683594,132.77999877929688,126.5199966430664,128.2899932861328,127.03323364257812,6937800
2024-10-16,VST,VST,130.74000549316406,136.0800018310547,128.4499969482422,135.69000244140625,134.3607635498047,7574200
2024-10-17,VST,VST,139.47999572753906,139.47999572753906,126.98999786376953,127.2699966430664,126.02323150634766,11724100
2024-10-18,VST,VST,127.30000305175781,132.25999450683594,125.37000274658203,131.16000366210938,129.8751220703125,6257300
2024-10-21,VST,VST,131.5800018310547,133.42999267578125,127.80999755859375,130.3800048828125,129.102783203125,4314800
2024-10-22,VST,VST,128.0,128.8800048828125,124.69999694824219,125.04000091552734,123.8150863647461,5758000
2024-10-23,VST,VST,124.0,128.6999969482422,123.11000061035156,126.11000061035156,124.87460327148438,4554600
2024-10-24,VST,VST,125.91000366210938,127.11299896240234,123.30000305175781,125.58000183105469,124.34978485107422,3317400
2024-10-25,VST,VST,127.3499984741211,128.35000610351562,123.0999984741211,124.02999877929688,122.8149642944336,3792500
2024-10-28,VST,VST,125.20999908447266,128.6199951171875,123.97000122070312,127.77999877929688,126.52823638916016,5213300
2024-10-29,VST,VST,125.58000183105469,127.86000061035156,124.33999633789062,126.66000366210938,125.41922760009766,4738600
2024-10-30,VST,VST,127.05000305175781,128.4600067138672,121.5009994506836,124.11000061035156,122.89419555664062,4166500
2024-10-31,VST,VST,124.30999755859375,125.7300033569336,122.41999816894531,124.95999908447266,123.73585510253906,4073500
2024-11-01,VST,VST,124.5999984741211,126.33999633789062,119.08999633789062,119.51000213623047,118.3392562866211,5979600
2024-11-04,VST,VST,117.69000244140625,118.80000305175781,111.5,115.73999786376953,114.60618591308594,10742700
2024-11-05,VST,VST,116.30999755859375,122.2699966430664,115.88999938964844,121.9000015258789,120.7058334350586,6438800
2024-11-06,VST,VST,125.16999816894531,127.0,121.06999969482422,126.08999633789062,124.85479736328125,7411300
2024-11-07,VST,VST,138.11000061035156,143.7899932861328,130.02000427246094,135.72999572753906,134.40036010742188,14877300
2024-11-08,VST,VST,135.24000549316406,144.77000427246094,135.24000549316406,141.89999389648438,140.50990295410156,9826100
2024-11-11,VST,VST,146.27999877929688,149.8000030517578,141.9499969482422,145.8000030517578,144.37173461914062,7850400
2024-11-12,VST,VST,143.9199981689453,145.97999572753906,137.2429962158203,142.16000366210938,140.7673797607422,5314700
2024-11-13,VST,VST,145.42999267578125,147.60000610351562,141.30999755859375,142.1199951171875,140.72775268554688,3863200
2024-11-14,VST,VST,142.22999572753906,143.41000366210938,138.1699981689453,138.4600067138672,137.10362243652344,3230200
2024-11-15,VST,VST,137.60000610351562,142.60000610351562,137.03399658203125,142.14999389648438,140.75746154785156,3562100
2024-11-18,VST,VST,142.72000122070312,152.63999938964844,142.72000122070312,146.6300048828125,145.19361877441406,5744000
2024-11-19,VST,VST,144.13999938964844,154.9499969482422,143.1300048828125,154.86000061035156,153.34295654296875,6372400
2024-11-20,VST,VST,155.77000427246094,157.72000122070312,151.25999450683594,154.6300048828125,153.11521911621094,4446700
2024-11-21,VST,VST,157.74000549316406,167.60000610351562,156.86000061035156,166.61000061035156,164.97787475585938,7868500
2024-11-22,VST,VST,168.6699981689453,168.6699981689453,158.1199951171875,161.9199981689453,160.33380126953125,6993300
2024-11-25,VST,VST,166.0,166.3800048828125,152.71499633789062,154.13999938964844,152.63002014160156,7673800
2024-11-26,VST,VST,154.3800048828125,164.13999938964844,153.61000061035156,162.66000366210938,161.0665740966797,5331100
2024-11-27,VST,VST,161.67999267578125,163.14999389648438,153.39999389648438,154.52000427246094,153.0063018798828,4819900
2024-11-29,VST,VST,158.49000549316406,160.89999389648438,156.72999572753906,159.83999633789062,158.274169921875,2475800
2024-12-02,VST,VST,161.60000610351562,163.3300018310547,153.53500366210938,154.11000061035156,152.60031127929688,4843800
2024-12-03,VST,VST,155.63999938964844,158.8800048828125,153.89999389648438,154.16000366210938,152.6498260498047,3898800
2024-12-04,VST,VST,158.94000244140625,164.25,157.00999450683594,161.30999755859375,159.72975158691406,5327200
2024-12-05,VST,VST,161.0,164.86000061035156,159.5800018310547,160.8800048828125,159.3040008544922,3554200
2024-12-06,VST,VST,161.10000610351562,163.49000549316406,157.2899932861328,159.97999572753906,158.41281127929688,3220400
2024-12-09,VST,VST,160.1699981689453,160.7100067138672,146.14999389648438,148.30999755859375,146.8571319580078,6844200
2024-12-10,VST,VST,145.8800048828125,147.8000030517578,139.3000030517578,141.52000427246094,140.13365173339844,7109700
2024-12-11,VST,VST,145.94000244140625,148.41000366210938,143.44000244140625,146.0,144.5697479248047,6209300
2024-12-12,VST,VST,146.42999267578125,148.97999572753906,144.60000610351562,145.0800018310547,143.6587677001953,3703000
2024-12-13,VST,VST,146.35000610351562,149.35000610351562,143.58999633789062,144.88999938964844,143.4706268310547,4016400
2024-12-16,VST,VST,144.7100067138672,147.22000122070312,143.27999877929688,145.3300018310547,143.90631103515625,4801300
2024-12-17,VST,VST,142.8800048828125,143.3699951171875,136.10000610351562,139.77000427246094,138.4007568359375,5475200
2024-12-18,VST,VST,141.25,141.25,131.63999938964844,132.88999938964844,131.58816528320312,5690600
2024-12-19,VST,VST,134.61000061035156,139.72999572753906,133.32000732421875,137.1999969482422,135.85597229003906,7554400
2024-12-20,VST,VST,132.4499969482422,141.6300048828125,132.0,139.9499969482422,138.80361938476562,8735100
2024-12-23,VST,VST,140.0,141.36500549316406,135.6199951171875,140.7899932861328,139.63673400878906,2871400
2024-12-24,VST,VST,142.02999877929688,144.16000366210938,141.02000427246094,143.36000061035156,142.1856689453125,1642700
2024-12-26,VST,VST,142.89999389648438,144.8800048828125,141.4459991455078,144.11000061035156,142.92953491210938,1928000
2024-12-27,VST,VST,143.0,143.0,136.74000549316406,139.67999267578125,138.53582763671875,3214700
2024-12-30,VST,VST,136.0500030517578,141.17599487304688,134.86000061035156,140.08999633789062,138.94247436523438,4930600
2024-12-31,VST,VST,139.91000366210938,140.43899536132812,137.02000427246094,137.8699951171875,136.7406463623047,2761600
2025-01-02,VST,VST,139.6300048828125,149.88999938964844,138.25999450683594,149.66000366210938,148.43408203125,6169600
2025-01-03,VST,VST,154.36000061035156,162.66000366210938,151.66000366210938,162.36000061035156,161.03005981445312,8762600
2025-01-06,VST,VST,165.16000366210938,166.0,159.5,163.9499969482422,162.6070098876953,7406900
2025-01-07,VST,VST,164.61000061035156,165.2100067138672,155.8000030517578,163.3699951171875,162.03176879882812,5258700
2025-01-08,VST,VST,162.97000122070312,163.0,152.61000061035156,160.80999755859375,159.4927520751953,7198700
2025-01-10,VST,VST,161.5,169.19000244140625,154.39999389648438,166.72999572753906,165.36422729492188,9743400
2025-01-13,VST,VST,161.7100067138672,164.74000549316406,156.30999755859375,162.1300048828125,160.8019256591797,6289200
2025-01-14,VST,VST,166.67999267578125,175.0,165.69000244140625,170.50999450683594,169.11329650878906,7486300
2025-01-15,VST,VST,175.0,178.0800018310547,167.08999633789062,169.1699981689453,167.7842559814453,7817300
2025-01-16,VST,VST,170.92999267578125,178.39999389648438,170.0,174.0,172.57470703125,5772000
2025-01-17,VST,VST,169.02999877929688,173.27999877929688,166.5,170.86000061035156,169.46041870117188,8263500
2025-01-21,VST,VST,179.3000030517578,188.77000427246094,174.85000610351562,185.35000610351562,183.8317413330078,10678200
2025-01-22,VST,VST,192.99000549316406,194.6699981689453,183.3000030517578,186.86000061035156,185.329345703125,9003500
2025-01-23,VST,VST,189.0,199.83999633789062,188.22000122070312,191.88999938964844,190.3181610107422,10217800
2025-01-24,VST,VST,194.02000427246094,194.44000244140625,189.11000061035156,191.11000061035156,189.54452514648438,5265600
2025-01-27,VST,VST,154.08999633789062,156.92999267578125,132.58999633789062,137.0800018310547,135.95713806152344,32356900
2025-01-28,VST,VST,142.17999267578125,149.89999389648438,134.9199981689453,149.63999938964844,148.4142303466797,20931000
2025-01-29,VST,VST,147.25,160.0,146.6280059814453,155.2100067138672,153.93862915039062,14323400
2025-01-30,VST,VST,159.02000427246094,176.49000549316406,157.0,176.3000030517578,174.85585021972656,18034800
2025-01-31,VST,VST,175.0,176.4199981689453,167.13999938964844,168.02999877929688,166.6536102294922,12159400
2025-02-03,VST,VST,157.5,171.5,156.27999877929688,168.52999877929688,167.1494903564453,9849800
2025-02-04,VST,VST,168.52000427246094,170.77000427246094,162.97000122070312,168.3300018310547,166.95114135742188,5652700
2025-02-05,VST,VST,172.3800048828125,176.36000061035156,168.6699981689453,171.61000061035156,170.2042694091797,7017700
2025-02-06,VST,VST,171.61000061035156,174.9530029296875,167.2760009765625,169.8800048828125,168.4884490966797,5943800
2025-02-07,VST,VST,170.8800048828125,174.97000122070312,165.1300048828125,166.89999389648438,165.53285217285156,6438600
2025-02-10,VST,VST,169.0,172.6999969482422,165.52999877929688,168.38999938964844,167.0106658935547,5726400
2025-02-11,VST,VST,166.50999450683594,170.39999389648438,164.3300018310547,167.61000061035156,166.23704528808594,4000000
2025-02-12,VST,VST,163.42999267578125,170.97999572753906,161.07000732421875,166.61000061035156,165.24522399902344,5265400
2025-02-13,VST,VST,168.13999938964844,169.33999633789062,161.25,165.64999389648438,164.2930908203125,7820700
2025-02-14,VST,VST,165.61000061035156,170.4499969482422,161.5,167.66000366210938,166.28662109375,5713300
2025-02-18,VST,VST,168.8699951171875,172.77000427246094,166.8800048828125,169.27999877929688,167.8933563232422,5963700
2025-02-19,VST,VST,168.10000610351562,173.32000732421875,167.13999938964844,169.35000610351562,167.96278381347656,6213400
2025-02-20,VST,VST,167.5,168.1999969482422,157.8699951171875,163.17999267578125,161.84332275390625,7134900
2025-02-21,VST,VST,163.64999389648438,163.64999389648438,147.8000030517578,150.44000244140625,149.20770263671875,9974300
2025-02-24,VST,VST,151.1999969482422,151.58999633789062,139.01300048828125,142.75999450683594,141.59059143066406,9860000
2025-02-25,VST,VST,139.4199981689453,141.0,127.66999816894531,137.9199981689453,136.7902374267578,13529900
2025-02-26,VST,VST,143.0,150.1999969482422,142.55999755859375,148.19000244140625,146.9761199951172,9208400
2025-02-27,VST,VST,149.11000061035156,152.94000244140625,129.77000427246094,130.00999450683594,128.9450225830078,16672900
2025-02-28,VST,VST,128.0,134.7100067138672,124.05000305175781,133.66000366210938,132.56515502929688,13060900
2025-03-03,VST,VST,133.66000366210938,134.27999877929688,121.72000122070312,123.94999694824219,122.93467712402344,10900500
2025-03-04,VST,VST,122.9800033569336,131.97999572753906,116.4000015258789,126.94000244140625,125.90018463134766,15914800
2025-03-05,VST,VST,123.74500274658203,128.27000427246094,121.4000015258789,126.87000274658203,125.83076477050781,8481800
2025-03-06,VST,VST,120.22000122070312,122.3499984741211,112.1500015258789,114.41000366210938,113.47283172607422,11789300
2025-03-07,VST,VST,117.0,118.69000244140625,109.55000305175781,114.31999969482422,113.3835678100586,9798000
2025-03-10,VST,VST,110.0,111.91000366210938,104.33999633789062,108.48999786376953,107.60130310058594,11399900
2025-03-11,VST,VST,109.5,115.41000366210938,107.18000030517578,114.36000061035156,113.42322540283203,11062700
2025-03-12,VST,VST,119.52999877929688,127.83000183105469,118.4000015258789,121.91999816894531,120.92131042480469,14722600
2025-03-13,VST,VST,122.01000213623047,122.01000213623047,115.79000091552734,118.0,117.03341674804688,8033100
2025-03-14,VST,VST,121.05000305175781,124.72000122070312,118.54100036621094,124.45999908447266,123.44049072265625,6613100
2025-03-17,VST,VST,123.5999984741211,129.83999633789062,123.4000015258789,126.29000091552734,125.2555160522461,6259900
2025-03-18,VST,VST,124.87999725341797,126.81500244140625,122.27999877929688,124.45999908447266,123.44049072265625,4648400
2025-03-19,VST,VST,125.0,132.66299438476562,124.0,129.85000610351562,128.78634643554688,5973600
2025-03-20,VST,VST,127.52999877929688,133.25,126.23999786376953,131.89999389648438,131.0456085205078,5639100
2025-03-21,VST,VST,129.7899932861328,131.5399932861328,126.2699966430664,130.5800018310547,129.73416137695312,7484300
2025-03-24,VST,VST,134.97999572753906,138.74000549316406,133.5,134.94000244140625,134.06593322753906,7760500
2025-03-25,VST,VST,134.00999450683594,134.44000244140625,128.0,131.80999755859375,130.95620727539062,8146500
2025-03-26,VST,VST,129.8000030517578,130.5,122.0,124.01000213623047,123.20671844482422,6723100
2025-03-27,VST,VST,120.25,124.5,118.38999938964844,119.30999755859375,118.53717041015625,7259300
2025-03-28,VST,VST,118.5,122.33999633789062,117.45999908447266,119.05000305175781,118.27886199951172,7023700
2025-03-31,VST,VST,113.9000015258789,118.34300231933594,112.0,117.44000244140625,116.67928314208984,7766200
2025-04-01,VST,VST,118.27999877929688,122.29000091552734,116.0,122.23999786376953,121.44819641113281,8054800
2025-04-02,VST,VST,118.8499984741211,127.60600280761719,118.0,127.19000244140625,126.36613464355469,5714300
2025-04-03,VST,VST,114.22000122070312,118.84400177001953,107.30999755859375,108.20999908447266,107.50907135009766,12729000
2025-04-04,VST,VST,103.56999969482422,103.91000366210938,92.12000274658203,98.06999969482422,97.43475341796875,17707400
2025-04-07,VST,VST,92.66000366210938,109.18000030517578,90.51000213623047,102.69000244140625,102.02484130859375,12926800
2025-04-08,VST,VST,109.45999908447266,112.38999938964844,99.9000015258789,102.19000244140625,101.52806091308594,11458100
2025-04-09,VST,VST,102.33999633789062,120.95999908447266,99.23999786376953,118.0199966430664,117.25552368164062,14023800
2025-04-10,VST,VST,113.62999725341797,115.51000213623047,107.02999877929688,109.26000213623047,108.55227661132812,8735400
2025-04-11,VST,VST,109.26000213623047,112.33999633789062,105.75,111.70999908447266,110.98640441894531,5268000
2025-04-14,VST,VST,117.30999755859375,118.19999694824219,110.51000213623047,112.69000244140625,111.9600601196289,5007400
2025-04-15,VST,VST,113.26000213623047,116.3499984741211,112.375,115.75,115.00023651123047,4279400
2025-04-16,VST,VST,112.51000213623047,117.62000274658203,111.94999694824219,115.87000274658203,115.11945343017578,5956700
2025-04-17,VST,VST,117.83000183105469,120.18000030517578,114.0,115.41999816894531,114.67236328125,4853100
2025-04-21,VST,VST,112.5199966430664,114.0,103.33799743652344,106.5199966430664,105.83001708984375,6092400
2025-04-22,VST,VST,109.5,113.69999694824219,108.58999633789062,112.62999725341797,111.90043640136719,4882200
2025-04-23,VST,VST,122.0,125.58000183105469,118.33000183105469,120.0,119.22271728515625,7046200
2025-04-24,VST,VST,120.7699966430664,126.29000091552734,120.51000213623047,124.2300033569336,123.42530059814453,5468700
2025-04-25,VST,VST,124.37999725341797,128.24000549316406,123.5199966430664,126.63999938964844,125.81969451904297,4323300
2025-04-28,VST,VST,126.25,129.95199584960938,125.80000305175781,129.6199951171875,128.78038024902344,4335000
2025-04-29,VST,VST,128.5800018310547,130.41000366210938,126.41999816894531,129.3300018310547,128.49227905273438,4289000
2025-04-30,VST,VST,125.08999633789062,130.01499938964844,122.30000305175781,129.6300048828125,128.7903289794922,5047100
2025-05-01,VST,VST,137.6699981689453,140.52999877929688,135.80999755859375,137.3000030517578,136.41064453125,10589900
2025-05-02,VST,VST,138.9199981689453,141.10800170898438,137.72999572753906,139.27999877929688,138.3778076171875,5615800
2025-05-05,VST,VST,136.58999633789062,141.08999633789062,135.6820068359375,140.0,139.09315490722656,5941400
2025-05-06,VST,VST,138.47999572753906,146.8800048828125,137.44000244140625,144.8000030517578,143.862060546875,10113700
2025-05-07,VST,VST,137.6300048828125,140.97999572753906,133.9499969482422,139.5,138.5963897705078,12497700
2025-05-08,VST,VST,141.13999938964844,143.27999877929688,137.44000244140625,140.91000366210938,139.99725341796875,7363500
2025-05-09,VST,VST,140.9499969482422,141.25999450683594,133.72999572753906,135.75,134.87069702148438,5859900
2025-05-12,VST,VST,145.39999389648438,147.47000122070312,143.00999450683594,146.08999633789062,145.14370727539062,8358700
2025-05-13,VST,VST,144.16000366210938,156.99000549316406,144.0749969482422,155.0,153.9959716796875,9075900
2025-05-14,VST,VST,156.5,157.0,152.5449981689453,154.72000122070312,153.7178192138672,5370200
2025-05-15,VST,VST,151.0,154.08999633789062,150.83999633789062,152.05999755859375,151.07501220703125,3953500
2025-05-16,VST,VST,156.24000549316406,157.47999572753906,154.50999450683594,156.6199951171875,155.60548400878906,6263900
2025-05-19,VST,VST,150.375,157.64999389648438,150.375,157.32000732421875,156.3009796142578,5141300
2025-05-20,VST,VST,157.0,158.24000549316406,155.6699981689453,157.02999877929688,156.01284790039062,3426500
2025-05-21,VST,VST,154.94000244140625,156.5050048828125,150.9199981689453,152.07000732421875,151.08497619628906,4067400
2025-05-22,VST,VST,152.3000030517578,155.11000061035156,149.58599853515625,154.72000122070312,153.7178192138672,4624100
2025-05-23,VST,VST,156.55999755859375,159.42999267578125,154.64999389648438,158.16000366210938,157.13551330566406,7254000
2025-05-27,VST,VST,160.0,163.8699951171875,157.17999267578125,163.86000061035156,162.79859924316406,7192500
2025-05-28,VST,VST,164.39999389648438,165.74000549316406,161.4199981689453,162.36000061035156,161.30831909179688,5027400
2025-05-29,VST,VST,165.94000244140625,166.0,158.77999877929688,159.72999572753906,158.6953582763672,3543800
2025-05-30,VST,VST,158.97000122070312,160.60000610351562,157.07000732421875,160.57000732421875,159.52992248535156,5306100
2025-06-02,VST,VST,160.60000610351562,169.2899932861328,160.58999633789062,167.47000122070312,166.3852081298828,5613000
2025-06-03,VST,VST,175.0,178.35000610351562,171.86000061035156,176.0,174.85997009277344,10019900
2025-06-04,VST,VST,176.0,177.38999938964844,171.88999938964844,172.69000244140625,171.5714111328125,5290600
2025-06-05,VST,VST,173.4199981689453,173.91000366210938,169.56500244140625,170.8699951171875,169.76319885253906,4296700
2025-06-06,VST,VST,173.5,173.9499969482422,170.24000549316406,173.6199951171875,172.49537658691406,3302200
2025-06-09,VST,VST,173.6699981689453,174.0,168.41000366210938,169.3699951171875,168.2729034423828,5350000
2025-06-10,VST,VST,170.10000610351562,170.625,160.17999267578125,164.64999389648438,163.58348083496094,7818200
2025-06-11,VST,VST,168.02999877929688,169.5,165.5399932861328,166.7899932861328,165.70960998535156,4029300
2025-06-12,VST,VST,165.27000427246094,173.8939971923828,164.6699981689453,173.8699951171875,172.74375915527344,4357300
2025-06-13,VST,VST,171.50999450683594,175.9499969482422,170.6580047607422,173.75,172.62454223632812,3960700
2025-06-16,VST,VST,175.57000732421875,179.13999938964844,175.57000732421875,177.1999969482422,176.0522003173828,4177700
2025-06-17,VST,VST,179.00999450683594,181.1999969482422,175.3000030517578,177.75,176.5986328125,4170400
2025-06-18,VST,VST,177.0,182.05999755859375,175.21499633789062,181.1300048828125,180.18482971191406,5591600
2025-06-20,VST,VST,180.89999389648438,185.5,178.75999450683594,185.10000610351562,184.1341094970703,6585700
2025-06-23,VST,VST,184.24000549316406,187.57000732421875,179.94000244140625,186.5500030517578,185.57655334472656,4150400
2025-06-24,VST,VST,188.1300048828125,189.3699951171875,184.88999938964844,186.1699981689453,185.19850158691406,6851900
2025-06-25,VST,VST,188.02000427246094,190.60000610351562,185.9499969482422,186.32000732421875,185.34774780273438,3813900
2025-06-26,VST,VST,187.85000610351562,191.27499389648438,185.0,190.39999389648438,189.4064483642578,3677900
2025-06-27,VST,VST,192.0,198.1999969482422,189.11000061035156,195.0399932861328,194.022216796875,8903700
2025-06-30,VST,VST,197.5,197.5,192.1750030517578,193.80999755859375,192.7986602783203,4753900
2025-07-01,VST,VST,192.82000732421875,193.47000122070312,180.50999450683594,185.10000610351562,184.1341094970703,6125700
2025-07-02,VST,VST,184.6999969482422,188.44000244140625,182.7100067138672,187.02000427246094,186.04408264160156,3264900
2025-07-03,VST,VST,188.13999938964844,194.3000030517578,188.0,192.1999969482422,191.19703674316406,3342400
2025-07-07,VST,VST,191.0,194.27999877929688,190.35000610351562,193.6999969482422,192.68923950195312,4313400
2025-07-08,VST,VST,194.6199951171875,194.6199951171875,184.82000732421875,190.17999267578125,189.18759155273438,5076200
2025-07-09,VST,VST,192.72000122070312,200.25,189.84500122070312,197.00999450683594,195.98193359375,6931500
2025-07-10,VST,VST,196.7100067138672,197.7899932861328,190.17999267578125,195.77999877929688,194.7583770751953,4358200
2025-07-11,VST,VST,194.30999755859375,197.72000122070312,191.8000030517578,196.5800018310547,195.55421447753906,3714500
2025-07-14,VST,VST,196.5500030517578,197.6699981689453,191.5500030517578,194.80999755859375,193.79342651367188,3793800
2025-07-15,VST,VST,195.17999267578125,195.17999267578125,189.1999969482422,191.3699951171875,190.37136840820312,4259400
2025-07-16,VST,VST,191.10000610351562,192.44000244140625,180.2519989013672,184.1300048828125,183.16917419433594,6605400
2025-07-17,VST,VST,186.4199981689453,187.82000732421875,181.1999969482422,182.0,181.05027770996094,3948100
2025-07-18,VST,VST,182.82000732421875,195.1199951171875,182.8000030517578,193.00999450683594,192.0028076171875,6416300
2025-07-21,VST,VST,193.63999938964844,193.69000244140625,186.91000366210938,188.22999572753906,187.2477569580078,4315900
2025-07-22,VST,VST,187.6699981689453,189.5800018310547,181.72999572753906,189.08999633789062,188.10328674316406,4187400
2025-07-23,VST,VST,198.82000732421875,207.1199951171875,197.83999633789062,200.1199951171875,199.07571411132812,8849500
2025-07-24,VST,VST,202.10000610351562,203.60000610351562,195.88999938964844,196.24000549316406,195.2159881591797,4919300
2025-07-25,VST,VST,195.02000427246094,196.3000030517578,190.72000122070312,192.1999969482422,191.19703674316406,5492100
2025-07-28,VST,VST,193.11000061035156,196.27000427246094,190.50999450683594,195.8800048828125,194.85784912109375,3211400
2025-07-29,VST,VST,197.1999969482422,199.41000366210938,194.00999450683594,198.0,196.966796875,4255800
2025-07-30,VST,VST,199.39999389648438,207.6300048828125,198.89999389648438,207.0500030517578,205.9695587158203,5511800
2025-07-31,VST,VST,209.74000549316406,213.04800415039062,205.72999572753906,208.5399932861328,207.4517822265625,5635400
2025-08-01,VST,VST,200.14999389648438,211.86000061035156,197.1999969482422,208.0500030517578,206.96434020996094,5737100
2025-08-04,VST,VST,210.5500030517578,215.1300048828125,208.28900146484375,214.05999755859375,212.9429931640625,4625600
2025-08-05,VST,VST,214.9499969482422,216.85000610351562,206.5500030517578,209.60000610351562,208.50625610351562,4601400
2025-08-06,VST,VST,208.63999938964844,208.63999938964844,199.20799255371094,200.85000610351562,199.8019256591797,7360600
2025-08-07,VST,VST,190.2100067138672,211.75,190.0,205.58999633789062,204.51718139648438,8944400
2025-08-08,VST,VST,206.11000061035156,208.8800048828125,201.69000244140625,202.1199951171875,201.06527709960938,4064600
2025-08-11,VST,VST,203.60000610351562,206.2100067138672,198.69000244140625,200.0800018310547,199.03594970703125,3690600
2025-08-12,VST,VST,202.50999450683594,209.9600067138672,200.49000549316406,209.55999755859375,208.46646118164062,4059700
2025-08-13,VST,VST,210.19000244140625,213.19000244140625,200.28799438476562,205.27999877929688,204.20880126953125,4111700
2025-08-14,VST,VST,204.13499450683594,207.89999389648438,202.2899932861328,202.35000610351562,201.29408264160156,3005000
2025-08-15,VST,VST,203.0,204.4600067138672,194.80999755859375,197.3300018310547,196.30029296875,4025200
2025-08-18,VST,VST,197.0,199.39999389648438,195.3000030517578,198.9600067138672,197.92176818847656,2890400
2025-08-19,VST,VST,197.4600067138672,198.5500030517578,191.2100067138672,193.52000427246094,192.51016235351562,3358900
2025-08-20,VST,VST,191.0,193.36500549316406,183.85000610351562,192.91000366210938,191.90333557128906,5225300
2025-08-21,VST,VST,193.0,196.67999267578125,190.0,190.27999877929688,189.28707885742188,3028800
2025-08-22,VST,VST,191.13999938964844,195.5,187.13999938964844,190.4600067138672,189.4661407470703,3447300
2025-08-25,VST,VST,191.5399932861328,194.6699981689453,189.3000030517578,190.0800018310547,189.08811950683594,2723100
2025-08-26,VST,VST,190.4499969482422,195.64999389648438,189.35000610351562,195.1199951171875,194.10182189941406,3430800
2025-08-27,VST,VST,194.32000732421875,197.25,192.27999877929688,194.60000610351562,193.58453369140625,2665500
2025-08-28,VST,VST,195.1999969482422,201.3800048828125,194.6199951171875,196.6999969482422,195.67356872558594,3376200
2025-08-29,VST,VST,195.5500030517578,195.72999572753906,186.67999267578125,189.11000061035156,188.12318420410156,3999300
2025-09-02,VST,VST,184.5500030517578,186.8800048828125,182.08999633789062,185.80999755859375,184.84039306640625,4234700
2025-09-03,VST,VST,186.0,188.5500030517578,184.33999633789062,188.1199951171875,187.13833618164062,2815300
2025-09-04,VST,VST,189.0,192.11000061035156,188.79600524902344,189.72999572753906,188.73992919921875,2771800
2025-09-05,VST,VST,190.25,191.43299865722656,178.42999267578125,188.0,187.0189666748047,5199600
2025-09-08,VST,VST,189.58999633789062,190.55499267578125,184.61000061035156,188.00999450683594,187.02891540527344,4153400
2025-09-09,VST,VST,190.0,195.5,189.2100067138672,193.77999877929688,192.768798828125,4451700
2025-09-10,VST,VST,200.52000427246094,212.8800048828125,200.0,209.2100067138672,208.11830139160156,9715800
2025-09-11,VST,VST,208.77999877929688,211.89999389648438,203.10000610351562,204.0500030517578,202.9852294921875,4408900
2025-09-12,VST,VST,202.9250030517578,210.21499633789062,202.00999450683594,209.6999969482422,208.60572814941406,3824900
2025-09-15,VST,VST,209.6999969482422,217.89999389648438,209.6999969482422,213.52000427246094,212.4058074951172,4750600
2025-09-16,VST,VST,213.8000030517578,213.8000030517578,207.31399536132812,209.42999267578125,208.33714294433594,3828400
2025-09-17,VST,VST,211.2949981689453,213.8000030517578,204.6699981689453,208.30999755859375,207.22299194335938,3468100
2025-09-18,VST,VST,213.30999755859375,214.4600067138672,208.0500030517578,210.16000366210938,209.06333923339844,3589600
2025-09-19,VST,VST,211.42999267578125,213.83999633789062,205.1840057373047,211.27999877929688,210.40374755859375,9188500
2025-09-22,VST,VST,211.0,219.82000732421875,207.8000030517578,217.9199981689453,217.01622009277344,4819500
2025-09-23,VST,VST,210.11000061035156,212.76499938964844,203.4600067138672,204.24000549316406,203.39295959472656,6525200
2025-09-24,VST,VST,203.25999450683594,206.18699645996094,201.8699951171875,202.05999755859375,201.2220001220703,3844400
2025-09-25,VST,VST,198.0,204.25999450683594,196.00999450683594,201.6199951171875,200.7838134765625,4262600
2025-09-26,VST,VST,201.1999969482422,207.5,200.97999572753906,207.22000122070312,206.36058044433594,3096200
2025-09-29,VST,VST,202.0,207.1269989013672,197.6999969482422,197.94000244140625,197.11907958984375,8373900
2025-09-30,VST,VST,199.19000244140625,200.5,190.6999969482422,195.9199981689453,195.1074676513672,5828400
2025-10-01,VST,VST,195.0,204.92999267578125,192.1699981689453,201.50999450683594,200.6742706298828,5387700
2025-10-02,VST,VST,204.0399932861328,205.0,198.7100067138672,202.64999389648438,201.80953979492188,4224200
2025-10-03,VST,VST,204.35000610351562,210.1999969482422,201.5,201.99000549316406,201.15228271484375,5306900
2025-10-06,VST,VST,206.16000366210938,207.92999267578125,197.42999267578125,200.41000366210938,199.57884216308594,6019800
2025-10-07,VST,VST,201.57000732421875,203.8350067138672,195.88499450683594,199.6199951171875,198.79209899902344,2865800
2025-10-08,VST,VST,201.5800018310547,206.61000061035156,200.1269989013672,206.5500030517578,205.69337463378906,3706000
2025-10-09,VST,VST,207.0,211.07000732421875,205.3350067138672,210.0,209.12905883789062,3796100
2025-10-10,VST,VST,209.75999450683594,212.3699951171875,196.83999633789062,196.86000061035156,196.04356384277344,4388200
2025-10-13,VST,VST,201.1199951171875,209.9499969482422,200.39999389648438,209.5500030517578,208.68092346191406,3868800
2025-10-14,VST,VST,205.7899932861328,208.85000610351562,201.39999389648438,205.50999450683594,204.65768432617188,3088200
2025-10-15,VST,VST,209.32000732421875,216.03500366210938,206.39999389648438,210.85000610351562,209.9755401611328,5412000
2025-10-16,VST,VST,214.7899932861328,217.10000610351562,208.6840057373047,210.39999389648438,209.5273895263672,3562200
2025-10-17,VST,VST,207.6699981689453,210.0500030517578,200.0500030517578,201.35000610351562,200.5149383544922,4004700
2025-10-20,VST,VST,204.1300048828125,205.5,192.8070068359375,194.24000549316406,193.43441772460938,4058400
2025-10-21,VST,VST,192.8800048828125,193.4199981689453,185.57000732421875,186.52000427246094,185.74644470214844,5781700
2025-10-22,VST,VST,187.5500030517578,189.5,179.64999389648438,185.8300018310547,185.05931091308594,5344400
2025-10-23,VST,VST,185.7100067138672,192.1999969482422,185.7100067138672,191.3699951171875,190.57632446289062,3033700
2025-10-24,VST,VST,196.60000610351562,202.0,194.60000610351562,201.47000122070312,200.6344451904297,4787500
2025-10-27,VST,VST,203.66000366210938,203.66000366210938,196.5,199.3000030517578,198.4734344482422,4539500
2025-10-28,VST,VST,197.31500244140625,197.31500244140625,184.47000122070312,190.58999633789062,189.79957580566406,9390500
2025-10-29,VST,VST,192.3000030517578,200.72999572753906,189.47000122070312,199.3699951171875,198.54315185546875,6158900
2025-10-30,VST,VST,194.67999267578125,198.82000732421875,188.5399932861328,189.7100067138672,188.9232177734375,3805400
2025-10-31,VST,VST,192.0,192.88999938964844,183.52000427246094,188.3000030517578,187.51905822753906,4231300
2025-11-03,VST,VST,190.80999755859375,195.19000244140625,187.8459930419922,193.0399932861328,192.23939514160156,3585000
2025-11-04,VST,VST,188.10000610351562,191.49000549316406,184.5,185.74000549316406,184.9696807861328,3805000
2025-11-05,VST,VST,186.25999450683594,192.47500610351562,184.92999267578125,189.38999938964844,188.6045379638672,3547000
2025-11-06,VST,VST,182.88999938964844,189.1199951171875,179.52999877929688,184.6199951171875,183.8543243408203,6543600
2025-11-07,VST,VST,178.5,191.0749969482422,176.60000610351562,191.0,190.20785522460938,5805300
2025-11-10,VST,VST,194.8000030517578,196.8000030517578,184.16000366210938,188.27999877929688,187.4991455078125,4273700
2025-11-11,VST,VST,185.9199981689453,187.94000244140625,178.80999755859375,179.16000366210938,178.41697692871094,4542600
2025-11-12,VST,VST,180.3300018310547,181.3000030517578,177.2899932861328,178.27000427246094,177.53067016601562,4252100
2025-11-13,VST,VST,176.91000366210938,177.9600067138672,170.52000427246094,171.55999755859375,170.84848022460938,5467400
2025-11-14,VST,VST,167.17999267578125,180.0,165.5800018310547,174.69000244140625,173.96551513671875,5484400
2025-11-17,VST,VST,175.42999267578125,179.52000427246094,173.1199951171875,175.0,174.27420043945312,3108600
2025-11-18,VST,VST,172.66000366210938,177.4199981689453,170.66000366210938,174.4199981689453,173.6966094970703,3279100
2025-11-19,VST,VST,175.16000366210938,181.5,174.22000122070312,179.13999938964844,178.3970489501953,3384400
2025-11-20,VST,VST,184.82000732421875,189.2899932861328,173.1300048828125,173.7899932861328,173.0692138671875,4271500
2025-11-21,VST,VST,172.0,173.67999267578125,162.44000244140625,168.58999633789062,167.89080810546875,6303800
2025-11-24,VST,VST,169.57000732421875,175.1999969482422,165.89999389648438,175.13999938964844,174.4136505126953,5750900
2025-11-25,VST,VST,174.0800018310547,174.72999572753906,165.90499877929688,170.83999633789062,170.1314697265625,3865100
2025-11-26,VST,VST,174.0,177.75,173.0850067138672,176.8000030517578,176.0667724609375,2937800
2025-11-28,VST,VST,179.0,180.77000427246094,178.00999450683594,178.86000061035156,178.1182098388672,1908400
2025-12-01,VST,VST,176.00999450683594,176.47999572753906,172.69000244140625,173.63999938964844,172.91986083984375,3251000
2025-12-02,VST,VST,175.39999389648438,175.9499969482422,171.36500549316406,172.5500030517578,171.83438110351562,3029200
2025-12-03,VST,VST,172.66000366210938,173.85000610351562,168.9499969482422,171.64999389648438,170.9381103515625,2492600
2025-12-04,VST,VST,171.89999389648438,178.0500030517578,170.4709930419922,176.07000732421875,175.33978271484375,3408700
2025-12-05,VST,VST,176.52000427246094,176.6300048828125,166.47000122070312,167.1699981689453,166.47669982910156,4524300
2025-12-08,VST,VST,167.82000732421875,167.82000732421875,164.05999755859375,166.1199951171875,165.4310302734375,4230200
2025-12-09,VST,VST,165.3699951171875,169.91000366210938,164.72999572753906,164.80999755859375,164.12648010253906,3939500
2025-12-10,VST,VST,165.33999633789062,166.02000427246094,158.64999389648438,165.1699981689453,164.4849853515625,5778100
2025-12-11,VST,VST,162.0500030517578,174.88999938964844,161.00999450683594,174.60000610351562,173.87588500976562,6197100
2025-12-12,VST,VST,175.1999969482422,180.0,167.5,170.10000610351562,169.39454650878906,5870200
2025-12-15,VST,VST,172.9600067138672,173.0,166.97999572753906,168.25,167.55221557617188,4287400
2025-12-16,VST,VST,166.64999389648438,173.92999267578125,166.5500030517578,173.4499969482422,172.7306365966797,4190100
2025-12-17,VST,VST,174.00999450683594,175.13999938964844,158.6999969482422,159.97000122070312,159.30654907226562,6902900
2025-12-18,VST,VST,165.66000366210938,171.9199981689453,162.6699981689453,166.1699981689453,165.48085021972656,7652500
2025-12-19,VST,VST,166.6999969482422,171.41000366210938,162.6999969482422,163.02999877929688,162.35386657714844,7141800
2025-12-22,VST,VST,164.0,164.30999755859375,160.85000610351562,161.57000732421875,161.124267578125,4379200
2025-12-23,VST,VST,161.57000732421875,163.6999969482422,160.1300048828125,161.6699981689453,161.22398376464844,3772000
2025-12-24,VST,VST,160.99000549316406,162.5850067138672,159.77000427246094,161.9600067138672,161.51319885253906,1342200
2025-12-26,VST,VST,161.6699981689453,163.0,160.35000610351562,161.6699981689453,161.22398376464844,2317500
2025-12-29,VST,VST,161.0,164.1999969482422,159.9239959716797,161.83999633789062,161.3935089111328,2856100
2025-12-30,VST,VST,162.0,163.05999755859375,161.05999755859375,162.6199951171875,162.17135620117188,2220600
2025-12-31,VST,VST,162.88999938964844,164.5,161.22000122070312,161.3300018310547,160.88491821289062,1845100
2026-01-02,VST,VST,163.88999938964844,169.27999877929688,163.88999938964844,165.22999572753906,164.774169921875,3838400
2026-01-05,VST,VST,169.3699951171875,171.65499877929688,160.19000244140625,162.92999267578125,162.48049926757812,4385200
2026-01-06,VST,VST,169.0,172.61000061035156,163.77999877929688,169.52999877929688,169.0623016357422,6577500
2026-01-07,VST,VST,168.64999389648438,168.64999389648438,153.5399932861328,154.60000610351562,154.17349243164062,9433200
2026-01-08,VST,VST,155.25,155.8000030517578,149.19000244140625,150.60000610351562,150.18453979492188,6866800
2026-01-09,VST,VST,174.3300018310547,174.74000549316406,165.8800048828125,166.3699951171875,165.9110107421875,14316000
2026-01-12,VST,VST,164.6699981689453,176.74000549316406,164.0800018310547,172.5800018310547,172.10389709472656,7189100
2026-01-13,VST,VST,174.0,175.4499969482422,170.82000732421875,171.4199981689453,170.94708251953125,5430300
2026-01-14,VST,VST,169.38999938964844,171.17999267578125,166.0500030517578,168.97000122070312,168.50384521484375,3888200
2026-01-15,VST,VST,173.0,182.55999755859375,171.67999267578125,180.17999267578125,179.6829071044922,7116800
2026-01-16,VST,VST,167.5500030517578,171.1199951171875,163.00999450683594,166.60000610351562,166.140380859375,13330600
2026-01-20,VST,VST,161.27000427246094,166.0,156.25,156.80999755859375,156.37738037109375,7599100
2026-01-21,VST,VST,159.00999450683594,161.97999572753906,153.77000427246094,160.02000427246094,159.5785369873047,6651300
2026-01-22,VST,VST,161.92999267578125,163.5,159.14999389648438,160.36000061035156,159.91758728027344,4176200
2026-01-23,VST,VST,160.0,162.8699951171875,158.0,160.1199951171875,159.67825317382812,4475800
2026-01-26,VST,VST,160.58999633789062,165.30999755859375,157.89999389648438,158.80999755859375,158.3718719482422,3953100
2026-01-27,VST,VST,159.50999450683594,164.6199951171875,158.14999389648438,164.25999450683594,163.80682373046875,3622100
2026-01-28,VST,VST,166.0,166.55999755859375,161.16000366210938,165.63999938964844,165.1830291748047,4263800
2026-01-29,VST,VST,165.9600067138672,167.8800048828125,158.7550048828125,162.5800018310547,162.1314697265625,4798800
2026-01-30,VST,VST,161.5,164.5,156.86000061035156,158.35000610351562,157.91314697265625,3810800
2026-02-02,VST,VST,157.64999389648438,159.97999572753906,154.02999877929688,154.25999450683594,153.8344268798828,5506900
2026-02-03,VST,VST,156.1199951171875,156.5,150.39199829101562,153.0,152.57791137695312,4375800
2026-02-04,VST,VST,153.19000244140625,153.66000366210938,139.27000427246094,142.52000427246094,142.12681579589844,13329800
2026-02-05,VST,VST,141.0,143.91000366210938,138.52999877929688,143.07000732421875,142.67530822753906,7112900
2026-02-06,VST,VST,150.0,152.25999450683594,147.4199981689453,149.64999389648438,149.2371368408203,7406400
2026-02-09,VST,VST,150.0,155.77999877929688,147.77999877929688,152.97000122070312,152.54798889160156,5097000
2026-02-10,VST,VST,160.39999389648438,161.4199981689453,154.80999755859375,159.60000610351562,159.15969848632812,9074400
2026-02-11,VST,VST,165.0,165.30999755859375,158.5500030517578,160.14999389648438,159.70816040039062,4279300
2026-02-12,VST,VST,160.72999572753906,166.2100067138672,160.39999389648438,163.10000610351562,162.65005493164062,7493800
2026-02-13,VST,VST,162.39999389648438,171.66000366210938,161.5,171.49000549316406,171.01690673828125,5967900
2026-02-17,VST,VST,170.8800048828125,176.64999389648438,169.9499969482422,173.67999267578125,173.20083618164062,4655500
2026-02-18,VST,VST,174.00999450683594,175.5,169.61000061035156,170.57000732421875,170.0994415283203,3622700
2026-02-19,VST,VST,169.91000366210938,172.57000732421875,168.25,172.5,172.02410888671875,3154700
2026-02-20,VST,VST,172.3000030517578,173.5,169.0,171.39999389648438,170.92713928222656,3879800
2026-02-23,VST,VST,170.63999938964844,171.83999633789062,165.2100067138672,167.8000030517578,167.33706665039062,4133200
2026-02-24,VST,VST,167.27999877929688,171.67999267578125,162.8800048828125,171.6199951171875,171.1465301513672,4375300
2026-02-25,VST,VST,172.3800048828125,175.94000244140625,170.0800018310547,175.36000061035156,174.87620544433594,4810200
2026-02-26,VST,VST,171.36000061035156,177.22999572753906,164.11000061035156,176.82000732421875,176.3321990966797,7746200
2026-02-27,VST,VST,175.0,178.30999755859375,170.88999938964844,173.88999938964844,173.4102783203125,5494900
2026-03-02,VST,VST,170.1999969482422,176.52000427246094,165.8300018310547,165.99000549316406,165.53207397460938,5138100
2026-03-03,VST,VST,161.69000244140625,163.52999877929688,152.97999572753906,161.6999969482422,161.25390625,6653900
2026-03-04,VST,VST,161.58999633789062,164.2100067138672,160.39999389648438,163.36000061035156,162.90933227539062,4677700
2026-03-05,VST,VST,161.8800048828125,167.97000122070312,161.67999267578125,167.39999389648438,166.93817138671875,4946400
2026-03-06,VST,VST,164.4499969482422,168.3800048828125,158.3000030517578,158.64999389648438,158.21231079101562,5625400
2026-03-09,VST,VST,155.89999389648438,164.6300048828125,155.0,163.6199951171875,163.16859436035156,4109000
2026-03-10,VST,VST,165.36000061035156,168.7899932861328,164.30499267578125,164.39999389648438,163.9464569091797,4148000
2026-03-11,VST,VST,163.60000610351562,163.99000549316406,155.14999389648438,159.16000366210938,158.72091674804688,6074600
2026-03-12,VST,VST,157.0800018310547,163.1999969482422,156.6999969482422,159.5800018310547,159.13975524902344,4053200
2026-03-13,VST,VST,161.75999450683594,165.24000549316406,157.72999572753906,158.9499969482422,158.511474609375,3679600
2026-03-16,VST,VST,161.0,163.5,160.11000061035156,161.99000549316406,161.54310607910156,2775200
2026-03-17,VST,VST,162.80999755859375,165.4600067138672,162.1199951171875,164.3300018310547,163.87664794921875,2065300
2026-03-18,VST,VST,165.75,173.0,165.5,170.1199951171875,169.65066528320312,3685300
2026-03-19,VST,VST,167.1699981689453,169.60000610351562,164.22999572753906,167.3699951171875,166.90826416015625,3106700
2026-03-20,VST,VST,166.47000122070312,166.47000122070312,144.8300018310547,146.02000427246094,145.8157958984375,11109500
2026-03-23,VST,VST,151.4499969482422,155.89999389648438,149.3350067138672,151.2899932861328,151.07843017578125,5338500
2026-03-24,VST,VST,150.5500030517578,154.10000610351562,149.5500030517578,152.72000122070312,152.5064239501953,3995500
2026-03-25,VST,VST,155.0,157.9499969482422,150.3800048828125,151.50999450683594,151.29811096191406,3512900
2026-03-26,VST,VST,149.5,152.6699981689453,146.49000549316406,152.3000030517578,152.08702087402344,4437900
2026-03-27,VST,VST,151.75,160.1999969482422,151.75,155.47999572753906,155.2625732421875,4554500
2026-03-30,VST,VST,157.10000610351562,158.92999267578125,146.60000610351562,147.5399932861328,147.3336639404297,4734900
2026-03-31,VST,VST,143.89999389648438,151.47000122070312,142.33999633789062,150.3300018310547,150.11976623535156,5402200
2026-04-01,VST,VST,151.47000122070312,156.33999633789062,151.39999389648438,153.9600067138672,153.7447052001953,3782800
2026-04-02,VST,VST,151.2100067138672,154.55999755859375,150.1199951171875,151.17999267578125,150.9685821533203,2950300
2026-04-06,VST,VST,151.0399932861328,153.10499572753906,149.8800048828125,151.58999633789062,151.3780059814453,2309800
2026-04-07,VST,VST,151.07000732421875,154.16000366210938,150.27999877929688,153.67999267578125,153.46507263183594,2229100
2026-04-08,VST,VST,160.75,161.30999755859375,155.2899932861328,155.88999938964844,155.6719970703125,4320600
2026-04-09,VST,VST,155.88999938964844,162.52999877929688,152.67999267578125,152.75,152.53639221191406,4103200
2026-04-10,VST,VST,153.5,158.6300048828125,153.11000061035156,154.72999572753906,154.51361083984375,2900900
2026-04-13,VST,VST,152.64999389648438,160.72000122070312,152.64999389648438,158.1999969482422,157.978759765625,4458600
2026-04-14,VST,VST,162.41000366210938,165.27999877929688,160.34500122070312,163.97000122070312,163.74069213867188,3767300
2026-04-15,VST,VST,165.5,166.52000427246094,162.14999389648438,162.94000244140625,162.71214294433594,3098300
2026-04-16,VST,VST,164.57000732421875,166.9199981689453,162.61000061035156,165.52999877929688,165.2985076904297,3126000
2026-04-17,VST,VST,166.25999450683594,168.49000549316406,162.25999450683594,163.4600067138672,163.23141479492188,4104300
2026-04-20,VST,VST,163.0500030517578,164.0500030517578,158.32000732421875,159.60000610351562,159.37681579589844,2924100
2026-04-21,VST,VST,160.75999450683594,161.10000610351562,154.1300048828125,154.91000366210938,154.69337463378906,3748800
2026-04-22,VST,VST,157.8000030517578,159.0800018310547,154.9199981689453,155.7899932861328,155.57212829589844,2642200
2026-04-23,VST,VST,155.9600067138672,158.8699951171875,154.5,156.85000610351562,156.6306610107422,3272600
2026-04-24,VST,VST,156.3300018310547,165.47999572753906,155.14999389648438,164.35000610351562,164.12017822265625,3481400
2026-04-27,VST,VST,165.0,168.4199981689453,158.73500061035156,166.5800018310547,166.3470458984375,4577600
2026-04-28,VST,VST,162.5,163.3249969482422,158.72000122070312,161.1199951171875,160.89468383789062,5205600
2026-04-29,VST,VST,160.86000061035156,161.13900756835938,153.0800018310547,153.7899932861328,153.57492065429688,4992800
2026-04-30,VST,VST,156.2899932861328,159.6300048828125,155.72999572753906,157.83999633789062,157.6192626953125,3954800
2026-05-01,VST,VST,158.30999755859375,160.13999938964844,154.92999267578125,155.27999877929688,155.06285095214844,3144000
2026-05-04,VST,VST,157.69000244140625,162.3800048828125,157.44000244140625,160.85000610351562,160.62506103515625,4209300
2026-05-05,VST,VST,163.0,163.8000030517578,159.8000030517578,160.3800048828125,160.1557159423828,3567200
2026-05-06,VST,VST,161.4949951171875,162.99000549316406,156.60000610351562,158.2899932861328,158.06863403320312,8214800
2026-05-07,VST,VST,163.0399932861328,168.38999938964844,153.77000427246094,153.9499969482422,153.73471069335938,7895800
2026-05-08,VST,VST,155.0,155.0,146.97999572753906,147.72000122070312,147.513427734375,8074500
2026-05-11,VST,VST,148.0,152.75,146.2779998779297,152.0500030517578,151.83737182617188,5905400
2026-05-12,VST,VST,149.49000549316406,150.322998046875,145.66000366210938,146.8699951171875,146.66461181640625,4904300
2026-05-13,VST,VST,146.27999877929688,146.27999877929688,139.50999450683594,142.61000061035156,142.4105682373047,6385400
2026-05-14,VST,VST,141.3800048828125,143.2949981689453,139.9219970703125,141.89999389648438,141.70155334472656,5117100
2026-05-15,VST,VST,139.77499389648438,141.08999633789062,137.80999755859375,139.67999267578125,139.4846649169922,6632200
2026-05-18,VST,VST,139.0,139.5399932861328,133.86000061035156,136.75,136.5587615966797,6321800
2026-05-19,VST,VST,135.8000030517578,136.6999969482422,132.66000366210938,134.7100067138672,134.52162170410156,5860700
2026-05-20,VST,VST,138.0,144.89999389648438,137.80999755859375,144.0,143.7986297607422,7901600
2026-05-21,VST,VST,145.47000122070312,149.27999877929688,144.8800048828125,149.0800018310547,148.87152099609375,4621400
2026-05-22,VST,VST,151.02999877929688,157.57000732421875,150.75,156.27000427246094,156.0514678955078,8062500
2026-05-26,VST,VST,158.91000366210938,167.39999389648438,158.22000122070312,164.55999755859375,164.32986450195312,8511800
2026-05-27,VST,VST,164.9600067138672,165.02200317382812,158.4080047607422,160.14999389648438,159.92604064941406,4896900
2026-05-28,VST,VST,158.83999633789062,163.52999877929688,157.60000610351562,160.27999877929688,160.0558624267578,3598000
2026-05-29,VST,VST,160.0,162.2899932861328,156.8800048828125,160.22999572753906,160.00592041015625,3781200
2026-06-01,VST,VST,157.0,158.5500030517578,151.3300018310547,154.75999450683594,154.54356384277344,4322700
2026-06-02,VST,VST,155.94000244140625,160.77999877929688,152.8800048828125,157.97000122070312,157.74908447265625,4544900
2026-06-03,VST,VST,156.50999450683594,157.91000366210938,152.9499969482422,153.8000030517578,153.5849151611328,3884900
2026-06-04,VST,VST,151.5399932861328,154.0399932861328,150.19000244140625,153.6999969482422,153.4850616455078,2969400
2026-06-05,VST,VST,152.0,154.2899932861328,147.5,148.75999450683594,148.5519561767578,3673400
2026-06-08,VST,VST,148.30999755859375,149.3000030517578,146.3800048828125,146.89999389648438,146.69456481933594,3327700
2026-06-09,VST,VST,148.4199981689453,150.3000030517578,141.5399932861328,146.22000122070312,146.01551818847656,4059000
2026-06-10,VST,VST,143.35000610351562,144.0,137.91000366210938,138.5399932861328,138.34625244140625,5195000
2026-06-11,VST,VST,140.99000549316406,146.89999389648438,139.57000732421875,146.3800048828125,146.17530822753906,5127400
2026-06-12,VST,VST,148.0,150.5,147.0,148.02000427246094,147.81300354003906,4573500
2026-06-15,VST,VST,152.80999755859375,155.4499969482422,150.24899291992188,153.52000427246094,153.30531311035156,4455200
2026-06-16,VST,VST,153.25,161.47999572753906,152.8300018310547,158.61000061035156,158.38819885253906,4942900
2026-06-17,VST,VST,158.56500244140625,162.44000244140625,157.2100067138672,158.8300018310547,158.60787963867188,4490400
2026-06-18,VST,VST,162.08999633789062,170.33999633789062,160.02999877929688,163.75,163.52101135253906,7976300
2026-06-22,VST,VST,163.5050048828125,170.5,162.89999389648438,167.25999450683594,167.25999450683594,4971200
2026-06-23,VST,VST,160.0800018310547,165.8249969482422,159.14500427246094,162.38999938964844,162.38999938964844,3855400
2026-06-24,VST,VST,163.02999877929688,165.63999938964844,159.8800048828125,162.8699951171875,162.8699951171875,3722600
2026-06-25,VST,VST,166.91000366210938,171.35000610351562,166.00999450683594,167.77000427246094,167.77000427246094,3633200
2026-06-26,VST,VST,165.86000061035156,167.92999267578125,163.19000244140625,163.49000549316406,163.49000549316406,5487400
2026-06-29,VST,VST,163.6999969482422,165.60000610351562,161.02000427246094,162.3800048828125,162.3800048828125,2814800
2026-06-30,VST,VST,162.5800018310547,165.4499969482422,156.50999450683594,158.6300048828125,158.6300048828125,4182000
2026-07-01,VST,VST,156.0,157.32000732421875,151.0500030517578,153.16000366210938,153.16000366210938,5090100
2026-07-02,VST,VST,153.9499969482422,156.24000549316406,148.5,151.0500030517578,151.0500030517578,4254100
2026-07-06,VST,VST,152.47000122070312,157.24000549316406,152.00999450683594,157.22000122070312,157.22000122070312,3395800
2026-07-07,VST,VST,156.1300048828125,159.41000366210938,154.00999450683594,155.72999572753906,155.72999572753906,3027300
2026-07-08,VST,VST,153.99000549316406,156.48899841308594,151.32000732421875,154.82000732421875,154.82000732421875,3605700
2026-07-09,VST,VST,159.00999450683594,161.17999267578125,157.44500732421875,157.97999572753906,157.97999572753906,2907500
2026-07-10,VST,VST,157.5500030517578,160.02000427246094,157.0500030517578,158.86000061035156,158.86000061035156,2996000
2026-07-13,VST,VST,157.64999389648438,159.42999267578125,156.1999969482422,158.1199951171875,158.1199951171875,3613300
2026-07-14,VST,VST,161.0,168.2100067138672,157.03199768066406,158.42999267578125,158.42999267578125,5415600
2026-07-15,VST,VST,162.5,166.94000244140625,157.94000244140625,160.22999572753906,160.22999572753906,5504500
2026-07-16,VST,VST,157.8699951171875,158.10000610351562,148.51800537109375,152.55999755859375,152.55999755859375,7070000
2026-07-17,VST,VST,150.36000061035156,157.25,148.13999938964844,155.44000244140625,155.44000244140625,4441000
2026-07-20,VST,VST,157.52000427246094,158.57000732421875,155.60000610351562,157.99000549316406,157.99000549316406,3256700
2026-07-21,VST,VST,160.99000549316406,164.4600067138672,160.00999450683594,162.3300018310547,162.3300018310547,3721400
2026-07-22,VST,VST,160.11000061035156,167.80999755859375,159.6300048828125,166.74000549316406,166.74000549316406,2971500
2026-07-23,VST,VST,166.25999450683594,169.05999755859375,165.00999450683594,168.97999572753906,168.97999572753906,2538200
2026-07-24,VST,VST,168.69500732421875,169.75999450683594,162.30999755859375,163.3800048828125,163.3800048828125,2553500
2026-07-27,VST,VST,165.5,166.14500427246094,155.5399932861328,157.0800018310547,157.0800018310547,4478000
2026-07-28,VST,VST,153.9199981689453,153.99000549316406,146.2100067138672,148.63999938964844,148.63999938964844,5857500
2026-07-29,VST,VST,148.72500610351562,149.27999877929688,142.15499877929688,142.80999755859375,142.80999755859375,4925900
2026-07-30,VST,VST,148.0,151.97000122070312,147.0850067138672,148.6199951171875,148.6199951171875,4599600
2026-07-31,VST,VST,151.85000610351562,153.1300048828125,146.52000427246094,148.19000244140625,148.19000244140625,4390700
2026-08-03,VST,VST,148.77000427246094,156.9550018310547,146.19000244140625,155.94000244140625,155.94000244140625,4022300
2026-08-04,VST,VST,155.60000610351562,156.99000549316406,143.02999877929688,143.22999572753906,143.22999572753906,11503000
2026-08-05,VST,VST,143.89500427246094,145.5,140.1699981689453,140.5800018310547,140.5800018310547,6091500
2026-08-06,VST,VST,142.0,143.0229949951172,140.13999938964844,141.3800048828125,141.3800048828125,5422800
2026-08-07,VST,VST,138.61500549316406,142.69000244140625,134.75,140.58999633789062,140.58999633789062,7860700
2026-08-10,VST,VST,141.91000366210938,144.86000061035156,141.05099487304688,142.8699951171875,142.8699951171875,4609100
2026-08-11,VST,VST,144.5399932861328,146.89999389648438,143.11000061035156,144.9199981689453,144.9199981689453,3356800
2026-08-12,VST,VST,149.0,149.3800048828125,145.3000030517578,146.67999267578125,146.67999267578125,2680000
2026-08-13,VST,VST,146.25,147.77000427246094,144.80099487304688,146.39999389648438,146.39999389648438,2839700
2026-08-14,VST,VST,146.89999389648438,150.17999267578125,146.1300048828125,148.1300048828125,148.1300048828125,3040000
2026-08-17,VST,VST,149.3699951171875,149.86500549316406,145.2100067138672,146.11000061035156,146.11000061035156,4037700
2026-08-18,VST,VST,144.5,145.5399932861328,138.77000427246094,140.52000427246094,140.52000427246094,4310800
2026-08-19,VST,VST,140.74000549316406,142.77000427246094,138.1300048828125,142.6999969482422,142.6999969482422,4322300
2026-08-20,VST,VST,142.6999969482422,143.5,138.3300018310547,138.94000244140625,138.94000244140625,3737000
2026-08-21,VST,VST,139.99000549316406,140.3159942626953,136.17999267578125,136.2100067138672,136.2100067138672,5095600
2026-08-24,VST,VST,135.8800048828125,137.1999969482422,134.5,135.66000366210938,135.66000366210938,5193900
2026-08-25,VST,VST,138.3699951171875,140.25999450683594,137.38999938964844,139.02999877929688,139.02999877929688,4036000
2026-08-26,VST,VST,139.39999389648438,144.02999877929688,139.30499267578125,140.02999877929688,140.02999877929688,3428500
2026-08-27,VST,VST,142.0,142.5050048828125,138.4499969482422,139.80999755859375,139.80999755859375,2966200
2026-08-28,VST,VST,140.88999938964844,141.10000610351562,136.61000061035156,137.08999633789062,137.08999633789062,3074100
2026-08-31,VST,VST,136.7899932861328,137.94000244140625,135.6199951171875,137.3699951171875,137.3699951171875,4146600
2026-09-01,VST,VST,136.5,139.27999877929688,134.89999389648438,138.0800018310547,138.0800018310547,4288600
2026-09-02,VST,VST,137.82000732421875,144.14599609375,136.9499969482422,143.4600067138672,143.4600067138672,4766100
2026-09-03,VST,VST,145.0,148.7760009765625,142.80999755859375,144.22000122070312,144.22000122070312,4321900
2026-09-04,VST,VST,143.8699951171875,149.4499969482422,143.16000366210938,149.3000030517578,149.3000030517578,4616700
