Date,Symbol,DownloadSymbol,Open,High,Low,Close,Adj Close,Volume
2016-07-14,WMT,WMT,24.59666633605957,24.703332901000977,24.536666870117188,24.566667556762695,20.646562576293945,19939200
2016-07-15,WMT,WMT,24.65999984741211,24.670000076293945,24.479999542236328,24.55666732788086,20.638160705566406,17984400
2016-07-18,WMT,WMT,24.546667098999023,24.726667404174805,24.510000228881836,24.613332748413086,20.68578338623047,16371900
2016-07-19,WMT,WMT,24.546667098999023,24.65333366394043,24.52666664123535,24.553333282470703,20.63535499572754,14394300
2016-07-20,WMT,WMT,24.626667022705078,24.703332901000977,24.543333053588867,24.59666633605957,20.671783447265625,15846000
2016-07-21,WMT,WMT,24.476667404174805,24.553333282470703,24.3799991607666,24.50666618347168,20.59613609313965,13175700
2016-07-22,WMT,WMT,24.586666107177734,24.636667251586914,24.47333335876465,24.516666412353516,20.604543685913086,12949800
2016-07-25,WMT,WMT,24.516666412353516,24.610000610351562,24.469999313354492,24.583332061767578,20.66057014465332,14202000
2016-07-26,WMT,WMT,24.56999969482422,24.690000534057617,24.469999313354492,24.57666778564453,20.65497398376465,15744900
2016-07-27,WMT,WMT,24.553333282470703,24.606666564941406,24.3799991607666,24.440000534057617,20.540109634399414,17333700
2016-07-28,WMT,WMT,24.3799991607666,24.440000534057617,24.156667709350586,24.413333892822266,20.517698287963867,13809600
2016-07-29,WMT,WMT,24.389999389648438,24.416667938232422,24.253332138061523,24.323333740234375,20.442058563232422,18906600
2016-08-01,WMT,WMT,24.270000457763672,24.663333892822266,24.270000457763672,24.593332290649414,20.668973922729492,17605200
2016-08-02,WMT,WMT,24.566667556762695,24.573333740234375,24.209999084472656,24.376667022705078,20.486879348754883,19539300
2016-08-03,WMT,WMT,24.333332061767578,24.46666717529297,24.170000076293945,24.31333351135254,20.433658599853516,19704300
2016-08-04,WMT,WMT,24.266666412353516,24.496667861938477,24.196666717529297,24.433332443237305,20.534507751464844,14834700
2016-08-05,WMT,WMT,24.48666763305664,24.649999618530273,24.48666763305664,24.586666107177734,20.663375854492188,16246200
2016-08-08,WMT,WMT,24.666667938232422,24.690000534057617,24.34666633605957,24.446666717529297,20.54571533203125,19731600
2016-08-09,WMT,WMT,24.453332901000977,24.626667022705078,24.360000610351562,24.51333236694336,20.601743698120117,19283700
2016-08-10,WMT,WMT,24.523332595825195,24.836666107177734,24.463333129882812,24.649999618530273,20.858423233032227,24156900
2016-08-11,WMT,WMT,24.833332061767578,24.933332443237305,24.510000228881836,24.600000381469727,20.816112518310547,18870900
2016-08-12,WMT,WMT,24.600000381469727,24.706666946411133,24.520000457763672,24.6299991607666,20.841489791870117,29982600
2016-08-15,WMT,WMT,24.60333251953125,24.670000076293945,24.3700008392334,24.440000534057617,20.68071746826172,28908300
2016-08-16,WMT,WMT,24.196666717529297,24.43666648864746,24.06999969482422,24.296667098999023,20.559432983398438,29289900
2016-08-17,WMT,WMT,23.996667861938477,24.316667556762695,23.996667861938477,24.309999465942383,20.570716857910156,43029900
2016-08-18,WMT,WMT,24.309999465942383,25.06333351135254,24.309999465942383,24.766666412353516,20.95713996887207,80574900
2016-08-19,WMT,WMT,24.700000762939453,24.76333236694336,24.22333335876465,24.270000457763672,20.536869049072266,46039200
2016-08-22,WMT,WMT,24.35333251953125,24.3799991607666,24.149999618530273,24.233333587646484,20.505842208862305,30936300
2016-08-23,WMT,WMT,24.296667098999023,24.356666564941406,23.98666763305664,23.989999771118164,20.299942016601562,28174200
2016-08-24,WMT,WMT,23.989999771118164,24.25,23.920000076293945,24.07666778564453,20.37327766418457,30152100
2016-08-25,WMT,WMT,24.123332977294922,24.19333267211914,23.683332443237305,23.739999771118164,20.08839225769043,31542600
2016-08-26,WMT,WMT,23.803333282470703,23.89666748046875,23.6299991607666,23.713333129882812,20.065824508666992,30115500
2016-08-29,WMT,WMT,23.713333129882812,23.886667251586914,23.700000762939453,23.799999237060547,20.139162063598633,22404300
2016-08-30,WMT,WMT,23.799999237060547,23.920000076293945,23.71666717529297,23.770000457763672,20.113780975341797,17322600
2016-08-31,WMT,WMT,23.81999969482422,23.8799991607666,23.71666717529297,23.81333351135254,20.15044403076172,18934800
2016-09-01,WMT,WMT,23.856666564941406,24.286666870117188,23.803333282470703,24.280000686645508,20.545331954956055,35284200
2016-09-02,WMT,WMT,24.329999923706055,24.39666748046875,24.139999389648438,24.166667938232422,20.449430465698242,24248700
2016-09-06,WMT,WMT,24.253332138061523,24.360000610351562,24.066667556762695,24.333332061767578,20.590456008911133,28712700
2016-09-07,WMT,WMT,24.333332061767578,24.350000381469727,24.003332138061523,24.020000457763672,20.3253173828125,28854900
2016-09-08,WMT,WMT,23.963333129882812,24.106666564941406,23.90333366394043,23.94333267211914,20.260448455810547,28983600
2016-09-09,WMT,WMT,23.773332595825195,23.836666107177734,23.433332443237305,23.433332443237305,19.82889175415039,36517800
2016-09-12,WMT,WMT,23.59666633605957,24.079999923706055,23.573333740234375,23.979999542236328,20.291475296020508,32592000
2016-09-13,WMT,WMT,23.946666717529297,23.969999313354492,23.71666717529297,23.81999969482422,20.15608787536621,22523700
2016-09-14,WMT,WMT,23.873332977294922,24.020000457763672,23.799999237060547,23.84000015258789,20.17301368713379,20941500
2016-09-15,WMT,WMT,23.82666778564453,24.18666648864746,23.753332138061523,24.133333206176758,20.42123031616211,21886800
2016-09-16,WMT,WMT,24.106666564941406,24.31999969482422,24.073333740234375,24.290000915527344,20.553796768188477,41807100
2016-09-19,WMT,WMT,24.213333129882812,24.290000915527344,24.030000686645508,24.030000686645508,20.333784103393555,20762100
2016-09-20,WMT,WMT,24.049999237060547,24.183332443237305,23.96666717529297,23.989999771118164,20.299942016601562,17731800
2016-09-21,WMT,WMT,24.059999465942383,24.18000030517578,23.836666107177734,24.06333351135254,20.361988067626953,20027700
2016-09-22,WMT,WMT,24.143333435058594,24.18000030517578,23.996667861938477,24.09000015258789,20.38455581665039,17615700
2016-09-23,WMT,WMT,24.200000762939453,24.25666618347168,24.113332748413086,24.116666793823242,20.407123565673828,23089200
2016-09-26,WMT,WMT,24.10333251953125,24.110000610351562,23.84000015258789,23.873332977294922,20.20121955871582,17846100
2016-09-27,WMT,WMT,23.976667404174805,24.163333892822266,23.860000610351562,24.110000610351562,20.401477813720703,19033200
2016-09-28,WMT,WMT,24.073333740234375,24.106666564941406,23.793333053588867,23.93000030517578,20.249170303344727,18554700
2016-09-29,WMT,WMT,23.856666564941406,23.90333366394043,23.540000915527344,23.57666778564453,19.950183868408203,23990400
2016-09-30,WMT,WMT,23.833332061767578,24.15333366394043,23.799999237060547,24.040000915527344,20.342241287231445,29947800
2016-10-03,WMT,WMT,23.94333267211914,24.049999237060547,23.866666793823242,24.003332138061523,20.311216354370117,17573100
2016-10-04,WMT,WMT,24.0,24.190000534057617,23.850000381469727,23.916667938232422,20.237884521484375,19707900
2016-10-05,WMT,WMT,23.956666946411133,24.09000015258789,23.866666793823242,23.889999389648438,20.215314865112305,19393200
2016-10-06,WMT,WMT,23.889999389648438,23.889999389648438,22.963333129882812,23.1200008392334,19.563762664794922,60330900
2016-10-07,WMT,WMT,23.086666107177734,23.156667709350586,22.72333335876465,22.899999618530273,19.377599716186523,37961400
2016-10-10,WMT,WMT,22.916667938232422,22.98666763305664,22.583332061767578,22.65999984741211,19.174516677856445,26965200
2016-10-11,WMT,WMT,22.649999618530273,22.65333366394043,22.433332443237305,22.463333129882812,19.008098602294922,25774500
2016-10-12,WMT,WMT,22.579999923706055,22.636667251586914,22.456666946411133,22.48666763305664,19.02783966064453,26822100
2016-10-13,WMT,WMT,22.39666748046875,22.84666633605957,22.356666564941406,22.74333381652832,19.245025634765625,27581400
2016-10-14,WMT,WMT,22.80666732788086,22.93666648864746,22.73666763305664,22.816667556762695,19.30708122253418,19248000
2016-10-17,WMT,WMT,22.883333206176758,22.883333206176758,22.600000381469727,22.739999771118164,19.242206573486328,22480200
2016-10-18,WMT,WMT,22.856666564941406,22.99333381652832,22.74333381652832,22.956666946411133,19.425548553466797,23573100
2016-10-19,WMT,WMT,23.073333740234375,23.113332748413086,22.89666748046875,22.963333129882812,19.431188583374023,21369900
2016-10-20,WMT,WMT,22.99333381652832,23.02666664123535,22.856666564941406,22.90999984741211,19.386058807373047,18882000
2016-10-21,WMT,WMT,22.780000686645508,22.876667022705078,22.663333892822266,22.780000686645508,19.276052474975586,23533800
2016-10-24,WMT,WMT,22.873332977294922,23.123332977294922,22.796667098999023,23.06333351135254,19.515806198120117,21490800
2016-10-25,WMT,WMT,23.003332138061523,23.290000915527344,23.0,23.1200008392334,19.563762664794922,22889100
2016-10-26,WMT,WMT,23.100000381469727,23.270000457763672,23.046667098999023,23.196666717529297,19.628633499145508,15151500
2016-10-27,WMT,WMT,23.200000762939453,23.333332061767578,23.1299991607666,23.27666664123535,19.696325302124023,21394800
2016-10-28,WMT,WMT,23.266666412353516,23.40333366394043,23.24333381652832,23.329999923706055,19.741456985473633,20858700
2016-10-31,WMT,WMT,23.35333251953125,23.389999389648438,23.28333282470703,23.34000015258789,19.749914169311523,19167000
2016-11-01,WMT,WMT,23.32666778564453,23.35333251953125,23.046667098999023,23.100000381469727,19.546836853027344,26515800
2016-11-02,WMT,WMT,23.066667556762695,23.323333740234375,23.066667556762695,23.149999618530273,19.589136123657227,22935900
2016-11-03,WMT,WMT,23.209999084472656,23.360000610351562,23.116666793823242,23.209999084472656,19.639917373657227,20411700
2016-11-04,WMT,WMT,23.23666763305664,23.31333351135254,23.043333053588867,23.053333282470703,19.50734519958496,21786300
2016-11-07,WMT,WMT,23.206666946411133,23.280000686645508,23.053333282470703,23.260000228881836,19.682222366333008,29266200
2016-11-08,WMT,WMT,23.23666763305664,23.34666633605957,23.156667709350586,23.26333236694336,19.68504524230957,22863900
2016-11-09,WMT,WMT,23.100000381469727,23.833332061767578,23.09666633605957,23.700000762939453,20.054546356201172,50338500
2016-11-10,WMT,WMT,23.75,24.030000686645508,23.666667938232422,23.796667098999023,20.13633918762207,42963900
2016-11-11,WMT,WMT,23.703332901000977,23.760000228881836,23.53333282470703,23.74333381652832,20.091209411621094,24671700
2016-11-14,WMT,WMT,23.719999313354492,23.770000457763672,23.39666748046875,23.496667861938477,19.88248634338379,38752500
2016-11-15,WMT,WMT,23.59666633605957,23.80666732788086,23.450000762939453,23.80666732788086,20.144805908203125,29175300
2016-11-16,WMT,WMT,23.916667938232422,24.020000457763672,23.77666664123535,23.796667098999023,20.13633918762207,33577200
2016-11-17,WMT,WMT,23.02666664123535,23.17333221435547,22.706666946411133,23.06333351135254,19.515806198120117,70320900
2016-11-18,WMT,WMT,22.976667404174805,23.133333206176758,22.81333351135254,22.84666633605957,19.33246421813965,33405900
2016-11-21,WMT,WMT,22.84666633605957,23.133333206176758,22.80666732788086,23.123332977294922,19.566577911376953,25068000
2016-11-22,WMT,WMT,23.24333381652832,23.47333335876465,23.24333381652832,23.373332977294922,19.778118133544922,32952000
2016-11-23,WMT,WMT,23.406667709350586,23.6299991607666,23.393333435058594,23.610000610351562,19.978382110595703,22196700
2016-11-25,WMT,WMT,23.703332901000977,23.883333206176758,23.65999984741211,23.74333381652832,20.091209411621094,12703200
2016-11-28,WMT,WMT,23.643333435058594,23.84000015258789,23.600000381469727,23.729999542236328,20.079925537109375,21297600
2016-11-29,WMT,WMT,23.793333053588867,23.93000030517578,23.733333587646484,23.790000915527344,20.130699157714844,21930300
2016-11-30,WMT,WMT,23.639999389648438,23.719999313354492,23.389999389648438,23.476667404174805,19.865562438964844,27978300
2016-12-01,WMT,WMT,23.416667938232422,23.57666778564453,23.350000381469727,23.55666732788086,19.933252334594727,20549400
2016-12-02,WMT,WMT,23.52666664123535,23.649999618530273,23.483333587646484,23.626667022705078,19.992488861083984,20022600
2016-12-05,WMT,WMT,23.633333206176758,23.663333892822266,23.270000457763672,23.31333351135254,19.727352142333984,31583700
2016-12-06,WMT,WMT,23.336666107177734,23.463333129882812,23.166667938232422,23.453332901000977,19.8458194732666,23334000
2016-12-07,WMT,WMT,23.309999465942383,23.549999237060547,23.299999237060547,23.53333282470703,20.05604362487793,20898600
2016-12-08,WMT,WMT,23.49333381652832,23.633333206176758,23.440000534057617,23.446666717529297,19.982179641723633,20532600
2016-12-09,WMT,WMT,23.42333221435547,23.476667404174805,23.246667861938477,23.360000610351562,19.9083194732666,32270100
2016-12-12,WMT,WMT,23.356666564941406,23.926666259765625,23.34000015258789,23.889999389648438,20.360008239746094,27252300
2016-12-13,WMT,WMT,23.889999389648438,24.07666778564453,23.8700008392334,23.933332443237305,20.39693260192871,26662500
2016-12-14,WMT,WMT,23.96666717529297,24.15999984741211,23.726667404174805,23.780000686645508,20.266254425048828,26008200
2016-12-15,WMT,WMT,23.739999771118164,23.933332443237305,23.676666259765625,23.69333267211914,20.19239616394043,21408900
2016-12-16,WMT,WMT,23.690000534057617,23.8799991607666,23.53333282470703,23.65999984741211,20.16398811340332,53534400
2016-12-19,WMT,WMT,23.613332748413086,23.916667938232422,23.613332748413086,23.860000610351562,20.33443260192871,17667900
2016-12-20,WMT,WMT,23.90999984741211,23.976667404174805,23.836666107177734,23.940000534057617,20.402616500854492,18324300
2016-12-21,WMT,WMT,23.886667251586914,24.0,23.746667861938477,23.746667861938477,20.237852096557617,15303000
2016-12-22,WMT,WMT,23.746667861938477,23.746667861938477,23.06999969482422,23.196666717529297,19.76911735534668,36320400
2016-12-23,WMT,WMT,23.143333435058594,23.25,23.1200008392334,23.18000030517578,19.75491714477539,14411700
2016-12-27,WMT,WMT,23.100000381469727,23.273332595825195,23.083332061767578,23.233333587646484,19.800365447998047,13307100
2016-12-28,WMT,WMT,23.31333351135254,23.333332061767578,23.086666107177734,23.10333251953125,19.689573287963867,14627100
2016-12-29,WMT,WMT,23.06999969482422,23.17333221435547,23.040000915527344,23.086666107177734,19.675371170043945,12895200
2016-12-30,WMT,WMT,23.040000915527344,23.143333435058594,22.94333267211914,23.040000915527344,19.635602951049805,20668500
2017-01-03,WMT,WMT,23.079999923706055,23.079999923706055,22.683332443237305,22.886667251586914,19.504920959472656,31419600
2017-01-04,WMT,WMT,22.886667251586914,23.209999084472656,22.866666793823242,23.020000457763672,19.61855697631836,23754000
2017-01-05,WMT,WMT,22.809999465942383,23.110000610351562,22.706666946411133,23.06999969482422,19.66116714477539,21297600
2017-01-06,WMT,WMT,22.803333282470703,22.833332061767578,22.670000076293945,22.753332138061523,19.39128875732422,28473300
2017-01-09,WMT,WMT,22.77666664123535,22.933332443237305,22.773332595825195,22.90333366394043,19.519126892089844,26055600
2017-01-10,WMT,WMT,22.8799991607666,23.09000015258789,22.739999771118164,22.74333381652832,19.382768630981445,30769500
2017-01-11,WMT,WMT,22.733333587646484,22.873332977294922,22.729999542236328,22.843332290649414,19.467992782592773,20092800
2017-01-12,WMT,WMT,22.786666870117188,22.85333251953125,22.639999389648438,22.656667709350586,19.30890464782715,19634700
2017-01-13,WMT,WMT,22.65999984741211,22.67333221435547,22.360000610351562,22.376667022705078,19.070281982421875,30037500
2017-01-17,WMT,WMT,22.700000762939453,23.09666633605957,22.68666648864746,22.80666732788086,19.436742782592773,39502500
2017-01-18,WMT,WMT,22.626667022705078,22.703332901000977,22.51333236694336,22.703332901000977,19.348684310913086,21964500
2017-01-19,WMT,WMT,22.709999084472656,22.729999542236328,22.49333381652832,22.540000915527344,19.20948028564453,20463300
2017-01-20,WMT,WMT,22.579999923706055,22.610000610351562,22.34000015258789,22.393333435058594,19.084484100341797,36164100
2017-01-23,WMT,WMT,22.336666107177734,22.393333435058594,22.18666648864746,22.21666717529297,18.933921813964844,23854200
2017-01-24,WMT,WMT,22.296667098999023,22.469999313354492,22.219999313354492,22.46666717529297,19.14698028564453,32131800
2017-01-25,WMT,WMT,22.50666618347168,22.57666778564453,22.26333236694336,22.296667098999023,19.002105712890625,26168700
2017-01-26,WMT,WMT,22.376667022705078,22.406667709350586,22.206666946411133,22.24333381652832,18.95664405822754,19512300
2017-01-27,WMT,WMT,22.286666870117188,22.323333740234375,21.760000228881836,21.886667251586914,18.65268325805664,40300800
2017-01-30,WMT,WMT,21.876667022705078,22.15999984741211,21.876667022705078,22.139999389648438,18.86858367919922,25924500
2017-01-31,WMT,WMT,22.06999969482422,22.296667098999023,21.959999084472656,22.246667861938477,18.959489822387695,27962700
2017-02-01,WMT,WMT,22.15333366394043,22.23666763305664,22.01333236694336,22.07666778564453,18.81460952758789,27150000
2017-02-02,WMT,WMT,22.113332748413086,22.3799991607666,22.113332748413086,22.233333587646484,18.948129653930664,26996100
2017-02-03,WMT,WMT,22.273332595825195,22.309999465942383,22.14666748046875,22.166667938232422,18.891313552856445,22875900
2017-02-06,WMT,WMT,22.123332977294922,22.286666870117188,22.123332977294922,22.133333206176758,18.862905502319336,27291600
2017-02-07,WMT,WMT,22.18666648864746,22.333332061767578,22.170000076293945,22.296667098999023,19.002105712890625,17417100
2017-02-08,WMT,WMT,22.296667098999023,22.606666564941406,22.296667098999023,22.60333251953125,19.263460159301758,22982400
2017-02-09,WMT,WMT,22.60333251953125,23.046667098999023,22.583332061767578,23.02666664123535,19.624237060546875,33241500
2017-02-10,WMT,WMT,22.75,22.866666793823242,22.586666107177734,22.67333221435547,19.323108673095703,37336800
2017-02-13,WMT,WMT,22.773332595825195,22.883333206176758,22.520000457763672,22.59000015258789,19.252092361450195,25122900
2017-02-14,WMT,WMT,22.626667022705078,22.893333435058594,22.56999969482422,22.886667251586914,19.504920959472656,25386900
2017-02-15,WMT,WMT,22.600000381469727,22.90333366394043,22.586666107177734,22.89666748046875,19.513442993164062,25689900
2017-02-16,WMT,WMT,22.889999389648438,23.079999923706055,22.8700008392334,22.956666946411133,19.564584732055664,25241400
2017-02-17,WMT,WMT,22.94333267211914,23.26333236694336,22.89666748046875,23.123332977294922,19.706619262695312,38512200
2017-02-21,WMT,WMT,23.73666763305664,24.093332290649414,23.566667556762695,23.816667556762695,20.29749870300293,67238700
2017-02-22,WMT,WMT,24.083332061767578,24.123332977294922,23.82666778564453,23.90333366394043,20.371366500854492,45728100
2017-02-23,WMT,WMT,24.0,24.166667938232422,23.719999313354492,23.770000457763672,20.257734298706055,38399100
2017-02-24,WMT,WMT,23.780000686645508,24.266666412353516,23.766666412353516,24.1299991607666,20.56454086303711,41669700
2017-02-27,WMT,WMT,24.093332290649414,24.139999389648438,23.843332290649414,23.913333892822266,20.37989044189453,27764100
2017-02-28,WMT,WMT,23.623332977294922,23.666667938232422,23.333332061767578,23.643333435058594,20.149776458740234,47857800
2017-03-01,WMT,WMT,23.656667709350586,23.69333267211914,23.383333206176758,23.483333587646484,20.0134220123291,40568100
2017-03-02,WMT,WMT,23.47333335876465,23.633333206176758,23.389999389648438,23.586666107177734,20.101486206054688,26748900
2017-03-03,WMT,WMT,23.586666107177734,23.67333221435547,23.293333053588867,23.343332290649414,19.89411163330078,27893700
2017-03-06,WMT,WMT,23.333332061767578,23.479999542236328,23.260000228881836,23.293333053588867,19.851505279541016,27547800
2017-03-07,WMT,WMT,23.299999237060547,23.40333366394043,23.286666870117188,23.290000915527344,19.848657608032227,21848700
2017-03-08,WMT,WMT,23.229999542236328,23.343332290649414,23.18000030517578,23.266666412353516,19.974580764770508,23939400
2017-03-09,WMT,WMT,23.25,23.34666633605957,23.18666648864746,23.286666870117188,19.991744995117188,22693500
2017-03-10,WMT,WMT,23.333332061767578,23.453332901000977,23.266666412353516,23.366666793823242,20.0604248046875,21296400
2017-03-13,WMT,WMT,23.329999923706055,23.483333587646484,23.23666763305664,23.316667556762695,20.017501831054688,20407500
2017-03-14,WMT,WMT,23.606666564941406,23.73666763305664,23.573333740234375,23.573333740234375,20.23784828186035,29875200
2017-03-15,WMT,WMT,23.5,23.566667556762695,23.34000015258789,23.52666664123535,20.19778060913086,26441400
2017-03-16,WMT,WMT,23.3700008392334,23.566667556762695,23.356666564941406,23.479999542236328,20.15772247314453,21183000
2017-03-17,WMT,WMT,23.52666664123535,23.583332061767578,23.270000457763672,23.296667098999023,20.000329971313477,42235200
2017-03-20,WMT,WMT,23.3799991607666,23.483333587646484,23.23666763305664,23.32666778564453,20.026079177856445,22398600
2017-03-21,WMT,WMT,23.389999389648438,23.46666717529297,23.229999542236328,23.299999237060547,20.003192901611328,26240400
2017-03-22,WMT,WMT,23.343332290649414,23.446666717529297,23.239999771118164,23.416667938232422,20.10334587097168,19366800
2017-03-23,WMT,WMT,23.399999618530273,23.43666648864746,23.25,23.286666870117188,19.991744995117188,20696400
2017-03-24,WMT,WMT,23.329999923706055,23.389999389648438,23.176666259765625,23.203332901000977,19.920196533203125,17577000
2017-03-27,WMT,WMT,23.17333221435547,23.356666564941406,23.1200008392334,23.219999313354492,19.934511184692383,17377800
2017-03-28,WMT,WMT,23.110000610351562,23.456666946411133,23.110000610351562,23.440000534057617,20.123382568359375,21756600
2017-03-29,WMT,WMT,23.450000762939453,23.726667404174805,23.43666648864746,23.579999923706055,20.243572235107422,20973000
2017-03-30,WMT,WMT,23.56333351135254,23.906667709350586,23.546667098999023,23.863332748413086,20.486818313598633,24424500
2017-03-31,WMT,WMT,23.773332595825195,24.18666648864746,23.74333381652832,24.02666664123535,20.627033233642578,29819400
2017-04-03,WMT,WMT,24.02666664123535,24.176666259765625,23.926666259765625,23.94333267211914,20.555492401123047,24873900
2017-04-04,WMT,WMT,23.913333892822266,24.020000457763672,23.843332290649414,24.003332138061523,20.607004165649414,16701900
2017-04-05,WMT,WMT,23.8799991607666,24.10333251953125,23.85333251953125,23.883333206176758,20.503992080688477,19063500
2017-04-06,WMT,WMT,23.899999618530273,24.03333282470703,23.793333053588867,23.809999465942383,20.441028594970703,17823300
2017-04-07,WMT,WMT,24.03333282470703,24.329999923706055,23.933332443237305,24.299999237060547,20.8617000579834,32304000
2017-04-10,WMT,WMT,24.329999923706055,24.49333381652832,24.24333381652832,24.35333251953125,20.907474517822266,22487700
2017-04-11,WMT,WMT,24.333332061767578,24.483333587646484,24.309999465942383,24.476667404174805,21.01336669921875,17431500
2017-04-12,WMT,WMT,24.516666412353516,24.610000610351562,24.416667938232422,24.479999542236328,21.016225814819336,19881900
2017-04-13,WMT,WMT,24.456666946411133,24.553333282470703,24.383333206176758,24.383333206176758,20.933238983154297,16009200
2017-04-17,WMT,WMT,24.386667251586914,24.52666664123535,24.383333206176758,24.496667861938477,21.030529022216797,16396200
2017-04-18,WMT,WMT,24.51333236694336,24.700000762939453,24.49333381652832,24.6299991607666,21.145004272460938,19883700
2017-04-19,WMT,WMT,24.700000762939453,24.793333053588867,24.6200008392334,24.690000534057617,21.196510314941406,17821800
2017-04-20,WMT,WMT,24.713333129882812,25.036666870117188,24.703332901000977,24.933332443237305,21.405412673950195,23043900
2017-04-21,WMT,WMT,24.913333892822266,25.036666870117188,24.866666793823242,24.979999542236328,21.445476531982422,17267100
2017-04-24,WMT,WMT,25.02666664123535,25.133333206176758,24.80666732788086,24.926666259765625,21.399696350097656,23437500
2017-04-25,WMT,WMT,24.989999771118164,25.05666732788086,24.953332901000977,25.016666412353516,21.47696304321289,17161200
2017-04-26,WMT,WMT,25.09000015258789,25.25666618347168,25.05666732788086,25.143333435058594,21.58570098876953,20845500
2017-04-27,WMT,WMT,25.18000030517578,25.233333587646484,25.00666618347168,25.14666748046875,21.58856201171875,18156600
2017-04-28,WMT,WMT,25.079999923706055,25.14666748046875,24.976667404174805,25.059999465942383,21.51416015625,21991200
2017-05-01,WMT,WMT,25.030000686645508,25.239999771118164,25.030000686645508,25.07666778564453,21.52846908569336,18497700
2017-05-02,WMT,WMT,25.100000381469727,25.23666763305664,25.083332061767578,25.17333221435547,21.6114501953125,21955200
2017-05-03,WMT,WMT,25.133333206176758,25.293333053588867,25.059999465942383,25.253332138061523,21.680130004882812,16570800
2017-05-04,WMT,WMT,25.309999465942383,25.46666717529297,25.27666664123535,25.446666717529297,21.846115112304688,16502400
2017-05-05,WMT,WMT,25.47333335876465,25.53333282470703,25.393333435058594,25.5,21.89190101623535,16793400
2017-05-08,WMT,WMT,25.5,25.50666618347168,25.356666564941406,25.373332977294922,21.783157348632812,19536600
2017-05-09,WMT,WMT,25.479999542236328,25.683332443237305,25.44333267211914,25.573333740234375,21.95486068725586,24765900
2017-05-10,WMT,WMT,25.44333267211914,25.593332290649414,25.39666748046875,25.566667556762695,22.09602165222168,22535700
2017-05-11,WMT,WMT,25.450000762939453,25.573333740234375,25.309999465942383,25.376667022705078,21.93181800842285,25048200
2017-05-12,WMT,WMT,25.316667556762695,25.416667938232422,25.123332977294922,25.23666763305664,21.810823440551758,17678700
2017-05-15,WMT,WMT,25.266666412353516,25.489999771118164,25.266666412353516,25.43000030517578,21.977907180786133,26531700
2017-05-16,WMT,WMT,25.39666748046875,25.42333221435547,25.02666664123535,25.036666870117188,21.637964248657227,25115400
2017-05-17,WMT,WMT,25.036666870117188,25.24333381652832,24.98666763305664,25.040000915527344,21.64084815979004,32913000
2017-05-18,WMT,WMT,25.6299991607666,25.886667251586914,25.376667022705078,25.84666633605957,22.338014602661133,57500400
2017-05-19,WMT,WMT,25.989999771118164,26.479999542236328,25.92333221435547,26.25666618347168,22.692354202270508,55745100
2017-05-22,WMT,WMT,26.21666717529297,26.333332061767578,26.100000381469727,26.183332443237305,22.628976821899414,26692800
2017-05-23,WMT,WMT,26.19333267211914,26.323333740234375,26.14666748046875,26.163333892822266,22.611690521240234,22754700
2017-05-24,WMT,WMT,26.18666648864746,26.203332901000977,26.046667098999023,26.049999237060547,22.51374626159668,22281000
2017-05-25,WMT,WMT,26.1200008392334,26.28333282470703,26.049999237060547,26.10333251953125,22.559839248657227,18405000
2017-05-26,WMT,WMT,26.123332977294922,26.18000030517578,25.93000030517578,26.043333053588867,22.50797462463379,18377400
2017-05-30,WMT,WMT,26.0,26.133333206176758,25.976667404174805,26.049999237060547,22.51374626159668,16231200
2017-05-31,WMT,WMT,26.116666793823242,26.30666732788086,26.073333740234375,26.200000762939453,22.643381118774414,24605100
2017-06-01,WMT,WMT,26.213333129882812,26.60333251953125,26.200000762939453,26.60333251953125,22.991958618164062,24459300
2017-06-02,WMT,WMT,26.600000381469727,26.643333435058594,26.406667709350586,26.540000915527344,22.937227249145508,23989500
2017-06-05,WMT,WMT,26.53333282470703,26.823333740234375,26.49333381652832,26.753332138061523,23.12160301208496,30437100
2017-06-06,WMT,WMT,26.476667404174805,26.520000457763672,26.086666107177734,26.309999465942383,22.738452911376953,34577700
2017-06-07,WMT,WMT,26.360000610351562,26.5,26.24333381652832,26.383333206176758,22.801820755004883,25533600
2017-06-08,WMT,WMT,26.383333206176758,26.709999084472656,26.07666778564453,26.309999465942383,22.738452911376953,32799000
2017-06-09,WMT,WMT,26.343332290649414,26.520000457763672,26.239999771118164,26.47333335876465,22.87960433959961,28215300
2017-06-12,WMT,WMT,26.46666717529297,26.790000915527344,26.280000686645508,26.413333892822266,22.8277530670166,31231800
2017-06-13,WMT,WMT,26.40333366394043,26.523332595825195,26.296667098999023,26.50666618347168,22.908416748046875,16584000
2017-06-14,WMT,WMT,26.50666618347168,26.68000030517578,26.420000076293945,26.633333206176758,23.01788902282715,15019500
2017-06-15,WMT,WMT,26.393333435058594,26.433332443237305,25.920000076293945,26.303333282470703,22.732685089111328,33891600
2017-06-16,WMT,WMT,24.649999618530273,25.166667938232422,24.43000030517578,25.079999923706055,21.675413131713867,168699000
2017-06-19,WMT,WMT,25.126667022705078,25.336666107177734,24.84000015258789,25.166667938232422,21.750316619873047,48285300
2017-06-20,WMT,WMT,25.293333053588867,25.30666732788086,25.106666564941406,25.18000030517578,21.761838912963867,30057600
2017-06-21,WMT,WMT,25.200000762939453,25.536666870117188,25.19333267211914,25.413333892822266,21.963504791259766,27034200
2017-06-22,WMT,WMT,25.343332290649414,25.35333251953125,25.100000381469727,25.17333221435547,21.756074905395508,24333900
2017-06-23,WMT,WMT,25.200000762939453,25.260000228881836,24.850000381469727,24.946666717529297,21.560184478759766,39240900
2017-06-26,WMT,WMT,24.983333587646484,25.309999465942383,24.97333335876465,25.166667938232422,21.750316619873047,25762500
2017-06-27,WMT,WMT,25.166667938232422,25.456666946411133,25.149999618530273,25.336666107177734,21.89723777770996,19363200
2017-06-28,WMT,WMT,25.416667938232422,25.600000381469727,25.3799991607666,25.503332138061523,22.041284561157227,20966700
2017-06-29,WMT,WMT,25.416667938232422,25.440000534057617,25.163333892822266,25.309999465942383,21.874197006225586,21190500
2017-06-30,WMT,WMT,25.360000610351562,25.42333221435547,25.22333335876465,25.226667404174805,21.80217742919922,20889900
2017-07-03,WMT,WMT,25.280000686645508,25.446666717529297,25.02666664123535,25.1200008392334,21.70998764038086,14545800
2017-07-05,WMT,WMT,25.183332443237305,25.316667556762695,25.05666732788086,25.106666564941406,21.69845962524414,18110700
2017-07-06,WMT,WMT,25.116666793823242,25.323333740234375,25.079999923706055,25.156667709350586,21.741676330566406,18485400
2017-07-07,WMT,WMT,25.21666717529297,25.273332595825195,25.016666412353516,25.110000610351562,21.70134735107422,15921300
2017-07-10,WMT,WMT,25.049999237060547,25.10333251953125,24.376667022705078,24.40999984741211,21.09636878967285,45200100
2017-07-11,WMT,WMT,24.459999084472656,24.683332443237305,24.44333267211914,24.489999771118164,21.165510177612305,22597800
2017-07-12,WMT,WMT,24.553333282470703,24.73666763305664,24.553333282470703,24.64666748046875,21.300912857055664,17100600
2017-07-13,WMT,WMT,24.889999389648438,25.083332061767578,24.836666107177734,25.016666412353516,21.620683670043945,24481500
2017-07-14,WMT,WMT,25.42333221435547,25.520000457763672,25.303333282470703,25.446666717529297,21.992311477661133,27455700
2017-07-17,WMT,WMT,25.43000030517578,25.623332977294922,25.39666748046875,25.456666946411133,22.00095558166504,26506800
2017-07-18,WMT,WMT,25.416667938232422,25.51333236694336,25.333332061767578,25.399999618530273,21.951982498168945,12944700
2017-07-19,WMT,WMT,25.360000610351562,25.406667709350586,25.200000762939453,25.290000915527344,21.856910705566406,15940800
2017-07-20,WMT,WMT,25.32666778564453,25.416667938232422,25.233333587646484,25.34000015258789,21.900131225585938,14896200
2017-07-21,WMT,WMT,25.280000686645508,25.40999984741211,25.183332443237305,25.383333206176758,21.93757438659668,21459900
2017-07-24,WMT,WMT,25.343332290649414,25.719999313354492,25.343332290649414,25.6299991607666,22.1507568359375,22164000
2017-07-25,WMT,WMT,25.8700008392334,26.286666870117188,25.796667098999023,26.17333221435547,22.620330810546875,34512000
2017-07-26,WMT,WMT,26.183332443237305,26.389999389648438,25.979999542236328,26.299999237060547,22.72980499267578,20148300
2017-07-27,WMT,WMT,26.239999771118164,26.6200008392334,26.15999984741211,26.593332290649414,22.983322143554688,24157500
2017-07-28,WMT,WMT,26.600000381469727,26.65333366394043,26.51333236694336,26.60333251953125,22.991958618164062,14925600
2017-07-31,WMT,WMT,26.606666564941406,26.780000686645508,26.56333351135254,26.663333892822266,23.04381561279297,18789600
2017-08-01,WMT,WMT,26.75,26.90999984741211,26.666667938232422,26.833332061767578,23.190746307373047,17179500
2017-08-02,WMT,WMT,26.780000686645508,27.036666870117188,26.766666412353516,26.843332290649414,23.199378967285156,26019000
2017-08-03,WMT,WMT,27.113332748413086,27.253332138061523,26.889999389648438,26.956666946411133,23.297332763671875,29840700
2017-08-04,WMT,WMT,27.020000457763672,27.133333206176758,26.73666763305664,26.82666778564453,23.184978485107422,21425400
2017-08-07,WMT,WMT,26.856666564941406,27.149999618530273,26.84666633605957,27.093332290649414,23.415437698364258,16453500
2017-08-08,WMT,WMT,27.05666732788086,27.286666870117188,26.96666717529297,27.196666717529297,23.504749298095703,22144200
2017-08-09,WMT,WMT,27.036666870117188,27.329999923706055,26.96666717529297,27.203332901000977,23.65839195251465,19819500
2017-08-10,WMT,WMT,27.023332595825195,27.133333206176758,26.850000381469727,26.886667251586914,23.38299560546875,24135000
2017-08-11,WMT,WMT,26.90999984741211,27.083332061767578,26.786666870117188,26.799999237060547,23.3076229095459,23716500
2017-08-14,WMT,WMT,26.863332748413086,27.079999923706055,26.833332061767578,26.899999618530273,23.39458656311035,23376000
2017-08-15,WMT,WMT,26.94333267211914,27.133333206176758,26.84666633605957,26.92333221435547,23.414875030517578,21198300
2017-08-16,WMT,WMT,27.09000015258789,27.14666748046875,26.84666633605957,26.99333381652832,23.475759506225586,34608000
2017-08-17,WMT,WMT,26.28333282470703,26.60333251953125,26.110000610351562,26.566667556762695,23.10469627380371,51881100
2017-08-18,WMT,WMT,26.540000915527344,26.78333282470703,26.426666259765625,26.43666648864746,22.99163246154785,29259000
2017-08-21,WMT,WMT,26.373332977294922,26.690000534057617,26.26333236694336,26.56999969482422,23.10759162902832,28841700
2017-08-22,WMT,WMT,26.600000381469727,26.719999313354492,26.56999969482422,26.67333221435547,23.197460174560547,19638300
2017-08-23,WMT,WMT,26.78333282470703,26.85333251953125,26.626667022705078,26.65333366394043,23.180070877075195,23397900
2017-08-24,WMT,WMT,26.8700008392334,26.959999084472656,25.950000762939453,26.113332748413086,22.71043586730957,57384000
2017-08-25,WMT,WMT,26.166667938232422,26.363332748413086,26.15999984741211,26.209999084472656,22.794504165649414,29706600
2017-08-28,WMT,WMT,26.136667251586914,26.15333366394043,25.953332901000977,26.010000228881836,22.620574951171875,25864500
2017-08-29,WMT,WMT,25.889999389648438,26.32666778564453,25.833332061767578,26.25666618347168,22.835092544555664,22995600
2017-08-30,WMT,WMT,26.273332595825195,26.366666793823242,26.17333221435547,26.18000030517578,22.768415451049805,17489400
2017-08-31,WMT,WMT,26.200000762939453,26.25,26.020000457763672,26.023332595825195,22.63216781616211,24584400
2017-09-01,WMT,WMT,26.10333251953125,26.166667938232422,26.06999969482422,26.123332977294922,22.719133377075195,19423200
2017-09-05,WMT,WMT,25.983333587646484,26.6299991607666,25.96666717529297,26.600000381469727,23.133682250976562,36205500
2017-09-06,WMT,WMT,26.626667022705078,26.799999237060547,26.573333740234375,26.69333267211914,23.214853286743164,25278300
2017-09-07,WMT,WMT,26.773332595825195,26.920000076293945,26.666667938232422,26.706666946411133,23.2264461517334,20462400
2017-09-08,WMT,WMT,26.579999923706055,26.626667022705078,25.90999984741211,26.293333053588867,22.866979598999023,29998800
2017-09-11,WMT,WMT,26.383333206176758,26.450000762939453,26.219999313354492,26.360000610351562,22.924959182739258,21000600
2017-09-12,WMT,WMT,26.433332443237305,26.636667251586914,26.389999389648438,26.536666870117188,23.078603744506836,18015000
2017-09-13,WMT,WMT,26.536666870117188,26.893333435058594,26.530000686645508,26.6200008392334,23.151077270507812,26471100
2017-09-14,WMT,WMT,26.59666633605957,26.606666564941406,26.406667709350586,26.559999465942383,23.098894119262695,20817900
2017-09-15,WMT,WMT,26.60333251953125,26.916667938232422,26.42333221435547,26.793333053588867,23.301815032958984,39953400
2017-09-18,WMT,WMT,26.73666763305664,27.040000915527344,26.649999618530273,26.666667938232422,23.191665649414062,24528300
2017-09-19,WMT,WMT,26.726667404174805,26.81999969482422,26.566667556762695,26.683332443237305,23.206157684326172,18523200
2017-09-20,WMT,WMT,26.72333335876465,26.85333251953125,26.623332977294922,26.833332061767578,23.33661460876465,15954600
2017-09-21,WMT,WMT,26.856666564941406,26.856666564941406,26.573333740234375,26.670000076293945,23.194564819335938,19290900
2017-09-22,WMT,WMT,26.6299991607666,26.69333267211914,26.416667938232422,26.510000228881836,23.055410385131836,17265900
2017-09-25,WMT,WMT,26.30666732788086,26.700000762939453,26.286666870117188,26.383333206176758,22.94525146484375,25643400
2017-09-26,WMT,WMT,26.34666633605957,26.51333236694336,26.30666732788086,26.463333129882812,23.014829635620117,17505900
2017-09-27,WMT,WMT,26.47333335876465,26.523332595825195,26.22333335876465,26.43000030517578,22.985837936401367,18943800
2017-09-28,WMT,WMT,26.333332061767578,26.360000610351562,26.040000915527344,26.316667556762695,22.887277603149414,37118400
2017-09-29,WMT,WMT,26.28333282470703,26.333332061767578,25.99333381652832,26.046667098999023,22.652456283569336,31060200
2017-10-02,WMT,WMT,25.96666717529297,26.27666664123535,25.833332061767578,26.149999618530273,22.742324829101562,23127600
2017-10-03,WMT,WMT,26.27666664123535,26.553333282470703,26.25,26.406667709350586,22.96554183959961,23810100
2017-10-04,WMT,WMT,26.42333221435547,26.593332290649414,26.356666564941406,26.363332748413086,22.927858352661133,18520200
2017-10-05,WMT,WMT,26.389999389648438,26.60333251953125,26.360000610351562,26.469999313354492,23.02061653137207,15416100
2017-10-06,WMT,WMT,26.260000228881836,26.389999389648438,26.083332061767578,26.333332061767578,22.901763916015625,18740100
2017-10-09,WMT,WMT,26.5,27.126667022705078,26.46666717529297,26.843332290649414,23.345306396484375,40479000
2017-10-10,WMT,WMT,27.559999465942383,28.293333053588867,27.536666870117188,28.043333053588867,24.388931274414062,75372000
2017-10-11,WMT,WMT,28.19333267211914,28.76333236694336,28.03333282470703,28.57666778564453,24.852766036987305,55683000
2017-10-12,WMT,WMT,28.566667556762695,28.790000915527344,28.35333251953125,28.700000762939453,24.96002769470215,38631000
2017-10-13,WMT,WMT,28.746667861938477,28.983333587646484,28.746667861938477,28.873332977294922,25.11077117919922,28167000
2017-10-16,WMT,WMT,28.860000610351562,28.873332977294922,28.34000015258789,28.579999923706055,24.855667114257812,27900900
2017-10-17,WMT,WMT,28.5,28.786666870117188,28.440000534057617,28.65999984741211,24.925235748291016,17554500
2017-10-18,WMT,WMT,28.71666717529297,28.790000915527344,28.670000076293945,28.739999771118164,24.994813919067383,16416300
2017-10-19,WMT,WMT,28.71666717529297,28.886667251586914,28.59000015258789,28.799999237060547,25.0469970703125,21087000
2017-10-20,WMT,WMT,28.866666793823242,29.149999618530273,28.760000228881836,29.14666748046875,25.34848403930664,22853400
2017-10-23,WMT,WMT,29.113332748413086,29.639999389648438,29.086666107177734,29.549999237060547,25.699262619018555,31758000
2017-10-24,WMT,WMT,29.56333351135254,29.600000381469727,29.303333282470703,29.32666778564453,25.505033493041992,23102700
2017-10-25,WMT,WMT,29.28333282470703,29.53333282470703,29.143333435058594,29.49333381652832,25.649980545043945,19224000
2017-10-26,WMT,WMT,29.553333282470703,29.703332901000977,29.34000015258789,29.540000915527344,25.690568923950195,19454700
2017-10-27,WMT,WMT,29.3799991607666,29.463333129882812,29.049999237060547,29.389999389648438,25.56010627746582,19851000
2017-10-30,WMT,WMT,29.31333351135254,29.316667556762695,28.796667098999023,28.983333587646484,25.20643424987793,21156000
2017-10-31,WMT,WMT,28.953332901000977,29.15333366394043,28.866666793823242,29.10333251953125,25.310800552368164,18020700
2017-11-01,WMT,WMT,29.023332595825195,29.46666717529297,29.0,29.31333351135254,25.49342918395996,18528300
2017-11-02,WMT,WMT,29.426666259765625,29.72333335876465,29.266666412353516,29.600000381469727,25.74275016784668,15549300
2017-11-03,WMT,WMT,29.67333221435547,29.959999084472656,29.586666107177734,29.893333435058594,25.99785041809082,19536300
2017-11-06,WMT,WMT,29.80666732788086,29.893333435058594,29.559999465942383,29.566667556762695,25.71375846862793,15772200
2017-11-07,WMT,WMT,29.623332977294922,29.68666648864746,29.43666648864746,29.649999618530273,25.786224365234375,16047900
2017-11-08,WMT,WMT,29.703332901000977,30.139999389648438,29.700000762939453,30.086666107177734,26.165987014770508,20302500
2017-11-09,WMT,WMT,29.979999542236328,30.190000534057617,29.78333282470703,30.100000381469727,26.177589416503906,20713500
2017-11-10,WMT,WMT,30.079999923706055,30.56333351135254,30.066667556762695,30.30666732788086,26.35732078552246,22943400
2017-11-13,WMT,WMT,30.34666633605957,30.65999984741211,30.290000915527344,30.329999923706055,26.37761878967285,25474800
2017-11-14,WMT,WMT,30.233333587646484,30.399999618530273,30.059999465942383,30.363332748413086,26.406604766845703,29502300
2017-11-15,WMT,WMT,30.113332748413086,30.28333282470703,29.883333206176758,29.94333267211914,26.041336059570312,25300200
2017-11-16,WMT,WMT,31.706666946411133,33.22666549682617,31.573333740234375,33.206668853759766,28.87942123413086,114367200
2017-11-17,WMT,WMT,33.08000183105469,33.37666702270508,32.19333267211914,32.4900016784668,28.256141662597656,70726500
2017-11-20,WMT,WMT,32.14666748046875,32.54666519165039,31.920000076293945,32.49333190917969,28.259035110473633,49182900
2017-11-21,WMT,WMT,32.58000183105469,32.63999938964844,32.106666564941406,32.17333221435547,27.980737686157227,38239500
2017-11-22,WMT,WMT,32.21666717529297,32.27000045776367,32.03666687011719,32.13666534423828,27.948848724365234,26754600
2017-11-24,WMT,WMT,32.290000915527344,32.40999984741211,32.176666259765625,32.206668853759766,28.009733200073242,13488300
2017-11-27,WMT,WMT,32.28333282470703,32.54999923706055,32.099998474121094,32.206668853759766,28.009733200073242,26714700
2017-11-28,WMT,WMT,32.1966667175293,32.29666519165039,31.940000534057617,32.25666809082031,28.053211212158203,26128800
2017-11-29,WMT,WMT,32.40666580200195,32.753334045410156,32.293331146240234,32.52000045776367,28.28223419189453,34272000
2017-11-30,WMT,WMT,32.6966667175293,32.813331604003906,32.16999816894531,32.40999984741211,28.18657112121582,38564100
2017-12-01,WMT,WMT,32.53666687011719,32.56999969482422,32.07666778564453,32.45000076293945,28.221359252929688,24888600
2017-12-04,WMT,WMT,32.57666778564453,32.6533317565918,32.22666549682617,32.336666107177734,28.122791290283203,26869500
2017-12-05,WMT,WMT,32.33333206176758,32.64666748046875,32.30666732788086,32.61000061035156,28.360502243041992,27030300
2017-12-06,WMT,WMT,32.663333892822266,32.71333312988281,32.413333892822266,32.426666259765625,28.201053619384766,21423000
2017-12-07,WMT,WMT,32.35333251953125,32.526668548583984,32.21666717529297,32.2599983215332,28.203969955444336,22507800
2017-12-08,WMT,WMT,32.099998474121094,32.233333587646484,32.04666519165039,32.18333435058594,28.136945724487305,17463300
2017-12-11,WMT,WMT,32.31999969482422,32.42333221435547,32.0966682434082,32.310001373291016,28.24768829345703,26786700
2017-12-12,WMT,WMT,32.28333282470703,32.413333892822266,32.20000076293945,32.233333587646484,28.18065643310547,23431800
2017-12-13,WMT,WMT,32.220001220703125,32.63666534423828,32.18333435058594,32.586666107177734,28.489572525024414,23638200
2017-12-14,WMT,WMT,32.66666793823242,32.856666564941406,32.366668701171875,32.37666702270508,28.30597496032715,28157400
2017-12-15,WMT,WMT,32.56999969482422,32.83000183105469,32.3033332824707,32.369998931884766,28.30014419555664,48428400
2017-12-18,WMT,WMT,32.459999084472656,32.723331451416016,32.45333480834961,32.633331298828125,28.530363082885742,23893200
2017-12-19,WMT,WMT,33.3033332824707,33.3033332824707,32.76333236694336,32.93333435058594,28.79265022277832,36036600
2017-12-20,WMT,WMT,33.150001525878906,33.21666717529297,32.81666564941406,32.91666793823242,28.778079986572266,32189400
2017-12-21,WMT,WMT,33.0,33.11000061035156,32.65999984741211,32.686668395996094,28.576995849609375,22107300
2017-12-22,WMT,WMT,32.76333236694336,32.80666732788086,32.560001373291016,32.73666763305664,28.620702743530273,16436100
2017-12-26,WMT,WMT,32.78333282470703,33.14666748046875,32.78333282470703,33.0533332824707,28.89755630493164,12887700
2017-12-27,WMT,WMT,33.186668395996094,33.20000076293945,32.94333267211914,33.086666107177734,28.92669677734375,15422400
2017-12-28,WMT,WMT,33.17333221435547,33.206668853759766,33.040000915527344,33.133331298828125,28.967500686645508,29291700
2017-12-29,WMT,WMT,33.133331298828125,33.22999954223633,32.91666793823242,32.91666793823242,28.778079986572266,21432900
2018-01-02,WMT,WMT,33.099998474121094,33.26333236694336,32.84000015258789,32.86333465576172,28.7314510345459,30451500
2018-01-03,WMT,WMT,32.95000076293945,33.33333206176758,32.92333221435547,33.150001525878906,28.982067108154297,26710800
2018-01-04,WMT,WMT,33.18000030517578,33.2599983215332,32.970001220703125,33.18000030517578,29.008298873901367,20491200
2018-01-05,WMT,WMT,33.21333312988281,33.459999084472656,33.20333480834961,33.37666702270508,29.180240631103516,21852000
2018-01-08,WMT,WMT,33.41666793823242,33.91666793823242,33.4033317565918,33.869998931884766,29.611547470092773,26531700
2018-01-09,WMT,WMT,34.0099983215332,34.116668701171875,33.436668395996094,33.46333312988281,29.256023406982422,21938100
2018-01-10,WMT,WMT,33.25,33.29666519165039,32.84333419799805,33.223331451416016,29.04619026184082,23791200
2018-01-11,WMT,WMT,33.233333587646484,33.483333587646484,32.926666259765625,33.34000015258789,29.14818572998047,19613100
2018-01-12,WMT,WMT,33.46333312988281,33.813331604003906,33.43333435058594,33.62333297729492,29.395893096923828,20853600
2018-01-16,WMT,WMT,33.779998779296875,33.970001220703125,33.4466667175293,33.563331604003906,29.34343719482422,21512100
2018-01-17,WMT,WMT,33.71666717529297,34.313331604003906,33.56666564941406,34.233333587646484,29.929208755493164,26045700
2018-01-18,WMT,WMT,34.913333892822266,34.97999954223633,34.540000915527344,34.766666412353516,30.395483016967773,36923700
2018-01-19,WMT,WMT,34.880001068115234,34.97666549682617,34.5533332824707,34.86333465576172,30.47999382019043,25135800
2018-01-22,WMT,WMT,34.83333206176758,35.150001525878906,34.68000030517578,35.150001525878906,30.73061752319336,21924900
2018-01-23,WMT,WMT,35.0966682434082,35.383331298828125,34.856666564941406,35.29999923706055,30.861757278442383,24863400
2018-01-24,WMT,WMT,35.45000076293945,35.47999954223633,34.939998626708984,35.26333236694336,30.82969856262207,20469300
2018-01-25,WMT,WMT,35.28333282470703,35.60333251953125,35.28333282470703,35.53333282470703,31.06574821472168,17571300
2018-01-26,WMT,WMT,35.66666793823242,36.13666534423828,35.560001373291016,36.130001068115234,31.587404251098633,20358900
2018-01-29,WMT,WMT,36.03666687011719,36.65999984741211,35.996665954589844,36.516666412353516,31.925447463989258,25065600
2018-01-30,WMT,WMT,36.380001068115234,36.45333480834961,35.71666717529297,35.90999984741211,31.395061492919922,27541500
2018-01-31,WMT,WMT,35.92333221435547,36.060001373291016,35.356666564941406,35.53333282470703,31.06574821472168,29438400
2018-02-01,WMT,WMT,35.31999969482422,35.52000045776367,35.060001373291016,35.17333221435547,30.751022338867188,19160400
2018-02-02,WMT,WMT,35.04999923706055,35.4900016784668,34.71666717529297,34.82666778564453,30.447938919067383,27759300
2018-02-05,WMT,WMT,34.46666717529297,34.869998931884766,32.36333465576172,33.36333465576172,29.1685848236084,37684800
2018-02-06,WMT,WMT,32.54666519165039,33.69333267211914,32.41666793823242,33.633331298828125,29.404632568359375,49241400
2018-02-07,WMT,WMT,33.5,34.86333465576172,33.336666107177734,34.28333282470703,29.972909927368164,33495600
2018-02-08,WMT,WMT,34.40999984741211,34.49333190917969,33.33333206176758,33.34000015258789,29.14818572998047,41925300
2018-02-09,WMT,WMT,33.5099983215332,33.70000076293945,32.143333435058594,33.12333297729492,28.958763122558594,42553800
2018-02-12,WMT,WMT,33.37666702270508,33.483333587646484,32.93333435058594,33.18333435058594,29.01122283935547,27405300
2018-02-13,WMT,WMT,33.11000061035156,33.7400016784668,33.11000061035156,33.65999984741211,29.427953720092773,19868400
2018-02-14,WMT,WMT,33.619998931884766,34.08333206176758,33.4033317565918,33.900001525878906,29.63777732849121,21922800
2018-02-15,WMT,WMT,34.18333435058594,34.54666519165039,33.94333267211914,34.40999984741211,30.083654403686523,22484700
2018-02-16,WMT,WMT,34.36333465576172,34.97999954223633,33.99333190917969,34.926666259765625,30.535356521606445,48192900
2018-02-20,WMT,WMT,32.33000183105469,32.64666748046875,31.366666793823242,31.3700008392334,27.425870895385742,156265500
2018-02-21,WMT,WMT,31.703332901000977,31.780000686645508,30.413333892822266,30.50666618347168,26.67108726501465,148511100
2018-02-22,WMT,WMT,30.476667404174805,31.1299991607666,30.43666648864746,30.92333221435547,27.03536605834961,61095000
2018-02-23,WMT,WMT,30.959999084472656,31.163333892822266,30.586666107177734,30.963333129882812,27.070337295532227,38374500
2018-02-26,WMT,WMT,30.96666717529297,31.266666412353516,30.739999771118164,31.040000915527344,27.137365341186523,44097900
2018-02-27,WMT,WMT,31.209999084472656,31.239999771118164,30.503332138061523,30.50666618347168,26.67108726501465,40128300
2018-02-28,WMT,WMT,30.666667938232422,30.700000762939453,30.0,30.003332138061523,26.23103904724121,42431100
2018-03-01,WMT,WMT,30.05666732788086,30.059999465942383,29.23666763305664,29.69333267211914,25.960012435913086,56728800
2018-03-02,WMT,WMT,29.09000015258789,29.633333206176758,29.079999923706055,29.59000015258789,25.869670867919922,57130200
2018-03-05,WMT,WMT,29.3799991607666,30.166667938232422,29.356666564941406,29.99333381652832,26.22229766845703,40149600
2018-03-06,WMT,WMT,30.116666793823242,30.166667938232422,29.543333053588867,29.68666648864746,25.954191207885742,33164100
2018-03-07,WMT,WMT,29.32666778564453,29.510000228881836,29.113332748413086,29.246667861938477,25.569503784179688,34359000
2018-03-08,WMT,WMT,29.25666618347168,29.376667022705078,29.113332748413086,29.30666732788086,25.774723052978516,28766100
2018-03-09,WMT,WMT,29.413333892822266,29.573333740234375,29.176666259765625,29.573333740234375,26.00925064086914,29263200
2018-03-12,WMT,WMT,29.566667556762695,29.81333351135254,29.293333053588867,29.356666564941406,25.818689346313477,25422000
2018-03-13,WMT,WMT,29.463333129882812,29.633333206176758,29.32666778564453,29.433332443237305,25.886117935180664,21519000
2018-03-14,WMT,WMT,29.503332138061523,29.663333892822266,29.166667938232422,29.22333335876465,25.701427459716797,33121800
2018-03-15,WMT,WMT,29.226667404174805,29.59666633605957,28.633333206176758,29.170000076293945,25.654523849487305,49845600
2018-03-16,WMT,WMT,29.239999771118164,30.030000686645508,29.166667938232422,29.72333335876465,26.14116859436035,85188000
2018-03-19,WMT,WMT,29.636667251586914,29.69333267211914,29.03333282470703,29.149999618530273,25.636932373046875,36160200
2018-03-20,WMT,WMT,29.286666870117188,29.383333206176758,29.123332977294922,29.316667556762695,25.783512115478516,24774000
2018-03-21,WMT,WMT,29.296667098999023,29.893333435058594,29.226667404174805,29.393333435058594,25.85093879699707,35508000
2018-03-22,WMT,WMT,29.176666259765625,29.42333221435547,28.996667861938477,29.046667098999023,25.546049118041992,36744600
2018-03-23,WMT,WMT,29.116666793823242,29.229999542236328,28.426666259765625,28.47333335876465,25.041812896728516,30375300
2018-03-26,WMT,WMT,28.739999771118164,29.229999542236328,28.703332901000977,29.166667938232422,25.651592254638672,27599400
2018-03-27,WMT,WMT,29.31999969482422,29.34666633605957,28.49333381652832,28.683332443237305,25.22650909423828,19637400
2018-03-28,WMT,WMT,28.753332138061523,29.413333892822266,28.729999542236328,29.25666618347168,25.730743408203125,34728900
2018-03-29,WMT,WMT,29.299999237060547,29.780000686645508,29.25666618347168,29.656667709350586,26.08254051208496,27823800
2018-04-02,WMT,WMT,29.333332061767578,29.413333892822266,28.280000686645508,28.516666412353516,25.079927444458008,57386700
2018-04-03,WMT,WMT,28.75,28.983333587646484,28.516666412353516,28.933332443237305,25.446374893188477,29086500
2018-04-04,WMT,WMT,28.53333282470703,29.166667938232422,28.479999542236328,29.073333740234375,25.569499969482422,19609800
2018-04-05,WMT,WMT,29.200000762939453,29.450000762939453,29.016666412353516,29.270000457763672,25.74247169494629,19142700
2018-04-06,WMT,WMT,28.94333267211914,29.299999237060547,28.709999084472656,28.89666748046875,25.414125442504883,19050000
2018-04-09,WMT,WMT,28.950000762939453,29.149999618530273,28.746667861938477,28.760000228881836,25.29393196105957,25104300
2018-04-10,WMT,WMT,28.946666717529297,29.03333282470703,28.553333282470703,28.816667556762695,25.343772888183594,27382200
2018-04-11,WMT,WMT,28.666667938232422,28.953332901000977,28.600000381469727,28.636667251586914,25.185466766357422,18837000
2018-04-12,WMT,WMT,28.729999542236328,28.94333267211914,28.469999313354492,28.476667404174805,25.044754028320312,20568900
2018-04-13,WMT,WMT,28.6299991607666,28.75666618347168,28.39666748046875,28.67333221435547,25.21771240234375,22677600
2018-04-16,WMT,WMT,28.733333587646484,29.21666717529297,28.706666946411133,28.946666717529297,25.458106994628906,21062100
2018-04-17,WMT,WMT,29.15999984741211,29.389999389648438,29.136667251586914,29.299999237060547,25.76885414123535,20405700
2018-04-18,WMT,WMT,29.399999618530273,29.520000457763672,29.170000076293945,29.190000534057617,25.67211151123047,17562000
2018-04-19,WMT,WMT,29.136667251586914,29.34666633605957,28.860000610351562,29.296667098999023,25.76592445373535,19764900
2018-04-20,WMT,WMT,29.290000915527344,29.459999084472656,28.889999389648438,28.99333381652832,25.499147415161133,24974700
2018-04-23,WMT,WMT,28.963333129882812,29.02666664123535,28.67333221435547,28.700000762939453,25.241168975830078,22081500
2018-04-24,WMT,WMT,28.92333221435547,28.969999313354492,28.523332595825195,28.843332290649414,25.367229461669922,25409100
2018-04-25,WMT,WMT,28.773332595825195,29.233333587646484,28.6299991607666,29.05666732788086,25.554847717285156,20281200
2018-04-26,WMT,WMT,29.05666732788086,29.440000534057617,28.96666717529297,29.31333351135254,25.78058433532715,17347500
2018-04-27,WMT,WMT,29.290000915527344,29.299999237060547,29.02666664123535,29.09666633605957,25.590028762817383,16953300
2018-04-30,WMT,WMT,29.31333351135254,29.886667251586914,29.30666732788086,29.48666763305664,25.933027267456055,26057700
2018-05-01,WMT,WMT,29.22333335876465,29.336666107177734,28.78333282470703,29.136667251586914,25.62520408630371,20873100
2018-05-02,WMT,WMT,29.043333053588867,29.083332061767578,28.719999313354492,28.780000686645508,25.311519622802734,18249000
2018-05-03,WMT,WMT,28.729999542236328,28.76333236694336,28.373332977294922,28.74333381652832,25.279273986816406,20628300
2018-05-04,WMT,WMT,28.666667938232422,29.366666793823242,28.453332901000977,29.176666259765625,25.660385131835938,20914500
2018-05-07,WMT,WMT,29.163333892822266,29.166667938232422,28.42333221435547,28.489999771118164,25.056482315063477,32350800
2018-05-08,WMT,WMT,28.50666618347168,28.616666793823242,28.30666732788086,28.579999923706055,25.135631561279297,19654200
2018-05-09,WMT,WMT,27.520000457763672,27.893333435058594,27.333332061767578,27.68666648864746,24.349956512451172,96795600
2018-05-10,WMT,WMT,27.546667098999023,27.92333221435547,27.336666107177734,27.56333351135254,24.39420509338379,47572800
2018-05-11,WMT,WMT,27.56333351135254,27.84000015258789,27.316667556762695,27.793333053588867,24.59776496887207,29804400
2018-05-14,WMT,WMT,27.963333129882812,28.26333236694336,27.883333206176758,28.1299991607666,24.89571762084961,28497600
2018-05-15,WMT,WMT,28.020000457763672,28.293333053588867,27.933332443237305,28.17333221435547,24.93407440185547,27968700
2018-05-16,WMT,WMT,28.290000915527344,28.709999084472656,28.246667861938477,28.709999084472656,25.409034729003906,41200800
2018-05-17,WMT,WMT,29.01333236694336,29.196666717529297,27.950000762939453,28.163333892822266,24.925220489501953,89162100
2018-05-18,WMT,WMT,28.079999923706055,28.14666748046875,27.829999923706055,27.8799991607666,24.674467086791992,36129300
2018-05-21,WMT,WMT,28.046667098999023,28.18000030517578,27.940000534057617,28.170000076293945,24.931116104125977,32147100
2018-05-22,WMT,WMT,28.166667938232422,28.270000457763672,27.76333236694336,27.790000915527344,24.594810485839844,24201900
2018-05-23,WMT,WMT,27.649999618530273,27.67333221435547,27.389999389648438,27.670000076293945,24.48860740661621,28197600
2018-05-24,WMT,WMT,27.666667938232422,27.666667938232422,27.260000228881836,27.616666793823242,24.44140625,25728600
2018-05-25,WMT,WMT,27.616666793823242,27.780000686645508,27.440000534057617,27.48666763305664,24.326358795166016,17740500
2018-05-29,WMT,WMT,27.31999969482422,27.50666618347168,27.270000457763672,27.46666717529297,24.308652877807617,25284600
2018-05-30,WMT,WMT,27.483333587646484,28.07666778564453,27.420000076293945,28.040000915527344,24.81606674194336,27942300
2018-05-31,WMT,WMT,27.979999542236328,28.10333251953125,27.503332138061523,27.51333236694336,24.34995460510254,34406100
2018-06-01,WMT,WMT,27.68000030517578,27.80666732788086,27.616666793823242,27.663333892822266,24.482707977294922,15713700
2018-06-04,WMT,WMT,27.833332061767578,28.50666618347168,27.766666412353516,28.47333335876465,25.199575424194336,32766000
2018-06-05,WMT,WMT,28.483333587646484,28.489999771118164,28.083332061767578,28.206666946411133,24.963577270507812,24844200
2018-06-06,WMT,WMT,28.316667556762695,28.383333206176758,28.116666793823242,28.18666648864746,24.94586944580078,22088400
2018-06-07,WMT,WMT,28.260000228881836,28.586666107177734,28.229999542236328,28.316667556762695,25.060924530029297,23117100
2018-06-08,WMT,WMT,28.260000228881836,28.39666748046875,28.046667098999023,28.1200008392334,24.886871337890625,22807200
2018-06-11,WMT,WMT,28.136667251586914,28.18000030517578,27.93000030517578,28.100000381469727,24.869169235229492,18756900
2018-06-12,WMT,WMT,28.106666564941406,28.196666717529297,27.823333740234375,28.03333282470703,24.810161590576172,24185100
2018-06-13,WMT,WMT,27.963333129882812,28.123332977294922,27.950000762939453,28.030000686645508,24.807218551635742,19075200
2018-06-14,WMT,WMT,28.073333740234375,28.270000457763672,27.889999389648438,27.93000030517578,24.718717575073242,22552200
2018-06-15,WMT,WMT,27.833332061767578,27.996667861938477,27.68666648864746,27.899999618530273,24.692163467407227,37509000
2018-06-18,WMT,WMT,27.683332443237305,27.856666564941406,27.606666564941406,27.666667938232422,24.485658645629883,25506900
2018-06-19,WMT,WMT,27.53333282470703,27.873332977294922,27.456666946411133,27.8700008392334,24.66561508178711,28057500
2018-06-20,WMT,WMT,27.90333366394043,27.940000534057617,27.719999313354492,27.8700008392334,24.66561508178711,23899800
2018-06-21,WMT,WMT,27.799999237060547,28.183332443237305,27.633333206176758,28.06999969482422,24.84261703491211,24276000
2018-06-22,WMT,WMT,28.15333366394043,28.28333282470703,28.03333282470703,28.273332595825195,25.022573471069336,32439000
2018-06-25,WMT,WMT,28.196666717529297,28.866666793823242,28.15999984741211,28.823333740234375,25.509340286254883,47818500
2018-06-26,WMT,WMT,28.843332290649414,29.016666412353516,28.586666107177734,28.65999984741211,25.364778518676758,30378600
2018-06-27,WMT,WMT,28.633333206176758,29.163333892822266,28.516666412353516,28.963333129882812,25.633241653442383,30899100
2018-06-28,WMT,WMT,28.950000762939453,29.09666633605957,28.56333351135254,28.6200008392334,25.329389572143555,25401000
2018-06-29,WMT,WMT,28.633333206176758,28.733333587646484,28.50666618347168,28.549999237060547,25.267425537109375,24766800
2018-07-02,WMT,WMT,28.549999237060547,28.64666748046875,27.799999237060547,28.0,24.780664443969727,24375300
2018-07-03,WMT,WMT,28.030000686645508,28.350000381469727,28.030000686645508,28.14666748046875,24.910470962524414,13188600
2018-07-05,WMT,WMT,28.31333351135254,28.52666664123535,28.09000015258789,28.190000534057617,24.948827743530273,16102500
2018-07-06,WMT,WMT,28.066667556762695,28.290000915527344,27.940000534057617,28.170000076293945,24.931116104125977,16841100
2018-07-09,WMT,WMT,28.333332061767578,28.823333740234375,28.25666618347168,28.643333435058594,25.35003089904785,19726200
2018-07-10,WMT,WMT,28.643333435058594,29.110000610351562,28.626667022705078,29.06999969482422,25.72764015197754,18145200
2018-07-11,WMT,WMT,29.020000457763672,29.049999237060547,28.796667098999023,28.843332290649414,25.52703285217285,16787700
2018-07-12,WMT,WMT,28.979999542236328,29.136667251586914,28.739999771118164,28.84000015258789,25.524089813232422,14665800
2018-07-13,WMT,WMT,28.84000015258789,29.329999923706055,28.833332061767578,29.233333587646484,25.872194290161133,19165800
2018-07-16,WMT,WMT,29.206666946411133,29.239999771118164,28.94333267211914,29.213333129882812,25.8544921875,13341600
2018-07-17,WMT,WMT,29.133333206176758,29.566667556762695,29.133333206176758,29.39666748046875,26.016754150390625,17734500
2018-07-18,WMT,WMT,29.44333267211914,29.729999542236328,29.31333351135254,29.356666564941406,25.98134994506836,15136500
2018-07-19,WMT,WMT,29.286666870117188,29.49333381652832,29.136667251586914,29.239999771118164,25.87809944152832,14649300
2018-07-20,WMT,WMT,29.133333206176758,29.389999389648438,29.066667556762695,29.35333251953125,25.978403091430664,14445300
2018-07-23,WMT,WMT,29.21666717529297,29.383333206176758,29.126667022705078,29.209999084472656,25.851545333862305,12450000
2018-07-24,WMT,WMT,29.373332977294922,29.5,29.203332901000977,29.31999969482422,25.948896408081055,16768500
2018-07-25,WMT,WMT,29.09000015258789,29.34000015258789,29.036666870117188,29.299999237060547,25.93120002746582,17427300
2018-07-26,WMT,WMT,29.5,29.809999465942383,29.393333435058594,29.40999984741211,26.02855110168457,19644900
2018-07-27,WMT,WMT,29.546667098999023,29.626667022705078,29.343332290649414,29.376667022705078,25.99904441833496,14038200
2018-07-30,WMT,WMT,29.333332061767578,29.64666748046875,29.296667098999023,29.626667022705078,26.220304489135742,18032100
2018-07-31,WMT,WMT,29.666667938232422,29.886667251586914,29.600000381469727,29.74333381652832,26.323556900024414,20124300
2018-08-01,WMT,WMT,29.6200008392334,29.709999084472656,29.293333053588867,29.413333892822266,26.031496047973633,15150000
2018-08-02,WMT,WMT,29.31333351135254,29.613332748413086,29.206666946411133,29.586666107177734,26.184904098510742,12918300
2018-08-03,WMT,WMT,29.729999542236328,30.093332290649414,29.666667938232422,29.866666793823242,26.432710647583008,17241600
2018-08-06,WMT,WMT,29.770000457763672,29.99333381652832,29.709999084472656,29.889999389648438,26.453357696533203,13954800
2018-08-07,WMT,WMT,29.94333267211914,30.1200008392334,29.883333206176758,29.92333221435547,26.482864379882812,13580100
2018-08-08,WMT,WMT,29.989999771118164,30.07666778564453,29.790000915527344,30.016666412353516,26.565458297729492,15123300
2018-08-09,WMT,WMT,29.81999969482422,29.876667022705078,29.586666107177734,29.670000076293945,26.411169052124023,14183700
2018-08-10,WMT,WMT,29.566667556762695,30.123332977294922,29.549999237060547,30.059999465942383,26.75833511352539,24734700
2018-08-13,WMT,WMT,30.066667556762695,30.18000030517578,29.790000915527344,29.8799991607666,26.598098754882812,17637600
2018-08-14,WMT,WMT,29.8799991607666,30.373332977294922,29.876667022705078,30.28333282470703,26.957136154174805,17510400
2018-08-15,WMT,WMT,30.083332061767578,30.136667251586914,29.889999389648438,30.073333740234375,26.770200729370117,25850700
2018-08-16,WMT,WMT,33.369998931884766,33.4033317565918,32.63666534423828,32.880001068115234,29.26860237121582,127893900
2018-08-17,WMT,WMT,32.59000015258789,33.223331451416016,32.53666687011719,32.616668701171875,29.03418731689453,49389900
2018-08-20,WMT,WMT,32.55666732788086,32.76333236694336,31.983333587646484,32.0,28.485248565673828,38037900
2018-08-21,WMT,WMT,31.98666763305664,32.119998931884766,31.786666870117188,32.026668548583984,28.508991241455078,31593900
2018-08-22,WMT,WMT,32.06666564941406,32.28333282470703,31.74333381652832,31.889999389648438,28.387332916259766,23297100
2018-08-23,WMT,WMT,31.833332061767578,31.953332901000977,31.68666648864746,31.726667404174805,28.2419490814209,18289200
2018-08-24,WMT,WMT,31.696666717529297,31.886667251586914,31.450000762939453,31.649999618530273,28.173694610595703,25782900
2018-08-27,WMT,WMT,31.753332138061523,31.8700008392334,31.43000030517578,31.51333236694336,28.052040100097656,21120900
2018-08-28,WMT,WMT,31.59000015258789,32.116668701171875,31.510000228881836,32.02333450317383,28.506019592285156,29949000
2018-08-29,WMT,WMT,32.09333419799805,32.276668548583984,31.843332290649414,31.8799991607666,28.378433227539062,23588400
2018-08-30,WMT,WMT,31.833332061767578,32.16666793823242,31.816667556762695,32.03333282470703,28.514923095703125,21176100
2018-08-31,WMT,WMT,32.063331604003906,32.14666748046875,31.703332901000977,31.953332901000977,28.443710327148438,18974100
2018-09-04,WMT,WMT,31.933332443237305,32.09000015258789,31.746667861938477,31.786666870117188,28.295345306396484,24842100
2018-09-05,WMT,WMT,31.889999389648438,32.276668548583984,31.786666870117188,32.206668853759766,28.669221878051758,28423800
2018-09-06,WMT,WMT,32.176666259765625,32.2400016784668,32.003334045410156,32.150001525878906,28.61878204345703,18452400
2018-09-07,WMT,WMT,31.933332443237305,32.15999984741211,31.8799991607666,31.94333267211914,28.434810638427734,20017200
2018-09-10,WMT,WMT,32.03666687011719,32.39666748046875,32.029998779296875,32.29999923706055,28.75229835510254,24997800
2018-09-11,WMT,WMT,32.42333221435547,32.5533332824707,32.163333892822266,32.21333312988281,28.67515754699707,19390500
2018-09-12,WMT,WMT,32.086666107177734,32.246665954589844,31.976667404174805,31.989999771118164,28.476356506347656,17700000
2018-09-13,WMT,WMT,31.773332595825195,31.873332977294922,31.636667251586914,31.706666946411133,28.224140167236328,22958700
2018-09-14,WMT,WMT,31.510000228881836,31.613332748413086,31.450000762939453,31.530000686645508,28.06687355041504,18958200
2018-09-17,WMT,WMT,31.583332061767578,31.82666778564453,31.456666946411133,31.606666564941406,28.13512420654297,15989400
2018-09-18,WMT,WMT,31.48666763305664,31.863332748413086,31.383333206176758,31.809999465942383,28.316120147705078,20279400
2018-09-19,WMT,WMT,31.856666564941406,31.963333129882812,31.626667022705078,31.746667861938477,28.25974464416504,17025300
2018-09-20,WMT,WMT,31.78333282470703,31.93000030517578,31.649999618530273,31.916667938232422,28.41107177734375,16656900
2018-09-21,WMT,WMT,31.97333335876465,32.0966682434082,31.876667022705078,31.96666717529297,28.455585479736328,28590300
2018-09-24,WMT,WMT,31.81333351135254,32.0,31.6200008392334,31.639999389648438,28.16478729248047,16011000
2018-09-25,WMT,WMT,31.996667861938477,32.17333221435547,31.663333892822266,31.700000762939453,28.21820068359375,18579600
2018-09-26,WMT,WMT,31.700000762939453,31.863332748413086,31.50666618347168,31.530000686645508,28.06687355041504,17755800
2018-09-27,WMT,WMT,31.39666748046875,31.65333366394043,31.273332595825195,31.376667022705078,27.930381774902344,16090200
2018-09-28,WMT,WMT,31.426666259765625,31.456666946411133,31.229999542236328,31.303333282470703,27.86510467529297,18918900
2018-10-01,WMT,WMT,31.43000030517578,31.553333282470703,31.34666633605957,31.46666717529297,28.010499954223633,14982900
2018-10-02,WMT,WMT,31.309999465942383,31.8700008392334,31.28333282470703,31.71666717529297,28.233041763305664,23263800
2018-10-03,WMT,WMT,31.833332061767578,31.84666633605957,31.34666633605957,31.356666564941406,27.91258430480957,18982200
2018-10-04,WMT,WMT,31.356666564941406,31.5,31.066667556762695,31.40333366394043,27.954118728637695,18135900
2018-10-05,WMT,WMT,31.286666870117188,31.39666748046875,30.963333129882812,31.10333251953125,27.68706703186035,20080200
2018-10-08,WMT,WMT,31.083332061767578,31.643333435058594,31.00666618347168,31.56333351135254,28.096542358398438,17287800
2018-10-09,WMT,WMT,31.8799991607666,32.58000183105469,31.729999542236328,32.36000061035156,28.805709838867188,34796700
2018-10-10,WMT,WMT,32.20000076293945,32.616668701171875,31.899999618530273,31.920000076293945,28.414039611816406,27008400
2018-10-11,WMT,WMT,31.93666648864746,32.0966682434082,31.200000762939453,31.30666732788086,27.868072509765625,29779500
2018-10-12,WMT,WMT,31.586666107177734,31.72333335876465,31.22333335876465,31.60333251953125,28.132152557373047,25661700
2018-10-15,WMT,WMT,31.5,31.663333892822266,31.273332595825195,31.273332595825195,27.838397979736328,24916500
2018-10-16,WMT,WMT,31.566667556762695,32.02333450317383,31.446666717529297,31.93666648864746,28.428869247436523,33725100
2018-10-17,WMT,WMT,31.726667404174805,32.206668853759766,31.633333206176758,32.186668395996094,28.651412963867188,28618200
2018-10-18,WMT,WMT,32.133331298828125,32.41666793823242,31.913333892822266,32.05666732788086,28.535694122314453,34195200
2018-10-19,WMT,WMT,32.0,32.54999923706055,32.0,32.383331298828125,28.826480865478516,26852100
2018-10-22,WMT,WMT,32.4466667175293,32.526668548583984,32.246665954589844,32.380001068115234,28.823509216308594,21368700
2018-10-23,WMT,WMT,32.16666793823242,32.663333892822266,32.03666687011719,32.599998474121094,29.01934814453125,28217400
2018-10-24,WMT,WMT,32.5,33.05666732788086,32.426666259765625,32.52000045776367,28.948143005371094,31094100
2018-10-25,WMT,WMT,32.66999816894531,33.15999984741211,32.33333206176758,33.060001373291016,29.428817749023438,32211300
2018-10-26,WMT,WMT,32.936668395996094,33.223331451416016,32.67333221435547,32.97999954223633,29.35761070251465,44776800
2018-10-29,WMT,WMT,33.16999816894531,33.90999984741211,33.029998779296875,33.266666412353516,29.612791061401367,38118300
2018-10-30,WMT,WMT,33.4033317565918,34.20000076293945,33.35333251953125,34.13999938964844,30.390195846557617,38125500
2018-10-31,WMT,WMT,34.163333892822266,34.163333892822266,33.37333297729492,33.426666259765625,29.75522804260254,37064700
2018-11-01,WMT,WMT,33.31999969482422,33.723331451416016,33.2400016784668,33.526668548583984,29.84423828125,23205300
2018-11-02,WMT,WMT,33.62666702270508,33.856666564941406,33.436668395996094,33.779998779296875,30.069746017456055,21909600
2018-11-05,WMT,WMT,33.72999954223633,34.38999938964844,33.543331146240234,34.3033332824707,30.53559112548828,22850400
2018-11-06,WMT,WMT,34.18000030517578,34.47999954223633,34.016666412353516,34.44333267211914,30.66021156311035,19106100
2018-11-07,WMT,WMT,34.5533332824707,34.823333740234375,34.349998474121094,34.77333450317383,30.9539737701416,26017800
2018-11-08,WMT,WMT,34.776668548583984,35.086666107177734,34.676666259765625,34.959999084472656,31.120128631591797,17884200
2018-11-09,WMT,WMT,35.0,35.29999923706055,34.936668395996094,35.186668395996094,31.321908950805664,25351200
2018-11-12,WMT,WMT,35.16666793823242,35.4033317565918,34.54999923706055,34.62333297729492,30.82044219970703,26829300
2018-11-13,WMT,WMT,34.55666732788086,34.71666717529297,34.18000030517578,34.313331604003906,30.544496536254883,23870100
2018-11-14,WMT,WMT,34.33333206176758,34.383331298828125,33.66999816894531,33.84333419799805,30.12611961364746,31445700
2018-11-15,WMT,WMT,34.106666564941406,34.266666412353516,32.87333297729492,33.18000030517578,29.535648345947266,48247800
2018-11-16,WMT,WMT,32.939998626708984,33.13999938964844,32.30666732788086,32.563331604003906,28.986709594726562,42705600
2018-11-19,WMT,WMT,32.64666748046875,32.75,32.143333435058594,32.2599983215332,28.716697692871094,27643200
2018-11-20,WMT,WMT,31.65999984741211,31.733333587646484,31.200000762939453,31.386667251586914,27.939287185668945,37861800
2018-11-21,WMT,WMT,31.453332901000977,31.639999389648438,31.10333251953125,31.389999389648438,27.942251205444336,28052700
2018-11-23,WMT,WMT,31.376667022705078,31.850000381469727,31.376667022705078,31.700000762939453,28.21820068359375,14670000
2018-11-26,WMT,WMT,31.89666748046875,32.02333450317383,31.579999923706055,31.71666717529297,28.233041763305664,30103800
2018-11-27,WMT,WMT,31.663333892822266,31.84666633605957,31.469999313354492,31.68000030517578,28.20039939880371,27126900
2018-11-28,WMT,WMT,31.816667556762695,32.540000915527344,31.683332443237305,32.48666763305664,28.918466567993164,30212400
2018-11-29,WMT,WMT,32.34000015258789,32.61000061035156,32.246665954589844,32.43000030517578,28.868022918701172,18723900
2018-11-30,WMT,WMT,32.46666717529297,32.810001373291016,32.356666564941406,32.54999923706055,28.974843978881836,31992000
2018-12-03,WMT,WMT,32.67333221435547,33.1966667175293,32.55666732788086,32.91666793823242,29.301239013671875,27246300
2018-12-04,WMT,WMT,32.75,32.98666763305664,31.8700008392334,31.93666648864746,28.428869247436523,31278900
2018-12-06,WMT,WMT,31.64666748046875,31.803333282470703,31.03333282470703,31.59000015258789,28.273738861083984,31101600
2018-12-07,WMT,WMT,31.5,31.709999084472656,30.816667556762695,31.06333351135254,27.802364349365234,25489500
2018-12-10,WMT,WMT,31.18666648864746,31.416667938232422,30.780000686645508,31.31333351135254,28.0261173248291,21830700
2018-12-11,WMT,WMT,31.416667938232422,31.496667861938477,31.083332061767578,31.28333282470703,27.9992618560791,19357500
2018-12-12,WMT,WMT,31.433332443237305,31.433332443237305,31.020000457763672,31.036666870117188,27.778493881225586,28917600
2018-12-13,WMT,WMT,31.083332061767578,31.226667404174805,30.809999465942383,30.98666763305664,27.733739852905273,24126900
2018-12-14,WMT,WMT,30.683332443237305,30.85333251953125,30.523332595825195,30.616666793823242,27.402587890625,34480800
2018-12-17,WMT,WMT,30.406667709350586,30.670000076293945,30.053333282470703,30.25666618347168,27.08037567138672,27005400
2018-12-18,WMT,WMT,30.266666412353516,30.420000076293945,30.093332290649414,30.360000610351562,27.172866821289062,28820100
2018-12-19,WMT,WMT,30.43000030517578,31.0,30.083332061767578,30.183332443237305,27.014741897583008,36694500
2018-12-20,WMT,WMT,30.036666870117188,30.036666870117188,28.713333129882812,29.093332290649414,26.039161682128906,49121400
2018-12-21,WMT,WMT,28.956666946411133,29.823333740234375,28.933332443237305,29.043333053588867,25.994417190551758,44764500
2018-12-24,WMT,WMT,28.84666633605957,29.190000534057617,28.593332290649414,28.606666564941406,25.603588104248047,18330900
2018-12-26,WMT,WMT,28.80666732788086,30.139999389648438,28.766666412353516,30.136667251586914,26.972972869873047,30084900
2018-12-27,WMT,WMT,29.916667938232422,30.536666870117188,29.479999542236328,30.530000686645508,27.32501792907715,29644500
2018-12-28,WMT,WMT,30.690000534057617,31.156667709350586,30.549999237060547,30.709999084472656,27.48612403869629,29622000
2018-12-31,WMT,WMT,30.889999389648438,31.1299991607666,30.75,31.049999237060547,27.790430068969727,21017400
2019-01-02,WMT,WMT,30.546667098999023,31.21666717529297,30.546667098999023,31.113332748413086,27.84710693359375,24458100
2019-01-03,WMT,WMT,31.06999969482422,31.56999969482422,30.899999618530273,30.953332901000977,27.70390510559082,24831900
2019-01-04,WMT,WMT,31.06999969482422,31.219999313354492,30.89666748046875,31.14666748046875,27.8769474029541,24087300
2019-01-07,WMT,WMT,31.206666946411133,31.72333335876465,31.059999465942383,31.51333236694336,28.20511817932129,23369100
2019-01-08,WMT,WMT,31.68666648864746,31.920000076293945,31.303333282470703,31.733333587646484,28.402029037475586,21602700
2019-01-09,WMT,WMT,31.90333366394043,32.04666519165039,31.59000015258789,31.6299991607666,28.30953598022461,18816900
2019-01-10,WMT,WMT,31.293333053588867,31.65999984741211,31.040000915527344,31.65333366394043,28.330419540405273,28188900
2019-01-11,WMT,WMT,31.663333892822266,31.76333236694336,31.516666412353516,31.613332748413086,28.294626235961914,16183800
2019-01-14,WMT,WMT,31.49333381652832,31.816667556762695,31.426666259765625,31.649999618530273,28.327438354492188,21255300
2019-01-15,WMT,WMT,31.823333740234375,32.20000076293945,31.793333053588867,32.08333206176758,28.715280532836914,21174600
2019-01-16,WMT,WMT,31.976667404174805,32.28666687011719,31.94333267211914,32.116668701171875,28.745115280151367,16230000
2019-01-17,WMT,WMT,32.106666564941406,32.4033317565918,32.0533332824707,32.246665954589844,28.861465454101562,16843500
2019-01-18,WMT,WMT,32.31666564941406,32.733333587646484,32.28333282470703,32.57666778564453,29.156829833984375,18361800
2019-01-22,WMT,WMT,32.383331298828125,32.810001373291016,32.2599983215332,32.496665954589844,29.085224151611328,24189600
2019-01-23,WMT,WMT,32.956668853759766,33.116668701171875,32.5099983215332,32.9033317565918,29.44919776916504,25037400
2019-01-24,WMT,WMT,32.733333587646484,32.81999969482422,32.143333435058594,32.78666687011719,29.34478187561035,22829100
2019-01-25,WMT,WMT,32.91666793823242,32.970001220703125,32.25,32.313331604003906,28.9211368560791,21654600
2019-01-28,WMT,WMT,32.176666259765625,32.356666564941406,32.026668548583984,32.35333251953125,28.95693588256836,17627400
2019-01-29,WMT,WMT,32.25666809082031,32.38666534423828,32.16999816894531,32.23666763305664,28.85251808166504,15760200
2019-01-30,WMT,WMT,32.22666549682617,32.266666412353516,31.420000076293945,31.600000381469727,28.282686233520508,35547900
2019-01-31,WMT,WMT,31.543333053588867,32.290000915527344,31.543333053588867,31.94333267211914,28.58997917175293,44169000
2019-02-01,WMT,WMT,31.97333335876465,32.0,31.036666870117188,31.286666870117188,28.00225067138672,37775700
2019-02-04,WMT,WMT,31.286666870117188,31.59000015258789,31.116666793823242,31.59000015258789,28.273738861083984,21805800
2019-02-05,WMT,WMT,31.75,31.979999542236328,31.67333221435547,31.866666793823242,28.5213565826416,18299700
2019-02-06,WMT,WMT,31.809999465942383,32.003334045410156,31.739999771118164,31.8799991607666,28.533294677734375,12794700
2019-02-07,WMT,WMT,31.703332901000977,32.27333450317383,31.666667938232422,32.24333190917969,28.85848617553711,21030300
2019-02-08,WMT,WMT,32.11333465576172,32.22999954223633,31.713333129882812,31.860000610351562,28.515396118164062,18507600
2019-02-11,WMT,WMT,31.883333206176758,32.116668701171875,31.8799991607666,32.06666564941406,28.700366973876953,16628400
2019-02-12,WMT,WMT,32.27333450317383,32.38999938964844,32.16666793823242,32.323333740234375,28.930089950561523,17643900
2019-02-13,WMT,WMT,32.43333435058594,32.66666793823242,32.36333465576172,32.64666748046875,29.2194766998291,16375500
2019-02-14,WMT,WMT,32.560001373291016,33.06666564941406,32.34000015258789,32.84000015258789,29.39251708984375,21602400
2019-02-15,WMT,WMT,32.99333190917969,33.33333206176758,32.95333480834961,33.33000183105469,29.83107566833496,28443000
2019-02-19,WMT,WMT,34.12666702270508,34.72666549682617,34.02333450317383,34.06666564941406,30.49040412902832,62091900
2019-02-20,WMT,WMT,33.936668395996094,34.11333465576172,32.883331298828125,33.293331146240234,29.79825782775879,52895400
2019-02-21,WMT,WMT,33.220001220703125,33.30666732788086,32.970001220703125,33.130001068115234,29.652069091796875,19239600
2019-02-22,WMT,WMT,33.27333450317383,33.38666534423828,33.04666519165039,33.18333435058594,29.69980239868164,24260700
2019-02-25,WMT,WMT,33.37333297729492,33.37666702270508,33.016666412353516,33.040000915527344,29.571521759033203,27705000
2019-02-26,WMT,WMT,33.00666809082031,33.02000045776367,32.62333297729492,32.89666748046875,29.44324493408203,25464300
2019-02-27,WMT,WMT,32.706668853759766,32.79666519165039,32.529998779296875,32.70333480834961,29.270198822021484,23706900
2019-02-28,WMT,WMT,32.70333480834961,33.15666580200195,32.59000015258789,32.996665954589844,29.532733917236328,34127700
2019-03-01,WMT,WMT,33.15666580200195,33.186668395996094,32.37333297729492,32.643333435058594,29.21649932861328,31057500
2019-03-04,WMT,WMT,32.706668853759766,32.86333465576172,32.456668853759766,32.616668701171875,29.192628860473633,23051400
2019-03-05,WMT,WMT,32.709999084472656,33.063331604003906,32.6966667175293,32.779998779296875,29.338817596435547,18357900
2019-03-06,WMT,WMT,32.75666809082031,33.0,32.619998931884766,32.753334045410156,29.314943313598633,14089800
2019-03-07,WMT,WMT,32.56999969482422,32.733333587646484,32.413333892822266,32.483333587646484,29.073287963867188,18379800
2019-03-08,WMT,WMT,32.516666412353516,32.80666732788086,32.33333206176758,32.529998779296875,29.115053176879883,16977000
2019-03-11,WMT,WMT,32.68000030517578,32.86000061035156,32.606666564941406,32.82666778564453,29.380586624145508,16035900
2019-03-12,WMT,WMT,32.84333419799805,32.913333892822266,32.68333435058594,32.790000915527344,29.34776496887207,15211500
2019-03-13,WMT,WMT,32.900001525878906,33.116668701171875,32.79666519165039,33.0099983215332,29.544662475585938,16446900
2019-03-14,WMT,WMT,32.8033332824707,32.810001373291016,32.529998779296875,32.7400016784668,29.46068572998047,14777400
2019-03-15,WMT,WMT,32.7599983215332,32.836666107177734,32.53333282470703,32.80666732788086,29.52067756652832,43800000
2019-03-18,WMT,WMT,32.766666412353516,33.25666809082031,32.753334045410156,33.220001220703125,29.89260482788086,17310300
2019-03-19,WMT,WMT,33.33000183105469,33.496665954589844,33.189998626708984,33.28333282470703,29.949600219726562,16243200
2019-03-20,WMT,WMT,33.06666564941406,33.18333435058594,32.8466682434082,32.880001068115234,29.586666107177734,18969300
2019-03-21,WMT,WMT,32.75,33.043331146240234,32.70000076293945,33.02000045776367,29.71263313293457,19653000
2019-03-22,WMT,WMT,32.86000061035156,33.176666259765625,32.64666748046875,32.7599983215332,29.478679656982422,20124300
2019-03-25,WMT,WMT,32.599998474121094,32.87333297729492,32.543331146240234,32.723331451416016,29.4456844329834,16222200
2019-03-26,WMT,WMT,32.78666687011719,32.95000076293945,32.676666259765625,32.77333450317383,29.490673065185547,14837700
2019-03-27,WMT,WMT,32.71333312988281,32.95333480834961,31.666667938232422,32.4033317565918,29.157737731933594,25413600
2019-03-28,WMT,WMT,32.529998779296875,32.62333297729492,32.176666259765625,32.37666702270508,29.133743286132812,24162900
2019-03-29,WMT,WMT,32.529998779296875,32.55666732788086,32.3466682434082,32.5099983215332,29.25372314453125,22319700
2019-04-01,WMT,WMT,32.65666580200195,32.78666687011719,32.52000045776367,32.606666564941406,29.340702056884766,25517400
2019-04-02,WMT,WMT,32.586666107177734,32.77000045776367,32.29999923706055,32.313331604003906,29.076757431030273,18822000
2019-04-03,WMT,WMT,32.37333297729492,32.46666717529297,32.26333236694336,32.39666748046875,29.151737213134766,17062500
2019-04-04,WMT,WMT,32.41666793823242,32.7599983215332,32.413333892822266,32.70333480834961,29.42768669128418,12078900
2019-04-05,WMT,WMT,32.75,33.06666564941406,32.720001220703125,32.94333267211914,29.643651962280273,13968000
2019-04-08,WMT,WMT,32.81666564941406,33.08333206176758,32.753334045410156,33.07666778564453,29.763629913330078,16267200
2019-04-09,WMT,WMT,32.93333435058594,33.07666778564453,32.71666717529297,32.89666748046875,29.601667404174805,13102500
2019-04-10,WMT,WMT,32.836666107177734,33.2400016784668,32.83333206176758,33.20000076293945,29.874614715576172,12273300
2019-04-11,WMT,WMT,33.233333587646484,33.61000061035156,33.15666580200195,33.599998474121094,30.234548568725586,16820700
2019-04-12,WMT,WMT,33.66666793823242,34.00666809082031,33.66666793823242,33.85333251953125,30.46249771118164,15486000
2019-04-15,WMT,WMT,33.766666412353516,34.3033332824707,33.753334045410156,34.143333435058594,30.723453521728516,15335700
2019-04-16,WMT,WMT,34.29666519165039,34.46333312988281,34.18000030517578,34.310001373291016,30.87343406677246,14485200
2019-04-17,WMT,WMT,34.33333206176758,34.46666717529297,34.13666534423828,34.38666534423828,30.942415237426758,11187600
2019-04-18,WMT,WMT,34.369998931884766,34.599998474121094,34.29666519165039,34.393333435058594,30.948421478271484,11183400
2019-04-22,WMT,WMT,34.2599983215332,34.51333236694336,34.05666732788086,34.12333297729492,30.705459594726562,15238200
2019-04-23,WMT,WMT,34.176666259765625,34.43000030517578,33.97999954223633,34.356666564941406,30.915428161621094,15152400
2019-04-24,WMT,WMT,34.380001068115234,34.616668701171875,34.36333465576172,34.5099983215332,31.053394317626953,14093400
2019-04-25,WMT,WMT,34.413333892822266,34.71666717529297,34.276668548583984,34.50666809082031,31.05040168762207,11883300
2019-04-26,WMT,WMT,33.483333587646484,34.11333465576172,33.220001220703125,33.84333419799805,30.453500747680664,24323100
2019-04-29,WMT,WMT,33.959999084472656,34.0,33.59333419799805,33.85333251953125,30.46249771118164,19139100
2019-04-30,WMT,WMT,33.92333221435547,34.30666732788086,33.81666564941406,34.279998779296875,30.846418380737305,18400800
2019-05-01,WMT,WMT,34.25666809082031,34.27000045776367,33.7599983215332,33.78666687011719,30.402515411376953,16011600
2019-05-02,WMT,WMT,33.810001373291016,34.02000045776367,33.413333892822266,33.71666717529297,30.339521408081055,15021000
2019-05-03,WMT,WMT,34.106666564941406,34.25,33.93333435058594,34.026668548583984,30.61847496032715,15950700
2019-05-06,WMT,WMT,33.58333206176758,34.18333435058594,33.51333236694336,34.1533317565918,30.732444763183594,13841100
2019-05-07,WMT,WMT,33.93333435058594,34.05666732788086,33.586666107177734,33.766666412353516,30.384517669677734,13726800
2019-05-08,WMT,WMT,33.41666793823242,33.68000030517578,33.28666687011719,33.43333435058594,30.084569931030273,17646000
2019-05-09,WMT,WMT,33.09000015258789,33.313331604003906,32.95000076293945,33.18000030517578,30.015214920043945,18720300
2019-05-10,WMT,WMT,33.253334045410156,34.03666687011719,33.233333587646484,33.970001220703125,30.729862213134766,26228100
2019-05-13,WMT,WMT,33.483333587646484,33.71666717529297,33.003334045410156,33.29666519165039,30.120758056640625,22084500
2019-05-14,WMT,WMT,33.380001068115234,33.62333297729492,33.29666519165039,33.43000030517578,30.241369247436523,19061100
2019-05-15,WMT,WMT,33.400001525878906,33.45333480834961,33.043331146240234,33.293331146240234,30.11774253845215,20220900
2019-05-16,WMT,WMT,34.276668548583984,34.6533317565918,33.61333465576172,33.77000045776367,30.548938751220703,51366000
2019-05-17,WMT,WMT,33.413333892822266,33.983333587646484,33.3033332824707,33.619998931884766,30.413249969482422,37113900
2019-05-20,WMT,WMT,33.46333312988281,33.99333190917969,33.41666793823242,33.84000015258789,30.612266540527344,21582300
2019-05-21,WMT,WMT,33.836666107177734,33.883331298828125,33.46666717529297,33.706668853759766,30.491647720336914,20667300
2019-05-22,WMT,WMT,33.866668701171875,34.143333435058594,33.686668395996094,34.07666778564453,30.82634925842285,22022700
2019-05-23,WMT,WMT,33.939998626708984,33.97666549682617,33.54999923706055,33.95333480834961,30.71478843688965,19363800
2019-05-24,WMT,WMT,34.060001373291016,34.29666519165039,34.026668548583984,34.223331451416016,30.95902442932129,13449600
2019-05-28,WMT,WMT,34.186668395996094,34.52333450317383,34.133331298828125,34.13999938964844,30.883644104003906,30815100
2019-05-29,WMT,WMT,34.03666687011719,34.293331146240234,33.823333740234375,34.040000915527344,30.793184280395508,19560600
2019-05-30,WMT,WMT,34.163333892822266,34.496665954589844,33.970001220703125,34.063331604003906,30.814285278320312,15058800
2019-05-31,WMT,WMT,33.78333282470703,34.00666809082031,33.53333282470703,33.813331604003906,30.5881404876709,17782500
2019-06-03,WMT,WMT,33.87666702270508,34.22666549682617,33.79999923706055,33.98666763305664,30.744951248168945,19844100
2019-06-04,WMT,WMT,34.20333480834961,34.21666717529297,33.813331604003906,34.186668395996094,30.92586898803711,17894700
2019-06-05,WMT,WMT,34.25,34.926666259765625,34.20000076293945,34.80666732788086,31.486730575561523,20708700
2019-06-06,WMT,WMT,34.83000183105469,35.220001220703125,34.733333587646484,35.03666687011719,31.694787979125977,24191100
2019-06-07,WMT,WMT,35.07666778564453,35.45333480834961,35.016666412353516,35.35333251953125,31.98125457763672,20428200
2019-06-10,WMT,WMT,35.49333190917969,35.926666259765625,35.456668853759766,35.84000015258789,32.4214973449707,18977100
2019-06-11,WMT,WMT,36.0,36.323333740234375,35.91666793823242,35.97999954223633,32.54814529418945,20241900
2019-06-12,WMT,WMT,35.973331451416016,36.3033332824707,35.973331451416016,36.27333450317383,32.813499450683594,13905300
2019-06-13,WMT,WMT,36.33333206176758,36.526668548583984,36.05666732788086,36.21666717529297,32.762245178222656,16455000
2019-06-14,WMT,WMT,36.2599983215332,36.529998779296875,36.1533317565918,36.356666564941406,32.88887405395508,13577700
2019-06-17,WMT,WMT,36.37333297729492,36.516666412353516,36.086666107177734,36.38666534423828,32.91602325439453,12441000
2019-06-18,WMT,WMT,36.599998474121094,36.6533317565918,36.3033332824707,36.54999923706055,33.06377029418945,14733600
2019-06-19,WMT,WMT,36.599998474121094,36.61333465576172,36.290000915527344,36.540000915527344,33.05472946166992,11773800
2019-06-20,WMT,WMT,36.606666564941406,36.83000183105469,36.426666259765625,36.77333450317383,33.265804290771484,15004500
2019-06-21,WMT,WMT,36.779998779296875,37.39666748046875,36.753334045410156,37.043331146240234,33.51005554199219,39535800
2019-06-24,WMT,WMT,37.163333892822266,37.40666580200195,37.0099983215332,37.08000183105469,33.5432243347168,18098400
2019-06-25,WMT,WMT,36.959999084472656,37.143333435058594,36.79999923706055,36.90666580200195,33.386417388916016,18315000
2019-06-26,WMT,WMT,36.95000076293945,37.026668548583984,36.70000076293945,36.720001220703125,33.21756362915039,12485100
2019-06-27,WMT,WMT,36.686668395996094,36.836666107177734,36.28666687011719,36.70000076293945,33.19947052001953,16443900
2019-06-28,WMT,WMT,36.849998474121094,37.16999816894531,36.746665954589844,36.83000183105469,33.31707000732422,19520100
2019-07-01,WMT,WMT,37.099998474121094,37.323333740234375,36.67333221435547,36.87333297729492,33.356266021728516,16544100
2019-07-02,WMT,WMT,36.94333267211914,37.20333480834961,36.779998779296875,37.20000076293945,33.65178298950195,12188700
2019-07-03,WMT,WMT,37.060001373291016,37.46666717529297,37.0,37.439998626708984,33.86888885498047,9621900
2019-07-05,WMT,WMT,37.33333206176758,37.413333892822266,37.06999969482422,37.32666778564453,33.766361236572266,10738200
2019-07-08,WMT,WMT,37.30666732788086,37.643333435058594,37.233333587646484,37.573333740234375,33.98950958251953,14147100
2019-07-09,WMT,WMT,37.630001068115234,37.793331146240234,37.53333282470703,37.62666702270508,34.037750244140625,16270200
2019-07-10,WMT,WMT,37.706668853759766,37.869998931884766,37.46333312988281,37.65999984741211,34.06789779663086,13737000
2019-07-11,WMT,WMT,37.779998779296875,37.97999954223633,37.67333221435547,37.973331451416016,34.35135269165039,11689800
2019-07-12,WMT,WMT,38.029998779296875,38.25666809082031,37.87333297729492,38.20000076293945,34.556392669677734,11229900
2019-07-15,WMT,WMT,38.223331451416016,38.36000061035156,38.150001525878906,38.32666778564453,34.670982360839844,10038000
2019-07-16,WMT,WMT,38.44333267211914,38.496665954589844,38.01333236694336,38.253334045410156,34.60464096069336,10464600
2019-07-17,WMT,WMT,38.27000045776367,38.38999938964844,38.06666564941406,38.20000076293945,34.556392669677734,8065500
2019-07-18,WMT,WMT,38.116668701171875,38.2599983215332,37.913333892822266,38.2400016784668,34.59258270263672,9670800
2019-07-19,WMT,WMT,38.33333206176758,38.436668395996094,37.95333480834961,37.96666717529297,34.345314025878906,11388900
2019-07-22,WMT,WMT,38.03333282470703,38.11333465576172,37.439998626708984,37.606666564941406,34.01966857910156,13550700
2019-07-23,WMT,WMT,37.706668853759766,37.733333587646484,37.189998626708984,37.36333465576172,33.799537658691406,17262600
2019-07-24,WMT,WMT,37.34333419799805,37.5966682434082,37.189998626708984,37.33333206176758,33.77238845825195,12531900
2019-07-25,WMT,WMT,37.393333435058594,37.46333312988281,37.220001220703125,37.40666580200195,33.83872985839844,11554500
2019-07-26,WMT,WMT,37.37333297729492,37.779998779296875,37.27333450317383,37.67333221435547,34.0799674987793,14187000
2019-07-29,WMT,WMT,37.61333465576172,37.65999984741211,37.253334045410156,37.42333221435547,33.853797912597656,11239800
2019-07-30,WMT,WMT,37.35333251953125,37.46666717529297,37.223331451416016,37.35333251953125,33.79049301147461,9105600
2019-07-31,WMT,WMT,37.3033332824707,37.4466667175293,36.543331146240234,36.793331146240234,33.28389358520508,18633900
2019-08-01,WMT,WMT,36.77333450317383,37.38999938964844,36.439998626708984,36.459999084472656,32.982364654541016,22365000
2019-08-02,WMT,WMT,36.58000183105469,36.71333312988281,36.04999923706055,36.46666717529297,32.98838806152344,16970100
2019-08-05,WMT,WMT,36.0,36.0,35.1966667175293,35.27333450317383,31.90888214111328,22710000
2019-08-06,WMT,WMT,35.39666748046875,35.9466667175293,35.1966667175293,35.75666809082031,32.34611511230469,21049200
2019-08-07,WMT,WMT,35.67333221435547,36.21333312988281,35.30666732788086,36.06666564941406,32.62654113769531,21835500
2019-08-08,WMT,WMT,36.003334045410156,36.279998779296875,35.92333221435547,36.17333221435547,32.884124755859375,13123200
2019-08-09,WMT,WMT,36.02000045776367,36.1533317565918,35.56999969482422,35.7599983215332,32.50837326049805,12580500
2019-08-12,WMT,WMT,35.573333740234375,35.61333465576172,34.9466667175293,35.073333740234375,31.884140014648438,17605200
2019-08-13,WMT,WMT,35.08333206176758,36.03666687011719,34.95000076293945,35.8033332824707,32.547760009765625,20025900
2019-08-14,WMT,WMT,35.15999984741211,36.02000045776367,35.04666519165039,35.400001525878906,32.18110275268555,27938400
2019-08-15,WMT,WMT,37.5099983215332,37.880001068115234,36.720001220703125,37.563331604003906,34.147727966308594,59438700
2019-08-16,WMT,WMT,38.026668548583984,38.310001373291016,37.35333251953125,37.663333892822266,34.23863983154297,32895600
2019-08-19,WMT,WMT,38.116668701171875,38.2599983215332,37.866668701171875,37.936668395996094,34.48712158203125,21534300
2019-08-20,WMT,WMT,37.95333480834961,38.01333236694336,37.336666107177734,37.349998474121094,33.953792572021484,18336900
2019-08-21,WMT,WMT,37.99333190917969,38.02333450317383,37.293331146240234,37.34000015258789,33.9447021484375,24469200
2019-08-22,WMT,WMT,37.400001525878906,37.5966682434082,37.116668701171875,37.3033332824707,33.911373138427734,17986200
2019-08-23,WMT,WMT,37.206668853759766,37.3033332824707,36.709999084472656,36.94333267211914,33.584102630615234,18710100
2019-08-26,WMT,WMT,37.186668395996094,37.42333221435547,37.073333740234375,37.33000183105469,33.935611724853516,17807100
2019-08-27,WMT,WMT,37.473331451416016,37.60333251953125,37.16999816894531,37.473331451416016,34.06591033935547,17201100
2019-08-28,WMT,WMT,37.426666259765625,37.69333267211914,37.22666549682617,37.573333740234375,34.15681838989258,16113000
2019-08-29,WMT,WMT,38.06666564941406,38.1966667175293,37.77000045776367,38.026668548583984,34.56892776489258,15811500
2019-08-30,WMT,WMT,38.33333206176758,38.459999084472656,37.96666717529297,38.086666107177734,34.62346267700195,17115900
2019-09-03,WMT,WMT,37.893333435058594,38.436668395996094,37.83000183105469,38.21333312988281,34.738624572753906,17828100
2019-09-04,WMT,WMT,38.563331604003906,38.6533317565918,38.27333450317383,38.63666534423828,35.12346649169922,17348700
2019-09-05,WMT,WMT,39.223331451416016,39.31999969482422,38.42333221435547,38.47999954223633,34.981040954589844,17479200
2019-09-06,WMT,WMT,38.47999954223633,38.58333206176758,38.206668853759766,38.24333190917969,34.76588821411133,13039200
2019-09-09,WMT,WMT,38.16666793823242,38.869998931884766,38.133331298828125,38.776668548583984,35.250736236572266,17921100
2019-09-10,WMT,WMT,38.663333892822266,38.98666763305664,38.49333190917969,38.68333435058594,35.165889739990234,14572200
2019-09-11,WMT,WMT,38.66666793823242,38.900001525878906,38.40666580200195,38.67333221435547,35.156803131103516,15852300
2019-09-12,WMT,WMT,38.883331298828125,39.02333450317383,38.633331298828125,38.973331451416016,35.42951583862305,13422900
2019-09-13,WMT,WMT,39.0533332824707,39.39666748046875,38.983333587646484,39.143333435058594,35.58405685424805,16915800
2019-09-16,WMT,WMT,38.8466682434082,39.05666732788086,38.459999084472656,38.52333450317383,35.020442962646484,18270900
2019-09-17,WMT,WMT,38.439998626708984,38.89666748046875,38.41666793823242,38.836666107177734,35.30527114868164,13813500
2019-09-18,WMT,WMT,38.970001220703125,39.07666778564453,38.72666549682617,39.0533332824707,35.50225067138672,11868000
2019-09-19,WMT,WMT,39.133331298828125,39.27000045776367,38.92333221435547,39.03666687011719,35.48708724975586,10141800
2019-09-20,WMT,WMT,39.116668701171875,39.21333312988281,38.93333435058594,38.99333190917969,35.44769287109375,33997200
2019-09-23,WMT,WMT,38.869998931884766,39.470001220703125,38.85333251953125,39.206668853759766,35.64162826538086,15487500
2019-09-24,WMT,WMT,39.41666793823242,39.95333480834961,39.336666107177734,39.46666717529297,35.877986907958984,21819300
2019-09-25,WMT,WMT,39.4900016784668,39.573333740234375,39.27000045776367,39.4900016784668,35.899208068847656,13840800
2019-09-26,WMT,WMT,39.599998474121094,39.849998474121094,39.39666748046875,39.43333435058594,35.847686767578125,11960700
2019-09-27,WMT,WMT,39.73666763305664,39.74333190917969,39.25,39.483333587646484,35.89314270019531,10304100
2019-09-30,WMT,WMT,39.55666732788086,39.813331604003906,39.52000045776367,39.560001373291016,35.96284103393555,10204200
2019-10-01,WMT,WMT,39.616668701171875,39.70333480834961,39.2400016784668,39.28333282470703,35.71133041381836,11187900
2019-10-02,WMT,WMT,39.133331298828125,39.18333435058594,38.53666687011719,38.706668853759766,35.187095642089844,17833500
2019-10-03,WMT,WMT,38.62666702270508,38.93333435058594,38.19333267211914,38.77000045776367,35.24467468261719,15619500
2019-10-04,WMT,WMT,38.79999923706055,39.43333435058594,38.72999954223633,39.38666534423828,35.80526351928711,13881000
2019-10-07,WMT,WMT,39.366668701171875,39.43333435058594,38.959999084472656,39.07666778564453,35.52345275878906,14085000
2019-10-08,WMT,WMT,38.936668395996094,39.55666732788086,38.88666534423828,39.19333267211914,35.6295166015625,15375300
2019-10-09,WMT,WMT,39.393333435058594,39.766666412353516,39.34000015258789,39.643333435058594,36.03858947753906,11710200
2019-10-10,WMT,WMT,39.633331298828125,39.959999084472656,39.53333282470703,39.869998931884766,36.24464416503906,13024500
2019-10-11,WMT,WMT,39.973331451416016,40.23666763305664,39.573333740234375,40.08000183105469,36.43556594848633,18383700
2019-10-14,WMT,WMT,39.95000076293945,40.1533317565918,39.70000076293945,39.723331451416016,36.1113166809082,13719900
2019-10-15,WMT,WMT,39.776668548583984,39.996665954589844,39.62333297729492,39.84333419799805,36.22040939331055,13550100
2019-10-16,WMT,WMT,39.77000045776367,40.03666687011719,39.70000076293945,39.80666732788086,36.187076568603516,11344800
2019-10-17,WMT,WMT,39.88999938964844,40.08333206176758,39.78666687011719,39.9466667175293,36.31433868408203,11732700
2019-10-18,WMT,WMT,40.150001525878906,40.20000076293945,39.709999084472656,39.71333312988281,36.10222244262695,16776900
2019-10-21,WMT,WMT,39.766666412353516,39.94333267211914,39.606666564941406,39.913333892822266,36.28403091430664,10230300
2019-10-22,WMT,WMT,39.91666793823242,40.05666732788086,39.79666519165039,39.86000061035156,36.235565185546875,7634100
2019-10-23,WMT,WMT,39.723331451416016,39.95000076293945,39.563331604003906,39.78333282470703,36.16587448120117,8520000
2019-10-24,WMT,WMT,39.71666717529297,39.856666564941406,39.503334045410156,39.70000076293945,36.09010696411133,8700900
2019-10-25,WMT,WMT,39.66666793823242,39.776668548583984,39.400001525878906,39.68000030517578,36.071922302246094,7692900
2019-10-28,WMT,WMT,39.75,39.900001525878906,39.5099983215332,39.7400016784668,36.12647247314453,10213800
2019-10-29,WMT,WMT,39.5,39.57666778564453,39.026668548583984,39.04999923706055,35.49921798706055,14373300
2019-10-30,WMT,WMT,39.060001373291016,39.456668853759766,39.016666412353516,39.366668701171875,35.78710174560547,8988600
2019-10-31,WMT,WMT,39.310001373291016,39.426666259765625,38.94333267211914,39.086666107177734,35.53254318237305,14643900
2019-11-01,WMT,WMT,39.30666732788086,39.323333740234375,39.07666778564453,39.206668853759766,35.64162826538086,11287800
2019-11-04,WMT,WMT,39.46666717529297,39.70333480834961,39.05666732788086,39.189998626708984,35.62648010253906,13938000
2019-11-05,WMT,WMT,39.22666549682617,39.71333312988281,39.026668548583984,39.619998931884766,36.017372131347656,12651300
2019-11-06,WMT,WMT,39.61000061035156,39.87333297729492,39.56999969482422,39.83333206176758,36.211307525634766,10843200
2019-11-07,WMT,WMT,40.0,40.30666732788086,39.8466682434082,40.07666778564453,36.432518005371094,13324200
2019-11-08,WMT,WMT,40.10333251953125,40.293331146240234,39.64666748046875,39.813331604003906,36.19313049316406,11498100
2019-11-11,WMT,WMT,39.56666564941406,39.87666702270508,39.426666259765625,39.68000030517578,36.071922302246094,13317000
2019-11-12,WMT,WMT,39.866668701171875,40.0,39.60333251953125,39.706668853759766,36.096153259277344,15189300
2019-11-13,WMT,WMT,39.720001220703125,40.45333480834961,39.5533332824707,40.32666778564453,36.6597900390625,23135400
2019-11-14,WMT,WMT,41.53333282470703,41.793331146240234,39.836666107177734,40.21666717529297,36.559791564941406,67512600
2019-11-15,WMT,WMT,40.22666549682617,40.33333206176758,39.459999084472656,39.62333297729492,36.02040100097656,30413100
2019-11-18,WMT,WMT,39.483333587646484,40.290000915527344,39.413333892822266,40.08333206176758,36.43859100341797,19644000
2019-11-19,WMT,WMT,40.03666687011719,40.119998931884766,39.9033317565918,39.96333312988281,36.32948684692383,11146200
2019-11-20,WMT,WMT,40.06999969482422,40.15999984741211,39.46666717529297,39.709999084472656,36.09919357299805,15227700
2019-11-21,WMT,WMT,39.61000061035156,40.0,39.55666732788086,39.95333480834961,36.320411682128906,12908400
2019-11-22,WMT,WMT,40.04999923706055,40.099998474121094,39.75666809082031,39.78666687011719,36.16889572143555,11529300
2019-11-25,WMT,WMT,40.0,40.00666809082031,39.29999923706055,39.63999938964844,36.035560607910156,17644500
2019-11-26,WMT,WMT,39.6533317565918,39.766666412353516,39.483333587646484,39.72999954223633,36.11737060546875,18877500
2019-11-27,WMT,WMT,39.79666519165039,39.93333435058594,39.57666778564453,39.586666107177734,35.98707962036133,10302300
2019-11-29,WMT,WMT,39.71333312988281,39.9900016784668,39.66666793823242,39.6966667175293,36.087066650390625,9471900
2019-12-02,WMT,WMT,39.71666717529297,39.793331146240234,39.279998779296875,39.7599983215332,36.14464569091797,17012700
2019-12-03,WMT,WMT,39.46666717529297,39.6533317565918,39.25666809082031,39.55666732788086,35.959808349609375,19784400
2019-12-04,WMT,WMT,39.706668853759766,39.733333587646484,39.43333435058594,39.563331604003906,35.96587371826172,16669800
2019-12-05,WMT,WMT,39.45333480834961,39.59333419799805,39.13999938964844,39.5533332824707,36.11805725097656,13058400
2019-12-06,WMT,WMT,39.69333267211914,39.93333435058594,39.63999938964844,39.926666259765625,36.45896911621094,13022400
2019-12-09,WMT,WMT,39.856666564941406,39.95333480834961,39.72666549682617,39.78666687011719,36.33112716674805,14448000
2019-12-10,WMT,WMT,39.78333282470703,39.85333251953125,39.67333221435547,39.71333312988281,36.26416015625,12846900
2019-12-11,WMT,WMT,39.79999923706055,39.883331298828125,39.5099983215332,39.66666793823242,36.2215461730957,10519200
2019-12-12,WMT,WMT,39.66666793823242,40.03666687011719,39.560001373291016,39.91999816894531,36.452877044677734,12447000
2019-12-13,WMT,WMT,39.720001220703125,40.21666717529297,39.67333221435547,40.0966682434082,36.614200592041016,16098900
2019-12-16,WMT,WMT,40.13999938964844,40.45000076293945,40.13999938964844,40.18000030517578,36.69028854370117,16052100
2019-12-17,WMT,WMT,40.31666564941406,40.56666564941406,40.233333587646484,40.426666259765625,36.915550231933594,13727400
2019-12-18,WMT,WMT,40.503334045410156,40.560001373291016,39.9466667175293,39.95333480834961,36.483314514160156,15309000
2019-12-19,WMT,WMT,39.97999954223633,40.16999816894531,39.926666259765625,40.026668548583984,36.55027770996094,13392300
2019-12-20,WMT,WMT,40.49333190917969,40.706668853759766,40.00666809082031,40.0966682434082,36.614200592041016,23863200
2019-12-23,WMT,WMT,40.06666564941406,40.22999954223633,39.66999816894531,39.676666259765625,36.23068618774414,13457400
2019-12-24,WMT,WMT,39.709999084472656,39.866668701171875,39.66999816894531,39.836666107177734,36.37678146362305,6682200
2019-12-26,WMT,WMT,39.869998931884766,39.95000076293945,39.650001525878906,39.84000015258789,36.379825592041016,12671400
2019-12-27,WMT,WMT,39.97999954223633,39.97999954223633,39.75,39.86333465576172,36.40113830566406,10632000
2019-12-30,WMT,WMT,39.93333435058594,39.936668395996094,39.709999084472656,39.79999923706055,36.34329605102539,8837400
2019-12-31,WMT,WMT,39.83333206176758,39.93333435058594,39.39666748046875,39.61333465576172,36.1728401184082,14736000
2020-01-02,WMT,WMT,39.619998931884766,39.96333312988281,39.56666564941406,39.64666748046875,36.203285217285156,20294700
2020-01-03,WMT,WMT,39.42333221435547,39.5966682434082,39.1966667175293,39.29666519165039,35.88368225097656,16197600
2020-01-06,WMT,WMT,39.133331298828125,39.36333465576172,38.92333221435547,39.21666717529297,35.81063461303711,19336500
2020-01-07,WMT,WMT,39.086666107177734,39.17333221435547,38.733333587646484,38.85333251953125,35.478851318359375,20540700
2020-01-08,WMT,WMT,38.766666412353516,38.90999984741211,38.560001373291016,38.720001220703125,35.35710906982422,17627400
2020-01-09,WMT,WMT,38.71666717529297,39.12333297729492,38.69333267211914,39.119998931884766,35.72236251831055,16691100
2020-01-10,WMT,WMT,39.08000183105469,39.11333465576172,38.65999984741211,38.793331146240234,35.424049377441406,18164400
2020-01-13,WMT,WMT,38.793331146240234,38.849998474121094,38.456668853759766,38.62666702270508,35.27187728881836,18337800
2020-01-14,WMT,WMT,38.4900016784668,38.73666763305664,38.37666702270508,38.72666549682617,35.363182067871094,19757400
2020-01-15,WMT,WMT,38.209999084472656,38.62333297729492,38.17333221435547,38.426666259765625,35.0892448425293,22362600
2020-01-16,WMT,WMT,38.5,38.643333435058594,38.426666259765625,38.633331298828125,35.277957916259766,16108200
2020-01-17,WMT,WMT,38.68333435058594,38.766666412353516,38.21333312988281,38.31999969482422,34.99184799194336,30135000
2020-01-21,WMT,WMT,38.1966667175293,38.563331604003906,38.17333221435547,38.529998779296875,35.183597564697266,22061100
2020-01-22,WMT,WMT,38.40666580200195,38.84333419799805,38.393333435058594,38.70000076293945,35.33883285522461,14778300
2020-01-23,WMT,WMT,38.73666763305664,38.77000045776367,38.3466682434082,38.60333251953125,35.25056838989258,12915300
2020-01-24,WMT,WMT,38.66666793823242,38.676666259765625,38.04999923706055,38.12333297729492,34.812255859375,13150200
2020-01-27,WMT,WMT,37.72999954223633,38.74333190917969,37.560001373291016,38.619998931884766,35.26578903198242,21055200
2020-01-28,WMT,WMT,38.65999984741211,38.96666717529297,38.650001525878906,38.866668701171875,35.491031646728516,15810600
2020-01-29,WMT,WMT,38.85333251953125,39.040000915527344,38.630001068115234,38.630001068115234,35.27492904663086,11326500
2020-01-30,WMT,WMT,38.53666687011719,38.90666580200195,38.44333267211914,38.86000061035156,35.48493194580078,13744500
2020-01-31,WMT,WMT,38.599998474121094,38.753334045410156,37.96666717529297,38.163333892822266,34.84878921508789,23327400
2020-02-03,WMT,WMT,38.29999923706055,38.46333312988281,38.03333282470703,38.09000015258789,34.78181457519531,13041300
2020-02-04,WMT,WMT,38.413333892822266,38.746665954589844,38.29666519165039,38.42333221435547,35.0861930847168,15696600
2020-02-05,WMT,WMT,38.53333282470703,38.983333587646484,38.28333282470703,38.936668395996094,35.55495071411133,17048700
2020-02-06,WMT,WMT,38.94333267211914,39.07666778564453,38.686668395996094,38.77000045776367,35.40275955200195,16058700
2020-02-07,WMT,WMT,38.70333480834961,38.91999816894531,38.586666107177734,38.81666564941406,35.44537353515625,11068800
2020-02-10,WMT,WMT,38.58333206176758,38.99333190917969,38.349998474121094,38.41666793823242,35.080108642578125,18434700
2020-02-11,WMT,WMT,38.47666549682617,38.5,38.14666748046875,38.46666717529297,35.12577438354492,17390400
2020-02-12,WMT,WMT,38.5,38.80666732788086,38.470001220703125,38.616668701171875,35.26273727416992,14206800
2020-02-13,WMT,WMT,38.616668701171875,39.18000030517578,38.526668548583984,39.14666748046875,35.74672317504883,15999600
2020-02-14,WMT,WMT,39.223331451416016,39.52333450317383,39.0533332824707,39.29666519165039,35.88368225097656,24391800
2020-02-18,WMT,WMT,39.4900016784668,39.983333587646484,39.119998931884766,39.87666702270508,36.413307189941406,34539600
2020-02-19,WMT,WMT,39.83333206176758,39.97999954223633,39.22666549682617,39.22666549682617,35.819766998291016,21563400
2020-02-20,WMT,WMT,39.06999969482422,39.369998931884766,38.95333480834961,39.22999954223633,35.82280349731445,15068700
2020-02-21,WMT,WMT,39.14666748046875,39.58333206176758,39.10333251953125,39.526668548583984,36.09371566772461,18726300
2020-02-24,WMT,WMT,39.1533317565918,39.48666763305664,38.650001525878906,38.77333450317383,35.40580368041992,19848000
2020-02-25,WMT,WMT,38.78333282470703,39.02333450317383,38.016666412353516,38.130001068115234,34.81834030151367,23292900
2020-02-26,WMT,WMT,38.233333587646484,38.38999938964844,37.883331298828125,37.926666259765625,34.63267135620117,20019900
2020-02-27,WMT,WMT,37.52000045776367,38.02333450317383,36.78333282470703,36.79999923706055,33.60386276245117,28476900
2020-02-28,WMT,WMT,35.89666748046875,36.17333221435547,34.790000915527344,35.893333435058594,32.77593231201172,52369200
2020-03-02,WMT,WMT,35.866668701171875,38.79999923706055,35.76333236694336,38.62666702270508,35.27187728881836,51222600
2020-03-03,WMT,WMT,38.69333267211914,39.176666259765625,37.4466667175293,37.63666534423828,34.36786651611328,33340800
2020-03-04,WMT,WMT,38.08000183105469,38.9466667175293,37.823333740234375,38.92333221435547,35.54277801513672,24625200
2020-03-05,WMT,WMT,38.133331298828125,39.08333206176758,37.970001220703125,38.63999938964844,35.2840576171875,25638300
2020-03-06,WMT,WMT,37.956668853759766,39.3033332824707,37.66999816894531,39.07666778564453,35.682796478271484,29411100
2020-03-09,WMT,WMT,37.939998626708984,40.209999084472656,37.57666778564453,39.0533332824707,35.6614875793457,59243400
2020-03-10,WMT,WMT,39.366668701171875,40.22666549682617,38.30666732788086,39.93000030517578,36.462005615234375,37797300
2020-03-11,WMT,WMT,39.16999816894531,39.676666259765625,37.599998474121094,38.143333435058594,34.83051300048828,31620000
2020-03-12,WMT,WMT,35.34000015258789,37.163333892822266,34.32666778564453,34.68333435058594,31.6710262298584,56323200
2020-03-13,WMT,WMT,36.08000183105469,38.1966667175293,34.62666702270508,38.03333282470703,34.730079650878906,42962100
2020-03-16,WMT,WMT,35.06666564941406,37.11000061035156,34.0,35.586666107177734,32.49590301513672,36753900
2020-03-17,WMT,WMT,37.59000015258789,39.75666809082031,36.81999969482422,39.753334045410156,36.300682067871094,52806000
2020-03-18,WMT,WMT,38.33333206176758,42.69333267211914,38.16666793823242,40.86000061035156,37.31122970581055,77355900
2020-03-19,WMT,WMT,41.48666763305664,42.33333206176758,39.209999084472656,39.81666564941406,36.5193977355957,57100500
2020-03-20,WMT,WMT,39.83333206176758,40.93000030517578,37.29666519165039,37.9900016784668,34.84400177001953,55423500
2020-03-23,WMT,WMT,38.05666732788086,39.18000030517578,37.4033317565918,38.09333419799805,34.938777923583984,39366000
2020-03-24,WMT,WMT,38.62333297729492,39.12333297729492,37.10333251953125,38.34333419799805,35.168067932128906,42705000
2020-03-25,WMT,WMT,37.65666580200195,38.0,36.016666412353516,36.46666717529297,33.44682312011719,53287500
2020-03-26,WMT,WMT,36.46666717529297,36.956668853759766,35.616668701171875,36.606666564941406,33.57522201538086,58250700
2020-03-27,WMT,WMT,36.70333480834961,37.426666259765625,36.20000076293945,36.526668548583984,33.501853942871094,36160500
2020-03-30,WMT,WMT,37.28666687011719,38.599998474121094,36.97999954223633,38.39666748046875,35.216983795166016,29212500
2020-03-31,WMT,WMT,38.10333251953125,38.72999954223633,37.54666519165039,37.87333297729492,34.73699951171875,26258400
2020-04-01,WMT,WMT,37.383331298828125,38.5099983215332,37.266666412353516,38.04666519165039,34.89596939086914,28269600
2020-04-02,WMT,WMT,37.72666549682617,39.70333480834961,37.4466667175293,39.54999923706055,36.27481460571289,29515500
2020-04-03,WMT,WMT,39.06999969482422,39.970001220703125,39.0099983215332,39.82666778564453,36.528568267822266,28625100
2020-04-06,WMT,WMT,39.686668395996094,42.130001068115234,39.64666748046875,42.02333450317383,38.543331146240234,47768700
2020-04-07,WMT,WMT,41.32666778564453,42.163333892822266,40.54666519165039,40.663333892822266,37.29595184326172,41369700
2020-04-08,WMT,WMT,41.22999954223633,41.27000045776367,40.1966667175293,40.61333465576172,37.250083923339844,27876600
2020-04-09,WMT,WMT,39.40666580200195,40.956668853759766,39.220001220703125,40.599998474121094,37.23786163330078,32828700
2020-04-13,WMT,WMT,40.42333221435547,41.88999938964844,40.38999938964844,41.766666412353516,38.307918548583984,24194100
2020-04-14,WMT,WMT,42.366668701171875,43.26333236694336,42.01333236694336,43.0,39.43911361694336,34098900
2020-04-15,WMT,WMT,43.0,43.293331146240234,42.37333297729492,42.91999816894531,39.36574172973633,22435200
2020-04-16,WMT,WMT,43.0,44.30666732788086,42.75,44.11000061035156,40.457191467285156,31882200
2020-04-17,WMT,WMT,43.82666778564453,44.323333740234375,43.24333190917969,44.040000915527344,40.39299011230469,30915300
2020-04-20,WMT,WMT,44.130001068115234,44.459999084472656,43.253334045410156,43.28333282470703,39.6989860534668,24401700
2020-04-21,WMT,WMT,43.356666564941406,43.676666259765625,42.720001220703125,43.06999969482422,39.503318786621094,27900600
2020-04-22,WMT,WMT,43.33333206176758,44.12666702270508,42.96666717529297,43.86333465576172,40.230953216552734,19448100
2020-04-23,WMT,WMT,43.28333282470703,43.6966667175293,42.57666778564453,42.84333419799805,39.29542541503906,28839900
2020-04-24,WMT,WMT,43.116668701171875,43.29666519165039,42.85333251953125,43.14666748046875,39.573638916015625,17343600
2020-04-27,WMT,WMT,43.33333206176758,43.436668395996094,42.723331451416016,42.766666412353516,39.22509765625,17923800
2020-04-28,WMT,WMT,42.7599983215332,43.413333892822266,42.56666564941406,42.66666793823242,39.13338851928711,20732100
2020-04-29,WMT,WMT,41.856666564941406,41.91999816894531,40.849998474121094,41.20000076293945,37.78818130493164,44612100
2020-04-30,WMT,WMT,41.026668548583984,41.14666748046875,40.3466682434082,40.516666412353516,37.16142654418945,40497900
2020-05-01,WMT,WMT,40.49333190917969,41.22999954223633,40.2599983215332,40.973331451416016,37.58027648925781,31143900
2020-05-04,WMT,WMT,41.279998779296875,41.46666717529297,40.56999969482422,41.233333587646484,37.81874465942383,17807700
2020-05-05,WMT,WMT,41.266666412353516,41.753334045410156,41.086666107177734,41.57666778564453,38.13364791870117,19337400
2020-05-06,WMT,WMT,41.73666763305664,41.83000183105469,40.95000076293945,41.099998474121094,37.69645309448242,17309100
2020-05-07,WMT,WMT,41.1533317565918,41.32666778564453,40.5,40.630001068115234,37.42929458618164,27345600
2020-05-08,WMT,WMT,40.91666793823242,41.003334045410156,40.540000915527344,40.97999954223633,37.75172805786133,20830800
2020-05-11,WMT,WMT,41.01333236694336,41.436668395996094,41.003334045410156,41.223331451416016,37.97589874267578,25341900
2020-05-12,WMT,WMT,41.49333190917969,41.88666534423828,41.2599983215332,41.2599983215332,38.00967788696289,19100100
2020-05-13,WMT,WMT,41.16666793823242,42.08000183105469,41.029998779296875,41.23666763305664,37.9881706237793,29175300
2020-05-14,WMT,WMT,41.616668701171875,41.709999084472656,40.43333435058594,41.13999938964844,37.89912033081055,22233000
2020-05-15,WMT,WMT,41.15666580200195,41.97999954223633,41.029998779296875,41.97999954223633,38.67295455932617,31770000
2020-05-18,WMT,WMT,42.5,42.85333251953125,42.03333282470703,42.5533332824707,39.20112228393555,38633700
2020-05-19,WMT,WMT,43.91666793823242,43.996665954589844,41.60333251953125,41.650001525878906,38.36894989013672,74746200
2020-05-20,WMT,WMT,42.163333892822266,42.1966667175293,41.543331146240234,41.81666564941406,38.522491455078125,32246400
2020-05-21,WMT,WMT,41.630001068115234,42.04666519165039,41.41666793823242,41.663333892822266,38.3812255859375,22448100
2020-05-22,WMT,WMT,41.70000076293945,41.78333282470703,41.25666809082031,41.44333267211914,38.17856216430664,22359600
2020-05-26,WMT,WMT,41.4466667175293,41.836666107177734,41.209999084472656,41.28666687011719,38.034244537353516,23730600
2020-05-27,WMT,WMT,41.323333740234375,41.496665954589844,40.34333419799805,40.82666778564453,37.610477447509766,31073700
2020-05-28,WMT,WMT,41.2400016784668,41.650001525878906,41.0533332824707,41.22999954223633,37.98203659057617,24424800
2020-05-29,WMT,WMT,41.413333892822266,41.56999969482422,40.643333435058594,41.35333251953125,38.09565353393555,29311200
2020-06-01,WMT,WMT,41.14666748046875,41.470001220703125,40.78666687011719,41.31999969482422,38.06494903564453,20550300
2020-06-02,WMT,WMT,41.1966667175293,41.383331298828125,40.936668395996094,41.313331604003906,38.058807373046875,19187700
2020-06-03,WMT,WMT,41.29999923706055,41.33000183105469,40.88666534423828,41.15666580200195,37.91448211669922,20262900
2020-06-04,WMT,WMT,40.93333435058594,41.29666519165039,40.606666564941406,40.70333480834961,37.496856689453125,24015000
2020-06-05,WMT,WMT,40.856666564941406,40.893333435058594,39.970001220703125,40.52000045776367,37.32796859741211,39337200
2020-06-08,WMT,WMT,39.86000061035156,40.413333892822266,39.81999969482422,40.413333892822266,37.22970962524414,28344300
2020-06-09,WMT,WMT,40.53333282470703,40.66666793823242,40.186668395996094,40.45000076293945,37.26348114013672,20746200
2020-06-10,WMT,WMT,40.52000045776367,40.83333206176758,40.37666702270508,40.38666534423828,37.20513916015625,28141500
2020-06-11,WMT,WMT,40.33000183105469,40.86000061035156,39.82666778564453,40.029998779296875,36.87657165527344,34162800
2020-06-12,WMT,WMT,40.16999816894531,40.25,39.02000045776367,39.246665954589844,36.154945373535156,32359200
2020-06-15,WMT,WMT,39.46666717529297,39.560001373291016,39.003334045410156,39.36000061035156,36.25934982299805,32703300
2020-06-16,WMT,WMT,39.93333435058594,40.07666778564453,39.51333236694336,39.883331298828125,36.741458892822266,25167600
2020-06-17,WMT,WMT,39.95333480834961,40.043331146240234,39.46666717529297,39.676666259765625,36.55106735229492,20166900
2020-06-18,WMT,WMT,39.51333236694336,39.686668395996094,39.220001220703125,39.33000183105469,36.23170471191406,20070000
2020-06-19,WMT,WMT,39.630001068115234,40.099998474121094,39.25,39.95000076293945,36.8028678894043,40078800
2020-06-22,WMT,WMT,40.323333740234375,40.6966667175293,40.133331298828125,40.560001373291016,37.364810943603516,27338400
2020-06-23,WMT,WMT,40.91666793823242,40.95000076293945,40.31999969482422,40.356666564941406,37.177494049072266,19727700
2020-06-24,WMT,WMT,40.246665954589844,40.37333297729492,39.86000061035156,40.099998474121094,36.94105529785156,20614800
2020-06-25,WMT,WMT,39.91999816894531,40.0533332824707,39.459999084472656,39.9033317565918,36.75986862182617,20569800
2020-06-26,WMT,WMT,39.866668701171875,40.279998779296875,39.34000015258789,39.439998626708984,36.33305358886719,26991600
2020-06-29,WMT,WMT,39.5,39.893333435058594,39.40666580200195,39.686668395996094,36.56028747558594,16511400
2020-06-30,WMT,WMT,39.7400016784668,40.043331146240234,39.51333236694336,39.926666259765625,36.781375885009766,20509200
2020-07-01,WMT,WMT,39.81666564941406,39.973331451416016,39.5533332824707,39.89666748046875,36.75374984741211,19733700
2020-07-02,WMT,WMT,40.029998779296875,40.293331146240234,39.619998931884766,39.73666763305664,36.60634231567383,17695800
2020-07-06,WMT,WMT,39.93333435058594,39.956668853759766,39.40666580200195,39.630001068115234,36.50808334350586,21695100
2020-07-07,WMT,WMT,39.483333587646484,42.516666412353516,39.40666580200195,42.31666564941406,38.98309326171875,93458100
2020-07-08,WMT,WMT,42.66666793823242,42.709999084472656,41.46666717529297,41.47999954223633,38.21232604980469,52217100
2020-07-09,WMT,WMT,41.869998931884766,42.72666549682617,41.650001525878906,42.58333206176758,39.22875213623047,42771600
2020-07-10,WMT,WMT,42.913333892822266,43.790000915527344,42.41999816894531,43.560001373291016,40.12847900390625,44236800
2020-07-13,WMT,WMT,43.776668548583984,44.543331146240234,42.96333312988281,43.17333221435547,39.77227783203125,42338400
2020-07-14,WMT,WMT,43.09333419799805,44.16666793823242,43.0099983215332,44.003334045410156,40.536895751953125,26455800
2020-07-15,WMT,WMT,44.09000015258789,44.709999084472656,43.599998474121094,44.0,40.533817291259766,31731300
2020-07-16,WMT,WMT,44.016666412353516,44.24333190917969,43.746665954589844,44.06666564941406,40.595237731933594,17676600
2020-07-17,WMT,WMT,44.456668853759766,44.456668853759766,43.823333740234375,43.913333892822266,40.4539909362793,18189600
2020-07-20,WMT,WMT,43.98666763305664,44.246665954589844,43.71333312988281,43.823333740234375,40.37107467651367,18342600
2020-07-21,WMT,WMT,43.85333251953125,44.663333892822266,43.81666564941406,44.11000061035156,40.63515853881836,21712500
2020-07-22,WMT,WMT,44.189998626708984,44.34333419799805,43.72999954223633,44.220001220703125,40.73649978637695,16164600
2020-07-23,WMT,WMT,44.33333206176758,44.383331298828125,43.77000045776367,43.880001068115234,40.42327117919922,16796400
2020-07-24,WMT,WMT,43.650001525878906,44.133331298828125,43.503334045410156,43.746665954589844,40.30044174194336,13037400
2020-07-27,WMT,WMT,43.619998931884766,43.99333190917969,43.619998931884766,43.73666763305664,40.29124069213867,14045700
2020-07-28,WMT,WMT,43.83333206176758,44.12666702270508,43.63999938964844,43.91999816894531,40.46011734008789,14414100
2020-07-29,WMT,WMT,43.85333251953125,43.95333480834961,43.28333282470703,43.563331604003906,40.131561279296875,14223300
2020-07-30,WMT,WMT,43.13999938964844,43.473331451416016,42.90666580200195,43.37333297729492,39.95652389526367,13788300
2020-07-31,WMT,WMT,43.21666717529297,43.36333465576172,42.540000915527344,43.133331298828125,39.73543167114258,21631500
2020-08-03,WMT,WMT,43.3033332824707,43.37333297729492,42.75666809082031,43.099998474121094,39.70473098754883,14971500
2020-08-04,WMT,WMT,43.21666717529297,43.9033317565918,42.97999954223633,43.880001068115234,40.42327117919922,18219600
2020-08-05,WMT,WMT,43.483333587646484,43.58333206176758,42.94333267211914,43.27000045776367,39.8613395690918,25483500
2020-08-06,WMT,WMT,43.043331146240234,43.40999984741211,43.0099983215332,43.116668701171875,39.72007751464844,14496300
2020-08-07,WMT,WMT,43.19333267211914,43.48666763305664,43.03666687011719,43.323333740234375,39.91047668457031,16558500
2020-08-10,WMT,WMT,43.413333892822266,44.11333465576172,43.21666717529297,43.959999084472656,40.496978759765625,17683200
2020-08-11,WMT,WMT,44.1966667175293,44.290000915527344,43.24333190917969,43.400001525878906,39.98109817504883,25360200
2020-08-12,WMT,WMT,43.4900016784668,44.07666778564453,43.026668548583984,43.96333312988281,40.50005340576172,19094400
2020-08-13,WMT,WMT,43.73666763305664,43.98666763305664,43.57666778564453,43.95000076293945,40.654212951660156,19867200
2020-08-14,WMT,WMT,44.11333465576172,44.323333740234375,43.87666702270508,44.20000076293945,40.88547134399414,20106300
2020-08-17,WMT,WMT,44.78333282470703,45.37666702270508,44.616668701171875,45.20000076293945,41.81048583984375,39465000
2020-08-18,WMT,WMT,45.38999938964844,45.87666702270508,44.38999938964844,44.9033317565918,41.53605651855469,80232600
2020-08-19,WMT,WMT,44.73666763305664,44.88666534423828,43.95000076293945,44.13666534423828,40.82688522338867,38155200
2020-08-20,WMT,WMT,43.73666763305664,44.02333450317383,43.349998474121094,43.52333450317383,40.25954055786133,26810700
2020-08-21,WMT,WMT,43.516666412353516,44.223331451416016,43.366668701171875,43.87666702270508,40.58638000488281,24864000
2020-08-24,WMT,WMT,44.08333206176758,44.15999984741211,43.44333267211914,43.776668548583984,40.49388122558594,19813800
2020-08-25,WMT,WMT,43.599998474121094,43.746665954589844,43.223331451416016,43.543331146240234,40.27804183959961,21722400
2020-08-26,WMT,WMT,43.4033317565918,43.62666702270508,43.233333587646484,43.56666564941406,40.29962921142578,18814800
2020-08-27,WMT,WMT,43.69333267211914,46.45000076293945,43.633331298828125,45.543331146240234,42.12805938720703,119018700
2020-08-28,WMT,WMT,47.0,47.02333450317383,45.9466667175293,46.766666412353516,43.259666442871094,64050900
2020-08-31,WMT,WMT,45.82666778564453,46.29666519165039,45.176666259765625,46.28333282470703,42.81258010864258,45236400
2020-09-01,WMT,WMT,47.06666564941406,49.86333465576172,46.68333435058594,49.1966667175293,45.50743865966797,106798200
2020-09-02,WMT,WMT,50.41666793823242,50.44333267211914,48.53666687011719,49.22666549682617,45.535186767578125,51666000
2020-09-03,WMT,WMT,48.900001525878906,49.866668701171875,47.27000045776367,48.18000030517578,44.567012786865234,48015000
2020-09-04,WMT,WMT,48.00666809082031,48.3466682434082,46.70000076293945,47.61000061035156,44.03974914550781,33982200
2020-09-08,WMT,WMT,47.13666534423828,47.29999923706055,46.086666107177734,46.150001525878906,42.689247131347656,33966900
2020-09-09,WMT,WMT,46.6966667175293,47.53666687011719,46.483333587646484,46.630001068115234,43.13323974609375,33669000
2020-09-10,WMT,WMT,46.686668395996094,46.8466682434082,45.529998779296875,45.60333251953125,42.183563232421875,33709200
2020-09-11,WMT,WMT,45.68333435058594,46.14666748046875,45.18333435058594,45.56666564941406,42.14963912963867,28879800
2020-09-14,WMT,WMT,45.380001068115234,47.03333282470703,45.293331146240234,45.77333450317383,42.3408203125,45733800
2020-09-15,WMT,WMT,46.07666778564453,46.36000061035156,45.560001373291016,45.78666687011719,42.3531494140625,30427800
2020-09-16,WMT,WMT,46.13666534423828,46.22666549682617,45.349998474121094,45.41999816894531,42.01397705078125,27860400
2020-09-17,WMT,WMT,45.143333435058594,45.856666564941406,45.00666809082031,45.563331604003906,42.14656448364258,37245000
2020-09-18,WMT,WMT,45.47999954223633,45.84333419799805,44.91666793823242,45.0966682434082,41.71489334106445,54709200
2020-09-21,WMT,WMT,45.5,45.746665954589844,45.0966682434082,45.689998626708984,42.263736724853516,47275500
2020-09-22,WMT,WMT,45.689998626708984,46.33000183105469,45.52333450317383,46.10333251953125,42.64607238769531,33102000
2020-09-23,WMT,WMT,46.33333206176758,46.413333892822266,45.27333450317383,45.33000183105469,41.93073654174805,23133300
2020-09-24,WMT,WMT,45.24333190917969,45.93000030517578,45.02333450317383,45.56666564941406,42.14963912963867,29453100
2020-09-25,WMT,WMT,45.50666809082031,45.8466682434082,45.31999969482422,45.75666809082031,42.32540512084961,22618800
2020-09-28,WMT,WMT,45.720001220703125,46.016666412353516,45.573333740234375,45.75,42.31924057006836,21197100
2020-09-29,WMT,WMT,45.75,46.04666519165039,45.46333312988281,45.71333312988281,42.28532028198242,27702900
2020-09-30,WMT,WMT,45.79666519165039,47.246665954589844,45.733333587646484,46.63666534423828,43.13941192626953,34826400
2020-10-01,WMT,WMT,46.93333435058594,48.12666702270508,46.753334045410156,47.69333267211914,44.11683654785156,43290900
2020-10-02,WMT,WMT,47.4466667175293,47.70000076293945,46.709999084472656,46.83333206176758,43.32132339477539,24585000
2020-10-05,WMT,WMT,47.0966682434082,47.39666748046875,47.02333450317383,47.266666412353516,43.722171783447266,14259000
2020-10-06,WMT,WMT,47.290000915527344,47.64666748046875,46.75,46.87666702270508,43.361412048339844,21475500
2020-10-07,WMT,WMT,47.086666107177734,47.18333435058594,46.75,46.96333312988281,43.441585540771484,16949100
2020-10-08,WMT,WMT,47.16999816894531,47.36333465576172,47.040000915527344,47.119998931884766,43.586490631103516,14676900
2020-10-09,WMT,WMT,47.220001220703125,47.779998779296875,47.186668395996094,47.59333419799805,44.02434158325195,14494800
2020-10-12,WMT,WMT,47.67333221435547,48.46333312988281,47.67333221435547,48.08333206176758,44.47758483886719,18402300
2020-10-13,WMT,WMT,48.22666549682617,48.866668701171875,48.119998931884766,48.74333190917969,45.088096618652344,23800200
2020-10-14,WMT,WMT,48.79999923706055,48.84333419799805,47.91999816894531,47.97999954223633,44.38199996948242,19710900
2020-10-15,WMT,WMT,47.6966667175293,48.31999969482422,47.61333465576172,48.176666259765625,44.563934326171875,13692600
2020-10-16,WMT,WMT,48.46666717529297,48.71666717529297,48.15666580200195,48.23666763305664,44.61943054199219,16935000
2020-10-19,WMT,WMT,48.366668701171875,48.456668853759766,47.58333206176758,47.650001525878906,44.076759338378906,14643300
2020-10-20,WMT,WMT,48.03666687011719,48.5099983215332,47.87333297729492,47.96666717529297,44.36967468261719,14523000
2020-10-21,WMT,WMT,47.9466667175293,48.57666778564453,47.9466667175293,48.133331298828125,44.52384567260742,13114200
2020-10-22,WMT,WMT,48.063331604003906,48.186668395996094,47.563331604003906,47.849998474121094,44.26176071166992,13344000
2020-10-23,WMT,WMT,47.9900016784668,48.04666519165039,47.616668701171875,47.95000076293945,44.35425567626953,10540500
2020-10-26,WMT,WMT,47.61333465576172,47.706668853759766,46.97999954223633,47.38666534423828,43.833168029785156,16111800
2020-10-27,WMT,WMT,47.349998474121094,47.900001525878906,47.323333740234375,47.62333297729492,44.05208969116211,11831100
2020-10-28,WMT,WMT,46.98666763305664,47.37666702270508,46.62666702270508,46.68000030517578,43.17948913574219,16849200
2020-10-29,WMT,WMT,46.66666793823242,47.03666687011719,46.233333587646484,46.63999938964844,43.14249038696289,15153900
2020-10-30,WMT,WMT,46.393333435058594,46.6966667175293,45.790000915527344,46.25,42.78173065185547,18601800
2020-11-02,WMT,WMT,46.86333465576172,46.936668395996094,46.34333419799805,46.79999923706055,43.29049301147461,16575600
2020-11-03,WMT,WMT,47.21666717529297,48.0533332824707,47.189998626708984,47.59333419799805,44.02434158325195,15413100
2020-11-04,WMT,WMT,47.189998626708984,48.130001068115234,47.11333465576172,47.31999969482422,43.77150344848633,17927400
2020-11-05,WMT,WMT,48.0,48.07666778564453,47.64666748046875,47.823333740234375,44.237091064453125,14202600
2020-11-06,WMT,WMT,48.119998931884766,48.7400016784668,47.849998474121094,48.59000015258789,44.946266174316406,16198500
2020-11-09,WMT,WMT,49.33333206176758,49.400001525878906,47.82666778564453,47.8466682434082,44.2586784362793,28198500
2020-11-10,WMT,WMT,47.91666793823242,48.813331604003906,47.84333419799805,48.52000045776367,44.88151550292969,18199200
2020-11-11,WMT,WMT,48.973331451416016,49.6533317565918,48.79999923706055,49.32666778564453,45.627689361572266,18805800
2020-11-12,WMT,WMT,49.49333190917969,49.56999969482422,49.03333282470703,49.40999984741211,45.704769134521484,12564300
2020-11-13,WMT,WMT,49.64666748046875,50.313331604003906,49.17333221435547,50.18000030517578,46.417022705078125,19738200
2020-11-16,WMT,WMT,50.176666259765625,51.133331298828125,49.7599983215332,50.813331604003906,47.00286865234375,34560300
2020-11-17,WMT,WMT,50.16666793823242,51.08000183105469,49.72666549682617,49.790000915527344,46.05628967285156,42711600
2020-11-18,WMT,WMT,49.95333480834961,50.55666732788086,49.68333435058594,49.6966667175293,45.969947814941406,24936900
2020-11-19,WMT,WMT,49.81999969482422,50.81666564941406,49.77333450317383,50.706668853759766,46.90420150756836,18590700
2020-11-20,WMT,WMT,50.38999938964844,50.91999816894531,49.936668395996094,50.08000183105469,46.32453536987305,21937200
2020-11-23,WMT,WMT,50.12333297729492,50.46666717529297,49.790000915527344,50.310001373291016,46.53728103637695,18557100
2020-11-24,WMT,WMT,50.58000183105469,50.65999984741211,50.09000015258789,50.45333480834961,46.66986846923828,17155200
2020-11-25,WMT,WMT,50.41666793823242,50.79666519165039,50.4033317565918,50.61000061035156,46.81478500366211,13833300
2020-11-27,WMT,WMT,50.71666717529297,50.90666580200195,50.366668701171875,50.53333282470703,46.74386215209961,10999500
2020-11-30,WMT,WMT,50.53333282470703,50.983333587646484,50.03333282470703,50.93000030517578,47.11079025268555,32695500
2020-12-01,WMT,WMT,51.20000076293945,51.220001220703125,50.5533332824707,50.880001068115234,47.06453323364258,22935300
2020-12-02,WMT,WMT,50.66666793823242,50.87333297729492,49.84333419799805,50.17333221435547,46.410865783691406,23547000
2020-12-03,WMT,WMT,50.09333419799805,50.09333419799805,49.46333312988281,49.766666412353516,46.03469467163086,25725900
2020-12-04,WMT,WMT,49.836666107177734,49.836666107177734,49.19333267211914,49.63666534423828,45.9144401550293,20889300
2020-12-07,WMT,WMT,49.48666763305664,49.663333892822266,49.0533332824707,49.369998931884766,45.66777038574219,18479100
2020-12-08,WMT,WMT,49.119998931884766,49.95000076293945,49.060001373291016,49.81666564941406,46.0809440612793,20716500
2020-12-09,WMT,WMT,50.0,50.0,49.29666519165039,49.42333221435547,45.717105865478516,20139600
2020-12-10,WMT,WMT,49.25,49.383331298828125,48.856666564941406,49.01333236694336,45.503570556640625,20652300
2020-12-11,WMT,WMT,48.973331451416016,49.16999816894531,48.64666748046875,49.0,45.4911994934082,16860900
2020-12-14,WMT,WMT,49.233333587646484,49.2400016784668,48.46666717529297,48.54999923706055,45.073421478271484,25088100
2020-12-15,WMT,WMT,48.50666809082031,48.78666687011719,48.28666687011719,48.526668548583984,45.0517578125,31871400
2020-12-16,WMT,WMT,48.746665954589844,48.96333312988281,48.36000061035156,48.47666549682617,45.005332946777344,25650900
2020-12-17,WMT,WMT,48.686668395996094,48.813331604003906,48.383331298828125,48.70000076293945,45.212684631347656,30679500
2020-12-18,WMT,WMT,48.87333297729492,49.060001373291016,48.38666534423828,48.650001525878906,45.166259765625,41384100
2020-12-21,WMT,WMT,48.5,48.88999938964844,48.35333251953125,48.65666580200195,45.17245101928711,25553100
2020-12-22,WMT,WMT,48.383331298828125,48.74333190917969,47.71333312988281,48.06666564941406,44.624698638916016,37599000
2020-12-23,WMT,WMT,47.8466682434082,48.073333740234375,47.43333435058594,47.7400016784668,44.32143020629883,20430600
2020-12-24,WMT,WMT,47.8466682434082,48.130001068115234,47.72666549682617,47.83333206176758,44.40807342529297,9054600
2020-12-28,WMT,WMT,48.01333236694336,48.43333435058594,47.776668548583984,48.40666580200195,44.94034194946289,19344900
2020-12-29,WMT,WMT,48.54666519165039,48.616668701171875,47.86333465576172,48.099998474121094,44.655643463134766,17938200
2020-12-30,WMT,WMT,48.293331146240234,48.383331298828125,47.97999954223633,48.060001373291016,44.61851501464844,18751200
2020-12-31,WMT,WMT,48.06666564941406,48.09000015258789,47.616668701171875,48.04999923706055,44.60922622680664,17814000
2021-01-04,WMT,WMT,48.099998474121094,48.96333312988281,48.09333419799805,48.84333419799805,45.34575653076172,32182200
2021-01-05,WMT,WMT,48.866668701171875,49.02333450317383,48.163333892822266,48.58333206176758,45.104366302490234,26498100
2021-01-06,WMT,WMT,48.36333465576172,49.366668701171875,48.336666107177734,48.88666534423828,45.38597869873047,21918900
2021-01-07,WMT,WMT,49.206668853759766,49.253334045410156,48.68000030517578,48.883331298828125,45.38288116455078,20538000
2021-01-08,WMT,WMT,48.959999084472656,49.0,48.60333251953125,48.87666702270508,45.37670135498047,24478200
2021-01-11,WMT,WMT,48.66666793823242,49.33000183105469,48.66666793823242,49.0966682434082,45.5809440612793,26264400
2021-01-12,WMT,WMT,49.66666793823242,49.97666549682617,49.439998626708984,49.65666580200195,46.100833892822266,23373300
2021-01-13,WMT,WMT,49.58333206176758,49.689998626708984,49.143333435058594,49.150001525878906,45.630462646484375,16069500
2021-01-14,WMT,WMT,49.27333450317383,49.33333206176758,48.68000030517578,48.9900016784668,45.48191452026367,23017200
2021-01-15,WMT,WMT,48.380001068115234,48.633331298828125,47.88999938964844,48.21333312988281,44.76087188720703,35920500
2021-01-19,WMT,WMT,48.21333312988281,48.356666564941406,47.55666732788086,47.79666519165039,44.3740348815918,24123600
2021-01-20,WMT,WMT,47.86333465576172,48.5533332824707,47.630001068115234,48.503334045410156,45.030094146728516,23775600
2021-01-21,WMT,WMT,48.45333480834961,48.57666778564453,48.06999969482422,48.28333282470703,44.82585525512695,14325900
2021-01-22,WMT,WMT,48.53333282470703,49.11333465576172,48.37333297729492,48.776668548583984,45.28385925292969,19219500
2021-01-25,WMT,WMT,48.45333480834961,48.75,48.09000015258789,48.733333587646484,45.24363327026367,19031100
2021-01-26,WMT,WMT,48.543331146240234,49.27000045776367,48.4900016784668,49.16999816894531,45.64902877807617,15031500
2021-01-27,WMT,WMT,48.98666763305664,49.28666687011719,47.849998474121094,47.9466667175293,44.5132942199707,29910300
2021-01-28,WMT,WMT,48.1533317565918,48.753334045410156,47.87666702270508,47.91666793823242,44.48544692993164,22301700
2021-01-29,WMT,WMT,47.72666549682617,47.91666793823242,46.78333282470703,46.83000183105469,43.47658920288086,32509200
2021-02-01,WMT,WMT,46.970001220703125,47.163333892822266,46.39666748046875,46.42333221435547,43.099029541015625,25945200
2021-02-02,WMT,WMT,46.586666107177734,47.383331298828125,46.47999954223633,46.92333221435547,43.56324005126953,27002400
2021-02-03,WMT,WMT,46.88666534423828,47.349998474121094,46.87666702270508,47.06666564941406,43.69630813598633,14966700
2021-02-04,WMT,WMT,47.26333236694336,47.72666549682617,47.086666107177734,47.5099983215332,44.10788345336914,17346300
2021-02-05,WMT,WMT,47.81999969482422,48.28333282470703,47.5099983215332,48.119998931884766,44.67420959472656,20451600
2021-02-08,WMT,WMT,48.27000045776367,48.526668548583984,48.1533317565918,48.34333419799805,44.881553649902344,15825300
2021-02-09,WMT,WMT,48.19333267211914,48.77333450317383,48.19333267211914,48.61000061035156,45.12912368774414,15906900
2021-02-10,WMT,WMT,48.61000061035156,48.633331298828125,47.8466682434082,48.043331146240234,44.6030387878418,18576900
2021-02-11,WMT,WMT,48.04666519165039,48.31666564941406,47.9033317565918,48.00666809082031,44.56900405883789,12791400
2021-02-12,WMT,WMT,48.0533332824707,48.20333480834961,47.88999938964844,48.15666580200195,44.708248138427734,13423500
2021-02-16,WMT,WMT,48.64666748046875,48.79666519165039,48.310001373291016,48.5533332824707,45.076507568359375,27891000
2021-02-17,WMT,WMT,48.21666717529297,49.16666793823242,48.16666793823242,49.06666564941406,45.5530891418457,25571100
2021-02-18,WMT,WMT,46.33333206176758,46.900001525878906,45.83333206176758,45.88666534423828,42.60079574584961,96927300
2021-02-19,WMT,WMT,45.93333435058594,46.473331451416016,45.88999938964844,46.11333465576172,42.81124496459961,36606000
2021-02-22,WMT,WMT,45.913333892822266,46.11333465576172,45.41666793823242,45.89666748046875,42.610084533691406,32106600
2021-02-23,WMT,WMT,45.70333480834961,45.79666519165039,45.02000045776367,45.15666580200195,41.923072814941406,31300200
2021-02-24,WMT,WMT,45.290000915527344,45.38666534423828,44.349998474121094,44.4033317565918,41.223690032958984,46565700
2021-02-25,WMT,WMT,44.366668701171875,44.66999816894531,43.82666778564453,43.983333587646484,40.83375549316406,33324600
2021-02-26,WMT,WMT,43.82666778564453,43.936668395996094,43.28666687011719,43.30666732788086,40.20555114746094,42470700
2021-03-01,WMT,WMT,43.86000061035156,44.189998626708984,43.709999084472656,43.790000915527344,40.65428161621094,34634400
2021-03-02,WMT,WMT,43.836666107177734,44.25,43.336666107177734,43.369998931884766,40.26434326171875,29230800
2021-03-03,WMT,WMT,43.16666793823242,43.310001373291016,42.516666412353516,42.529998779296875,39.48450469970703,41837400
2021-03-04,WMT,WMT,42.619998931884766,43.19333267211914,42.09333419799805,42.5099983215332,39.4659423828125,45348000
2021-03-05,WMT,WMT,42.276668548583984,43.25,42.25,43.040000915527344,39.95798110961914,34073700
2021-03-08,WMT,WMT,43.11000061035156,43.279998779296875,42.60333251953125,42.62666702270508,39.574241638183594,40988400
2021-03-09,WMT,WMT,42.93333435058594,43.293331146240234,42.77333450317383,42.96333312988281,39.886817932128906,31988700
2021-03-10,WMT,WMT,42.95333480834961,44.349998474121094,42.823333740234375,44.060001373291016,40.90494155883789,44929200
2021-03-11,WMT,WMT,44.45333480834961,44.496665954589844,43.84333419799805,44.043331146240234,40.889469146728516,35489700
2021-03-12,WMT,WMT,44.17333221435547,44.84000015258789,44.026668548583984,44.706668853759766,41.50530242919922,28437600
2021-03-15,WMT,WMT,44.913333892822266,44.91666793823242,44.27333450317383,44.47666549682617,41.291770935058594,25071900
2021-03-16,WMT,WMT,44.27333450317383,44.7599983215332,44.27333450317383,44.46333312988281,41.27939224243164,19881000
2021-03-17,WMT,WMT,44.16666793823242,44.380001068115234,43.99333190917969,44.09333419799805,40.935882568359375,24156300
2021-03-18,WMT,WMT,43.720001220703125,43.983333587646484,43.310001373291016,43.336666107177734,40.401390075683594,29815500
2021-03-19,WMT,WMT,43.37666702270508,44.16666793823242,43.29999923706055,43.913333892822266,40.938995361328125,57703500
2021-03-22,WMT,WMT,43.66666793823242,44.150001525878906,43.663333892822266,44.12333297729492,41.134769439697266,24654000
2021-03-23,WMT,WMT,43.9033317565918,44.766666412353516,43.87666702270508,44.64666748046875,41.62266540527344,29154900
2021-03-24,WMT,WMT,44.810001373291016,44.810001373291016,44.349998474121094,44.369998931884766,41.36473846435547,23547300
2021-03-25,WMT,WMT,44.41999816894531,44.84333419799805,44.290000915527344,44.66999816894531,41.6444091796875,28125900
2021-03-26,WMT,WMT,44.66666793823242,45.06666564941406,44.473331451416016,45.043331146240234,41.992454528808594,28653600
2021-03-29,WMT,WMT,45.0,45.66999816894531,44.866668701171875,45.55666732788086,42.47102355957031,30146400
2021-03-30,WMT,WMT,45.44333267211914,45.86333465576172,45.15666580200195,45.246665954589844,42.18203353881836,27230100
2021-03-31,WMT,WMT,45.18333435058594,45.619998931884766,44.98666763305664,45.276668548583984,42.20999526977539,24546000
2021-04-01,WMT,WMT,45.313331604003906,45.630001068115234,45.11000061035156,45.206668853759766,42.14472961425781,25595100
2021-04-05,WMT,WMT,45.573333740234375,46.720001220703125,45.400001525878906,46.47666549682617,43.328704833984375,40043100
2021-04-06,WMT,WMT,46.369998931884766,46.983333587646484,46.17333221435547,46.70000076293945,43.536922454833984,31044600
2021-04-07,WMT,WMT,46.766666412353516,46.91666793823242,46.54999923706055,46.599998474121094,43.443687438964844,20361600
2021-04-08,WMT,WMT,46.81666564941406,47.040000915527344,46.5533332824707,46.56999969482422,43.41572189331055,19095600
2021-04-09,WMT,WMT,46.543331146240234,46.6966667175293,46.23666763305664,46.59333419799805,43.43747329711914,20676600
2021-04-12,WMT,WMT,46.689998626708984,46.793331146240234,46.4466667175293,46.599998474121094,43.443687438964844,18723000
2021-04-13,WMT,WMT,46.599998474121094,46.66666793823242,46.290000915527344,46.456668853759766,43.31006622314453,17397900
2021-04-14,WMT,WMT,46.37333297729492,46.48666763305664,46.13999938964844,46.439998626708984,43.294525146484375,21924600
2021-04-15,WMT,WMT,46.46666717529297,46.823333740234375,46.400001525878906,46.720001220703125,43.5555534362793,21710400
2021-04-16,WMT,WMT,46.96333312988281,46.98666763305664,46.56999969482422,46.869998931884766,43.69540023803711,26488500
2021-04-19,WMT,WMT,46.76333236694336,46.856666564941406,46.53666687011719,46.56999969482422,43.41572189331055,19281000
2021-04-20,WMT,WMT,46.473331451416016,47.25666809082031,46.27333450317383,46.93000030517578,43.7513313293457,24452100
2021-04-21,WMT,WMT,46.92333221435547,47.233333587646484,46.84333419799805,47.06666564941406,43.878746032714844,17335200
2021-04-22,WMT,WMT,47.026668548583984,47.150001525878906,46.473331451416016,46.55666732788086,43.403289794921875,19705200
2021-04-23,WMT,WMT,46.366668701171875,46.779998779296875,46.34333419799805,46.633331298828125,43.47475814819336,22971000
2021-04-26,WMT,WMT,46.63666534423828,46.66666793823242,45.880001068115234,45.970001220703125,42.856353759765625,22846200
2021-04-27,WMT,WMT,46.0,46.31666564941406,45.849998474121094,46.12666702270508,43.00242233276367,16151400
2021-04-28,WMT,WMT,46.116668701171875,46.1966667175293,45.956668853759766,45.96333312988281,42.85014724731445,14286600
2021-04-29,WMT,WMT,45.96666717529297,46.66666793823242,45.96666717529297,46.543331146240234,43.39085388183594,19596000
2021-04-30,WMT,WMT,46.56999969482422,46.663333892822266,46.369998931884766,46.63666534423828,43.47787094116211,19680000
2021-05-03,WMT,WMT,46.560001373291016,47.58000183105469,46.560001373291016,47.37333297729492,44.164642333984375,27139500
2021-05-04,WMT,WMT,47.18000030517578,47.34333419799805,46.70000076293945,46.90666580200195,43.729591369628906,19084200
2021-05-05,WMT,WMT,46.9033317565918,47.06666564941406,46.75,46.866668701171875,43.692291259765625,18351000
2021-05-06,WMT,WMT,46.66666793823242,47.119998931884766,46.483333587646484,47.016666412353516,44.004276275634766,16302000
2021-05-07,WMT,WMT,47.209999084472656,47.2400016784668,46.439998626708984,46.733333587646484,43.73909378051758,23408400
2021-05-10,WMT,WMT,46.81666564941406,47.36000061035156,46.77000045776367,46.939998626708984,43.93251037597656,26307600
2021-05-11,WMT,WMT,46.956668853759766,46.956668853759766,46.106666564941406,46.516666412353516,43.536293029785156,26464200
2021-05-12,WMT,WMT,46.290000915527344,46.32666778564453,45.3033332824707,45.313331604003906,42.41007614135742,25998300
2021-05-13,WMT,WMT,45.40999984741211,46.32666778564453,45.253334045410156,46.08000183105469,43.12762451171875,21475200
2021-05-14,WMT,WMT,46.27000045776367,46.746665954589844,46.143333435058594,46.50666809082031,43.526939392089844,16091700
2021-05-17,WMT,WMT,46.66666793823242,46.79999923706055,46.25666809082031,46.29666519165039,43.33039474487305,19675800
2021-05-18,WMT,WMT,47.836666107177734,48.19333267211914,47.06999969482422,47.3033332824707,44.2725715637207,58183800
2021-05-19,WMT,WMT,46.9033317565918,47.90666580200195,46.83333206176758,47.30666732788086,44.27568435668945,34874700
2021-05-20,WMT,WMT,47.16666793823242,47.62333297729492,46.900001525878906,47.473331451416016,44.43168640136719,30540900
2021-05-21,WMT,WMT,47.50666809082031,47.69333267211914,47.20000076293945,47.25,44.222660064697266,22927500
2021-05-24,WMT,WMT,47.253334045410156,47.473331451416016,47.119998931884766,47.253334045410156,44.22577667236328,18945900
2021-05-25,WMT,WMT,47.266666412353516,47.54666519165039,47.02333450317383,47.4466667175293,44.40671920776367,21505200
2021-05-26,WMT,WMT,47.46333312988281,47.62666702270508,47.253334045410156,47.38999938964844,44.35368728637695,19294200
2021-05-27,WMT,WMT,47.78333282470703,47.893333435058594,47.22999954223633,47.22999954223633,44.20393753051758,56577000
2021-05-28,WMT,WMT,47.310001373291016,47.483333587646484,47.21333312988281,47.34333419799805,44.31001281738281,21186300
2021-06-01,WMT,WMT,47.4033317565918,47.599998474121094,47.09000015258789,47.220001220703125,44.194576263427734,20767500
2021-06-02,WMT,WMT,47.130001068115234,47.23666763305664,46.6966667175293,47.116668701171875,44.097862243652344,23298000
2021-06-03,WMT,WMT,47.130001068115234,47.28333282470703,46.91666793823242,47.20000076293945,44.175865173339844,18374400
2021-06-04,WMT,WMT,47.1533317565918,47.43000030517578,47.08333206176758,47.28333282470703,44.25385284423828,13635900
2021-06-07,WMT,WMT,47.28333282470703,47.323333740234375,46.79666519165039,46.96666717529297,43.95747756958008,16630800
2021-06-08,WMT,WMT,46.836666107177734,46.96666717529297,46.60333251953125,46.61000061035156,43.6236572265625,20120700
2021-06-09,WMT,WMT,46.4466667175293,46.66999816894531,46.34333419799805,46.36000061035156,43.389678955078125,17085300
2021-06-10,WMT,WMT,46.36000061035156,46.72999954223633,46.36000061035156,46.62666702270508,43.63926315307617,16378500
2021-06-11,WMT,WMT,46.74333190917969,46.95000076293945,46.619998931884766,46.91666793823242,43.91067886352539,25232400
2021-06-14,WMT,WMT,46.97666549682617,46.97666549682617,46.676666259765625,46.85333251953125,43.851402282714844,15140700
2021-06-15,WMT,WMT,46.9466667175293,46.970001220703125,46.5533332824707,46.66666793823242,43.67668914794922,19327200
2021-06-16,WMT,WMT,46.616668701171875,46.68000030517578,45.65666580200195,45.71666717529297,42.787559509277344,28794900
2021-06-17,WMT,WMT,45.66666793823242,46.116668701171875,45.56999969482422,45.90666580200195,42.965389251708984,19341900
2021-06-18,WMT,WMT,45.14666748046875,45.46333312988281,44.79999923706055,45.05666732788086,42.16985321044922,44812800
2021-06-21,WMT,WMT,45.220001220703125,45.58333206176758,45.116668701171875,45.46666717529297,42.55358123779297,20775000
2021-06-22,WMT,WMT,45.40999984741211,45.90666580200195,45.40999984741211,45.676666259765625,42.75011444091797,19107000
2021-06-23,WMT,WMT,45.5,45.663333892822266,45.310001373291016,45.31999969482422,42.41630935668945,19390500
2021-06-24,WMT,WMT,45.38999938964844,45.746665954589844,45.366668701171875,45.63666534423828,42.71268081665039,23444100
2021-06-25,WMT,WMT,45.709999084472656,46.28666687011719,45.63999938964844,46.176666259765625,43.21808624267578,28640700
2021-06-28,WMT,WMT,46.01333236694336,46.21333312988281,45.53333282470703,46.03333282470703,43.08393859863281,15549000
2021-06-29,WMT,WMT,45.96666717529297,46.15666580200195,45.74333190917969,45.766666412353516,42.8343620300293,35962500
2021-06-30,WMT,WMT,46.52000045776367,47.526668548583984,46.22999954223633,47.00666809082031,43.99491882324219,45511200
2021-07-01,WMT,WMT,46.8033332824707,47.08333206176758,46.336666107177734,46.439998626708984,43.464542388916016,26348700
2021-07-02,WMT,WMT,46.45000076293945,47.026668548583984,46.45000076293945,46.70333480834961,43.71100616455078,26280600
2021-07-06,WMT,WMT,46.633331298828125,46.91666793823242,46.503334045410156,46.64666748046875,43.6579704284668,18279300
2021-07-07,WMT,WMT,46.586666107177734,47.063331604003906,46.45333480834961,46.56999969482422,43.586219787597656,25607400
2021-07-08,WMT,WMT,46.11333465576172,46.883331298828125,46.073333740234375,46.529998779296875,43.54878234863281,21267000
2021-07-09,WMT,WMT,46.8033332824707,46.9466667175293,46.643333435058594,46.766666412353516,43.770294189453125,15185400
2021-07-12,WMT,WMT,46.89666748046875,46.93000030517578,46.44333267211914,46.68333435058594,43.69228744506836,19515000
2021-07-13,WMT,WMT,46.663333892822266,47.060001373291016,46.64666748046875,46.86000061035156,43.857643127441406,18947700
2021-07-14,WMT,WMT,46.9033317565918,47.266666412353516,46.61000061035156,47.18333435058594,44.16025924682617,18812100
2021-07-15,WMT,WMT,47.33333206176758,47.54666519165039,47.029998779296875,47.220001220703125,44.194576263427734,17974800
2021-07-16,WMT,WMT,47.233333587646484,47.37666702270508,46.983333587646484,47.186668395996094,44.16338348388672,18095400
2021-07-19,WMT,WMT,47.13666534423828,47.65999984741211,46.59000015258789,47.07666778564453,44.0604248046875,27383100
2021-07-20,WMT,WMT,46.9900016784668,47.4900016784668,46.926666259765625,47.290000915527344,44.26008605957031,19020300
2021-07-21,WMT,WMT,47.5,47.51333236694336,46.9033317565918,47.05666732788086,44.04170608520508,18591900
2021-07-22,WMT,WMT,47.043331146240234,47.37333297729492,46.93333435058594,47.09000015258789,44.072906494140625,13013400
2021-07-23,WMT,WMT,47.17333221435547,47.573333740234375,47.003334045410156,47.47666549682617,44.43479919433594,15947400
2021-07-26,WMT,WMT,47.45333480834961,47.95333480834961,47.1533317565918,47.543331146240234,44.4971923828125,18517200
2021-07-27,WMT,WMT,47.66666793823242,47.66666793823242,47.31999969482422,47.54666519165039,44.500308990478516,15395700
2021-07-28,WMT,WMT,47.49333190917969,47.75,47.220001220703125,47.35333251953125,44.31935119628906,14071500
2021-07-29,WMT,WMT,47.54666519165039,47.616668701171875,47.34000015258789,47.413333892822266,44.37552261352539,11063100
2021-07-30,WMT,WMT,47.06666564941406,47.6533317565918,47.06666564941406,47.516666412353516,44.472232818603516,16332300
2021-08-02,WMT,WMT,47.61000061035156,47.62333297729492,47.223331451416016,47.40666580200195,44.36927795410156,19958400
2021-08-03,WMT,WMT,47.47999954223633,47.96666717529297,47.45333480834961,47.939998626708984,44.86844253540039,18915300
2021-08-04,WMT,WMT,47.793331146240234,47.97999954223633,47.58000183105469,47.61333465576172,44.562705993652344,15301500
2021-08-05,WMT,WMT,48.07666778564453,48.51333236694336,47.996665954589844,48.496665954589844,45.38944625854492,27005400
2021-08-06,WMT,WMT,48.73666763305664,48.823333740234375,48.31666564941406,48.40999984741211,45.30832290649414,19263600
2021-08-09,WMT,WMT,48.63666534423828,48.82666778564453,48.46666717529297,48.526668548583984,45.417518615722656,15811800
2021-08-10,WMT,WMT,48.9900016784668,49.650001525878906,48.75,49.560001373291016,46.38465118408203,38262000
2021-08-11,WMT,WMT,49.836666107177734,50.526668548583984,49.720001220703125,50.003334045410156,46.799583435058594,41455800
2021-08-12,WMT,WMT,49.66666793823242,50.06999969482422,49.60333251953125,49.686668395996094,46.674320220947266,18269100
2021-08-13,WMT,WMT,49.793331146240234,50.119998931884766,49.720001220703125,49.84333419799805,46.82149124145508,15981300
2021-08-16,WMT,WMT,49.893333435058594,50.57666778564453,49.68000030517578,50.25,47.20351028442383,47791500
2021-08-17,WMT,WMT,50.133331298828125,50.83333206176758,49.70000076293945,50.233333587646484,47.18785095214844,50950200
2021-08-18,WMT,WMT,50.18333435058594,50.856666564941406,49.67333221435547,49.70000076293945,46.686851501464844,28211700
2021-08-19,WMT,WMT,49.44333267211914,50.220001220703125,49.33333206176758,50.03666687011719,47.003108978271484,22630500
2021-08-20,WMT,WMT,50.15999984741211,50.573333740234375,49.91666793823242,50.483333587646484,47.42270278930664,19400400
2021-08-23,WMT,WMT,50.5099983215332,50.5966682434082,50.13666534423828,50.150001525878906,47.10957717895508,16166100
2021-08-24,WMT,WMT,50.16666793823242,50.16666793823242,49.56666564941406,49.633331298828125,46.62422180175781,18828900
2021-08-25,WMT,WMT,49.470001220703125,49.7599983215332,49.34333419799805,49.6533317565918,46.643009185791016,21921300
2021-08-26,WMT,WMT,49.15666580200195,49.42333221435547,48.88999938964844,49.116668701171875,46.138885498046875,23466900
2021-08-27,WMT,WMT,49.16999816894531,49.22999954223633,48.72666549682617,48.84000015258789,45.87899398803711,23088600
2021-08-30,WMT,WMT,48.80666732788086,49.33333206176758,48.67333221435547,49.233333587646484,46.24847412109375,16440600
2021-08-31,WMT,WMT,49.33000183105469,49.47999954223633,49.08000183105469,49.366668701171875,46.37373352050781,25078500
2021-09-01,WMT,WMT,49.186668395996094,49.310001373291016,48.856666564941406,49.2599983215332,46.27352523803711,19056600
2021-09-02,WMT,WMT,49.37333297729492,49.5966682434082,49.22999954223633,49.52000045776367,46.51776123046875,20018100
2021-09-03,WMT,WMT,49.400001525878906,49.883331298828125,49.29999923706055,49.75,46.733821868896484,17211900
2021-09-07,WMT,WMT,49.65666580200195,49.723331451416016,49.02000045776367,49.09000015258789,46.11384201049805,25345200
2021-09-08,WMT,WMT,48.983333587646484,49.439998626708984,48.90999984741211,49.1533317565918,46.17332458496094,19508400
2021-09-09,WMT,WMT,49.1533317565918,49.20333480834961,48.61333465576172,48.80666732788086,45.84767532348633,22328700
2021-09-10,WMT,WMT,49.06666564941406,49.08000183105469,48.47666549682617,48.630001068115234,45.68172073364258,15775200
2021-09-13,WMT,WMT,48.84000015258789,49.04999923706055,48.21333312988281,48.35333251953125,45.42182922363281,19529400
2021-09-14,WMT,WMT,48.49333190917969,48.62666702270508,47.973331451416016,48.099998474121094,45.18385314941406,16533900
2021-09-15,WMT,WMT,48.02333450317383,48.25,47.93000030517578,48.18333435058594,45.26213836669922,14850000
2021-09-16,WMT,WMT,48.14666748046875,48.436668395996094,47.89666748046875,48.34333419799805,45.412437438964844,18428400
2021-09-17,WMT,WMT,48.04666519165039,48.720001220703125,48.00666809082031,48.24333190917969,45.31849670410156,73032600
2021-09-20,WMT,WMT,47.83333206176758,48.39666748046875,47.206668853759766,47.58000183105469,44.69538879394531,25054500
2021-09-21,WMT,WMT,47.56666564941406,48.19333267211914,47.55666732788086,47.67333221435547,44.78305435180664,17437500
2021-09-22,WMT,WMT,47.823333740234375,47.866668701171875,47.43000030517578,47.563331604003906,44.67972183227539,15044400
2021-09-23,WMT,WMT,47.7400016784668,47.87666702270508,47.483333587646484,47.59000015258789,44.70477294921875,15585300
2021-09-24,WMT,WMT,47.5,47.89666748046875,47.496665954589844,47.723331451416016,44.83001708984375,13360500
2021-09-27,WMT,WMT,47.62333297729492,47.849998474121094,47.279998779296875,47.41666793823242,44.54194641113281,21250800
2021-09-28,WMT,WMT,47.293331146240234,47.356666564941406,46.663333892822266,46.83333206176758,43.99397659301758,20580900
2021-09-29,WMT,WMT,46.883331298828125,47.276668548583984,46.77333450317383,46.813331604003906,43.97519302368164,21375600
2021-09-30,WMT,WMT,46.880001068115234,47.24333190917969,46.41666793823242,46.459999084472656,43.64327621459961,22457700
2021-10-01,WMT,WMT,46.41999816894531,46.543331146240234,45.30666732788086,45.68333435058594,42.91370391845703,30014400
2021-10-04,WMT,WMT,45.6966667175293,46.07666778564453,44.9033317565918,45.24333190917969,42.50038146972656,29970300
2021-10-05,WMT,WMT,45.31666564941406,45.9033317565918,45.29999923706055,45.540000915527344,42.77906799316406,20597400
2021-10-06,WMT,WMT,45.413333892822266,45.93000030517578,45.37666702270508,45.87333297729492,43.092185974121094,19376700
2021-10-07,WMT,WMT,46.2599983215332,46.900001525878906,46.253334045410156,46.413333892822266,43.59944152832031,21068100
2021-10-08,WMT,WMT,46.5533332824707,46.6966667175293,46.336666107177734,46.5533332824707,43.730953216552734,13847400
2021-10-11,WMT,WMT,46.50666809082031,46.926666259765625,46.47999954223633,46.5099983215332,43.69025802612305,13048200
2021-10-12,WMT,WMT,46.4466667175293,46.8033332824707,46.356666564941406,46.459999084472656,43.64327621459961,15789300
2021-10-13,WMT,WMT,46.5,46.66999816894531,46.043331146240234,46.12333297729492,43.3270263671875,17937900
2021-10-14,WMT,WMT,46.16666793823242,46.689998626708984,46.16666793823242,46.62333297729492,43.79671096801758,19783500
2021-10-15,WMT,WMT,46.87333297729492,47.03333282470703,46.6533317565918,46.849998474121094,44.0096435546875,20737200
2021-10-18,WMT,WMT,46.66666793823242,47.336666107177734,46.61000061035156,47.22666549682617,44.363468170166016,19887000
2021-10-19,WMT,WMT,48.209999084472656,48.53666687011719,47.88666534423828,48.22999954223633,45.30598449707031,33444300
2021-10-20,WMT,WMT,48.29666519165039,48.83000183105469,48.29666519165039,48.66666793823242,45.716163635253906,17453700
2021-10-21,WMT,WMT,48.86000061035156,48.973331451416016,48.60333251953125,48.936668395996094,45.96979904174805,13954500
2021-10-22,WMT,WMT,49.03333282470703,49.89666748046875,49.03333282470703,49.4466667175293,46.44887924194336,21195600
2021-10-25,WMT,WMT,49.59333419799805,50.17333221435547,49.336666107177734,50.02000045776367,46.987457275390625,19287900
2021-10-26,WMT,WMT,50.0,50.18333435058594,49.48666763305664,49.58333206176758,46.5772590637207,17418600
2021-10-27,WMT,WMT,49.6533317565918,49.67333221435547,49.130001068115234,49.176666259765625,46.19525146484375,14565600
2021-10-28,WMT,WMT,49.4466667175293,49.65999984741211,49.23666763305664,49.483333587646484,46.48332214355469,12598500
2021-10-29,WMT,WMT,49.3033332824707,50.03333282470703,49.186668395996094,49.80666732788086,46.787052154541016,22022700
2021-11-01,WMT,WMT,49.99333190917969,50.25,49.78333282470703,49.93000030517578,46.90290832519531,12549600
2021-11-02,WMT,WMT,49.9900016784668,50.060001373291016,49.7599983215332,49.90666580200195,46.8809928894043,13638900
2021-11-03,WMT,WMT,49.866668701171875,50.0966682434082,49.676666259765625,50.060001373291016,47.0250358581543,14209500
2021-11-04,WMT,WMT,50.060001373291016,50.616668701171875,49.94333267211914,50.426666259765625,47.36946105957031,15149100
2021-11-05,WMT,WMT,50.66666793823242,50.66666793823242,49.87333297729492,50.07666778564453,47.040687561035156,15081900
2021-11-08,WMT,WMT,50.073333740234375,50.16999816894531,49.57666778564453,49.75666809082031,46.740089416503906,15373200
2021-11-09,WMT,WMT,49.84000015258789,49.956668853759766,49.62333297729492,49.93000030517578,46.90290832519531,15001800
2021-11-10,WMT,WMT,49.57666778564453,49.87333297729492,49.32666778564453,49.47999954223633,46.480186462402344,16803600
2021-11-11,WMT,WMT,49.59000015258789,49.663333892822266,49.39666748046875,49.5,46.49897384643555,13603200
2021-11-12,WMT,WMT,49.66666793823242,49.746665954589844,49.18000030517578,49.253334045410156,46.26727294921875,18313800
2021-11-15,WMT,WMT,49.383331298828125,49.483333587646484,48.79999923706055,48.970001220703125,46.0011100769043,28896000
2021-11-16,WMT,WMT,48.366668701171875,48.893333435058594,47.43333435058594,47.723331451416016,44.83001708984375,73986600
2021-11-17,WMT,WMT,47.720001220703125,48.2400016784668,47.27333450317383,47.313331604003906,44.444881439208984,33116100
2021-11-18,WMT,WMT,47.380001068115234,47.76333236694336,46.95333480834961,47.720001220703125,44.8268928527832,24394200
2021-11-19,WMT,WMT,47.87333297729492,48.0,47.313331604003906,47.46333312988281,44.58578872680664,28119300
2021-11-22,WMT,WMT,47.5533332824707,48.45333480834961,47.33333206176758,48.2599983215332,45.33415222167969,29126400
2021-11-23,WMT,WMT,48.08333206176758,48.65999984741211,47.75,48.60333251953125,45.65666961669922,29907900
2021-11-24,WMT,WMT,48.57666778564453,49.02000045776367,48.54666519165039,48.8466682434082,45.885250091552734,18089400
2021-11-26,WMT,WMT,48.813331604003906,49.293331146240234,48.13999938964844,48.29999923706055,45.37173080444336,21039600
2021-11-29,WMT,WMT,48.33333206176758,48.41666793823242,47.40999984741211,47.543331146240234,44.66093826293945,33039600
2021-11-30,WMT,WMT,47.15999984741211,47.5,46.66999816894531,46.87666702270508,44.03468704223633,64818900
2021-12-01,WMT,WMT,46.836666107177734,46.90666580200195,45.68000030517578,45.71333312988281,42.94188690185547,36621300
2021-12-02,WMT,WMT,45.87666702270508,46.14666748046875,45.08000183105469,45.15666580200195,42.418968200683594,39805800
2021-12-03,WMT,WMT,45.28666687011719,45.959999084472656,45.0966682434082,45.836666107177734,43.0577392578125,44142600
2021-12-06,WMT,WMT,45.85333251953125,46.45333480834961,45.70000076293945,46.33333206176758,43.524295806884766,32589300
2021-12-07,WMT,WMT,46.53333282470703,46.61000061035156,46.029998779296875,46.18333435058594,43.383392333984375,37739100
2021-12-08,WMT,WMT,46.02000045776367,46.16666793823242,45.336666107177734,45.71666717529297,42.945011138916016,34496400
2021-12-09,WMT,WMT,45.543331146240234,46.189998626708984,45.23666763305664,46.16666793823242,43.54234313964844,32351700
2021-12-10,WMT,WMT,46.11333465576172,47.099998474121094,45.856666564941406,47.0099983215332,44.337738037109375,38575500
2021-12-13,WMT,WMT,46.746665954589844,47.91666793823242,46.66999816894531,47.856666564941406,45.13627624511719,54039300
2021-12-14,WMT,WMT,47.766666412353516,48.426666259765625,47.383331298828125,48.313331604003906,45.566993713378906,46721400
2021-12-15,WMT,WMT,48.4033317565918,48.823333740234375,47.79999923706055,48.59000015258789,45.82792282104492,33489900
2021-12-16,WMT,WMT,48.59000015258789,48.84333419799805,47.630001068115234,47.779998779296875,45.06397247314453,39069600
2021-12-17,WMT,WMT,47.58333206176758,47.983333587646484,46.130001068115234,46.25,43.620948791503906,78581100
2021-12-20,WMT,WMT,46.040000915527344,46.58333206176758,45.866668701171875,46.400001525878906,43.76241683959961,31017900
2021-12-21,WMT,WMT,46.29999923706055,46.619998931884766,46.003334045410156,46.540000915527344,43.89445495605469,24620400
2021-12-22,WMT,WMT,46.633331298828125,46.663333892822266,46.176666259765625,46.599998474121094,43.951045989990234,17028000
2021-12-23,WMT,WMT,46.599998474121094,46.720001220703125,46.28333282470703,46.496665954589844,43.85358810424805,17592600
2021-12-27,WMT,WMT,46.53333282470703,46.956668853759766,46.52333450317383,46.91999816894531,44.252864837646484,16040700
2021-12-28,WMT,WMT,46.866668701171875,47.65666580200195,46.866668701171875,47.59333419799805,44.88792037963867,15783000
2021-12-29,WMT,WMT,47.5533332824707,47.84333419799805,47.439998626708984,47.56999969482422,44.865909576416016,13045200
2021-12-30,WMT,WMT,47.753334045410156,47.900001525878906,47.49333190917969,47.723331451416016,45.01052474975586,14949000
2021-12-31,WMT,WMT,47.733333587646484,48.3466682434082,47.63999938964844,48.22999954223633,45.48839569091797,17947800
2022-01-03,WMT,WMT,48.0,48.26333236694336,47.66999816894531,48.21666717529297,45.47582244873047,20706600
2022-01-04,WMT,WMT,48.01333236694336,48.380001068115234,47.253334045410156,47.33333206176758,44.642696380615234,33930000
2022-01-05,WMT,WMT,47.616668701171875,48.650001525878906,47.58000183105469,47.973331451416016,45.24631118774414,35418000
2022-01-06,WMT,WMT,47.87333297729492,48.21333312988281,47.46666717529297,47.84000015258789,45.12057113647461,21828900
2022-01-07,WMT,WMT,47.83333206176758,48.45333480834961,47.6533317565918,48.29666519165039,45.55126190185547,19723500
2022-01-10,WMT,WMT,48.47999954223633,48.529998779296875,47.706668853759766,48.20333480834961,45.46324920654297,22731600
2022-01-11,WMT,WMT,48.06999969482422,48.206668853759766,47.72666549682617,48.06666564941406,45.3343391418457,21668700
2022-01-12,WMT,WMT,47.893333435058594,47.98666763305664,47.66666793823242,47.813331604003906,45.09540939331055,18946800
2022-01-13,WMT,WMT,47.810001373291016,48.560001373291016,47.70333480834961,48.4900016784668,45.733612060546875,24252600
2022-01-14,WMT,WMT,48.073333740234375,48.87666702270508,48.073333740234375,48.35333251953125,45.60470962524414,26867400
2022-01-18,WMT,WMT,48.13666534423828,48.233333587646484,47.37666702270508,47.50666809082031,44.80616760253906,21123900
2022-01-19,WMT,WMT,47.51333236694336,48.33000183105469,47.30666732788086,47.97999954223633,45.25259780883789,22674000
2022-01-20,WMT,WMT,47.45000076293945,48.1533317565918,47.02333450317383,47.073333740234375,44.39747619628906,22387200
2022-01-21,WMT,WMT,47.073333740234375,47.41999816894531,46.686668395996094,46.72999954223633,44.07366180419922,27508200
2022-01-24,WMT,WMT,46.356666564941406,46.84333419799805,45.77000045776367,46.733333587646484,44.076805114746094,28699200
2022-01-25,WMT,WMT,46.663333892822266,46.790000915527344,45.60333251953125,45.71666717529297,43.11792755126953,29479500
2022-01-26,WMT,WMT,45.779998779296875,46.26333236694336,45.0533332824707,45.25,42.67778396606445,26185500
2022-01-27,WMT,WMT,45.63999938964844,46.36000061035156,45.12333297729492,45.279998779296875,42.706077575683594,27759000
2022-01-28,WMT,WMT,45.33333206176758,45.856666564941406,44.650001525878906,45.84000015258789,43.234256744384766,25131900
2022-01-31,WMT,WMT,45.6966667175293,46.68000030517578,45.56666564941406,46.60333251953125,43.954185485839844,20193600
2022-02-01,WMT,WMT,46.4033317565918,47.04999923706055,46.33000183105469,46.970001220703125,44.300010681152344,20323200
2022-02-02,WMT,WMT,47.0,47.21333312988281,46.71666717529297,46.95000076293945,44.281150817871094,18149700
2022-02-03,WMT,WMT,46.753334045410156,47.33000183105469,46.59000015258789,46.996665954589844,44.32516098022461,20741100
2022-02-04,WMT,WMT,46.96333312988281,47.0,46.116668701171875,46.44333267211914,43.80329132080078,22036500
2022-02-07,WMT,WMT,46.686668395996094,46.689998626708984,45.869998931884766,45.98666763305664,43.372581481933594,20010300
2022-02-08,WMT,WMT,46.106666564941406,46.413333892822266,45.836666107177734,45.996665954589844,43.38201141357422,19458900
2022-02-09,WMT,WMT,46.16666793823242,46.26333236694336,45.823333740234375,45.89666748046875,43.287696838378906,21473700
2022-02-10,WMT,WMT,45.516666412353516,45.66999816894531,45.1533317565918,45.36000061035156,42.78154373168945,27810600
2022-02-11,WMT,WMT,45.606666564941406,45.72666549682617,44.723331451416016,45.11000061035156,42.54574203491211,23733300
2022-02-14,WMT,WMT,45.11000061035156,45.31999969482422,44.23666763305664,44.650001525878906,42.111900329589844,29363400
2022-02-15,WMT,WMT,44.913333892822266,45.223331451416016,44.5966682434082,44.790000915527344,42.24393844604492,21824400
2022-02-16,WMT,WMT,44.776668548583984,44.959999084472656,44.233333587646484,44.5099983215332,41.979854583740234,28490700
2022-02-17,WMT,WMT,44.66666793823242,46.4900016784668,44.59333419799805,46.293331146240234,43.66181182861328,53831400
2022-02-18,WMT,WMT,46.03333282470703,46.529998779296875,45.720001220703125,45.996665954589844,43.38201141357422,31103400
2022-02-22,WMT,WMT,45.92333221435547,46.08000183105469,45.313331604003906,45.483333587646484,42.897857666015625,25380900
2022-02-23,WMT,WMT,45.619998931884766,45.72999954223633,44.9466667175293,45.016666412353516,42.45771789550781,21030900
2022-02-24,WMT,WMT,44.63666534423828,45.003334045410156,44.003334045410156,44.84333419799805,42.29423141479492,31717500
2022-02-25,WMT,WMT,44.936668395996094,45.59333419799805,44.6966667175293,45.459999084472656,42.875850677490234,24997800
2022-02-28,WMT,WMT,45.0,45.356666564941406,44.59000015258789,45.0533332824707,42.49230194091797,26286600
2022-03-01,WMT,WMT,45.290000915527344,45.96333312988281,45.00666809082031,45.33000183105469,42.75324249267578,24024900
2022-03-02,WMT,WMT,45.220001220703125,45.61000061035156,45.060001373291016,45.38666534423828,42.806697845458984,23863800
2022-03-03,WMT,WMT,45.76333236694336,46.823333740234375,45.516666412353516,46.43000030517578,43.790714263916016,29885100
2022-03-04,WMT,WMT,45.936668395996094,47.64666748046875,45.86333465576172,47.606666564941406,44.900489807128906,35576400
2022-03-07,WMT,WMT,47.099998474121094,47.87666702270508,46.81666564941406,47.223331451416016,44.53894805908203,45870000
2022-03-08,WMT,WMT,47.16666793823242,47.48666763305664,46.19333267211914,46.246665954589844,43.617801666259766,28305600
2022-03-09,WMT,WMT,46.66666793823242,46.746665954589844,46.04666519165039,46.48666763305664,43.84415817260742,22122900
2022-03-10,WMT,WMT,46.496665954589844,47.66666793823242,46.336666107177734,47.543331146240234,44.84074783325195,27512700
2022-03-11,WMT,WMT,47.43333435058594,48.016666412353516,47.293331146240234,47.356666564941406,44.66469955444336,19162200
2022-03-14,WMT,WMT,47.34000015258789,48.28333282470703,47.33000183105469,48.016666412353516,45.28718566894531,22646400
2022-03-15,WMT,WMT,48.176666259765625,48.71666717529297,47.95000076293945,48.59333419799805,45.831077575683594,22872600
2022-03-16,WMT,WMT,48.46333312988281,48.97999954223633,47.900001525878906,48.45000076293945,45.69587707519531,24615900
2022-03-17,WMT,WMT,48.150001525878906,48.43333435058594,47.54999923706055,48.336666107177734,45.76530456542969,19023000
2022-03-18,WMT,WMT,48.393333435058594,48.52333450317383,48.03666687011719,48.47999954223633,45.901023864746094,31233300
2022-03-21,WMT,WMT,48.47666549682617,49.0966682434082,47.87333297729492,48.07666778564453,45.51915740966797,21350700
2022-03-22,WMT,WMT,48.20333480834961,48.323333740234375,47.65999984741211,47.93333435058594,45.383453369140625,20235000
2022-03-23,WMT,WMT,47.71333312988281,47.90999984741211,47.17333221435547,47.31666564941406,44.79957580566406,19625400
2022-03-24,WMT,WMT,47.46333312988281,47.970001220703125,47.293331146240234,47.61000061035156,45.07731628417969,13440900
2022-03-25,WMT,WMT,47.81666564941406,47.97666549682617,47.41999816894531,47.81666564941406,45.27298355102539,14085300
2022-03-28,WMT,WMT,47.83333206176758,48.686668395996094,47.766666412353516,48.66666793823242,46.07776641845703,20105700
2022-03-29,WMT,WMT,48.866668701171875,49.366668701171875,48.75,49.07666778564453,46.465965270996094,19934400
2022-03-30,WMT,WMT,49.043331146240234,50.060001373291016,49.01333236694336,49.956668853759766,47.299137115478516,24991500
2022-03-31,WMT,WMT,49.5966682434082,50.18000030517578,49.393333435058594,49.63999938964844,46.99931716918945,27163800
2022-04-01,WMT,WMT,49.88666534423828,50.42333221435547,49.61333465576172,50.336666107177734,47.65891647338867,20939700
2022-04-04,WMT,WMT,50.3033332824707,51.06666564941406,50.026668548583984,50.3466682434082,47.66838455200195,25332600
2022-04-05,WMT,WMT,50.293331146240234,51.11000061035156,50.293331146240234,50.4900016784668,47.804107666015625,18657900
2022-04-06,WMT,WMT,50.34000015258789,51.80666732788086,50.16666793823242,51.663333892822266,48.91501235961914,28018500
2022-04-07,WMT,WMT,51.70000076293945,52.51333236694336,51.47999954223633,52.18000030517578,49.40419387817383,27088200
2022-04-08,WMT,WMT,52.3033332824707,52.8033332824707,52.06999969482422,52.470001220703125,49.678775787353516,23294400
2022-04-11,WMT,WMT,52.323333740234375,52.746665954589844,51.209999084472656,51.43000030517578,48.69409942626953,24712800
2022-04-12,WMT,WMT,51.413333892822266,51.79999923706055,50.849998474121094,51.07666778564453,48.35955810546875,26761200
2022-04-13,WMT,WMT,51.150001525878906,52.5966682434082,51.116668701171875,52.40666580200195,49.61880874633789,29284500
2022-04-14,WMT,WMT,52.369998931884766,52.76333236694336,52.143333435058594,52.36000061035156,49.57462692260742,22360500
2022-04-18,WMT,WMT,52.25,52.65999984741211,51.73666763305664,51.959999084472656,49.195892333984375,14671800
2022-04-19,WMT,WMT,52.223331451416016,52.650001525878906,52.01333236694336,52.54999923706055,49.754520416259766,15855000
2022-04-20,WMT,WMT,52.78333282470703,53.45000076293945,52.76333236694336,53.209999084472656,50.37940216064453,19821600
2022-04-21,WMT,WMT,53.30666732788086,53.59000015258789,53.02333450317383,53.290000915527344,50.45515060424805,18168300
2022-04-22,WMT,WMT,53.41666793823242,53.45333480834961,52.220001220703125,52.28666687011719,49.50518798828125,21046200
2022-04-25,WMT,WMT,52.12333297729492,52.4900016784668,51.45000076293945,52.313331604003906,49.53043746948242,18057600
2022-04-26,WMT,WMT,52.12333297729492,52.709999084472656,51.733333587646484,51.766666412353516,49.01285171508789,19601100
2022-04-27,WMT,WMT,51.84333419799805,52.06666564941406,51.34000015258789,51.413333892822266,48.678314208984375,17496900
2022-04-28,WMT,WMT,51.74333190917969,52.32666778564453,51.366668701171875,52.06999969482422,49.30005645751953,14955900
2022-04-29,WMT,WMT,51.936668395996094,52.073333740234375,50.9033317565918,50.996665954589844,48.28382110595703,21088800
2022-05-02,WMT,WMT,51.6533317565918,51.663333892822266,50.106666564941406,50.65999984741211,47.965065002441406,20016000
2022-05-03,WMT,WMT,50.810001373291016,51.426666259765625,50.59333419799805,50.836666107177734,48.13232421875,17950500
2022-05-04,WMT,WMT,50.676666259765625,51.606666564941406,50.503334045410156,51.540000915527344,48.798240661621094,20022600
2022-05-05,WMT,WMT,51.21333312988281,51.276668548583984,50.46666717529297,50.913333892822266,48.38014602661133,23234400
2022-05-06,WMT,WMT,50.56999969482422,51.31666564941406,49.42333221435547,49.85333251953125,47.37288284301758,34258200
2022-05-09,WMT,WMT,49.4900016784668,51.03333282470703,49.39666748046875,50.436668395996094,47.927188873291016,28207200
2022-05-10,WMT,WMT,50.47666549682617,50.76333236694336,49.52000045776367,49.72666549682617,47.25251007080078,24861300
2022-05-11,WMT,WMT,49.79999923706055,50.25,48.970001220703125,49.206668853759766,46.75838851928711,27878700
2022-05-12,WMT,WMT,49.28666687011719,50.04999923706055,48.84000015258789,49.15999984741211,46.714046478271484,25244400
2022-05-13,WMT,WMT,49.23666763305664,49.459999084472656,48.71333312988281,49.349998474121094,46.894588470458984,19962300
2022-05-16,WMT,WMT,49.793331146240234,49.90999984741211,48.81999969482422,49.4033317565918,46.94527053833008,21449100
2022-05-17,WMT,WMT,45.47666549682617,45.813331604003906,43.54666519165039,43.78333282470703,41.60488510131836,132940200
2022-05-18,WMT,WMT,42.676666259765625,42.75666809082031,40.5099983215332,40.810001373291016,38.77949523925781,104253000
2022-05-19,WMT,WMT,40.290000915527344,40.5966682434082,39.53333282470703,39.689998626708984,37.715213775634766,71008500
2022-05-20,WMT,WMT,39.880001068115234,40.279998779296875,39.09000015258789,39.733333587646484,37.75639724731445,49356000
2022-05-23,WMT,WMT,39.973331451416016,41.25666809082031,39.95333480834961,40.866668701171875,38.833343505859375,43680900
2022-05-24,WMT,WMT,40.4033317565918,41.516666412353516,40.36000061035156,41.37666702270508,39.317970275878906,34584900
2022-05-25,WMT,WMT,41.33333206176758,41.55666732788086,40.866668701171875,41.12333297729492,39.07723617553711,27121800
2022-05-26,WMT,WMT,41.766666412353516,42.133331298828125,41.46666717529297,42.0,39.91028594970703,28197600
2022-05-27,WMT,WMT,41.83000183105469,42.87333297729492,41.77000045776367,42.82666778564453,40.695823669433594,25299900
2022-05-31,WMT,WMT,42.48666763305664,43.29999923706055,42.473331451416016,42.87666702270508,40.74332809448242,36912300
2022-06-01,WMT,WMT,42.83333206176758,42.973331451416016,41.560001373291016,41.81666564941406,39.73606491088867,28534800
2022-06-02,WMT,WMT,41.856666564941406,42.5099983215332,41.44333267211914,42.503334045410156,40.38857650756836,23214300
2022-06-03,WMT,WMT,42.223331451416016,42.473331451416016,41.6966667175293,41.77333450317383,39.69489288330078,18302700
2022-06-06,WMT,WMT,41.939998626708984,42.099998474121094,41.529998779296875,41.62333297729492,39.55236053466797,19855500
2022-06-07,WMT,WMT,40.413333892822266,41.163333892822266,40.293331146240234,41.12333297729492,39.07723617553711,47707800
2022-06-08,WMT,WMT,40.78333282470703,41.3033332824707,40.650001525878906,40.766666412353516,38.738319396972656,22522800
2022-06-09,WMT,WMT,40.66666793823242,41.45000076293945,40.33000183105469,40.34000015258789,38.33287811279297,19880100
2022-06-10,WMT,WMT,39.91666793823242,40.913333892822266,39.779998779296875,40.56666564941406,38.54827117919922,25238100
2022-06-13,WMT,WMT,39.913333892822266,40.413333892822266,39.6966667175293,39.8033332824707,37.822914123535156,24897900
2022-06-14,WMT,WMT,39.709999084472656,40.0,39.38999938964844,39.81999969482422,37.83875274658203,21544200
2022-06-15,WMT,WMT,39.9900016784668,40.13666534423828,39.29999923706055,39.793331146240234,37.81341552734375,25914000
2022-06-16,WMT,WMT,39.45000076293945,40.586666107177734,39.40999984741211,40.206668853759766,38.20619201660156,30706800
2022-06-17,WMT,WMT,40.00666809082031,40.293331146240234,39.323333740234375,39.43000030517578,37.468162536621094,36838800
2022-06-21,WMT,WMT,39.43333435058594,40.926666259765625,39.40666580200195,40.723331451416016,38.697139739990234,23916600
2022-06-22,WMT,WMT,40.70000076293945,41.08333206176758,40.1966667175293,40.22999954223633,38.228355407714844,20235000
2022-06-23,WMT,WMT,40.58333206176758,41.31999969482422,40.400001525878906,41.206668853759766,39.156429290771484,18040800
2022-06-24,WMT,WMT,41.36333465576172,41.77000045776367,41.0533332824707,41.2400016784668,39.188114166259766,31845900
2022-06-27,WMT,WMT,41.2599983215332,41.58000183105469,40.93000030517578,41.37333297729492,39.31480026245117,19889100
2022-06-28,WMT,WMT,41.5533332824707,41.856666564941406,40.76333236694336,40.790000915527344,38.7604866027832,15399000
2022-06-29,WMT,WMT,40.96333312988281,41.116668701171875,40.323333740234375,40.63999938964844,38.617958068847656,19111500
2022-06-30,WMT,WMT,40.293331146240234,40.686668395996094,39.96333312988281,40.526668548583984,38.5102653503418,19166100
2022-07-01,WMT,WMT,40.64666748046875,40.973331451416016,40.38666534423828,40.87666702270508,38.84284591674805,17460900
2022-07-05,WMT,WMT,40.73666763305664,41.503334045410156,40.53666687011719,41.41666793823242,39.355979919433594,18218100
2022-07-06,WMT,WMT,41.49333190917969,42.09333419799805,41.43333435058594,41.709999084472656,39.63472366333008,21300000
2022-07-07,WMT,WMT,41.72999954223633,41.84333419799805,41.37333297729492,41.77333450317383,39.69489288330078,17487300
2022-07-08,WMT,WMT,41.939998626708984,42.20333480834961,41.71666717529297,41.79999923706055,39.72023010253906,14751000
2022-07-11,WMT,WMT,41.67333221435547,42.11000061035156,41.540000915527344,41.81666564941406,39.73606491088867,11532900
2022-07-12,WMT,WMT,41.70333480834961,42.37666702270508,41.573333740234375,41.689998626708984,39.61570739746094,13732200
2022-07-13,WMT,WMT,41.47999954223633,42.1533317565918,41.3033332824707,41.790000915527344,39.71073532104492,12689100
2022-07-14,WMT,WMT,41.38666534423828,42.77333450317383,41.380001068115234,42.606666564941406,40.48676681518555,20905500
2022-07-15,WMT,WMT,42.93333435058594,43.42333221435547,42.68333435058594,43.02333450317383,40.882713317871094,21184200
2022-07-18,WMT,WMT,42.883331298828125,43.43333435058594,42.753334045410156,42.92333221435547,40.78768539428711,14243700
2022-07-19,WMT,WMT,43.130001068115234,43.31999969482422,42.866668701171875,43.186668395996094,41.03791427612305,16995300
2022-07-20,WMT,WMT,43.503334045410156,43.77000045776367,43.16666793823242,43.54666519165039,41.3799934387207,18564900
2022-07-21,WMT,WMT,43.560001373291016,44.186668395996094,43.5,44.18333435058594,41.9849853515625,18764700
2022-07-22,WMT,WMT,44.18000030517578,44.46333312988281,43.74333190917969,44.06999969482422,41.87730026245117,13616400
2022-07-25,WMT,WMT,44.130001068115234,44.233333587646484,43.81999969482422,44.00666809082031,41.81711196899414,20535300
2022-07-26,WMT,WMT,40.37666702270508,40.89666748046875,40.02000045776367,40.65999984741211,38.63695526123047,95391600
2022-07-27,WMT,WMT,40.413333892822266,42.25666809082031,40.34333419799805,42.1966667175293,40.09716796875,42159600
2022-07-28,WMT,WMT,42.09000015258789,43.503334045410156,42.09000015258789,43.25,41.09809494018555,33262200
2022-07-29,WMT,WMT,42.77333450317383,44.086666107177734,42.66999816894531,44.016666412353516,41.82661056518555,30141900
2022-08-01,WMT,WMT,43.686668395996094,44.74333190917969,43.66666793823242,44.18000030517578,41.9818229675293,24996300
2022-08-02,WMT,WMT,44.383331298828125,44.56999969482422,43.79999923706055,44.22666549682617,42.02616500854492,19695000
2022-08-03,WMT,WMT,44.0533332824707,44.313331604003906,43.28666687011719,43.5,41.335655212402344,32003100
2022-08-04,WMT,WMT,43.55666732788086,43.599998474121094,41.776668548583984,41.856666564941406,39.774085998535156,53106000
2022-08-05,WMT,WMT,41.836666107177734,42.27000045776367,41.706668853759766,42.19333267211914,40.09400177001953,32007000
2022-08-08,WMT,WMT,42.21666717529297,42.73666763305664,42.20333480834961,42.53666687011719,40.420257568359375,18175200
2022-08-09,WMT,WMT,42.630001068115234,42.9900016784668,42.4033317565918,42.956668853759766,40.81935501098633,19325100
2022-08-10,WMT,WMT,43.33333206176758,43.383331298828125,42.79666519165039,43.04666519165039,40.90488052368164,25251000
2022-08-11,WMT,WMT,43.233333587646484,43.456668853759766,42.866668701171875,43.27333450317383,41.299354553222656,23854500
2022-08-12,WMT,WMT,43.33333206176758,44.279998779296875,43.27333450317383,44.073333740234375,42.062862396240234,26625000
2022-08-15,WMT,WMT,43.87666702270508,44.52333450317383,43.78666687011719,44.20000076293945,42.18376159667969,26516100
2022-08-16,WMT,WMT,46.29999923706055,46.97666549682617,46.063331604003906,46.456668853759766,44.33748245239258,91773300
2022-08-17,WMT,WMT,46.189998626708984,47.573333740234375,46.133331298828125,46.50666809082031,44.38519287109375,41792100
2022-08-18,WMT,WMT,46.5099983215332,46.80666732788086,46.16666793823242,46.356666564941406,44.24203872680664,19197600
2022-08-19,WMT,WMT,46.30666732788086,46.356666564941406,45.63666534423828,45.67333221435547,43.589874267578125,22918800
2022-08-22,WMT,WMT,45.400001525878906,45.573333740234375,44.813331604003906,44.856666564941406,42.81045913696289,18667200
2022-08-23,WMT,WMT,44.869998931884766,44.98666763305664,44.4033317565918,44.66666793823242,42.629127502441406,16955100
2022-08-24,WMT,WMT,44.78333282470703,45.0966682434082,44.53333282470703,44.9900016784668,42.937721252441406,15766500
2022-08-25,WMT,WMT,45.09333419799805,45.33000183105469,45.0099983215332,45.290000915527344,43.224037170410156,19414500
2022-08-26,WMT,WMT,45.369998931884766,45.61000061035156,43.836666107177734,43.866668701171875,41.865623474121094,21331800
2022-08-29,WMT,WMT,43.61000061035156,44.62333297729492,43.529998779296875,44.293331146240234,42.272830963134766,17381700
2022-08-30,WMT,WMT,44.4466667175293,44.54999923706055,43.913333892822266,44.15999984741211,42.14558792114258,14468100
2022-08-31,WMT,WMT,44.2599983215332,44.5966682434082,43.97666549682617,44.18333435058594,42.1678466796875,22460700
2022-09-01,WMT,WMT,44.18000030517578,45.04666519165039,44.133331298828125,44.82666778564453,42.781829833984375,21741900
2022-09-02,WMT,WMT,44.95000076293945,45.223331451416016,44.14666748046875,44.33333206176758,42.31100082397461,17234400
2022-09-06,WMT,WMT,44.349998474121094,44.540000915527344,43.573333740234375,44.11333465576172,42.101036071777344,21899700
2022-09-07,WMT,WMT,44.35333251953125,45.323333740234375,44.246665954589844,45.246665954589844,43.182674407958984,17058900
2022-09-08,WMT,WMT,45.133331298828125,45.62333297729492,44.959999084472656,45.47666549682617,43.40217971801758,16956000
2022-09-09,WMT,WMT,45.43333435058594,45.83333206176758,45.37666702270508,45.61333465576172,43.53261947631836,16140600
2022-09-12,WMT,WMT,45.69333267211914,46.08333206176758,45.65666580200195,46.02333450317383,43.92390823364258,14284500
2022-09-13,WMT,WMT,45.619998931884766,45.983333587646484,44.936668395996094,45.073333740234375,43.017242431640625,17687400
2022-09-14,WMT,WMT,45.209999084472656,45.5099983215332,44.70000076293945,44.973331451416016,42.92180633544922,19934700
2022-09-15,WMT,WMT,45.016666412353516,45.04999923706055,44.323333740234375,44.4900016784668,42.46052169799805,20189400
2022-09-16,WMT,WMT,44.0,44.849998474121094,43.7599983215332,44.39666748046875,42.3714485168457,41874300
2022-09-19,WMT,WMT,44.27333450317383,44.91999816894531,44.15666580200195,44.776668548583984,42.73411560058594,16853100
2022-09-20,WMT,WMT,44.49333190917969,44.62666702270508,44.18000030517578,44.516666412353516,42.48596954345703,13963500
2022-09-21,WMT,WMT,45.14666748046875,45.81666564941406,44.87333297729492,44.92333221435547,42.874088287353516,24903600
2022-09-22,WMT,WMT,44.856666564941406,44.90666580200195,44.279998779296875,44.46333312988281,42.43506622314453,16744500
2022-09-23,WMT,WMT,44.290000915527344,44.393333435058594,42.92333221435547,43.35333251953125,41.37571716308594,27195300
2022-09-26,WMT,WMT,42.91666793823242,44.04666519165039,42.75666809082031,43.77000045776367,41.77336502075195,23011200
2022-09-27,WMT,WMT,44.07666778564453,44.47666549682617,43.43333435058594,43.650001525878906,41.65884017944336,17171700
2022-09-28,WMT,WMT,43.8033332824707,44.54999923706055,43.2400016784668,44.369998931884766,42.34599685668945,16838400
2022-09-29,WMT,WMT,44.5,44.706668853759766,43.87666702270508,44.08333206176758,42.07240295410156,15241500
2022-09-30,WMT,WMT,44.08000183105469,44.119998931884766,43.233333587646484,43.233333587646484,41.26118087768555,19602300
2022-10-03,WMT,WMT,43.413333892822266,44.26333236694336,43.336666107177734,44.176666259765625,42.16148376464844,17574900
2022-10-04,WMT,WMT,44.619998931884766,45.06666564941406,44.456668853759766,44.75,42.70866394042969,16134300
2022-10-05,WMT,WMT,44.586666107177734,44.87333297729492,44.16999816894531,44.30666732788086,42.285552978515625,14553900
2022-10-06,WMT,WMT,44.36000061035156,44.82666778564453,43.86000061035156,43.893333435058594,41.891082763671875,14200500
2022-10-07,WMT,WMT,43.77000045776367,43.883331298828125,42.689998626708984,42.85333251953125,40.89851760864258,17080500
2022-10-10,WMT,WMT,43.176666259765625,43.310001373291016,42.7599983215332,43.106666564941406,41.140296936035156,11411700
2022-10-11,WMT,WMT,43.16999816894531,44.599998474121094,43.1533317565918,44.223331451416016,42.20602035522461,21276000
2022-10-12,WMT,WMT,44.336666107177734,44.92333221435547,43.65666580200195,43.723331451416016,41.72882843017578,16947600
2022-10-13,WMT,WMT,43.09333419799805,44.313331604003906,42.790000915527344,44.09333419799805,42.08195114135742,20545500
2022-10-14,WMT,WMT,44.14666748046875,44.40666580200195,43.349998474121094,43.47666549682617,41.493412017822266,16641000
2022-10-17,WMT,WMT,43.6533317565918,44.276668548583984,43.529998779296875,43.790000915527344,41.79245376586914,17812500
2022-10-18,WMT,WMT,44.47666549682617,45.03333282470703,44.44333267211914,44.71333312988281,42.67367172241211,16842300
2022-10-19,WMT,WMT,44.776668548583984,44.90999984741211,44.323333740234375,44.586666107177734,42.55278015136719,11339400
2022-10-20,WMT,WMT,44.65999984741211,45.133331298828125,44.54999923706055,44.6966667175293,42.65775680541992,12754800
2022-10-21,WMT,WMT,44.936668395996094,45.8033332824707,44.66666793823242,45.599998474121094,43.5198860168457,18134700
2022-10-24,WMT,WMT,45.81666564941406,46.82666778564453,45.709999084472656,46.470001220703125,44.35020065307617,18806700
2022-10-25,WMT,WMT,46.36333465576172,46.813331604003906,46.106666564941406,46.689998626708984,44.56016159057617,15051300
2022-10-26,WMT,WMT,46.78666687011719,47.3466682434082,46.606666564941406,47.04666519165039,44.90056610107422,20754300
2022-10-27,WMT,WMT,47.003334045410156,47.366668701171875,46.76333236694336,46.90999984741211,44.77012252807617,16602900
2022-10-28,WMT,WMT,46.68333435058594,47.633331298828125,46.68000030517578,47.503334045410156,45.33639907836914,13648200
2022-10-31,WMT,WMT,47.4466667175293,47.689998626708984,47.25666809082031,47.44333267211914,45.27913284301758,22572000
2022-11-01,WMT,WMT,47.65666580200195,47.849998474121094,47.16666793823242,47.22999954223633,45.075538635253906,14814300
2022-11-02,WMT,WMT,47.0533332824707,47.856666564941406,46.900001525878906,46.91666793823242,44.7765007019043,15522000
2022-11-03,WMT,WMT,46.503334045410156,47.23666763305664,46.36000061035156,46.90666580200195,44.766944885253906,10976400
2022-11-04,WMT,WMT,47.34333419799805,47.4033317565918,46.26333236694336,46.9900016784668,44.846492767333984,14669400
2022-11-07,WMT,WMT,47.086666107177734,47.65666580200195,47.086666107177734,47.483333587646484,45.317317962646484,11364000
2022-11-08,WMT,WMT,47.526668548583984,48.02333450317383,47.16999816894531,47.5966682434082,45.42547607421875,15068400
2022-11-09,WMT,WMT,47.586666107177734,47.720001220703125,46.4033317565918,46.4900016784668,44.369293212890625,15932100
2022-11-10,WMT,WMT,47.503334045410156,47.563331604003906,46.83333206176758,47.45333480834961,45.28867721557617,20310600
2022-11-11,WMT,WMT,47.55666732788086,47.706668853759766,46.663333892822266,47.526668548583984,45.35866928100586,19270800
2022-11-14,WMT,WMT,47.21333312988281,47.77333450317383,46.09000015258789,46.130001068115234,44.02571105957031,37525800
2022-11-15,WMT,WMT,48.53666687011719,50.09000015258789,48.18333435058594,49.14666748046875,46.90476989746094,76548600
2022-11-16,WMT,WMT,49.293331146240234,50.06666564941406,49.040000915527344,49.5,47.24198913574219,32593200
2022-11-17,WMT,WMT,49.003334045410156,49.57666778564453,48.9033317565918,49.33333206176758,47.08292007446289,24791400
2022-11-18,WMT,WMT,49.88999938964844,50.08000183105469,49.59000015258789,50.07666778564453,47.7923469543457,18987000
2022-11-21,WMT,WMT,50.20333480834961,50.71333312988281,50.063331604003906,50.383331298828125,48.08502197265625,21157200
2022-11-22,WMT,WMT,50.66666793823242,50.81666564941406,50.37333297729492,50.563331604003906,48.256805419921875,16898400
2022-11-23,WMT,WMT,50.69333267211914,51.12333297729492,50.62666702270508,50.80666732788086,48.48904800415039,16920600
2022-11-25,WMT,WMT,50.706668853759766,51.029998779296875,50.619998931884766,51.02333450317383,48.69582748413086,8777400
2022-11-28,WMT,WMT,50.90666580200195,51.54666519165039,50.90666580200195,51.16999816894531,48.83580017089844,17674800
2022-11-29,WMT,WMT,51.0099983215332,51.23666763305664,50.849998474121094,50.9900016784668,48.66402053833008,13841700
2022-11-30,WMT,WMT,50.869998931884766,50.92333221435547,50.400001525878906,50.80666732788086,48.48904800415039,31338000
2022-12-01,WMT,WMT,50.68333435058594,51.20333480834961,50.24333190917969,51.12333297729492,48.7912712097168,22732200
2022-12-02,WMT,WMT,50.49333190917969,51.08000183105469,50.49333190917969,51.073333740234375,48.74354553222656,20733000
2022-12-05,WMT,WMT,50.91666793823242,51.0,50.16999816894531,50.54999923706055,48.244083404541016,23608200
2022-12-06,WMT,WMT,50.400001525878906,50.63666534423828,49.73666763305664,49.96333312988281,47.6841926574707,20625600
2022-12-07,WMT,WMT,50.16666793823242,50.4033317565918,49.606666564941406,49.70333480834961,47.43604278564453,17550300
2022-12-08,WMT,WMT,49.720001220703125,49.7599983215332,49.380001068115234,49.59333419799805,47.509490966796875,13512600
2022-12-09,WMT,WMT,49.15666580200195,49.2400016784668,48.40666580200195,48.436668395996094,46.40142059326172,27929400
2022-12-12,WMT,WMT,48.633331298828125,49.366668701171875,48.52000045776367,49.34000015258789,47.26679611206055,19432200
2022-12-13,WMT,WMT,50.0,50.06666564941406,48.913333892822266,49.163333892822266,47.09755325317383,23408100
2022-12-14,WMT,WMT,49.029998779296875,49.5099983215332,48.6533317565918,48.88999938964844,46.8357048034668,20334600
2022-12-15,WMT,WMT,48.526668548583984,48.80666732788086,47.87666702270508,48.45333480834961,46.41739273071289,17514000
2022-12-16,WMT,WMT,48.15999984741211,48.2400016784668,47.52333450317383,47.58333206176758,45.583946228027344,40343100
2022-12-19,WMT,WMT,47.66999816894531,47.85333251953125,47.24333190917969,47.599998474121094,45.59990692138672,15067500
2022-12-20,WMT,WMT,47.63999938964844,48.21333312988281,47.41666793823242,48.016666412353516,45.99906921386719,17009400
2022-12-21,WMT,WMT,48.106666564941406,48.64666748046875,48.086666107177734,48.393333435058594,46.359901428222656,13726500
2022-12-22,WMT,WMT,48.25666809082031,48.32666778564453,47.310001373291016,47.82666778564453,45.81705856323242,13082400
2022-12-23,WMT,WMT,47.68333435058594,47.93333435058594,47.426666259765625,47.92333221435547,45.9096565246582,9547500
2022-12-27,WMT,WMT,48.01333236694336,48.150001525878906,47.72999954223633,47.936668395996094,45.92243576049805,10044600
2022-12-28,WMT,WMT,47.823333740234375,47.88999938964844,46.970001220703125,47.0966682434082,45.117733001708984,15246300
2022-12-29,WMT,WMT,47.380001068115234,47.67333221435547,47.25,47.383331298828125,45.3923454284668,9171900
2022-12-30,WMT,WMT,47.186668395996094,47.33000183105469,46.936668395996094,47.26333236694336,45.27739334106445,11505900
2023-01-03,WMT,WMT,47.516666412353516,47.9033317565918,47.36333465576172,47.866668701171875,45.85537338256836,17249700
2023-01-04,WMT,WMT,47.80666732788086,48.016666412353516,47.356666564941406,47.91999816894531,45.90646743774414,13338300
2023-01-05,WMT,WMT,47.81999969482422,48.043331146240234,47.54999923706055,47.75666809082031,45.749996185302734,13274400
2023-01-06,WMT,WMT,48.20000076293945,49.18333435058594,48.08000183105469,48.926666259765625,46.8708381652832,21231900
2023-01-09,WMT,WMT,48.77333450317383,49.28666687011719,48.266666412353516,48.31666564941406,46.28645706176758,17756700
2023-01-10,WMT,WMT,48.313331604003906,48.483333587646484,47.90999984741211,48.28666687011719,46.25773239135742,11970600
2023-01-11,WMT,WMT,48.58000183105469,48.72666549682617,48.24333190917969,48.709999084472656,46.663265228271484,14834700
2023-01-12,WMT,WMT,48.8033332824707,48.80666732788086,48.130001068115234,48.27000045776367,46.241756439208984,12472800
2023-01-13,WMT,WMT,48.5099983215332,48.606666564941406,47.95333480834961,48.43000030517578,46.39503479003906,13699800
2023-01-17,WMT,WMT,48.43000030517578,48.56999969482422,48.06666564941406,48.13666534423828,46.11402893066406,15122400
2023-01-18,WMT,WMT,48.06666564941406,48.08333206176758,46.82666778564453,46.9466667175293,44.97403335571289,22674300
2023-01-19,WMT,WMT,47.130001068115234,47.176666259765625,46.26333236694336,46.276668548583984,44.332191467285156,17342100
2023-01-20,WMT,WMT,46.46666717529297,46.926666259765625,46.05666732788086,46.8466682434082,44.878231048583984,29543100
2023-01-23,WMT,WMT,46.81999969482422,47.66999816894531,46.733333587646484,47.54666519165039,45.5488166809082,13149900
2023-01-24,WMT,WMT,48.849998474121094,48.849998474121094,47.0,47.67333221435547,45.670162200927734,13669200
2023-01-25,WMT,WMT,47.413333892822266,47.61333465576172,46.79666519165039,47.4466667175293,45.45302200317383,12491700
2023-01-26,WMT,WMT,47.676666259765625,47.91666793823242,47.253334045410156,47.4033317565918,45.41151428222656,15819000
2023-01-27,WMT,WMT,47.53333282470703,48.15666580200195,47.25,47.766666412353516,45.75957489013672,18412800
2023-01-30,WMT,WMT,47.37333297729492,47.483333587646484,47.09000015258789,47.383331298828125,45.3923454284668,15897600
2023-01-31,WMT,WMT,47.439998626708984,47.959999084472656,47.220001220703125,47.956668853759766,45.941593170166016,14103600
2023-02-01,WMT,WMT,47.88666534423828,48.53666687011719,47.56666564941406,48.223331451416016,46.19705581665039,12849300
2023-02-02,WMT,WMT,48.13666534423828,48.28666687011719,47.64666748046875,47.87333297729492,45.86175537109375,17806800
2023-02-03,WMT,WMT,47.78666687011719,47.98666763305664,46.95333480834961,47.23666763305664,45.25184631347656,17155500
2023-02-06,WMT,WMT,47.27333450317383,47.366668701171875,46.676666259765625,46.893333435058594,44.92292785644531,17454000
2023-02-07,WMT,WMT,46.59000015258789,47.099998474121094,46.22999954223633,46.99333190917969,45.018741607666016,16341300
2023-02-08,WMT,WMT,46.776668548583984,47.03333282470703,46.663333892822266,46.7400016784668,44.77605056762695,11691300
2023-02-09,WMT,WMT,46.956668853759766,47.313331604003906,46.856666564941406,47.17333221435547,45.19116973876953,13064400
2023-02-10,WMT,WMT,47.6966667175293,47.97999954223633,47.38999938964844,47.90666580200195,45.89369583129883,15002700
2023-02-13,WMT,WMT,48.23666763305664,48.706668853759766,48.16999816894531,48.63666534423828,46.593017578125,16015800
2023-02-14,WMT,WMT,48.57666778564453,49.043331146240234,48.186668395996094,48.496665954589844,46.45890808105469,13831200
2023-02-15,WMT,WMT,48.31999969482422,48.866668701171875,48.186668395996094,48.856666564941406,46.80377197265625,14674200
2023-02-16,WMT,WMT,48.49333190917969,48.663333892822266,48.060001373291016,48.09000015258789,46.0693244934082,16312200
2023-02-17,WMT,WMT,48.369998931884766,48.89666748046875,48.189998626708984,48.813331604003906,46.762264251708984,24770700
2023-02-21,WMT,WMT,47.62666702270508,49.4466667175293,47.383331298828125,49.11000061035156,47.04646301269531,54393900
2023-02-22,WMT,WMT,48.92333221435547,49.189998626708984,47.586666107177734,48.08000183105469,46.05974578857422,29844000
2023-02-23,WMT,WMT,48.12333297729492,48.12333297729492,46.9033317565918,47.36333465576172,45.373191833496094,22021200
2023-02-24,WMT,WMT,46.9466667175293,47.58000183105469,46.5099983215332,47.4900016784668,45.494537353515625,20623500
2023-02-27,WMT,WMT,47.56999969482422,47.6966667175293,46.88666534423828,47.14666748046875,45.16563034057617,16647300
2023-02-28,WMT,WMT,47.0,47.54999923706055,46.983333587646484,47.37666702270508,45.38597106933594,18054000
2023-03-01,WMT,WMT,47.02000045776367,47.09333419799805,46.456668853759766,46.71666717529297,44.753692626953125,14180100
2023-03-02,WMT,WMT,46.61333465576172,46.913333892822266,46.5,46.83333206176758,44.865455627441406,14785500
2023-03-03,WMT,WMT,47.01333236694336,47.063331604003906,46.59000015258789,46.88999938964844,44.91975021362305,16888800
2023-03-06,WMT,WMT,46.83333206176758,46.99333190917969,46.67333221435547,46.883331298828125,44.913360595703125,16720800
2023-03-07,WMT,WMT,47.060001373291016,47.22666549682617,46.26333236694336,46.41666793823242,44.466304779052734,17387400
2023-03-08,WMT,WMT,46.186668395996094,46.30666732788086,45.7599983215332,46.03333282470703,44.09907913208008,19090800
2023-03-09,WMT,WMT,46.276668548583984,46.32666778564453,45.63999938964844,45.723331451416016,43.802093505859375,15415800
2023-03-10,WMT,WMT,45.67333221435547,46.09333419799805,45.36333465576172,45.65666580200195,43.73823165893555,20065200
2023-03-13,WMT,WMT,45.560001373291016,46.16666793823242,45.526668548583984,45.790000915527344,43.86595916748047,28142100
2023-03-14,WMT,WMT,45.89666748046875,46.09000015258789,45.66666793823242,46.03333282470703,44.09907913208008,25542600
2023-03-15,WMT,WMT,45.630001068115234,46.60333251953125,45.56999969482422,46.54666519165039,44.59083938598633,33133500
2023-03-16,WMT,WMT,46.47666549682617,46.54999923706055,45.959999084472656,46.09333419799805,44.3375358581543,28905600
2023-03-17,WMT,WMT,46.063331604003906,46.496665954589844,45.86333465576172,46.46666717529297,44.69664764404297,43081200
2023-03-20,WMT,WMT,46.70000076293945,47.30666732788086,46.60333251953125,46.96666717529297,45.1776008605957,33928500
2023-03-21,WMT,WMT,47.130001068115234,47.130001068115234,46.5099983215332,46.80666732788086,45.023704528808594,19013400
2023-03-22,WMT,WMT,46.880001068115234,47.073333740234375,46.48666763305664,46.50666809082031,44.73511505126953,18548400
2023-03-23,WMT,WMT,46.733333587646484,47.20333480834961,46.496665954589844,46.883331298828125,45.09743881225586,22044300
2023-03-24,WMT,WMT,47.003334045410156,47.4900016784668,46.866668701171875,47.266666412353516,45.46617889404297,22752300
2023-03-27,WMT,WMT,47.5966682434082,48.32666778564453,47.59333419799805,48.05666732788086,46.22608184814453,26775600
2023-03-28,WMT,WMT,47.883331298828125,48.13666534423828,47.68333435058594,47.869998931884766,46.046512603759766,21282900
2023-03-29,WMT,WMT,48.12333297729492,48.31999969482422,47.81666564941406,48.07666778564453,46.24531936645508,24216900
2023-03-30,WMT,WMT,48.5,48.866668701171875,48.34000015258789,48.55666732788086,46.707035064697266,21879000
2023-03-31,WMT,WMT,48.86000061035156,49.47999954223633,48.823333740234375,49.150001525878906,47.277767181396484,20868000
2023-04-03,WMT,WMT,49.24333190917969,49.650001525878906,49.16666793823242,49.563331604003906,47.675350189208984,19766700
2023-04-04,WMT,WMT,49.5099983215332,49.5966682434082,49.00666809082031,49.07666778564453,47.20723342895508,18113700
2023-04-05,WMT,WMT,49.05666732788086,49.959999084472656,49.04666519165039,49.88999938964844,47.98957824707031,26540700
2023-04-06,WMT,WMT,49.599998474121094,50.3466682434082,49.50666809082031,50.266666412353516,48.351890563964844,17891700
2023-04-10,WMT,WMT,50.119998931884766,50.37333297729492,49.92333221435547,50.16999816894531,48.258907318115234,14519100
2023-04-11,WMT,WMT,50.33333206176758,50.33333206176758,49.87333297729492,50.02333450317383,48.11783218383789,18370500
2023-04-12,WMT,WMT,49.93000030517578,50.323333740234375,49.723331451416016,49.779998779296875,47.88376998901367,11209800
2023-04-13,WMT,WMT,49.883331298828125,50.0,49.400001525878906,49.83000183105469,47.931861877441406,13272600
2023-04-14,WMT,WMT,49.676666259765625,49.96333312988281,49.383331298828125,49.49333190917969,47.6080207824707,10464900
2023-04-17,WMT,WMT,49.54666519165039,49.88999938964844,49.5,49.84000015258789,47.94148254394531,16166700
2023-04-18,WMT,WMT,49.926666259765625,50.11333465576172,49.813331604003906,49.95000076293945,48.04729461669922,13482300
2023-04-19,WMT,WMT,50.279998779296875,50.470001220703125,49.92333221435547,50.003334045410156,48.09859848022461,12433500
2023-04-20,WMT,WMT,50.06999969482422,50.46333312988281,49.866668701171875,50.323333740234375,48.40640640258789,13641600
2023-04-21,WMT,WMT,50.6533317565918,50.766666412353516,50.393333435058594,50.57666778564453,48.65009307861328,25335000
2023-04-24,WMT,WMT,50.56999969482422,50.983333587646484,50.56999969482422,50.91999816894531,48.9803466796875,13579500
2023-04-25,WMT,WMT,51.0966682434082,51.25,50.44333267211914,50.52333450317383,48.59878921508789,17246700
2023-04-26,WMT,WMT,50.32666778564453,50.470001220703125,50.073333740234375,50.3033332824707,48.38717269897461,12910200
2023-04-27,WMT,WMT,50.2599983215332,50.64666748046875,50.2599983215332,50.459999084472656,48.53785705566406,12861000
2023-04-28,WMT,WMT,50.43000030517578,50.723331451416016,50.060001373291016,50.323333740234375,48.40640640258789,14088600
2023-05-01,WMT,WMT,50.3466682434082,50.8466682434082,50.310001373291016,50.529998779296875,48.605201721191406,11409600
2023-05-02,WMT,WMT,50.4900016784668,50.496665954589844,49.81999969482422,50.393333435058594,48.47372817993164,11329500
2023-05-03,WMT,WMT,50.52000045776367,50.70000076293945,50.09000015258789,50.206668853759766,48.294189453125,12334500
2023-05-04,WMT,WMT,50.18333435058594,50.33000183105469,49.83000183105469,50.15666580200195,48.429359436035156,14011200
2023-05-05,WMT,WMT,50.099998474121094,50.66999816894531,49.94333267211914,50.59000015258789,48.847774505615234,14556000
2023-05-08,WMT,WMT,50.42333221435547,50.983333587646484,50.35333251953125,50.90666580200195,49.153533935546875,14926200
2023-05-09,WMT,WMT,50.90666580200195,51.060001373291016,50.779998779296875,50.99333190917969,49.237213134765625,15209700
2023-05-10,WMT,WMT,51.22999954223633,51.45000076293945,50.40999984741211,50.849998474121094,49.098812103271484,15827700
2023-05-11,WMT,WMT,50.849998474121094,51.09000015258789,50.66666793823242,51.040000915527344,49.28227615356445,11926800
2023-05-12,WMT,WMT,51.20000076293945,51.356666564941406,50.9033317565918,51.02333450317383,49.26618576049805,16119300
2023-05-15,WMT,WMT,51.16666793823242,51.28333282470703,50.459999084472656,50.62666702270508,48.883174896240234,16113900
2023-05-16,WMT,WMT,50.28333282470703,50.5099983215332,49.856666564941406,49.926666259765625,48.2072868347168,15512100
2023-05-17,WMT,WMT,50.380001068115234,50.383331298828125,49.56999969482422,49.84333419799805,48.1268196105957,26985900
2023-05-18,WMT,WMT,50.599998474121094,51.43000030517578,49.983333587646484,50.4900016784668,48.751220703125,46768500
2023-05-19,WMT,WMT,50.46666717529297,50.48666763305664,49.70333480834961,49.970001220703125,48.24912643432617,27594000
2023-05-22,WMT,WMT,49.900001525878906,50.026668548583984,49.43000030517578,49.529998779296875,47.82427215576172,16117800
2023-05-23,WMT,WMT,49.336666107177734,49.619998931884766,49.026668548583984,49.436668395996094,47.73415756225586,16302300
2023-05-24,WMT,WMT,49.503334045410156,49.51333236694336,48.766666412353516,49.209999084472656,47.515289306640625,20515200
2023-05-25,WMT,WMT,48.959999084472656,49.14666748046875,48.36333465576172,48.720001220703125,47.04217529296875,21299100
2023-05-26,WMT,WMT,48.56666564941406,48.939998626708984,48.4900016784668,48.80666732788086,47.1258544921875,15720900
2023-05-30,WMT,WMT,48.766666412353516,49.0966682434082,48.53333282470703,48.686668395996094,47.00999069213867,15742500
2023-05-31,WMT,WMT,48.473331451416016,49.10333251953125,48.336666107177734,48.956668853759766,47.270687103271484,30130800
2023-06-01,WMT,WMT,48.73666763305664,49.29999923706055,48.64666748046875,49.13666534423828,47.444488525390625,20239200
2023-06-02,WMT,WMT,49.073333740234375,49.66999816894531,49.03333282470703,49.606666564941406,47.8983039855957,19178100
2023-06-05,WMT,WMT,49.790000915527344,50.41666793823242,49.790000915527344,49.93333435058594,48.21372604370117,15553200
2023-06-06,WMT,WMT,49.900001525878906,50.063331604003906,49.503334045410156,49.926666259765625,48.2072868347168,15015600
2023-06-07,WMT,WMT,49.75,50.119998931884766,49.68000030517578,50.0,48.27809524536133,24256500
2023-06-08,WMT,WMT,50.130001068115234,50.810001373291016,49.93000030517578,50.723331451416016,48.97650909423828,18873000
2023-06-09,WMT,WMT,50.720001220703125,51.2400016784668,50.53333282470703,51.029998779296875,49.27262496948242,15603900
2023-06-12,WMT,WMT,51.143333435058594,51.43333435058594,51.05666732788086,51.366668701171875,49.597686767578125,14713500
2023-06-13,WMT,WMT,51.50666809082031,51.836666107177734,51.356666564941406,51.766666412353516,49.98392105102539,15738900
2023-06-14,WMT,WMT,51.970001220703125,52.44333267211914,51.869998931884766,52.290000915527344,50.489227294921875,21103200
2023-06-15,WMT,WMT,52.33333206176758,52.74333190917969,52.32666778564453,52.57666778564453,50.76601791381836,18160500
2023-06-16,WMT,WMT,52.69333267211914,52.71666717529297,51.7599983215332,51.84333419799805,50.05794143676758,34675800
2023-06-20,WMT,WMT,51.56666564941406,51.81666564941406,51.293331146240234,51.38666534423828,49.617000579833984,19994400
2023-06-21,WMT,WMT,51.4033317565918,51.779998779296875,51.119998931884766,51.48666763305664,49.713558197021484,19251000
2023-06-22,WMT,WMT,51.65999984741211,52.026668548583984,51.49333190917969,51.91666793823242,50.12874984741211,13307400
2023-06-23,WMT,WMT,51.959999084472656,52.0966682434082,51.67333221435547,51.81999969482422,50.0354118347168,18975000
2023-06-26,WMT,WMT,51.883331298828125,51.926666259765625,51.439998626708984,51.68333435058594,49.9034538269043,14106300
2023-06-27,WMT,WMT,51.383331298828125,51.95000076293945,51.35333251953125,51.496665954589844,49.723209381103516,12093600
2023-06-28,WMT,WMT,51.57666778564453,51.893333435058594,51.54666519165039,51.776668548583984,49.99357604980469,18889800
2023-06-29,WMT,WMT,51.503334045410156,51.58333206176758,51.04666519165039,51.426666259765625,49.65562057495117,21530400
2023-06-30,WMT,WMT,51.65666580200195,52.5099983215332,51.59333419799805,52.393333435058594,50.58899688720703,19073100
2023-07-03,WMT,WMT,52.27000045776367,52.813331604003906,52.11000061035156,52.733333587646484,50.917293548583984,8647500
2023-07-05,WMT,WMT,52.720001220703125,53.040000915527344,52.4466667175293,52.70333480834961,50.88832473754883,17585400
2023-07-06,WMT,WMT,52.643333435058594,52.72666549682617,52.290000915527344,52.369998931884766,50.566471099853516,14427000
2023-07-07,WMT,WMT,51.936668395996094,52.0966682434082,51.150001525878906,51.163333892822266,49.4013557434082,19774800
2023-07-10,WMT,WMT,51.52000045776367,51.83333206176758,51.439998626708984,51.62666702270508,49.84873580932617,12967800
2023-07-11,WMT,WMT,51.59000015258789,51.836666107177734,51.28666687011719,51.54999923706055,49.77470779418945,11460900
2023-07-12,WMT,WMT,51.77000045776367,51.96333312988281,51.606666564941406,51.68000030517578,49.900238037109375,16509900
2023-07-13,WMT,WMT,51.810001373291016,51.866668701171875,51.22999954223633,51.37666702270508,49.60734176635742,11859600
2023-07-14,WMT,WMT,51.37333297729492,51.55666732788086,51.19333267211914,51.5533332824707,49.77792739868164,10427400
2023-07-17,WMT,WMT,51.46666717529297,51.65999984741211,51.27333450317383,51.616668701171875,49.839080810546875,10135200
2023-07-18,WMT,WMT,51.55666732788086,51.88666534423828,51.28666687011719,51.52333450317383,49.748966217041016,13437300
2023-07-19,WMT,WMT,51.599998474121094,51.733333587646484,51.25,51.540000915527344,49.765052795410156,12372900
2023-07-20,WMT,WMT,51.643333435058594,52.516666412353516,51.633331298828125,52.49333190917969,50.6855583190918,14987700
2023-07-21,WMT,WMT,52.633331298828125,52.926666259765625,52.47999954223633,52.790000915527344,50.97201156616211,16960500
2023-07-24,WMT,WMT,52.81666564941406,53.15999984741211,52.52000045776367,53.099998474121094,51.27132797241211,12529800
2023-07-25,WMT,WMT,53.48666763305664,53.503334045410156,52.7599983215332,53.05666732788086,51.2294921875,15553800
2023-07-26,WMT,WMT,53.08000183105469,53.563331604003906,52.97999954223633,53.246665954589844,51.41294860839844,15094200
2023-07-27,WMT,WMT,53.36000061035156,53.54666519165039,53.043331146240234,53.0533332824707,51.22626876831055,13400400
2023-07-28,WMT,WMT,53.0966682434082,53.64666748046875,53.0966682434082,53.3033332824707,51.4676628112793,11020200
2023-07-31,WMT,WMT,53.31999969482422,53.54666519165039,52.970001220703125,53.28666687011719,51.451568603515625,13033200
2023-08-01,WMT,WMT,53.31666564941406,53.483333587646484,52.98666763305664,53.03666687011719,51.21017074584961,11782500
2023-08-02,WMT,WMT,52.84333419799805,53.47666549682617,52.84333419799805,53.073333740234375,51.24558639526367,12660000
2023-08-03,WMT,WMT,53.00666809082031,53.16666793823242,52.836666107177734,53.086666107177734,51.25845718383789,13202700
2023-08-04,WMT,WMT,53.253334045410156,53.41666793823242,52.6533317565918,52.779998779296875,50.96235275268555,14262000
2023-08-07,WMT,WMT,53.16666793823242,53.73666763305664,53.03666687011719,53.496665954589844,51.654335021972656,14268900
2023-08-08,WMT,WMT,53.663333892822266,53.87333297729492,53.16999816894531,53.54999923706055,51.705833435058594,11017500
2023-08-09,WMT,WMT,53.63666534423828,54.03333282470703,53.56999969482422,53.63666534423828,51.789512634277344,13209600
2023-08-10,WMT,WMT,53.5966682434082,53.91666793823242,53.34333419799805,53.41999816894531,51.76367950439453,15169500
2023-08-11,WMT,WMT,53.516666412353516,53.94333267211914,53.366668701171875,53.733333587646484,52.06729507446289,14195100
2023-08-14,WMT,WMT,54.0,54.2599983215332,53.060001373291016,53.33333206176758,51.67969512939453,20813700
2023-08-15,WMT,WMT,53.18000030517578,53.5966682434082,52.973331451416016,53.060001373291016,51.414833068847656,14559300
2023-08-16,WMT,WMT,53.293331146240234,53.65666580200195,52.790000915527344,53.086666107177734,51.440673828125,26980800
2023-08-17,WMT,WMT,53.633331298828125,53.71333312988281,51.67333221435547,51.89666748046875,50.287574768066406,53614200
2023-08-18,WMT,WMT,51.77000045776367,53.223331451416016,51.77000045776367,52.643333435058594,51.01108932495117,27954900
2023-08-21,WMT,WMT,52.543331146240234,52.9466667175293,52.3466682434082,52.503334045410156,50.87543487548828,15679200
2023-08-22,WMT,WMT,52.323333740234375,52.436668395996094,52.08000183105469,52.336666107177734,50.71393585205078,16670700
2023-08-23,WMT,WMT,52.20333480834961,52.79999923706055,52.16999816894531,52.70000076293945,51.066001892089844,14210400
2023-08-24,WMT,WMT,52.709999084472656,53.07666778564453,52.27333450317383,52.29666519165039,50.675174713134766,14033100
2023-08-25,WMT,WMT,52.393333435058594,52.68000030517578,52.18000030517578,52.606666564941406,50.97556686401367,12267000
2023-08-28,WMT,WMT,52.619998931884766,52.94333267211914,52.619998931884766,52.90666580200195,51.266258239746094,11871000
2023-08-29,WMT,WMT,53.0,53.40999984741211,52.95333480834961,53.349998474121094,51.69584655761719,12702300
2023-08-30,WMT,WMT,53.46666717529297,53.76333236694336,53.30666732788086,53.733333587646484,52.06729507446289,10967700
2023-08-31,WMT,WMT,53.706668853759766,54.33000183105469,53.6533317565918,54.20333480834961,52.52272415161133,19582800
2023-09-01,WMT,WMT,54.290000915527344,54.31999969482422,53.383331298828125,53.856666564941406,52.18680191040039,12553500
2023-09-05,WMT,WMT,53.95000076293945,54.266666412353516,53.393333435058594,53.42333221435547,51.76690673828125,15209400
2023-09-06,WMT,WMT,53.46666717529297,54.05666732788086,53.3033332824707,53.823333740234375,52.15450668334961,14594700
2023-09-07,WMT,WMT,54.0,54.49333190917969,53.83000183105469,54.4900016784668,52.80050277709961,19120800
2023-09-08,WMT,WMT,54.49333190917969,54.619998931884766,54.356666564941406,54.59000015258789,52.89740753173828,12667200
2023-09-11,WMT,WMT,54.66666793823242,54.82666778564453,54.5533332824707,54.779998779296875,53.081504821777344,11912100
2023-09-12,WMT,WMT,54.83333206176758,54.97666549682617,54.68000030517578,54.84000015258789,53.1396484375,11757300
2023-09-13,WMT,WMT,54.97666549682617,55.28333282470703,54.790000915527344,54.85333251953125,53.15256881713867,14364300
2023-09-14,WMT,WMT,55.0,55.246665954589844,54.8033332824707,55.08333206176758,53.375431060791016,14923800
2023-09-15,WMT,WMT,55.06999969482422,55.220001220703125,54.59000015258789,54.880001068115234,53.17841339111328,63925200
2023-09-18,WMT,WMT,54.893333435058594,55.06666564941406,54.41666793823242,54.473331451416016,52.78434753417969,12997800
2023-09-19,WMT,WMT,54.459999084472656,54.59333419799805,54.116668701171875,54.459999084472656,52.77143096923828,14019600
2023-09-20,WMT,WMT,54.53333282470703,54.9033317565918,54.31999969482422,54.63666534423828,52.9426155090332,10120800
2023-09-21,WMT,WMT,54.753334045410156,54.83333206176758,53.93000030517578,53.973331451416016,52.29985427856445,18782400
2023-09-22,WMT,WMT,54.07666778564453,54.40999984741211,53.973331451416016,54.116668701171875,52.438743591308594,13215000
2023-09-25,WMT,WMT,54.12333297729492,54.369998931884766,53.956668853759766,54.356666564941406,52.671302795410156,10459500
2023-09-26,WMT,WMT,54.313331604003906,54.51333236694336,54.116668701171875,54.16666793823242,52.4871940612793,14435700
2023-09-27,WMT,WMT,54.0,54.07666778564453,53.43000030517578,53.90666580200195,52.23525619506836,15711000
2023-09-28,WMT,WMT,54.0,54.276668548583984,53.86333465576172,54.18000030517578,52.50011444091797,11617200
2023-09-29,WMT,WMT,54.34333419799805,54.37666702270508,53.063331604003906,53.310001373291016,51.6570930480957,18842400
2023-10-02,WMT,WMT,53.163333892822266,53.42333221435547,52.77000045776367,53.366668701171875,51.71199417114258,12992700
2023-10-03,WMT,WMT,53.22999954223633,53.58333206176758,52.893333435058594,53.029998779296875,51.38576889038086,11253300
2023-10-04,WMT,WMT,53.21666717529297,53.68333435058594,53.003334045410156,53.66666793823242,52.00269317626953,15755700
2023-10-05,WMT,WMT,53.483333587646484,53.6533317565918,53.0,53.026668548583984,51.382545471191406,14269500
2023-10-06,WMT,WMT,52.883331298828125,52.996665954589844,50.54999923706055,52.13666534423828,50.52013397216797,42616200
2023-10-09,WMT,WMT,51.69333267211914,51.95000076293945,51.086666107177734,51.9466667175293,50.33602523803711,21022500
2023-10-10,WMT,WMT,52.07666778564453,52.69333267211914,51.88666534423828,52.53333282470703,50.90449905395508,16014300
2023-10-11,WMT,WMT,52.753334045410156,53.163333892822266,52.3466682434082,52.74333190917969,51.10798263549805,12026100
2023-10-12,WMT,WMT,52.84333419799805,53.10333251953125,52.59000015258789,52.983333587646484,51.340553283691406,13514100
2023-10-13,WMT,WMT,53.086666107177734,53.48666763305664,52.96666717529297,53.276668548583984,51.624786376953125,13809000
2023-10-16,WMT,WMT,53.51333236694336,54.026668548583984,53.439998626708984,53.73666763305664,52.070526123046875,14348100
2023-10-17,WMT,WMT,53.58000183105469,53.9033317565918,53.46333312988281,53.80666732788086,52.13835144042969,10893000
2023-10-18,WMT,WMT,53.959999084472656,54.119998931884766,53.573333740234375,53.8466682434082,52.177120208740234,10559100
2023-10-19,WMT,WMT,53.810001373291016,53.939998626708984,53.40666580200195,53.59000015258789,51.928401947021484,11745900
2023-10-20,WMT,WMT,53.61000061035156,53.70000076293945,52.9033317565918,52.91999816894531,51.27918243408203,15056700
2023-10-23,WMT,WMT,52.90999984741211,53.78333282470703,52.67333221435547,53.66999816894531,52.00592803955078,17097000
2023-10-24,WMT,WMT,53.79999923706055,54.49333190917969,53.79666519165039,54.41666793823242,52.72944259643555,17535000
2023-10-25,WMT,WMT,54.38666534423828,54.776668548583984,54.15666580200195,54.253334045410156,52.571170806884766,16621800
2023-10-26,WMT,WMT,54.23666763305664,54.616668701171875,53.869998931884766,53.92333221435547,52.251399993896484,16220100
2023-10-27,WMT,WMT,53.82666778564453,53.9900016784668,53.516666412353516,53.723331451416016,52.0576057434082,13829700
2023-10-30,WMT,WMT,53.81999969482422,54.41999816894531,53.5966682434082,54.34000015258789,52.655155181884766,12653700
2023-10-31,WMT,WMT,54.33333206176758,54.540000915527344,53.983333587646484,54.470001220703125,52.78112030029297,14168400
2023-11-01,WMT,WMT,54.73666763305664,55.12666702270508,54.32666778564453,54.956668853759766,53.2526969909668,14899500
2023-11-02,WMT,WMT,54.793331146240234,55.39666748046875,54.543331146240234,55.17333221435547,53.46263885498047,15492300
2023-11-03,WMT,WMT,55.293331146240234,55.43333435058594,54.83333206176758,54.88666534423828,53.18486404418945,17240100
2023-11-06,WMT,WMT,54.83333206176758,55.209999084472656,54.689998626708984,54.959999084472656,53.25593185424805,14529000
2023-11-07,WMT,WMT,55.25666809082031,55.53666687011719,55.11000061035156,55.21666717529297,53.504634857177734,15023400
2023-11-08,WMT,WMT,55.279998779296875,55.426666259765625,54.526668548583984,54.766666412353516,53.06858825683594,15591900
2023-11-09,WMT,WMT,54.790000915527344,54.84000015258789,54.41666793823242,54.63999938964844,52.94585418701172,15080100
2023-11-10,WMT,WMT,54.849998474121094,55.47999954223633,54.633331298828125,55.39666748046875,53.67906188964844,14319900
2023-11-13,WMT,WMT,55.459999084472656,55.956668853759766,55.349998474121094,55.893333435058594,54.16032409667969,15408900
2023-11-14,WMT,WMT,56.05666732788086,56.383331298828125,55.75,55.883331298828125,54.150634765625,19792500
2023-11-15,WMT,WMT,56.12666702270508,56.64666748046875,55.836666107177734,56.59333419799805,54.838623046875,35769900
2023-11-16,WMT,WMT,52.91666793823242,53.150001525878906,51.83333206176758,52.01333236694336,50.4006233215332,97658700
2023-11-17,WMT,WMT,51.983333587646484,52.51333236694336,51.66999816894531,51.78333282470703,50.17774963378906,42487800
2023-11-20,WMT,WMT,51.8466682434082,52.003334045410156,51.66999816894531,51.766666412353516,50.16160583496094,26663100
2023-11-21,WMT,WMT,51.81999969482422,52.28333282470703,51.37666702270508,51.95333480834961,50.34248352050781,29382300
2023-11-22,WMT,WMT,51.90666580200195,52.016666412353516,51.459999084472656,51.55666732788086,49.95812225341797,26416500
2023-11-24,WMT,WMT,51.71666717529297,52.043331146240234,51.56666564941406,52.02000045776367,50.40708923339844,13975200
2023-11-27,WMT,WMT,51.983333587646484,52.45333480834961,51.983333587646484,52.25666809082031,50.63642120361328,23393700
2023-11-28,WMT,WMT,52.220001220703125,52.973331451416016,52.220001220703125,52.880001068115234,51.24041748046875,23535000
2023-11-29,WMT,WMT,52.92333221435547,52.92333221435547,51.869998931884766,52.026668548583984,50.413551330566406,29896500
2023-11-30,WMT,WMT,52.00666809082031,52.116668701171875,51.503334045410156,51.89666748046875,50.287574768066406,29925900
2023-12-01,WMT,WMT,51.793331146240234,51.869998931884766,50.87666702270508,51.4466667175293,49.85152816772461,39273600
2023-12-04,WMT,WMT,51.106666564941406,51.643333435058594,51.10333251953125,51.43333435058594,49.83860397338867,24883200
2023-12-05,WMT,WMT,51.483333587646484,51.95000076293945,51.246665954589844,51.90999984741211,50.30049133300781,21883800
2023-12-06,WMT,WMT,51.849998474121094,51.94333267211914,51.21666717529297,51.3466682434082,49.754634857177734,26447400
2023-12-07,WMT,WMT,51.45000076293945,51.51333236694336,50.74333190917969,50.81999969482422,49.42719268798828,25362600
2023-12-08,WMT,WMT,50.66666793823242,50.73666763305664,50.08000183105469,50.28666687011719,48.908470153808594,34069500
2023-12-11,WMT,WMT,50.380001068115234,50.483333587646484,49.8466682434082,50.413333892822266,49.03166198730469,31883400
2023-12-12,WMT,WMT,50.40666580200195,50.56666564941406,50.07666778564453,50.45333480834961,49.07057571411133,21381900
2023-12-13,WMT,WMT,50.516666412353516,51.349998474121094,50.21333312988281,51.349998474121094,49.94266128540039,35348700
2023-12-14,WMT,WMT,51.17333221435547,51.313331604003906,50.643333435058594,50.723331451416016,49.33317184448242,30891300
2023-12-15,WMT,WMT,50.59333419799805,51.1533317565918,50.51333236694336,50.913333892822266,49.517967224121094,70003500
2023-12-18,WMT,WMT,51.116668701171875,51.689998626708984,51.043331146240234,51.65666580200195,50.24092483520508,26316000
2023-12-19,WMT,WMT,51.61333465576172,51.89666748046875,51.36333465576172,51.84333419799805,50.422481536865234,24417000
2023-12-20,WMT,WMT,51.80666732788086,52.04666519165039,51.206668853759766,51.23666763305664,49.832435607910156,21967800
2023-12-21,WMT,WMT,51.33333206176758,51.686668395996094,51.3033332824707,51.599998474121094,50.185813903808594,20087700
2023-12-22,WMT,WMT,51.81666564941406,52.383331298828125,51.720001220703125,52.21666717529297,50.78558349609375,19405500
2023-12-26,WMT,WMT,52.21666717529297,52.33000183105469,52.03666687011719,52.13666534423828,50.707763671875,11679900
2023-12-27,WMT,WMT,52.10333251953125,52.650001525878906,52.0533332824707,52.62666702270508,51.18434143066406,19896000
2023-12-28,WMT,WMT,52.59000015258789,52.776668548583984,52.5,52.52333450317383,51.083839416503906,16776000
2023-12-29,WMT,WMT,52.5099983215332,52.69333267211914,52.38666534423828,52.54999923706055,51.109771728515625,21948300
2024-01-02,WMT,WMT,52.41666793823242,53.18000030517578,52.39666748046875,53.0966682434082,51.64146041870117,23539800
2024-01-03,WMT,WMT,53.25666809082031,53.43333435058594,52.97666549682617,53.099998474121094,51.64469528198242,18756000
2024-01-04,WMT,WMT,53.06999969482422,53.18000030517578,52.496665954589844,52.586666107177734,51.145442962646484,19282500
2024-01-05,WMT,WMT,52.63999938964844,52.70000076293945,51.866668701171875,52.23666763305664,50.80502700805664,21709500
2024-01-08,WMT,WMT,52.233333587646484,52.76333236694336,52.22666549682617,52.75,51.30429458618164,20680800
2024-01-09,WMT,WMT,52.643333435058594,53.11333465576172,52.57666778564453,53.10333251953125,51.64793395996094,23322300
2024-01-10,WMT,WMT,53.186668395996094,53.83333206176758,53.186668395996094,53.76333236694336,52.28985595703125,20121900
2024-01-11,WMT,WMT,53.78333282470703,53.96333312988281,53.38999938964844,53.70333480834961,52.23149871826172,14355300
2024-01-12,WMT,WMT,53.790000915527344,53.8466682434082,53.459999084472656,53.77333450317383,52.29957580566406,13629000
2024-01-16,WMT,WMT,53.813331604003906,54.133331298828125,53.74333190917969,53.94333267211914,52.46492385864258,17032500
2024-01-17,WMT,WMT,53.793331146240234,53.996665954589844,53.543331146240234,53.689998626708984,52.218528747558594,14827800
2024-01-18,WMT,WMT,53.720001220703125,54.46333312988281,53.560001373291016,54.413333892822266,52.92203903198242,18190500
2024-01-19,WMT,WMT,54.47666549682617,54.52333450317383,53.813331604003906,54.12666702270508,52.64323043823242,19175400
2024-01-22,WMT,WMT,54.26333236694336,54.31666564941406,53.83333206176758,54.130001068115234,52.6464729309082,13938300
2024-01-23,WMT,WMT,54.040000915527344,54.28333282470703,53.92333221435547,54.266666412353516,52.779396057128906,12066600
2024-01-24,WMT,WMT,54.29999923706055,54.356666564941406,53.439998626708984,53.5,52.03373718261719,22932900
2024-01-25,WMT,WMT,53.79999923706055,54.290000915527344,53.473331451416016,54.279998779296875,52.792362213134766,16369500
2024-01-26,WMT,WMT,54.349998474121094,54.793331146240234,54.220001220703125,54.75666809082031,53.25596237182617,15746400
2024-01-29,WMT,WMT,54.78333282470703,55.13666534423828,54.50666809082031,55.01333236694336,53.505592346191406,18240300
2024-01-30,WMT,WMT,54.900001525878906,55.27000045776367,54.540000915527344,55.1966667175293,53.68390655517578,15270000
2024-01-31,WMT,WMT,55.93333435058594,55.93333435058594,55.03666687011719,55.08333206176758,53.573673248291016,26134800
2024-02-01,WMT,WMT,55.233333587646484,56.116668701171875,55.060001373291016,56.10333251953125,54.56572723388672,20792700
2024-02-02,WMT,WMT,56.04999923706055,56.86000061035156,55.973331451416016,56.52333450317383,54.97421646118164,21670800
2024-02-05,WMT,WMT,56.66999816894531,56.66999816894531,56.02333450317383,56.220001220703125,54.67919158935547,19145100
2024-02-06,WMT,WMT,56.26333236694336,56.650001525878906,56.11333465576172,56.60333251953125,55.0520133972168,14181300
2024-02-07,WMT,WMT,56.75666809082031,56.88666534423828,56.400001525878906,56.459999084472656,54.91261291503906,17082600
2024-02-08,WMT,WMT,56.459999084472656,56.849998474121094,56.380001068115234,56.456668853759766,54.90937423706055,14427900
2024-02-09,WMT,WMT,56.46333312988281,56.57666778564453,56.30666732788086,56.426666259765625,54.880191802978516,14329800
2024-02-12,WMT,WMT,56.40999984741211,56.78666687011719,56.349998474121094,56.766666412353516,55.21087646484375,14795100
2024-02-13,WMT,WMT,56.87333297729492,57.02333450317383,56.09000015258789,56.380001068115234,54.83480453491211,18574200
2024-02-14,WMT,WMT,56.25,56.293331146240234,55.8466682434082,56.20000076293945,54.65974807739258,18484500
2024-02-15,WMT,WMT,56.599998474121094,56.616668701171875,55.9900016784668,56.43000030517578,54.8834342956543,16948800
2024-02-16,WMT,WMT,56.76333236694336,57.310001373291016,56.43000030517578,56.78666687011719,55.23033142089844,22373400
2024-02-20,WMT,WMT,59.49333190917969,60.45000076293945,58.40999984741211,58.619998931884766,57.01340866088867,71788500
2024-02-21,WMT,WMT,58.33333206176758,58.526668548583984,57.599998474121094,57.900001525878906,56.31315231323242,40501500
2024-02-22,WMT,WMT,57.959999084472656,58.4900016784668,57.77000045776367,58.470001220703125,56.86752700805664,29512800
2024-02-23,WMT,WMT,58.6966667175293,59.21666717529297,58.436668395996094,58.52000045776367,56.91615676879883,74365800
2024-02-26,WMT,WMT,59.119998931884766,59.84000015258789,58.18000030517578,59.599998474121094,57.966552734375,32154800
2024-02-27,WMT,WMT,59.63999938964844,59.79999923706055,59.220001220703125,59.59000015258789,57.956844329833984,18012700
2024-02-28,WMT,WMT,59.54999923706055,59.7599983215332,59.310001373291016,59.619998931884766,57.98601150512695,14803300
2024-02-29,WMT,WMT,59.45000076293945,59.4900016784668,58.59000015258789,58.61000061035156,57.00368881225586,29245100
2024-03-01,WMT,WMT,58.79999923706055,58.849998474121094,58.20000076293945,58.7599983215332,57.14957809448242,19030900
2024-03-04,WMT,WMT,58.5,59.38999938964844,58.400001525878906,59.29999923706055,57.67477798461914,16033300
2024-03-05,WMT,WMT,59.869998931884766,60.34000015258789,59.58000183105469,60.040000915527344,58.39449691772461,19676900
2024-03-06,WMT,WMT,60.119998931884766,60.619998931884766,60.040000915527344,60.56999969482422,58.90997314453125,12698700
2024-03-07,WMT,WMT,61.0,61.06999969482422,60.349998474121094,60.36000061035156,58.705726623535156,16195300
2024-03-08,WMT,WMT,60.0,60.279998779296875,59.72999954223633,60.119998931884766,58.47230529785156,12143600
2024-03-11,WMT,WMT,60.099998474121094,60.709999084472656,59.869998931884766,60.65999984741211,58.997501373291016,14154000
2024-03-12,WMT,WMT,60.95000076293945,61.56999969482422,60.650001525878906,61.40999984741211,59.72694778442383,16613100
2024-03-13,WMT,WMT,61.2599983215332,61.459999084472656,60.880001068115234,61.279998779296875,59.60051727294922,15935200
2024-03-14,WMT,WMT,61.279998779296875,61.439998626708984,60.599998474121094,61.02000045776367,59.549766540527344,16584700
2024-03-15,WMT,WMT,60.68000030517578,61.150001525878906,60.459999084472656,60.68000030517578,59.21796417236328,50946300
2024-03-18,WMT,WMT,60.689998626708984,60.900001525878906,60.38999938964844,60.86000061035156,59.39362335205078,16801700
2024-03-19,WMT,WMT,60.970001220703125,61.06999969482422,60.599998474121094,60.869998931884766,59.40338134765625,12353600
2024-03-20,WMT,WMT,60.84000015258789,61.279998779296875,60.7400016784668,61.25,59.77422332763672,12007600
2024-03-21,WMT,WMT,61.279998779296875,61.65999984741211,61.04999923706055,61.45000076293945,59.96940612792969,14265900
2024-03-22,WMT,WMT,61.31999969482422,61.529998779296875,60.849998474121094,60.869998931884766,59.40338134765625,14029400
2024-03-25,WMT,WMT,60.869998931884766,60.9900016784668,60.36000061035156,60.56999969482422,59.1106071472168,14186600
2024-03-26,WMT,WMT,60.459999084472656,60.83000183105469,60.22999954223633,60.5099983215332,59.05204772949219,13738300
2024-03-27,WMT,WMT,60.869998931884766,61.04999923706055,60.380001068115234,60.720001220703125,59.256988525390625,14363400
2024-03-28,WMT,WMT,60.65999984741211,60.77000045776367,60.15999984741211,60.16999816894531,58.72024154663086,17535100
2024-04-01,WMT,WMT,60.310001373291016,60.7599983215332,59.93000030517578,60.0,58.554344177246094,13837600
2024-04-02,WMT,WMT,59.900001525878906,60.099998474121094,58.880001068115234,59.15999984741211,57.73458480834961,19510100
2024-04-03,WMT,WMT,59.380001068115234,59.5,58.939998626708984,59.43000030517578,57.998077392578125,14615100
2024-04-04,WMT,WMT,59.540000915527344,59.810001373291016,59.290000915527344,59.5,58.06638717651367,14436100
2024-04-05,WMT,WMT,59.54999923706055,60.040000915527344,59.4900016784668,59.849998474121094,58.407955169677734,10335900
2024-04-08,WMT,WMT,59.599998474121094,60.040000915527344,59.41999816894531,59.779998779296875,58.33964157104492,11070100
2024-04-09,WMT,WMT,59.869998931884766,59.970001220703125,59.29999923706055,59.790000915527344,58.349403381347656,10013500
2024-04-10,WMT,WMT,59.619998931884766,60.7599983215332,59.38999938964844,60.619998931884766,59.159400939941406,15097600
2024-04-11,WMT,WMT,60.75,60.88999938964844,60.06999969482422,60.09000015258789,58.64217758178711,10987600
2024-04-12,WMT,WMT,60.0,60.720001220703125,59.95000076293945,60.13999938964844,58.69096374511719,12280600
2024-04-15,WMT,WMT,60.5099983215332,60.70000076293945,59.90999984741211,59.93000030517578,58.48602294921875,10557200
2024-04-16,WMT,WMT,60.029998779296875,60.290000915527344,59.779998779296875,59.84000015258789,58.398197174072266,14726300
2024-04-17,WMT,WMT,60.150001525878906,60.43000030517578,59.56999969482422,59.650001525878906,58.21277618408203,15329700
2024-04-18,WMT,WMT,59.83000183105469,59.939998626708984,59.220001220703125,59.2599983215332,57.8321647644043,12061500
2024-04-19,WMT,WMT,59.45000076293945,59.66999816894531,58.970001220703125,59.529998779296875,58.095664978027344,14165800
2024-04-22,WMT,WMT,59.560001373291016,60.400001525878906,59.040000915527344,60.13999938964844,58.69096374511719,14910000
2024-04-23,WMT,WMT,60.25,60.349998474121094,58.560001373291016,59.09000015258789,57.66626739501953,17963900
2024-04-24,WMT,WMT,58.97999954223633,60.040000915527344,58.810001373291016,59.869998931884766,58.42747116088867,18529100
2024-04-25,WMT,WMT,60.04999923706055,60.529998779296875,59.83000183105469,60.209999084472656,58.759281158447266,19263000
2024-04-26,WMT,WMT,60.11000061035156,60.38999938964844,60.0,60.15999984741211,58.710487365722656,11045200
2024-04-29,WMT,WMT,60.18000030517578,60.38999938964844,59.939998626708984,60.2400016784668,58.78855895996094,9785100
2024-04-30,WMT,WMT,60.20000076293945,60.29999923706055,59.15999984741211,59.349998474121094,57.91999816894531,14209200
2024-05-01,WMT,WMT,59.310001373291016,59.40999984741211,58.720001220703125,58.849998474121094,57.43204879760742,15464300
2024-05-02,WMT,WMT,58.939998626708984,59.88999938964844,58.58000183105469,59.709999084472656,58.271331787109375,17574100
2024-05-03,WMT,WMT,59.619998931884766,59.97999954223633,59.13999938964844,59.81999969482422,58.37867736816406,14207400
2024-05-06,WMT,WMT,60.0,60.0,59.38999938964844,59.869998931884766,58.42747116088867,11119400
2024-05-07,WMT,WMT,60.16999816894531,60.79999923706055,60.04999923706055,60.619998931884766,59.159400939941406,14520200
2024-05-08,WMT,WMT,60.630001068115234,60.849998474121094,60.220001220703125,60.29999923706055,58.84711456298828,11015700
2024-05-09,WMT,WMT,60.20000076293945,60.58000183105469,59.95000076293945,60.439998626708984,59.187904357910156,14550500
2024-05-10,WMT,WMT,60.40999984741211,60.58000183105469,60.15999984741211,60.47999954223633,59.227081298828125,12356600
2024-05-13,WMT,WMT,60.619998931884766,61.349998474121094,60.290000915527344,60.40999984741211,59.15852737426758,19260500
2024-05-14,WMT,WMT,60.52000045776367,60.54999923706055,59.439998626708984,59.86000061035156,58.61992263793945,18780100
2024-05-15,WMT,WMT,59.83000183105469,59.939998626708984,59.470001220703125,59.83000183105469,58.59054946899414,22240600
2024-05-16,WMT,WMT,64.22000122070312,64.41999816894531,62.939998626708984,64.01000213623047,62.683956146240234,60545600
2024-05-17,WMT,WMT,64.23999786376953,64.87999725341797,63.630001068115234,64.6500015258789,63.31068801879883,29330400
2024-05-20,WMT,WMT,64.41999816894531,64.76000213623047,63.869998931884766,64.18000030517578,62.85042953491211,15001400
2024-05-21,WMT,WMT,64.52999877929688,65.19000244140625,64.44999694824219,65.1500015258789,63.80033493041992,17131700
2024-05-22,WMT,WMT,64.9800033569336,65.69000244140625,64.7300033569336,65.25,63.89826583862305,14879400
2024-05-23,WMT,WMT,65.16999816894531,65.5199966430664,64.55999755859375,64.83999633789062,63.49675369262695,16222900
2024-05-24,WMT,WMT,65.12999725341797,65.69000244140625,65.01000213623047,65.37999725341797,64.02555847167969,11795000
2024-05-28,WMT,WMT,65.22000122070312,65.47000122070312,64.73999786376953,65.04000091552734,63.69260787963867,13349600
2024-05-29,WMT,WMT,64.75,65.20999908447266,64.6500015258789,64.91999816894531,63.57508850097656,11538600
2024-05-30,WMT,WMT,64.93000030517578,65.16999816894531,64.7699966430664,64.88999938964844,63.54572296142578,13051900
2024-05-31,WMT,WMT,64.66999816894531,65.9000015258789,64.16000366210938,65.76000213623047,64.39769744873047,27632200
2024-06-03,WMT,WMT,65.51000213623047,65.83999633789062,65.16000366210938,65.81999969482422,64.4564437866211,11578700
2024-06-04,WMT,WMT,65.98999786376953,66.63999938964844,65.83000183105469,66.5999984741211,65.22028350830078,14780800
2024-06-05,WMT,WMT,66.56999969482422,67.1500015258789,66.27999877929688,67.08999633789062,65.70014190673828,14982700
2024-06-06,WMT,WMT,67.05999755859375,67.44000244140625,66.7699966430664,67.1500015258789,65.75890350341797,13256000
2024-06-07,WMT,WMT,67.4000015258789,67.56999969482422,65.63999938964844,65.87999725341797,64.51520538330078,20213200
2024-06-10,WMT,WMT,67.19000244140625,67.33000183105469,66.2699966430664,66.95999908447266,65.57283782958984,21659500
2024-06-11,WMT,WMT,66.94999694824219,66.95999908447266,66.3499984741211,66.7300033569336,65.34761047363281,13367500
2024-06-12,WMT,WMT,66.8499984741211,66.94000244140625,65.9000015258789,66.30999755859375,64.93628692626953,11704700
2024-06-13,WMT,WMT,66.30000305175781,66.76000213623047,65.94999694824219,66.69999694824219,65.31820678710938,11196600
2024-06-14,WMT,WMT,66.54000091552734,67.11000061035156,66.30000305175781,67.0199966430664,65.63159942626953,12590100
2024-06-17,WMT,WMT,66.91999816894531,67.44000244140625,66.41000366210938,67.41999816894531,66.02330017089844,12103000
2024-06-18,WMT,WMT,67.62999725341797,67.87000274658203,67.30000305175781,67.5999984741211,66.19957733154297,12093500
2024-06-20,WMT,WMT,67.3499984741211,68.12999725341797,67.30000305175781,68.01000213623047,66.60108184814453,13860800
2024-06-21,WMT,WMT,68.26000213623047,68.55000305175781,67.83000183105469,67.91000366210938,66.50316619873047,25883000
2024-06-24,WMT,WMT,68.05000305175781,69.04000091552734,67.9000015258789,68.9000015258789,67.47264862060547,12470400
2024-06-25,WMT,WMT,67.16999816894531,67.58999633789062,66.55000305175781,67.41999816894531,66.02330017089844,20869200
2024-06-26,WMT,WMT,67.4000015258789,68.5999984741211,67.20999908447266,68.29000091552734,66.87528228759766,14177500
2024-06-27,WMT,WMT,68.29000091552734,68.58000183105469,67.66999816894531,67.87999725341797,66.4737777709961,12899200
2024-06-28,WMT,WMT,67.87000274658203,68.0999984741211,67.31999969482422,67.70999908447266,66.30729675292969,18816700
2024-07-01,WMT,WMT,67.88999938964844,68.23999786376953,67.25,67.4800033569336,66.08206176757812,8666000
2024-07-02,WMT,WMT,67.44000244140625,68.08000183105469,67.26000213623047,68.06999969482422,66.65983581542969,9436500
2024-07-03,WMT,WMT,67.80999755859375,68.25,67.62000274658203,68.23999786376953,66.82630920410156,6287500
2024-07-05,WMT,WMT,68.16000366210938,70.1500015258789,68.0999984741211,70.04000091552734,68.58903503417969,21586100
2024-07-08,WMT,WMT,69.9000015258789,70.13999938964844,69.3499984741211,69.68000030517578,68.23648834228516,12077700
2024-07-09,WMT,WMT,69.9000015258789,70.25,69.66999816894531,69.9000015258789,68.45193481445312,9758400
2024-07-10,WMT,WMT,70.0999984741211,70.44000244140625,69.72000122070312,70.41000366210938,68.95137786865234,10803400
2024-07-11,WMT,WMT,70.18000030517578,70.44999694824219,69.26000213623047,69.80000305175781,68.35398864746094,15624800
2024-07-12,WMT,WMT,69.9000015258789,70.02999877929688,69.16999816894531,69.23999786376953,67.80559539794922,12145300
2024-07-15,WMT,WMT,69.30000305175781,69.97000122070312,69.30000305175781,69.61000061035156,68.16793823242188,10171100
2024-07-16,WMT,WMT,69.81999969482422,70.23999786376953,69.58000183105469,69.98999786376953,68.54004669189453,9836800
2024-07-17,WMT,WMT,70.18000030517578,71.0999984741211,69.94999694824219,71.02999877929688,69.55852508544922,13533800
2024-07-18,WMT,WMT,70.68000030517578,71.19000244140625,70.43000030517578,70.81999969482422,69.35287475585938,10682700
2024-07-19,WMT,WMT,71.19999694824219,71.33000183105469,70.6500015258789,70.75,69.28431701660156,11665500
2024-07-22,WMT,WMT,70.86000061035156,71.26000213623047,70.2300033569336,70.37999725341797,68.92198944091797,12666100
2024-07-23,WMT,WMT,70.47000122070312,70.69999694824219,70.11000061035156,70.6500015258789,69.18638610839844,9263600
2024-07-24,WMT,WMT,70.5199966430664,70.83999633789062,70.33999633789062,70.5999984741211,69.1374282836914,22490800
2024-07-25,WMT,WMT,70.5999984741211,70.7699966430664,69.94999694824219,70.0199966430664,68.56944274902344,18821200
2024-07-26,WMT,WMT,70.2300033569336,70.23999786376953,68.83000183105469,69.77999877929688,68.33441162109375,16789300
2024-07-29,WMT,WMT,69.8499984741211,69.9000015258789,69.12999725341797,69.62000274658203,68.177734375,10315300
2024-07-30,WMT,WMT,69.55000305175781,69.8499984741211,68.9800033569336,69.19000244140625,67.75663757324219,12522500
2024-07-31,WMT,WMT,69.18000030517578,69.25,68.29000091552734,68.63999938964844,67.21803283691406,22908800
2024-08-01,WMT,WMT,68.91000366210938,69.80000305175781,68.5199966430664,69.79000091552734,68.34420776367188,17275500
2024-08-02,WMT,WMT,69.5999984741211,70.23999786376953,67.73999786376953,68.45999908447266,67.04176330566406,23578700
2024-08-05,WMT,WMT,68.0999984741211,68.58000183105469,66.91000366210938,67.58999633789062,66.18978118896484,20770500
2024-08-06,WMT,WMT,67.83999633789062,68.62999725341797,67.68000030517578,67.73999786376953,66.336669921875,14815100
2024-08-07,WMT,WMT,67.87000274658203,68.01000213623047,66.80999755859375,66.91000366210938,65.52387237548828,18499200
2024-08-08,WMT,WMT,66.83999633789062,67.91999816894531,66.66999816894531,67.66000366210938,66.25833892822266,12489800
2024-08-09,WMT,WMT,67.8499984741211,68.22000122070312,67.33000183105469,67.94999694824219,66.54231262207031,13805600
2024-08-12,WMT,WMT,68.33999633789062,69.22000122070312,68.06999969482422,68.69999694824219,67.27678680419922,17385300
2024-08-13,WMT,WMT,68.43000030517578,68.61000061035156,67.13999938964844,68.12999725341797,66.71859741210938,26557900
2024-08-14,WMT,WMT,67.91999816894531,68.79000091552734,67.8499984741211,68.66000366210938,67.23761749267578,22928600
2024-08-15,WMT,WMT,74.12000274658203,74.44000244140625,72.77999877929688,73.18000030517578,71.66397857666016,49567500
2024-08-16,WMT,WMT,72.69999694824219,73.61000061035156,72.5199966430664,73.44999694824219,72.13341522216797,19872100
2024-08-19,WMT,WMT,73.38999938964844,73.9800033569336,73.33999633789062,73.72000122070312,72.39857482910156,13709300
2024-08-20,WMT,WMT,73.75,74.75,73.72000122070312,74.54000091552734,73.20386505126953,14434000
2024-08-21,WMT,WMT,75.30000305175781,75.58000183105469,74.58999633789062,75.23999786376953,73.89131927490234,14832000
2024-08-22,WMT,WMT,75.37000274658203,76.22000122070312,75.1500015258789,75.58000183105469,74.22523498535156,16511100
2024-08-23,WMT,WMT,75.5999984741211,75.80999755859375,75.01000213623047,75.69999694824219,74.34308624267578,12299100
2024-08-26,WMT,WMT,75.9000015258789,76.20999908447266,75.56999969482422,76.02999877929688,74.66716766357422,9508200
2024-08-27,WMT,WMT,76.44999694824219,76.44999694824219,75.7699966430664,76.12999725341797,74.76536560058594,11557800
2024-08-28,WMT,WMT,76.27999877929688,76.43000030517578,75.80999755859375,76.08000183105469,74.71627044677734,9814300
2024-08-29,WMT,WMT,75.98999786376953,76.47000122070312,75.66999816894531,76.41999816894531,75.05016326904297,11856800
2024-08-30,WMT,WMT,76.44000244140625,77.47000122070312,76.22000122070312,77.2300033569336,75.84565734863281,23230000
2024-09-03,WMT,WMT,77.33000183105469,77.80999755859375,76.80000305175781,77.16999816894531,75.78672790527344,22666100
2024-09-04,WMT,WMT,77.33000183105469,77.4800033569336,76.7300033569336,77.23999786376953,75.85546875,18442800
2024-09-05,WMT,WMT,77.25,77.44999694824219,76.38999938964844,76.95999908447266,75.58049011230469,13082900
2024-09-06,WMT,WMT,76.9000015258789,77.31999969482422,76.30000305175781,76.63999938964844,75.26622772216797,14548600
2024-09-09,WMT,WMT,76.8499984741211,77.47000122070312,76.48999786376953,77.33999633789062,75.95368194580078,22260200
2024-09-10,WMT,WMT,77.3499984741211,78.9000015258789,77.27999877929688,78.80999755859375,77.39733123779297,17686300
2024-09-11,WMT,WMT,78.37999725341797,78.91999816894531,77.56999969482422,78.83999633789062,77.42678833007812,19518800
2024-09-12,WMT,WMT,78.98999786376953,79.91000366210938,78.62000274658203,79.66000366210938,78.23210144042969,14877700
2024-09-13,WMT,WMT,79.81999969482422,80.69000244140625,79.69000244140625,80.5999984741211,79.15524291992188,12994100
2024-09-16,WMT,WMT,80.83999633789062,81.0199966430664,80.13999938964844,80.55999755859375,79.11595916748047,15346400
2024-09-17,WMT,WMT,79.76000213623047,80.26000213623047,78.26000213623047,78.5999984741211,77.19109344482422,21065900
2024-09-18,WMT,WMT,78.63999938964844,79.41000366210938,78.27999877929688,79.02999877929688,77.61339569091797,15684900
2024-09-19,WMT,WMT,79.05000305175781,79.08999633789062,77.48999786376953,78.04000091552734,76.6411361694336,21525700
2024-09-20,WMT,WMT,78.2300033569336,79.61000061035156,78.11000061035156,79.05999755859375,77.64286041259766,39534300
2024-09-23,WMT,WMT,79.06999969482422,80.44000244140625,79.06999969482422,80.33000183105469,78.89008331298828,12147300
2024-09-24,WMT,WMT,80.4800033569336,80.91000366210938,80.23999786376953,80.66999816894531,79.2239990234375,14651100
2024-09-25,WMT,WMT,80.88999938964844,81.5999984741211,80.68000030517578,81.4000015258789,79.94090270996094,14163800
2024-09-26,WMT,WMT,81.04000091552734,81.19999694824219,79.26000213623047,79.91999816894531,78.48743438720703,17061100
2024-09-27,WMT,WMT,79.9000015258789,80.29000091552734,79.5999984741211,79.77999877929688,78.3499526977539,11899100
2024-09-30,WMT,WMT,79.88999938964844,80.94000244140625,79.86000061035156,80.75,79.30257415771484,18997000
2024-10-01,WMT,WMT,80.68000030517578,81.52999877929688,80.44000244140625,81.2699966430664,79.81324005126953,16054200
2024-10-02,WMT,WMT,80.98999786376953,80.98999786376953,80.12000274658203,80.43000030517578,78.98829650878906,16618300
2024-10-03,WMT,WMT,80.30000305175781,80.58000183105469,79.8499984741211,80.43000030517578,78.98829650878906,11640400
2024-10-04,WMT,WMT,80.05000305175781,81.11000061035156,79.8499984741211,80.94000244140625,79.48915100097656,11583400
2024-10-07,WMT,WMT,80.69000244140625,80.94000244140625,78.9800033569336,79.0999984741211,77.68212890625,16791600
2024-10-08,WMT,WMT,79.62000274658203,79.81999969482422,79.06999969482422,79.70999908447266,78.28119659423828,15270000
2024-10-09,WMT,WMT,79.81999969482422,80.5,79.75,80.4000015258789,78.9588394165039,12413000
2024-10-10,WMT,WMT,80.30999755859375,80.31999969482422,79.45999908447266,79.61000061035156,78.18299102783203,10812700
2024-10-11,WMT,WMT,79.69999694824219,80.12999725341797,79.37000274658203,80.0999984741211,78.6642074584961,9570700
2024-10-14,WMT,WMT,80.05000305175781,80.51000213623047,79.76000213623047,80.29000091552734,78.85079956054688,9914500
2024-10-15,WMT,WMT,80.66999816894531,81.81999969482422,80.51000213623047,81.6500015258789,80.18643188476562,13276200
2024-10-16,WMT,WMT,81.52999877929688,81.66000366210938,80.62000274658203,81.22000122070312,79.7641372680664,11123300
2024-10-17,WMT,WMT,81.2699966430664,81.5,80.6500015258789,80.88999938964844,79.44004821777344,9424700
2024-10-18,WMT,WMT,80.87000274658203,81.69000244140625,80.66000366210938,81.30999755859375,79.85253143310547,12324100
2024-10-21,WMT,WMT,81.2300033569336,81.55000305175781,80.72000122070312,80.80999755859375,79.36148071289062,9750400
2024-10-22,WMT,WMT,81.11000061035156,82.2300033569336,80.83000183105469,82.0199966430664,80.54979705810547,12240100
2024-10-23,WMT,WMT,81.88999938964844,83.33999633789062,81.80000305175781,83.2699966430664,81.77737426757812,13058200
2024-10-24,WMT,WMT,82.95999908447266,83.31999969482422,82.58000183105469,83.04000091552734,81.55150604248047,11645900
2024-10-25,WMT,WMT,83.19999694824219,83.30000305175781,82.44000244140625,82.51000213623047,81.031005859375,8959400
2024-10-28,WMT,WMT,82.75,83.08000183105469,82.47000122070312,82.75,81.26670837402344,7990200
2024-10-29,WMT,WMT,82.66999816894531,82.86000061035156,81.66999816894531,81.69999694824219,80.23551940917969,9682400
2024-10-30,WMT,WMT,81.5999984741211,81.83000183105469,81.30000305175781,81.38999938964844,79.93107604980469,9268800
2024-10-31,WMT,WMT,81.29000091552734,82.44000244140625,81.22000122070312,81.94999694824219,80.48104095458984,15539000
2024-11-01,WMT,WMT,82.52999877929688,82.52999877929688,81.54000091552734,82.19000244140625,80.71674346923828,12181800
2024-11-04,WMT,WMT,82.19999694824219,82.91000366210938,82.0,82.44999694824219,80.97207641601562,11731000
2024-11-05,WMT,WMT,82.68000030517578,83.7699966430664,82.51000213623047,83.68000030517578,82.18004608154297,10612500
2024-11-06,WMT,WMT,85.13999938964844,85.54000091552734,82.05999755859375,83.44000244140625,81.94434356689453,19974000
2024-11-07,WMT,WMT,83.72000122070312,84.38999938964844,83.41999816894531,83.8499984741211,82.34698486328125,12665800
2024-11-08,WMT,WMT,84.27999877929688,85.41999816894531,84.2300033569336,84.83000183105469,83.30941772460938,14396500
2024-11-11,WMT,WMT,84.94999694824219,85.41000366210938,84.12000274658203,84.20999908447266,82.7005386352539,10433200
2024-11-12,WMT,WMT,84.5,85.52999877929688,84.5,84.98999786376953,83.46656036376953,12860200
2024-11-13,WMT,WMT,84.98999786376953,85.79000091552734,84.7699966430664,85.5,83.9674072265625,12802600
2024-11-14,WMT,WMT,85.02999877929688,85.76000213623047,84.33999633789062,84.47000122070312,82.95588684082031,15740700
2024-11-15,WMT,WMT,84.52999877929688,84.77999877929688,83.94000244140625,84.25,82.73981475830078,17370600
2024-11-18,WMT,WMT,84.81999969482422,84.8499984741211,83.66000366210938,84.08000183105469,82.57286834716797,25093800
2024-11-19,WMT,WMT,86.2300033569336,88.29000091552734,85.91000366210938,86.5999984741211,85.04769134521484,36340900
2024-11-20,WMT,WMT,86.5999984741211,87.19999694824219,85.91000366210938,87.18000030517578,85.61729431152344,18183200
2024-11-21,WMT,WMT,87.44999694824219,88.63999938964844,86.93000030517578,88.38999938964844,86.80561065673828,18729200
2024-11-22,WMT,WMT,89.41000366210938,90.91000366210938,88.93000030517578,90.44000244140625,88.81886291503906,23990600
2024-11-25,WMT,WMT,90.5,90.94999694824219,89.05999755859375,89.5,87.89571380615234,25078600
2024-11-26,WMT,WMT,89.88999938964844,91.87999725341797,89.83999633789062,91.30999755859375,89.67327117919922,16657000
2024-11-27,WMT,WMT,92.0,92.25,91.30999755859375,91.87999725341797,90.2330551147461,14358900
2024-11-29,WMT,WMT,92.26000213623047,92.63999938964844,91.81999969482422,92.5,90.8419418334961,11041200
2024-12-02,WMT,WMT,92.81999969482422,92.98999786376953,91.94999694824219,92.63999938964844,90.97942352294922,17173000
2024-12-03,WMT,WMT,92.77999877929688,93.58999633789062,92.26000213623047,93.51000213623047,91.8338394165039,17775200
2024-12-04,WMT,WMT,93.44999694824219,94.5199966430664,93.05000305175781,94.44999694824219,92.75698852539062,17312600
2024-12-05,WMT,WMT,94.88999938964844,95.5999984741211,94.33999633789062,95.30000305175781,93.59175109863281,21932300
2024-12-06,WMT,WMT,95.54000091552734,96.18000030517578,95.33000183105469,95.69999694824219,93.98457336425781,18803500
2024-12-09,WMT,WMT,95.66000366210938,95.94000244140625,93.5999984741211,93.83000183105469,92.14810943603516,20931100
2024-12-10,WMT,WMT,94.05000305175781,95.23999786376953,93.7699966430664,94.55000305175781,92.85519409179688,13164500
2024-12-11,WMT,WMT,94.54000091552734,95.69000244140625,94.5,94.95999908447266,93.2578353881836,19682100
2024-12-12,WMT,WMT,95.68000030517578,95.72000122070312,94.08999633789062,94.08999633789062,92.4034423828125,14298600
2024-12-13,WMT,WMT,93.80000305175781,94.68000030517578,93.04000091552734,94.25,92.7656478881836,11495900
2024-12-16,WMT,WMT,94.41999816894531,95.70999908447266,94.0999984741211,94.87000274658203,93.37588500976562,16742000
2024-12-17,WMT,WMT,95.13999938964844,95.48999786376953,94.31999969482422,95.41999816894531,93.91722869873047,23560800
2024-12-18,WMT,WMT,95.33999633789062,95.9000015258789,93.12999725341797,93.55000305175781,92.07667541503906,24665600
2024-12-19,WMT,WMT,94.4800033569336,94.56999969482422,93.36000061035156,93.4000015258789,91.92903137207031,16606500
2024-12-20,WMT,WMT,93.01000213623047,93.75,91.62999725341797,92.23999786376953,90.78730010986328,49350600
2024-12-23,WMT,WMT,91.5,91.5,88.91000366210938,90.3499984741211,88.92706298828125,26205400
2024-12-24,WMT,WMT,90.37000274658203,92.68000030517578,90.3499984741211,92.68000030517578,91.22037506103516,8992400
2024-12-26,WMT,WMT,92.54000091552734,92.87999725341797,92.16999816894531,92.79000091552734,91.32864379882812,10994000
2024-12-27,WMT,WMT,92.12999725341797,92.3499984741211,91.02999877929688,91.66000366210938,90.21643829345703,11384400
2024-12-30,WMT,WMT,90.7300033569336,91.06999969482422,90.12999725341797,90.56999969482422,89.14360046386719,9790200
2024-12-31,WMT,WMT,90.56999969482422,90.94000244140625,90.05999755859375,90.3499984741211,88.92706298828125,11267700
2025-01-02,WMT,WMT,89.9800033569336,90.5999984741211,89.5199966430664,90.0,88.58258056640625,14820400
2025-01-03,WMT,WMT,90.1500015258789,91.30000305175781,90.13999938964844,90.77999877929688,89.35027313232422,10834600
2025-01-06,WMT,WMT,90.83000183105469,92.47000122070312,90.66999816894531,91.43000030517578,89.99005889892578,14519900
2025-01-07,WMT,WMT,91.69999694824219,91.94000244140625,90.44999694824219,90.80999755859375,89.37981414794922,11238000
2025-01-08,WMT,WMT,91.11000061035156,91.8499984741211,90.81999969482422,91.80000305175781,90.35423278808594,13453600
2025-01-10,WMT,WMT,92.48999786376953,93.58000183105469,92.19999694824219,93.0,91.53533172607422,18140900
2025-01-13,WMT,WMT,92.12000274658203,92.43000030517578,91.0999984741211,91.52999877929688,90.08848571777344,18617100
2025-01-14,WMT,WMT,91.86000061035156,91.9800033569336,90.56999969482422,90.79000091552734,89.36013793945312,13549200
2025-01-15,WMT,WMT,91.06999969482422,91.7300033569336,90.80999755859375,91.33999633789062,89.90147399902344,17348200
2025-01-16,WMT,WMT,91.5,91.72000122070312,90.12000274658203,91.30000305175781,89.86210632324219,13267700
2025-01-17,WMT,WMT,92.06999969482422,92.26000213623047,91.05000305175781,91.94000244140625,90.49202728271484,15868200
2025-01-21,WMT,WMT,92.4800033569336,94.23999786376953,92.30999755859375,93.08000183105469,91.61406707763672,23247500
2025-01-22,WMT,WMT,93.7699966430664,94.0,92.5199966430664,93.2300033569336,91.76171112060547,15567100
2025-01-23,WMT,WMT,92.95999908447266,93.80999755859375,92.31999969482422,93.80999755859375,92.33257293701172,14198400
2025-01-24,WMT,WMT,93.54000091552734,95.01000213623047,93.45999908447266,94.76000213623047,93.26761627197266,14973800
2025-01-27,WMT,WMT,95.9000015258789,97.45999908447266,94.81999969482422,97.4000015258789,95.86605072021484,18880600
2025-01-28,WMT,WMT,97.2300033569336,97.83999633789062,96.7300033569336,97.29000091552734,95.75777435302734,14641600
2025-01-29,WMT,WMT,97.43000030517578,98.16999816894531,97.22000122070312,97.5,95.96446228027344,11261400
2025-01-30,WMT,WMT,97.69000244140625,98.93000030517578,97.41999816894531,98.6500015258789,97.09635925292969,11012200
2025-01-31,WMT,WMT,99.0,99.0,97.69999694824219,98.16000366210938,96.61406707763672,16391200
2025-02-03,WMT,WMT,96.7699966430664,99.79000091552734,96.47000122070312,99.54000091552734,97.97232818603516,20484200
2025-02-04,WMT,WMT,99.97000122070312,100.94999694824219,99.69000244140625,100.7699966430664,99.18295288085938,15201200
2025-02-05,WMT,WMT,100.6500015258789,102.58000183105469,100.54000091552734,102.45999908447266,100.8463363647461,15926700
2025-02-06,WMT,WMT,102.52999877929688,103.0199966430664,101.94000244140625,102.8499984741211,101.2302017211914,13088500
2025-02-07,WMT,WMT,103.0,103.11000061035156,101.11000061035156,101.1500015258789,99.5569839477539,12451100
2025-02-10,WMT,WMT,101.94999694824219,102.93000030517578,101.25,102.91999816894531,101.29911041259766,15274600
2025-02-11,WMT,WMT,102.62000274658203,102.8499984741211,101.8499984741211,102.47000122070312,100.85618591308594,11953600
2025-02-12,WMT,WMT,102.12000274658203,103.9000015258789,102.04000091552734,103.61000061035156,101.97823333740234,15162100
2025-02-13,WMT,WMT,104.0,105.23999786376953,103.52999877929688,105.05000305175781,103.39556121826172,12604400
2025-02-14,WMT,WMT,105.30000305175781,105.30000305175781,103.5999984741211,104.04000091552734,102.4014663696289,14109500
2025-02-18,WMT,WMT,103.72000122070312,103.98999786376953,102.51000213623047,103.77999877929688,102.14556121826172,18247300
2025-02-19,WMT,WMT,103.8499984741211,104.19999694824219,102.55000305175781,104.0,102.36209106445312,18508000
2025-02-20,WMT,WMT,98.77999877929688,100.12000274658203,96.68000030517578,97.20999908447266,95.67901611328125,55450900
2025-02-21,WMT,WMT,96.52999877929688,96.8499984741211,94.12000274658203,94.77999877929688,93.28730773925781,35014800
2025-02-24,WMT,WMT,94.18000030517578,94.63999938964844,92.12000274658203,93.66999816894531,92.19477844238281,29755900
2025-02-25,WMT,WMT,94.3499984741211,97.91000366210938,94.23999786376953,97.69000244140625,96.15147399902344,29331200
2025-02-26,WMT,WMT,97.69999694824219,98.7300033569336,96.06999969482422,96.19999694824219,94.68492889404297,19069700
2025-02-27,WMT,WMT,95.9000015258789,98.04000091552734,95.80999755859375,96.79000091552734,95.26564025878906,16431500
2025-02-28,WMT,WMT,97.79000091552734,98.86000061035156,97.16999816894531,98.61000061035156,97.0569839477539,25451300
2025-03-03,WMT,WMT,97.9800033569336,99.48999786376953,96.83000183105469,97.58999633789062,96.05303955078125,18372200
2025-03-04,WMT,WMT,95.76000213623047,97.05000305175781,94.45999908447266,94.97000122070312,93.47430419921875,25227700
2025-03-05,WMT,WMT,94.97000122070312,96.38999938964844,94.75,95.9800033569336,94.46839904785156,17639000
2025-03-06,WMT,WMT,94.80000305175781,96.19000244140625,94.18000030517578,94.63999938964844,93.14949798583984,19957800
2025-03-07,WMT,WMT,93.94000244140625,93.94999694824219,90.76000213623047,91.72000122070312,90.2754898071289,35913200
2025-03-10,WMT,WMT,89.76000213623047,90.2300033569336,86.61000061035156,87.81999969482422,86.43692016601562,35148800
2025-03-11,WMT,WMT,87.29000091552734,89.3499984741211,87.13999938964844,87.44000244140625,86.0628890991211,28687600
2025-03-12,WMT,WMT,87.87999725341797,89.0999984741211,84.87999725341797,85.19999694824219,83.8581771850586,33301600
2025-03-13,WMT,WMT,84.94000244140625,85.44999694824219,83.87000274658203,84.5,83.16919708251953,31507800
2025-03-14,WMT,WMT,84.95999908447266,85.37000274658203,84.05999755859375,85.3499984741211,84.00580596923828,35500600
2025-03-17,WMT,WMT,85.12999725341797,87.98999786376953,84.9800033569336,87.45999908447266,86.08257293701172,26297800
2025-03-18,WMT,WMT,87.44000244140625,87.68000030517578,85.5,85.58999633789062,84.24202728271484,17850900
2025-03-19,WMT,WMT,85.94999694824219,86.79000091552734,85.62000274658203,86.33000183105469,84.97038269042969,24555900
2025-03-20,WMT,WMT,85.80999755859375,87.08000183105469,85.5199966430664,85.80999755859375,84.45856475830078,18185500
2025-03-21,WMT,WMT,85.27999877929688,86.2300033569336,84.77999877929688,85.9800033569336,84.85829162597656,26797200
2025-03-24,WMT,WMT,86.47000122070312,87.6500015258789,86.3499984741211,87.48999786376953,86.34857940673828,17900700
2025-03-25,WMT,WMT,86.76000213623047,87.30999755859375,84.62000274658203,84.76000213623047,83.65420532226562,27908600
2025-03-26,WMT,WMT,85.19000244140625,85.55999755859375,84.56999969482422,85.20999908447266,84.09833526611328,27228800
2025-03-27,WMT,WMT,84.77999877929688,86.11000061035156,84.77999877929688,85.62999725341797,84.5128402709961,16782800
2025-03-28,WMT,WMT,85.43000030517578,85.83000183105469,84.69999694824219,85.1500015258789,84.03912353515625,14790600
2025-03-31,WMT,WMT,84.76000213623047,88.19999694824219,84.37000274658203,87.79000091552734,86.64466857910156,30269300
2025-04-01,WMT,WMT,87.54000091552734,89.11000061035156,87.37000274658203,88.83000183105469,87.67109680175781,22080300
2025-04-02,WMT,WMT,88.19999694824219,90.1500015258789,88.12000274658203,89.76000213623047,88.58897399902344,19384100
2025-04-03,WMT,WMT,86.27999877929688,89.87999725341797,86.27999877929688,87.26000213623047,86.12158966064453,33012900
2025-04-04,WMT,WMT,85.63999938964844,87.38999938964844,82.6500015258789,83.19000244140625,82.10468292236328,36209000
2025-04-07,WMT,WMT,80.23999786376953,86.26000213623047,79.80999755859375,83.83000183105469,82.73633575439453,36884900
2025-04-08,WMT,WMT,85.8499984741211,86.97000122070312,81.02999877929688,81.79000091552734,80.72294616699219,34351700
2025-04-09,WMT,WMT,83.33000183105469,90.80000305175781,83.0199966430664,89.5999984741211,88.43106079101562,46632800
2025-04-10,WMT,WMT,88.7300033569336,91.87000274658203,88.16000366210938,90.61000061035156,89.42788696289062,34735300
2025-04-11,WMT,WMT,90.68000030517578,93.3499984741211,90.01000213623047,92.80000305175781,91.58930969238281,25508100
2025-04-14,WMT,WMT,93.2699966430664,95.44000244140625,92.9000015258789,94.7300033569336,93.49412536621094,27742900
2025-04-15,WMT,WMT,94.81999969482422,96.02999877929688,93.87000274658203,93.97000122070312,92.74404907226562,21871200
2025-04-16,WMT,WMT,94.0,94.30000305175781,90.61000061035156,91.19000244140625,90.00031280517578,22229100
2025-04-17,WMT,WMT,91.83000183105469,93.87000274658203,91.62000274658203,93.22000122070312,92.00382995605469,21393900
2025-04-21,WMT,WMT,93.0199966430664,94.08000183105469,91.33999633789062,92.41000366210938,91.20441436767578,18361200
2025-04-22,WMT,WMT,92.87999725341797,95.29000091552734,92.87999725341797,94.8499984741211,93.61255645751953,15407800
2025-04-23,WMT,WMT,95.0199966430664,96.5999984741211,94.16000366210938,94.95999908447266,93.72112274169922,18046900
2025-04-24,WMT,WMT,94.70999908447266,96.22000122070312,93.66000366210938,95.83999633789062,94.58963775634766,13444500
2025-04-25,WMT,WMT,95.80000305175781,96.47000122070312,94.36000061035156,95.08999633789062,93.84942626953125,15317200
2025-04-28,WMT,WMT,95.0999984741211,96.0,94.33999633789062,95.22000122070312,93.97774505615234,12950000
2025-04-29,WMT,WMT,94.83999633789062,96.18000030517578,94.41999816894531,96.04000091552734,94.78704833984375,12679000
2025-04-30,WMT,WMT,95.94000244140625,97.77999877929688,94.93000030517578,97.25,95.98124694824219,21639900
2025-05-01,WMT,WMT,97.0199966430664,97.9000015258789,96.58999633789062,97.41000366210938,96.13917541503906,13171800
2025-05-02,WMT,WMT,97.94999694824219,99.22000122070312,97.8499984741211,98.75,97.46168518066406,16031400
2025-05-05,WMT,WMT,98.94000244140625,99.73999786376953,98.52999877929688,99.33000183105469,98.03411865234375,12439100
2025-05-06,WMT,WMT,98.73999786376953,99.47000122070312,98.41000366210938,98.55000305175781,97.2643051147461,10626000
2025-05-07,WMT,WMT,98.55000305175781,99.2300033569336,98.30999755859375,98.83000183105469,97.5406494140625,11301300
2025-05-08,WMT,WMT,98.75,99.33000183105469,97.36000061035156,97.43000030517578,96.15890502929688,14461100
2025-05-09,WMT,WMT,96.75,97.19999694824219,96.29000091552734,96.72000122070312,95.68896484375,13697800
2025-05-12,WMT,WMT,97.66999816894531,97.97000122070312,95.62000274658203,96.75,95.7186508178711,26783900
2025-05-13,WMT,WMT,96.5,97.31999969482422,95.2300033569336,95.87999725341797,94.85791778564453,19746700
2025-05-14,WMT,WMT,96.02999877929688,97.33000183105469,95.83000183105469,96.83000183105469,95.79779815673828,25620100
2025-05-15,WMT,WMT,94.30000305175781,96.72000122070312,91.88999938964844,96.3499984741211,95.32290649414062,44026100
2025-05-16,WMT,WMT,96.13999938964844,99.19000244140625,96.0,98.23999786376953,97.19276428222656,33746200
2025-05-19,WMT,WMT,96.6500015258789,98.27999877929688,95.80999755859375,98.12000274658203,97.07404327392578,20041600
2025-05-20,WMT,WMT,98.55999755859375,98.81999969482422,96.5199966430664,97.80000305175781,96.75745391845703,15609600
2025-05-21,WMT,WMT,97.12999725341797,97.76000213623047,95.9800033569336,96.43000030517578,95.40206146240234,15742300
2025-05-22,WMT,WMT,96.54000091552734,96.95999908447266,95.81999969482422,95.93000030517578,94.90738677978516,13712200
2025-05-23,WMT,WMT,95.33999633789062,96.54000091552734,95.0,96.33999633789062,95.3130111694336,13668600
2025-05-27,WMT,WMT,97.30000305175781,97.80000305175781,96.58000183105469,97.58000183105469,96.53980255126953,17180900
2025-05-28,WMT,WMT,97.5199966430664,98.23999786376953,97.05999755859375,97.23999786376953,96.20341491699219,11220100
2025-05-29,WMT,WMT,97.62999725341797,97.7699966430664,96.8499984741211,97.0999984741211,96.06492614746094,14338000
2025-05-30,WMT,WMT,96.95999908447266,98.93000030517578,96.5999984741211,98.72000122070312,97.66764068603516,29980100
2025-06-02,WMT,WMT,98.83999633789062,99.91000366210938,98.05000305175781,99.7699966430664,98.70645141601562,16999200
2025-06-03,WMT,WMT,99.56999969482422,100.88999938964844,98.56999969482422,99.9800033569336,98.91421508789062,15598600
2025-06-04,WMT,WMT,99.79000091552734,100.12999725341797,99.31999969482422,99.3499984741211,98.29093170166016,11115600
2025-06-05,WMT,WMT,99.30000305175781,99.58999633789062,97.61000061035156,97.95999908447266,96.91575622558594,15817100
2025-06-06,WMT,WMT,98.37000274658203,98.55999755859375,96.97000122070312,97.47000122070312,96.43096923828125,15599300
2025-06-09,WMT,WMT,97.4000015258789,97.8499984741211,96.7699966430664,97.44999694824219,96.41117095947266,13655700
2025-06-10,WMT,WMT,97.29000091552734,98.08999633789062,96.4800033569336,97.31999969482422,96.28257751464844,17162500
2025-06-11,WMT,WMT,97.29000091552734,97.29000091552734,95.3499984741211,95.80000305175781,94.77877044677734,16389600
2025-06-12,WMT,WMT,94.88999938964844,95.26000213623047,93.43000030517578,94.83000183105469,93.81912231445312,17845700
2025-06-13,WMT,WMT,94.5199966430664,95.31999969482422,94.01000213623047,94.44000244140625,93.43327331542969,18694700
2025-06-16,WMT,WMT,94.75,95.77999877929688,94.0999984741211,94.29000091552734,93.28486633300781,14881700
2025-06-17,WMT,WMT,93.94999694824219,94.81999969482422,93.62000274658203,94.25,93.24530029296875,14935600
2025-06-18,WMT,WMT,94.56999969482422,95.48999786376953,94.08999633789062,95.08999633789062,94.07633209228516,11333700
2025-06-20,WMT,WMT,95.23999786376953,96.30999755859375,95.19999694824219,96.12000274658203,95.0953598022461,20604900
2025-06-23,WMT,WMT,95.91999816894531,97.93000030517578,95.66999816894531,97.87000274658203,96.82671356201172,20432400
2025-06-24,WMT,WMT,97.7300033569336,99.11000061035156,97.25,98.0,96.95532989501953,22403700
2025-06-25,WMT,WMT,98.30999755859375,98.55999755859375,97.1500015258789,97.26000213623047,96.22321319580078,11154700
2025-06-26,WMT,WMT,96.9000015258789,97.33999633789062,95.91999816894531,96.0199966430664,94.99642181396484,19361400
2025-06-27,WMT,WMT,96.31999969482422,97.76000213623047,96.16000366210938,97.2699966430664,96.23309326171875,31431900
2025-06-30,WMT,WMT,97.2300033569336,98.13999938964844,96.30999755859375,97.77999877929688,96.7376708984375,17803000
2025-07-01,WMT,WMT,97.5999984741211,99.19000244140625,97.41999816894531,98.23999786376953,97.19276428222656,15635800
2025-07-02,WMT,WMT,98.12999725341797,98.37999725341797,97.05999755859375,97.61000061035156,96.5694808959961,12502000
2025-07-03,WMT,WMT,97.69999694824219,98.4800033569336,97.41999816894531,98.36000061035156,97.31148529052734,7686200
2025-07-07,WMT,WMT,98.2300033569336,99.3499984741211,97.62000274658203,99.3499984741211,98.29093170166016,12930900
2025-07-08,WMT,WMT,98.81999969482422,99.16999816894531,96.51000213623047,97.08999633789062,96.05501556396484,16875000
2025-07-09,WMT,WMT,97.1500015258789,97.29000091552734,96.37999725341797,96.80999755859375,95.77800750732422,13702600
2025-07-10,WMT,WMT,96.66000366210938,96.77999877929688,94.73999786376953,94.86000061035156,93.84879302978516,18894800
2025-07-11,WMT,WMT,95.01000213623047,95.52999877929688,94.2300033569336,94.4000015258789,93.39369201660156,14595000
2025-07-14,WMT,WMT,94.51000213623047,95.83999633789062,94.37999725341797,95.77999877929688,94.75897979736328,13779100
2025-07-15,WMT,WMT,95.5999984741211,95.77999877929688,94.94000244140625,95.38999938964844,94.37315368652344,10450800
2025-07-16,WMT,WMT,95.41999816894531,95.83000183105469,94.61000061035156,95.1500015258789,94.13569641113281,11181600
2025-07-17,WMT,WMT,95.08000183105469,95.62999725341797,94.88999938964844,95.08999633789062,94.07633209228516,11165100
2025-07-18,WMT,WMT,95.08999633789062,95.4800033569336,94.43000030517578,95.05000305175781,94.0367660522461,14636300
2025-07-21,WMT,WMT,95.26000213623047,96.63999938964844,95.0999984741211,95.66999816894531,94.65016174316406,13450400
2025-07-22,WMT,WMT,95.83999633789062,96.66999816894531,95.73999786376953,95.8499984741211,94.82823944091797,9049100
2025-07-23,WMT,WMT,96.01000213623047,96.29000091552734,95.29000091552734,95.68000030517578,94.66004943847656,9729700
2025-07-24,WMT,WMT,95.56999969482422,96.95999908447266,95.3499984741211,96.5999984741211,95.57024383544922,14991500
2025-07-25,WMT,WMT,96.83999633789062,97.6500015258789,96.52999877929688,97.47000122070312,96.43096923828125,12868500
2025-07-28,WMT,WMT,97.27999877929688,98.12999725341797,97.08000183105469,97.61000061035156,96.5694808959961,12293100
2025-07-29,WMT,WMT,97.77999877929688,98.72000122070312,97.33999633789062,98.33000183105469,97.28180694580078,14034300
2025-07-30,WMT,WMT,98.61000061035156,98.87999725341797,97.29000091552734,97.58999633789062,96.54969024658203,13864100
2025-07-31,WMT,WMT,97.44000244140625,98.62999725341797,97.30999755859375,97.9800033569336,96.93553924560547,15651300
2025-08-01,WMT,WMT,98.0,98.83000183105469,97.66999816894531,98.48999786376953,97.44010162353516,16750400
2025-08-04,WMT,WMT,98.19999694824219,99.91000366210938,98.19999694824219,99.58999633789062,98.52837371826172,19050200
2025-08-05,WMT,WMT,99.66999816894531,100.47000122070312,98.91000366210938,99.30999755859375,98.25135803222656,17977000
2025-08-06,WMT,WMT,99.45999908447266,103.69000244140625,99.45999908447266,103.36000061035156,102.25819396972656,23738400
2025-08-07,WMT,WMT,103.45999908447266,103.9000015258789,102.11000061035156,103.12000274658203,102.02074432373047,12509500
2025-08-08,WMT,WMT,103.37000274658203,104.72000122070312,103.1500015258789,103.7300033569336,102.6242446899414,12394700
2025-08-11,WMT,WMT,103.9000015258789,104.33000183105469,103.11000061035156,103.93000030517578,102.82210540771484,12856700
2025-08-12,WMT,WMT,104.25,104.30999755859375,103.37000274658203,103.62000274658203,102.51541137695312,17915300
2025-08-13,WMT,WMT,102.1500015258789,102.80999755859375,100.8499984741211,100.98999786376953,99.91343688964844,19398500
2025-08-14,WMT,WMT,101.22000122070312,101.44000244140625,100.72000122070312,100.8499984741211,99.77494049072266,10858400
2025-08-15,WMT,WMT,100.62999725341797,100.7699966430664,99.54000091552734,100.0,99.16507720947266,13604900
2025-08-18,WMT,WMT,100.0,100.87999725341797,99.91999816894531,100.69999694824219,99.85922241210938,11656100
2025-08-19,WMT,WMT,100.95999908447266,102.43000030517578,100.80000305175781,101.29000091552734,100.44430541992188,16999000
2025-08-20,WMT,WMT,101.1500015258789,102.6500015258789,100.93000030517578,102.56999969482422,101.71361541748047,18655000
2025-08-21,WMT,WMT,99.41000366210938,99.44999694824219,96.94999694824219,97.95999908447266,97.1421127319336,51825100
2025-08-22,WMT,WMT,98.06999969482422,99.05000305175781,96.76000213623047,96.83000183105469,96.02154541015625,32695200
2025-08-25,WMT,WMT,97.0,97.58000183105469,96.06999969482422,96.06999969482422,95.26789093017578,18956100
2025-08-26,WMT,WMT,96.27999877929688,96.47000122070312,95.41999816894531,96.05000305175781,95.24805450439453,22270400
2025-08-27,WMT,WMT,95.9000015258789,96.31999969482422,95.5999984741211,96.08000183105469,95.27780151367188,12925700
2025-08-28,WMT,WMT,96.0,96.56999969482422,95.69999694824219,96.11000061035156,95.30755615234375,19241600
2025-08-29,WMT,WMT,96.0999984741211,97.02999877929688,95.80000305175781,96.9800033569336,96.17029571533203,15600300
2025-09-02,WMT,WMT,97.2300033569336,97.8499984741211,96.51000213623047,97.8499984741211,97.03302001953125,15351300
2025-09-03,WMT,WMT,97.8499984741211,99.44000244140625,97.5,99.44000244140625,98.60974884033203,18995900
2025-09-04,WMT,WMT,99.91000366210938,101.3499984741211,99.6500015258789,100.93000030517578,100.0873031616211,15640900
2025-09-05,WMT,WMT,101.08000183105469,101.4800033569336,99.55000305175781,100.51000213623047,99.67081451416016,13748500
2025-09-08,WMT,WMT,100.8499984741211,102.36000061035156,100.41999816894531,102.27999877929688,101.42603302001953,13685700
2025-09-09,WMT,WMT,102.0,102.48999786376953,101.55000305175781,102.29000091552734,101.43595886230469,11819700
2025-09-10,WMT,WMT,101.94999694824219,102.44999694824219,100.38999938964844,100.41000366210938,99.5716552734375,17934900
2025-09-11,WMT,WMT,100.98999786376953,102.77999877929688,100.27999877929688,102.6500015258789,101.79295349121094,15900800
2025-09-12,WMT,WMT,102.54000091552734,103.9800033569336,102.36000061035156,103.48999786376953,102.62593078613281,11641900
2025-09-15,WMT,WMT,103.6500015258789,103.9800033569336,103.41000366210938,103.69000244140625,102.82426452636719,10756900
2025-09-16,WMT,WMT,103.8499984741211,104.20999908447266,103.12999725341797,103.41999816894531,102.55652618408203,14481900
2025-09-17,WMT,WMT,103.7300033569336,106.11000061035156,103.7300033569336,104.2699966430664,103.3994140625,25382000
2025-09-18,WMT,WMT,103.77999877929688,104.63999938964844,102.12000274658203,103.5999984741211,102.73502349853516,14869400
2025-09-19,WMT,WMT,103.80999755859375,103.94000244140625,102.08999633789062,102.33000183105469,101.47562408447266,34791600
2025-09-22,WMT,WMT,102.44999694824219,103.19999694824219,101.91999816894531,102.81999969482422,101.96153259277344,12861900
2025-09-23,WMT,WMT,102.41000366210938,102.68000030517578,101.33000183105469,102.5199966430664,101.66402435302734,13158700
2025-09-24,WMT,WMT,103.04000091552734,103.47000122070312,102.4800033569336,102.7300033569336,101.87228393554688,11391800
2025-09-25,WMT,WMT,103.22000122070312,103.51000213623047,102.58000183105469,103.05000305175781,102.18961334228516,13366700
2025-09-26,WMT,WMT,102.87999725341797,103.48999786376953,102.47000122070312,103.16000366210938,102.29869842529297,11859300
2025-09-29,WMT,WMT,103.05000305175781,103.30999755859375,102.08000183105469,103.08000183105469,102.21936798095703,15477200
2025-09-30,WMT,WMT,103.0,103.94000244140625,102.72000122070312,103.05999755859375,102.19952392578125,13873400
2025-10-01,WMT,WMT,102.55999755859375,102.86000061035156,100.55000305175781,101.95999908447266,101.10870361328125,16142800
2025-10-02,WMT,WMT,101.44999694824219,102.13999938964844,99.87000274658203,101.69999694824219,100.85087585449219,15605400
2025-10-03,WMT,WMT,101.45999908447266,102.81999969482422,101.19999694824219,102.06999969482422,101.2177963256836,11867500
2025-10-06,WMT,WMT,101.87999725341797,103.06999969482422,101.58000183105469,102.69999694824219,101.842529296875,13303600
2025-10-07,WMT,WMT,102.37999725341797,103.25,100.94999694824219,103.23999786376953,102.37802124023438,15538900
2025-10-08,WMT,WMT,103.0199966430664,103.26000213623047,102.1500015258789,102.9000015258789,102.0408706665039,13584100
2025-10-09,WMT,WMT,103.12999725341797,103.44999694824219,100.37000274658203,101.7699966430664,100.92029571533203,19508000
2025-10-10,WMT,WMT,102.05000305175781,103.62999725341797,101.5199966430664,101.83999633789062,100.98970794677734,18519400
2025-10-13,WMT,WMT,101.37000274658203,102.44999694824219,101.06999969482422,102.12000274658203,101.26737213134766,10871200
2025-10-14,WMT,WMT,104.05000305175781,107.91999816894531,102.88999938964844,107.20999908447266,106.31488037109375,30859500
2025-10-15,WMT,WMT,107.31999969482422,109.55999755859375,107.30000305175781,109.02999877929688,108.11968231201172,21416300
2025-10-16,WMT,WMT,109.19999694824219,109.58000183105469,105.66000366210938,106.47000122070312,105.5810546875,16366200
2025-10-17,WMT,WMT,107.16999816894531,108.19999694824219,106.22000122070312,107.7300033569336,106.8305435180664,13735600
2025-10-20,WMT,WMT,107.8499984741211,108.25,106.61000061035156,107.05000305175781,106.15620422363281,10581200
2025-10-21,WMT,WMT,107.33000183105469,107.4800033569336,106.18000030517578,106.22000122070312,105.33314514160156,10899700
2025-10-22,WMT,WMT,106.55000305175781,107.7699966430664,105.66000366210938,107.13999938964844,106.2454605102539,12296500
2025-10-23,WMT,WMT,107.3499984741211,107.56999969482422,105.77999877929688,106.86000061035156,105.96780395507812,11408200
2025-10-24,WMT,WMT,107.06999969482422,107.16999816894531,105.51000213623047,106.16999816894531,105.28355407714844,10318000
2025-10-27,WMT,WMT,106.33999633789062,106.36000061035156,104.1500015258789,104.47000122070312,103.5977554321289,16375900
2025-10-28,WMT,WMT,104.05999755859375,104.13999938964844,103.05000305175781,103.16999816894531,102.30860137939453,13323000
2025-10-29,WMT,WMT,102.91000366210938,103.66999816894531,102.11000061035156,102.45999908447266,101.60453033447266,11986400
2025-10-30,WMT,WMT,102.19999694824219,103.37000274658203,101.95999908447266,102.2300033569336,101.37645721435547,14065100
2025-10-31,WMT,WMT,101.69999694824219,102.0999984741211,100.18000030517578,101.18000030517578,100.3352279663086,20237000
2025-11-03,WMT,WMT,100.81999969482422,101.80000305175781,100.4000015258789,101.58999633789062,100.7417984008789,14811700
2025-11-04,WMT,WMT,102.12999725341797,102.62000274658203,101.45999908447266,102.2699966430664,101.41612243652344,12636400
2025-11-05,WMT,WMT,101.73999786376953,102.68000030517578,100.8499984741211,101.47000122070312,100.62281036376953,13356800
2025-11-06,WMT,WMT,101.33999633789062,101.93000030517578,100.02999877929688,101.68000030517578,100.83104705810547,14866000
2025-11-07,WMT,WMT,102.12999725341797,102.97000122070312,101.7300033569336,102.58999633789062,101.73344421386719,17248700
2025-11-10,WMT,WMT,102.1500015258789,102.66999816894531,101.5999984741211,102.41999816894531,101.56486511230469,14507600
2025-11-11,WMT,WMT,102.5,103.73999786376953,102.31999969482422,103.44000244140625,102.57635498046875,13182100
2025-11-12,WMT,WMT,103.3499984741211,103.5999984741211,102.66000366210938,103.44000244140625,102.57635498046875,12084400
2025-11-13,WMT,WMT,103.58999633789062,103.93000030517578,102.0199966430664,102.54000091552734,101.68386840820312,18088500
2025-11-14,WMT,WMT,100.19999694824219,102.48999786376953,98.87999725341797,102.4800033569336,101.6243667602539,23424200
2025-11-17,WMT,WMT,102.58000183105469,103.31999969482422,102.0999984741211,102.94999694824219,102.09043884277344,15289400
2025-11-18,WMT,WMT,102.9800033569336,103.33999633789062,101.37999725341797,101.38999938964844,100.54347229003906,17604500
2025-11-19,WMT,WMT,101.58000183105469,101.70999908447266,99.68000030517578,100.61000061035156,99.76997375488281,22157000
2025-11-20,WMT,WMT,103.94000244140625,107.91000366210938,102.68000030517578,107.11000061035156,106.21571350097656,50375900
2025-11-21,WMT,WMT,107.9800033569336,108.1500015258789,104.72000122070312,105.31999969482422,104.44065856933594,41420800
2025-11-24,WMT,WMT,105.36000061035156,106.2699966430664,103.76000213623047,104.05999755859375,103.19117736816406,42519200
2025-11-25,WMT,WMT,104.61000061035156,107.41999816894531,104.2300033569336,107.0,106.10662841796875,20212900
2025-11-26,WMT,WMT,107.19999694824219,109.58999633789062,107.16999816894531,109.0999984741211,108.18910217285156,17783300
2025-11-28,WMT,WMT,109.30000305175781,110.69999694824219,109.0,110.51000213623047,109.58733367919922,9846500
2025-12-01,WMT,WMT,110.51000213623047,111.76000213623047,110.36000061035156,111.52999877929688,110.59880065917969,17236800
2025-12-02,WMT,WMT,111.47000122070312,112.6500015258789,110.79000091552734,112.41000366210938,111.47146606445312,18711800
2025-12-03,WMT,WMT,112.5,114.88999938964844,112.22000122070312,114.41000366210938,113.45476531982422,24478300
2025-12-04,WMT,WMT,113.62000274658203,114.88999938964844,113.16000366210938,114.83999633789062,113.88116455078125,25905100
2025-12-05,WMT,WMT,114.7300033569336,116.2699966430664,114.68000030517578,115.11000061035156,114.14891052246094,23956400
2025-12-08,WMT,WMT,114.56999969482422,114.98999786376953,112.30000305175781,113.55999755859375,112.61185455322266,22700700
2025-12-09,WMT,WMT,113.94999694824219,115.72000122070312,113.0199966430664,115.05999755859375,114.09933471679688,24326700
2025-12-10,WMT,WMT,115.3499984741211,116.2300033569336,112.98999786376953,113.18000030517578,112.23503112792969,22859600
2025-12-11,WMT,WMT,113.13999938964844,115.87000274658203,112.8499984741211,115.5199966430664,114.55548858642578,21586600
2025-12-12,WMT,WMT,115.26000213623047,116.94999694824219,115.0199966430664,116.69999694824219,115.96154022216797,19092400
2025-12-15,WMT,WMT,116.93000030517578,117.44999694824219,115.63999938964844,116.79000091552734,116.05097961425781,18713700
2025-12-16,WMT,WMT,116.58000183105469,116.87999725341797,114.94999694824219,115.41999816894531,114.68964385986328,19642300
2025-12-17,WMT,WMT,115.19999694824219,116.38999938964844,115.06999969482422,115.66000366210938,114.92813110351562,16177800
2025-12-18,WMT,WMT,115.01000213623047,116.4800033569336,114.61000061035156,114.83000183105469,114.10337829589844,21476700
2025-12-19,WMT,WMT,115.13999938964844,115.27999877929688,113.52999877929688,114.36000061035156,113.63634490966797,50043800
2025-12-22,WMT,WMT,114.01000213623047,114.31999969482422,112.22000122070312,112.5999984741211,111.88748931884766,21473900
2025-12-23,WMT,WMT,111.98999786376953,112.3499984741211,110.69999694824219,110.9000015258789,110.1982421875,20319900
2025-12-24,WMT,WMT,110.9000015258789,111.70999908447266,110.55000305175781,111.61000061035156,110.90375518798828,9009600
2025-12-26,WMT,WMT,111.72000122070312,111.97000122070312,111.36000061035156,111.73999786376953,111.03292846679688,9003800
2025-12-29,WMT,WMT,111.58999633789062,112.77999877929688,111.56999969482422,112.52999877929688,111.81792449951172,12979600
2025-12-30,WMT,WMT,111.88999938964844,112.69000244140625,111.83999633789062,111.91999816894531,111.2117919921875,11730600
2025-12-31,WMT,WMT,111.7300033569336,112.25,111.31999969482422,111.41000366210938,110.70501708984375,11487400
2026-01-02,WMT,WMT,111.43000030517578,112.79000091552734,111.12000274658203,112.76000213623047,112.04647827148438,14306600
2026-01-05,WMT,WMT,112.81999969482422,113.7300033569336,112.1500015258789,112.70999908447266,111.99678802490234,19557600
2026-01-06,WMT,WMT,112.4000015258789,114.79000091552734,111.98999786376953,114.33999633789062,113.61646270751953,20120800
2026-01-07,WMT,WMT,114.19000244140625,114.7300033569336,112.0999984741211,112.72000122070312,112.00672912597656,23306000
2026-01-08,WMT,WMT,111.29000091552734,113.47000122070312,109.80999755859375,113.06999969482422,112.35450744628906,24058300
2026-01-09,WMT,WMT,112.26000213623047,115.45999908447266,112.26000213623047,114.52999877929688,113.8052749633789,21902900
2026-01-12,WMT,WMT,117.5,118.83999633789062,116.41000366210938,117.97000122070312,117.2235107421875,49182100
2026-01-13,WMT,WMT,117.88999938964844,120.51000213623047,117.7300033569336,120.36000061035156,119.59837341308594,31222100
2026-01-14,WMT,WMT,120.19000244140625,121.23999786376953,119.02999877929688,120.04000091552734,119.28040313720703,32764000
2026-01-15,WMT,WMT,119.9800033569336,120.87000274658203,118.7300033569336,119.19999694824219,118.44571685791016,34559400
2026-01-16,WMT,WMT,118.66999816894531,120.5999984741211,116.9000015258789,119.69999694824219,118.94255065917969,415144600
2026-01-20,WMT,WMT,120.88999938964844,121.62000274658203,117.61000061035156,118.70999908447266,117.95882415771484,45334000
2026-01-21,WMT,WMT,118.08000183105469,120.48999786376953,117.55000305175781,119.36000061035156,118.60470581054688,34811700
2026-01-22,WMT,WMT,119.29000091552734,119.5199966430664,117.6500015258789,117.83000183105469,117.08438873291016,24547300
2026-01-23,WMT,WMT,118.16999816894531,118.61000061035156,117.13999938964844,117.7300033569336,116.98502349853516,20806900
2026-01-26,WMT,WMT,117.80999755859375,118.8499984741211,117.38999938964844,117.63999938964844,116.89559936523438,19552200
2026-01-27,WMT,WMT,117.5,117.62999725341797,115.4800033569336,116.94000244140625,116.20002746582031,22968600
2026-01-28,WMT,WMT,116.63999938964844,117.45999908447266,115.87000274658203,116.56999969482422,115.83236694335938,16342000
2026-01-29,WMT,WMT,116.44999694824219,117.66000366210938,116.06999969482422,117.41000366210938,116.66705322265625,16381100
2026-01-30,WMT,WMT,116.91000366210938,119.41000366210938,116.5999984741211,119.13999938964844,118.38610076904297,22215400
2026-02-02,WMT,WMT,119.5,124.19999694824219,119.05000305175781,124.05999755859375,123.27497100830078,31210100
2026-02-03,WMT,WMT,123.6500015258789,128.1699981689453,123.6500015258789,127.70999908447266,126.90187072753906,32018700
2026-02-04,WMT,WMT,128.1300048828125,129.41000366210938,127.08999633789062,128.0,127.19003295898438,27531800
2026-02-05,WMT,WMT,128.5800018310547,129.60000610351562,126.55999755859375,126.94000244140625,126.13674926757812,30517800
2026-02-06,WMT,WMT,127.29000091552734,131.6999969482422,127.05000305175781,131.17999267578125,130.34991455078125,26593400
2026-02-09,WMT,WMT,131.4199981689453,131.7899932861328,128.08999633789062,129.02000427246094,128.20359802246094,27197300
2026-02-10,WMT,WMT,128.94000244140625,129.33999633789062,126.38999938964844,126.69999694824219,125.89826965332031,24662000
2026-02-11,WMT,WMT,126.69999694824219,129.74000549316406,126.62999725341797,128.77000427246094,127.95516204833984,19232100
2026-02-12,WMT,WMT,129.3800048828125,134.49000549316406,129.30999755859375,133.63999938964844,132.79434204101562,33382700
2026-02-13,WMT,WMT,132.6999969482422,134.64999389648438,131.75,133.88999938964844,133.04275512695312,24131200
2026-02-17,WMT,WMT,133.11000061035156,134.69000244140625,128.16000366210938,128.85000610351562,128.03465270996094,37995900
2026-02-18,WMT,WMT,128.1300048828125,128.8699951171875,125.7699966430664,126.62000274658203,125.81877899169922,36485000
2026-02-19,WMT,WMT,128.5,130.10000610351562,124.4000015258789,124.87000274658203,124.07984161376953,42993300
2026-02-20,WMT,WMT,123.0,123.4800033569336,121.05000305175781,122.98999786376953,122.21173858642578,35151000
2026-02-23,WMT,WMT,123.5199966430664,126.80000305175781,122.95999908447266,125.80999755859375,125.0138931274414,25662800
2026-02-24,WMT,WMT,125.9000015258789,128.0399932861328,124.91000366210938,126.75,125.94794464111328,20161200
2026-02-25,WMT,WMT,126.61000061035156,127.4000015258789,125.41999816894531,125.75,124.95427703857422,17345700
2026-02-26,WMT,WMT,125.9800033569336,127.33000183105469,123.94000244140625,124.41999816894531,123.6326904296875,18638300
2026-02-27,WMT,WMT,125.5199966430664,128.60000610351562,125.1500015258789,127.94999694824219,127.14035034179688,29205500
2026-03-02,WMT,WMT,127.45999908447266,128.75,127.05000305175781,127.0999984741211,126.29573822021484,17091500
2026-03-03,WMT,WMT,126.5199966430664,128.3699951171875,125.66999816894531,127.91000366210938,127.1006088256836,16480400
2026-03-04,WMT,WMT,127.11000061035156,128.1699981689453,126.23999786376953,127.80999755859375,127.00122833251953,16434100
2026-03-05,WMT,WMT,125.37999725341797,125.68000030517578,121.6500015258789,123.30999755859375,122.52971649169922,28604900
2026-03-06,WMT,WMT,122.5,124.19000244140625,121.62000274658203,123.80000305175781,123.0166244506836,21553000
2026-03-09,WMT,WMT,123.69000244140625,124.51000213623047,122.5,124.33999633789062,123.55319213867188,19375900
2026-03-10,WMT,WMT,124.20999908447266,126.0999984741211,123.3499984741211,125.12000274658203,124.32826232910156,18793600
2026-03-11,WMT,WMT,125.30999755859375,125.48999786376953,123.05000305175781,123.48999786376953,122.70857238769531,18176500
2026-03-12,WMT,WMT,122.30000305175781,125.38999938964844,122.27999877929688,125.33000183105469,124.53694152832031,21751600
2026-03-13,WMT,WMT,125.38999938964844,126.69000244140625,124.97000122070312,126.5199966430664,125.71940612792969,15194100
2026-03-16,WMT,WMT,126.76000213623047,126.9800033569336,124.83000183105469,125.98999786376953,125.19275665283203,20463200
2026-03-17,WMT,WMT,126.6500015258789,127.19000244140625,124.86000061035156,125.08000183105469,124.28852081298828,19895000
2026-03-18,WMT,WMT,124.33000183105469,124.61000061035156,121.83000183105469,121.9800033569336,121.2081298828125,19734900
2026-03-19,WMT,WMT,122.4000015258789,122.75,119.2699966430664,121.08999633789062,120.32376098632812,17927700
2026-03-20,WMT,WMT,120.62999725341797,121.30000305175781,118.0199966430664,119.0199966430664,118.50957489013672,57545600
2026-03-23,WMT,WMT,120.4800033569336,121.12999725341797,119.05000305175781,120.72000122070312,120.2022933959961,22181500
2026-03-24,WMT,WMT,120.62999725341797,124.11000061035156,120.48999786376953,122.05000305175781,121.5265884399414,17269600
2026-03-25,WMT,WMT,122.80999755859375,123.48999786376953,121.77999877929688,123.05999755859375,122.5322494506836,16597300
2026-03-26,WMT,WMT,123.61000061035156,123.80000305175781,121.79000091552734,122.18000030517578,121.6560287475586,16442500
2026-03-27,WMT,WMT,122.02999877929688,124.2699966430664,121.81999969482422,122.88999938964844,122.36298370361328,16543300
2026-03-30,WMT,WMT,123.70999908447266,125.26000213623047,123.13999938964844,123.5,122.9703598022461,20428900
2026-03-31,WMT,WMT,123.43000030517578,125.0,122.83999633789062,124.27999877929688,123.74702453613281,21330400
2026-04-01,WMT,WMT,123.80000305175781,125.2300033569336,123.12999725341797,124.73999786376953,124.20504760742188,17039700
2026-04-02,WMT,WMT,125.1500015258789,125.9000015258789,124.1500015258789,125.79000091552734,125.25054931640625,11898400
2026-04-06,WMT,WMT,125.80999755859375,126.9800033569336,125.37000274658203,126.79000091552734,126.24625396728516,10850400
2026-04-07,WMT,WMT,126.19000244140625,126.36000061035156,121.79000091552734,122.48999786376953,121.9646987915039,16076000
2026-04-08,WMT,WMT,122.27999877929688,127.30000305175781,121.33000183105469,127.26000213623047,126.71424865722656,20194300
2026-04-09,WMT,WMT,127.08999633789062,129.69000244140625,126.81999969482422,129.1300048828125,128.5762176513672,13853100
2026-04-10,WMT,WMT,128.72000122070312,128.92999267578125,126.22000122070312,126.7699966430664,126.2263412475586,13894000
2026-04-13,WMT,WMT,126.29000091552734,126.30000305175781,123.94999694824219,124.56999969482422,124.03577423095703,14510600
2026-04-14,WMT,WMT,123.1500015258789,125.19999694824219,122.55000305175781,125.05000305175781,124.51372528076172,15320800
2026-04-15,WMT,WMT,124.62999725341797,125.06999969482422,123.18000030517578,124.76000213623047,124.22496795654297,17001400
2026-04-16,WMT,WMT,124.33000183105469,125.94000244140625,123.97000122070312,124.81999969482422,124.28470611572266,18324500
2026-04-17,WMT,WMT,124.56999969482422,127.56999969482422,123.37000274658203,127.5,126.95321655273438,24763700
2026-04-20,WMT,WMT,127.87000274658203,129.47000122070312,127.31999969482422,127.91999816894531,127.37140655517578,18933600
2026-04-21,WMT,WMT,127.83000183105469,129.77000427246094,127.4800033569336,129.60000610351562,129.04421997070312,17312400
2026-04-22,WMT,WMT,130.0,130.4499969482422,128.83999633789062,129.97999572753906,129.4225616455078,17624500
2026-04-23,WMT,WMT,130.57000732421875,132.4600067138672,130.49000549316406,132.02999877929688,131.46377563476562,16376000
2026-04-24,WMT,WMT,131.94000244140625,132.1199951171875,129.27999877929688,129.9199981689453,129.3628387451172,16016300
2026-04-27,WMT,WMT,129.6199951171875,129.80999755859375,127.4000015258789,127.58999633789062,127.04281616210938,17029500
2026-04-28,WMT,WMT,129.33999633789062,129.77000427246094,126.77999877929688,127.58999633789062,127.04281616210938,16341800
2026-04-29,WMT,WMT,126.68000030517578,128.0800018310547,125.91000366210938,128.00999450683594,127.46102142333984,16538800
2026-04-30,WMT,WMT,128.02000427246094,132.42999267578125,127.94999694824219,131.92999267578125,131.3642120361328,19867700
2026-05-01,WMT,WMT,131.9199981689453,133.3699951171875,130.97999572753906,131.60000610351562,131.03562927246094,10480900
2026-05-04,WMT,WMT,130.41000366210938,131.75,129.67999267578125,130.3300018310547,129.77108764648438,10340700
2026-05-05,WMT,WMT,130.50999450683594,131.72999572753906,130.3000030517578,130.7899932861328,130.22909545898438,10637300
2026-05-06,WMT,WMT,130.86000061035156,131.14999389648438,129.52999877929688,130.0800018310547,129.52215576171875,16371500
2026-05-07,WMT,WMT,129.89999389648438,130.60000610351562,128.6699981689453,130.1999969482422,129.64163208007812,14935400
2026-05-08,WMT,WMT,130.32000732421875,131.41000366210938,130.25,130.42999267578125,130.1184844970703,15183700
2026-05-11,WMT,WMT,130.17999267578125,130.60000610351562,126.37999725341797,127.58999633789062,127.28527069091797,18699200
2026-05-12,WMT,WMT,128.0800018310547,131.1199951171875,127.72000122070312,130.35000610351562,130.0386962890625,17935400
2026-05-13,WMT,WMT,129.19000244140625,132.52999877929688,128.77000427246094,131.47000122070312,131.156005859375,13786600
2026-05-14,WMT,WMT,131.36000061035156,132.77999877929688,130.86000061035156,132.4600067138672,132.14364624023438,14200400
2026-05-15,WMT,WMT,133.69000244140625,133.9499969482422,130.7899932861328,131.4499969482422,131.1360626220703,25323000
2026-05-18,WMT,WMT,131.52000427246094,133.47000122070312,131.1300048828125,133.33999633789062,133.02154541015625,17183200
2026-05-19,WMT,WMT,132.94000244140625,135.16000366210938,132.05999755859375,134.1999969482422,133.87948608398438,16957100
2026-05-20,WMT,WMT,132.91000366210938,133.64999389648438,130.3300018310547,130.85000610351562,130.53749084472656,28471600
2026-05-21,WMT,WMT,124.41000366210938,125.80000305175781,120.38999938964844,121.33999633789062,121.05020141601562,53006600
2026-05-22,WMT,WMT,121.33999633789062,121.94999694824219,118.91000366210938,120.2699966430664,119.98275756835938,30330600
2026-05-26,WMT,WMT,120.69000244140625,121.05000305175781,117.91999816894531,118.56999969482422,118.28681945800781,28796600
2026-05-27,WMT,WMT,118.33000183105469,119.43000030517578,118.04000091552734,118.54000091552734,118.25688934326172,22062200
2026-05-28,WMT,WMT,118.95999908447266,119.16999816894531,117.33000183105469,118.9000015258789,118.61603546142578,21613100
2026-05-29,WMT,WMT,118.11000061035156,119.08000183105469,114.70999908447266,115.75,115.47355651855469,42191000
2026-06-01,WMT,WMT,114.7300033569336,115.9800033569336,113.55999755859375,114.5999984741211,114.32630157470703,26176200
2026-06-02,WMT,WMT,113.87000274658203,114.56999969482422,112.7300033569336,113.05999755859375,112.78997802734375,27366400
2026-06-03,WMT,WMT,113.0999984741211,117.29000091552734,112.95999908447266,116.88999938964844,116.61083221435547,32880600
2026-06-04,WMT,WMT,119.9000015258789,119.94000244140625,117.29000091552734,117.73999786376953,117.45880126953125,22870400
2026-06-05,WMT,WMT,118.3499984741211,120.88999938964844,118.0999984741211,118.87999725341797,118.59607696533203,36638100
2026-06-08,WMT,WMT,118.25,120.18000030517578,118.1500015258789,119.83000183105469,119.54381561279297,19514100
2026-06-09,WMT,WMT,120.37999725341797,120.5,118.0,118.87999725341797,118.59607696533203,23959000
2026-06-10,WMT,WMT,119.70999908447266,120.81999969482422,117.52999877929688,120.58999633789062,120.30199432373047,22414900
2026-06-11,WMT,WMT,120.56999969482422,121.86000061035156,119.45999908447266,120.5,120.21221160888672,22438000
2026-06-12,WMT,WMT,120.58999633789062,121.61000061035156,119.52999877929688,121.04000091552734,120.75092315673828,14753500
2026-06-15,WMT,WMT,119.73999786376953,121.48999786376953,118.58000183105469,120.81999969482422,120.53144836425781,20722500
2026-06-16,WMT,WMT,121.13999938964844,122.94000244140625,119.87999725341797,121.02999877929688,120.7409439086914,23060700
2026-06-17,WMT,WMT,119.58000183105469,121.01000213623047,117.44999694824219,118.12999725341797,117.84786987304688,21711100
2026-06-18,WMT,WMT,118.19999694824219,118.4800033569336,116.80000305175781,117.18000030517578,116.90013885498047,36526800
2026-06-22,WMT,WMT,116.95999908447266,118.4000015258789,116.94999694824219,117.18000030517578,116.90013885498047,17053900
2026-06-23,WMT,WMT,119.70999908447266,120.25,116.33999633789062,119.41999816894531,119.1347885131836,23411400
2026-06-24,WMT,WMT,119.55999755859375,120.4000015258789,118.93000030517578,119.0,118.71578979492188,20600100
2026-06-25,WMT,WMT,117.47000122070312,118.58000183105469,115.37999725341797,115.77999877929688,115.50347900390625,20384700
2026-06-26,WMT,WMT,117.29000091552734,117.87999725341797,115.08999633789062,115.69000244140625,115.41370391845703,36636000
2026-06-29,WMT,WMT,116.47000122070312,116.80000305175781,114.19999694824219,114.5999984741211,114.32630157470703,20367000
2026-06-30,WMT,WMT,113.97000122070312,114.61000061035156,112.93000030517578,113.26000213623047,112.989501953125,23034000
2026-07-01,WMT,WMT,110.12999725341797,110.70999908447266,107.25,108.81999969482422,108.56010437011719,40391400
2026-07-02,WMT,WMT,109.33000183105469,112.44999694824219,109.16000366210938,111.83999633789062,111.57289123535156,29512200
2026-07-06,WMT,WMT,111.4000015258789,112.37000274658203,109.37000274658203,110.6500015258789,110.38573455810547,29523300
2026-07-07,WMT,WMT,112.97000122070312,113.5,111.30000305175781,111.54000091552734,111.27361297607422,19941400
2026-07-08,WMT,WMT,113.1500015258789,113.86000061035156,111.80999755859375,113.0999984741211,112.82987976074219,19892000
2026-07-09,WMT,WMT,111.23999786376953,112.76000213623047,111.04000091552734,112.20999908447266,111.94200897216797,20464500
2026-07-10,WMT,WMT,111.94999694824219,114.16000366210938,111.93000030517578,113.9000015258789,113.62797546386719,12461700
2026-07-13,WMT,WMT,114.7300033569336,115.54000091552734,114.01000213623047,114.77999877929688,114.50586700439453,17043400
2026-07-14,WMT,WMT,115.08000183105469,115.87999725341797,113.5,113.69999694824219,113.4284439086914,14682000
2026-07-15,WMT,WMT,113.25,114.7300033569336,112.06999969482422,112.52999877929688,112.26124572753906,16467900
2026-07-16,WMT,WMT,113.76000213623047,115.58999633789062,113.55999755859375,114.94999694824219,114.67546081542969,20777600
2026-07-17,WMT,WMT,116.95999908447266,118.08999633789062,113.5999984741211,114.23999786376953,113.96715545654297,28289800
2026-07-20,WMT,WMT,113.95999908447266,114.4000015258789,112.13999938964844,112.19999694824219,111.9320297241211,17738900
2026-07-21,WMT,WMT,111.51000213623047,111.80000305175781,109.88999938964844,110.38999938964844,110.12635803222656,22717000
2026-07-22,WMT,WMT,109.52999877929688,110.0,108.72000122070312,109.33000183105469,109.06888580322266,23494800
2026-07-23,WMT,WMT,107.51000213623047,108.55999755859375,106.79000091552734,108.4000015258789,108.14111328125,21516800
2026-07-24,WMT,WMT,108.12000274658203,109.5999984741211,108.01000213623047,109.47000122070312,109.20855712890625,18405900
2026-07-27,WMT,WMT,109.91999816894531,112.51000213623047,109.88999938964844,111.73999786376953,111.47312927246094,19008700
2026-07-28,WMT,WMT,113.95999908447266,116.02999877929688,112.83999633789062,113.0999984741211,112.82987976074219,24867900
2026-07-29,WMT,WMT,113.2300033569336,114.69000244140625,112.44999694824219,114.22000122070312,113.94721221923828,23480000
2026-07-30,WMT,WMT,111.61000061035156,113.02999877929688,110.44000244140625,111.0999984741211,110.83465576171875,28747000
2026-07-31,WMT,WMT,110.5199966430664,111.91000366210938,109.88999938964844,111.19999694824219,110.93441772460938,22799100
2026-08-03,WMT,WMT,113.0999984741211,113.29000091552734,110.16000366210938,110.70999908447266,110.44558715820312,23942500
2026-08-04,WMT,WMT,109.01000213623047,111.68000030517578,108.55999755859375,111.55000305175781,111.28358459472656,29620000
2026-08-05,WMT,WMT,112.44999694824219,113.16000366210938,111.36000061035156,112.33999633789062,112.07169342041016,21446300
2026-08-06,WMT,WMT,114.06999969482422,114.55999755859375,111.04000091552734,112.06999969482422,111.8023452758789,23203100
2026-08-07,WMT,WMT,110.61000061035156,112.29000091552734,110.5,111.8499984741211,111.58287048339844,18819300
2026-08-10,WMT,WMT,111.08000183105469,112.69999694824219,110.76000213623047,112.66000366210938,112.39093780517578,19144000
2026-08-11,WMT,WMT,112.44000244140625,113.33999633789062,112.19000244140625,113.26000213623047,112.989501953125,17005800
2026-08-12,WMT,WMT,112.37000274658203,116.05000305175781,112.27999877929688,116.01000213623047,115.7329330444336,22054700
2026-08-13,WMT,WMT,116.16999816894531,116.31999969482422,114.80999755859375,115.72000122070312,115.4436264038086,16822200
2026-08-14,WMT,WMT,115.66000366210938,116.44999694824219,114.63999938964844,115.2699966430664,114.99469757080078,14520000
2026-08-17,WMT,WMT,114.33000183105469,115.18000030517578,113.91999816894531,114.33000183105469,114.05694580078125,18131100
2026-08-18,WMT,WMT,116.30000305175781,116.30999755859375,114.4800033569336,115.19999694824219,114.92486572265625,20675000
2026-08-19,WMT,WMT,115.19000244140625,116.87000274658203,113.98999786376953,114.30000305175781,114.02702331542969,34286600
2026-08-20,WMT,WMT,106.37999725341797,107.0,102.8499984741211,103.83999633789062,103.59199523925781,83633100
2026-08-21,WMT,WMT,103.69000244140625,104.27999877929688,102.1500015258789,103.69999694824219,103.69999694824219,44454200
2026-08-24,WMT,WMT,104.13999938964844,106.5999984741211,104.0,106.48999786376953,106.48999786376953,35616300
2026-08-25,WMT,WMT,105.58000183105469,106.06999969482422,104.4000015258789,105.37999725341797,105.37999725341797,27032500
2026-08-26,WMT,WMT,105.51000213623047,106.08999633789062,104.08000183105469,104.33999633789062,104.33999633789062,28409400
2026-08-27,WMT,WMT,103.61000061035156,103.75,102.2699966430664,102.62999725341797,102.62999725341797,29816600
2026-08-28,WMT,WMT,103.08999633789062,103.4000015258789,102.5,103.08999633789062,103.08999633789062,19420800
2026-08-31,WMT,WMT,103.08000183105469,104.98999786376953,102.83999633789062,104.87000274658203,104.87000274658203,34188700
2026-09-01,WMT,WMT,105.11000061035156,106.63999938964844,104.66000366210938,105.91999816894531,105.91999816894531,22074600
2026-09-02,WMT,WMT,105.97000122070312,106.77999877929688,105.45999908447266,106.08999633789062,106.08999633789062,25181800
2026-09-03,WMT,WMT,106.41999816894531,109.3499984741211,106.0199966430664,108.41999816894531,108.41999816894531,25541200
2026-09-04,WMT,WMT,108.19999694824219,109.2300033569336,106.93000030517578,107.13999938964844,107.13999938964844,20540500
