Company,Date,PreviousDate,TFIDF_Change
3M,2026-07-16,2026-07-15,0.16695525737108707
3M,2026-07-17,2026-07-16,0.19050839609842618
3M,2026-07-18,2026-07-17,0.15282121473844168
3M,2026-07-19,2026-07-18,0.20452808329158834
3M,2026-07-20,2026-07-19,0.231975949253594
3M,2026-07-21,2026-07-20,0.08444822535993735
3M,2026-07-22,2026-07-21,0.18016191390966896
3M,2026-07-23,2026-07-22,0.18607513228438488
3M,2026-07-24,2026-07-23,0.07391849323661659
3M,2026-07-25,2026-07-24,0.07461584118225772
3M,2026-07-26,2026-07-25,0.07760717299475839
3M,2026-07-27,2026-07-26,0.07506566434981254
3M,2026-07-28,2026-07-27,0.08285870488868097
3M,2026-07-29,2026-07-28,0.08134042122533192
3M,2026-07-30,2026-07-29,0.07521298523780828
3M,2026-07-31,2026-07-30,0.07049751602866261
3M,2026-08-01,2026-07-31,0.08179508265235902
3M,2026-08-02,2026-08-01,0.08251955438571512
3M,2026-08-03,2026-08-02,0.08751140682523184
3M,2026-08-04,2026-08-03,0.07919941987230206
3M,2026-08-05,2026-08-04,0.06760229323492595
3M,2026-08-06,2026-08-05,0.07355977580639705
3M,2026-08-07,2026-08-06,0.07236498261407232
3M,2026-08-08,2026-08-07,0.06731934287422736
3M,2026-08-09,2026-08-08,0.06638593940948978
3M,2026-08-10,2026-08-09,0.07002736944626486
3M,2026-08-11,2026-08-10,0.08882820212254039
3M,2026-08-12,2026-08-11,0.06187760126548003
3M,2026-08-13,2026-08-12,0.0748789845703196
3M,2026-08-14,2026-08-13,0.06669808771527352
3M,2026-08-15,2026-08-14,0.06969051399986792
3M,2026-08-16,2026-08-15,0.0670663372698107
3M,2026-08-17,2026-08-16,0.0677607738736885
3M,2026-08-18,2026-08-17,0.07086091087053159
3M,2026-08-20,2026-08-18,0.083803974575545
3M,2026-08-21,2026-08-20,0.06635098016833707
3M,2026-08-22,2026-08-21,0.08000129708268555
3M,2026-08-23,2026-08-22,0.06351137831987685
3M,2026-08-24,2026-08-23,0.09037560407564771
3M,2026-08-25,2026-08-24,0.08343618322652624
3M,2026-08-26,2026-08-25,0.07600148747172897
3M,2026-08-27,2026-08-26,0.0775305388787505
3M,2026-08-28,2026-08-27,0.07111095401189205
A. O. Smith,2026-07-16,2026-07-15,0.13062919258958916
A. O. Smith,2026-07-17,2026-07-16,0.11546744204326809
A. O. Smith,2026-07-18,2026-07-17,0.09355966211991873
A. O. Smith,2026-07-19,2026-07-18,0.11545296793802284
A. O. Smith,2026-07-20,2026-07-19,0.20057912942632483
A. O. Smith,2026-07-21,2026-07-20,0.06870752885013243
A. O. Smith,2026-07-22,2026-07-21,0.21779100990181255
A. O. Smith,2026-07-23,2026-07-22,0.21580294371994702
A. O. Smith,2026-07-24,2026-07-23,0.10551285596006899
A. O. Smith,2026-07-25,2026-07-24,0.09745874694111611
A. O. Smith,2026-07-26,2026-07-25,0.06703295977837154
A. O. Smith,2026-07-27,2026-07-26,0.07057262558744148
A. O. Smith,2026-07-28,2026-07-27,0.06471987695390724
A. O. Smith,2026-07-29,2026-07-28,0.08768532270699259
A. O. Smith,2026-07-30,2026-07-29,0.0817917655019208
A. O. Smith,2026-07-31,2026-07-30,0.11404483839843149
A. O. Smith,2026-08-01,2026-07-31,0.08365244050384513
A. O. Smith,2026-08-02,2026-08-01,0.0728559816161457
A. O. Smith,2026-08-03,2026-08-02,0.06896243321475026
A. O. Smith,2026-08-04,2026-08-03,0.07312436397030864
A. O. Smith,2026-08-05,2026-08-04,0.0713844017166464
A. O. Smith,2026-08-06,2026-08-05,0.06793959367399183
A. O. Smith,2026-08-07,2026-08-06,0.07635770097645356
A. O. Smith,2026-08-08,2026-08-07,0.0698206723979492
A. O. Smith,2026-08-09,2026-08-08,0.09529783031220351
A. O. Smith,2026-08-10,2026-08-09,0.07228441512246198
A. O. Smith,2026-08-11,2026-08-10,0.081640752060685
A. O. Smith,2026-08-12,2026-08-11,0.07583770256401756
A. O. Smith,2026-08-13,2026-08-12,0.06271173176339229
A. O. Smith,2026-08-14,2026-08-13,0.07672997526459358
A. O. Smith,2026-08-15,2026-08-14,0.07450124789111423
A. O. Smith,2026-08-16,2026-08-15,0.0661223485258784
A. O. Smith,2026-08-17,2026-08-16,0.06934430275415837
A. O. Smith,2026-08-18,2026-08-17,0.07506821150623277
A. O. Smith,2026-08-20,2026-08-18,0.06664932365151555
A. O. Smith,2026-08-21,2026-08-20,0.06392356263704091
A. O. Smith,2026-08-22,2026-08-21,0.07116042942565237
A. O. Smith,2026-08-23,2026-08-22,0.06884893161862793
A. O. Smith,2026-08-24,2026-08-23,0.06264714715461472
A. O. Smith,2026-08-25,2026-08-24,0.08219684645894687
A. O. Smith,2026-08-26,2026-08-25,0.07355707370234954
A. O. Smith,2026-08-27,2026-08-26,0.07102792149189763
A. O. Smith,2026-08-28,2026-08-27,0.07436571573153605
AES Corporation,2026-07-16,2026-07-15,0.1060582280252611
AES Corporation,2026-07-17,2026-07-16,0.1353046866183535
AES Corporation,2026-07-18,2026-07-17,0.08992452128466355
AES Corporation,2026-07-19,2026-07-18,0.0816702212669973
AES Corporation,2026-07-20,2026-07-19,0.11899713783159938
AES Corporation,2026-07-21,2026-07-20,0.06393490644146949
AES Corporation,2026-07-22,2026-07-21,0.14745846935454743
AES Corporation,2026-07-23,2026-07-22,0.1415245867208843
AES Corporation,2026-07-24,2026-07-23,0.06458088600370737
AES Corporation,2026-07-25,2026-07-24,0.07143886369806662
AES Corporation,2026-07-26,2026-07-25,0.0689362245503169
AES Corporation,2026-07-27,2026-07-26,0.081485118071433
AES Corporation,2026-07-28,2026-07-27,0.07676135357606284
AES Corporation,2026-07-29,2026-07-28,0.06599680696031918
AES Corporation,2026-07-30,2026-07-29,0.059340666840650536
AES Corporation,2026-07-31,2026-07-30,0.06344116264469912
AES Corporation,2026-08-01,2026-07-31,0.0750212437345189
AES Corporation,2026-08-02,2026-08-01,0.06403315372048901
AES Corporation,2026-08-03,2026-08-02,0.06031342960556252
AES Corporation,2026-08-04,2026-08-03,0.06157638628217743
AES Corporation,2026-08-05,2026-08-04,0.05936265024349652
AES Corporation,2026-08-06,2026-08-05,0.06355411710246439
AES Corporation,2026-08-07,2026-08-06,0.06893135168858522
AES Corporation,2026-08-08,2026-08-07,0.08738105370603388
AES Corporation,2026-08-09,2026-08-08,0.06147468690009639
AES Corporation,2026-08-10,2026-08-09,0.065062642909411
AES Corporation,2026-08-11,2026-08-10,0.06745946645213807
AES Corporation,2026-08-12,2026-08-11,0.060993673917147606
AES Corporation,2026-08-13,2026-08-12,0.0567410622479575
AES Corporation,2026-08-14,2026-08-13,0.06742553120720796
AES Corporation,2026-08-15,2026-08-14,0.0691239324636832
AES Corporation,2026-08-16,2026-08-15,0.07428917606823204
AES Corporation,2026-08-17,2026-08-16,0.0670913517937558
AES Corporation,2026-08-18,2026-08-17,0.06005838316201717
AES Corporation,2026-08-20,2026-08-18,0.09676977265982656
AES Corporation,2026-08-21,2026-08-20,0.08228880138050854
AES Corporation,2026-08-22,2026-08-21,0.053639110581714555
AES Corporation,2026-08-23,2026-08-22,0.06203779281905164
AES Corporation,2026-08-24,2026-08-23,0.08752832143154265
AES Corporation,2026-08-25,2026-08-24,0.07389854846504296
AES Corporation,2026-08-26,2026-08-25,0.06802805944387724
AES Corporation,2026-08-27,2026-08-26,0.07736474291763396
AES Corporation,2026-08-28,2026-08-27,0.2887323571461561
APA Corporation,2026-07-16,2026-07-15,0.13082622737553629
APA Corporation,2026-07-17,2026-07-16,0.12021194448454753
APA Corporation,2026-07-18,2026-07-17,0.1135997156068187
APA Corporation,2026-07-19,2026-07-18,0.13698037011254394
APA Corporation,2026-07-20,2026-07-19,0.22096872482212637
APA Corporation,2026-07-21,2026-07-20,0.058893061289465365
APA Corporation,2026-07-22,2026-07-21,0.15754768905412242
APA Corporation,2026-07-23,2026-07-22,0.1764130319056565
APA Corporation,2026-07-24,2026-07-23,0.06824728909765965
APA Corporation,2026-07-25,2026-07-24,0.07026207282623176
APA Corporation,2026-07-26,2026-07-25,0.06444138380143272
APA Corporation,2026-07-27,2026-07-26,0.05967730789796888
APA Corporation,2026-07-28,2026-07-27,0.051626490020366234
APA Corporation,2026-07-29,2026-07-28,0.0516449577930036
APA Corporation,2026-07-30,2026-07-29,0.05306314710761484
APA Corporation,2026-07-31,2026-07-30,0.07802241413007549
APA Corporation,2026-08-01,2026-07-31,0.07307043420273207
APA Corporation,2026-08-02,2026-08-01,0.07009881336065604
APA Corporation,2026-08-03,2026-08-02,0.051599487010845935
APA Corporation,2026-08-04,2026-08-03,0.06873597986302649
APA Corporation,2026-08-05,2026-08-04,0.0565759592369266
APA Corporation,2026-08-06,2026-08-05,0.08981189746259377
APA Corporation,2026-08-07,2026-08-06,0.08030472495287777
APA Corporation,2026-08-08,2026-08-07,0.0548872864331692
APA Corporation,2026-08-09,2026-08-08,0.0537625532785625
APA Corporation,2026-08-10,2026-08-09,0.04578668301474287
APA Corporation,2026-08-11,2026-08-10,0.05449541525184676
APA Corporation,2026-08-12,2026-08-11,0.06600735476244513
APA Corporation,2026-08-13,2026-08-12,0.0585611620113522
APA Corporation,2026-08-14,2026-08-13,0.06958383641590216
APA Corporation,2026-08-15,2026-08-14,0.06975070021218921
APA Corporation,2026-08-16,2026-08-15,0.06963267081084745
APA Corporation,2026-08-17,2026-08-16,0.05296830805780628
APA Corporation,2026-08-18,2026-08-17,0.05918771424550073
APA Corporation,2026-08-20,2026-08-18,0.07322798722472668
APA Corporation,2026-08-21,2026-08-20,0.07820091806870066
APA Corporation,2026-08-22,2026-08-21,0.09269948811430695
APA Corporation,2026-08-23,2026-08-22,0.05471700282000058
APA Corporation,2026-08-24,2026-08-23,0.06106762457209103
APA Corporation,2026-08-25,2026-08-24,0.06319183988195287
APA Corporation,2026-08-26,2026-08-25,0.1083552262416082
APA Corporation,2026-08-27,2026-08-26,0.06744293223567221
APA Corporation,2026-08-28,2026-08-27,0.05923512014310062
AT&T,2026-07-16,2026-07-15,0.2794418802858657
AT&T,2026-07-17,2026-07-16,0.16647607375632345
AT&T,2026-07-18,2026-07-17,0.10785619379649292
AT&T,2026-07-19,2026-07-18,0.09839223341681269
AT&T,2026-07-20,2026-07-19,0.0926685115110566
AT&T,2026-07-21,2026-07-20,0.12431400326224729
AT&T,2026-07-22,2026-07-21,0.20319844586818903
AT&T,2026-07-23,2026-07-22,0.22521266111937754
AT&T,2026-07-24,2026-07-23,0.13281696126277553
AT&T,2026-07-25,2026-07-24,0.13158447955405272
AT&T,2026-07-26,2026-07-25,0.08436811894358975
AT&T,2026-07-27,2026-07-26,0.11442304538186931
AT&T,2026-07-28,2026-07-27,0.14039965524701759
AT&T,2026-07-29,2026-07-28,0.10364032727703631
AT&T,2026-07-30,2026-07-29,0.09704523820814115
AT&T,2026-07-31,2026-07-30,0.11023269705742256
AT&T,2026-08-01,2026-07-31,0.11100030484903867
AT&T,2026-08-02,2026-08-01,0.09422284328195962
AT&T,2026-08-03,2026-08-02,0.10659386459508347
AT&T,2026-08-04,2026-08-03,0.1765144660562542
AT&T,2026-08-05,2026-08-04,0.15790054704393708
AT&T,2026-08-06,2026-08-05,0.1283554077076582
AT&T,2026-08-07,2026-08-06,0.1208263826730348
AT&T,2026-08-08,2026-08-07,0.08225542442102463
AT&T,2026-08-09,2026-08-08,0.09048344305931877
AT&T,2026-08-10,2026-08-09,0.11523436030675871
AT&T,2026-08-11,2026-08-10,0.1007933194427616
AT&T,2026-08-12,2026-08-11,0.09048506769863496
AT&T,2026-08-13,2026-08-12,0.09966726578167862
AT&T,2026-08-14,2026-08-13,0.09304051294742866
AT&T,2026-08-15,2026-08-14,0.0829500332955515
AT&T,2026-08-16,2026-08-15,0.07797041972778296
AT&T,2026-08-17,2026-08-16,0.0842499885799507
AT&T,2026-08-18,2026-08-17,0.10538233755599946
AT&T,2026-08-20,2026-08-18,0.08125090109135025
AT&T,2026-08-21,2026-08-20,0.07266221578820442
AT&T,2026-08-22,2026-08-21,0.1229561759088511
AT&T,2026-08-23,2026-08-22,0.08551505878998333
AT&T,2026-08-24,2026-08-23,0.08873960935711411
AT&T,2026-08-25,2026-08-24,0.08206551554386243
AT&T,2026-08-26,2026-08-25,0.09230779928790656
AT&T,2026-08-27,2026-08-26,0.0852200289132724
AT&T,2026-08-28,2026-08-27,0.10414560972285858
Accenture,2026-07-16,2026-07-15,0.09289212077833076
Accenture,2026-07-17,2026-07-16,0.1249798811710533
Accenture,2026-07-18,2026-07-17,0.3878687954464719
Accenture,2026-07-19,2026-07-18,0.406906349794958
Accenture,2026-07-20,2026-07-19,0.2645841004475633
Accenture,2026-07-21,2026-07-20,0.09443367097111421
Accenture,2026-07-22,2026-07-21,0.2980831642911801
Accenture,2026-07-23,2026-07-22,0.27855046266383165
Accenture,2026-07-24,2026-07-23,0.09790995388965196
Accenture,2026-07-25,2026-07-24,0.08355612648287358
Accenture,2026-07-26,2026-07-25,0.07286471054298216
Accenture,2026-07-27,2026-07-26,0.07804669264352027
Accenture,2026-07-28,2026-07-27,0.09295993868790564
Accenture,2026-07-29,2026-07-28,0.07128445697266961
Accenture,2026-07-30,2026-07-29,0.07768543134718753
Accenture,2026-07-31,2026-07-30,0.06902053243840389
Accenture,2026-08-01,2026-07-31,0.06902518839593652
Accenture,2026-08-02,2026-08-01,0.07238925593843537
Accenture,2026-08-03,2026-08-02,0.06073506627924774
Accenture,2026-08-04,2026-08-03,0.07536069567473491
Accenture,2026-08-05,2026-08-04,0.07479176176116886
Accenture,2026-08-06,2026-08-05,0.08374563919235511
Accenture,2026-08-07,2026-08-06,0.09112661128431165
Accenture,2026-08-08,2026-08-07,0.0842361208846043
Accenture,2026-08-09,2026-08-08,0.06736881324133714
Accenture,2026-08-10,2026-08-09,0.06790848751189027
Accenture,2026-08-11,2026-08-10,0.0696915722355641
Accenture,2026-08-12,2026-08-11,0.0660749909370908
Accenture,2026-08-13,2026-08-12,0.07061679627808692
Accenture,2026-08-14,2026-08-13,0.0693353543341706
Accenture,2026-08-15,2026-08-14,0.077302294564358
Accenture,2026-08-16,2026-08-15,0.0840307143591873
Accenture,2026-08-17,2026-08-16,0.0814336603332213
Accenture,2026-08-18,2026-08-17,0.07279700032392522
Accenture,2026-08-20,2026-08-18,0.06566590774396097
Accenture,2026-08-21,2026-08-20,0.0990280668824739
Accenture,2026-08-22,2026-08-21,0.07693082621388869
Accenture,2026-08-23,2026-08-22,0.062486909282640335
Accenture,2026-08-24,2026-08-23,0.06491660314750547
Accenture,2026-08-25,2026-08-24,0.08607577386085696
Accenture,2026-08-26,2026-08-25,0.0668302023406172
Accenture,2026-08-27,2026-08-26,0.10111796425306507
Accenture,2026-08-28,2026-08-27,0.06929285515038752
Adobe Inc,2026-07-16,2026-07-15,0.09482794043397025
Adobe Inc,2026-07-17,2026-07-16,0.1689682144655159
Adobe Inc,2026-07-18,2026-07-17,0.1829777809416916
Adobe Inc,2026-07-19,2026-07-18,0.1901395529258776
Adobe Inc,2026-07-20,2026-07-19,0.20821525679133657
Adobe Inc,2026-07-21,2026-07-20,0.05851497786984483
Adobe Inc,2026-07-22,2026-07-21,0.19390457881668755
Adobe Inc,2026-07-23,2026-07-22,0.18944067632622075
Adobe Inc,2026-07-24,2026-07-23,0.06133787592354989
Adobe Inc,2026-07-25,2026-07-24,0.06423041839167642
Adobe Inc,2026-07-26,2026-07-25,0.05828399819293861
Adobe Inc,2026-07-27,2026-07-26,0.054012848776447187
Adobe Inc,2026-07-28,2026-07-27,0.07413757035599478
Adobe Inc,2026-07-29,2026-07-28,0.05375176960346384
Adobe Inc,2026-07-30,2026-07-29,0.12133438182977063
Adobe Inc,2026-07-31,2026-07-30,0.05897284714746187
Adobe Inc,2026-08-01,2026-07-31,0.06743402608643023
Adobe Inc,2026-08-02,2026-08-01,0.05863329891580682
Adobe Inc,2026-08-03,2026-08-02,0.06390841494735588
Adobe Inc,2026-08-04,2026-08-03,0.11479028898928345
Adobe Inc,2026-08-05,2026-08-04,0.058690093698318235
Adobe Inc,2026-08-06,2026-08-05,0.06861441125304701
Adobe Inc,2026-08-07,2026-08-06,0.06487532886908942
Adobe Inc,2026-08-08,2026-08-07,0.0581276712188904
Adobe Inc,2026-08-09,2026-08-08,0.05566121543791014
Adobe Inc,2026-08-10,2026-08-09,0.06538709019805411
Adobe Inc,2026-08-11,2026-08-10,0.05423530235399132
Adobe Inc,2026-08-12,2026-08-11,0.05715024748167907
Adobe Inc,2026-08-13,2026-08-12,0.06518470105264651
Adobe Inc,2026-08-14,2026-08-13,0.05499804839457889
Adobe Inc,2026-08-15,2026-08-14,0.05316097309862733
Adobe Inc,2026-08-16,2026-08-15,0.05889213501562207
Adobe Inc,2026-08-17,2026-08-16,0.055316661647418996
Adobe Inc,2026-08-18,2026-08-17,0.06493701402240581
Adobe Inc,2026-08-20,2026-08-18,0.07008185560063562
Adobe Inc,2026-08-21,2026-08-20,0.06420390675153764
Adobe Inc,2026-08-22,2026-08-21,0.06557356630847089
Adobe Inc,2026-08-23,2026-08-22,0.05624459782944036
Adobe Inc,2026-08-24,2026-08-23,0.06132140764035532
Adobe Inc,2026-08-25,2026-08-24,0.04994140229880051
Adobe Inc,2026-08-26,2026-08-25,0.05410260601565575
Adobe Inc,2026-08-27,2026-08-26,0.06931676227451744
Adobe Inc,2026-08-28,2026-08-27,0.06287760651631424
Aflac,2026-07-16,2026-07-15,0.13739533734723341
Aflac,2026-07-17,2026-07-16,0.2970042603599553
Aflac,2026-07-18,2026-07-17,0.29677332989934935
Aflac,2026-07-19,2026-07-18,0.24030285092103632
Aflac,2026-07-20,2026-07-19,0.2823057858594987
Aflac,2026-07-21,2026-07-20,0.06100250493217074
Aflac,2026-07-22,2026-07-21,0.21655560036348287
Aflac,2026-07-23,2026-07-22,0.21764504044726818
Aflac,2026-07-24,2026-07-23,0.07223009968363259
Aflac,2026-07-25,2026-07-24,0.062294826564077144
Aflac,2026-07-26,2026-07-25,0.05874080207651744
Aflac,2026-07-27,2026-07-26,0.0601257186968972
Aflac,2026-07-28,2026-07-27,0.06277709490632744
Aflac,2026-07-29,2026-07-28,0.056661403952474765
Aflac,2026-07-30,2026-07-29,0.06588860831030285
Aflac,2026-07-31,2026-07-30,0.06542406048134475
Aflac,2026-08-01,2026-07-31,0.06354653001031263
Aflac,2026-08-02,2026-08-01,0.06602069965211843
Aflac,2026-08-03,2026-08-02,0.06788045936939668
Aflac,2026-08-04,2026-08-03,0.08251012227320431
Aflac,2026-08-05,2026-08-04,0.06401455624602481
Aflac,2026-08-06,2026-08-05,0.06811991572193121
Aflac,2026-08-07,2026-08-06,0.0964907053847911
Aflac,2026-08-08,2026-08-07,0.07027081070496477
Aflac,2026-08-09,2026-08-08,0.05938838094358034
Aflac,2026-08-10,2026-08-09,0.06682257759739674
Aflac,2026-08-11,2026-08-10,0.0632670581393232
Aflac,2026-08-12,2026-08-11,0.06374680116484255
Aflac,2026-08-13,2026-08-12,0.06896963143115564
Aflac,2026-08-14,2026-08-13,0.06532930147457094
Aflac,2026-08-15,2026-08-14,0.06694702314504952
Aflac,2026-08-16,2026-08-15,0.06583256398669468
Aflac,2026-08-17,2026-08-16,0.07907879329895628
Aflac,2026-08-18,2026-08-17,0.08454391677108786
Aflac,2026-08-20,2026-08-18,0.08355795637656893
Aflac,2026-08-21,2026-08-20,0.06284885245901362
Aflac,2026-08-22,2026-08-21,0.08540946366168545
Aflac,2026-08-23,2026-08-22,0.08391797525445732
Aflac,2026-08-24,2026-08-23,0.06497866461776369
Aflac,2026-08-25,2026-08-24,0.06012791557920261
Aflac,2026-08-26,2026-08-25,0.06338502696867165
Aflac,2026-08-27,2026-08-26,0.06494689572622026
Aflac,2026-08-28,2026-08-27,0.06548692964321523
Air Products,2026-07-16,2026-07-15,0.16632707463576024
Air Products,2026-07-17,2026-07-16,0.20053685506214924
Air Products,2026-07-18,2026-07-17,0.1701963247994832
Air Products,2026-07-19,2026-07-18,0.20614040780790344
Air Products,2026-07-20,2026-07-19,0.2303485847396599
Air Products,2026-07-21,2026-07-20,0.06936837049871258
Air Products,2026-07-22,2026-07-21,0.19138517203180694
Air Products,2026-07-23,2026-07-22,0.12537373944461794
Air Products,2026-07-24,2026-07-23,0.07148358869360594
Air Products,2026-07-25,2026-07-24,0.06746415792589389
Air Products,2026-07-26,2026-07-25,0.07220490827336468
Air Products,2026-07-27,2026-07-26,0.06832331517520973
Air Products,2026-07-28,2026-07-27,0.06344580218743501
Air Products,2026-07-29,2026-07-28,0.06362728808726237
Air Products,2026-07-30,2026-07-29,0.12405677231687429
Air Products,2026-07-31,2026-07-30,0.2246186783666564
Air Products,2026-08-01,2026-07-31,0.0766672787823699
Air Products,2026-08-02,2026-08-01,0.12329030260346208
Air Products,2026-08-03,2026-08-02,0.08168069917442355
Air Products,2026-08-04,2026-08-03,0.07665439022792042
Air Products,2026-08-05,2026-08-04,0.10164595959888367
Air Products,2026-08-06,2026-08-05,0.09251432638972878
Air Products,2026-08-07,2026-08-06,0.09654409252487983
Air Products,2026-08-08,2026-08-07,0.07058423749661469
Air Products,2026-08-09,2026-08-08,0.11388461420245988
Air Products,2026-08-10,2026-08-09,0.08516029436053951
Air Products,2026-08-11,2026-08-10,0.07577729515929199
Air Products,2026-08-12,2026-08-11,0.06898290195030166
Air Products,2026-08-13,2026-08-12,0.08894040648087165
Air Products,2026-08-14,2026-08-13,0.12316512831839554
Air Products,2026-08-15,2026-08-14,0.07441720908551741
Air Products,2026-08-16,2026-08-15,0.07198348406016719
Air Products,2026-08-17,2026-08-16,0.059977906395524694
Air Products,2026-08-18,2026-08-17,0.06200464312690146
Air Products,2026-08-20,2026-08-18,0.06398442276393135
Air Products,2026-08-21,2026-08-20,0.0630234695139491
Air Products,2026-08-22,2026-08-21,0.1316977090485466
Air Products,2026-08-23,2026-08-22,0.05984122205408393
Air Products,2026-08-24,2026-08-23,0.060251848840575106
Air Products,2026-08-25,2026-08-24,0.07333796239912882
Air Products,2026-08-26,2026-08-25,0.0628986257049362
Air Products,2026-08-27,2026-08-26,0.1164799190992527
Air Products,2026-08-28,2026-08-27,0.09043964918275305
Airbnb,2026-07-16,2026-07-15,0.16905982606045578
Airbnb,2026-07-17,2026-07-16,0.2919534042099211
Airbnb,2026-07-18,2026-07-17,0.2773573262147896
Airbnb,2026-07-19,2026-07-18,0.17196563535988474
Airbnb,2026-07-20,2026-07-19,0.1945835113250306
Airbnb,2026-07-21,2026-07-20,0.07793448339221865
Airbnb,2026-07-22,2026-07-21,0.13914049733103873
Airbnb,2026-07-23,2026-07-22,0.1414216683376055
Airbnb,2026-07-24,2026-07-23,0.07491622016709609
Airbnb,2026-07-25,2026-07-24,0.0738521217721324
Airbnb,2026-07-26,2026-07-25,0.06786596821614
Airbnb,2026-07-27,2026-07-26,0.060337880138342403
Airbnb,2026-07-28,2026-07-27,0.0748023217489262
Airbnb,2026-07-29,2026-07-28,0.07095289041553476
Airbnb,2026-07-30,2026-07-29,0.0705102835698802
Airbnb,2026-07-31,2026-07-30,0.0663902482081632
Airbnb,2026-08-01,2026-07-31,0.0682826697631399
Airbnb,2026-08-02,2026-08-01,0.0690401219108785
Airbnb,2026-08-03,2026-08-02,0.06570241548731692
Airbnb,2026-08-04,2026-08-03,0.0769858063945339
Airbnb,2026-08-05,2026-08-04,0.08914256663527698
Airbnb,2026-08-06,2026-08-05,0.08555112015090882
Airbnb,2026-08-07,2026-08-06,0.08747495381573112
Airbnb,2026-08-08,2026-08-07,0.07860495813453683
Airbnb,2026-08-09,2026-08-08,0.07769461164844793
Airbnb,2026-08-10,2026-08-09,0.10219123455380785
Airbnb,2026-08-11,2026-08-10,0.07951562967746484
Airbnb,2026-08-12,2026-08-11,0.07520004832375926
Airbnb,2026-08-13,2026-08-12,0.07932188326521816
Airbnb,2026-08-14,2026-08-13,0.08029120524369027
Airbnb,2026-08-15,2026-08-14,0.06397602619061071
Airbnb,2026-08-16,2026-08-15,0.0643425617223009
Airbnb,2026-08-17,2026-08-16,0.06898144340898449
Airbnb,2026-08-18,2026-08-17,0.061062387763882064
Airbnb,2026-08-20,2026-08-18,0.06416401430950824
Airbnb,2026-08-21,2026-08-20,0.05966326809058997
Airbnb,2026-08-22,2026-08-21,0.08075592947518728
Airbnb,2026-08-23,2026-08-22,0.08159799114600252
Airbnb,2026-08-24,2026-08-23,0.07283714745204684
Airbnb,2026-08-25,2026-08-24,0.07491945469367789
Airbnb,2026-08-26,2026-08-25,0.07303188781591641
Airbnb,2026-08-27,2026-08-26,0.06667342761646633
Airbnb,2026-08-28,2026-08-27,0.07232582987255831
Alliant Energy,2026-07-16,2026-07-15,0.175979534837038
Alliant Energy,2026-07-17,2026-07-16,0.2703950555394522
Alliant Energy,2026-07-18,2026-07-17,0.18920669342129737
Alliant Energy,2026-07-19,2026-07-18,0.10148248894258971
Alliant Energy,2026-07-20,2026-07-19,0.1174983872801788
Alliant Energy,2026-07-21,2026-07-20,0.07637281257564665
Alliant Energy,2026-07-22,2026-07-21,0.2276343087694348
Alliant Energy,2026-07-23,2026-07-22,0.2125398525864023
Alliant Energy,2026-07-24,2026-07-23,0.11672291400662116
Alliant Energy,2026-07-25,2026-07-24,0.06856966429460942
Alliant Energy,2026-07-26,2026-07-25,0.07179487127851791
Alliant Energy,2026-07-27,2026-07-26,0.08737121678770277
Alliant Energy,2026-07-28,2026-07-27,0.08945741210103475
Alliant Energy,2026-07-29,2026-07-28,0.08877061577724077
Alliant Energy,2026-07-30,2026-07-29,0.06645259625784694
Alliant Energy,2026-07-31,2026-07-30,0.08219902483550434
Alliant Energy,2026-08-01,2026-07-31,0.08000694038800482
Alliant Energy,2026-08-02,2026-08-01,0.07889716794363666
Alliant Energy,2026-08-03,2026-08-02,0.05965274780446106
Alliant Energy,2026-08-04,2026-08-03,0.057777947783479444
Alliant Energy,2026-08-05,2026-08-04,0.06434711965178164
Alliant Energy,2026-08-06,2026-08-05,0.062105324225918856
Alliant Energy,2026-08-07,2026-08-06,0.07844544264126074
Alliant Energy,2026-08-08,2026-08-07,0.10281495725617051
Alliant Energy,2026-08-09,2026-08-08,0.07081480188148259
Alliant Energy,2026-08-10,2026-08-09,0.07309030454056609
Alliant Energy,2026-08-11,2026-08-10,0.06856618023036476
Alliant Energy,2026-08-12,2026-08-11,0.05949113716722487
Alliant Energy,2026-08-13,2026-08-12,0.06172810072538626
Alliant Energy,2026-08-14,2026-08-13,0.07128311826807998
Alliant Energy,2026-08-15,2026-08-14,0.06406678491354534
Alliant Energy,2026-08-16,2026-08-15,0.05984863110754468
Alliant Energy,2026-08-17,2026-08-16,0.06695778394194296
Alliant Energy,2026-08-18,2026-08-17,0.0665067214146573
Alliant Energy,2026-08-20,2026-08-18,0.06361593543984467
Alliant Energy,2026-08-21,2026-08-20,0.06481208458757803
Alliant Energy,2026-08-22,2026-08-21,0.10335504883686064
Alliant Energy,2026-08-23,2026-08-22,0.07135637292852737
Alliant Energy,2026-08-24,2026-08-23,0.06969117680108594
Alliant Energy,2026-08-25,2026-08-24,0.06397789953980526
Alliant Energy,2026-08-26,2026-08-25,0.08205768126773738
Alliant Energy,2026-08-27,2026-08-26,0.07439480788184472
Alliant Energy,2026-08-28,2026-08-27,0.07172927502248638
Alphabet Inc. (Class A),2026-07-16,2026-07-15,0.1711432494191757
Alphabet Inc. (Class A),2026-07-17,2026-07-16,0.1609236182108451
Alphabet Inc. (Class A),2026-07-18,2026-07-17,0.07226560705133445
Alphabet Inc. (Class A),2026-07-19,2026-07-18,0.08293858617651328
Alphabet Inc. (Class A),2026-07-20,2026-07-19,0.09518227651016353
Alphabet Inc. (Class A),2026-07-21,2026-07-20,0.0882609963085419
Alphabet Inc. (Class A),2026-07-22,2026-07-21,0.18944663724958588
Alphabet Inc. (Class A),2026-07-23,2026-07-22,0.18930831970600803
Alphabet Inc. (Class A),2026-07-24,2026-07-23,0.1041037135449897
Alphabet Inc. (Class A),2026-07-25,2026-07-24,0.10297222109708004
Alphabet Inc. (Class A),2026-07-26,2026-07-25,0.0923835460633271
Alphabet Inc. (Class A),2026-07-27,2026-07-26,0.08734391271965247
Alphabet Inc. (Class A),2026-07-28,2026-07-27,0.10707527117585702
Alphabet Inc. (Class A),2026-07-29,2026-07-28,0.09555298231299103
Alphabet Inc. (Class A),2026-07-30,2026-07-29,0.09961852825585671
Alphabet Inc. (Class A),2026-07-31,2026-07-30,0.10817300564307253
Alphabet Inc. (Class A),2026-08-01,2026-07-31,0.07951399668944914
Alphabet Inc. (Class A),2026-08-02,2026-08-01,0.09445300150301794
Alphabet Inc. (Class A),2026-08-03,2026-08-02,0.09771716180982182
Alphabet Inc. (Class A),2026-08-04,2026-08-03,0.10067450026268054
Alphabet Inc. (Class A),2026-08-05,2026-08-04,0.09327021321670637
Alphabet Inc. (Class A),2026-08-06,2026-08-05,0.09120298709308627
Alphabet Inc. (Class A),2026-08-07,2026-08-06,0.08813477563316818
Alphabet Inc. (Class A),2026-08-08,2026-08-07,0.10022865287405458
Alphabet Inc. (Class A),2026-08-09,2026-08-08,0.08715283869450119
Alphabet Inc. (Class A),2026-08-10,2026-08-09,0.09426480273241611
Alphabet Inc. (Class A),2026-08-11,2026-08-10,0.07763267720386724
Alphabet Inc. (Class A),2026-08-12,2026-08-11,0.08824081636159897
Alphabet Inc. (Class A),2026-08-13,2026-08-12,0.09548674363457033
Alphabet Inc. (Class A),2026-08-14,2026-08-13,0.09648863059796153
Alphabet Inc. (Class A),2026-08-15,2026-08-14,0.07439550566525044
Alphabet Inc. (Class A),2026-08-16,2026-08-15,0.06344852373487808
Alphabet Inc. (Class A),2026-08-17,2026-08-16,0.07780307945433451
Alphabet Inc. (Class A),2026-08-18,2026-08-17,0.09188350898202946
Alphabet Inc. (Class A),2026-08-20,2026-08-18,0.09298606313152757
Alphabet Inc. (Class A),2026-08-21,2026-08-20,0.09736525693520737
Alphabet Inc. (Class A),2026-08-22,2026-08-21,0.0851642013101429
Alphabet Inc. (Class A),2026-08-23,2026-08-22,0.06017657494794115
Alphabet Inc. (Class A),2026-08-24,2026-08-23,0.08701075978238537
Alphabet Inc. (Class A),2026-08-25,2026-08-24,0.09329078192857176
Alphabet Inc. (Class A),2026-08-26,2026-08-25,0.09096603091833155
Alphabet Inc. (Class A),2026-08-27,2026-08-26,0.09492042758904551
Alphabet Inc. (Class A),2026-08-28,2026-08-27,0.09539305392999409
Amazon,2026-07-16,2026-07-15,0.15401181532119157
Amazon,2026-07-17,2026-07-16,0.15954862339265585
Amazon,2026-07-18,2026-07-17,0.22742407148610388
Amazon,2026-07-19,2026-07-18,0.23284736518393523
Amazon,2026-07-20,2026-07-19,0.3151200228754598
Amazon,2026-07-21,2026-07-20,0.07876745889631709
Amazon,2026-07-22,2026-07-21,0.16457224953161043
Amazon,2026-07-23,2026-07-22,0.1317744716925131
Amazon,2026-07-24,2026-07-23,0.08783963884458001
Amazon,2026-07-25,2026-07-24,0.0870462481603933
Amazon,2026-07-26,2026-07-25,0.06536173830860315
Amazon,2026-07-27,2026-07-26,0.07682664111173809
Amazon,2026-07-28,2026-07-27,0.074959599891113
Amazon,2026-07-29,2026-07-28,0.09214563830546862
Amazon,2026-07-30,2026-07-29,0.11191263099796234
Amazon,2026-07-31,2026-07-30,0.12023135383104178
Amazon,2026-08-01,2026-07-31,0.09226383081879963
Amazon,2026-08-02,2026-08-01,0.08433428391023112
Amazon,2026-08-03,2026-08-02,0.12046513881484211
Amazon,2026-08-04,2026-08-03,0.13254438626180687
Amazon,2026-08-05,2026-08-04,0.09422611302934192
Amazon,2026-08-06,2026-08-05,0.1032755609802789
Amazon,2026-08-07,2026-08-06,0.11630693252974278
Amazon,2026-08-08,2026-08-07,0.0908698591336109
Amazon,2026-08-09,2026-08-08,0.08022234008649454
Amazon,2026-08-10,2026-08-09,0.06981380280250582
Amazon,2026-08-11,2026-08-10,0.0786225960055944
Amazon,2026-08-12,2026-08-11,0.07866807746202242
Amazon,2026-08-13,2026-08-12,0.07338592353436613
Amazon,2026-08-14,2026-08-13,0.08099105705625431
Amazon,2026-08-15,2026-08-14,0.06713806304413339
Amazon,2026-08-16,2026-08-15,0.06756372679127698
Amazon,2026-08-17,2026-08-16,0.07818686393874053
Amazon,2026-08-18,2026-08-17,0.07436437847977795
Amazon,2026-08-20,2026-08-18,0.09511280569152492
Amazon,2026-08-21,2026-08-20,0.09430140307040524
Amazon,2026-08-22,2026-08-21,0.07758394327412621
Amazon,2026-08-23,2026-08-22,0.05102762987690046
Amazon,2026-08-24,2026-08-23,0.08148651517758942
Amazon,2026-08-25,2026-08-24,0.0953435305722129
Amazon,2026-08-26,2026-08-25,0.07282814077339039
Amazon,2026-08-27,2026-08-26,0.07422884825706866
Amazon,2026-08-28,2026-08-27,0.062382073665577575
American Electric Power,2026-07-16,2026-07-15,0.1369545153881364
American Electric Power,2026-07-17,2026-07-16,0.1766934699584659
American Electric Power,2026-07-18,2026-07-17,0.4967933493331905
American Electric Power,2026-07-19,2026-07-18,0.46857110540171676
American Electric Power,2026-07-20,2026-07-19,0.16332296120416723
American Electric Power,2026-07-21,2026-07-20,0.0763917351210508
American Electric Power,2026-07-22,2026-07-21,0.14235418057258686
American Electric Power,2026-07-23,2026-07-22,0.15119930512990043
American Electric Power,2026-07-24,2026-07-23,0.07026686391195369
American Electric Power,2026-07-25,2026-07-24,0.060609617285335204
American Electric Power,2026-07-26,2026-07-25,0.06328739456839905
American Electric Power,2026-07-27,2026-07-26,0.06621691841305366
American Electric Power,2026-07-28,2026-07-27,0.06209098400830659
American Electric Power,2026-07-29,2026-07-28,0.07770089570168459
American Electric Power,2026-07-30,2026-07-29,0.06300814776021779
American Electric Power,2026-07-31,2026-07-30,0.10038890098026776
American Electric Power,2026-08-01,2026-07-31,0.06971492415226288
American Electric Power,2026-08-02,2026-08-01,0.06110328434579937
American Electric Power,2026-08-03,2026-08-02,0.06447037046143245
American Electric Power,2026-08-04,2026-08-03,0.11137643854699342
American Electric Power,2026-08-05,2026-08-04,0.09632325398268826
American Electric Power,2026-08-06,2026-08-05,0.08092302867631196
American Electric Power,2026-08-07,2026-08-06,0.07927831308876343
American Electric Power,2026-08-08,2026-08-07,0.06986494504184448
American Electric Power,2026-08-09,2026-08-08,0.05805834317748926
American Electric Power,2026-08-10,2026-08-09,0.05364531085376423
American Electric Power,2026-08-11,2026-08-10,0.11195697211562616
American Electric Power,2026-08-12,2026-08-11,0.0663646035037585
American Electric Power,2026-08-13,2026-08-12,0.0844603092720535
American Electric Power,2026-08-14,2026-08-13,0.06018395032117685
American Electric Power,2026-08-15,2026-08-14,0.06291473931391112
American Electric Power,2026-08-16,2026-08-15,0.06541267255576011
American Electric Power,2026-08-17,2026-08-16,0.061580717419561615
American Electric Power,2026-08-18,2026-08-17,0.06352750175434163
American Electric Power,2026-08-20,2026-08-18,0.0734635595917541
American Electric Power,2026-08-21,2026-08-20,0.07585331147509489
American Electric Power,2026-08-22,2026-08-21,0.09260837369348429
American Electric Power,2026-08-23,2026-08-22,0.058467837859373595
American Electric Power,2026-08-24,2026-08-23,0.06555199243509013
American Electric Power,2026-08-25,2026-08-24,0.06642731402208424
American Electric Power,2026-08-26,2026-08-25,0.07104278008170262
American Electric Power,2026-08-27,2026-08-26,0.07671268116108687
American Electric Power,2026-08-28,2026-08-27,0.053279467619104515
American Express,2026-07-16,2026-07-15,0.1854580881337745
American Express,2026-07-17,2026-07-16,0.2409882396065003
American Express,2026-07-18,2026-07-17,0.16469736569071003
American Express,2026-07-19,2026-07-18,0.19602353571931352
American Express,2026-07-20,2026-07-19,0.20477912160150114
American Express,2026-07-21,2026-07-20,0.12512813846887638
American Express,2026-07-22,2026-07-21,0.2448478767967287
American Express,2026-07-23,2026-07-22,0.27048909758692263
American Express,2026-07-24,2026-07-23,0.07519819687072027
American Express,2026-07-25,2026-07-24,0.12760646027033962
American Express,2026-07-26,2026-07-25,0.0630565722716433
American Express,2026-07-27,2026-07-26,0.06161992533839333
American Express,2026-07-28,2026-07-27,0.09595458766550158
American Express,2026-07-29,2026-07-28,0.09819782910168728
American Express,2026-07-30,2026-07-29,0.09168101147894325
American Express,2026-07-31,2026-07-30,0.0850506447899132
American Express,2026-08-01,2026-07-31,0.0904656839963881
American Express,2026-08-02,2026-08-01,0.08959205819822769
American Express,2026-08-03,2026-08-02,0.0750491413011608
American Express,2026-08-04,2026-08-03,0.0943226885677163
American Express,2026-08-05,2026-08-04,0.07056135690011667
American Express,2026-08-06,2026-08-05,0.07049816674841136
American Express,2026-08-07,2026-08-06,0.059375334932526114
American Express,2026-08-08,2026-08-07,0.09092725198272988
American Express,2026-08-09,2026-08-08,0.07839068006604522
American Express,2026-08-10,2026-08-09,0.09272522327740351
American Express,2026-08-11,2026-08-10,0.0889012250872433
American Express,2026-08-12,2026-08-11,0.07797304374402847
American Express,2026-08-13,2026-08-12,0.10735265224946555
American Express,2026-08-14,2026-08-13,0.06959887023021472
American Express,2026-08-15,2026-08-14,0.06758076858075956
American Express,2026-08-16,2026-08-15,0.0646129969372714
American Express,2026-08-17,2026-08-16,0.06259138954570242
American Express,2026-08-18,2026-08-17,0.06993476523833542
American Express,2026-08-20,2026-08-18,0.07705090809340065
American Express,2026-08-21,2026-08-20,0.07421280781816209
American Express,2026-08-22,2026-08-21,0.10325805750717043
American Express,2026-08-23,2026-08-22,0.062019511934944926
American Express,2026-08-24,2026-08-23,0.07670145006388174
American Express,2026-08-25,2026-08-24,0.08054708217085704
American Express,2026-08-26,2026-08-25,0.07424689124284078
American Express,2026-08-27,2026-08-26,0.07162152883910011
American Express,2026-08-28,2026-08-27,0.08016273251237882
American International Group,2026-07-16,2026-07-15,0.18928836850658926
American International Group,2026-07-17,2026-07-16,0.21401720631136556
American International Group,2026-07-18,2026-07-17,0.28683981758024824
American International Group,2026-07-19,2026-07-18,0.20831284000802008
American International Group,2026-07-20,2026-07-19,0.14645166189202674
American International Group,2026-07-21,2026-07-20,0.10379609772080878
American International Group,2026-07-22,2026-07-21,0.19218940733620493
American International Group,2026-07-23,2026-07-22,0.19586659145699303
American International Group,2026-07-24,2026-07-23,0.08430989477451689
American International Group,2026-07-25,2026-07-24,0.06609901860192768
American International Group,2026-07-26,2026-07-25,0.06533523957771281
American International Group,2026-07-27,2026-07-26,0.07006034570576603
American International Group,2026-07-28,2026-07-27,0.07585033105921835
American International Group,2026-07-29,2026-07-28,0.06829139964618525
American International Group,2026-07-30,2026-07-29,0.06197543849477927
American International Group,2026-07-31,2026-07-30,0.07124288896580488
American International Group,2026-08-01,2026-07-31,0.07389719600383704
American International Group,2026-08-02,2026-08-01,0.07376530126212655
American International Group,2026-08-03,2026-08-02,0.07329007637252405
American International Group,2026-08-04,2026-08-03,0.07883809451447843
American International Group,2026-08-05,2026-08-04,0.10035556744339846
American International Group,2026-08-06,2026-08-05,0.08812857994869838
American International Group,2026-08-07,2026-08-06,0.10913640648538969
American International Group,2026-08-08,2026-08-07,0.08622261630579986
American International Group,2026-08-09,2026-08-08,0.05853334803178356
American International Group,2026-08-10,2026-08-09,0.06925712887838531
American International Group,2026-08-11,2026-08-10,0.062313257452478954
American International Group,2026-08-12,2026-08-11,0.06402858280545787
American International Group,2026-08-13,2026-08-12,0.08207059387287585
American International Group,2026-08-14,2026-08-13,0.07528217367516243
American International Group,2026-08-15,2026-08-14,0.10293713614251021
American International Group,2026-08-16,2026-08-15,0.06668362556570528
American International Group,2026-08-17,2026-08-16,0.06275012163497007
American International Group,2026-08-18,2026-08-17,0.07164411042439267
American International Group,2026-08-20,2026-08-18,0.08132936136078472
American International Group,2026-08-21,2026-08-20,0.09878553461076212
American International Group,2026-08-22,2026-08-21,0.08496313028808944
American International Group,2026-08-23,2026-08-22,0.07476000257442872
American International Group,2026-08-24,2026-08-23,0.07690914522754566
American International Group,2026-08-25,2026-08-24,0.07381456662708719
American International Group,2026-08-26,2026-08-25,0.06921464341359851
American International Group,2026-08-27,2026-08-26,0.06381238679562551
American International Group,2026-08-28,2026-08-27,0.053425868532485765
Apollo Global Management,2026-07-16,2026-07-15,0.17111384286897624
Apollo Global Management,2026-07-17,2026-07-16,0.15053336501019365
Apollo Global Management,2026-07-18,2026-07-17,0.14584699805053936
Apollo Global Management,2026-07-19,2026-07-18,0.14397875932635384
Apollo Global Management,2026-07-20,2026-07-19,0.17384795571807843
Apollo Global Management,2026-07-21,2026-07-20,0.07226645577468982
Apollo Global Management,2026-07-22,2026-07-21,0.17859471726786424
Apollo Global Management,2026-07-23,2026-07-22,0.19723529819893593
Apollo Global Management,2026-07-24,2026-07-23,0.08520615241976381
Apollo Global Management,2026-07-25,2026-07-24,0.07887064517121567
Apollo Global Management,2026-07-26,2026-07-25,0.06190693035837458
Apollo Global Management,2026-07-27,2026-07-26,0.05812689635798651
Apollo Global Management,2026-07-28,2026-07-27,0.10799554401478373
Apollo Global Management,2026-07-29,2026-07-28,0.06947536175249303
Apollo Global Management,2026-07-30,2026-07-29,0.06861220731922735
Apollo Global Management,2026-07-31,2026-07-30,0.09711184128786732
Apollo Global Management,2026-08-01,2026-07-31,0.08591873384647997
Apollo Global Management,2026-08-02,2026-08-01,0.060923591654582276
Apollo Global Management,2026-08-03,2026-08-02,0.06620807568649956
Apollo Global Management,2026-08-04,2026-08-03,0.13495013660160282
Apollo Global Management,2026-08-05,2026-08-04,0.13145153120344222
Apollo Global Management,2026-08-06,2026-08-05,0.08942070450013073
Apollo Global Management,2026-08-07,2026-08-06,0.08545331867966488
Apollo Global Management,2026-08-08,2026-08-07,0.07771616864146735
Apollo Global Management,2026-08-09,2026-08-08,0.06356761518558252
Apollo Global Management,2026-08-10,2026-08-09,0.14066572747971806
Apollo Global Management,2026-08-11,2026-08-10,0.11263066077910255
Apollo Global Management,2026-08-12,2026-08-11,0.09428823027330757
Apollo Global Management,2026-08-13,2026-08-12,0.1343502482540988
Apollo Global Management,2026-08-14,2026-08-13,0.06201790272100194
Apollo Global Management,2026-08-15,2026-08-14,0.07344730608757766
Apollo Global Management,2026-08-16,2026-08-15,0.07171654866753618
Apollo Global Management,2026-08-17,2026-08-16,0.06897690549366631
Apollo Global Management,2026-08-18,2026-08-17,0.07472064807105516
Apollo Global Management,2026-08-20,2026-08-18,0.07512159486242598
Apollo Global Management,2026-08-21,2026-08-20,0.08414602656739778
Apollo Global Management,2026-08-22,2026-08-21,0.07851340771859039
Apollo Global Management,2026-08-23,2026-08-22,0.05806559572069403
Apollo Global Management,2026-08-24,2026-08-23,0.10069984768464357
Apollo Global Management,2026-08-25,2026-08-24,0.09343486229005371
Apollo Global Management,2026-08-26,2026-08-25,0.07852180298658029
Apollo Global Management,2026-08-27,2026-08-26,0.1119846925087985
Apollo Global Management,2026-08-28,2026-08-27,0.1408976939924782
Apple Inc,2026-07-16,2026-07-15,0.09287673447896527
Apple Inc,2026-07-17,2026-07-16,0.11612824575768876
Apple Inc,2026-07-18,2026-07-17,0.10538767440234154
Apple Inc,2026-07-19,2026-07-18,0.10751537335155426
Apple Inc,2026-07-20,2026-07-19,0.15506914928533266
Apple Inc,2026-07-21,2026-07-20,0.0760021424214089
Apple Inc,2026-07-22,2026-07-21,0.1937624268883874
Apple Inc,2026-07-23,2026-07-22,0.18037388138072963
Apple Inc,2026-07-24,2026-07-23,0.0778388977552904
Apple Inc,2026-07-25,2026-07-24,0.08004514873373769
Apple Inc,2026-07-26,2026-07-25,0.08048406425292975
Apple Inc,2026-07-27,2026-07-26,0.06488151433020106
Apple Inc,2026-07-28,2026-07-27,0.07189816556279993
Apple Inc,2026-07-29,2026-07-28,0.07018629419403932
Apple Inc,2026-07-30,2026-07-29,0.07054624445534818
Apple Inc,2026-07-31,2026-07-30,0.08369131002718022
Apple Inc,2026-08-01,2026-07-31,0.08793176014631277
Apple Inc,2026-08-02,2026-08-01,0.09760987393779286
Apple Inc,2026-08-03,2026-08-02,0.09596420908900993
Apple Inc,2026-08-04,2026-08-03,0.09114902129820779
Apple Inc,2026-08-05,2026-08-04,0.09521588005511972
Apple Inc,2026-08-06,2026-08-05,0.08038902235590573
Apple Inc,2026-08-07,2026-08-06,0.08730646931253339
Apple Inc,2026-08-08,2026-08-07,0.09828960680483378
Apple Inc,2026-08-09,2026-08-08,0.0926628692820386
Apple Inc,2026-08-10,2026-08-09,0.08546339078395937
Apple Inc,2026-08-11,2026-08-10,0.07161295797203171
Apple Inc,2026-08-12,2026-08-11,0.07755425728083254
Apple Inc,2026-08-13,2026-08-12,0.09857013643301304
Apple Inc,2026-08-14,2026-08-13,0.10050405136873075
Apple Inc,2026-08-15,2026-08-14,0.07962456922057981
Apple Inc,2026-08-16,2026-08-15,0.07002658439447296
Apple Inc,2026-08-17,2026-08-16,0.07286850743373574
Apple Inc,2026-08-18,2026-08-17,0.07356514956641835
Apple Inc,2026-08-20,2026-08-18,0.07640296337873698
Apple Inc,2026-08-21,2026-08-20,0.08339476428251513
Apple Inc,2026-08-22,2026-08-21,0.08132909620511086
Apple Inc,2026-08-23,2026-08-22,0.0556337879838672
Apple Inc,2026-08-24,2026-08-23,0.08236636251522356
Apple Inc,2026-08-25,2026-08-24,0.06859804966914806
Apple Inc,2026-08-26,2026-08-25,0.0697561864623445
Apple Inc,2026-08-27,2026-08-26,0.0723356872450116
Apple Inc,2026-08-28,2026-08-27,0.08158303923595989
Baker Hughes,2026-07-16,2026-07-15,0.16165804426452213
Baker Hughes,2026-07-17,2026-07-16,0.154526984648104
Baker Hughes,2026-07-18,2026-07-17,0.14338272021043874
Baker Hughes,2026-07-19,2026-07-18,0.12101527396215817
Baker Hughes,2026-07-20,2026-07-19,0.14755338310282717
Baker Hughes,2026-07-21,2026-07-20,0.07172366415022868
Baker Hughes,2026-07-22,2026-07-21,0.14786914442401355
Baker Hughes,2026-07-23,2026-07-22,0.1506974704661337
Baker Hughes,2026-07-24,2026-07-23,0.07386535562003183
Baker Hughes,2026-07-25,2026-07-24,0.08637998667646529
Baker Hughes,2026-07-26,2026-07-25,0.06993713066902185
Baker Hughes,2026-07-27,2026-07-26,0.14324818666747452
Baker Hughes,2026-07-28,2026-07-27,0.1203678052340017
Baker Hughes,2026-07-29,2026-07-28,0.06422190848160703
Baker Hughes,2026-07-30,2026-07-29,0.06170250472922001
Baker Hughes,2026-07-31,2026-07-30,0.07209237420212944
Baker Hughes,2026-08-01,2026-07-31,0.07791804830173987
Baker Hughes,2026-08-02,2026-08-01,0.06521901861523216
Baker Hughes,2026-08-03,2026-08-02,0.07006477941835765
Baker Hughes,2026-08-04,2026-08-03,0.08062221011907422
Baker Hughes,2026-08-05,2026-08-04,0.0766194718254335
Baker Hughes,2026-08-06,2026-08-05,0.08422649913333857
Baker Hughes,2026-08-07,2026-08-06,0.06902229460738585
Baker Hughes,2026-08-08,2026-08-07,0.05787726386782732
Baker Hughes,2026-08-09,2026-08-08,0.08440243259956115
Baker Hughes,2026-08-10,2026-08-09,0.08440326788421337
Baker Hughes,2026-08-11,2026-08-10,0.07950025039212316
Baker Hughes,2026-08-12,2026-08-11,0.0665116729747256
Baker Hughes,2026-08-13,2026-08-12,0.08737891913610074
Baker Hughes,2026-08-14,2026-08-13,0.08036004963781729
Baker Hughes,2026-08-15,2026-08-14,0.08172104932185809
Baker Hughes,2026-08-16,2026-08-15,0.06794662182047417
Baker Hughes,2026-08-17,2026-08-16,0.0793579102529488
Baker Hughes,2026-08-18,2026-08-17,0.06878811806900742
Baker Hughes,2026-08-20,2026-08-18,0.07641723156703784
Baker Hughes,2026-08-21,2026-08-20,0.061810532031740695
Baker Hughes,2026-08-22,2026-08-21,0.0882748703450168
Baker Hughes,2026-08-23,2026-08-22,0.08354360573636588
Baker Hughes,2026-08-24,2026-08-23,0.07100108597157206
Baker Hughes,2026-08-25,2026-08-24,0.07281099675671576
Baker Hughes,2026-08-26,2026-08-25,0.07640654799746427
Baker Hughes,2026-08-27,2026-08-26,0.06934417262610759
Baker Hughes,2026-08-28,2026-08-27,0.06281208600283894
Boeing,2026-07-16,2026-07-15,0.18127683716617693
Boeing,2026-07-17,2026-07-16,0.1382148588294383
Boeing,2026-07-18,2026-07-17,0.1521824024045606
Boeing,2026-07-19,2026-07-18,0.17777475820662214
Boeing,2026-07-20,2026-07-19,0.185135903245932
Boeing,2026-07-21,2026-07-20,0.11886798628707096
Boeing,2026-07-22,2026-07-21,0.20748510694006495
Boeing,2026-07-23,2026-07-22,0.2029630369421661
Boeing,2026-07-24,2026-07-23,0.11048470567494229
Boeing,2026-07-25,2026-07-24,0.09859728925037092
Boeing,2026-07-26,2026-07-25,0.09669143554332538
Boeing,2026-07-27,2026-07-26,0.0703405961970448
Boeing,2026-07-28,2026-07-27,0.13589077835375074
Boeing,2026-07-29,2026-07-28,0.11706853200088563
Boeing,2026-07-30,2026-07-29,0.13679216667508787
Boeing,2026-07-31,2026-07-30,0.15663288634918127
Boeing,2026-08-01,2026-07-31,0.15293699287378593
Boeing,2026-08-02,2026-08-01,0.07623958787348917
Boeing,2026-08-03,2026-08-02,0.0890061621680237
Boeing,2026-08-04,2026-08-03,0.13881258721371492
Boeing,2026-08-05,2026-08-04,0.0983800562448629
Boeing,2026-08-06,2026-08-05,0.09262637490566072
Boeing,2026-08-07,2026-08-06,0.1137608802545611
Boeing,2026-08-08,2026-08-07,0.09302580831340601
Boeing,2026-08-09,2026-08-08,0.08748093314578875
Boeing,2026-08-10,2026-08-09,0.11902736340377507
Boeing,2026-08-11,2026-08-10,0.08322554086485356
Boeing,2026-08-12,2026-08-11,0.09331493351117714
Boeing,2026-08-13,2026-08-12,0.11980797745096305
Boeing,2026-08-14,2026-08-13,0.10402663303106607
Boeing,2026-08-15,2026-08-14,0.0827870032097201
Boeing,2026-08-16,2026-08-15,0.07537614810061344
Boeing,2026-08-17,2026-08-16,0.09541837686248289
Boeing,2026-08-18,2026-08-17,0.0966897668988731
Boeing,2026-08-20,2026-08-18,0.07335790011429721
Boeing,2026-08-21,2026-08-20,0.09369615762460082
Boeing,2026-08-22,2026-08-21,0.09927606458026006
Boeing,2026-08-23,2026-08-22,0.06842139967501626
Boeing,2026-08-24,2026-08-23,0.07564903192783456
Boeing,2026-08-25,2026-08-24,0.07337400994985377
Boeing,2026-08-26,2026-08-25,0.07409618874470969
Boeing,2026-08-27,2026-08-26,0.07388322527991042
Boeing,2026-08-28,2026-08-27,0.08642678416411465
Booking Holdings,2026-07-16,2026-07-15,0.16256103131397615
Booking Holdings,2026-07-17,2026-07-16,0.2241989888612781
Booking Holdings,2026-07-18,2026-07-17,0.1379578408386597
Booking Holdings,2026-07-19,2026-07-18,0.15120899890785033
Booking Holdings,2026-07-20,2026-07-19,0.26643580609360373
Booking Holdings,2026-07-21,2026-07-20,0.07554737952807233
Booking Holdings,2026-07-22,2026-07-21,0.23756300602768798
Booking Holdings,2026-07-23,2026-07-22,0.22605335265082227
Booking Holdings,2026-07-24,2026-07-23,0.07751884696489508
Booking Holdings,2026-07-25,2026-07-24,0.0781478885375344
Booking Holdings,2026-07-26,2026-07-25,0.07378996720376152
Booking Holdings,2026-07-27,2026-07-26,0.0864916342465295
Booking Holdings,2026-07-28,2026-07-27,0.096793255091571
Booking Holdings,2026-07-29,2026-07-28,0.08928518019829734
Booking Holdings,2026-07-30,2026-07-29,0.08845744445053438
Booking Holdings,2026-07-31,2026-07-30,0.08051087872677343
Booking Holdings,2026-08-01,2026-07-31,0.07115394387061225
Booking Holdings,2026-08-02,2026-08-01,0.07077382071736227
Booking Holdings,2026-08-03,2026-08-02,0.07424120604501072
Booking Holdings,2026-08-04,2026-08-03,0.08006171054364253
Booking Holdings,2026-08-05,2026-08-04,0.09616733292269508
Booking Holdings,2026-08-06,2026-08-05,0.08798829684049247
Booking Holdings,2026-08-07,2026-08-06,0.07457597020593276
Booking Holdings,2026-08-08,2026-08-07,0.07526169434833119
Booking Holdings,2026-08-09,2026-08-08,0.07441725234946983
Booking Holdings,2026-08-10,2026-08-09,0.07830467889821457
Booking Holdings,2026-08-11,2026-08-10,0.07088411712168263
Booking Holdings,2026-08-12,2026-08-11,0.07232531352016469
Booking Holdings,2026-08-13,2026-08-12,0.09806579326164766
Booking Holdings,2026-08-14,2026-08-13,0.07809484657347265
Booking Holdings,2026-08-15,2026-08-14,0.07192167259252435
Booking Holdings,2026-08-16,2026-08-15,0.07270307322273262
Booking Holdings,2026-08-17,2026-08-16,0.06876419658840183
Booking Holdings,2026-08-18,2026-08-17,0.07029334689589584
Booking Holdings,2026-08-20,2026-08-18,0.0861281614796282
Booking Holdings,2026-08-21,2026-08-20,0.07491438688493213
Booking Holdings,2026-08-22,2026-08-21,0.07743931484338207
Booking Holdings,2026-08-23,2026-08-22,0.07161035085983836
Booking Holdings,2026-08-24,2026-08-23,0.07249159721779164
Booking Holdings,2026-08-25,2026-08-24,0.07347020760931033
Booking Holdings,2026-08-26,2026-08-25,0.07920809240962312
Booking Holdings,2026-08-27,2026-08-26,0.09286439804943236
Booking Holdings,2026-08-28,2026-08-27,0.07000530680215489
Broadridge Financial Solutions,2026-07-16,2026-07-15,0.20590708941800107
Broadridge Financial Solutions,2026-07-17,2026-07-16,0.20797978176853427
Broadridge Financial Solutions,2026-07-18,2026-07-17,0.1379973844689617
Broadridge Financial Solutions,2026-07-19,2026-07-18,0.11199612993265018
Broadridge Financial Solutions,2026-07-20,2026-07-19,0.293948065852471
Broadridge Financial Solutions,2026-07-21,2026-07-20,0.08196524648015402
Broadridge Financial Solutions,2026-07-22,2026-07-21,0.30343569332793974
Broadridge Financial Solutions,2026-07-23,2026-07-22,0.2524448474154376
Broadridge Financial Solutions,2026-07-24,2026-07-23,0.06771250278018326
Broadridge Financial Solutions,2026-07-25,2026-07-24,0.06883471262447705
Broadridge Financial Solutions,2026-07-26,2026-07-25,0.06933765666116865
Broadridge Financial Solutions,2026-07-27,2026-07-26,0.08389411093758581
Broadridge Financial Solutions,2026-07-28,2026-07-27,0.07703650469370948
Broadridge Financial Solutions,2026-07-29,2026-07-28,0.07055832656680106
Broadridge Financial Solutions,2026-07-30,2026-07-29,0.08322568955634779
Broadridge Financial Solutions,2026-07-31,2026-07-30,0.09015770612707907
Broadridge Financial Solutions,2026-08-01,2026-07-31,0.08533592834405657
Broadridge Financial Solutions,2026-08-02,2026-08-01,0.07444125857322215
Broadridge Financial Solutions,2026-08-03,2026-08-02,0.0801210778844954
Broadridge Financial Solutions,2026-08-04,2026-08-03,0.11360742087262787
Broadridge Financial Solutions,2026-08-05,2026-08-04,0.08026567554060404
Broadridge Financial Solutions,2026-08-06,2026-08-05,0.0685542343851725
Broadridge Financial Solutions,2026-08-07,2026-08-06,0.0751230592386225
Broadridge Financial Solutions,2026-08-08,2026-08-07,0.06606653235933435
Broadridge Financial Solutions,2026-08-09,2026-08-08,0.07407091463498494
Broadridge Financial Solutions,2026-08-10,2026-08-09,0.06619707176538348
Broadridge Financial Solutions,2026-08-11,2026-08-10,0.07004221715658088
Broadridge Financial Solutions,2026-08-12,2026-08-11,0.11093189154104033
Broadridge Financial Solutions,2026-08-13,2026-08-12,0.10475252458584605
Broadridge Financial Solutions,2026-08-14,2026-08-13,0.06748460121690736
Broadridge Financial Solutions,2026-08-15,2026-08-14,0.08061693834368377
Broadridge Financial Solutions,2026-08-16,2026-08-15,0.08586739712013725
Broadridge Financial Solutions,2026-08-17,2026-08-16,0.08501609515906039
Broadridge Financial Solutions,2026-08-18,2026-08-17,0.06779893443331475
Broadridge Financial Solutions,2026-08-20,2026-08-18,0.0766652473520254
Broadridge Financial Solutions,2026-08-21,2026-08-20,0.08637043481616546
Broadridge Financial Solutions,2026-08-22,2026-08-21,0.08797979289131153
Broadridge Financial Solutions,2026-08-23,2026-08-22,0.08163890628412562
Broadridge Financial Solutions,2026-08-24,2026-08-23,0.07070169998819376
Broadridge Financial Solutions,2026-08-25,2026-08-24,0.0856693802339964
Broadridge Financial Solutions,2026-08-26,2026-08-25,0.09418201705814788
Broadridge Financial Solutions,2026-08-27,2026-08-26,0.06943178570277464
Broadridge Financial Solutions,2026-08-28,2026-08-27,0.06527538582015291
C.H. Robinson,2026-07-16,2026-07-15,0.1714115452324616
C.H. Robinson,2026-07-17,2026-07-16,0.1314821192413722
C.H. Robinson,2026-07-18,2026-07-17,0.11441774781879488
C.H. Robinson,2026-07-19,2026-07-18,0.1311241059894821
C.H. Robinson,2026-07-20,2026-07-19,0.18484478657741987
C.H. Robinson,2026-07-21,2026-07-20,0.08096676796512814
C.H. Robinson,2026-07-22,2026-07-21,0.17630487737460443
C.H. Robinson,2026-07-23,2026-07-22,0.21814485692535446
C.H. Robinson,2026-07-24,2026-07-23,0.07381963636103506
C.H. Robinson,2026-07-25,2026-07-24,0.11533901816845904
C.H. Robinson,2026-07-26,2026-07-25,0.11374861219067145
C.H. Robinson,2026-07-27,2026-07-26,0.08461502871963011
C.H. Robinson,2026-07-28,2026-07-27,0.08079686868139668
C.H. Robinson,2026-07-29,2026-07-28,0.08721175963537686
C.H. Robinson,2026-07-30,2026-07-29,0.12919112351989348
C.H. Robinson,2026-07-31,2026-07-30,0.12313756330212244
C.H. Robinson,2026-08-01,2026-07-31,0.07221103601835077
C.H. Robinson,2026-08-02,2026-08-01,0.06278393734992649
C.H. Robinson,2026-08-03,2026-08-02,0.0639026461233837
C.H. Robinson,2026-08-04,2026-08-03,0.0696555747602341
C.H. Robinson,2026-08-05,2026-08-04,0.07568667970836473
C.H. Robinson,2026-08-06,2026-08-05,0.06618040120773472
C.H. Robinson,2026-08-07,2026-08-06,0.10603600649992495
C.H. Robinson,2026-08-08,2026-08-07,0.0822121476509099
C.H. Robinson,2026-08-09,2026-08-08,0.08020479318017881
C.H. Robinson,2026-08-10,2026-08-09,0.07043281531639045
C.H. Robinson,2026-08-11,2026-08-10,0.07225234594505114
C.H. Robinson,2026-08-12,2026-08-11,0.07986170893514455
C.H. Robinson,2026-08-13,2026-08-12,0.0906429315005689
C.H. Robinson,2026-08-14,2026-08-13,0.09754284680161351
C.H. Robinson,2026-08-15,2026-08-14,0.09130548697451046
C.H. Robinson,2026-08-16,2026-08-15,0.06923113425670624
C.H. Robinson,2026-08-17,2026-08-16,0.05965390822890548
C.H. Robinson,2026-08-18,2026-08-17,0.0772819460489339
C.H. Robinson,2026-08-20,2026-08-18,0.07517105918213962
C.H. Robinson,2026-08-21,2026-08-20,0.06884373174725877
C.H. Robinson,2026-08-22,2026-08-21,0.11873528065563776
C.H. Robinson,2026-08-23,2026-08-22,0.07085463573587791
C.H. Robinson,2026-08-24,2026-08-23,0.07166332248435636
C.H. Robinson,2026-08-25,2026-08-24,0.0761068560940038
C.H. Robinson,2026-08-26,2026-08-25,0.07094804307554647
C.H. Robinson,2026-08-27,2026-08-26,0.06277668876603659
C.H. Robinson,2026-08-28,2026-08-27,0.056199346474104295
CBRE Group,2026-07-16,2026-07-15,0.12892361294048038
CBRE Group,2026-07-17,2026-07-16,0.13055597643565164
CBRE Group,2026-07-18,2026-07-17,0.2101779357263599
CBRE Group,2026-07-19,2026-07-18,0.21686312631164595
CBRE Group,2026-07-20,2026-07-19,0.2738537877832904
CBRE Group,2026-07-21,2026-07-20,0.07014359784255209
CBRE Group,2026-07-22,2026-07-21,0.27690363477476787
CBRE Group,2026-07-23,2026-07-22,0.25984082271186837
CBRE Group,2026-07-24,2026-07-23,0.06962620328788982
CBRE Group,2026-07-25,2026-07-24,0.0824489666343412
CBRE Group,2026-07-26,2026-07-25,0.06439019568132331
CBRE Group,2026-07-27,2026-07-26,0.06640741910285897
CBRE Group,2026-07-28,2026-07-27,0.0875388104002146
CBRE Group,2026-07-29,2026-07-28,0.09176455805201056
CBRE Group,2026-07-30,2026-07-29,0.1025227174694523
CBRE Group,2026-07-31,2026-07-30,0.0895414875793007
CBRE Group,2026-08-01,2026-07-31,0.0790718867825515
CBRE Group,2026-08-02,2026-08-01,0.07798316911062309
CBRE Group,2026-08-03,2026-08-02,0.09344182381005084
CBRE Group,2026-08-04,2026-08-03,0.09379908538239146
CBRE Group,2026-08-05,2026-08-04,0.060442287877916834
CBRE Group,2026-08-06,2026-08-05,0.07807515528811015
CBRE Group,2026-08-07,2026-08-06,0.07301106143604552
CBRE Group,2026-08-08,2026-08-07,0.07724130590047973
CBRE Group,2026-08-09,2026-08-08,0.06797848170890608
CBRE Group,2026-08-10,2026-08-09,0.06815749671358728
CBRE Group,2026-08-11,2026-08-10,0.06893079935765944
CBRE Group,2026-08-12,2026-08-11,0.08741508623439687
CBRE Group,2026-08-13,2026-08-12,0.07256597705297374
CBRE Group,2026-08-14,2026-08-13,0.0749405225905877
CBRE Group,2026-08-15,2026-08-14,0.07986863570857083
CBRE Group,2026-08-16,2026-08-15,0.08012475874402814
CBRE Group,2026-08-17,2026-08-16,0.08043653061248512
CBRE Group,2026-08-18,2026-08-17,0.08239615386578003
CBRE Group,2026-08-20,2026-08-18,0.07579926972056794
CBRE Group,2026-08-21,2026-08-20,0.0697822388416316
CBRE Group,2026-08-22,2026-08-21,0.06608756075574651
CBRE Group,2026-08-23,2026-08-22,0.07387350608944832
CBRE Group,2026-08-24,2026-08-23,0.07185737789984403
CBRE Group,2026-08-25,2026-08-24,0.06595433503856607
CBRE Group,2026-08-26,2026-08-25,0.06761643020548924
CBRE Group,2026-08-27,2026-08-26,0.07193742119098656
CBRE Group,2026-08-28,2026-08-27,0.07148772055496944
CVS Health,2026-07-16,2026-07-15,0.20771438572973933
CVS Health,2026-07-17,2026-07-16,0.17428260050657696
CVS Health,2026-07-18,2026-07-17,0.1654285636612487
CVS Health,2026-07-19,2026-07-18,0.13139012332600242
CVS Health,2026-07-20,2026-07-19,0.1430854776871603
CVS Health,2026-07-21,2026-07-20,0.10669289728251863
CVS Health,2026-07-22,2026-07-21,0.30446106524934047
CVS Health,2026-07-23,2026-07-22,0.3119168896502855
CVS Health,2026-07-24,2026-07-23,0.1231846268830663
CVS Health,2026-07-25,2026-07-24,0.10281253003513513
CVS Health,2026-07-26,2026-07-25,0.077335128405286
CVS Health,2026-07-27,2026-07-26,0.093396325792655
CVS Health,2026-07-28,2026-07-27,0.08615947792845824
CVS Health,2026-07-29,2026-07-28,0.1507868879978581
CVS Health,2026-07-30,2026-07-29,0.09752018958521202
CVS Health,2026-07-31,2026-07-30,0.14392977866035106
CVS Health,2026-08-01,2026-07-31,0.11733180967842827
CVS Health,2026-08-02,2026-08-01,0.0954563612045578
CVS Health,2026-08-03,2026-08-02,0.07858063582457608
CVS Health,2026-08-04,2026-08-03,0.11101239627348791
CVS Health,2026-08-05,2026-08-04,0.1440624558677892
CVS Health,2026-08-06,2026-08-05,0.15969834549412187
CVS Health,2026-08-07,2026-08-06,0.11838691941139734
CVS Health,2026-08-08,2026-08-07,0.09538784509229048
CVS Health,2026-08-09,2026-08-08,0.0970663904201885
CVS Health,2026-08-10,2026-08-09,0.13730587381071135
CVS Health,2026-08-11,2026-08-10,0.09276330895063889
CVS Health,2026-08-12,2026-08-11,0.07331278512049266
CVS Health,2026-08-13,2026-08-12,0.11676739436956463
CVS Health,2026-08-14,2026-08-13,0.11722430452973087
CVS Health,2026-08-15,2026-08-14,0.06856417815786475
CVS Health,2026-08-16,2026-08-15,0.06844126500306036
CVS Health,2026-08-17,2026-08-16,0.07698053716474518
CVS Health,2026-08-18,2026-08-17,0.07773104997583702
CVS Health,2026-08-20,2026-08-18,0.07845728787682482
CVS Health,2026-08-21,2026-08-20,0.07027488345840249
CVS Health,2026-08-22,2026-08-21,0.0969101701568923
CVS Health,2026-08-23,2026-08-22,0.06910398650948846
CVS Health,2026-08-24,2026-08-23,0.0840904017306815
CVS Health,2026-08-25,2026-08-24,0.07388345274787711
CVS Health,2026-08-26,2026-08-25,0.07211777306494327
CVS Health,2026-08-27,2026-08-26,0.06952884229866618
CVS Health,2026-08-28,2026-08-27,0.0655874363610367
Carrier Global,2026-07-16,2026-07-15,0.11550508989161634
Carrier Global,2026-07-17,2026-07-16,0.13643122564610832
Carrier Global,2026-07-18,2026-07-17,0.12744330168584783
Carrier Global,2026-07-19,2026-07-18,0.1052196687983914
Carrier Global,2026-07-20,2026-07-19,0.15122034406379636
Carrier Global,2026-07-21,2026-07-20,0.0605105309468873
Carrier Global,2026-07-22,2026-07-21,0.1697440110573033
Carrier Global,2026-07-23,2026-07-22,0.19284872285113974
Carrier Global,2026-07-24,2026-07-23,0.11008563701370344
Carrier Global,2026-07-25,2026-07-24,0.07767793214373242
Carrier Global,2026-07-26,2026-07-25,0.0713261974975361
Carrier Global,2026-07-27,2026-07-26,0.06786214862938778
Carrier Global,2026-07-28,2026-07-27,0.10305698882856007
Carrier Global,2026-07-29,2026-07-28,0.08017432510162814
Carrier Global,2026-07-30,2026-07-29,0.07831208953293178
Carrier Global,2026-07-31,2026-07-30,0.0679184223899586
Carrier Global,2026-08-01,2026-07-31,0.0673352915018377
Carrier Global,2026-08-02,2026-08-01,0.0657608318840387
Carrier Global,2026-08-03,2026-08-02,0.07000402069065248
Carrier Global,2026-08-04,2026-08-03,0.07796142268118678
Carrier Global,2026-08-05,2026-08-04,0.0652758840311446
Carrier Global,2026-08-06,2026-08-05,0.07125766512132037
Carrier Global,2026-08-07,2026-08-06,0.07477681421178883
Carrier Global,2026-08-08,2026-08-07,0.07519151721270023
Carrier Global,2026-08-09,2026-08-08,0.07054841946139045
Carrier Global,2026-08-10,2026-08-09,0.06681714335514366
Carrier Global,2026-08-11,2026-08-10,0.08486390498429264
Carrier Global,2026-08-12,2026-08-11,0.07161685347866731
Carrier Global,2026-08-13,2026-08-12,0.066784253905387
Carrier Global,2026-08-14,2026-08-13,0.05800511725446722
Carrier Global,2026-08-15,2026-08-14,0.0623663222869667
Carrier Global,2026-08-16,2026-08-15,0.06233981843898262
Carrier Global,2026-08-17,2026-08-16,0.059085915944600664
Carrier Global,2026-08-18,2026-08-17,0.06257253642458893
Carrier Global,2026-08-20,2026-08-18,0.06347531200758227
Carrier Global,2026-08-21,2026-08-20,0.06403149649046569
Carrier Global,2026-08-22,2026-08-21,0.07214755358778646
Carrier Global,2026-08-23,2026-08-22,0.055658902612684025
Carrier Global,2026-08-24,2026-08-23,0.06436166201915094
Carrier Global,2026-08-25,2026-08-24,0.065555693410137
Carrier Global,2026-08-26,2026-08-25,0.056055217362705356
Carrier Global,2026-08-27,2026-08-26,0.056759758755160594
Carrier Global,2026-08-28,2026-08-27,0.0649727949054556
Casey's,2026-07-16,2026-07-15,0.09831273139764052
Casey's,2026-07-17,2026-07-16,0.15675440003520202
Casey's,2026-07-18,2026-07-17,0.10686349740973256
Casey's,2026-07-19,2026-07-18,0.08895210647479035
Casey's,2026-07-20,2026-07-19,0.1519345304924532
Casey's,2026-07-21,2026-07-20,0.06046135646463335
Casey's,2026-07-22,2026-07-21,0.14319179680460292
Casey's,2026-07-23,2026-07-22,0.13147995960314451
Casey's,2026-07-24,2026-07-23,0.07054824851497454
Casey's,2026-07-25,2026-07-24,0.07543062337523354
Casey's,2026-07-26,2026-07-25,0.06488601517303938
Casey's,2026-07-27,2026-07-26,0.058182806646747465
Casey's,2026-07-28,2026-07-27,0.050569942751464536
Casey's,2026-07-29,2026-07-28,0.07643153516321044
Casey's,2026-07-30,2026-07-29,0.07008341605759294
Casey's,2026-07-31,2026-07-30,0.06680994165799337
Casey's,2026-08-01,2026-07-31,0.06072668824426197
Casey's,2026-08-02,2026-08-01,0.05699672695459079
Casey's,2026-08-03,2026-08-02,0.07301656467244289
Casey's,2026-08-04,2026-08-03,0.06787120305231242
Casey's,2026-08-05,2026-08-04,0.06039452081867924
Casey's,2026-08-06,2026-08-05,0.06284440929814517
Casey's,2026-08-07,2026-08-06,0.0635298326392173
Casey's,2026-08-08,2026-08-07,0.0893616265932623
Casey's,2026-08-09,2026-08-08,0.055204360969483224
Casey's,2026-08-10,2026-08-09,0.05633365379769173
Casey's,2026-08-11,2026-08-10,0.05348307018364473
Casey's,2026-08-12,2026-08-11,0.0536042390213326
Casey's,2026-08-13,2026-08-12,0.06844022010420792
Casey's,2026-08-14,2026-08-13,0.05649194687933523
Casey's,2026-08-15,2026-08-14,0.06052892313404834
Casey's,2026-08-16,2026-08-15,0.05531452974333517
Casey's,2026-08-17,2026-08-16,0.060241433797104005
Casey's,2026-08-18,2026-08-17,0.06309126106150498
Casey's,2026-08-20,2026-08-18,0.06725123509341502
Casey's,2026-08-21,2026-08-20,0.05619926424586141
Casey's,2026-08-22,2026-08-21,0.05626139844796596
Casey's,2026-08-23,2026-08-22,0.060711629253951904
Casey's,2026-08-24,2026-08-23,0.06075554256702609
Casey's,2026-08-25,2026-08-24,0.059830761880246275
Casey's,2026-08-26,2026-08-25,0.060808384075021316
Casey's,2026-08-27,2026-08-26,0.06429650882370708
Casey's,2026-08-28,2026-08-27,0.0634499647713942
Caterpillar Inc,2026-07-16,2026-07-15,0.1382120174790964
Caterpillar Inc,2026-07-17,2026-07-16,0.16848131749509865
Caterpillar Inc,2026-07-18,2026-07-17,0.19067518883339207
Caterpillar Inc,2026-07-19,2026-07-18,0.1765534494632277
Caterpillar Inc,2026-07-20,2026-07-19,0.16169825673188865
Caterpillar Inc,2026-07-21,2026-07-20,0.07894301512933788
Caterpillar Inc,2026-07-22,2026-07-21,0.232220793468346
Caterpillar Inc,2026-07-23,2026-07-22,0.23105771062925062
Caterpillar Inc,2026-07-24,2026-07-23,0.10403777465553199
Caterpillar Inc,2026-07-25,2026-07-24,0.12286312481733497
Caterpillar Inc,2026-07-26,2026-07-25,0.0742995442608061
Caterpillar Inc,2026-07-27,2026-07-26,0.10132018064662263
Caterpillar Inc,2026-07-28,2026-07-27,0.11669511017912271
Caterpillar Inc,2026-07-29,2026-07-28,0.09602197609465346
Caterpillar Inc,2026-07-30,2026-07-29,0.12598617646508536
Caterpillar Inc,2026-07-31,2026-07-30,0.07885711576363796
Caterpillar Inc,2026-08-01,2026-07-31,0.11980774227951418
Caterpillar Inc,2026-08-02,2026-08-01,0.08300554467251764
Caterpillar Inc,2026-08-03,2026-08-02,0.08673788236662594
Caterpillar Inc,2026-08-04,2026-08-03,0.129063678177622
Caterpillar Inc,2026-08-05,2026-08-04,0.1213919305671518
Caterpillar Inc,2026-08-06,2026-08-05,0.0816842448758679
Caterpillar Inc,2026-08-07,2026-08-06,0.11421585951755242
Caterpillar Inc,2026-08-08,2026-08-07,0.09923342206451002
Caterpillar Inc,2026-08-09,2026-08-08,0.10141003810774585
Caterpillar Inc,2026-08-10,2026-08-09,0.10487943771273911
Caterpillar Inc,2026-08-11,2026-08-10,0.08221843533145756
Caterpillar Inc,2026-08-12,2026-08-11,0.06812606629963103
Caterpillar Inc,2026-08-13,2026-08-12,0.11500945891874814
Caterpillar Inc,2026-08-14,2026-08-13,0.08624486204035309
Caterpillar Inc,2026-08-15,2026-08-14,0.0687520258048705
Caterpillar Inc,2026-08-16,2026-08-15,0.060871032553380444
Caterpillar Inc,2026-08-17,2026-08-16,0.06581528871248421
Caterpillar Inc,2026-08-18,2026-08-17,0.08460884303818117
Caterpillar Inc,2026-08-20,2026-08-18,0.07211100111762203
Caterpillar Inc,2026-08-21,2026-08-20,0.11658202967286824
Caterpillar Inc,2026-08-22,2026-08-21,0.17073818047800815
Caterpillar Inc,2026-08-23,2026-08-22,0.08191615239566619
Caterpillar Inc,2026-08-24,2026-08-23,0.08432572735683452
Caterpillar Inc,2026-08-25,2026-08-24,0.07406470189406822
Caterpillar Inc,2026-08-26,2026-08-25,0.11725226435804714
Caterpillar Inc,2026-08-27,2026-08-26,0.08598002642526914
Caterpillar Inc,2026-08-28,2026-08-27,0.07062531295988395
Chevron Corporation,2026-07-16,2026-07-15,0.4479258526796358
Chevron Corporation,2026-07-17,2026-07-16,0.21125356302105935
Chevron Corporation,2026-07-18,2026-07-17,0.12292910388033551
Chevron Corporation,2026-07-19,2026-07-18,0.11878742839568945
Chevron Corporation,2026-07-20,2026-07-19,0.14344817067770044
Chevron Corporation,2026-07-21,2026-07-20,0.07204917432999991
Chevron Corporation,2026-07-22,2026-07-21,0.15547610974759385
Chevron Corporation,2026-07-23,2026-07-22,0.14376813883064699
Chevron Corporation,2026-07-24,2026-07-23,0.0908576288299131
Chevron Corporation,2026-07-25,2026-07-24,0.08379818029767494
Chevron Corporation,2026-07-26,2026-07-25,0.058900389277124376
Chevron Corporation,2026-07-27,2026-07-26,0.07987830411462693
Chevron Corporation,2026-07-28,2026-07-27,0.09974870436657557
Chevron Corporation,2026-07-29,2026-07-28,0.06245718045724047
Chevron Corporation,2026-07-30,2026-07-29,0.08545119079203312
Chevron Corporation,2026-07-31,2026-07-30,0.08571157247325178
Chevron Corporation,2026-08-01,2026-07-31,0.12013479984529052
Chevron Corporation,2026-08-02,2026-08-01,0.08098699721176639
Chevron Corporation,2026-08-03,2026-08-02,0.09121202225905367
Chevron Corporation,2026-08-04,2026-08-03,0.09693434184077121
Chevron Corporation,2026-08-05,2026-08-04,0.0858005854538989
Chevron Corporation,2026-08-06,2026-08-05,0.12544801694805174
Chevron Corporation,2026-08-07,2026-08-06,0.10672650494064972
Chevron Corporation,2026-08-08,2026-08-07,0.10205333694008056
Chevron Corporation,2026-08-09,2026-08-08,0.0788244882406468
Chevron Corporation,2026-08-10,2026-08-09,0.11716702276929858
Chevron Corporation,2026-08-11,2026-08-10,0.09820282605405473
Chevron Corporation,2026-08-12,2026-08-11,0.06164277023188003
Chevron Corporation,2026-08-13,2026-08-12,0.1329615307584766
Chevron Corporation,2026-08-14,2026-08-13,0.06595011140628204
Chevron Corporation,2026-08-15,2026-08-14,0.06585435486054658
Chevron Corporation,2026-08-16,2026-08-15,0.0693150620099875
Chevron Corporation,2026-08-17,2026-08-16,0.09425123540032154
Chevron Corporation,2026-08-18,2026-08-17,0.09194518335891
Chevron Corporation,2026-08-20,2026-08-18,0.07005024748742894
Chevron Corporation,2026-08-21,2026-08-20,0.058723156093680395
Chevron Corporation,2026-08-22,2026-08-21,0.13009951295037836
Chevron Corporation,2026-08-23,2026-08-22,0.07169972848981188
Chevron Corporation,2026-08-24,2026-08-23,0.07342183397371715
Chevron Corporation,2026-08-25,2026-08-24,0.07867282755693872
Chevron Corporation,2026-08-26,2026-08-25,0.06810900457785718
Chevron Corporation,2026-08-27,2026-08-26,0.06230409185289931
Chevron Corporation,2026-08-28,2026-08-27,0.12791034031195236
Cigna,2026-07-16,2026-07-15,0.1173967631166708
Cigna,2026-07-17,2026-07-16,0.13676884276083134
Cigna,2026-07-18,2026-07-17,0.1502897445936604
Cigna,2026-07-19,2026-07-18,0.16548200014463166
Cigna,2026-07-20,2026-07-19,0.19923123694296152
Cigna,2026-07-21,2026-07-20,0.0720288324246281
Cigna,2026-07-22,2026-07-21,0.18148235362324006
Cigna,2026-07-23,2026-07-22,0.19042824575179695
Cigna,2026-07-24,2026-07-23,0.10109100184019315
Cigna,2026-07-25,2026-07-24,0.06675458910741472
Cigna,2026-07-26,2026-07-25,0.07819989008652461
Cigna,2026-07-27,2026-07-26,0.10137416902332186
Cigna,2026-07-28,2026-07-27,0.09645167398749444
Cigna,2026-07-29,2026-07-28,0.08557428084965513
Cigna,2026-07-30,2026-07-29,0.0987170320275611
Cigna,2026-07-31,2026-07-30,0.09749734814487676
Cigna,2026-08-01,2026-07-31,0.06811021230468328
Cigna,2026-08-02,2026-08-01,0.07496296637462307
Cigna,2026-08-03,2026-08-02,0.0738985118871972
Cigna,2026-08-04,2026-08-03,0.09332042337485402
Cigna,2026-08-05,2026-08-04,0.07360426944784138
Cigna,2026-08-06,2026-08-05,0.08842523046935524
Cigna,2026-08-07,2026-08-06,0.07773542642252562
Cigna,2026-08-08,2026-08-07,0.07978693435186945
Cigna,2026-08-09,2026-08-08,0.0847834073502447
Cigna,2026-08-10,2026-08-09,0.08440465468733194
Cigna,2026-08-11,2026-08-10,0.07192690173773708
Cigna,2026-08-12,2026-08-11,0.07547932153475667
Cigna,2026-08-13,2026-08-12,0.0749486931315041
Cigna,2026-08-14,2026-08-13,0.07875694557091673
Cigna,2026-08-15,2026-08-14,0.06753080102198095
Cigna,2026-08-16,2026-08-15,0.06454922426576137
Cigna,2026-08-17,2026-08-16,0.0873247516068304
Cigna,2026-08-18,2026-08-17,0.06353210493182748
Cigna,2026-08-20,2026-08-18,0.06562717958056752
Cigna,2026-08-21,2026-08-20,0.07180190081110394
Cigna,2026-08-22,2026-08-21,0.0879571752156314
Cigna,2026-08-23,2026-08-22,0.0787994785366728
Cigna,2026-08-24,2026-08-23,0.07960612754962015
Cigna,2026-08-25,2026-08-24,0.06791247840180259
Cigna,2026-08-26,2026-08-25,0.08739767452272051
Cigna,2026-08-27,2026-08-26,0.06949071830019216
Cigna,2026-08-28,2026-08-27,0.07861478296583013
Cintas,2026-07-16,2026-07-15,0.13926825486814165
Cintas,2026-07-17,2026-07-16,0.37538581978345675
Cintas,2026-07-18,2026-07-17,0.3559709799481764
Cintas,2026-07-19,2026-07-18,0.09788790332106845
Cintas,2026-07-20,2026-07-19,0.2376927277820493
Cintas,2026-07-21,2026-07-20,0.06773636109818038
Cintas,2026-07-22,2026-07-21,0.25888986735665787
Cintas,2026-07-23,2026-07-22,0.2627314468411701
Cintas,2026-07-24,2026-07-23,0.07372263176064764
Cintas,2026-07-25,2026-07-24,0.059376445627687624
Cintas,2026-07-26,2026-07-25,0.06518323605175702
Cintas,2026-07-27,2026-07-26,0.06833341129831216
Cintas,2026-07-28,2026-07-27,0.06110734213615521
Cintas,2026-07-29,2026-07-28,0.062470578240717445
Cintas,2026-07-30,2026-07-29,0.06293384395280555
Cintas,2026-07-31,2026-07-30,0.06084893926460044
Cintas,2026-08-01,2026-07-31,0.06088579600914179
Cintas,2026-08-02,2026-08-01,0.07336016617751995
Cintas,2026-08-03,2026-08-02,0.06361401890686103
Cintas,2026-08-04,2026-08-03,0.06442304465232407
Cintas,2026-08-05,2026-08-04,0.06879013991418248
Cintas,2026-08-06,2026-08-05,0.0721129256427786
Cintas,2026-08-07,2026-08-06,0.13537922970367944
Cintas,2026-08-08,2026-08-07,0.12507458104211244
Cintas,2026-08-09,2026-08-08,0.0709419441544814
Cintas,2026-08-10,2026-08-09,0.05764264595416213
Cintas,2026-08-11,2026-08-10,0.06173417750997123
Cintas,2026-08-12,2026-08-11,0.07480601297033318
Cintas,2026-08-13,2026-08-12,0.07455485709121956
Cintas,2026-08-14,2026-08-13,0.1039835328335702
Cintas,2026-08-15,2026-08-14,0.09380489953800308
Cintas,2026-08-16,2026-08-15,0.05974228103679635
Cintas,2026-08-17,2026-08-16,0.06872243071024686
Cintas,2026-08-18,2026-08-17,0.0715181340683333
Cintas,2026-08-20,2026-08-18,0.057110799071727114
Cintas,2026-08-21,2026-08-20,0.05570219403897969
Cintas,2026-08-22,2026-08-21,0.08044434867515282
Cintas,2026-08-23,2026-08-22,0.06411418645056677
Cintas,2026-08-24,2026-08-23,0.08097118867397834
Cintas,2026-08-25,2026-08-24,0.08909744276736087
Cintas,2026-08-26,2026-08-25,0.05937186138426076
Cintas,2026-08-27,2026-08-26,0.07020007059561406
Cintas,2026-08-28,2026-08-27,0.07130669916039956
Cisco,2026-07-16,2026-07-15,0.19142077871050267
Cisco,2026-07-17,2026-07-16,0.4124007059323621
Cisco,2026-07-18,2026-07-17,0.3931479333394339
Cisco,2026-07-19,2026-07-18,0.14736069771097104
Cisco,2026-07-20,2026-07-19,0.16714031468264923
Cisco,2026-07-21,2026-07-20,0.07552934741002126
Cisco,2026-07-22,2026-07-21,0.2744202914029362
Cisco,2026-07-23,2026-07-22,0.28509129254385657
Cisco,2026-07-24,2026-07-23,0.0754007042479572
Cisco,2026-07-25,2026-07-24,0.07272022628511055
Cisco,2026-07-26,2026-07-25,0.06433218627906911
Cisco,2026-07-27,2026-07-26,0.06232138765086237
Cisco,2026-07-28,2026-07-27,0.07054506475993283
Cisco,2026-07-29,2026-07-28,0.08620654737521405
Cisco,2026-07-30,2026-07-29,0.0970639181956251
Cisco,2026-07-31,2026-07-30,0.08093785001465004
Cisco,2026-08-01,2026-07-31,0.07733318011251011
Cisco,2026-08-02,2026-08-01,0.06244818444197753
Cisco,2026-08-03,2026-08-02,0.05788494247871567
Cisco,2026-08-04,2026-08-03,0.08906277316259825
Cisco,2026-08-05,2026-08-04,0.08011674256016843
Cisco,2026-08-06,2026-08-05,0.07636033914587848
Cisco,2026-08-07,2026-08-06,0.07761186046881252
Cisco,2026-08-08,2026-08-07,0.06215452743565897
Cisco,2026-08-09,2026-08-08,0.07861498748026008
Cisco,2026-08-10,2026-08-09,0.0922940358283264
Cisco,2026-08-11,2026-08-10,0.05945181521969711
Cisco,2026-08-12,2026-08-11,0.0668949300633126
Cisco,2026-08-13,2026-08-12,0.1039316468530076
Cisco,2026-08-14,2026-08-13,0.09906159205651588
Cisco,2026-08-15,2026-08-14,0.07594290410648763
Cisco,2026-08-16,2026-08-15,0.06021608548785251
Cisco,2026-08-17,2026-08-16,0.07947991877430405
Cisco,2026-08-18,2026-08-17,0.0861934489219407
Cisco,2026-08-20,2026-08-18,0.06366098981587609
Cisco,2026-08-21,2026-08-20,0.054962110088665694
Cisco,2026-08-22,2026-08-21,0.08312839700424102
Cisco,2026-08-23,2026-08-22,0.0534284808235842
Cisco,2026-08-24,2026-08-23,0.07020999585156107
Cisco,2026-08-25,2026-08-24,0.09697700667054343
Cisco,2026-08-26,2026-08-25,0.05140389093018116
Cisco,2026-08-27,2026-08-26,0.05684202441842423
Cisco,2026-08-28,2026-08-27,0.05705876350539596
CoStar Group,2026-07-16,2026-07-15,0.13905663005168656
CoStar Group,2026-07-17,2026-07-16,0.14040694662922504
CoStar Group,2026-07-18,2026-07-17,0.1092571848971321
CoStar Group,2026-07-19,2026-07-18,0.10539160589146157
CoStar Group,2026-07-20,2026-07-19,0.14055202605806016
CoStar Group,2026-07-21,2026-07-20,0.08594712604508081
CoStar Group,2026-07-22,2026-07-21,0.3090238170210302
CoStar Group,2026-07-23,2026-07-22,0.2821103464883261
CoStar Group,2026-07-24,2026-07-23,0.07615254182668552
CoStar Group,2026-07-25,2026-07-24,0.06788204428950806
CoStar Group,2026-07-26,2026-07-25,0.062449794283005344
CoStar Group,2026-07-27,2026-07-26,0.06982305389833143
CoStar Group,2026-07-28,2026-07-27,0.07480733206402423
CoStar Group,2026-07-29,2026-07-28,0.09762641815682616
CoStar Group,2026-07-30,2026-07-29,0.08530728538611243
CoStar Group,2026-07-31,2026-07-30,0.06699618098178795
CoStar Group,2026-08-01,2026-07-31,0.06712150890632329
CoStar Group,2026-08-02,2026-08-01,0.07395512861118902
CoStar Group,2026-08-03,2026-08-02,0.06997972721339518
CoStar Group,2026-08-04,2026-08-03,0.06353474475971133
CoStar Group,2026-08-05,2026-08-04,0.05933715694814057
CoStar Group,2026-08-06,2026-08-05,0.06813269569523217
CoStar Group,2026-08-07,2026-08-06,0.07293891725810964
CoStar Group,2026-08-08,2026-08-07,0.06504091290631309
CoStar Group,2026-08-09,2026-08-08,0.06919078735648121
CoStar Group,2026-08-10,2026-08-09,0.07521435944921606
CoStar Group,2026-08-11,2026-08-10,0.06351789061509217
CoStar Group,2026-08-12,2026-08-11,0.06898363922406281
CoStar Group,2026-08-13,2026-08-12,0.07446133888203288
CoStar Group,2026-08-14,2026-08-13,0.07051464574850441
CoStar Group,2026-08-15,2026-08-14,0.06558241284541733
CoStar Group,2026-08-16,2026-08-15,0.0675034128650287
CoStar Group,2026-08-17,2026-08-16,0.06474779484003101
CoStar Group,2026-08-18,2026-08-17,0.07521640451239064
CoStar Group,2026-08-20,2026-08-18,0.07363070074344502
CoStar Group,2026-08-21,2026-08-20,0.07737559637108149
CoStar Group,2026-08-22,2026-08-21,0.12200552200459569
CoStar Group,2026-08-23,2026-08-22,0.06611975121620217
CoStar Group,2026-08-24,2026-08-23,0.06496165842934587
CoStar Group,2026-08-25,2026-08-24,0.06362313777478734
CoStar Group,2026-08-26,2026-08-25,0.0654879787734759
CoStar Group,2026-08-27,2026-08-26,0.06274006009745259
CoStar Group,2026-08-28,2026-08-27,0.0603663735486597
Coca-Cola Company (The),2026-07-16,2026-07-15,0.15174227442531574
Coca-Cola Company (The),2026-07-17,2026-07-16,0.12299112177708971
Coca-Cola Company (The),2026-07-18,2026-07-17,0.11108230361862415
Coca-Cola Company (The),2026-07-19,2026-07-18,0.10027936753324096
Coca-Cola Company (The),2026-07-20,2026-07-19,0.17507114025808934
Coca-Cola Company (The),2026-07-21,2026-07-20,0.10178249394168404
Coca-Cola Company (The),2026-07-22,2026-07-21,0.19295738044203048
Coca-Cola Company (The),2026-07-23,2026-07-22,0.16638577450028091
Coca-Cola Company (The),2026-07-24,2026-07-23,0.06797061033509577
Coca-Cola Company (The),2026-07-25,2026-07-24,0.06737200747502048
Coca-Cola Company (The),2026-07-26,2026-07-25,0.058381986081257
Coca-Cola Company (The),2026-07-27,2026-07-26,0.06456665934206318
Coca-Cola Company (The),2026-07-28,2026-07-27,0.07489557634270683
Coca-Cola Company (The),2026-07-29,2026-07-28,0.06791924556365403
Coca-Cola Company (The),2026-07-30,2026-07-29,0.08961531733641015
Coca-Cola Company (The),2026-07-31,2026-07-30,0.0939492836567758
Coca-Cola Company (The),2026-08-01,2026-07-31,0.0961136573992376
Coca-Cola Company (The),2026-08-02,2026-08-01,0.05840891263803405
Coca-Cola Company (The),2026-08-03,2026-08-02,0.05963705434814215
Coca-Cola Company (The),2026-08-04,2026-08-03,0.08796591092485573
Coca-Cola Company (The),2026-08-05,2026-08-04,0.08487265630245355
Coca-Cola Company (The),2026-08-06,2026-08-05,0.0990748500171319
Coca-Cola Company (The),2026-08-07,2026-08-06,0.07775114042670661
Coca-Cola Company (The),2026-08-08,2026-08-07,0.09459054613641327
Coca-Cola Company (The),2026-08-09,2026-08-08,0.06735254101098764
Coca-Cola Company (The),2026-08-10,2026-08-09,0.07032090530676294
Coca-Cola Company (The),2026-08-11,2026-08-10,0.06179422572741078
Coca-Cola Company (The),2026-08-12,2026-08-11,0.06093308740863235
Coca-Cola Company (The),2026-08-13,2026-08-12,0.0837403742280941
Coca-Cola Company (The),2026-08-14,2026-08-13,0.08639799577890706
Coca-Cola Company (The),2026-08-15,2026-08-14,0.05744042668857918
Coca-Cola Company (The),2026-08-16,2026-08-15,0.06442185429571812
Coca-Cola Company (The),2026-08-17,2026-08-16,0.056846717441907946
Coca-Cola Company (The),2026-08-18,2026-08-17,0.06629536404694736
Coca-Cola Company (The),2026-08-20,2026-08-18,0.0700020529065003
Coca-Cola Company (The),2026-08-21,2026-08-20,0.07198171224697159
Coca-Cola Company (The),2026-08-22,2026-08-21,0.06556208578947287
Coca-Cola Company (The),2026-08-23,2026-08-22,0.07232529034423885
Coca-Cola Company (The),2026-08-24,2026-08-23,0.06451831831143195
Coca-Cola Company (The),2026-08-25,2026-08-24,0.06091420093362232
Coca-Cola Company (The),2026-08-26,2026-08-25,0.06426352342045305
Coca-Cola Company (The),2026-08-27,2026-08-26,0.056463814600693385
Coca-Cola Company (The),2026-08-28,2026-08-27,0.06683941865060128
Cognizant,2026-07-16,2026-07-15,0.20383566425567157
Cognizant,2026-07-17,2026-07-16,0.18181845765393112
Cognizant,2026-07-18,2026-07-17,0.12323219735873236
Cognizant,2026-07-19,2026-07-18,0.11691988854909185
Cognizant,2026-07-20,2026-07-19,0.24288459740765356
Cognizant,2026-07-21,2026-07-20,0.0705845764120645
Cognizant,2026-07-22,2026-07-21,0.1886897700289285
Cognizant,2026-07-23,2026-07-22,0.20142662126142985
Cognizant,2026-07-24,2026-07-23,0.08717157872108128
Cognizant,2026-07-25,2026-07-24,0.08829841857325271
Cognizant,2026-07-26,2026-07-25,0.07410057676637427
Cognizant,2026-07-27,2026-07-26,0.07914041812301753
Cognizant,2026-07-28,2026-07-27,0.10045777217538854
Cognizant,2026-07-29,2026-07-28,0.08401724404457389
Cognizant,2026-07-30,2026-07-29,0.08420564072547465
Cognizant,2026-07-31,2026-07-30,0.08500398962680678
Cognizant,2026-08-01,2026-07-31,0.08093826340201682
Cognizant,2026-08-02,2026-08-01,0.07479056019223285
Cognizant,2026-08-03,2026-08-02,0.07493946133127427
Cognizant,2026-08-04,2026-08-03,0.07583631483895592
Cognizant,2026-08-05,2026-08-04,0.06499597439713967
Cognizant,2026-08-06,2026-08-05,0.07478388254776325
Cognizant,2026-08-07,2026-08-06,0.09130911489259819
Cognizant,2026-08-08,2026-08-07,0.0783152651918928
Cognizant,2026-08-09,2026-08-08,0.0773883074144841
Cognizant,2026-08-10,2026-08-09,0.07374641179279617
Cognizant,2026-08-11,2026-08-10,0.06677324708572496
Cognizant,2026-08-12,2026-08-11,0.06415418978480347
Cognizant,2026-08-13,2026-08-12,0.0679374987578023
Cognizant,2026-08-14,2026-08-13,0.07944378012540321
Cognizant,2026-08-15,2026-08-14,0.0646359300011955
Cognizant,2026-08-16,2026-08-15,0.07043308376263802
Cognizant,2026-08-17,2026-08-16,0.0703983281537961
Cognizant,2026-08-18,2026-08-17,0.06475264485078092
Cognizant,2026-08-20,2026-08-18,0.07308260855701154
Cognizant,2026-08-21,2026-08-20,0.07302385263486644
Cognizant,2026-08-22,2026-08-21,0.09314254570469227
Cognizant,2026-08-23,2026-08-22,0.07498780283578144
Cognizant,2026-08-24,2026-08-23,0.06540742874339256
Cognizant,2026-08-25,2026-08-24,0.062067080086918414
Cognizant,2026-08-26,2026-08-25,0.07017976457044006
Cognizant,2026-08-27,2026-08-26,0.07372987923642116
Cognizant,2026-08-28,2026-08-27,0.06254271257457766
Colgate-Palmolive,2026-07-16,2026-07-15,0.16236273926657474
Colgate-Palmolive,2026-07-17,2026-07-16,0.1526547625655046
Colgate-Palmolive,2026-07-18,2026-07-17,0.1288375083512503
Colgate-Palmolive,2026-07-19,2026-07-18,0.14302873345576894
Colgate-Palmolive,2026-07-20,2026-07-19,0.20987658862982206
Colgate-Palmolive,2026-07-21,2026-07-20,0.08124622877083354
Colgate-Palmolive,2026-07-22,2026-07-21,0.21444088842478637
Colgate-Palmolive,2026-07-23,2026-07-22,0.2386158533575803
Colgate-Palmolive,2026-07-24,2026-07-23,0.0957781059694901
Colgate-Palmolive,2026-07-25,2026-07-24,0.08795354264261857
Colgate-Palmolive,2026-07-26,2026-07-25,0.0841319097333576
Colgate-Palmolive,2026-07-27,2026-07-26,0.07623510569960257
Colgate-Palmolive,2026-07-28,2026-07-27,0.07757177359260081
Colgate-Palmolive,2026-07-29,2026-07-28,0.07677357196763479
Colgate-Palmolive,2026-07-30,2026-07-29,0.0809208678723482
Colgate-Palmolive,2026-07-31,2026-07-30,0.08306809575045804
Colgate-Palmolive,2026-08-01,2026-07-31,0.09932480949931166
Colgate-Palmolive,2026-08-02,2026-08-01,0.07562767981457674
Colgate-Palmolive,2026-08-03,2026-08-02,0.06136010452631002
Colgate-Palmolive,2026-08-04,2026-08-03,0.07691233407832432
Colgate-Palmolive,2026-08-05,2026-08-04,0.08357116908447193
Colgate-Palmolive,2026-08-06,2026-08-05,0.07715127322649806
Colgate-Palmolive,2026-08-07,2026-08-06,0.07695527815699676
Colgate-Palmolive,2026-08-08,2026-08-07,0.0708230450520777
Colgate-Palmolive,2026-08-09,2026-08-08,0.07932966027483812
Colgate-Palmolive,2026-08-10,2026-08-09,0.10059503781047541
Colgate-Palmolive,2026-08-11,2026-08-10,0.07810218510453426
Colgate-Palmolive,2026-08-12,2026-08-11,0.09057386019840452
Colgate-Palmolive,2026-08-13,2026-08-12,0.09420161508988334
Colgate-Palmolive,2026-08-14,2026-08-13,0.0886845646057366
Colgate-Palmolive,2026-08-15,2026-08-14,0.0790533509227429
Colgate-Palmolive,2026-08-16,2026-08-15,0.08149424071372724
Colgate-Palmolive,2026-08-17,2026-08-16,0.09640482422928631
Colgate-Palmolive,2026-08-18,2026-08-17,0.09409833288251868
Colgate-Palmolive,2026-08-20,2026-08-18,0.07356526091491189
Colgate-Palmolive,2026-08-21,2026-08-20,0.07444839073194442
Colgate-Palmolive,2026-08-22,2026-08-21,0.1299237033859344
Colgate-Palmolive,2026-08-23,2026-08-22,0.08231021725916998
Colgate-Palmolive,2026-08-24,2026-08-23,0.07155079569898515
Colgate-Palmolive,2026-08-25,2026-08-24,0.07197173321230643
Colgate-Palmolive,2026-08-26,2026-08-25,0.07303054508116957
Colgate-Palmolive,2026-08-27,2026-08-26,0.07268762462261069
Colgate-Palmolive,2026-08-28,2026-08-27,0.07065918336614041
ConocoPhillips,2026-07-16,2026-07-15,0.20005391070073075
ConocoPhillips,2026-07-17,2026-07-16,0.13126954858971507
ConocoPhillips,2026-07-18,2026-07-17,0.16977165019518559
ConocoPhillips,2026-07-19,2026-07-18,0.18231081436104968
ConocoPhillips,2026-07-20,2026-07-19,0.22190433870637316
ConocoPhillips,2026-07-21,2026-07-20,0.07722969606929309
ConocoPhillips,2026-07-22,2026-07-21,0.2252495484894621
ConocoPhillips,2026-07-23,2026-07-22,0.22392211991094013
ConocoPhillips,2026-07-24,2026-07-23,0.0668316583122146
ConocoPhillips,2026-07-25,2026-07-24,0.06058504940658971
ConocoPhillips,2026-07-26,2026-07-25,0.06535858687970908
ConocoPhillips,2026-07-27,2026-07-26,0.08856435634479864
ConocoPhillips,2026-07-28,2026-07-27,0.08311553865677834
ConocoPhillips,2026-07-29,2026-07-28,0.06714425066804597
ConocoPhillips,2026-07-30,2026-07-29,0.07634252110987216
ConocoPhillips,2026-07-31,2026-07-30,0.07617795363714464
ConocoPhillips,2026-08-01,2026-07-31,0.06655557127925893
ConocoPhillips,2026-08-02,2026-08-01,0.06796900658094451
ConocoPhillips,2026-08-03,2026-08-02,0.07462730911266924
ConocoPhillips,2026-08-04,2026-08-03,0.08294865092700465
ConocoPhillips,2026-08-05,2026-08-04,0.09431662384624862
ConocoPhillips,2026-08-06,2026-08-05,0.09435886791975356
ConocoPhillips,2026-08-07,2026-08-06,0.07405175628418403
ConocoPhillips,2026-08-08,2026-08-07,0.06823426691341594
ConocoPhillips,2026-08-09,2026-08-08,0.06650121546412235
ConocoPhillips,2026-08-10,2026-08-09,0.0826269635059188
ConocoPhillips,2026-08-11,2026-08-10,0.07316207559518739
ConocoPhillips,2026-08-12,2026-08-11,0.07426523192486434
ConocoPhillips,2026-08-13,2026-08-12,0.09064112475022079
ConocoPhillips,2026-08-14,2026-08-13,0.07591420155002304
ConocoPhillips,2026-08-15,2026-08-14,0.0747173228217256
ConocoPhillips,2026-08-16,2026-08-15,0.07209357598265309
ConocoPhillips,2026-08-17,2026-08-16,0.08226137152130863
ConocoPhillips,2026-08-18,2026-08-17,0.08755294995279361
ConocoPhillips,2026-08-20,2026-08-18,0.07182791880652395
ConocoPhillips,2026-08-21,2026-08-20,0.08369149134915299
ConocoPhillips,2026-08-22,2026-08-21,0.09694660993960669
ConocoPhillips,2026-08-23,2026-08-22,0.07141798247255804
ConocoPhillips,2026-08-24,2026-08-23,0.06659832914103703
ConocoPhillips,2026-08-25,2026-08-24,0.07719198188239151
ConocoPhillips,2026-08-26,2026-08-25,0.07304370093641188
ConocoPhillips,2026-08-27,2026-08-26,0.06869550898494103
ConocoPhillips,2026-08-28,2026-08-27,0.07952227962894987
Consolidated Edison,2026-07-16,2026-07-15,0.3131059744370691
Consolidated Edison,2026-07-17,2026-07-16,0.3527330107320773
Consolidated Edison,2026-07-18,2026-07-17,0.21022200703187222
Consolidated Edison,2026-07-19,2026-07-18,0.1475533826731691
Consolidated Edison,2026-07-20,2026-07-19,0.18542823453632984
Consolidated Edison,2026-07-21,2026-07-20,0.0699167057564668
Consolidated Edison,2026-07-22,2026-07-21,0.1297067365368253
Consolidated Edison,2026-07-23,2026-07-22,0.12608801310753281
Consolidated Edison,2026-07-24,2026-07-23,0.0780315534428978
Consolidated Edison,2026-07-25,2026-07-24,0.07241543033937203
Consolidated Edison,2026-07-26,2026-07-25,0.07717891518244857
Consolidated Edison,2026-07-27,2026-07-26,0.09315703026095723
Consolidated Edison,2026-07-28,2026-07-27,0.09519236535095821
Consolidated Edison,2026-07-29,2026-07-28,0.08010413612483258
Consolidated Edison,2026-07-30,2026-07-29,0.0786571271692934
Consolidated Edison,2026-07-31,2026-07-30,0.08683114716161433
Consolidated Edison,2026-08-01,2026-07-31,0.08110927518429867
Consolidated Edison,2026-08-02,2026-08-01,0.10077991594626534
Consolidated Edison,2026-08-03,2026-08-02,0.08895015692165398
Consolidated Edison,2026-08-04,2026-08-03,0.08837631790246181
Consolidated Edison,2026-08-05,2026-08-04,0.09359936842444594
Consolidated Edison,2026-08-06,2026-08-05,0.09038079623063822
Consolidated Edison,2026-08-07,2026-08-06,0.11595153552102422
Consolidated Edison,2026-08-08,2026-08-07,0.0662121578739927
Consolidated Edison,2026-08-09,2026-08-08,0.06708715232458828
Consolidated Edison,2026-08-10,2026-08-09,0.0678131857556089
Consolidated Edison,2026-08-11,2026-08-10,0.07803871977409904
Consolidated Edison,2026-08-12,2026-08-11,0.07295284899138332
Consolidated Edison,2026-08-13,2026-08-12,0.11559275451886653
Consolidated Edison,2026-08-14,2026-08-13,0.06495639692670185
Consolidated Edison,2026-08-15,2026-08-14,0.08585437377104699
Consolidated Edison,2026-08-16,2026-08-15,0.06862789437794758
Consolidated Edison,2026-08-17,2026-08-16,0.06879218080343852
Consolidated Edison,2026-08-18,2026-08-17,0.08504336102344856
Consolidated Edison,2026-08-20,2026-08-18,0.1446169810408242
Consolidated Edison,2026-08-21,2026-08-20,0.08378224017639169
Consolidated Edison,2026-08-22,2026-08-21,0.08604286351225343
Consolidated Edison,2026-08-23,2026-08-22,0.07517393487436952
Consolidated Edison,2026-08-24,2026-08-23,0.07804751011081668
Consolidated Edison,2026-08-25,2026-08-24,0.07079438948726402
Consolidated Edison,2026-08-26,2026-08-25,0.07257368206189052
Consolidated Edison,2026-08-27,2026-08-26,0.07232467253641905
Consolidated Edison,2026-08-28,2026-08-27,0.07491479557897263
Constellation Energy,2026-07-16,2026-07-15,0.15244055696401893
Constellation Energy,2026-07-17,2026-07-16,0.08886060446866562
Constellation Energy,2026-07-18,2026-07-17,0.11648716213998433
Constellation Energy,2026-07-19,2026-07-18,0.11862082501978244
Constellation Energy,2026-07-20,2026-07-19,0.09824289208458892
Constellation Energy,2026-07-21,2026-07-20,0.06880382924273776
Constellation Energy,2026-07-22,2026-07-21,0.19440092681586862
Constellation Energy,2026-07-23,2026-07-22,0.17362068995909885
Constellation Energy,2026-07-24,2026-07-23,0.07080560377644507
Constellation Energy,2026-07-25,2026-07-24,0.06177170641269991
Constellation Energy,2026-07-26,2026-07-25,0.06498006000412382
Constellation Energy,2026-07-27,2026-07-26,0.0732788468196115
Constellation Energy,2026-07-28,2026-07-27,0.06685355591265585
Constellation Energy,2026-07-29,2026-07-28,0.06425977284619988
Constellation Energy,2026-07-30,2026-07-29,0.05979304182474687
Constellation Energy,2026-07-31,2026-07-30,0.06229802215035485
Constellation Energy,2026-08-01,2026-07-31,0.05755144674602053
Constellation Energy,2026-08-02,2026-08-01,0.05552804196944261
Constellation Energy,2026-08-03,2026-08-02,0.0654663772973122
Constellation Energy,2026-08-04,2026-08-03,0.06596506373707145
Constellation Energy,2026-08-05,2026-08-04,0.061412877184242265
Constellation Energy,2026-08-06,2026-08-05,0.07527308981350178
Constellation Energy,2026-08-07,2026-08-06,0.07301331430447522
Constellation Energy,2026-08-08,2026-08-07,0.06166839567740512
Constellation Energy,2026-08-09,2026-08-08,0.06272625818036437
Constellation Energy,2026-08-10,2026-08-09,0.06437311135004542
Constellation Energy,2026-08-11,2026-08-10,0.076049743925932
Constellation Energy,2026-08-12,2026-08-11,0.05511760057438553
Constellation Energy,2026-08-13,2026-08-12,0.0735741262766384
Constellation Energy,2026-08-14,2026-08-13,0.06743075913773344
Constellation Energy,2026-08-15,2026-08-14,0.06371292549893615
Constellation Energy,2026-08-16,2026-08-15,0.062284571349187856
Constellation Energy,2026-08-17,2026-08-16,0.05816433251712727
Constellation Energy,2026-08-18,2026-08-17,0.06108162769666858
Constellation Energy,2026-08-20,2026-08-18,0.0682124033937016
Constellation Energy,2026-08-21,2026-08-20,0.07270094452841214
Constellation Energy,2026-08-22,2026-08-21,0.07117890698928808
Constellation Energy,2026-08-23,2026-08-22,0.05791813448435135
Constellation Energy,2026-08-24,2026-08-23,0.07335589952358101
Constellation Energy,2026-08-25,2026-08-24,0.068456253388537
Constellation Energy,2026-08-26,2026-08-25,0.05975287120673989
Constellation Energy,2026-08-27,2026-08-26,0.07065164885114228
Constellation Energy,2026-08-28,2026-08-27,0.07349752516778563
Cooper Companies (The),2026-07-16,2026-07-15,0.13993174523787
Cooper Companies (The),2026-07-17,2026-07-16,0.18170888146891762
Cooper Companies (The),2026-07-18,2026-07-17,0.11549587550634977
Cooper Companies (The),2026-07-19,2026-07-18,0.1306079636132682
Cooper Companies (The),2026-07-20,2026-07-19,0.14629456849954714
Cooper Companies (The),2026-07-21,2026-07-20,0.0616158635715327
Cooper Companies (The),2026-07-22,2026-07-21,0.15135596283626196
Cooper Companies (The),2026-07-23,2026-07-22,0.17541045085543727
Cooper Companies (The),2026-07-24,2026-07-23,0.07419413258937257
Cooper Companies (The),2026-07-25,2026-07-24,0.06928711982044755
Cooper Companies (The),2026-07-26,2026-07-25,0.06456167152864312
Cooper Companies (The),2026-07-27,2026-07-26,0.06183587245924205
Cooper Companies (The),2026-07-28,2026-07-27,0.07282146603245143
Cooper Companies (The),2026-07-29,2026-07-28,0.07686866034495343
Cooper Companies (The),2026-07-30,2026-07-29,0.07101234160321923
Cooper Companies (The),2026-07-31,2026-07-30,0.07075847740636299
Cooper Companies (The),2026-08-01,2026-07-31,0.06951364069387067
Cooper Companies (The),2026-08-02,2026-08-01,0.08271703149685317
Cooper Companies (The),2026-08-03,2026-08-02,0.08378298925351224
Cooper Companies (The),2026-08-04,2026-08-03,0.06923736804680036
Cooper Companies (The),2026-08-05,2026-08-04,0.06623629744232906
Cooper Companies (The),2026-08-06,2026-08-05,0.052375019092732344
Cooper Companies (The),2026-08-07,2026-08-06,0.06660375082513825
Cooper Companies (The),2026-08-08,2026-08-07,0.0639098117181196
Cooper Companies (The),2026-08-09,2026-08-08,0.06377832010401896
Cooper Companies (The),2026-08-10,2026-08-09,0.06812841382263546
Cooper Companies (The),2026-08-11,2026-08-10,0.06619650240503316
Cooper Companies (The),2026-08-12,2026-08-11,0.06571289192154262
Cooper Companies (The),2026-08-13,2026-08-12,0.09226838891265143
Cooper Companies (The),2026-08-14,2026-08-13,0.07656941816056517
Cooper Companies (The),2026-08-15,2026-08-14,0.0676789589011032
Cooper Companies (The),2026-08-16,2026-08-15,0.07714783970894479
Cooper Companies (The),2026-08-17,2026-08-16,0.0698498327588607
Cooper Companies (The),2026-08-18,2026-08-17,0.06753837654454853
Cooper Companies (The),2026-08-20,2026-08-18,0.06660611164151808
Cooper Companies (The),2026-08-21,2026-08-20,0.07599611327063993
Cooper Companies (The),2026-08-22,2026-08-21,0.07893034654163167
Cooper Companies (The),2026-08-23,2026-08-22,0.06799316497833507
Cooper Companies (The),2026-08-24,2026-08-23,0.06886223380469869
Cooper Companies (The),2026-08-25,2026-08-24,0.0760933260320007
Cooper Companies (The),2026-08-26,2026-08-25,0.07516262364320725
Cooper Companies (The),2026-08-27,2026-08-26,0.06816882844958794
Cooper Companies (The),2026-08-28,2026-08-27,0.06615826277524672
Corteva,2026-07-16,2026-07-15,0.1880137724994726
Corteva,2026-07-17,2026-07-16,0.16029713724526917
Corteva,2026-07-18,2026-07-17,0.16438313757234047
Corteva,2026-07-19,2026-07-18,0.1256954612827209
Corteva,2026-07-20,2026-07-19,0.18167270762531962
Corteva,2026-07-21,2026-07-20,0.07329684787893775
Corteva,2026-07-22,2026-07-21,0.18172333520797213
Corteva,2026-07-23,2026-07-22,0.16439082615424339
Corteva,2026-07-24,2026-07-23,0.08770194681522903
Corteva,2026-07-25,2026-07-24,0.11573842532094636
Corteva,2026-07-26,2026-07-25,0.08820779872601348
Corteva,2026-07-27,2026-07-26,0.07514805386512025
Corteva,2026-07-28,2026-07-27,0.08014811151501722
Corteva,2026-07-29,2026-07-28,0.0749395594995097
Corteva,2026-07-30,2026-07-29,0.09918192931108305
Corteva,2026-07-31,2026-07-30,0.08005994852473097
Corteva,2026-08-01,2026-07-31,0.09190178304136176
Corteva,2026-08-02,2026-08-01,0.0937918804532819
Corteva,2026-08-03,2026-08-02,0.0906848472299282
Corteva,2026-08-04,2026-08-03,0.0899093331300902
Corteva,2026-08-05,2026-08-04,0.0745750566968042
Corteva,2026-08-06,2026-08-05,0.07699606942396897
Corteva,2026-08-07,2026-08-06,0.08828148622353382
Corteva,2026-08-08,2026-08-07,0.1080887846692733
Corteva,2026-08-09,2026-08-08,0.07501452270380626
Corteva,2026-08-10,2026-08-09,0.07434430671343217
Corteva,2026-08-11,2026-08-10,0.07080079713203125
Corteva,2026-08-12,2026-08-11,0.07076683222396873
Corteva,2026-08-13,2026-08-12,0.08858992966021129
Corteva,2026-08-14,2026-08-13,0.06690068652663994
Corteva,2026-08-15,2026-08-14,0.06754531836492395
Corteva,2026-08-16,2026-08-15,0.07620301083106817
Corteva,2026-08-17,2026-08-16,0.06673339040575776
Corteva,2026-08-18,2026-08-17,0.0680694130589633
Corteva,2026-08-20,2026-08-18,0.10377527251761076
Corteva,2026-08-21,2026-08-20,0.0816814674589671
Corteva,2026-08-22,2026-08-21,0.08987630187813034
Corteva,2026-08-23,2026-08-22,0.08601938281912369
Corteva,2026-08-24,2026-08-23,0.06691261480270438
Corteva,2026-08-25,2026-08-24,0.07220176987315796
Corteva,2026-08-26,2026-08-25,0.07182649658493911
Corteva,2026-08-27,2026-08-26,0.0637826513094184
Corteva,2026-08-28,2026-08-27,0.07159068322820972
Costco,2026-07-16,2026-07-15,0.18953526179360058
Costco,2026-07-17,2026-07-16,0.14720159164369861
Costco,2026-07-18,2026-07-17,0.14225931210025844
Costco,2026-07-19,2026-07-18,0.21146743594432038
Costco,2026-07-20,2026-07-19,0.16105126212867926
Costco,2026-07-21,2026-07-20,0.07420525477549378
Costco,2026-07-22,2026-07-21,0.20942315247942944
Costco,2026-07-23,2026-07-22,0.20214738924963183
Costco,2026-07-24,2026-07-23,0.07425290931268314
Costco,2026-07-25,2026-07-24,0.07619246406112579
Costco,2026-07-26,2026-07-25,0.0732670017519268
Costco,2026-07-27,2026-07-26,0.06959575492047287
Costco,2026-07-28,2026-07-27,0.07856849693440515
Costco,2026-07-29,2026-07-28,0.07316812432283437
Costco,2026-07-30,2026-07-29,0.06596789443400619
Costco,2026-07-31,2026-07-30,0.07365637908611089
Costco,2026-08-01,2026-07-31,0.10648377986562507
Costco,2026-08-02,2026-08-01,0.08119748311544617
Costco,2026-08-03,2026-08-02,0.07593193504898954
Costco,2026-08-04,2026-08-03,0.08928866788146861
Costco,2026-08-05,2026-08-04,0.07108999030451346
Costco,2026-08-06,2026-08-05,0.08873665369278683
Costco,2026-08-07,2026-08-06,0.06949255692472789
Costco,2026-08-08,2026-08-07,0.06155745610945096
Costco,2026-08-09,2026-08-08,0.05928533540928638
Costco,2026-08-10,2026-08-09,0.06835383778182125
Costco,2026-08-11,2026-08-10,0.0611251817538514
Costco,2026-08-12,2026-08-11,0.05061209530481814
Costco,2026-08-13,2026-08-12,0.06556064120711003
Costco,2026-08-14,2026-08-13,0.08663396884418695
Costco,2026-08-15,2026-08-14,0.05906718171684322
Costco,2026-08-16,2026-08-15,0.07113438382767201
Costco,2026-08-17,2026-08-16,0.06951685643965833
Costco,2026-08-18,2026-08-17,0.0691089523331464
Costco,2026-08-20,2026-08-18,0.0632113761556432
Costco,2026-08-21,2026-08-20,0.06873241310898659
Costco,2026-08-22,2026-08-21,0.06036902015591261
Costco,2026-08-23,2026-08-22,0.06351895252626072
Costco,2026-08-24,2026-08-23,0.05404480441725068
Costco,2026-08-25,2026-08-24,0.05550345222665942
Costco,2026-08-26,2026-08-25,0.05721229729065391
Costco,2026-08-27,2026-08-26,0.056728128768952946
Costco,2026-08-28,2026-08-27,0.05534527480272222
DaVita,2026-07-16,2026-07-15,0.15586306578147424
DaVita,2026-07-17,2026-07-16,0.22191696602483246
DaVita,2026-07-18,2026-07-17,0.2047174692555146
DaVita,2026-07-19,2026-07-18,0.13697966320940536
DaVita,2026-07-20,2026-07-19,0.15599221905954308
DaVita,2026-07-21,2026-07-20,0.060783704292273644
DaVita,2026-07-22,2026-07-21,0.15206417842613584
DaVita,2026-07-23,2026-07-22,0.1412638378473765
DaVita,2026-07-24,2026-07-23,0.06019170326484957
DaVita,2026-07-25,2026-07-24,0.08432946749646741
DaVita,2026-07-26,2026-07-25,0.06661209681039193
DaVita,2026-07-27,2026-07-26,0.06554250507945636
DaVita,2026-07-28,2026-07-27,0.07288471943875052
DaVita,2026-07-29,2026-07-28,0.06297112353331002
DaVita,2026-07-30,2026-07-29,0.10473235673566916
DaVita,2026-07-31,2026-07-30,0.06747880532614803
DaVita,2026-08-01,2026-07-31,0.07526859188566515
DaVita,2026-08-02,2026-08-01,0.06924380763796811
DaVita,2026-08-03,2026-08-02,0.06144826911472978
DaVita,2026-08-04,2026-08-03,0.09277573160739327
DaVita,2026-08-05,2026-08-04,0.1513545120304821
DaVita,2026-08-06,2026-08-05,0.07639212976039222
DaVita,2026-08-07,2026-08-06,0.06987203535869013
DaVita,2026-08-08,2026-08-07,0.07289666322705557
DaVita,2026-08-09,2026-08-08,0.08119041410108951
DaVita,2026-08-10,2026-08-09,0.07009373498120164
DaVita,2026-08-11,2026-08-10,0.07164601265035819
DaVita,2026-08-12,2026-08-11,0.061627643917121167
DaVita,2026-08-13,2026-08-12,0.10283742903268045
DaVita,2026-08-14,2026-08-13,0.07440550671688284
DaVita,2026-08-15,2026-08-14,0.08041537521965081
DaVita,2026-08-16,2026-08-15,0.07035625886744001
DaVita,2026-08-17,2026-08-16,0.06602690332972927
DaVita,2026-08-18,2026-08-17,0.0811114732971071
DaVita,2026-08-20,2026-08-18,0.07437623332215793
DaVita,2026-08-21,2026-08-20,0.07692650708277904
DaVita,2026-08-22,2026-08-21,0.06521201380733899
DaVita,2026-08-23,2026-08-22,0.06096443963286624
DaVita,2026-08-24,2026-08-23,0.07074666220586057
DaVita,2026-08-25,2026-08-24,0.06693733689016779
DaVita,2026-08-26,2026-08-25,0.09513215819516918
DaVita,2026-08-27,2026-08-26,0.06842251352226425
DaVita,2026-08-28,2026-08-27,0.06548153923063915
Danaher Corporation,2026-07-16,2026-07-15,0.1460080183713145
Danaher Corporation,2026-07-17,2026-07-16,0.1782543035126647
Danaher Corporation,2026-07-18,2026-07-17,0.17088419849237435
Danaher Corporation,2026-07-19,2026-07-18,0.20140566773728563
Danaher Corporation,2026-07-20,2026-07-19,0.2108482857465951
Danaher Corporation,2026-07-21,2026-07-20,0.07659861622186559
Danaher Corporation,2026-07-22,2026-07-21,0.1799205431124703
Danaher Corporation,2026-07-23,2026-07-22,0.17350346994183807
Danaher Corporation,2026-07-24,2026-07-23,0.07378208201421033
Danaher Corporation,2026-07-25,2026-07-24,0.08374209221099094
Danaher Corporation,2026-07-26,2026-07-25,0.0784236985100828
Danaher Corporation,2026-07-27,2026-07-26,0.06557733090364148
Danaher Corporation,2026-07-28,2026-07-27,0.06780268508458986
Danaher Corporation,2026-07-29,2026-07-28,0.07680222518982094
Danaher Corporation,2026-07-30,2026-07-29,0.07374355130141419
Danaher Corporation,2026-07-31,2026-07-30,0.07158859752560909
Danaher Corporation,2026-08-01,2026-07-31,0.0683799118832158
Danaher Corporation,2026-08-02,2026-08-01,0.06351677216773788
Danaher Corporation,2026-08-03,2026-08-02,0.06929754707597313
Danaher Corporation,2026-08-04,2026-08-03,0.08373729165264243
Danaher Corporation,2026-08-05,2026-08-04,0.07526620942949269
Danaher Corporation,2026-08-06,2026-08-05,0.07027973398515275
Danaher Corporation,2026-08-07,2026-08-06,0.06844738063074196
Danaher Corporation,2026-08-08,2026-08-07,0.059510934817066596
Danaher Corporation,2026-08-09,2026-08-08,0.06037084245832858
Danaher Corporation,2026-08-10,2026-08-09,0.061161971777972446
Danaher Corporation,2026-08-11,2026-08-10,0.07290185843185071
Danaher Corporation,2026-08-12,2026-08-11,0.0758463128440725
Danaher Corporation,2026-08-13,2026-08-12,0.07221640902847615
Danaher Corporation,2026-08-14,2026-08-13,0.09801362533100022
Danaher Corporation,2026-08-15,2026-08-14,0.07937615506816731
Danaher Corporation,2026-08-16,2026-08-15,0.0764539462642857
Danaher Corporation,2026-08-17,2026-08-16,0.07037853820920603
Danaher Corporation,2026-08-18,2026-08-17,0.06606599370427757
Danaher Corporation,2026-08-20,2026-08-18,0.07211343419891192
Danaher Corporation,2026-08-21,2026-08-20,0.06306429058499641
Danaher Corporation,2026-08-22,2026-08-21,0.08263625623920268
Danaher Corporation,2026-08-23,2026-08-22,0.0660504966529567
Danaher Corporation,2026-08-24,2026-08-23,0.060786461477919884
Danaher Corporation,2026-08-25,2026-08-24,0.06884053372899734
Danaher Corporation,2026-08-26,2026-08-25,0.07453965999411039
Danaher Corporation,2026-08-27,2026-08-26,0.05952645344234686
Danaher Corporation,2026-08-28,2026-08-27,0.0664121778812593
Devon Energy,2026-07-16,2026-07-15,0.07589371208821816
Devon Energy,2026-07-17,2026-07-16,0.11959313476220557
Devon Energy,2026-07-18,2026-07-17,0.17993925855198756
Devon Energy,2026-07-19,2026-07-18,0.14533231359261367
Devon Energy,2026-07-20,2026-07-19,0.12478423283899864
Devon Energy,2026-07-21,2026-07-20,0.06622475619694879
Devon Energy,2026-07-22,2026-07-21,0.11705928031780577
Devon Energy,2026-07-23,2026-07-22,0.13397416988445487
Devon Energy,2026-07-24,2026-07-23,0.07207055743930912
Devon Energy,2026-07-25,2026-07-24,0.07461918294620629
Devon Energy,2026-07-26,2026-07-25,0.08571251616836029
Devon Energy,2026-07-27,2026-07-26,0.05814771737005131
Devon Energy,2026-07-28,2026-07-27,0.07495495241330408
Devon Energy,2026-07-29,2026-07-28,0.07464117965444317
Devon Energy,2026-07-30,2026-07-29,0.061073863411783336
Devon Energy,2026-07-31,2026-07-30,0.0797467733946361
Devon Energy,2026-08-01,2026-07-31,0.08611750006315289
Devon Energy,2026-08-02,2026-08-01,0.06487270692321356
Devon Energy,2026-08-03,2026-08-02,0.06722029321111289
Devon Energy,2026-08-04,2026-08-03,0.0738894664503672
Devon Energy,2026-08-05,2026-08-04,0.10018588255315697
Devon Energy,2026-08-06,2026-08-05,0.08557396140230211
Devon Energy,2026-08-07,2026-08-06,0.06815008838751524
Devon Energy,2026-08-08,2026-08-07,0.07060934622961512
Devon Energy,2026-08-09,2026-08-08,0.05316880058325335
Devon Energy,2026-08-10,2026-08-09,0.06367432898039282
Devon Energy,2026-08-11,2026-08-10,0.05656811634826919
Devon Energy,2026-08-12,2026-08-11,0.05705956911906429
Devon Energy,2026-08-13,2026-08-12,0.07407679022834424
Devon Energy,2026-08-14,2026-08-13,0.062297307590592155
Devon Energy,2026-08-15,2026-08-14,0.06282171394931813
Devon Energy,2026-08-16,2026-08-15,0.07307892005941674
Devon Energy,2026-08-17,2026-08-16,0.06914070484107515
Devon Energy,2026-08-18,2026-08-17,0.06110705046204912
Devon Energy,2026-08-20,2026-08-18,0.07056780487348202
Devon Energy,2026-08-21,2026-08-20,0.06673574547980121
Devon Energy,2026-08-22,2026-08-21,0.08006128480442398
Devon Energy,2026-08-23,2026-08-22,0.06039690132075437
Devon Energy,2026-08-24,2026-08-23,0.0711993833916098
Devon Energy,2026-08-25,2026-08-24,0.08519164473397722
Devon Energy,2026-08-26,2026-08-25,0.05400327386914516
Devon Energy,2026-08-27,2026-08-26,0.0688573110485371
Devon Energy,2026-08-28,2026-08-27,0.07231665592723036
Dexcom,2026-07-16,2026-07-15,0.1468041540737366
Dexcom,2026-07-17,2026-07-16,0.17047221268416513
Dexcom,2026-07-18,2026-07-17,0.11054384880759438
Dexcom,2026-07-19,2026-07-18,0.08942092125169199
Dexcom,2026-07-20,2026-07-19,0.1297867402798384
Dexcom,2026-07-21,2026-07-20,0.06322706365441055
Dexcom,2026-07-22,2026-07-21,0.20586648236908245
Dexcom,2026-07-23,2026-07-22,0.20438480363815315
Dexcom,2026-07-24,2026-07-23,0.0691640678989841
Dexcom,2026-07-25,2026-07-24,0.0707332612033138
Dexcom,2026-07-26,2026-07-25,0.061719914457589065
Dexcom,2026-07-27,2026-07-26,0.06253269573350406
Dexcom,2026-07-28,2026-07-27,0.06798490836503368
Dexcom,2026-07-29,2026-07-28,0.06873124069803127
Dexcom,2026-07-30,2026-07-29,0.06751467612933082
Dexcom,2026-07-31,2026-07-30,0.08354070310991268
Dexcom,2026-08-01,2026-07-31,0.07562759246791462
Dexcom,2026-08-02,2026-08-01,0.0787962818033372
Dexcom,2026-08-03,2026-08-02,0.07472665862598837
Dexcom,2026-08-04,2026-08-03,0.076032620514215
Dexcom,2026-08-05,2026-08-04,0.07300534596047703
Dexcom,2026-08-06,2026-08-05,0.062405442213450235
Dexcom,2026-08-07,2026-08-06,0.05461358375484249
Dexcom,2026-08-08,2026-08-07,0.0689384616750145
Dexcom,2026-08-09,2026-08-08,0.06581794968077415
Dexcom,2026-08-10,2026-08-09,0.06363619375950913
Dexcom,2026-08-11,2026-08-10,0.06305978226040965
Dexcom,2026-08-12,2026-08-11,0.06615109027519706
Dexcom,2026-08-13,2026-08-12,0.08357633241803819
Dexcom,2026-08-14,2026-08-13,0.06963523395403415
Dexcom,2026-08-15,2026-08-14,0.0627421382929999
Dexcom,2026-08-16,2026-08-15,0.06151194230991719
Dexcom,2026-08-17,2026-08-16,0.06260684417509843
Dexcom,2026-08-18,2026-08-17,0.06511290871086628
Dexcom,2026-08-20,2026-08-18,0.08618667275057401
Dexcom,2026-08-21,2026-08-20,0.08723501817969215
Dexcom,2026-08-22,2026-08-21,0.07506055556218516
Dexcom,2026-08-23,2026-08-22,0.07081493488934021
Dexcom,2026-08-24,2026-08-23,0.07101855505500965
Dexcom,2026-08-25,2026-08-24,0.07005998166302807
Dexcom,2026-08-26,2026-08-25,0.07549152085287036
Dexcom,2026-08-27,2026-08-26,0.07506527054343459
Dexcom,2026-08-28,2026-08-27,0.07363263283998422
Diamondback Energy,2026-07-16,2026-07-15,0.15796154904266668
Diamondback Energy,2026-07-17,2026-07-16,0.14913053020210976
Diamondback Energy,2026-07-18,2026-07-17,0.10780813893366847
Diamondback Energy,2026-07-19,2026-07-18,0.12693865584270048
Diamondback Energy,2026-07-20,2026-07-19,0.16373371087305266
Diamondback Energy,2026-07-21,2026-07-20,0.0725718785023094
Diamondback Energy,2026-07-22,2026-07-21,0.2118889583964212
Diamondback Energy,2026-07-23,2026-07-22,0.2068378421778716
Diamondback Energy,2026-07-24,2026-07-23,0.07279025941923323
Diamondback Energy,2026-07-25,2026-07-24,0.07576934464582308
Diamondback Energy,2026-07-26,2026-07-25,0.0730515590554981
Diamondback Energy,2026-07-27,2026-07-26,0.08093800201182044
Diamondback Energy,2026-07-28,2026-07-27,0.0847814785105464
Diamondback Energy,2026-07-29,2026-07-28,0.07993435759962197
Diamondback Energy,2026-07-30,2026-07-29,0.08608091680876095
Diamondback Energy,2026-07-31,2026-07-30,0.07306792198242973
Diamondback Energy,2026-08-01,2026-07-31,0.08204198499417403
Diamondback Energy,2026-08-02,2026-08-01,0.08506871090210755
Diamondback Energy,2026-08-03,2026-08-02,0.07741605330450252
Diamondback Energy,2026-08-04,2026-08-03,0.10452652173262189
Diamondback Energy,2026-08-05,2026-08-04,0.10343241475148701
Diamondback Energy,2026-08-06,2026-08-05,0.06911038572899131
Diamondback Energy,2026-08-07,2026-08-06,0.07158731435924359
Diamondback Energy,2026-08-08,2026-08-07,0.07276376397105089
Diamondback Energy,2026-08-09,2026-08-08,0.07322011406416284
Diamondback Energy,2026-08-10,2026-08-09,0.06524951634437182
Diamondback Energy,2026-08-11,2026-08-10,0.07266102877483127
Diamondback Energy,2026-08-12,2026-08-11,0.07327331962060946
Diamondback Energy,2026-08-13,2026-08-12,0.08571573263335897
Diamondback Energy,2026-08-14,2026-08-13,0.06762684604340374
Diamondback Energy,2026-08-15,2026-08-14,0.06709004041883393
Diamondback Energy,2026-08-16,2026-08-15,0.07230860630377423
Diamondback Energy,2026-08-17,2026-08-16,0.07951102938774235
Diamondback Energy,2026-08-18,2026-08-17,0.07876354878523761
Diamondback Energy,2026-08-20,2026-08-18,0.06790124036222533
Diamondback Energy,2026-08-21,2026-08-20,0.08478067604753692
Diamondback Energy,2026-08-22,2026-08-21,0.08861813782035055
Diamondback Energy,2026-08-23,2026-08-22,0.07841133020285251
Diamondback Energy,2026-08-24,2026-08-23,0.07729215999904282
Diamondback Energy,2026-08-25,2026-08-24,0.07423614090714914
Diamondback Energy,2026-08-26,2026-08-25,0.07632380827453344
Diamondback Energy,2026-08-27,2026-08-26,0.07806768811725073
Diamondback Energy,2026-08-28,2026-08-27,0.08995982268371794
Dollar General,2026-07-16,2026-07-15,0.20412976302810848
Dollar General,2026-07-17,2026-07-16,0.1598042045746616
Dollar General,2026-07-18,2026-07-17,0.13048610709160713
Dollar General,2026-07-19,2026-07-18,0.22914357646718198
Dollar General,2026-07-20,2026-07-19,0.17496451542578362
Dollar General,2026-07-21,2026-07-20,0.08560096820355378
Dollar General,2026-07-22,2026-07-21,0.161982729218348
Dollar General,2026-07-23,2026-07-22,0.1588312812024011
Dollar General,2026-07-24,2026-07-23,0.08479624430616306
Dollar General,2026-07-25,2026-07-24,0.07232043491155904
Dollar General,2026-07-26,2026-07-25,0.06023643668363721
Dollar General,2026-07-27,2026-07-26,0.06680545974302787
Dollar General,2026-07-28,2026-07-27,0.07406570175719818
Dollar General,2026-07-29,2026-07-28,0.0638288573102126
Dollar General,2026-07-30,2026-07-29,0.06246019503077538
Dollar General,2026-07-31,2026-07-30,0.07293932405328662
Dollar General,2026-08-01,2026-07-31,0.07588400733737344
Dollar General,2026-08-02,2026-08-01,0.06753926211058048
Dollar General,2026-08-03,2026-08-02,0.06921041131489003
Dollar General,2026-08-04,2026-08-03,0.06709874925564763
Dollar General,2026-08-05,2026-08-04,0.08804159389302335
Dollar General,2026-08-06,2026-08-05,0.086873522948684
Dollar General,2026-08-07,2026-08-06,0.05938918135720184
Dollar General,2026-08-08,2026-08-07,0.05712710941145427
Dollar General,2026-08-09,2026-08-08,0.06473290772876383
Dollar General,2026-08-10,2026-08-09,0.06405062159090791
Dollar General,2026-08-11,2026-08-10,0.07060832363372083
Dollar General,2026-08-12,2026-08-11,0.08464297388719666
Dollar General,2026-08-13,2026-08-12,0.07944821577095773
Dollar General,2026-08-14,2026-08-13,0.06295723200481362
Dollar General,2026-08-15,2026-08-14,0.07618691807927891
Dollar General,2026-08-16,2026-08-15,0.07087201008322397
Dollar General,2026-08-17,2026-08-16,0.06419131374401188
Dollar General,2026-08-18,2026-08-17,0.06485649718035014
Dollar General,2026-08-20,2026-08-18,0.05857499463283122
Dollar General,2026-08-21,2026-08-20,0.06595267019545792
Dollar General,2026-08-22,2026-08-21,0.07244315114302124
Dollar General,2026-08-23,2026-08-22,0.06966816801270759
Dollar General,2026-08-24,2026-08-23,0.06230221635864697
Dollar General,2026-08-25,2026-08-24,0.06575041315021868
Dollar General,2026-08-26,2026-08-25,0.07937012485988881
Dollar General,2026-08-27,2026-08-26,0.10001534056248917
Dollar General,2026-08-28,2026-08-27,0.07625196381512067
Dominion Energy,2026-07-16,2026-07-15,0.13792223026687345
Dominion Energy,2026-07-17,2026-07-16,0.10724269458363822
Dominion Energy,2026-07-18,2026-07-17,0.10336109669957172
Dominion Energy,2026-07-19,2026-07-18,0.110145474083161
Dominion Energy,2026-07-20,2026-07-19,0.12989917849153254
Dominion Energy,2026-07-21,2026-07-20,0.0711460792321148
Dominion Energy,2026-07-22,2026-07-21,0.10665919437121285
Dominion Energy,2026-07-23,2026-07-22,0.13251766929564324
Dominion Energy,2026-07-24,2026-07-23,0.0762696446216583
Dominion Energy,2026-07-25,2026-07-24,0.06759615967022903
Dominion Energy,2026-07-26,2026-07-25,0.06545708073132939
Dominion Energy,2026-07-27,2026-07-26,0.06194766185946865
Dominion Energy,2026-07-28,2026-07-27,0.07338870183804358
Dominion Energy,2026-07-29,2026-07-28,0.06778785666130038
Dominion Energy,2026-07-30,2026-07-29,0.07091244997966806
Dominion Energy,2026-07-31,2026-07-30,0.06984115797671286
Dominion Energy,2026-08-01,2026-07-31,0.09617553383290867
Dominion Energy,2026-08-02,2026-08-01,0.0756925571328847
Dominion Energy,2026-08-03,2026-08-02,0.08398872956963455
Dominion Energy,2026-08-04,2026-08-03,0.07057194391112742
Dominion Energy,2026-08-05,2026-08-04,0.10405487021923931
Dominion Energy,2026-08-06,2026-08-05,0.08447309538251246
Dominion Energy,2026-08-07,2026-08-06,0.09172587721028358
Dominion Energy,2026-08-08,2026-08-07,0.0887062365415433
Dominion Energy,2026-08-09,2026-08-08,0.09169115717121079
Dominion Energy,2026-08-10,2026-08-09,0.06514622162836137
Dominion Energy,2026-08-11,2026-08-10,0.0695936525483043
Dominion Energy,2026-08-12,2026-08-11,0.06217556088961795
Dominion Energy,2026-08-13,2026-08-12,0.0699913669191099
Dominion Energy,2026-08-14,2026-08-13,0.07715808753356912
Dominion Energy,2026-08-15,2026-08-14,0.09459008409038117
Dominion Energy,2026-08-16,2026-08-15,0.06732453491876322
Dominion Energy,2026-08-17,2026-08-16,0.06312883198427044
Dominion Energy,2026-08-18,2026-08-17,0.082262922510139
Dominion Energy,2026-08-20,2026-08-18,0.09491577875260082
Dominion Energy,2026-08-21,2026-08-20,0.08479568285257433
Dominion Energy,2026-08-22,2026-08-21,0.08939940452553174
Dominion Energy,2026-08-23,2026-08-22,0.07190674059198543
Dominion Energy,2026-08-24,2026-08-23,0.05657410398604257
Dominion Energy,2026-08-25,2026-08-24,0.06326366289877117
Dominion Energy,2026-08-26,2026-08-25,0.07317898550781554
Dominion Energy,2026-08-27,2026-08-26,0.08261558339799158
Dominion Energy,2026-08-28,2026-08-27,0.07239980262455548
DoorDash,2026-07-16,2026-07-15,0.11393270245102272
DoorDash,2026-07-17,2026-07-16,0.1485676458654126
DoorDash,2026-07-18,2026-07-17,0.18038523071657997
DoorDash,2026-07-19,2026-07-18,0.14273383568363174
DoorDash,2026-07-20,2026-07-19,0.14208399276996642
DoorDash,2026-07-21,2026-07-20,0.08935025274390695
DoorDash,2026-07-22,2026-07-21,0.17607280431788142
DoorDash,2026-07-23,2026-07-22,0.16829043557046897
DoorDash,2026-07-24,2026-07-23,0.08620050904279963
DoorDash,2026-07-25,2026-07-24,0.0856485017703631
DoorDash,2026-07-26,2026-07-25,0.08769599040980713
DoorDash,2026-07-27,2026-07-26,0.08752605749340325
DoorDash,2026-07-28,2026-07-27,0.11099953975390142
DoorDash,2026-07-29,2026-07-28,0.10589634891418898
DoorDash,2026-07-30,2026-07-29,0.08306939895269971
DoorDash,2026-07-31,2026-07-30,0.09359678588075315
DoorDash,2026-08-01,2026-07-31,0.09402750818807526
DoorDash,2026-08-02,2026-08-01,0.08068740086666282
DoorDash,2026-08-03,2026-08-02,0.07431956309095533
DoorDash,2026-08-04,2026-08-03,0.08798828580996154
DoorDash,2026-08-05,2026-08-04,0.10272077009753278
DoorDash,2026-08-06,2026-08-05,0.1172332103657785
DoorDash,2026-08-07,2026-08-06,0.09223532383812383
DoorDash,2026-08-08,2026-08-07,0.0905632706709949
DoorDash,2026-08-09,2026-08-08,0.08766143617794253
DoorDash,2026-08-10,2026-08-09,0.08021702092868943
DoorDash,2026-08-11,2026-08-10,0.08604023647503978
DoorDash,2026-08-12,2026-08-11,0.07098824170215512
DoorDash,2026-08-13,2026-08-12,0.10535939648753634
DoorDash,2026-08-14,2026-08-13,0.09115181952298446
DoorDash,2026-08-15,2026-08-14,0.07722987606432608
DoorDash,2026-08-16,2026-08-15,0.09672416043952092
DoorDash,2026-08-17,2026-08-16,0.08065510829664158
DoorDash,2026-08-18,2026-08-17,0.0815255234503035
DoorDash,2026-08-20,2026-08-18,0.08555993365143211
DoorDash,2026-08-21,2026-08-20,0.07712275664268331
DoorDash,2026-08-22,2026-08-21,0.09589448840062242
DoorDash,2026-08-23,2026-08-22,0.08374388120249232
DoorDash,2026-08-24,2026-08-23,0.08128428887638606
DoorDash,2026-08-25,2026-08-24,0.08514480179874939
DoorDash,2026-08-26,2026-08-25,0.08126911279545168
DoorDash,2026-08-27,2026-08-26,0.0868496020496683
DoorDash,2026-08-28,2026-08-27,0.07142034721817947
EOG Resources,2026-07-16,2026-07-15,0.10490470958696685
EOG Resources,2026-07-17,2026-07-16,0.12045653828439817
EOG Resources,2026-07-18,2026-07-17,0.09402675494426882
EOG Resources,2026-07-19,2026-07-18,0.06987534958512387
EOG Resources,2026-07-20,2026-07-19,0.1682071772904249
EOG Resources,2026-07-21,2026-07-20,0.06098410853241987
EOG Resources,2026-07-22,2026-07-21,0.1431988041496406
EOG Resources,2026-07-23,2026-07-22,0.14945046844606025
EOG Resources,2026-07-24,2026-07-23,0.05854890211339647
EOG Resources,2026-07-25,2026-07-24,0.0538696813310775
EOG Resources,2026-07-26,2026-07-25,0.05190575298219835
EOG Resources,2026-07-27,2026-07-26,0.07405819509698619
EOG Resources,2026-07-28,2026-07-27,0.0703005340273567
EOG Resources,2026-07-29,2026-07-28,0.06281902186950439
EOG Resources,2026-07-30,2026-07-29,0.07422677344812612
EOG Resources,2026-07-31,2026-07-30,0.06402032361216359
EOG Resources,2026-08-01,2026-07-31,0.06272058448362372
EOG Resources,2026-08-02,2026-08-01,0.05454922180034516
EOG Resources,2026-08-03,2026-08-02,0.057056503436700434
EOG Resources,2026-08-04,2026-08-03,0.060467639064387235
EOG Resources,2026-08-05,2026-08-04,0.06173513750629578
EOG Resources,2026-08-06,2026-08-05,0.06698061699330227
EOG Resources,2026-08-07,2026-08-06,0.06276175422335817
EOG Resources,2026-08-08,2026-08-07,0.05571124953622486
EOG Resources,2026-08-09,2026-08-08,0.060537879837874176
EOG Resources,2026-08-10,2026-08-09,0.06576643056598042
EOG Resources,2026-08-11,2026-08-10,0.06874955833481688
EOG Resources,2026-08-12,2026-08-11,0.06272668253646274
EOG Resources,2026-08-13,2026-08-12,0.05807977128269226
EOG Resources,2026-08-14,2026-08-13,0.057328941289229385
EOG Resources,2026-08-15,2026-08-14,0.05973994994891785
EOG Resources,2026-08-16,2026-08-15,0.04749066679149638
EOG Resources,2026-08-17,2026-08-16,0.04690376097647575
EOG Resources,2026-08-18,2026-08-17,0.04531858151439738
EOG Resources,2026-08-20,2026-08-18,0.06483143164955296
EOG Resources,2026-08-21,2026-08-20,0.06195396338355541
EOG Resources,2026-08-22,2026-08-21,0.05620892452846227
EOG Resources,2026-08-23,2026-08-22,0.06201394440601071
EOG Resources,2026-08-24,2026-08-23,0.06475304716599695
EOG Resources,2026-08-25,2026-08-24,0.06686162347968305
EOG Resources,2026-08-26,2026-08-25,0.054210948122660585
EOG Resources,2026-08-27,2026-08-26,0.0577243053861497
EOG Resources,2026-08-28,2026-08-27,0.05600085037549207
Edwards Lifesciences,2026-07-16,2026-07-15,0.19013981264947666
Edwards Lifesciences,2026-07-17,2026-07-16,0.1281546198347152
Edwards Lifesciences,2026-07-18,2026-07-17,0.1329544468275381
Edwards Lifesciences,2026-07-19,2026-07-18,0.174580563834284
Edwards Lifesciences,2026-07-20,2026-07-19,0.17048645752862734
Edwards Lifesciences,2026-07-21,2026-07-20,0.0929766573581331
Edwards Lifesciences,2026-07-22,2026-07-21,0.1577410405993892
Edwards Lifesciences,2026-07-23,2026-07-22,0.12989446782878733
Edwards Lifesciences,2026-07-24,2026-07-23,0.09671540208018714
Edwards Lifesciences,2026-07-25,2026-07-24,0.08636989267790773
Edwards Lifesciences,2026-07-26,2026-07-25,0.08014774966670346
Edwards Lifesciences,2026-07-27,2026-07-26,0.07247480726202071
Edwards Lifesciences,2026-07-28,2026-07-27,0.09640292344094226
Edwards Lifesciences,2026-07-29,2026-07-28,0.08796140538180675
Edwards Lifesciences,2026-07-30,2026-07-29,0.07712680204217925
Edwards Lifesciences,2026-07-31,2026-07-30,0.07541581907577266
Edwards Lifesciences,2026-08-01,2026-07-31,0.08348435563048529
Edwards Lifesciences,2026-08-02,2026-08-01,0.0779629774638314
Edwards Lifesciences,2026-08-03,2026-08-02,0.07824682794715376
Edwards Lifesciences,2026-08-04,2026-08-03,0.09240653023275991
Edwards Lifesciences,2026-08-05,2026-08-04,0.08427596841656426
Edwards Lifesciences,2026-08-06,2026-08-05,0.07494552032943214
Edwards Lifesciences,2026-08-07,2026-08-06,0.08524331541056462
Edwards Lifesciences,2026-08-08,2026-08-07,0.07764291742178853
Edwards Lifesciences,2026-08-09,2026-08-08,0.0720203845395323
Edwards Lifesciences,2026-08-10,2026-08-09,0.0821389734615603
Edwards Lifesciences,2026-08-11,2026-08-10,0.07969262353736961
Edwards Lifesciences,2026-08-12,2026-08-11,0.09081226642074292
Edwards Lifesciences,2026-08-13,2026-08-12,0.0761685803356037
Edwards Lifesciences,2026-08-14,2026-08-13,0.07076374832581156
Edwards Lifesciences,2026-08-15,2026-08-14,0.0723425876295043
Edwards Lifesciences,2026-08-16,2026-08-15,0.08835555007994522
Edwards Lifesciences,2026-08-17,2026-08-16,0.07791017322792615
Edwards Lifesciences,2026-08-18,2026-08-17,0.07841247163250042
Edwards Lifesciences,2026-08-20,2026-08-18,0.08723719059852564
Edwards Lifesciences,2026-08-21,2026-08-20,0.0793847950749611
Edwards Lifesciences,2026-08-22,2026-08-21,0.09266758856274604
Edwards Lifesciences,2026-08-23,2026-08-22,0.09260148727582818
Edwards Lifesciences,2026-08-24,2026-08-23,0.07613281893909507
Edwards Lifesciences,2026-08-25,2026-08-24,0.08720026013078308
Edwards Lifesciences,2026-08-26,2026-08-25,0.08164029448251475
Edwards Lifesciences,2026-08-27,2026-08-26,0.07318633441570943
Edwards Lifesciences,2026-08-28,2026-08-27,0.07846069325057636
Electronic Arts,2026-07-16,2026-07-15,0.1363806993882123
Electronic Arts,2026-07-17,2026-07-16,0.13198369003908916
Electronic Arts,2026-07-18,2026-07-17,0.10275107618160895
Electronic Arts,2026-07-19,2026-07-18,0.06719747784696384
Electronic Arts,2026-07-20,2026-07-19,0.06999620331706802
Electronic Arts,2026-07-21,2026-07-20,0.07718417257101973
Electronic Arts,2026-07-22,2026-07-21,0.20650048978585267
Electronic Arts,2026-07-23,2026-07-22,0.20712818317228832
Electronic Arts,2026-07-24,2026-07-23,0.09321922089284052
Electronic Arts,2026-07-25,2026-07-24,0.08102763779495259
Electronic Arts,2026-07-26,2026-07-25,0.06133445102077095
Electronic Arts,2026-07-27,2026-07-26,0.06287935055757998
Electronic Arts,2026-07-28,2026-07-27,0.05901426515088504
Electronic Arts,2026-07-29,2026-07-28,0.06044870095307475
Electronic Arts,2026-07-30,2026-07-29,0.06239683335152124
Electronic Arts,2026-07-31,2026-07-30,0.10602305687273517
Electronic Arts,2026-08-01,2026-07-31,0.08585748455983744
Electronic Arts,2026-08-02,2026-08-01,0.09237700099864654
Electronic Arts,2026-08-03,2026-08-02,0.09973335758140989
Electronic Arts,2026-08-04,2026-08-03,0.09719109383768232
Electronic Arts,2026-08-05,2026-08-04,0.07845866775300514
Electronic Arts,2026-08-06,2026-08-05,0.07913969593413417
Electronic Arts,2026-08-07,2026-08-06,0.07299161023011524
Electronic Arts,2026-08-08,2026-08-07,0.06646541832242925
Electronic Arts,2026-08-09,2026-08-08,0.06888930226698653
Electronic Arts,2026-08-10,2026-08-09,0.06920080312900667
Electronic Arts,2026-08-11,2026-08-10,0.0739823897233377
Electronic Arts,2026-08-12,2026-08-11,0.0601493617237111
Electronic Arts,2026-08-13,2026-08-12,0.11271639563006286
Electronic Arts,2026-08-14,2026-08-13,0.060224211540207406
Electronic Arts,2026-08-15,2026-08-14,0.057994671811525955
Electronic Arts,2026-08-16,2026-08-15,0.05519737548815318
Electronic Arts,2026-08-17,2026-08-16,0.05566164628991932
Electronic Arts,2026-08-18,2026-08-17,0.06272353003221098
Electronic Arts,2026-08-20,2026-08-18,0.06418289328534721
Electronic Arts,2026-08-21,2026-08-20,0.05865366558024787
Electronic Arts,2026-08-22,2026-08-21,0.050610441301077835
Electronic Arts,2026-08-23,2026-08-22,0.05756563603064202
Electronic Arts,2026-08-24,2026-08-23,0.05506512655098361
Electronic Arts,2026-08-25,2026-08-24,0.05609200768391409
Electronic Arts,2026-08-26,2026-08-25,0.05375543126672799
Electronic Arts,2026-08-27,2026-08-26,0.05847557006542792
Electronic Arts,2026-08-28,2026-08-27,0.05771868318176909
Expand Energy,2026-07-16,2026-07-15,0.14772524231002704
Expand Energy,2026-07-17,2026-07-16,0.17453387791820352
Expand Energy,2026-07-18,2026-07-17,0.1683445574585024
Expand Energy,2026-07-19,2026-07-18,0.15885925513387367
Expand Energy,2026-07-20,2026-07-19,0.154835649808873
Expand Energy,2026-07-21,2026-07-20,0.06959622465314852
Expand Energy,2026-07-22,2026-07-21,0.17691308288150065
Expand Energy,2026-07-23,2026-07-22,0.1933161148251068
Expand Energy,2026-07-24,2026-07-23,0.07689411031291471
Expand Energy,2026-07-25,2026-07-24,0.06373353858730091
Expand Energy,2026-07-26,2026-07-25,0.06824609564094553
Expand Energy,2026-07-27,2026-07-26,0.06484551183058762
Expand Energy,2026-07-28,2026-07-27,0.16008337546379925
Expand Energy,2026-07-29,2026-07-28,0.07948291421099463
Expand Energy,2026-07-30,2026-07-29,0.08476947419951686
Expand Energy,2026-07-31,2026-07-30,0.07342169544088217
Expand Energy,2026-08-01,2026-07-31,0.07292397290167407
Expand Energy,2026-08-02,2026-08-01,0.05633322984286404
Expand Energy,2026-08-03,2026-08-02,0.06060577505063258
Expand Energy,2026-08-04,2026-08-03,0.07511500316563491
Expand Energy,2026-08-05,2026-08-04,0.06374986499475643
Expand Energy,2026-08-06,2026-08-05,0.06468171148079682
Expand Energy,2026-08-07,2026-08-06,0.10355652135293392
Expand Energy,2026-08-08,2026-08-07,0.08104868525026188
Expand Energy,2026-08-09,2026-08-08,0.06965534800214146
Expand Energy,2026-08-10,2026-08-09,0.0716909391316678
Expand Energy,2026-08-11,2026-08-10,0.0664362257797193
Expand Energy,2026-08-12,2026-08-11,0.06581519838345973
Expand Energy,2026-08-13,2026-08-12,0.09084674111220592
Expand Energy,2026-08-14,2026-08-13,0.07753256304449796
Expand Energy,2026-08-15,2026-08-14,0.08055889238294534
Expand Energy,2026-08-16,2026-08-15,0.06473707463175549
Expand Energy,2026-08-17,2026-08-16,0.06854823366525753
Expand Energy,2026-08-18,2026-08-17,0.07306889532016891
Expand Energy,2026-08-20,2026-08-18,0.06901011946086788
Expand Energy,2026-08-21,2026-08-20,0.07655822648364918
Expand Energy,2026-08-22,2026-08-21,0.06502943815285933
Expand Energy,2026-08-23,2026-08-22,0.06759940582733481
Expand Energy,2026-08-24,2026-08-23,0.06168678245621151
Expand Energy,2026-08-25,2026-08-24,0.06777987998328583
Expand Energy,2026-08-26,2026-08-25,0.06350382829240309
Expand Energy,2026-08-27,2026-08-26,0.07058370245152434
Expand Energy,2026-08-28,2026-08-27,0.06927887643001551
GE HealthCare,2026-07-16,2026-07-15,0.09723841847582004
GE HealthCare,2026-07-17,2026-07-16,0.11128842099504532
GE HealthCare,2026-07-18,2026-07-17,0.11468790062100576
GE HealthCare,2026-07-19,2026-07-18,0.12482153048008737
GE HealthCare,2026-07-20,2026-07-19,0.1618928328081618
GE HealthCare,2026-07-21,2026-07-20,0.06758993346419995
GE HealthCare,2026-07-22,2026-07-21,0.18565105259131376
GE HealthCare,2026-07-23,2026-07-22,0.17250013206182935
GE HealthCare,2026-07-24,2026-07-23,0.07080466169555555
GE HealthCare,2026-07-25,2026-07-24,0.08439236205450262
GE HealthCare,2026-07-26,2026-07-25,0.05966389200437805
GE HealthCare,2026-07-27,2026-07-26,0.06632243947990935
GE HealthCare,2026-07-28,2026-07-27,0.06727274724545895
GE HealthCare,2026-07-29,2026-07-28,0.06838287583721259
GE HealthCare,2026-07-30,2026-07-29,0.09733127928424201
GE HealthCare,2026-07-31,2026-07-30,0.09042761075831407
GE HealthCare,2026-08-01,2026-07-31,0.07234612536088247
GE HealthCare,2026-08-02,2026-08-01,0.06915516654198195
GE HealthCare,2026-08-03,2026-08-02,0.07166821197885054
GE HealthCare,2026-08-04,2026-08-03,0.09329344744125312
GE HealthCare,2026-08-05,2026-08-04,0.07306604648370951
GE HealthCare,2026-08-06,2026-08-05,0.06887959723477355
GE HealthCare,2026-08-07,2026-08-06,0.06999441187534328
GE HealthCare,2026-08-08,2026-08-07,0.06663298263248851
GE HealthCare,2026-08-09,2026-08-08,0.06787603540023424
GE HealthCare,2026-08-10,2026-08-09,0.06742484897008649
GE HealthCare,2026-08-11,2026-08-10,0.06419847955697444
GE HealthCare,2026-08-12,2026-08-11,0.079814718698491
GE HealthCare,2026-08-13,2026-08-12,0.09396290178970623
GE HealthCare,2026-08-14,2026-08-13,0.09000862682430821
GE HealthCare,2026-08-15,2026-08-14,0.0660409974592917
GE HealthCare,2026-08-16,2026-08-15,0.06451831901630312
GE HealthCare,2026-08-17,2026-08-16,0.06996518530148099
GE HealthCare,2026-08-18,2026-08-17,0.07616799405166375
GE HealthCare,2026-08-20,2026-08-18,0.059609548584867444
GE HealthCare,2026-08-21,2026-08-20,0.07538799399453522
GE HealthCare,2026-08-22,2026-08-21,0.08664159829021334
GE HealthCare,2026-08-23,2026-08-22,0.06345674545055602
GE HealthCare,2026-08-24,2026-08-23,0.07064101707675408
GE HealthCare,2026-08-25,2026-08-24,0.07678852768027267
GE HealthCare,2026-08-26,2026-08-25,0.06809738283724942
GE HealthCare,2026-08-27,2026-08-26,0.06949493482539515
GE HealthCare,2026-08-28,2026-08-27,0.061644287200598114
General Mills,2026-07-16,2026-07-15,0.10387268921519377
General Mills,2026-07-17,2026-07-16,0.15699580962337267
General Mills,2026-07-18,2026-07-17,0.16192784901725354
General Mills,2026-07-19,2026-07-18,0.09443575458977915
General Mills,2026-07-20,2026-07-19,0.2143409018363016
General Mills,2026-07-21,2026-07-20,0.07580966044934978
General Mills,2026-07-22,2026-07-21,0.22739934796809724
General Mills,2026-07-23,2026-07-22,0.21937090567395612
General Mills,2026-07-24,2026-07-23,0.09329416539410718
General Mills,2026-07-25,2026-07-24,0.08848508233719621
General Mills,2026-07-26,2026-07-25,0.06448817056640399
General Mills,2026-07-27,2026-07-26,0.06610349844087848
General Mills,2026-07-28,2026-07-27,0.07822940179302906
General Mills,2026-07-29,2026-07-28,0.08294826945315859
General Mills,2026-07-30,2026-07-29,0.08337554605713415
General Mills,2026-07-31,2026-07-30,0.07624707420965693
General Mills,2026-08-01,2026-07-31,0.07223478144981854
General Mills,2026-08-02,2026-08-01,0.0727139601146537
General Mills,2026-08-03,2026-08-02,0.07941868626258108
General Mills,2026-08-04,2026-08-03,0.07749871786190277
General Mills,2026-08-05,2026-08-04,0.06702170786308304
General Mills,2026-08-06,2026-08-05,0.06598031875440413
General Mills,2026-08-07,2026-08-06,0.07311678795364407
General Mills,2026-08-08,2026-08-07,0.07641133631089203
General Mills,2026-08-09,2026-08-08,0.0790332793617583
General Mills,2026-08-10,2026-08-09,0.092113265518461
General Mills,2026-08-11,2026-08-10,0.07118283138209103
General Mills,2026-08-12,2026-08-11,0.0650697967426862
General Mills,2026-08-13,2026-08-12,0.066007317141487
General Mills,2026-08-14,2026-08-13,0.07994126075462582
General Mills,2026-08-15,2026-08-14,0.06377802430926971
General Mills,2026-08-16,2026-08-15,0.07275159115184504
General Mills,2026-08-17,2026-08-16,0.07907752167032878
General Mills,2026-08-18,2026-08-17,0.07743611397957006
General Mills,2026-08-20,2026-08-18,0.06342903651558374
General Mills,2026-08-21,2026-08-20,0.07865519041694358
General Mills,2026-08-22,2026-08-21,0.10901326543770717
General Mills,2026-08-23,2026-08-22,0.07628397879207649
General Mills,2026-08-24,2026-08-23,0.06346664191001727
General Mills,2026-08-25,2026-08-24,0.07116739334604028
General Mills,2026-08-26,2026-08-25,0.07544418210985004
General Mills,2026-08-27,2026-08-26,0.08005282730260577
General Mills,2026-08-28,2026-08-27,0.0694796149370076
Gilead Sciences,2026-07-16,2026-07-15,0.12005147005686634
Gilead Sciences,2026-07-17,2026-07-16,0.09921175609035748
Gilead Sciences,2026-07-18,2026-07-17,0.1325907855923667
Gilead Sciences,2026-07-19,2026-07-18,0.12945908092159075
Gilead Sciences,2026-07-20,2026-07-19,0.1494426867020915
Gilead Sciences,2026-07-21,2026-07-20,0.07027662748624952
Gilead Sciences,2026-07-22,2026-07-21,0.20833347765116528
Gilead Sciences,2026-07-23,2026-07-22,0.19378122926864594
Gilead Sciences,2026-07-24,2026-07-23,0.06642420410889194
Gilead Sciences,2026-07-25,2026-07-24,0.0674089151054994
Gilead Sciences,2026-07-26,2026-07-25,0.0687754399010907
Gilead Sciences,2026-07-27,2026-07-26,0.058112294028923595
Gilead Sciences,2026-07-28,2026-07-27,0.06492200421133865
Gilead Sciences,2026-07-29,2026-07-28,0.06422083766653253
Gilead Sciences,2026-07-30,2026-07-29,0.07146729768418436
Gilead Sciences,2026-07-31,2026-07-30,0.07060557264566214
Gilead Sciences,2026-08-01,2026-07-31,0.06479682642413476
Gilead Sciences,2026-08-02,2026-08-01,0.06702859253079918
Gilead Sciences,2026-08-03,2026-08-02,0.06376486719545349
Gilead Sciences,2026-08-04,2026-08-03,0.06561080485813797
Gilead Sciences,2026-08-05,2026-08-04,0.11056924563175152
Gilead Sciences,2026-08-06,2026-08-05,0.07043823679834016
Gilead Sciences,2026-08-07,2026-08-06,0.06221843122476456
Gilead Sciences,2026-08-08,2026-08-07,0.06638673288723629
Gilead Sciences,2026-08-09,2026-08-08,0.06279495587321549
Gilead Sciences,2026-08-10,2026-08-09,0.06416827444238116
Gilead Sciences,2026-08-11,2026-08-10,0.07687455619669581
Gilead Sciences,2026-08-12,2026-08-11,0.0666989973860419
Gilead Sciences,2026-08-13,2026-08-12,0.06281664284210686
Gilead Sciences,2026-08-14,2026-08-13,0.061707685020769065
Gilead Sciences,2026-08-15,2026-08-14,0.06257465055829858
Gilead Sciences,2026-08-16,2026-08-15,0.07605860985045698
Gilead Sciences,2026-08-17,2026-08-16,0.07073509106469933
Gilead Sciences,2026-08-18,2026-08-17,0.06835646871592915
Gilead Sciences,2026-08-20,2026-08-18,0.0619749985086544
Gilead Sciences,2026-08-21,2026-08-20,0.07451469341844319
Gilead Sciences,2026-08-22,2026-08-21,0.06996410758644678
Gilead Sciences,2026-08-23,2026-08-22,0.06895834632798381
Gilead Sciences,2026-08-24,2026-08-23,0.07352163552179747
Gilead Sciences,2026-08-25,2026-08-24,0.0663053254568341
Gilead Sciences,2026-08-26,2026-08-25,0.05490514422168924
Gilead Sciences,2026-08-27,2026-08-26,0.06511629559085441
Gilead Sciences,2026-08-28,2026-08-27,0.09225579972685949
Goldman Sachs,2026-07-16,2026-07-15,0.18179265292087043
Goldman Sachs,2026-07-17,2026-07-16,0.19473881247321412
Goldman Sachs,2026-07-18,2026-07-17,0.20673105408469084
Goldman Sachs,2026-07-19,2026-07-18,0.25383067253421854
Goldman Sachs,2026-07-20,2026-07-19,0.18517245410406113
Goldman Sachs,2026-07-21,2026-07-20,0.13937022189467363
Goldman Sachs,2026-07-22,2026-07-21,0.18419654985658662
Goldman Sachs,2026-07-23,2026-07-22,0.20139012844614312
Goldman Sachs,2026-07-24,2026-07-23,0.16696834097015856
Goldman Sachs,2026-07-25,2026-07-24,0.16617830840189096
Goldman Sachs,2026-07-26,2026-07-25,0.11480882836277218
Goldman Sachs,2026-07-27,2026-07-26,0.11698990224718264
Goldman Sachs,2026-07-28,2026-07-27,0.13562747691187038
Goldman Sachs,2026-07-29,2026-07-28,0.1453641750980339
Goldman Sachs,2026-07-30,2026-07-29,0.17494064205313342
Goldman Sachs,2026-07-31,2026-07-30,0.16021157683752307
Goldman Sachs,2026-08-01,2026-07-31,0.10995235158741734
Goldman Sachs,2026-08-02,2026-08-01,0.07848688340796628
Goldman Sachs,2026-08-03,2026-08-02,0.11148803957484754
Goldman Sachs,2026-08-04,2026-08-03,0.15887180081773122
Goldman Sachs,2026-08-05,2026-08-04,0.10184308460890923
Goldman Sachs,2026-08-06,2026-08-05,0.11500684588886567
Goldman Sachs,2026-08-07,2026-08-06,0.13247483131448368
Goldman Sachs,2026-08-08,2026-08-07,0.15643979343979186
Goldman Sachs,2026-08-09,2026-08-08,0.07257333754224782
Goldman Sachs,2026-08-10,2026-08-09,0.1319888318708835
Goldman Sachs,2026-08-11,2026-08-10,0.12138190020873996
Goldman Sachs,2026-08-12,2026-08-11,0.07074709846502714
Goldman Sachs,2026-08-13,2026-08-12,0.1764662433455042
Goldman Sachs,2026-08-14,2026-08-13,0.1313434336004381
Goldman Sachs,2026-08-15,2026-08-14,0.05990346535533353
Goldman Sachs,2026-08-16,2026-08-15,0.07420234435694828
Goldman Sachs,2026-08-17,2026-08-16,0.07544843158009795
Goldman Sachs,2026-08-18,2026-08-17,0.1372792027197388
Goldman Sachs,2026-08-20,2026-08-18,0.10418218046166183
Goldman Sachs,2026-08-21,2026-08-20,0.09379785462154155
Goldman Sachs,2026-08-22,2026-08-21,0.1769198269882334
Goldman Sachs,2026-08-23,2026-08-22,0.06545030436708443
Goldman Sachs,2026-08-24,2026-08-23,0.09281976159109973
Goldman Sachs,2026-08-25,2026-08-24,0.08909725074595742
Goldman Sachs,2026-08-26,2026-08-25,0.09644753905886594
Goldman Sachs,2026-08-27,2026-08-26,0.0721622158184475
Goldman Sachs,2026-08-28,2026-08-27,0.06971805974061218
Hewlett Packard Enterprise,2026-07-16,2026-07-15,0.14303822479354256
Hewlett Packard Enterprise,2026-07-17,2026-07-16,0.12910979453820148
Hewlett Packard Enterprise,2026-07-18,2026-07-17,0.11743418183331411
Hewlett Packard Enterprise,2026-07-19,2026-07-18,0.13650567296552263
Hewlett Packard Enterprise,2026-07-20,2026-07-19,0.1405639962454137
Hewlett Packard Enterprise,2026-07-21,2026-07-20,0.10255246139412788
Hewlett Packard Enterprise,2026-07-22,2026-07-21,0.17409172015350294
Hewlett Packard Enterprise,2026-07-23,2026-07-22,0.17379401868691868
Hewlett Packard Enterprise,2026-07-24,2026-07-23,0.06646758783794515
Hewlett Packard Enterprise,2026-07-25,2026-07-24,0.09144167867646835
Hewlett Packard Enterprise,2026-07-26,2026-07-25,0.07261321311401048
Hewlett Packard Enterprise,2026-07-27,2026-07-26,0.06415501109987398
Hewlett Packard Enterprise,2026-07-28,2026-07-27,0.08356731199590883
Hewlett Packard Enterprise,2026-07-29,2026-07-28,0.07631807076805375
Hewlett Packard Enterprise,2026-07-30,2026-07-29,0.0811584634549084
Hewlett Packard Enterprise,2026-07-31,2026-07-30,0.07816897753087326
Hewlett Packard Enterprise,2026-08-01,2026-07-31,0.0732978577713077
Hewlett Packard Enterprise,2026-08-02,2026-08-01,0.0678972067035073
Hewlett Packard Enterprise,2026-08-03,2026-08-02,0.07469369012384952
Hewlett Packard Enterprise,2026-08-04,2026-08-03,0.10043324826284716
Hewlett Packard Enterprise,2026-08-05,2026-08-04,0.08253267000564579
Hewlett Packard Enterprise,2026-08-06,2026-08-05,0.07613944178902854
Hewlett Packard Enterprise,2026-08-07,2026-08-06,0.06831602348677401
Hewlett Packard Enterprise,2026-08-08,2026-08-07,0.06184486133245293
Hewlett Packard Enterprise,2026-08-09,2026-08-08,0.06424446187423016
Hewlett Packard Enterprise,2026-08-10,2026-08-09,0.11460324293319302
Hewlett Packard Enterprise,2026-08-11,2026-08-10,0.07151467161843184
Hewlett Packard Enterprise,2026-08-12,2026-08-11,0.05970822671745668
Hewlett Packard Enterprise,2026-08-13,2026-08-12,0.0804367758810276
Hewlett Packard Enterprise,2026-08-14,2026-08-13,0.08360879225615636
Hewlett Packard Enterprise,2026-08-15,2026-08-14,0.07105443847403003
Hewlett Packard Enterprise,2026-08-16,2026-08-15,0.06101493453774476
Hewlett Packard Enterprise,2026-08-17,2026-08-16,0.06450629416172216
Hewlett Packard Enterprise,2026-08-18,2026-08-17,0.06537799157740565
Hewlett Packard Enterprise,2026-08-20,2026-08-18,0.08606272726962994
Hewlett Packard Enterprise,2026-08-21,2026-08-20,0.06727055692733097
Hewlett Packard Enterprise,2026-08-22,2026-08-21,0.08469149604680304
Hewlett Packard Enterprise,2026-08-23,2026-08-22,0.09102644191785425
Hewlett Packard Enterprise,2026-08-24,2026-08-23,0.06775871705141889
Hewlett Packard Enterprise,2026-08-25,2026-08-24,0.06119676481707992
Hewlett Packard Enterprise,2026-08-26,2026-08-25,0.07248547343266198
Hewlett Packard Enterprise,2026-08-27,2026-08-26,0.06472007856670858
Hewlett Packard Enterprise,2026-08-28,2026-08-27,0.0646832376935006
International Flavors & Fragrances,2026-07-16,2026-07-15,0.1298263977785873
International Flavors & Fragrances,2026-07-17,2026-07-16,0.12134678722854741
International Flavors & Fragrances,2026-07-18,2026-07-17,0.14379122113462073
International Flavors & Fragrances,2026-07-19,2026-07-18,0.15717423539538877
International Flavors & Fragrances,2026-07-20,2026-07-19,0.1442997489717397
International Flavors & Fragrances,2026-07-21,2026-07-20,0.11364396757496698
International Flavors & Fragrances,2026-07-22,2026-07-21,0.19385375443415287
International Flavors & Fragrances,2026-07-23,2026-07-22,0.17151384224477917
International Flavors & Fragrances,2026-07-24,2026-07-23,0.07278075133515849
International Flavors & Fragrances,2026-07-25,2026-07-24,0.07502034682674585
International Flavors & Fragrances,2026-07-26,2026-07-25,0.06400818517295914
International Flavors & Fragrances,2026-07-27,2026-07-26,0.07244769863888889
International Flavors & Fragrances,2026-07-28,2026-07-27,0.10682241685996396
International Flavors & Fragrances,2026-07-29,2026-07-28,0.07098044617585708
International Flavors & Fragrances,2026-07-30,2026-07-29,0.06486467197432033
International Flavors & Fragrances,2026-07-31,2026-07-30,0.06883327593140998
International Flavors & Fragrances,2026-08-01,2026-07-31,0.08165120373000434
International Flavors & Fragrances,2026-08-02,2026-08-01,0.0706779648080933
International Flavors & Fragrances,2026-08-03,2026-08-02,0.08745751973387716
International Flavors & Fragrances,2026-08-04,2026-08-03,0.0845049299325874
International Flavors & Fragrances,2026-08-05,2026-08-04,0.12233624711440749
International Flavors & Fragrances,2026-08-06,2026-08-05,0.0791918920327761
International Flavors & Fragrances,2026-08-07,2026-08-06,0.08524309408001374
International Flavors & Fragrances,2026-08-08,2026-08-07,0.09580496414123563
International Flavors & Fragrances,2026-08-09,2026-08-08,0.0698527094489545
International Flavors & Fragrances,2026-08-10,2026-08-09,0.07483399910503086
International Flavors & Fragrances,2026-08-11,2026-08-10,0.07323092405055309
International Flavors & Fragrances,2026-08-12,2026-08-11,0.06833357653148897
International Flavors & Fragrances,2026-08-13,2026-08-12,0.08961328037257243
International Flavors & Fragrances,2026-08-14,2026-08-13,0.07116018567448523
International Flavors & Fragrances,2026-08-15,2026-08-14,0.07733293743138614
International Flavors & Fragrances,2026-08-16,2026-08-15,0.06651820689916332
International Flavors & Fragrances,2026-08-17,2026-08-16,0.0752614172806575
International Flavors & Fragrances,2026-08-18,2026-08-17,0.08244031880891423
International Flavors & Fragrances,2026-08-20,2026-08-18,0.11402706395351292
International Flavors & Fragrances,2026-08-21,2026-08-20,0.06946004975043396
International Flavors & Fragrances,2026-08-22,2026-08-21,0.06481058529793382
International Flavors & Fragrances,2026-08-23,2026-08-22,0.06430217888011835
International Flavors & Fragrances,2026-08-24,2026-08-23,0.06580751709256616
International Flavors & Fragrances,2026-08-25,2026-08-24,0.07309082007383172
International Flavors & Fragrances,2026-08-26,2026-08-25,0.07624503396856197
International Flavors & Fragrances,2026-08-27,2026-08-26,0.08221180546716755
International Flavors & Fragrances,2026-08-28,2026-08-27,0.06863352760010633
International Paper,2026-07-16,2026-07-15,0.13656284423822806
International Paper,2026-07-17,2026-07-16,0.1143145026711877
International Paper,2026-07-18,2026-07-17,0.17461108052920926
International Paper,2026-07-19,2026-07-18,0.11615461097252955
International Paper,2026-07-20,2026-07-19,0.14188225237466867
International Paper,2026-07-21,2026-07-20,0.06780798274963573
International Paper,2026-07-22,2026-07-21,0.2516948106812994
International Paper,2026-07-23,2026-07-22,0.2701572586161537
International Paper,2026-07-24,2026-07-23,0.08125289826378124
International Paper,2026-07-25,2026-07-24,0.08916704845420209
International Paper,2026-07-26,2026-07-25,0.08515401705744119
International Paper,2026-07-27,2026-07-26,0.06892071175548742
International Paper,2026-07-28,2026-07-27,0.11452147052803452
International Paper,2026-07-29,2026-07-28,0.10417040833192259
International Paper,2026-07-30,2026-07-29,0.07663892017478469
International Paper,2026-07-31,2026-07-30,0.10333455585680318
International Paper,2026-08-01,2026-07-31,0.10275073909758536
International Paper,2026-08-02,2026-08-01,0.07655151621240353
International Paper,2026-08-03,2026-08-02,0.09349201387258976
International Paper,2026-08-04,2026-08-03,0.11168270824367355
International Paper,2026-08-05,2026-08-04,0.07350376704052897
International Paper,2026-08-06,2026-08-05,0.07383650932566654
International Paper,2026-08-07,2026-08-06,0.0796138906164221
International Paper,2026-08-08,2026-08-07,0.09976519934003492
International Paper,2026-08-09,2026-08-08,0.0857815134932568
International Paper,2026-08-10,2026-08-09,0.07843794032538709
International Paper,2026-08-11,2026-08-10,0.08642434174255531
International Paper,2026-08-12,2026-08-11,0.0811674066026642
International Paper,2026-08-13,2026-08-12,0.07445189400704055
International Paper,2026-08-14,2026-08-13,0.06425661451237363
International Paper,2026-08-15,2026-08-14,0.06981178466895976
International Paper,2026-08-16,2026-08-15,0.06994848000366238
International Paper,2026-08-17,2026-08-16,0.07753553359968646
International Paper,2026-08-18,2026-08-17,0.07349736766788606
International Paper,2026-08-20,2026-08-18,0.06874014708085463
International Paper,2026-08-21,2026-08-20,0.06423177721984463
International Paper,2026-08-22,2026-08-21,0.082412386112376
International Paper,2026-08-23,2026-08-22,0.06749812626663532
International Paper,2026-08-24,2026-08-23,0.08933859414078205
International Paper,2026-08-25,2026-08-24,0.06923860044281815
International Paper,2026-08-26,2026-08-25,0.07725988811735462
International Paper,2026-08-27,2026-08-26,0.06991690103656367
International Paper,2026-08-28,2026-08-27,0.07337239463479894
Iron Mountain,2026-07-16,2026-07-15,0.10982134964527124
Iron Mountain,2026-07-17,2026-07-16,0.1583241638646321
Iron Mountain,2026-07-18,2026-07-17,0.14193207587359769
Iron Mountain,2026-07-19,2026-07-18,0.11559610131765019
Iron Mountain,2026-07-20,2026-07-19,0.22054747208523484
Iron Mountain,2026-07-21,2026-07-20,0.06024799125210745
Iron Mountain,2026-07-22,2026-07-21,0.25483707062437044
Iron Mountain,2026-07-23,2026-07-22,0.2586488445855054
Iron Mountain,2026-07-24,2026-07-23,0.05712539385281434
Iron Mountain,2026-07-25,2026-07-24,0.07233359128074113
Iron Mountain,2026-07-26,2026-07-25,0.05215909282046105
Iron Mountain,2026-07-27,2026-07-26,0.05200937875706613
Iron Mountain,2026-07-28,2026-07-27,0.057533584688188366
Iron Mountain,2026-07-29,2026-07-28,0.07199893077641528
Iron Mountain,2026-07-30,2026-07-29,0.07035052600637126
Iron Mountain,2026-07-31,2026-07-30,0.05878425848199864
Iron Mountain,2026-08-01,2026-07-31,0.05198225912237453
Iron Mountain,2026-08-02,2026-08-01,0.057984256090076625
Iron Mountain,2026-08-03,2026-08-02,0.05828625349107097
Iron Mountain,2026-08-04,2026-08-03,0.07410127589602533
Iron Mountain,2026-08-05,2026-08-04,0.0964445837441632
Iron Mountain,2026-08-06,2026-08-05,0.07379776167102681
Iron Mountain,2026-08-07,2026-08-06,0.05558218233411538
Iron Mountain,2026-08-08,2026-08-07,0.07802234717244516
Iron Mountain,2026-08-09,2026-08-08,0.04379892483790926
Iron Mountain,2026-08-10,2026-08-09,0.043847970709959494
Iron Mountain,2026-08-11,2026-08-10,0.04682669304698206
Iron Mountain,2026-08-12,2026-08-11,0.05086705189795171
Iron Mountain,2026-08-13,2026-08-12,0.0758783481032651
Iron Mountain,2026-08-14,2026-08-13,0.060038485371587624
Iron Mountain,2026-08-15,2026-08-14,0.06079831942132319
Iron Mountain,2026-08-16,2026-08-15,0.0730692736267129
Iron Mountain,2026-08-17,2026-08-16,0.05738057704496202
Iron Mountain,2026-08-18,2026-08-17,0.05697816900693653
Iron Mountain,2026-08-20,2026-08-18,0.07780740387377405
Iron Mountain,2026-08-21,2026-08-20,0.05571324979135506
Iron Mountain,2026-08-22,2026-08-21,0.04755454260512659
Iron Mountain,2026-08-23,2026-08-22,0.04461810653675691
Iron Mountain,2026-08-24,2026-08-23,0.04889531885846443
Iron Mountain,2026-08-25,2026-08-24,0.04847488512598952
Iron Mountain,2026-08-26,2026-08-25,0.04622127044854718
Iron Mountain,2026-08-27,2026-08-26,0.04807100775759965
Iron Mountain,2026-08-28,2026-08-27,0.07130196144699641
JPMorgan Chase,2026-07-16,2026-07-15,0.13804424092203427
JPMorgan Chase,2026-07-17,2026-07-16,0.19356936264421065
JPMorgan Chase,2026-07-18,2026-07-17,0.1920843486606263
JPMorgan Chase,2026-07-19,2026-07-18,0.25490067231169167
JPMorgan Chase,2026-07-20,2026-07-19,0.19609729381552643
JPMorgan Chase,2026-07-21,2026-07-20,0.11749700389422513
JPMorgan Chase,2026-07-22,2026-07-21,0.23023984709420353
JPMorgan Chase,2026-07-23,2026-07-22,0.23948437789862753
JPMorgan Chase,2026-07-24,2026-07-23,0.15162500629412667
JPMorgan Chase,2026-07-25,2026-07-24,0.10911052791012688
JPMorgan Chase,2026-07-26,2026-07-25,0.13683097808794487
JPMorgan Chase,2026-07-27,2026-07-26,0.09732403615990182
JPMorgan Chase,2026-07-28,2026-07-27,0.10550699392739238
JPMorgan Chase,2026-07-29,2026-07-28,0.12926867184520563
JPMorgan Chase,2026-07-30,2026-07-29,0.15526760850327537
JPMorgan Chase,2026-07-31,2026-07-30,0.14722604825771324
JPMorgan Chase,2026-08-01,2026-07-31,0.14422015718113412
JPMorgan Chase,2026-08-02,2026-08-01,0.134455629515437
JPMorgan Chase,2026-08-03,2026-08-02,0.08292763093030209
JPMorgan Chase,2026-08-04,2026-08-03,0.17185273925310807
JPMorgan Chase,2026-08-05,2026-08-04,0.12193708424045857
JPMorgan Chase,2026-08-06,2026-08-05,0.15369528873547422
JPMorgan Chase,2026-08-07,2026-08-06,0.11001502894654602
JPMorgan Chase,2026-08-08,2026-08-07,0.09349772454309224
JPMorgan Chase,2026-08-09,2026-08-08,0.10903706193876062
JPMorgan Chase,2026-08-10,2026-08-09,0.15795156576270664
JPMorgan Chase,2026-08-11,2026-08-10,0.08673949536899728
JPMorgan Chase,2026-08-12,2026-08-11,0.0769387750461834
JPMorgan Chase,2026-08-13,2026-08-12,0.14431462223817648
JPMorgan Chase,2026-08-14,2026-08-13,0.12797774993335198
JPMorgan Chase,2026-08-15,2026-08-14,0.08947536925138999
JPMorgan Chase,2026-08-16,2026-08-15,0.07094742093384321
JPMorgan Chase,2026-08-17,2026-08-16,0.06658579202592041
JPMorgan Chase,2026-08-18,2026-08-17,0.08496940848116774
JPMorgan Chase,2026-08-20,2026-08-18,0.07376112934803769
JPMorgan Chase,2026-08-21,2026-08-20,0.06497828715092091
JPMorgan Chase,2026-08-22,2026-08-21,0.11731310670211548
JPMorgan Chase,2026-08-23,2026-08-22,0.06066325030147279
JPMorgan Chase,2026-08-24,2026-08-23,0.0816461609847754
JPMorgan Chase,2026-08-25,2026-08-24,0.08424076344894926
JPMorgan Chase,2026-08-26,2026-08-25,0.08757815443222383
JPMorgan Chase,2026-08-27,2026-08-26,0.0835966082464139
JPMorgan Chase,2026-08-28,2026-08-27,0.10690315851368737
Kimco Realty,2026-07-16,2026-07-15,0.13767061145100856
Kimco Realty,2026-07-17,2026-07-16,0.2054436935748687
Kimco Realty,2026-07-18,2026-07-17,0.2363896983512982
Kimco Realty,2026-07-19,2026-07-18,0.13853936119367782
Kimco Realty,2026-07-20,2026-07-19,0.27352857558893806
Kimco Realty,2026-07-21,2026-07-20,0.0722802945510983
Kimco Realty,2026-07-22,2026-07-21,0.1845898151698555
Kimco Realty,2026-07-23,2026-07-22,0.16958340033285657
Kimco Realty,2026-07-24,2026-07-23,0.06513991782757056
Kimco Realty,2026-07-25,2026-07-24,0.0711555026829559
Kimco Realty,2026-07-26,2026-07-25,0.06913549975057598
Kimco Realty,2026-07-27,2026-07-26,0.05742746177429847
Kimco Realty,2026-07-28,2026-07-27,0.08029219536408316
Kimco Realty,2026-07-29,2026-07-28,0.0682822568831506
Kimco Realty,2026-07-30,2026-07-29,0.06707200045631179
Kimco Realty,2026-07-31,2026-07-30,0.07006089595741816
Kimco Realty,2026-08-01,2026-07-31,0.06489105888433278
Kimco Realty,2026-08-02,2026-08-01,0.06591376005074323
Kimco Realty,2026-08-03,2026-08-02,0.07495927442538053
Kimco Realty,2026-08-04,2026-08-03,0.09198129082561068
Kimco Realty,2026-08-05,2026-08-04,0.0783596511741892
Kimco Realty,2026-08-06,2026-08-05,0.08663871396809475
Kimco Realty,2026-08-07,2026-08-06,0.06910102264778761
Kimco Realty,2026-08-08,2026-08-07,0.09616228689440054
Kimco Realty,2026-08-09,2026-08-08,0.06582576987912914
Kimco Realty,2026-08-10,2026-08-09,0.07230409517121095
Kimco Realty,2026-08-11,2026-08-10,0.06106507688586249
Kimco Realty,2026-08-12,2026-08-11,0.06346547968616534
Kimco Realty,2026-08-13,2026-08-12,0.06730966167740393
Kimco Realty,2026-08-14,2026-08-13,0.06470038365854258
Kimco Realty,2026-08-15,2026-08-14,0.061564503231356316
Kimco Realty,2026-08-16,2026-08-15,0.09078032734286912
Kimco Realty,2026-08-17,2026-08-16,0.06366769294767205
Kimco Realty,2026-08-18,2026-08-17,0.06171626631318072
Kimco Realty,2026-08-20,2026-08-18,0.08473416650969512
Kimco Realty,2026-08-21,2026-08-20,0.0654088174660673
Kimco Realty,2026-08-22,2026-08-21,0.07375322527449812
Kimco Realty,2026-08-23,2026-08-22,0.06774050067844994
Kimco Realty,2026-08-24,2026-08-23,0.07347521766981846
Kimco Realty,2026-08-25,2026-08-24,0.07909447317766827
Kimco Realty,2026-08-26,2026-08-25,0.06496128984930061
Kimco Realty,2026-08-27,2026-08-26,0.059953604625636925
Kimco Realty,2026-08-28,2026-08-27,0.060578286503532364
LyondellBasell,2026-07-16,2026-07-15,0.11742152388772242
LyondellBasell,2026-07-17,2026-07-16,0.14542444882424987
LyondellBasell,2026-07-18,2026-07-17,0.14183572750684093
LyondellBasell,2026-07-19,2026-07-18,0.09880413429784707
LyondellBasell,2026-07-20,2026-07-19,0.12366767448116411
LyondellBasell,2026-07-21,2026-07-20,0.06696293056529867
LyondellBasell,2026-07-22,2026-07-21,0.13272278602851628
LyondellBasell,2026-07-23,2026-07-22,0.14334792781514671
LyondellBasell,2026-07-24,2026-07-23,0.09268676447177004
LyondellBasell,2026-07-25,2026-07-24,0.07261589542836522
LyondellBasell,2026-07-26,2026-07-25,0.07983479778646585
LyondellBasell,2026-07-27,2026-07-26,0.06580695599646125
LyondellBasell,2026-07-28,2026-07-27,0.07337286458639714
LyondellBasell,2026-07-29,2026-07-28,0.0799694533217562
LyondellBasell,2026-07-30,2026-07-29,0.07238842660680522
LyondellBasell,2026-07-31,2026-07-30,0.08050491245644409
LyondellBasell,2026-08-01,2026-07-31,0.09474125112276377
LyondellBasell,2026-08-02,2026-08-01,0.08474322300530979
LyondellBasell,2026-08-03,2026-08-02,0.11252427443730018
LyondellBasell,2026-08-04,2026-08-03,0.10087635360828118
LyondellBasell,2026-08-05,2026-08-04,0.07434417869095011
LyondellBasell,2026-08-06,2026-08-05,0.07269629092877772
LyondellBasell,2026-08-07,2026-08-06,0.06802500507884035
LyondellBasell,2026-08-08,2026-08-07,0.0698718198422843
LyondellBasell,2026-08-09,2026-08-08,0.06898544767106063
LyondellBasell,2026-08-10,2026-08-09,0.06148541627506576
LyondellBasell,2026-08-11,2026-08-10,0.07850445079806168
LyondellBasell,2026-08-12,2026-08-11,0.07877693718034251
LyondellBasell,2026-08-13,2026-08-12,0.06344120611543413
LyondellBasell,2026-08-14,2026-08-13,0.06058002788587702
LyondellBasell,2026-08-15,2026-08-14,0.06657196757543848
LyondellBasell,2026-08-16,2026-08-15,0.0674014059283159
LyondellBasell,2026-08-17,2026-08-16,0.061162753971823025
LyondellBasell,2026-08-18,2026-08-17,0.06439478981826807
LyondellBasell,2026-08-20,2026-08-18,0.07101348696080556
LyondellBasell,2026-08-21,2026-08-20,0.07255428968063016
LyondellBasell,2026-08-22,2026-08-21,0.0747580264511325
LyondellBasell,2026-08-23,2026-08-22,0.07212413083221514
LyondellBasell,2026-08-24,2026-08-23,0.06268275669096579
LyondellBasell,2026-08-25,2026-08-24,0.07809190387401421
LyondellBasell,2026-08-26,2026-08-25,0.06794428738150138
LyondellBasell,2026-08-27,2026-08-26,0.06953804661331608
LyondellBasell,2026-08-28,2026-08-27,0.07294031395792422
Martin Marietta Materials,2026-07-16,2026-07-15,0.23348074984201328
Martin Marietta Materials,2026-07-17,2026-07-16,0.26571062897243036
Martin Marietta Materials,2026-07-18,2026-07-17,0.19392522542488155
Martin Marietta Materials,2026-07-19,2026-07-18,0.26216118458308335
Martin Marietta Materials,2026-07-20,2026-07-19,0.35245376781722426
Martin Marietta Materials,2026-07-21,2026-07-20,0.06924135854979907
Martin Marietta Materials,2026-07-22,2026-07-21,0.224990011323413
Martin Marietta Materials,2026-07-23,2026-07-22,0.21209723922615342
Martin Marietta Materials,2026-07-24,2026-07-23,0.06342765451785681
Martin Marietta Materials,2026-07-25,2026-07-24,0.06915369687492479
Martin Marietta Materials,2026-07-26,2026-07-25,0.06746062068068148
Martin Marietta Materials,2026-07-27,2026-07-26,0.06887920298815997
Martin Marietta Materials,2026-07-28,2026-07-27,0.07299647214481109
Martin Marietta Materials,2026-07-29,2026-07-28,0.08285514369004576
Martin Marietta Materials,2026-07-30,2026-07-29,0.06993819613510555
Martin Marietta Materials,2026-07-31,2026-07-30,0.10363654367236796
Martin Marietta Materials,2026-08-01,2026-07-31,0.08869732802511732
Martin Marietta Materials,2026-08-02,2026-08-01,0.07385201084517778
Martin Marietta Materials,2026-08-03,2026-08-02,0.10096072996137084
Martin Marietta Materials,2026-08-04,2026-08-03,0.11168502861760399
Martin Marietta Materials,2026-08-05,2026-08-04,0.07872018459178876
Martin Marietta Materials,2026-08-06,2026-08-05,0.0814106330778318
Martin Marietta Materials,2026-08-07,2026-08-06,0.06799644580954955
Martin Marietta Materials,2026-08-08,2026-08-07,0.06595138967743852
Martin Marietta Materials,2026-08-09,2026-08-08,0.08058180325164022
Martin Marietta Materials,2026-08-10,2026-08-09,0.07686264375875829
Martin Marietta Materials,2026-08-11,2026-08-10,0.06943162240626344
Martin Marietta Materials,2026-08-12,2026-08-11,0.06569885860572944
Martin Marietta Materials,2026-08-13,2026-08-12,0.09402307639556673
Martin Marietta Materials,2026-08-14,2026-08-13,0.07595147394138535
Martin Marietta Materials,2026-08-15,2026-08-14,0.0707902673431231
Martin Marietta Materials,2026-08-16,2026-08-15,0.07155916696360143
Martin Marietta Materials,2026-08-17,2026-08-16,0.0712760771109332
Martin Marietta Materials,2026-08-18,2026-08-17,0.07950296648954591
Martin Marietta Materials,2026-08-20,2026-08-18,0.08889484075231191
Martin Marietta Materials,2026-08-21,2026-08-20,0.07503670499295323
Martin Marietta Materials,2026-08-22,2026-08-21,0.11002798280350168
Martin Marietta Materials,2026-08-23,2026-08-22,0.06502486685965048
Martin Marietta Materials,2026-08-24,2026-08-23,0.06793292874341128
Martin Marietta Materials,2026-08-25,2026-08-24,0.06507458989450132
Martin Marietta Materials,2026-08-26,2026-08-25,0.11409573428164077
Martin Marietta Materials,2026-08-27,2026-08-26,0.0741643388746539
Martin Marietta Materials,2026-08-28,2026-08-27,0.06965121521520967
Meta Platforms,2026-07-16,2026-07-15,0.17039806889473563
Meta Platforms,2026-07-17,2026-07-16,0.15605234810349988
Meta Platforms,2026-07-18,2026-07-17,0.0915415328536644
Meta Platforms,2026-07-19,2026-07-18,0.07711888765171704
Meta Platforms,2026-07-20,2026-07-19,0.09181971061459004
Meta Platforms,2026-07-21,2026-07-20,0.10506945539838974
Meta Platforms,2026-07-22,2026-07-21,0.15476082244871292
Meta Platforms,2026-07-23,2026-07-22,0.14451444650777023
Meta Platforms,2026-07-24,2026-07-23,0.08501330200378787
Meta Platforms,2026-07-25,2026-07-24,0.08436325680489631
Meta Platforms,2026-07-26,2026-07-25,0.08088188103549443
Meta Platforms,2026-07-27,2026-07-26,0.08128168146993364
Meta Platforms,2026-07-28,2026-07-27,0.07276298951869908
Meta Platforms,2026-07-29,2026-07-28,0.07315931899453165
Meta Platforms,2026-07-30,2026-07-29,0.09718279453331591
Meta Platforms,2026-07-31,2026-07-30,0.1174779995392915
Meta Platforms,2026-08-01,2026-07-31,0.0849870304086594
Meta Platforms,2026-08-02,2026-08-01,0.08015558251467259
Meta Platforms,2026-08-03,2026-08-02,0.09223535234675495
Meta Platforms,2026-08-04,2026-08-03,0.10597189069370005
Meta Platforms,2026-08-05,2026-08-04,0.10240200267931154
Meta Platforms,2026-08-06,2026-08-05,0.09308449064902535
Meta Platforms,2026-08-07,2026-08-06,0.09849395950384765
Meta Platforms,2026-08-08,2026-08-07,0.08987608490063936
Meta Platforms,2026-08-09,2026-08-08,0.0939585984562199
Meta Platforms,2026-08-10,2026-08-09,0.11632230225997364
Meta Platforms,2026-08-11,2026-08-10,0.11048583209153895
Meta Platforms,2026-08-12,2026-08-11,0.08987425641975189
Meta Platforms,2026-08-13,2026-08-12,0.08876420229869575
Meta Platforms,2026-08-14,2026-08-13,0.09647414008063104
Meta Platforms,2026-08-15,2026-08-14,0.05960000144474309
Meta Platforms,2026-08-16,2026-08-15,0.05085280526452174
Meta Platforms,2026-08-17,2026-08-16,0.06989537381873323
Meta Platforms,2026-08-18,2026-08-17,0.07538312438887751
Meta Platforms,2026-08-20,2026-08-18,0.08329465507239187
Meta Platforms,2026-08-21,2026-08-20,0.08044338097689319
Meta Platforms,2026-08-22,2026-08-21,0.07401934642413976
Meta Platforms,2026-08-23,2026-08-22,0.06928931739060262
Meta Platforms,2026-08-24,2026-08-23,0.08033158069707103
Meta Platforms,2026-08-25,2026-08-24,0.09282746659498897
Meta Platforms,2026-08-26,2026-08-25,0.09548071148097548
Meta Platforms,2026-08-27,2026-08-26,0.08044576668583237
Meta Platforms,2026-08-28,2026-08-27,0.07069193859768641
Mid-America Apartment Communities,2026-07-16,2026-07-15,0.17728392391063452
Mid-America Apartment Communities,2026-07-17,2026-07-16,0.21961542534608425
Mid-America Apartment Communities,2026-07-18,2026-07-17,0.09532573894274077
Mid-America Apartment Communities,2026-07-19,2026-07-18,0.11874886664278372
Mid-America Apartment Communities,2026-07-20,2026-07-19,0.13451244424877096
Mid-America Apartment Communities,2026-07-21,2026-07-20,0.0876428031989277
Mid-America Apartment Communities,2026-07-22,2026-07-21,0.1536243958510869
Mid-America Apartment Communities,2026-07-23,2026-07-22,0.1359787192095212
Mid-America Apartment Communities,2026-07-24,2026-07-23,0.07292175584506988
Mid-America Apartment Communities,2026-07-25,2026-07-24,0.09590155164502956
Mid-America Apartment Communities,2026-07-26,2026-07-25,0.07630938476685367
Mid-America Apartment Communities,2026-07-27,2026-07-26,0.06801905870656622
Mid-America Apartment Communities,2026-07-28,2026-07-27,0.07368529934412615
Mid-America Apartment Communities,2026-07-29,2026-07-28,0.08259035301351791
Mid-America Apartment Communities,2026-07-30,2026-07-29,0.09166172055546484
Mid-America Apartment Communities,2026-07-31,2026-07-30,0.0972293695758043
Mid-America Apartment Communities,2026-08-01,2026-07-31,0.09562957665487304
Mid-America Apartment Communities,2026-08-02,2026-08-01,0.06919443581748108
Mid-America Apartment Communities,2026-08-03,2026-08-02,0.06692276761986593
Mid-America Apartment Communities,2026-08-04,2026-08-03,0.06642524205586542
Mid-America Apartment Communities,2026-08-05,2026-08-04,0.061426797426433866
Mid-America Apartment Communities,2026-08-06,2026-08-05,0.07623354056646148
Mid-America Apartment Communities,2026-08-07,2026-08-06,0.07817606261547017
Mid-America Apartment Communities,2026-08-08,2026-08-07,0.1022665357343906
Mid-America Apartment Communities,2026-08-09,2026-08-08,0.07289618064695569
Mid-America Apartment Communities,2026-08-10,2026-08-09,0.0699090895949761
Mid-America Apartment Communities,2026-08-11,2026-08-10,0.06593404597702335
Mid-America Apartment Communities,2026-08-12,2026-08-11,0.08074530380568523
Mid-America Apartment Communities,2026-08-13,2026-08-12,0.0912106365724864
Mid-America Apartment Communities,2026-08-14,2026-08-13,0.06181048032719272
Mid-America Apartment Communities,2026-08-15,2026-08-14,0.06233298343987037
Mid-America Apartment Communities,2026-08-16,2026-08-15,0.06300459930032076
Mid-America Apartment Communities,2026-08-17,2026-08-16,0.06247083227107142
Mid-America Apartment Communities,2026-08-18,2026-08-17,0.062187626078250235
Mid-America Apartment Communities,2026-08-20,2026-08-18,0.06781197508603942
Mid-America Apartment Communities,2026-08-21,2026-08-20,0.05507359623809682
Mid-America Apartment Communities,2026-08-22,2026-08-21,0.06512396691674416
Mid-America Apartment Communities,2026-08-23,2026-08-22,0.06684849383039793
Mid-America Apartment Communities,2026-08-24,2026-08-23,0.07827297788237053
Mid-America Apartment Communities,2026-08-25,2026-08-24,0.06239726727372952
Mid-America Apartment Communities,2026-08-26,2026-08-25,0.05891463668538344
Mid-America Apartment Communities,2026-08-27,2026-08-26,0.07369870625960406
Mid-America Apartment Communities,2026-08-28,2026-08-27,0.0646103156530532
Mosaic Company (The),2026-07-16,2026-07-15,0.14213824759839466
Mosaic Company (The),2026-07-17,2026-07-16,0.13181957003945177
Mosaic Company (The),2026-07-18,2026-07-17,0.10857386733063878
Mosaic Company (The),2026-07-19,2026-07-18,0.17195078316665358
Mosaic Company (The),2026-07-20,2026-07-19,0.1962156103900108
Mosaic Company (The),2026-07-21,2026-07-20,0.07159617085252912
Mosaic Company (The),2026-07-22,2026-07-21,0.16031116138178225
Mosaic Company (The),2026-07-23,2026-07-22,0.1493869279819472
Mosaic Company (The),2026-07-24,2026-07-23,0.07502931021044668
Mosaic Company (The),2026-07-25,2026-07-24,0.0644710137366058
Mosaic Company (The),2026-07-26,2026-07-25,0.06296112807267729
Mosaic Company (The),2026-07-27,2026-07-26,0.062489308316830305
Mosaic Company (The),2026-07-28,2026-07-27,0.06990711101394809
Mosaic Company (The),2026-07-29,2026-07-28,0.0632899489630343
Mosaic Company (The),2026-07-30,2026-07-29,0.0763026613053629
Mosaic Company (The),2026-07-31,2026-07-30,0.06230040041968277
Mosaic Company (The),2026-08-01,2026-07-31,0.06114083772194889
Mosaic Company (The),2026-08-02,2026-08-01,0.0694628862991088
Mosaic Company (The),2026-08-03,2026-08-02,0.06831911720144868
Mosaic Company (The),2026-08-04,2026-08-03,0.07501968402742043
Mosaic Company (The),2026-08-05,2026-08-04,0.0980715531325893
Mosaic Company (The),2026-08-06,2026-08-05,0.07985315104227542
Mosaic Company (The),2026-08-07,2026-08-06,0.06695953003341304
Mosaic Company (The),2026-08-08,2026-08-07,0.06424902233840579
Mosaic Company (The),2026-08-09,2026-08-08,0.07251737603736508
Mosaic Company (The),2026-08-10,2026-08-09,0.06771966388892514
Mosaic Company (The),2026-08-11,2026-08-10,0.06386349561031757
Mosaic Company (The),2026-08-12,2026-08-11,0.06314314560816892
Mosaic Company (The),2026-08-13,2026-08-12,0.07581409517471971
Mosaic Company (The),2026-08-14,2026-08-13,0.06726719348186005
Mosaic Company (The),2026-08-15,2026-08-14,0.06709935469170913
Mosaic Company (The),2026-08-16,2026-08-15,0.07315947490314301
Mosaic Company (The),2026-08-17,2026-08-16,0.06343417932052209
Mosaic Company (The),2026-08-18,2026-08-17,0.07593965597072183
Mosaic Company (The),2026-08-20,2026-08-18,0.07170131300786464
Mosaic Company (The),2026-08-21,2026-08-20,0.06482789101180886
Mosaic Company (The),2026-08-22,2026-08-21,0.07239930393775751
Mosaic Company (The),2026-08-23,2026-08-22,0.07856150059021016
Mosaic Company (The),2026-08-24,2026-08-23,0.0803614682016014
Mosaic Company (The),2026-08-25,2026-08-24,0.09704477920582466
Mosaic Company (The),2026-08-26,2026-08-25,0.07096090962403345
Mosaic Company (The),2026-08-27,2026-08-26,0.07047974741861551
Mosaic Company (The),2026-08-28,2026-08-27,0.06512053537415563
Netflix,2026-07-16,2026-07-15,0.12108554768981272
Netflix,2026-07-17,2026-07-16,0.12802055327337625
Netflix,2026-07-18,2026-07-17,0.06938363488691446
Netflix,2026-07-19,2026-07-18,0.06706976053109814
Netflix,2026-07-20,2026-07-19,0.07594080841748974
Netflix,2026-07-21,2026-07-20,0.08441118221550081
Netflix,2026-07-22,2026-07-21,0.1553856472833568
Netflix,2026-07-23,2026-07-22,0.12970244909558426
Netflix,2026-07-24,2026-07-23,0.06263960233593391
Netflix,2026-07-25,2026-07-24,0.07858868947504916
Netflix,2026-07-26,2026-07-25,0.07329597340918803
Netflix,2026-07-27,2026-07-26,0.06457939946119184
Netflix,2026-07-28,2026-07-27,0.06473055775351388
Netflix,2026-07-29,2026-07-28,0.06741267483689939
Netflix,2026-07-30,2026-07-29,0.07112389467745373
Netflix,2026-07-31,2026-07-30,0.06926064326142911
Netflix,2026-08-01,2026-07-31,0.05346975395904008
Netflix,2026-08-02,2026-08-01,0.0578633340653103
Netflix,2026-08-03,2026-08-02,0.07567670974303231
Netflix,2026-08-04,2026-08-03,0.10356394792709378
Netflix,2026-08-05,2026-08-04,0.08593680047456487
Netflix,2026-08-06,2026-08-05,0.05424120255018661
Netflix,2026-08-07,2026-08-06,0.06506343155562111
Netflix,2026-08-08,2026-08-07,0.058326966935936864
Netflix,2026-08-09,2026-08-08,0.05919044979565402
Netflix,2026-08-10,2026-08-09,0.08503001489842121
Netflix,2026-08-11,2026-08-10,0.07487142674162117
Netflix,2026-08-12,2026-08-11,0.060301677015534016
Netflix,2026-08-13,2026-08-12,0.07168116218224874
Netflix,2026-08-14,2026-08-13,0.08554087932769483
Netflix,2026-08-15,2026-08-14,0.0671328911643384
Netflix,2026-08-16,2026-08-15,0.06935772753725811
Netflix,2026-08-17,2026-08-16,0.057078037071911725
Netflix,2026-08-18,2026-08-17,0.058320724268926205
Netflix,2026-08-20,2026-08-18,0.06439485026345337
Netflix,2026-08-21,2026-08-20,0.061777426352105036
Netflix,2026-08-22,2026-08-21,0.06566407026897714
Netflix,2026-08-23,2026-08-22,0.06099654198095994
Netflix,2026-08-24,2026-08-23,0.06433843956778829
Netflix,2026-08-25,2026-08-24,0.06441626246883225
Netflix,2026-08-26,2026-08-25,0.06486385714170029
Netflix,2026-08-27,2026-08-26,0.059376117708140774
Netflix,2026-08-28,2026-08-27,0.06144722202550901
"Nike, Inc",2026-07-16,2026-07-15,0.12705535136877544
"Nike, Inc",2026-07-17,2026-07-16,0.14080789140389172
"Nike, Inc",2026-07-18,2026-07-17,0.18075111446128111
"Nike, Inc",2026-07-19,2026-07-18,0.15141346448423243
"Nike, Inc",2026-07-20,2026-07-19,0.1595823804966886
"Nike, Inc",2026-07-21,2026-07-20,0.13635174241677828
"Nike, Inc",2026-07-22,2026-07-21,0.24437436498507747
"Nike, Inc",2026-07-23,2026-07-22,0.2020541960819653
"Nike, Inc",2026-07-24,2026-07-23,0.09107700180646316
"Nike, Inc",2026-07-25,2026-07-24,0.08098757022671921
"Nike, Inc",2026-07-26,2026-07-25,0.07353552679418918
"Nike, Inc",2026-07-27,2026-07-26,0.07252068651671872
"Nike, Inc",2026-07-28,2026-07-27,0.0819681704793025
"Nike, Inc",2026-07-29,2026-07-28,0.08317579657453078
"Nike, Inc",2026-07-30,2026-07-29,0.07168203901571424
"Nike, Inc",2026-07-31,2026-07-30,0.08665323045677098
"Nike, Inc",2026-08-01,2026-07-31,0.06894945725203194
"Nike, Inc",2026-08-02,2026-08-01,0.10687183899428365
"Nike, Inc",2026-08-03,2026-08-02,0.0915215569107759
"Nike, Inc",2026-08-04,2026-08-03,0.13060568592631172
"Nike, Inc",2026-08-05,2026-08-04,0.18542054830600907
"Nike, Inc",2026-08-06,2026-08-05,0.16039185750235097
"Nike, Inc",2026-08-07,2026-08-06,0.08859606379664053
"Nike, Inc",2026-08-08,2026-08-07,0.1034085082037437
"Nike, Inc",2026-08-09,2026-08-08,0.06775019856946563
"Nike, Inc",2026-08-10,2026-08-09,0.10420017462888853
"Nike, Inc",2026-08-11,2026-08-10,0.07553262520163972
"Nike, Inc",2026-08-12,2026-08-11,0.07418464524114765
"Nike, Inc",2026-08-13,2026-08-12,0.10563281714399031
"Nike, Inc",2026-08-14,2026-08-13,0.060857042321467825
"Nike, Inc",2026-08-15,2026-08-14,0.06153437036851628
"Nike, Inc",2026-08-16,2026-08-15,0.06727175279078235
"Nike, Inc",2026-08-17,2026-08-16,0.07387973876823739
"Nike, Inc",2026-08-18,2026-08-17,0.07259408290813996
"Nike, Inc",2026-08-20,2026-08-18,0.07293879417099647
"Nike, Inc",2026-08-21,2026-08-20,0.07050494241470362
"Nike, Inc",2026-08-22,2026-08-21,0.08715260190876084
"Nike, Inc",2026-08-23,2026-08-22,0.06771866403398052
"Nike, Inc",2026-08-24,2026-08-23,0.06199349476498761
"Nike, Inc",2026-08-25,2026-08-24,0.06425954754731511
"Nike, Inc",2026-08-26,2026-08-25,0.0887625961368641
"Nike, Inc",2026-08-27,2026-08-26,0.08502308071203646
"Nike, Inc",2026-08-28,2026-08-27,0.1509871683538605
Omnicom Group,2026-07-16,2026-07-15,0.14153748061761007
Omnicom Group,2026-07-17,2026-07-16,0.20582987979014478
Omnicom Group,2026-07-18,2026-07-17,0.07758177957566126
Omnicom Group,2026-07-19,2026-07-18,0.07778546883592585
Omnicom Group,2026-07-20,2026-07-19,0.06515805174862044
Omnicom Group,2026-07-21,2026-07-20,0.06672821896609327
Omnicom Group,2026-07-22,2026-07-21,0.15774545621556257
Omnicom Group,2026-07-23,2026-07-22,0.16597799542810165
Omnicom Group,2026-07-24,2026-07-23,0.06773275633318088
Omnicom Group,2026-07-25,2026-07-24,0.06725017934693778
Omnicom Group,2026-07-26,2026-07-25,0.06385047928635645
Omnicom Group,2026-07-27,2026-07-26,0.06725573643997906
Omnicom Group,2026-07-28,2026-07-27,0.06524689216008095
Omnicom Group,2026-07-29,2026-07-28,0.08869263521915538
Omnicom Group,2026-07-30,2026-07-29,0.07490398787413166
Omnicom Group,2026-07-31,2026-07-30,0.07005586077079606
Omnicom Group,2026-08-01,2026-07-31,0.07735776424121366
Omnicom Group,2026-08-02,2026-08-01,0.06482153407081204
Omnicom Group,2026-08-03,2026-08-02,0.07889169587063727
Omnicom Group,2026-08-04,2026-08-03,0.07871947091489251
Omnicom Group,2026-08-05,2026-08-04,0.06810311460837215
Omnicom Group,2026-08-06,2026-08-05,0.07656372471356587
Omnicom Group,2026-08-07,2026-08-06,0.07749354391437258
Omnicom Group,2026-08-08,2026-08-07,0.08096074559296795
Omnicom Group,2026-08-09,2026-08-08,0.07495328498304787
Omnicom Group,2026-08-10,2026-08-09,0.07420973213379467
Omnicom Group,2026-08-11,2026-08-10,0.07008758629473921
Omnicom Group,2026-08-12,2026-08-11,0.06686134404485133
Omnicom Group,2026-08-13,2026-08-12,0.060469198692786774
Omnicom Group,2026-08-14,2026-08-13,0.06781922614562241
Omnicom Group,2026-08-15,2026-08-14,0.06288018308137977
Omnicom Group,2026-08-16,2026-08-15,0.061311346963185964
Omnicom Group,2026-08-17,2026-08-16,0.06574548143306624
Omnicom Group,2026-08-18,2026-08-17,0.07233478967606022
Omnicom Group,2026-08-20,2026-08-18,0.06559815481616738
Omnicom Group,2026-08-21,2026-08-20,0.0601281730110228
Omnicom Group,2026-08-22,2026-08-21,0.06020823136454112
Omnicom Group,2026-08-23,2026-08-22,0.0633968503312956
Omnicom Group,2026-08-24,2026-08-23,0.06509401816229343
Omnicom Group,2026-08-25,2026-08-24,0.06409117150240273
Omnicom Group,2026-08-26,2026-08-25,0.06492906766492879
Omnicom Group,2026-08-27,2026-08-26,0.06452508819953762
Omnicom Group,2026-08-28,2026-08-27,0.07645050496872852
PayPal,2026-07-16,2026-07-15,0.1255639592994917
PayPal,2026-07-17,2026-07-16,0.2808301087817354
PayPal,2026-07-18,2026-07-17,0.2742645523703724
PayPal,2026-07-19,2026-07-18,0.09344067307116866
PayPal,2026-07-20,2026-07-19,0.14031600316156845
PayPal,2026-07-21,2026-07-20,0.07387191349640965
PayPal,2026-07-22,2026-07-21,0.14405569932082785
PayPal,2026-07-23,2026-07-22,0.14840469788177846
PayPal,2026-07-24,2026-07-23,0.08687937467681062
PayPal,2026-07-25,2026-07-24,0.07154293783407684
PayPal,2026-07-26,2026-07-25,0.06849255653553887
PayPal,2026-07-27,2026-07-26,0.06329379751440367
PayPal,2026-07-28,2026-07-27,0.0791184800926894
PayPal,2026-07-29,2026-07-28,0.08847741539879572
PayPal,2026-07-30,2026-07-29,0.10725699654548082
PayPal,2026-07-31,2026-07-30,0.09126362411036348
PayPal,2026-08-01,2026-07-31,0.07976233207320838
PayPal,2026-08-02,2026-08-01,0.08051496065662822
PayPal,2026-08-03,2026-08-02,0.06711232134601353
PayPal,2026-08-04,2026-08-03,0.09021124439960548
PayPal,2026-08-05,2026-08-04,0.09291773635152034
PayPal,2026-08-06,2026-08-05,0.072916168048204
PayPal,2026-08-07,2026-08-06,0.06852467938258289
PayPal,2026-08-08,2026-08-07,0.07378011520504257
PayPal,2026-08-09,2026-08-08,0.06261175763159676
PayPal,2026-08-10,2026-08-09,0.06931500116712574
PayPal,2026-08-11,2026-08-10,0.0751182290749427
PayPal,2026-08-12,2026-08-11,0.0713216965530794
PayPal,2026-08-13,2026-08-12,0.08860848791027276
PayPal,2026-08-14,2026-08-13,0.0650123680640704
PayPal,2026-08-15,2026-08-14,0.0689342002435065
PayPal,2026-08-16,2026-08-15,0.06444979090825764
PayPal,2026-08-17,2026-08-16,0.06634644997103323
PayPal,2026-08-18,2026-08-17,0.06416685288304991
PayPal,2026-08-20,2026-08-18,0.09669357987668603
PayPal,2026-08-21,2026-08-20,0.06884651605156633
PayPal,2026-08-22,2026-08-21,0.08488025592731319
PayPal,2026-08-23,2026-08-22,0.06732835871368814
PayPal,2026-08-24,2026-08-23,0.0653961204562814
PayPal,2026-08-25,2026-08-24,0.06533970918825238
PayPal,2026-08-26,2026-08-25,0.06462914787837348
PayPal,2026-08-27,2026-08-26,0.06760156111769644
PayPal,2026-08-28,2026-08-27,0.10390493917976551
PepsiCo,2026-07-16,2026-07-15,0.13458856168417987
PepsiCo,2026-07-17,2026-07-16,0.11551122402228742
PepsiCo,2026-07-18,2026-07-17,0.11288699913482458
PepsiCo,2026-07-19,2026-07-18,0.10380925324029366
PepsiCo,2026-07-20,2026-07-19,0.15175722597381125
PepsiCo,2026-07-21,2026-07-20,0.07743013663326925
PepsiCo,2026-07-22,2026-07-21,0.15494434720388772
PepsiCo,2026-07-23,2026-07-22,0.147992474145757
PepsiCo,2026-07-24,2026-07-23,0.0798630422385237
PepsiCo,2026-07-25,2026-07-24,0.07081858899129923
PepsiCo,2026-07-26,2026-07-25,0.07284083382946649
PepsiCo,2026-07-27,2026-07-26,0.0766867562015523
PepsiCo,2026-07-28,2026-07-27,0.07641237885484775
PepsiCo,2026-07-29,2026-07-28,0.07393843207686657
PepsiCo,2026-07-30,2026-07-29,0.07533182025910135
PepsiCo,2026-07-31,2026-07-30,0.07992722403171049
PepsiCo,2026-08-01,2026-07-31,0.0767627358000107
PepsiCo,2026-08-02,2026-08-01,0.05890349623029101
PepsiCo,2026-08-03,2026-08-02,0.06744539964163199
PepsiCo,2026-08-04,2026-08-03,0.06709397952776464
PepsiCo,2026-08-05,2026-08-04,0.06660645920547992
PepsiCo,2026-08-06,2026-08-05,0.0872702226300508
PepsiCo,2026-08-07,2026-08-06,0.08495479456226296
PepsiCo,2026-08-08,2026-08-07,0.07932185021712157
PepsiCo,2026-08-09,2026-08-08,0.07085187484582844
PepsiCo,2026-08-10,2026-08-09,0.07929686386753976
PepsiCo,2026-08-11,2026-08-10,0.07012191090289743
PepsiCo,2026-08-12,2026-08-11,0.05923658369674889
PepsiCo,2026-08-13,2026-08-12,0.07864840496517767
PepsiCo,2026-08-14,2026-08-13,0.07417799020286808
PepsiCo,2026-08-15,2026-08-14,0.06089933576760609
PepsiCo,2026-08-16,2026-08-15,0.060675398930828406
PepsiCo,2026-08-17,2026-08-16,0.06755564562546912
PepsiCo,2026-08-18,2026-08-17,0.06928697855305921
PepsiCo,2026-08-20,2026-08-18,0.07187873442444592
PepsiCo,2026-08-21,2026-08-20,0.07309635824496452
PepsiCo,2026-08-22,2026-08-21,0.0671814030409843
PepsiCo,2026-08-23,2026-08-22,0.058914367004579415
PepsiCo,2026-08-24,2026-08-23,0.06664895166823992
PepsiCo,2026-08-25,2026-08-24,0.06811098545305339
PepsiCo,2026-08-26,2026-08-25,0.06520257700037435
PepsiCo,2026-08-27,2026-08-26,0.07179113870438825
PepsiCo,2026-08-28,2026-08-27,0.08229947724867615
Ralph Lauren Corporation,2026-07-16,2026-07-15,0.12327450850628618
Ralph Lauren Corporation,2026-07-17,2026-07-16,0.1533369106642588
Ralph Lauren Corporation,2026-07-18,2026-07-17,0.29188813162029026
Ralph Lauren Corporation,2026-07-19,2026-07-18,0.337055033188286
Ralph Lauren Corporation,2026-07-20,2026-07-19,0.20054127589145754
Ralph Lauren Corporation,2026-07-21,2026-07-20,0.08385328067247688
Ralph Lauren Corporation,2026-07-22,2026-07-21,0.2284550054101886
Ralph Lauren Corporation,2026-07-23,2026-07-22,0.237106591540739
Ralph Lauren Corporation,2026-07-24,2026-07-23,0.09083624003479718
Ralph Lauren Corporation,2026-07-25,2026-07-24,0.08010209918050604
Ralph Lauren Corporation,2026-07-26,2026-07-25,0.06736499568874288
Ralph Lauren Corporation,2026-07-27,2026-07-26,0.07315445860382164
Ralph Lauren Corporation,2026-07-28,2026-07-27,0.07443482814705371
Ralph Lauren Corporation,2026-07-29,2026-07-28,0.08158339273635773
Ralph Lauren Corporation,2026-07-30,2026-07-29,0.0922041855704332
Ralph Lauren Corporation,2026-07-31,2026-07-30,0.07695966364090867
Ralph Lauren Corporation,2026-08-01,2026-07-31,0.07277566243338407
Ralph Lauren Corporation,2026-08-02,2026-08-01,0.07857447607628798
Ralph Lauren Corporation,2026-08-03,2026-08-02,0.07189069964296002
Ralph Lauren Corporation,2026-08-04,2026-08-03,0.08408539754802558
Ralph Lauren Corporation,2026-08-05,2026-08-04,0.11758082077810394
Ralph Lauren Corporation,2026-08-06,2026-08-05,0.13773258451396608
Ralph Lauren Corporation,2026-08-07,2026-08-06,0.10333293343123873
Ralph Lauren Corporation,2026-08-08,2026-08-07,0.07302185543183992
Ralph Lauren Corporation,2026-08-09,2026-08-08,0.06893713952498692
Ralph Lauren Corporation,2026-08-10,2026-08-09,0.09240562941028274
Ralph Lauren Corporation,2026-08-11,2026-08-10,0.06825584764958303
Ralph Lauren Corporation,2026-08-12,2026-08-11,0.06630030524315123
Ralph Lauren Corporation,2026-08-13,2026-08-12,0.07237980224360152
Ralph Lauren Corporation,2026-08-14,2026-08-13,0.07909825306457319
Ralph Lauren Corporation,2026-08-15,2026-08-14,0.08890720198224278
Ralph Lauren Corporation,2026-08-16,2026-08-15,0.07752265337110298
Ralph Lauren Corporation,2026-08-17,2026-08-16,0.0732598975920854
Ralph Lauren Corporation,2026-08-18,2026-08-17,0.08863709755446281
Ralph Lauren Corporation,2026-08-20,2026-08-18,0.07609748072054245
Ralph Lauren Corporation,2026-08-21,2026-08-20,0.07128515464724705
Ralph Lauren Corporation,2026-08-22,2026-08-21,0.07570576771010973
Ralph Lauren Corporation,2026-08-23,2026-08-22,0.07197273071364718
Ralph Lauren Corporation,2026-08-24,2026-08-23,0.08313843303327095
Ralph Lauren Corporation,2026-08-25,2026-08-24,0.07554988173847088
Ralph Lauren Corporation,2026-08-26,2026-08-25,0.08717499551849628
Ralph Lauren Corporation,2026-08-27,2026-08-26,0.07774771305927586
Ralph Lauren Corporation,2026-08-28,2026-08-27,0.08123882165920093
Sandisk,2026-07-16,2026-07-15,0.17459013489754382
Sandisk,2026-07-17,2026-07-16,0.14864435510902108
Sandisk,2026-07-18,2026-07-17,0.1599437847749824
Sandisk,2026-07-19,2026-07-18,0.1638990058017329
Sandisk,2026-07-20,2026-07-19,0.1308016469520099
Sandisk,2026-07-21,2026-07-20,0.09209993144923934
Sandisk,2026-07-22,2026-07-21,0.16203343113407154
Sandisk,2026-07-23,2026-07-22,0.15665082121165164
Sandisk,2026-07-24,2026-07-23,0.08517163342999312
Sandisk,2026-07-25,2026-07-24,0.08870602507800596
Sandisk,2026-07-26,2026-07-25,0.06966890390456215
Sandisk,2026-07-27,2026-07-26,0.07805872121819768
Sandisk,2026-07-28,2026-07-27,0.08671235697505597
Sandisk,2026-07-29,2026-07-28,0.09305245992844813
Sandisk,2026-07-30,2026-07-29,0.09537165011092663
Sandisk,2026-07-31,2026-07-30,0.09260417756357964
Sandisk,2026-08-01,2026-07-31,0.0870951667983233
Sandisk,2026-08-02,2026-08-01,0.08976244263967859
Sandisk,2026-08-03,2026-08-02,0.09573042608377091
Sandisk,2026-08-04,2026-08-03,0.10718634378534264
Sandisk,2026-08-05,2026-08-04,0.09054889788219889
Sandisk,2026-08-06,2026-08-05,0.09751473940327371
Sandisk,2026-08-07,2026-08-06,0.11280308924607363
Sandisk,2026-08-08,2026-08-07,0.11244122793752198
Sandisk,2026-08-09,2026-08-08,0.08762699187911727
Sandisk,2026-08-10,2026-08-09,0.12677343811971886
Sandisk,2026-08-11,2026-08-10,0.10986339752099583
Sandisk,2026-08-12,2026-08-11,0.08565961228227403
Sandisk,2026-08-13,2026-08-12,0.08665501434073353
Sandisk,2026-08-14,2026-08-13,0.10665852879641846
Sandisk,2026-08-15,2026-08-14,0.09678590201536852
Sandisk,2026-08-16,2026-08-15,0.08297952012594778
Sandisk,2026-08-17,2026-08-16,0.11333477143186965
Sandisk,2026-08-18,2026-08-17,0.11074446044991337
Sandisk,2026-08-20,2026-08-18,0.1197827885084305
Sandisk,2026-08-21,2026-08-20,0.09310012847577265
Sandisk,2026-08-22,2026-08-21,0.11831722461511673
Sandisk,2026-08-23,2026-08-22,0.07342245213179943
Sandisk,2026-08-24,2026-08-23,0.09075090654482842
Sandisk,2026-08-25,2026-08-24,0.09174517219570788
Sandisk,2026-08-26,2026-08-25,0.08231682671991392
Sandisk,2026-08-27,2026-08-26,0.08638788919829588
Sandisk,2026-08-28,2026-08-27,0.06665490145245889
ServiceNow,2026-07-16,2026-07-15,0.07299079345698678
ServiceNow,2026-07-17,2026-07-16,0.10521315912582774
ServiceNow,2026-07-18,2026-07-17,0.14740534798972038
ServiceNow,2026-07-19,2026-07-18,0.1232328321343924
ServiceNow,2026-07-20,2026-07-19,0.21818412963472
ServiceNow,2026-07-21,2026-07-20,0.10281011620537495
ServiceNow,2026-07-22,2026-07-21,0.2324510491007965
ServiceNow,2026-07-23,2026-07-22,0.2349455981406695
ServiceNow,2026-07-24,2026-07-23,0.11082944476397327
ServiceNow,2026-07-25,2026-07-24,0.10381777963742556
ServiceNow,2026-07-26,2026-07-25,0.0804204806049088
ServiceNow,2026-07-27,2026-07-26,0.08612815479721914
ServiceNow,2026-07-28,2026-07-27,0.11214983780536547
ServiceNow,2026-07-29,2026-07-28,0.08244349746512625
ServiceNow,2026-07-30,2026-07-29,0.09048467498507096
ServiceNow,2026-07-31,2026-07-30,0.1121184408402972
ServiceNow,2026-08-01,2026-07-31,0.0837275835792336
ServiceNow,2026-08-02,2026-08-01,0.08033410525881812
ServiceNow,2026-08-03,2026-08-02,0.07171362572965401
ServiceNow,2026-08-04,2026-08-03,0.11333450242942256
ServiceNow,2026-08-05,2026-08-04,0.08709787643822609
ServiceNow,2026-08-06,2026-08-05,0.11391005562285017
ServiceNow,2026-08-07,2026-08-06,0.06268620172589467
ServiceNow,2026-08-08,2026-08-07,0.06479104877792241
ServiceNow,2026-08-09,2026-08-08,0.07424441656232206
ServiceNow,2026-08-10,2026-08-09,0.09057898295536493
ServiceNow,2026-08-11,2026-08-10,0.08349491181826041
ServiceNow,2026-08-12,2026-08-11,0.08590273599393128
ServiceNow,2026-08-13,2026-08-12,0.10393527521257184
ServiceNow,2026-08-14,2026-08-13,0.06996340730329964
ServiceNow,2026-08-15,2026-08-14,0.06576486098529588
ServiceNow,2026-08-16,2026-08-15,0.06758380196615221
ServiceNow,2026-08-17,2026-08-16,0.07421015951713272
ServiceNow,2026-08-18,2026-08-17,0.08042470849143224
ServiceNow,2026-08-20,2026-08-18,0.07135427804046668
ServiceNow,2026-08-21,2026-08-20,0.08532233973519177
ServiceNow,2026-08-22,2026-08-21,0.07389163784325581
ServiceNow,2026-08-23,2026-08-22,0.07163010876402565
ServiceNow,2026-08-24,2026-08-23,0.06829724310770624
ServiceNow,2026-08-25,2026-08-24,0.062008626098382535
ServiceNow,2026-08-26,2026-08-25,0.07466302622547638
ServiceNow,2026-08-27,2026-08-26,0.07696714226777024
ServiceNow,2026-08-28,2026-08-27,0.08382166810584868
Smurfit Westrock,2026-07-16,2026-07-15,0.14373396989778575
Smurfit Westrock,2026-07-17,2026-07-16,0.14372346408414804
Smurfit Westrock,2026-07-18,2026-07-17,0.14049505871547185
Smurfit Westrock,2026-07-19,2026-07-18,0.13279925356293176
Smurfit Westrock,2026-07-20,2026-07-19,0.1768749554693213
Smurfit Westrock,2026-07-21,2026-07-20,0.07411759100773863
Smurfit Westrock,2026-07-22,2026-07-21,0.1468846910012599
Smurfit Westrock,2026-07-23,2026-07-22,0.1769152868008005
Smurfit Westrock,2026-07-24,2026-07-23,0.07131405234948418
Smurfit Westrock,2026-07-25,2026-07-24,0.09752865801645294
Smurfit Westrock,2026-07-26,2026-07-25,0.08196535093335366
Smurfit Westrock,2026-07-27,2026-07-26,0.09195913505551268
Smurfit Westrock,2026-07-28,2026-07-27,0.08649414443161385
Smurfit Westrock,2026-07-29,2026-07-28,0.08426220972254894
Smurfit Westrock,2026-07-30,2026-07-29,0.13950954647743607
Smurfit Westrock,2026-07-31,2026-07-30,0.08631969834743258
Smurfit Westrock,2026-08-01,2026-07-31,0.07612963173592302
Smurfit Westrock,2026-08-02,2026-08-01,0.07168486589847911
Smurfit Westrock,2026-08-03,2026-08-02,0.07197137373680651
Smurfit Westrock,2026-08-04,2026-08-03,0.07425535292175545
Smurfit Westrock,2026-08-05,2026-08-04,0.07866620465271856
Smurfit Westrock,2026-08-06,2026-08-05,0.07559195192017165
Smurfit Westrock,2026-08-07,2026-08-06,0.08968669225972081
Smurfit Westrock,2026-08-08,2026-08-07,0.11823456071362526
Smurfit Westrock,2026-08-09,2026-08-08,0.07336805141059555
Smurfit Westrock,2026-08-10,2026-08-09,0.07381642018577061
Smurfit Westrock,2026-08-11,2026-08-10,0.07558928375580887
Smurfit Westrock,2026-08-12,2026-08-11,0.07270534639580728
Smurfit Westrock,2026-08-13,2026-08-12,0.08651421075301247
Smurfit Westrock,2026-08-14,2026-08-13,0.09535640930142031
Smurfit Westrock,2026-08-15,2026-08-14,0.06971153945147923
Smurfit Westrock,2026-08-16,2026-08-15,0.0930281575750267
Smurfit Westrock,2026-08-17,2026-08-16,0.07648215728792274
Smurfit Westrock,2026-08-18,2026-08-17,0.07783169212819108
Smurfit Westrock,2026-08-20,2026-08-18,0.08671266786943443
Smurfit Westrock,2026-08-21,2026-08-20,0.08233753336020555
Smurfit Westrock,2026-08-22,2026-08-21,0.08739714946875388
Smurfit Westrock,2026-08-23,2026-08-22,0.07706524045372865
Smurfit Westrock,2026-08-24,2026-08-23,0.08686037459660689
Smurfit Westrock,2026-08-25,2026-08-24,0.08246210390927045
Smurfit Westrock,2026-08-26,2026-08-25,0.07799838010002424
Smurfit Westrock,2026-08-27,2026-08-26,0.07204549316709918
Smurfit Westrock,2026-08-28,2026-08-27,0.07918839057064242
Starbucks,2026-07-16,2026-07-15,0.1100670487595593
Starbucks,2026-07-17,2026-07-16,0.11638056975231248
Starbucks,2026-07-18,2026-07-17,0.12184503091979138
Starbucks,2026-07-19,2026-07-18,0.12662962697932978
Starbucks,2026-07-20,2026-07-19,0.15099179025646492
Starbucks,2026-07-21,2026-07-20,0.06826152736823066
Starbucks,2026-07-22,2026-07-21,0.15879421538035532
Starbucks,2026-07-23,2026-07-22,0.15234437919559907
Starbucks,2026-07-24,2026-07-23,0.06336498506852961
Starbucks,2026-07-25,2026-07-24,0.08032339272529498
Starbucks,2026-07-26,2026-07-25,0.06300630075397706
Starbucks,2026-07-27,2026-07-26,0.059622041643470736
Starbucks,2026-07-28,2026-07-27,0.07392664385641101
Starbucks,2026-07-29,2026-07-28,0.07661159943963491
Starbucks,2026-07-30,2026-07-29,0.09488881344872735
Starbucks,2026-07-31,2026-07-30,0.07713634952268877
Starbucks,2026-08-01,2026-07-31,0.0765954604559057
Starbucks,2026-08-02,2026-08-01,0.06498686714615665
Starbucks,2026-08-03,2026-08-02,0.07146897429863774
Starbucks,2026-08-04,2026-08-03,0.08548494338614676
Starbucks,2026-08-05,2026-08-04,0.07632994965881235
Starbucks,2026-08-06,2026-08-05,0.06166390908377084
Starbucks,2026-08-07,2026-08-06,0.06365828634100246
Starbucks,2026-08-08,2026-08-07,0.0729844213721299
Starbucks,2026-08-09,2026-08-08,0.0732364100417161
Starbucks,2026-08-10,2026-08-09,0.06212296987313015
Starbucks,2026-08-11,2026-08-10,0.05679248530629877
Starbucks,2026-08-12,2026-08-11,0.05136598093069744
Starbucks,2026-08-13,2026-08-12,0.05848343494835284
Starbucks,2026-08-14,2026-08-13,0.06311043476679667
Starbucks,2026-08-15,2026-08-14,0.06607330779307852
Starbucks,2026-08-16,2026-08-15,0.060854103904946166
Starbucks,2026-08-17,2026-08-16,0.05047039462839664
Starbucks,2026-08-18,2026-08-17,0.048180762864376336
Starbucks,2026-08-20,2026-08-18,0.06269673251957109
Starbucks,2026-08-21,2026-08-20,0.07236387223832685
Starbucks,2026-08-22,2026-08-21,0.07755008875458469
Starbucks,2026-08-23,2026-08-22,0.07226471663308254
Starbucks,2026-08-24,2026-08-23,0.0638224991092996
Starbucks,2026-08-25,2026-08-24,0.07159931653963092
Starbucks,2026-08-26,2026-08-25,0.07049119287109373
Starbucks,2026-08-27,2026-08-26,0.059566118789114664
Starbucks,2026-08-28,2026-08-27,0.06517347587777944
Steel Dynamics,2026-07-16,2026-07-15,0.17684371331374782
Steel Dynamics,2026-07-17,2026-07-16,0.12159015251147531
Steel Dynamics,2026-07-18,2026-07-17,0.148548975020261
Steel Dynamics,2026-07-19,2026-07-18,0.1621365139462827
Steel Dynamics,2026-07-20,2026-07-19,0.14028251832017136
Steel Dynamics,2026-07-21,2026-07-20,0.09407410381487458
Steel Dynamics,2026-07-22,2026-07-21,0.1765145542524652
Steel Dynamics,2026-07-23,2026-07-22,0.13246654877311403
Steel Dynamics,2026-07-24,2026-07-23,0.08387857583700509
Steel Dynamics,2026-07-25,2026-07-24,0.0683939703429618
Steel Dynamics,2026-07-26,2026-07-25,0.06291515681647064
Steel Dynamics,2026-07-27,2026-07-26,0.06940876994667722
Steel Dynamics,2026-07-28,2026-07-27,0.07269575030617326
Steel Dynamics,2026-07-29,2026-07-28,0.09491750560233236
Steel Dynamics,2026-07-30,2026-07-29,0.06651860222690942
Steel Dynamics,2026-07-31,2026-07-30,0.0707009605407688
Steel Dynamics,2026-08-01,2026-07-31,0.06702143319296794
Steel Dynamics,2026-08-02,2026-08-01,0.06826509229265021
Steel Dynamics,2026-08-03,2026-08-02,0.06630407793856219
Steel Dynamics,2026-08-04,2026-08-03,0.06973688496741548
Steel Dynamics,2026-08-05,2026-08-04,0.0805526740300031
Steel Dynamics,2026-08-06,2026-08-05,0.09337159993320443
Steel Dynamics,2026-08-07,2026-08-06,0.0787436191707146
Steel Dynamics,2026-08-08,2026-08-07,0.06883798678560415
Steel Dynamics,2026-08-09,2026-08-08,0.06933865675974105
Steel Dynamics,2026-08-10,2026-08-09,0.07295263833902965
Steel Dynamics,2026-08-11,2026-08-10,0.08752872854114191
Steel Dynamics,2026-08-12,2026-08-11,0.0783150278557766
Steel Dynamics,2026-08-13,2026-08-12,0.09365253687421082
Steel Dynamics,2026-08-14,2026-08-13,0.0739684873732811
Steel Dynamics,2026-08-15,2026-08-14,0.0822121165806381
Steel Dynamics,2026-08-16,2026-08-15,0.07683478352679673
Steel Dynamics,2026-08-17,2026-08-16,0.07872536674669928
Steel Dynamics,2026-08-18,2026-08-17,0.07617981344790492
Steel Dynamics,2026-08-20,2026-08-18,0.08800234642620963
Steel Dynamics,2026-08-21,2026-08-20,0.092324327173675
Steel Dynamics,2026-08-22,2026-08-21,0.07510891585043578
Steel Dynamics,2026-08-23,2026-08-22,0.06001369787324651
Steel Dynamics,2026-08-24,2026-08-23,0.08095043071136654
Steel Dynamics,2026-08-25,2026-08-24,0.08392809461802464
Steel Dynamics,2026-08-26,2026-08-25,0.07327068593820385
Steel Dynamics,2026-08-27,2026-08-26,0.07397846882787484
Steel Dynamics,2026-08-28,2026-08-27,0.06434112071900278
Take-Two Interactive,2026-07-16,2026-07-15,0.19359415239100253
Take-Two Interactive,2026-07-17,2026-07-16,0.22530511758757843
Take-Two Interactive,2026-07-18,2026-07-17,0.08225967259135414
Take-Two Interactive,2026-07-19,2026-07-18,0.06145502297542382
Take-Two Interactive,2026-07-20,2026-07-19,0.06656825912893827
Take-Two Interactive,2026-07-21,2026-07-20,0.07819217318344684
Take-Two Interactive,2026-07-22,2026-07-21,0.18251090124592617
Take-Two Interactive,2026-07-23,2026-07-22,0.1611029353284923
Take-Two Interactive,2026-07-24,2026-07-23,0.07824283284781497
Take-Two Interactive,2026-07-25,2026-07-24,0.08804596229408501
Take-Two Interactive,2026-07-26,2026-07-25,0.1047633733228488
Take-Two Interactive,2026-07-27,2026-07-26,0.07291012429715593
Take-Two Interactive,2026-07-28,2026-07-27,0.07779386017943135
Take-Two Interactive,2026-07-29,2026-07-28,0.08334483402901671
Take-Two Interactive,2026-07-30,2026-07-29,0.07273965869810395
Take-Two Interactive,2026-07-31,2026-07-30,0.08432534412892645
Take-Two Interactive,2026-08-01,2026-07-31,0.0904575228370974
Take-Two Interactive,2026-08-02,2026-08-01,0.07902659372109988
Take-Two Interactive,2026-08-03,2026-08-02,0.06914506519966834
Take-Two Interactive,2026-08-04,2026-08-03,0.07669462047006603
Take-Two Interactive,2026-08-05,2026-08-04,0.08152064818157878
Take-Two Interactive,2026-08-06,2026-08-05,0.07979965524884469
Take-Two Interactive,2026-08-07,2026-08-06,0.08776716865291845
Take-Two Interactive,2026-08-08,2026-08-07,0.08020838528265029
Take-Two Interactive,2026-08-09,2026-08-08,0.08251634755039594
Take-Two Interactive,2026-08-10,2026-08-09,0.08540000897812483
Take-Two Interactive,2026-08-11,2026-08-10,0.07152879207630825
Take-Two Interactive,2026-08-12,2026-08-11,0.06818080401338289
Take-Two Interactive,2026-08-13,2026-08-12,0.06839721653207598
Take-Two Interactive,2026-08-14,2026-08-13,0.07037923951155733
Take-Two Interactive,2026-08-15,2026-08-14,0.07578043534872769
Take-Two Interactive,2026-08-16,2026-08-15,0.06636998298907659
Take-Two Interactive,2026-08-17,2026-08-16,0.07391465077205972
Take-Two Interactive,2026-08-18,2026-08-17,0.08695987650996506
Take-Two Interactive,2026-08-20,2026-08-18,0.07675755647851479
Take-Two Interactive,2026-08-21,2026-08-20,0.07053621717614378
Take-Two Interactive,2026-08-22,2026-08-21,0.09296935176256038
Take-Two Interactive,2026-08-23,2026-08-22,0.06754075231125134
Take-Two Interactive,2026-08-24,2026-08-23,0.07124666880132835
Take-Two Interactive,2026-08-25,2026-08-24,0.07735037977613901
Take-Two Interactive,2026-08-26,2026-08-25,0.07412715179175222
Take-Two Interactive,2026-08-27,2026-08-26,0.08228795718389148
Take-Two Interactive,2026-08-28,2026-08-27,0.09374396303123345
"Tapestry, Inc",2026-07-16,2026-07-15,0.12473367419621584
"Tapestry, Inc",2026-07-17,2026-07-16,0.13307194608421447
"Tapestry, Inc",2026-07-18,2026-07-17,0.12247587469424803
"Tapestry, Inc",2026-07-19,2026-07-18,0.21497143975738153
"Tapestry, Inc",2026-07-20,2026-07-19,0.17630069626929357
"Tapestry, Inc",2026-07-21,2026-07-20,0.08498990578168686
"Tapestry, Inc",2026-07-22,2026-07-21,0.2497323698939704
"Tapestry, Inc",2026-07-23,2026-07-22,0.22385803457703457
"Tapestry, Inc",2026-07-24,2026-07-23,0.07683569998695206
"Tapestry, Inc",2026-07-25,2026-07-24,0.06546857574369713
"Tapestry, Inc",2026-07-26,2026-07-25,0.06918681066993204
"Tapestry, Inc",2026-07-27,2026-07-26,0.07227849461658653
"Tapestry, Inc",2026-07-28,2026-07-27,0.07313796874490364
"Tapestry, Inc",2026-07-29,2026-07-28,0.0713322260788758
"Tapestry, Inc",2026-07-30,2026-07-29,0.08987868758757955
"Tapestry, Inc",2026-07-31,2026-07-30,0.07467817419151412
"Tapestry, Inc",2026-08-01,2026-07-31,0.06555054719059716
"Tapestry, Inc",2026-08-02,2026-08-01,0.0631082233519531
"Tapestry, Inc",2026-08-03,2026-08-02,0.06664692352880708
"Tapestry, Inc",2026-08-04,2026-08-03,0.0722280149976805
"Tapestry, Inc",2026-08-05,2026-08-04,0.07685987872324707
"Tapestry, Inc",2026-08-06,2026-08-05,0.09318867864463809
"Tapestry, Inc",2026-08-07,2026-08-06,0.10627933948985546
"Tapestry, Inc",2026-08-08,2026-08-07,0.07898738630076896
"Tapestry, Inc",2026-08-09,2026-08-08,0.06903355689457025
"Tapestry, Inc",2026-08-10,2026-08-09,0.07576364058683305
"Tapestry, Inc",2026-08-11,2026-08-10,0.08111120976421315
"Tapestry, Inc",2026-08-12,2026-08-11,0.07879098846561183
"Tapestry, Inc",2026-08-13,2026-08-12,0.13358413186453633
"Tapestry, Inc",2026-08-14,2026-08-13,0.12823176679925385
"Tapestry, Inc",2026-08-15,2026-08-14,0.07356253429919102
"Tapestry, Inc",2026-08-16,2026-08-15,0.09320380668837125
"Tapestry, Inc",2026-08-17,2026-08-16,0.06900629725564678
"Tapestry, Inc",2026-08-18,2026-08-17,0.07541307756109816
"Tapestry, Inc",2026-08-20,2026-08-18,0.07327509085139083
"Tapestry, Inc",2026-08-21,2026-08-20,0.07376320449647156
"Tapestry, Inc",2026-08-22,2026-08-21,0.0833442959140076
"Tapestry, Inc",2026-08-23,2026-08-22,0.07158520445022687
"Tapestry, Inc",2026-08-24,2026-08-23,0.07273730008527746
"Tapestry, Inc",2026-08-25,2026-08-24,0.07173242410005531
"Tapestry, Inc",2026-08-26,2026-08-25,0.06808011387864576
"Tapestry, Inc",2026-08-27,2026-08-26,0.06821274000100996
"Tapestry, Inc",2026-08-28,2026-08-27,0.07128221011401159
Target Corporation,2026-07-16,2026-07-15,0.30298049377238845
Target Corporation,2026-07-17,2026-07-16,0.13271169139231687
Target Corporation,2026-07-18,2026-07-17,0.13582435079850008
Target Corporation,2026-07-19,2026-07-18,0.12236510903362607
Target Corporation,2026-07-20,2026-07-19,0.23004702349268535
Target Corporation,2026-07-21,2026-07-20,0.0982626280552088
Target Corporation,2026-07-22,2026-07-21,0.1483810755371573
Target Corporation,2026-07-23,2026-07-22,0.1530116938354502
Target Corporation,2026-07-24,2026-07-23,0.0674126523201487
Target Corporation,2026-07-25,2026-07-24,0.08579523621422724
Target Corporation,2026-07-26,2026-07-25,0.07494876845949816
Target Corporation,2026-07-27,2026-07-26,0.07110114806426271
Target Corporation,2026-07-28,2026-07-27,0.10602153630294398
Target Corporation,2026-07-29,2026-07-28,0.07432187234700349
Target Corporation,2026-07-30,2026-07-29,0.07916055318486215
Target Corporation,2026-07-31,2026-07-30,0.09532184143957434
Target Corporation,2026-08-01,2026-07-31,0.08964736133955087
Target Corporation,2026-08-02,2026-08-01,0.0765616214926722
Target Corporation,2026-08-03,2026-08-02,0.06809531262800528
Target Corporation,2026-08-04,2026-08-03,0.07742165857774108
Target Corporation,2026-08-05,2026-08-04,0.0813785366213835
Target Corporation,2026-08-06,2026-08-05,0.08783496956123016
Target Corporation,2026-08-07,2026-08-06,0.0885613397412216
Target Corporation,2026-08-08,2026-08-07,0.07535148893850863
Target Corporation,2026-08-09,2026-08-08,0.06919234547993802
Target Corporation,2026-08-10,2026-08-09,0.08470526721131288
Target Corporation,2026-08-11,2026-08-10,0.10267409801202154
Target Corporation,2026-08-12,2026-08-11,0.07156611998905271
Target Corporation,2026-08-13,2026-08-12,0.09301588873268463
Target Corporation,2026-08-14,2026-08-13,0.0893214012880792
Target Corporation,2026-08-15,2026-08-14,0.06627582214593963
Target Corporation,2026-08-16,2026-08-15,0.07015899622458499
Target Corporation,2026-08-17,2026-08-16,0.08954640608803943
Target Corporation,2026-08-18,2026-08-17,0.07488437811335724
Target Corporation,2026-08-20,2026-08-18,0.10247343155677291
Target Corporation,2026-08-21,2026-08-20,0.0989565124696703
Target Corporation,2026-08-22,2026-08-21,0.09603362515295599
Target Corporation,2026-08-23,2026-08-22,0.05407133625568228
Target Corporation,2026-08-24,2026-08-23,0.08148258319889057
Target Corporation,2026-08-25,2026-08-24,0.074448704449533
Target Corporation,2026-08-26,2026-08-25,0.05961241274133744
Target Corporation,2026-08-27,2026-08-26,0.06258741239131194
Target Corporation,2026-08-28,2026-08-27,0.07053438723835315
"Tesla, Inc",2026-07-16,2026-07-15,0.2733635905965367
"Tesla, Inc",2026-07-17,2026-07-16,0.36546236126231535
"Tesla, Inc",2026-07-18,2026-07-17,0.23147770636783627
"Tesla, Inc",2026-07-19,2026-07-18,0.19102651029250717
"Tesla, Inc",2026-07-20,2026-07-19,0.2062348583460405
"Tesla, Inc",2026-07-21,2026-07-20,0.07027764049835139
"Tesla, Inc",2026-07-22,2026-07-21,0.1641786243058333
"Tesla, Inc",2026-07-23,2026-07-22,0.17243675871360375
"Tesla, Inc",2026-07-24,2026-07-23,0.09817468845003308
"Tesla, Inc",2026-07-25,2026-07-24,0.0893445933923126
"Tesla, Inc",2026-07-26,2026-07-25,0.10243300368052699
"Tesla, Inc",2026-07-27,2026-07-26,0.115357107482991
"Tesla, Inc",2026-07-28,2026-07-27,0.09987000092357035
"Tesla, Inc",2026-07-29,2026-07-28,0.07186734847635712
"Tesla, Inc",2026-07-30,2026-07-29,0.09962934606466856
"Tesla, Inc",2026-07-31,2026-07-30,0.07601306553554366
"Tesla, Inc",2026-08-01,2026-07-31,0.07225180104095252
"Tesla, Inc",2026-08-02,2026-08-01,0.07480496009208648
"Tesla, Inc",2026-08-03,2026-08-02,0.07348356575328419
"Tesla, Inc",2026-08-04,2026-08-03,0.08717702779635539
"Tesla, Inc",2026-08-05,2026-08-04,0.09962620657830679
"Tesla, Inc",2026-08-06,2026-08-05,0.131026704783459
"Tesla, Inc",2026-08-07,2026-08-06,0.10793701473161965
"Tesla, Inc",2026-08-08,2026-08-07,0.09168027736301954
"Tesla, Inc",2026-08-09,2026-08-08,0.06814359664691316
"Tesla, Inc",2026-08-10,2026-08-09,0.08826380746763773
"Tesla, Inc",2026-08-11,2026-08-10,0.08389590091522192
"Tesla, Inc",2026-08-12,2026-08-11,0.09830800464244849
"Tesla, Inc",2026-08-13,2026-08-12,0.11338898008962528
"Tesla, Inc",2026-08-14,2026-08-13,0.10136008896728077
"Tesla, Inc",2026-08-15,2026-08-14,0.0917557879638079
"Tesla, Inc",2026-08-16,2026-08-15,0.06103048701769931
"Tesla, Inc",2026-08-17,2026-08-16,0.07287867639499357
"Tesla, Inc",2026-08-18,2026-08-17,0.07559739742513372
"Tesla, Inc",2026-08-20,2026-08-18,0.06305988928973438
"Tesla, Inc",2026-08-21,2026-08-20,0.08441177102755071
"Tesla, Inc",2026-08-22,2026-08-21,0.08779783048674128
"Tesla, Inc",2026-08-23,2026-08-22,0.06797620017569073
"Tesla, Inc",2026-08-24,2026-08-23,0.09894695679923338
"Tesla, Inc",2026-08-25,2026-08-24,0.07574530138511104
"Tesla, Inc",2026-08-26,2026-08-25,0.06903094980870295
"Tesla, Inc",2026-08-27,2026-08-26,0.06941856206265129
"Tesla, Inc",2026-08-28,2026-08-27,0.07981777488322939
Ventas,2026-07-16,2026-07-15,0.11040114919216137
Ventas,2026-07-17,2026-07-16,0.15075138772277752
Ventas,2026-07-18,2026-07-17,0.13240795457833154
Ventas,2026-07-19,2026-07-18,0.12379206942595078
Ventas,2026-07-20,2026-07-19,0.1821774788874898
Ventas,2026-07-21,2026-07-20,0.06634155619242021
Ventas,2026-07-22,2026-07-21,0.14554682761098292
Ventas,2026-07-23,2026-07-22,0.1520635245142018
Ventas,2026-07-24,2026-07-23,0.08423008333735316
Ventas,2026-07-25,2026-07-24,0.07806483771991446
Ventas,2026-07-26,2026-07-25,0.06783939211488066
Ventas,2026-07-27,2026-07-26,0.0661758092488528
Ventas,2026-07-28,2026-07-27,0.07183452101241139
Ventas,2026-07-29,2026-07-28,0.07584069111520675
Ventas,2026-07-30,2026-07-29,0.09977247620020124
Ventas,2026-07-31,2026-07-30,0.08284542188182564
Ventas,2026-08-01,2026-07-31,0.06833712192247354
Ventas,2026-08-02,2026-08-01,0.06259581345485843
Ventas,2026-08-03,2026-08-02,0.06469765736844335
Ventas,2026-08-04,2026-08-03,0.06282633380975411
Ventas,2026-08-05,2026-08-04,0.06302924735532323
Ventas,2026-08-06,2026-08-05,0.08009037415569464
Ventas,2026-08-07,2026-08-06,0.06653204630066412
Ventas,2026-08-08,2026-08-07,0.0682252984991697
Ventas,2026-08-09,2026-08-08,0.054381401654768124
Ventas,2026-08-10,2026-08-09,0.05810581747737931
Ventas,2026-08-11,2026-08-10,0.06420817519127708
Ventas,2026-08-12,2026-08-11,0.06365069852398597
Ventas,2026-08-13,2026-08-12,0.06260520510127299
Ventas,2026-08-14,2026-08-13,0.06423171424132579
Ventas,2026-08-15,2026-08-14,0.05871071570220732
Ventas,2026-08-16,2026-08-15,0.07023216527157128
Ventas,2026-08-17,2026-08-16,0.07395100047727665
Ventas,2026-08-18,2026-08-17,0.06658563005898344
Ventas,2026-08-20,2026-08-18,0.062322591559598184
Ventas,2026-08-21,2026-08-20,0.059347400121446126
Ventas,2026-08-22,2026-08-21,0.07075136018983208
Ventas,2026-08-23,2026-08-22,0.060247328631510055
Ventas,2026-08-24,2026-08-23,0.07444830066413477
Ventas,2026-08-25,2026-08-24,0.08149613011729306
Ventas,2026-08-26,2026-08-25,0.06365801942986493
Ventas,2026-08-27,2026-08-26,0.07122012164008684
Ventas,2026-08-28,2026-08-27,0.06894708479793343
Visa Inc,2026-07-16,2026-07-15,0.11500957623849883
Visa Inc,2026-07-17,2026-07-16,0.10570682435217083
Visa Inc,2026-07-18,2026-07-17,0.08729199960537315
Visa Inc,2026-07-19,2026-07-18,0.09349412585043904
Visa Inc,2026-07-20,2026-07-19,0.15784506048761637
Visa Inc,2026-07-21,2026-07-20,0.07093711507626466
Visa Inc,2026-07-22,2026-07-21,0.15427737513240858
Visa Inc,2026-07-23,2026-07-22,0.15609140799501264
Visa Inc,2026-07-24,2026-07-23,0.07174607700290014
Visa Inc,2026-07-25,2026-07-24,0.06562039237799233
Visa Inc,2026-07-26,2026-07-25,0.049279149003911615
Visa Inc,2026-07-27,2026-07-26,0.052699681966474565
Visa Inc,2026-07-28,2026-07-27,0.06999199086247221
Visa Inc,2026-07-29,2026-07-28,0.07590901372702274
Visa Inc,2026-07-30,2026-07-29,0.07052973090657255
Visa Inc,2026-07-31,2026-07-30,0.09558543565141575
Visa Inc,2026-08-01,2026-07-31,0.07442965647092459
Visa Inc,2026-08-02,2026-08-01,0.06764270106125869
Visa Inc,2026-08-03,2026-08-02,0.07826037958330512
Visa Inc,2026-08-04,2026-08-03,0.08169912927250178
Visa Inc,2026-08-05,2026-08-04,0.08148206798271451
Visa Inc,2026-08-06,2026-08-05,0.07324687990682688
Visa Inc,2026-08-07,2026-08-06,0.08893577815166709
Visa Inc,2026-08-08,2026-08-07,0.06406897063699957
Visa Inc,2026-08-09,2026-08-08,0.055024550836740294
Visa Inc,2026-08-10,2026-08-09,0.07958934499907655
Visa Inc,2026-08-11,2026-08-10,0.06860583721878377
Visa Inc,2026-08-12,2026-08-11,0.05315589447522828
Visa Inc,2026-08-13,2026-08-12,0.06387998784615045
Visa Inc,2026-08-14,2026-08-13,0.0516429514968193
Visa Inc,2026-08-15,2026-08-14,0.0552103541729394
Visa Inc,2026-08-16,2026-08-15,0.05451105062574202
Visa Inc,2026-08-17,2026-08-16,0.053027643678807856
Visa Inc,2026-08-18,2026-08-17,0.052578484157434824
Visa Inc,2026-08-20,2026-08-18,0.05517032680213463
Visa Inc,2026-08-21,2026-08-20,0.059986653712017945
Visa Inc,2026-08-22,2026-08-21,0.06338307593771042
Visa Inc,2026-08-23,2026-08-22,0.05163910074816558
Visa Inc,2026-08-24,2026-08-23,0.0606562833111729
Visa Inc,2026-08-25,2026-08-24,0.04622243951157479
Visa Inc,2026-08-26,2026-08-25,0.04887207925474124
Visa Inc,2026-08-27,2026-08-26,0.051625372234693656
Visa Inc,2026-08-28,2026-08-27,0.050951571105753546
Vistra Corp,2026-07-16,2026-07-15,0.14092935002881402
Vistra Corp,2026-07-17,2026-07-16,0.1604796097913216
Vistra Corp,2026-07-18,2026-07-17,0.14995661065501398
Vistra Corp,2026-07-19,2026-07-18,0.18048351797821904
Vistra Corp,2026-07-20,2026-07-19,0.19257495834547678
Vistra Corp,2026-07-21,2026-07-20,0.08144128660827499
Vistra Corp,2026-07-22,2026-07-21,0.21412429243179776
Vistra Corp,2026-07-23,2026-07-22,0.19356455418558494
Vistra Corp,2026-07-24,2026-07-23,0.09445229726849491
Vistra Corp,2026-07-25,2026-07-24,0.08253177285925539
Vistra Corp,2026-07-26,2026-07-25,0.08671381505197562
Vistra Corp,2026-07-27,2026-07-26,0.0984285760534307
Vistra Corp,2026-07-28,2026-07-27,0.09052346837724323
Vistra Corp,2026-07-29,2026-07-28,0.10566162284821279
Vistra Corp,2026-07-30,2026-07-29,0.08430229826348568
Vistra Corp,2026-07-31,2026-07-30,0.07397020742157034
Vistra Corp,2026-08-01,2026-07-31,0.08205145687209026
Vistra Corp,2026-08-02,2026-08-01,0.08310926355617632
Vistra Corp,2026-08-03,2026-08-02,0.0795109448040735
Vistra Corp,2026-08-04,2026-08-03,0.10142062166465937
Vistra Corp,2026-08-05,2026-08-04,0.08895838364845932
Vistra Corp,2026-08-06,2026-08-05,0.12194791374797942
Vistra Corp,2026-08-07,2026-08-06,0.1532052133660199
Vistra Corp,2026-08-08,2026-08-07,0.10340112060060191
Vistra Corp,2026-08-09,2026-08-08,0.09030747172404363
Vistra Corp,2026-08-10,2026-08-09,0.09233716164184158
Vistra Corp,2026-08-11,2026-08-10,0.07751396120505605
Vistra Corp,2026-08-12,2026-08-11,0.0706510274852763
Vistra Corp,2026-08-13,2026-08-12,0.10745192639170864
Vistra Corp,2026-08-14,2026-08-13,0.07934544826703194
Vistra Corp,2026-08-15,2026-08-14,0.07848564900935673
Vistra Corp,2026-08-16,2026-08-15,0.07110402432149043
Vistra Corp,2026-08-17,2026-08-16,0.07241768270086857
Vistra Corp,2026-08-18,2026-08-17,0.07830353366337317
Vistra Corp,2026-08-20,2026-08-18,0.12244588414234692
Vistra Corp,2026-08-21,2026-08-20,0.08319050616057821
Vistra Corp,2026-08-22,2026-08-21,0.07744374101546758
Vistra Corp,2026-08-23,2026-08-22,0.07948089574351458
Vistra Corp,2026-08-24,2026-08-23,0.08497506035714253
Vistra Corp,2026-08-25,2026-08-24,0.10737745343429494
Vistra Corp,2026-08-26,2026-08-25,0.08871336675539987
Vistra Corp,2026-08-27,2026-08-26,0.09044677190184913
Vistra Corp,2026-08-28,2026-08-27,0.07605820401416175
Vulcan Materials Company,2026-07-16,2026-07-15,0.12044941690843369
Vulcan Materials Company,2026-07-17,2026-07-16,0.1321315641596853
Vulcan Materials Company,2026-07-18,2026-07-17,0.12573426418928768
Vulcan Materials Company,2026-07-19,2026-07-18,0.08189739223632997
Vulcan Materials Company,2026-07-20,2026-07-19,0.13384836072975903
Vulcan Materials Company,2026-07-21,2026-07-20,0.056962508904389364
Vulcan Materials Company,2026-07-22,2026-07-21,0.19706505592753265
Vulcan Materials Company,2026-07-23,2026-07-22,0.19301231844853373
Vulcan Materials Company,2026-07-24,2026-07-23,0.06662540095683167
Vulcan Materials Company,2026-07-25,2026-07-24,0.06375410581748675
Vulcan Materials Company,2026-07-26,2026-07-25,0.06287736220921458
Vulcan Materials Company,2026-07-27,2026-07-26,0.06279118664881678
Vulcan Materials Company,2026-07-28,2026-07-27,0.07256365530929754
Vulcan Materials Company,2026-07-29,2026-07-28,0.06754181552208394
Vulcan Materials Company,2026-07-30,2026-07-29,0.07606628385785819
Vulcan Materials Company,2026-07-31,2026-07-30,0.06973266201538131
Vulcan Materials Company,2026-08-01,2026-07-31,0.06780887535152724
Vulcan Materials Company,2026-08-02,2026-08-01,0.07130042117812607
Vulcan Materials Company,2026-08-03,2026-08-02,0.06716007419773706
Vulcan Materials Company,2026-08-04,2026-08-03,0.06207251439501338
Vulcan Materials Company,2026-08-05,2026-08-04,0.06573649764858613
Vulcan Materials Company,2026-08-06,2026-08-05,0.0731291719614503
Vulcan Materials Company,2026-08-07,2026-08-06,0.07259165508473431
Vulcan Materials Company,2026-08-08,2026-08-07,0.08227313617860488
Vulcan Materials Company,2026-08-09,2026-08-08,0.064981060951815
Vulcan Materials Company,2026-08-10,2026-08-09,0.06535355238590701
Vulcan Materials Company,2026-08-11,2026-08-10,0.06720511992526679
Vulcan Materials Company,2026-08-12,2026-08-11,0.061943544217291424
Vulcan Materials Company,2026-08-13,2026-08-12,0.0637986905665705
Vulcan Materials Company,2026-08-14,2026-08-13,0.06719350747810904
Vulcan Materials Company,2026-08-15,2026-08-14,0.06018906233813859
Vulcan Materials Company,2026-08-16,2026-08-15,0.06360979361535912
Vulcan Materials Company,2026-08-17,2026-08-16,0.06045523954155663
Vulcan Materials Company,2026-08-18,2026-08-17,0.06551131225364049
Vulcan Materials Company,2026-08-20,2026-08-18,0.06499616230932814
Vulcan Materials Company,2026-08-21,2026-08-20,0.07218993614206748
Vulcan Materials Company,2026-08-22,2026-08-21,0.06474571970131615
Vulcan Materials Company,2026-08-23,2026-08-22,0.06581129048890233
Vulcan Materials Company,2026-08-24,2026-08-23,0.06309364743487855
Vulcan Materials Company,2026-08-25,2026-08-24,0.0731424487846547
Vulcan Materials Company,2026-08-26,2026-08-25,0.06573693125446733
Vulcan Materials Company,2026-08-27,2026-08-26,0.066138879399535
Vulcan Materials Company,2026-08-28,2026-08-27,0.0713184958435612
WEC Energy Group,2026-07-16,2026-07-15,0.08320101531778823
WEC Energy Group,2026-07-17,2026-07-16,0.11795602378424508
WEC Energy Group,2026-07-18,2026-07-17,0.08825211226832885
WEC Energy Group,2026-07-19,2026-07-18,0.28887789709264644
WEC Energy Group,2026-07-20,2026-07-19,0.2708857389144319
WEC Energy Group,2026-07-21,2026-07-20,0.06532614871644615
WEC Energy Group,2026-07-22,2026-07-21,0.15128646491561226
WEC Energy Group,2026-07-23,2026-07-22,0.15536101813047076
WEC Energy Group,2026-07-24,2026-07-23,0.0698662538980217
WEC Energy Group,2026-07-25,2026-07-24,0.06610650206731505
WEC Energy Group,2026-07-26,2026-07-25,0.06561815789405534
WEC Energy Group,2026-07-27,2026-07-26,0.06110175164338094
WEC Energy Group,2026-07-28,2026-07-27,0.06407801737622287
WEC Energy Group,2026-07-29,2026-07-28,0.0866567364582349
WEC Energy Group,2026-07-30,2026-07-29,0.1269486188157608
WEC Energy Group,2026-07-31,2026-07-30,0.0841078559166416
WEC Energy Group,2026-08-01,2026-07-31,0.061853799851919744
WEC Energy Group,2026-08-02,2026-08-01,0.05889752798137249
WEC Energy Group,2026-08-03,2026-08-02,0.06452970630752553
WEC Energy Group,2026-08-04,2026-08-03,0.06579503125977948
WEC Energy Group,2026-08-05,2026-08-04,0.06152169812805386
WEC Energy Group,2026-08-06,2026-08-05,0.06248916830597229
WEC Energy Group,2026-08-07,2026-08-06,0.12040737595588968
WEC Energy Group,2026-08-08,2026-08-07,0.1394901674001805
WEC Energy Group,2026-08-09,2026-08-08,0.07343064465328675
WEC Energy Group,2026-08-10,2026-08-09,0.06765494984946196
WEC Energy Group,2026-08-11,2026-08-10,0.09500858346723384
WEC Energy Group,2026-08-12,2026-08-11,0.08115895192357558
WEC Energy Group,2026-08-13,2026-08-12,0.07800542628280593
WEC Energy Group,2026-08-14,2026-08-13,0.05925152063762007
WEC Energy Group,2026-08-15,2026-08-14,0.05816056264632219
WEC Energy Group,2026-08-16,2026-08-15,0.10687782845531635
WEC Energy Group,2026-08-17,2026-08-16,0.06795633389504518
WEC Energy Group,2026-08-18,2026-08-17,0.10630674853383781
WEC Energy Group,2026-08-20,2026-08-18,0.12973361941802808
WEC Energy Group,2026-08-21,2026-08-20,0.07019410187712571
WEC Energy Group,2026-08-22,2026-08-21,0.06726951623563115
WEC Energy Group,2026-08-23,2026-08-22,0.06386625464585372
WEC Energy Group,2026-08-24,2026-08-23,0.07268325609269544
WEC Energy Group,2026-08-25,2026-08-24,0.06281616998366568
WEC Energy Group,2026-08-26,2026-08-25,0.1296349497166761
WEC Energy Group,2026-08-27,2026-08-26,0.06793897128485094
WEC Energy Group,2026-08-28,2026-08-27,0.0764969513195578
Walmart,2026-07-16,2026-07-15,0.09437761706653369
Walmart,2026-07-17,2026-07-16,0.10000007431503122
Walmart,2026-07-18,2026-07-17,0.07926322374532413
Walmart,2026-07-19,2026-07-18,0.11471618631854108
Walmart,2026-07-20,2026-07-19,0.12440601092272086
Walmart,2026-07-21,2026-07-20,0.06715540380990714
Walmart,2026-07-22,2026-07-21,0.13265383122368357
Walmart,2026-07-23,2026-07-22,0.1229028547161316
Walmart,2026-07-24,2026-07-23,0.0707572817271187
Walmart,2026-07-25,2026-07-24,0.061209658181466065
Walmart,2026-07-26,2026-07-25,0.05566439500827425
Walmart,2026-07-27,2026-07-26,0.0553690519832315
Walmart,2026-07-28,2026-07-27,0.06113589866710356
Walmart,2026-07-29,2026-07-28,0.06744549184386184
Walmart,2026-07-30,2026-07-29,0.06172142188812202
Walmart,2026-07-31,2026-07-30,0.07540373214705276
Walmart,2026-08-01,2026-07-31,0.07793095299331987
Walmart,2026-08-02,2026-08-01,0.05702650308220647
Walmart,2026-08-03,2026-08-02,0.0526647684552779
Walmart,2026-08-04,2026-08-03,0.07192069018908476
Walmart,2026-08-05,2026-08-04,0.0795670064752152
Walmart,2026-08-06,2026-08-05,0.070810171954244
Walmart,2026-08-07,2026-08-06,0.05813401054949696
Walmart,2026-08-08,2026-08-07,0.06071399910108144
Walmart,2026-08-09,2026-08-08,0.05994712435185168
Walmart,2026-08-10,2026-08-09,0.07601596254464915
Walmart,2026-08-11,2026-08-10,0.06431808339450318
Walmart,2026-08-12,2026-08-11,0.05753845089631793
Walmart,2026-08-13,2026-08-12,0.06905684230395648
Walmart,2026-08-14,2026-08-13,0.05994668656848312
Walmart,2026-08-15,2026-08-14,0.07548277804890513
Walmart,2026-08-16,2026-08-15,0.07770395718158041
Walmart,2026-08-17,2026-08-16,0.0783987929639709
Walmart,2026-08-18,2026-08-17,0.07362174301153002
Walmart,2026-08-20,2026-08-18,0.06485672936866227
Walmart,2026-08-21,2026-08-20,0.06718035971068737
Walmart,2026-08-22,2026-08-21,0.08404249968854849
Walmart,2026-08-23,2026-08-22,0.07083477995494103
Walmart,2026-08-24,2026-08-23,0.09010648535032162
Walmart,2026-08-25,2026-08-24,0.08266662277289882
Walmart,2026-08-26,2026-08-25,0.07011015279504496
Walmart,2026-08-27,2026-08-26,0.06702560152743153
Walmart,2026-08-28,2026-08-27,0.05880255675624935
Walt Disney Company (The),2026-07-16,2026-07-15,0.13831928209619482
Walt Disney Company (The),2026-07-17,2026-07-16,0.2563557206782211
Walt Disney Company (The),2026-07-18,2026-07-17,0.08250018546365767
Walt Disney Company (The),2026-07-19,2026-07-18,0.06663612540751096
Walt Disney Company (The),2026-07-20,2026-07-19,0.07241512643832315
Walt Disney Company (The),2026-07-21,2026-07-20,0.08790557470970706
Walt Disney Company (The),2026-07-22,2026-07-21,0.3192408542710903
Walt Disney Company (The),2026-07-23,2026-07-22,0.32359325912621073
Walt Disney Company (The),2026-07-24,2026-07-23,0.09327263453687196
Walt Disney Company (The),2026-07-25,2026-07-24,0.08443785321466202
Walt Disney Company (The),2026-07-26,2026-07-25,0.06892686383434699
Walt Disney Company (The),2026-07-27,2026-07-26,0.07126022195298543
Walt Disney Company (The),2026-07-28,2026-07-27,0.08563545108170934
Walt Disney Company (The),2026-07-29,2026-07-28,0.05825325346306498
Walt Disney Company (The),2026-07-30,2026-07-29,0.07995225001468254
Walt Disney Company (The),2026-07-31,2026-07-30,0.11401730649145803
Walt Disney Company (The),2026-08-01,2026-07-31,0.08242921187121377
Walt Disney Company (The),2026-08-02,2026-08-01,0.06699615309041529
Walt Disney Company (The),2026-08-03,2026-08-02,0.06288177630750724
Walt Disney Company (The),2026-08-04,2026-08-03,0.08233708886138191
Walt Disney Company (The),2026-08-05,2026-08-04,0.11770214642683408
Walt Disney Company (The),2026-08-06,2026-08-05,0.11509136561063427
Walt Disney Company (The),2026-08-07,2026-08-06,0.12347164058244597
Walt Disney Company (The),2026-08-08,2026-08-07,0.07948037606565106
Walt Disney Company (The),2026-08-09,2026-08-08,0.10603244581897131
Walt Disney Company (The),2026-08-10,2026-08-09,0.12320072892111777
Walt Disney Company (The),2026-08-11,2026-08-10,0.08715980078079721
Walt Disney Company (The),2026-08-12,2026-08-11,0.06581513412961515
Walt Disney Company (The),2026-08-13,2026-08-12,0.09564863768016352
Walt Disney Company (The),2026-08-14,2026-08-13,0.07502175515491116
Walt Disney Company (The),2026-08-15,2026-08-14,0.0636158736452036
Walt Disney Company (The),2026-08-16,2026-08-15,0.05548702587004117
Walt Disney Company (The),2026-08-17,2026-08-16,0.06758711677029827
Walt Disney Company (The),2026-08-18,2026-08-17,0.06747808085899154
Walt Disney Company (The),2026-08-20,2026-08-18,0.0715795337253754
Walt Disney Company (The),2026-08-21,2026-08-20,0.07717724942830206
Walt Disney Company (The),2026-08-22,2026-08-21,0.10393916368301481
Walt Disney Company (The),2026-08-23,2026-08-22,0.0776484080705242
Walt Disney Company (The),2026-08-24,2026-08-23,0.07150934911157392
Walt Disney Company (The),2026-08-25,2026-08-24,0.07406579173906569
Walt Disney Company (The),2026-08-26,2026-08-25,0.06881980741677629
Walt Disney Company (The),2026-08-27,2026-08-26,0.055599864259636256
Walt Disney Company (The),2026-08-28,2026-08-27,0.05815744837079817
Warner Bros. Discovery,2026-07-16,2026-07-15,0.1573517580505781
Warner Bros. Discovery,2026-07-17,2026-07-16,0.14363378497408164
Warner Bros. Discovery,2026-07-18,2026-07-17,0.18369080264119753
Warner Bros. Discovery,2026-07-19,2026-07-18,0.07354092054440464
Warner Bros. Discovery,2026-07-20,2026-07-19,0.07063160357426224
Warner Bros. Discovery,2026-07-21,2026-07-20,0.079962059929365
Warner Bros. Discovery,2026-07-22,2026-07-21,0.22824776658876955
Warner Bros. Discovery,2026-07-23,2026-07-22,0.21832916986259276
Warner Bros. Discovery,2026-07-24,2026-07-23,0.09157511912044602
Warner Bros. Discovery,2026-07-25,2026-07-24,0.09690380413097321
Warner Bros. Discovery,2026-07-26,2026-07-25,0.07643226150928872
Warner Bros. Discovery,2026-07-27,2026-07-26,0.06811128928596888
Warner Bros. Discovery,2026-07-28,2026-07-27,0.09365589213943515
Warner Bros. Discovery,2026-07-29,2026-07-28,0.08008653456128001
Warner Bros. Discovery,2026-07-30,2026-07-29,0.0835001356765328
Warner Bros. Discovery,2026-07-31,2026-07-30,0.09632250201040216
Warner Bros. Discovery,2026-08-01,2026-07-31,0.08274389329489029
Warner Bros. Discovery,2026-08-02,2026-08-01,0.07916854599591605
Warner Bros. Discovery,2026-08-03,2026-08-02,0.07014277554237469
Warner Bros. Discovery,2026-08-04,2026-08-03,0.10958194979320157
Warner Bros. Discovery,2026-08-05,2026-08-04,0.09766240164637852
Warner Bros. Discovery,2026-08-06,2026-08-05,0.10933285386569536
Warner Bros. Discovery,2026-08-07,2026-08-06,0.09412388459715515
Warner Bros. Discovery,2026-08-08,2026-08-07,0.08007042624172855
Warner Bros. Discovery,2026-08-09,2026-08-08,0.0768923662693265
Warner Bros. Discovery,2026-08-10,2026-08-09,0.08707474532495996
Warner Bros. Discovery,2026-08-11,2026-08-10,0.07123389741953767
Warner Bros. Discovery,2026-08-12,2026-08-11,0.06739629956799442
Warner Bros. Discovery,2026-08-13,2026-08-12,0.07924463536508342
Warner Bros. Discovery,2026-08-14,2026-08-13,0.08180328742218024
Warner Bros. Discovery,2026-08-15,2026-08-14,0.07145757498459193
Warner Bros. Discovery,2026-08-16,2026-08-15,0.06328383892595069
Warner Bros. Discovery,2026-08-17,2026-08-16,0.06382363326637186
Warner Bros. Discovery,2026-08-18,2026-08-17,0.07263652827476863
Warner Bros. Discovery,2026-08-20,2026-08-18,0.06961282352409259
Warner Bros. Discovery,2026-08-21,2026-08-20,0.08087481777341743
Warner Bros. Discovery,2026-08-22,2026-08-21,0.07527787428728006
Warner Bros. Discovery,2026-08-23,2026-08-22,0.06984061042913325
Warner Bros. Discovery,2026-08-24,2026-08-23,0.09068807384114663
Warner Bros. Discovery,2026-08-25,2026-08-24,0.07455600814011598
Warner Bros. Discovery,2026-08-26,2026-08-25,0.07477631165809184
Warner Bros. Discovery,2026-08-27,2026-08-26,0.07780287849192358
Warner Bros. Discovery,2026-08-28,2026-08-27,0.06911874401024065
Wells Fargo,2026-07-16,2026-07-15,0.1973816823808019
Wells Fargo,2026-07-17,2026-07-16,0.22442481715902562
Wells Fargo,2026-07-18,2026-07-17,0.19360872766784443
Wells Fargo,2026-07-19,2026-07-18,0.12654308150918503
Wells Fargo,2026-07-20,2026-07-19,0.12298882996969107
Wells Fargo,2026-07-21,2026-07-20,0.07816379344343916
Wells Fargo,2026-07-22,2026-07-21,0.15247501245784323
Wells Fargo,2026-07-23,2026-07-22,0.13006515029421062
Wells Fargo,2026-07-24,2026-07-23,0.07552122787655746
Wells Fargo,2026-07-25,2026-07-24,0.07139546806933583
Wells Fargo,2026-07-26,2026-07-25,0.06862558725934353
Wells Fargo,2026-07-27,2026-07-26,0.07581781275450372
Wells Fargo,2026-07-28,2026-07-27,0.090621327090178
Wells Fargo,2026-07-29,2026-07-28,0.08406519853340289
Wells Fargo,2026-07-30,2026-07-29,0.06277392071608956
Wells Fargo,2026-07-31,2026-07-30,0.0821377812391082
Wells Fargo,2026-08-01,2026-07-31,0.07843184483877741
Wells Fargo,2026-08-02,2026-08-01,0.07739822664602414
Wells Fargo,2026-08-03,2026-08-02,0.08080703523684363
Wells Fargo,2026-08-04,2026-08-03,0.10659510994905796
Wells Fargo,2026-08-05,2026-08-04,0.0819414085652983
Wells Fargo,2026-08-06,2026-08-05,0.08118161679787606
Wells Fargo,2026-08-07,2026-08-06,0.08504290838435091
Wells Fargo,2026-08-08,2026-08-07,0.06628983849925096
Wells Fargo,2026-08-09,2026-08-08,0.07796875688861182
Wells Fargo,2026-08-10,2026-08-09,0.07828596687020073
Wells Fargo,2026-08-11,2026-08-10,0.06500810844328087
Wells Fargo,2026-08-12,2026-08-11,0.06378117799028582
Wells Fargo,2026-08-13,2026-08-12,0.0842148305814785
Wells Fargo,2026-08-14,2026-08-13,0.07013772226939885
Wells Fargo,2026-08-15,2026-08-14,0.07135711505838216
Wells Fargo,2026-08-16,2026-08-15,0.06941111587227389
Wells Fargo,2026-08-17,2026-08-16,0.06553047680406421
Wells Fargo,2026-08-18,2026-08-17,0.05984847744864141
Wells Fargo,2026-08-20,2026-08-18,0.08211323174585927
Wells Fargo,2026-08-21,2026-08-20,0.08480535984770088
Wells Fargo,2026-08-22,2026-08-21,0.08514311752946113
Wells Fargo,2026-08-23,2026-08-22,0.06982223147813771
Wells Fargo,2026-08-24,2026-08-23,0.07750423726210454
Wells Fargo,2026-08-25,2026-08-24,0.07501177746459053
Wells Fargo,2026-08-26,2026-08-25,0.07443754447666928
Wells Fargo,2026-08-27,2026-08-26,0.06284244806211414
Wells Fargo,2026-08-28,2026-08-27,0.07433856227568059
Welltower,2026-07-16,2026-07-15,0.2035757304772592
Welltower,2026-07-17,2026-07-16,0.16321895932866304
Welltower,2026-07-18,2026-07-17,0.16012499653515766
Welltower,2026-07-19,2026-07-18,0.1908447656725072
Welltower,2026-07-20,2026-07-19,0.15802213745826688
Welltower,2026-07-21,2026-07-20,0.06775906201886639
Welltower,2026-07-22,2026-07-21,0.19618980485906268
Welltower,2026-07-23,2026-07-22,0.18756381840889325
Welltower,2026-07-24,2026-07-23,0.06167415119001607
Welltower,2026-07-25,2026-07-24,0.06212113170624001
Welltower,2026-07-26,2026-07-25,0.078038362762891
Welltower,2026-07-27,2026-07-26,0.0776287555238131
Welltower,2026-07-28,2026-07-27,0.09673029064607319
Welltower,2026-07-29,2026-07-28,0.08899061213261239
Welltower,2026-07-30,2026-07-29,0.05773449502874506
Welltower,2026-07-31,2026-07-30,0.06383328455956083
Welltower,2026-08-01,2026-07-31,0.06188617166729693
Welltower,2026-08-02,2026-08-01,0.06267586275552095
Welltower,2026-08-03,2026-08-02,0.07291885777487161
Welltower,2026-08-04,2026-08-03,0.07874742016191016
Welltower,2026-08-05,2026-08-04,0.11041802920164412
Welltower,2026-08-06,2026-08-05,0.06896895700908967
Welltower,2026-08-07,2026-08-06,0.06917897223158531
Welltower,2026-08-08,2026-08-07,0.06859829135984263
Welltower,2026-08-09,2026-08-08,0.06829638577929176
Welltower,2026-08-10,2026-08-09,0.06859541535643565
Welltower,2026-08-11,2026-08-10,0.06629822249294703
Welltower,2026-08-12,2026-08-11,0.06438302977918653
Welltower,2026-08-13,2026-08-12,0.061181483277097715
Welltower,2026-08-14,2026-08-13,0.06350200434342768
Welltower,2026-08-15,2026-08-14,0.0616285135246164
Welltower,2026-08-16,2026-08-15,0.05811576932586926
Welltower,2026-08-17,2026-08-16,0.05957946891677757
Welltower,2026-08-18,2026-08-17,0.05551161005572103
Welltower,2026-08-20,2026-08-18,0.05587156853938835
Welltower,2026-08-21,2026-08-20,0.054195255418959976
Welltower,2026-08-22,2026-08-21,0.06831556555559881
Welltower,2026-08-23,2026-08-22,0.05825942660940053
Welltower,2026-08-24,2026-08-23,0.0792951413631543
Welltower,2026-08-25,2026-08-24,0.07519410440856511
Welltower,2026-08-26,2026-08-25,0.05753196122549309
Welltower,2026-08-27,2026-08-26,0.059832402638654414
Welltower,2026-08-28,2026-08-27,0.09636529799008764
Western Digital,2026-07-16,2026-07-15,0.1444863744998668
Western Digital,2026-07-17,2026-07-16,0.1472061756288392
Western Digital,2026-07-18,2026-07-17,0.12999916700765013
Western Digital,2026-07-19,2026-07-18,0.14273761891928038
Western Digital,2026-07-20,2026-07-19,0.18173659370105344
Western Digital,2026-07-21,2026-07-20,0.0992724518447079
Western Digital,2026-07-22,2026-07-21,0.20167346723958401
Western Digital,2026-07-23,2026-07-22,0.20710183194222742
Western Digital,2026-07-24,2026-07-23,0.09952153750126802
Western Digital,2026-07-25,2026-07-24,0.07969642711646119
Western Digital,2026-07-26,2026-07-25,0.06990185606568011
Western Digital,2026-07-27,2026-07-26,0.07252586907354175
Western Digital,2026-07-28,2026-07-27,0.0859848020629238
Western Digital,2026-07-29,2026-07-28,0.10516947286315859
Western Digital,2026-07-30,2026-07-29,0.10019509581861197
Western Digital,2026-07-31,2026-07-30,0.0794942235961682
Western Digital,2026-08-01,2026-07-31,0.08338332848450569
Western Digital,2026-08-02,2026-08-01,0.08570854458093924
Western Digital,2026-08-03,2026-08-02,0.0745412925842539
Western Digital,2026-08-04,2026-08-03,0.08097568554892398
Western Digital,2026-08-05,2026-08-04,0.11788475504690121
Western Digital,2026-08-06,2026-08-05,0.12581791784593965
Western Digital,2026-08-07,2026-08-06,0.10795782013347044
Western Digital,2026-08-08,2026-08-07,0.09186467937160381
Western Digital,2026-08-09,2026-08-08,0.06309676088776972
Western Digital,2026-08-10,2026-08-09,0.06648900975783101
Western Digital,2026-08-11,2026-08-10,0.08528071836698592
Western Digital,2026-08-12,2026-08-11,0.06873210658581308
Western Digital,2026-08-13,2026-08-12,0.06872458792060132
Western Digital,2026-08-14,2026-08-13,0.07506757100280792
Western Digital,2026-08-15,2026-08-14,0.06544225135929405
Western Digital,2026-08-16,2026-08-15,0.06029496950845403
Western Digital,2026-08-17,2026-08-16,0.0789048978645922
Western Digital,2026-08-18,2026-08-17,0.0831544954425888
Western Digital,2026-08-20,2026-08-18,0.09469671907990396
Western Digital,2026-08-21,2026-08-20,0.07179800434197792
Western Digital,2026-08-22,2026-08-21,0.08985126384467557
Western Digital,2026-08-23,2026-08-22,0.06254318303752071
Western Digital,2026-08-24,2026-08-23,0.06609030261194482
Western Digital,2026-08-25,2026-08-24,0.08339751328673228
Western Digital,2026-08-26,2026-08-25,0.08559536317689531
Western Digital,2026-08-27,2026-08-26,0.0594145355981377
Western Digital,2026-08-28,2026-08-27,0.06398310558568687
Weyerhaeuser,2026-07-16,2026-07-15,0.13960344768844812
Weyerhaeuser,2026-07-17,2026-07-16,0.15095402532334534
Weyerhaeuser,2026-07-18,2026-07-17,0.15809785268745946
Weyerhaeuser,2026-07-19,2026-07-18,0.11857854098558396
Weyerhaeuser,2026-07-20,2026-07-19,0.20208839261138956
Weyerhaeuser,2026-07-21,2026-07-20,0.07326848099557182
Weyerhaeuser,2026-07-22,2026-07-21,0.24521354141442975
Weyerhaeuser,2026-07-23,2026-07-22,0.23550995914581874
Weyerhaeuser,2026-07-24,2026-07-23,0.07916568597067164
Weyerhaeuser,2026-07-25,2026-07-24,0.07439084129033713
Weyerhaeuser,2026-07-26,2026-07-25,0.08669276708799856
Weyerhaeuser,2026-07-27,2026-07-26,0.07102151044876792
Weyerhaeuser,2026-07-28,2026-07-27,0.10466041377672697
Weyerhaeuser,2026-07-29,2026-07-28,0.08583769766127858
Weyerhaeuser,2026-07-30,2026-07-29,0.07350297583930543
Weyerhaeuser,2026-07-31,2026-07-30,0.07417425086605467
Weyerhaeuser,2026-08-01,2026-07-31,0.09969548325777855
Weyerhaeuser,2026-08-02,2026-08-01,0.07110313961957271
Weyerhaeuser,2026-08-03,2026-08-02,0.09554784842045017
Weyerhaeuser,2026-08-04,2026-08-03,0.07797762050913104
Weyerhaeuser,2026-08-05,2026-08-04,0.07333533686692484
Weyerhaeuser,2026-08-06,2026-08-05,0.08136366559559272
Weyerhaeuser,2026-08-07,2026-08-06,0.10338315638484341
Weyerhaeuser,2026-08-08,2026-08-07,0.07801083870544123
Weyerhaeuser,2026-08-09,2026-08-08,0.06239858911076346
Weyerhaeuser,2026-08-10,2026-08-09,0.07052862238470936
Weyerhaeuser,2026-08-11,2026-08-10,0.0686695222624425
Weyerhaeuser,2026-08-12,2026-08-11,0.06165573409811431
Weyerhaeuser,2026-08-13,2026-08-12,0.07176748325254323
Weyerhaeuser,2026-08-14,2026-08-13,0.08479796946777529
Weyerhaeuser,2026-08-15,2026-08-14,0.10392465394988593
Weyerhaeuser,2026-08-16,2026-08-15,0.08222557530337937
Weyerhaeuser,2026-08-17,2026-08-16,0.07844570575546994
Weyerhaeuser,2026-08-18,2026-08-17,0.07638743222478228
Weyerhaeuser,2026-08-20,2026-08-18,0.08058508531318431
Weyerhaeuser,2026-08-21,2026-08-20,0.08275711869012303
Weyerhaeuser,2026-08-22,2026-08-21,0.07479820421420802
Weyerhaeuser,2026-08-23,2026-08-22,0.06330966153883066
Weyerhaeuser,2026-08-24,2026-08-23,0.08748059981571232
Weyerhaeuser,2026-08-25,2026-08-24,0.07045079254674236
Weyerhaeuser,2026-08-26,2026-08-25,0.06950932862204817
Weyerhaeuser,2026-08-27,2026-08-26,0.06878310374627528
Weyerhaeuser,2026-08-28,2026-08-27,0.06085607818612604
Williams Companies,2026-07-16,2026-07-15,0.2760527126235134
Williams Companies,2026-07-17,2026-07-16,0.24903661468388394
Williams Companies,2026-07-18,2026-07-17,0.14112136146254406
Williams Companies,2026-07-19,2026-07-18,0.19259274360727696
Williams Companies,2026-07-20,2026-07-19,0.2680147476018516
Williams Companies,2026-07-21,2026-07-20,0.10355352007660756
Williams Companies,2026-07-22,2026-07-21,0.18375316068525394
Williams Companies,2026-07-23,2026-07-22,0.15415100203662446
Williams Companies,2026-07-24,2026-07-23,0.08141865365253742
Williams Companies,2026-07-25,2026-07-24,0.07319349769530092
Williams Companies,2026-07-26,2026-07-25,0.08954325525412521
Williams Companies,2026-07-27,2026-07-26,0.07855645163519775
Williams Companies,2026-07-28,2026-07-27,0.08933168778349898
Williams Companies,2026-07-29,2026-07-28,0.0852921028316963
Williams Companies,2026-07-30,2026-07-29,0.07564374883478198
Williams Companies,2026-07-31,2026-07-30,0.08683126544942499
Williams Companies,2026-08-01,2026-07-31,0.07828779715236023
Williams Companies,2026-08-02,2026-08-01,0.08182607189457425
Williams Companies,2026-08-03,2026-08-02,0.07795348969509919
Williams Companies,2026-08-04,2026-08-03,0.13261965170735635
Williams Companies,2026-08-05,2026-08-04,0.08995542419543923
Williams Companies,2026-08-06,2026-08-05,0.08427669573008756
Williams Companies,2026-08-07,2026-08-06,0.09424221631008078
Williams Companies,2026-08-08,2026-08-07,0.07436892043072107
Williams Companies,2026-08-09,2026-08-08,0.09498032752409391
Williams Companies,2026-08-10,2026-08-09,0.1002449429396215
Williams Companies,2026-08-11,2026-08-10,0.07284622240588223
Williams Companies,2026-08-12,2026-08-11,0.104293041888317
Williams Companies,2026-08-13,2026-08-12,0.10798277260557654
Williams Companies,2026-08-14,2026-08-13,0.07248758238431263
Williams Companies,2026-08-15,2026-08-14,0.06602514924733871
Williams Companies,2026-08-16,2026-08-15,0.0774142728440298
Williams Companies,2026-08-17,2026-08-16,0.08016687236833553
Williams Companies,2026-08-18,2026-08-17,0.062389923272451964
Williams Companies,2026-08-20,2026-08-18,0.06846388544491078
Williams Companies,2026-08-21,2026-08-20,0.08322464294211529
Williams Companies,2026-08-22,2026-08-21,0.07230024697210069
Williams Companies,2026-08-23,2026-08-22,0.0664089996609929
Williams Companies,2026-08-24,2026-08-23,0.06376491526353278
Williams Companies,2026-08-25,2026-08-24,0.07654513738297686
Williams Companies,2026-08-26,2026-08-25,0.12567000424445496
Williams Companies,2026-08-27,2026-08-26,0.07071664212376061
Williams Companies,2026-08-28,2026-08-27,0.07297383447710992
"Workday, Inc",2026-07-16,2026-07-15,0.17180794812411793
"Workday, Inc",2026-07-17,2026-07-16,0.12325742134487971
"Workday, Inc",2026-07-18,2026-07-17,0.26527695702230625
"Workday, Inc",2026-07-19,2026-07-18,0.3573624395158801
"Workday, Inc",2026-07-20,2026-07-19,0.13918587378840708
"Workday, Inc",2026-07-21,2026-07-20,0.07088910827505801
"Workday, Inc",2026-07-22,2026-07-21,0.20105107391969768
"Workday, Inc",2026-07-23,2026-07-22,0.18474675737269497
"Workday, Inc",2026-07-24,2026-07-23,0.07815601941093853
"Workday, Inc",2026-07-25,2026-07-24,0.07108754832708375
"Workday, Inc",2026-07-26,2026-07-25,0.0673725601373325
"Workday, Inc",2026-07-27,2026-07-26,0.06202376286930422
"Workday, Inc",2026-07-28,2026-07-27,0.10081078237269425
"Workday, Inc",2026-07-29,2026-07-28,0.0700632483651974
"Workday, Inc",2026-07-30,2026-07-29,0.08987672375950395
"Workday, Inc",2026-07-31,2026-07-30,0.07569327683492877
"Workday, Inc",2026-08-01,2026-07-31,0.0692596293428066
"Workday, Inc",2026-08-02,2026-08-01,0.0649663030040033
"Workday, Inc",2026-08-03,2026-08-02,0.07372911762963741
"Workday, Inc",2026-08-04,2026-08-03,0.08902736797277433
"Workday, Inc",2026-08-05,2026-08-04,0.07903290713234323
"Workday, Inc",2026-08-06,2026-08-05,0.0767689215968671
"Workday, Inc",2026-08-07,2026-08-06,0.08456346489614441
"Workday, Inc",2026-08-08,2026-08-07,0.07534537261283358
"Workday, Inc",2026-08-09,2026-08-08,0.0730879477941131
"Workday, Inc",2026-08-10,2026-08-09,0.07921997765184374
"Workday, Inc",2026-08-11,2026-08-10,0.06289399424252429
"Workday, Inc",2026-08-12,2026-08-11,0.07211989735813462
"Workday, Inc",2026-08-13,2026-08-12,0.09234112913947123
"Workday, Inc",2026-08-14,2026-08-13,0.07455663280231928
"Workday, Inc",2026-08-15,2026-08-14,0.08852333313497107
"Workday, Inc",2026-08-16,2026-08-15,0.08300427684881673
"Workday, Inc",2026-08-17,2026-08-16,0.07826046136694498
"Workday, Inc",2026-08-18,2026-08-17,0.1001313870659063
"Workday, Inc",2026-08-20,2026-08-18,0.08167437467106364
"Workday, Inc",2026-08-21,2026-08-20,0.07670435143528231
"Workday, Inc",2026-08-22,2026-08-21,0.09849463863510732
"Workday, Inc",2026-08-23,2026-08-22,0.06768605190387622
"Workday, Inc",2026-08-24,2026-08-23,0.06355723053565987
"Workday, Inc",2026-08-25,2026-08-24,0.062045489958250766
"Workday, Inc",2026-08-26,2026-08-25,0.07058354044682325
"Workday, Inc",2026-08-27,2026-08-26,0.0703500735547169
"Workday, Inc",2026-08-28,2026-08-27,0.0757144353282676
Xcel Energy,2026-07-16,2026-07-15,0.2550942998035002
Xcel Energy,2026-07-17,2026-07-16,0.31959696695771833
Xcel Energy,2026-07-18,2026-07-17,0.20133513229063504
Xcel Energy,2026-07-19,2026-07-18,0.1382155707532149
Xcel Energy,2026-07-20,2026-07-19,0.19855924765162458
Xcel Energy,2026-07-21,2026-07-20,0.06875189662088599
Xcel Energy,2026-07-22,2026-07-21,0.48094047740048895
Xcel Energy,2026-07-23,2026-07-22,0.5252696726777653
Xcel Energy,2026-07-24,2026-07-23,0.06343444703422274
Xcel Energy,2026-07-25,2026-07-24,0.06484962861082877
Xcel Energy,2026-07-26,2026-07-25,0.0614660460141524
Xcel Energy,2026-07-27,2026-07-26,0.06980066625523174
Xcel Energy,2026-07-28,2026-07-27,0.06358713028724328
Xcel Energy,2026-07-29,2026-07-28,0.07036083328128617
Xcel Energy,2026-07-30,2026-07-29,0.07412849981365743
Xcel Energy,2026-07-31,2026-07-30,0.12947252706652645
Xcel Energy,2026-08-01,2026-07-31,0.08168883104059366
Xcel Energy,2026-08-02,2026-08-01,0.07307767661779552
Xcel Energy,2026-08-03,2026-08-02,0.0636815446361837
Xcel Energy,2026-08-04,2026-08-03,0.0761703246668709
Xcel Energy,2026-08-05,2026-08-04,0.07253721338398933
Xcel Energy,2026-08-06,2026-08-05,0.06939081764152422
Xcel Energy,2026-08-07,2026-08-06,0.10238126329744524
Xcel Energy,2026-08-08,2026-08-07,0.06577000938739719
Xcel Energy,2026-08-09,2026-08-08,0.06636082227816487
Xcel Energy,2026-08-10,2026-08-09,0.08455039034360479
Xcel Energy,2026-08-11,2026-08-10,0.0758776556827423
Xcel Energy,2026-08-12,2026-08-11,0.07908503045804194
Xcel Energy,2026-08-13,2026-08-12,0.06937195198435642
Xcel Energy,2026-08-14,2026-08-13,0.07809468807368136
Xcel Energy,2026-08-15,2026-08-14,0.06819724778728853
Xcel Energy,2026-08-16,2026-08-15,0.0691767854068358
Xcel Energy,2026-08-17,2026-08-16,0.07599851177537031
Xcel Energy,2026-08-18,2026-08-17,0.10826787267309312
Xcel Energy,2026-08-20,2026-08-18,0.07413574850540028
Xcel Energy,2026-08-21,2026-08-20,0.061578054231216095
Xcel Energy,2026-08-22,2026-08-21,0.06993368729189642
Xcel Energy,2026-08-23,2026-08-22,0.0628112591313027
Xcel Energy,2026-08-24,2026-08-23,0.06363854223312415
Xcel Energy,2026-08-25,2026-08-24,0.08685107356678146
Xcel Energy,2026-08-26,2026-08-25,0.08350155026345707
Xcel Energy,2026-08-27,2026-08-26,0.08672148227484144
Xcel Energy,2026-08-28,2026-08-27,0.1128195951898312
Xylem Inc,2026-07-16,2026-07-15,0.07512946526716957
Xylem Inc,2026-07-17,2026-07-16,0.10574694444674126
Xylem Inc,2026-07-18,2026-07-17,0.13776999878566676
Xylem Inc,2026-07-19,2026-07-18,0.12552019768655176
Xylem Inc,2026-07-20,2026-07-19,0.17031277884110496
Xylem Inc,2026-07-21,2026-07-20,0.06155810159677322
Xylem Inc,2026-07-22,2026-07-21,0.13764551485845178
Xylem Inc,2026-07-23,2026-07-22,0.13920937700295966
Xylem Inc,2026-07-24,2026-07-23,0.05043860505748243
Xylem Inc,2026-07-25,2026-07-24,0.06048018135358568
Xylem Inc,2026-07-26,2026-07-25,0.061512212254086984
Xylem Inc,2026-07-27,2026-07-26,0.06567595021732364
Xylem Inc,2026-07-28,2026-07-27,0.0736694154119647
Xylem Inc,2026-07-29,2026-07-28,0.06745270076660204
Xylem Inc,2026-07-30,2026-07-29,0.06311285911508169
Xylem Inc,2026-07-31,2026-07-30,0.0604640309861163
Xylem Inc,2026-08-01,2026-07-31,0.05873275552686108
Xylem Inc,2026-08-02,2026-08-01,0.06616264820731388
Xylem Inc,2026-08-03,2026-08-02,0.060306145304536374
Xylem Inc,2026-08-04,2026-08-03,0.06109116578363594
Xylem Inc,2026-08-05,2026-08-04,0.07849260493620469
Xylem Inc,2026-08-06,2026-08-05,0.09442481595569874
Xylem Inc,2026-08-07,2026-08-06,0.060249872977887864
Xylem Inc,2026-08-08,2026-08-07,0.0622710782248721
Xylem Inc,2026-08-09,2026-08-08,0.060261368391768655
Xylem Inc,2026-08-10,2026-08-09,0.07225482245961412
Xylem Inc,2026-08-11,2026-08-10,0.06916890416642718
Xylem Inc,2026-08-12,2026-08-11,0.07382040705565862
Xylem Inc,2026-08-13,2026-08-12,0.06289020295961045
Xylem Inc,2026-08-14,2026-08-13,0.06102143272326499
Xylem Inc,2026-08-15,2026-08-14,0.057069669196247896
Xylem Inc,2026-08-16,2026-08-15,0.06003017348855333
Xylem Inc,2026-08-17,2026-08-16,0.05990617102630047
Xylem Inc,2026-08-18,2026-08-17,0.06077743441171002
Xylem Inc,2026-08-20,2026-08-18,0.09084031529101622
Xylem Inc,2026-08-21,2026-08-20,0.06263520588468563
Xylem Inc,2026-08-22,2026-08-21,0.060997550175315496
Xylem Inc,2026-08-23,2026-08-22,0.057454408354825404
Xylem Inc,2026-08-24,2026-08-23,0.06273330778917585
Xylem Inc,2026-08-25,2026-08-24,0.06304109281147408
Xylem Inc,2026-08-26,2026-08-25,0.057966033715517895
Xylem Inc,2026-08-27,2026-08-26,0.06078993462506466
Xylem Inc,2026-08-28,2026-08-27,0.058461160999060624
