Date,Symbol,DownloadSymbol,Open,High,Low,Close,Adj Close,Volume
2016-07-14,AEP,AEP,69.45999908447266,69.9000015258789,69.1500015258789,69.37999725341797,48.48021697998047,2473300
2016-07-15,AEP,AEP,69.44000244140625,69.73999786376953,69.16999816894531,69.63999938964844,48.66189956665039,2263600
2016-07-18,AEP,AEP,69.7300033569336,70.11000061035156,69.68000030517578,69.94999694824219,48.87852478027344,1581300
2016-07-19,AEP,AEP,70.0,70.0999984741211,69.31999969482422,69.7699966430664,48.75276184082031,1821600
2016-07-20,AEP,AEP,69.80000305175781,69.87000274658203,69.20999908447266,69.3499984741211,48.45925521850586,1458500
2016-07-21,AEP,AEP,69.18000030517578,69.44999694824219,68.69999694824219,69.43000030517578,48.515174865722656,3186400
2016-07-22,AEP,AEP,69.47000122070312,70.25,69.16000366210938,70.05999755859375,48.955387115478516,2452800
2016-07-25,AEP,AEP,70.08000183105469,70.16000366210938,69.44999694824219,69.7699966430664,48.75276184082031,1966600
2016-07-26,AEP,AEP,70.23999786376953,70.2699966430664,69.33000183105469,69.73999786376953,48.731788635253906,2375100
2016-07-27,AEP,AEP,69.54000091552734,69.62999725341797,68.25,68.86000061035156,48.11686706542969,3190500
2016-07-28,AEP,AEP,68.97000122070312,69.22000122070312,68.58000183105469,68.91999816894531,48.1588020324707,2641200
2016-07-29,AEP,AEP,68.83999633789062,69.55999755859375,68.81999969482422,69.30000305175781,48.42432403564453,2490200
2016-08-01,AEP,AEP,68.87000274658203,69.4800033569336,68.87000274658203,69.30999755859375,48.43132400512695,1669500
2016-08-02,AEP,AEP,68.94999694824219,69.26000213623047,68.58000183105469,69.01000213623047,48.221683502197266,1893900
2016-08-03,AEP,AEP,68.83999633789062,69.02999877929688,68.12000274658203,68.44999694824219,47.83036804199219,1959400
2016-08-04,AEP,AEP,68.56999969482422,69.04000091552734,68.38999938964844,68.63999938964844,47.96314239501953,1797600
2016-08-05,AEP,AEP,68.4800033569336,68.55999755859375,67.62999725341797,67.8499984741211,47.4111213684082,3774800
2016-08-08,AEP,AEP,67.44000244140625,67.83999633789062,67.01000213623047,67.1500015258789,47.312477111816406,1876500
2016-08-09,AEP,AEP,67.19000244140625,67.5999984741211,66.98999786376953,67.38999938964844,47.481571197509766,1747200
2016-08-10,AEP,AEP,67.47000122070312,67.76000213623047,67.22000122070312,67.55999755859375,47.601356506347656,1289100
2016-08-11,AEP,AEP,67.5999984741211,67.7300033569336,67.20999908447266,67.72000122070312,47.71409606933594,2133600
2016-08-12,AEP,AEP,67.94000244140625,68.18000030517578,67.51000213623047,67.55000305175781,47.59430694580078,1372600
2016-08-15,AEP,AEP,67.70999908447266,67.80000305175781,66.48999786376953,66.5199966430664,46.86858367919922,1943800
2016-08-16,AEP,AEP,66.36000061035156,66.44000244140625,65.68000030517578,65.68000030517578,46.2767448425293,2380900
2016-08-17,AEP,AEP,65.75,66.62000274658203,65.08000183105469,66.5,46.85451126098633,3340000
2016-08-18,AEP,AEP,66.37000274658203,67.41999816894531,66.2699966430664,67.4000015258789,47.488616943359375,3464100
2016-08-19,AEP,AEP,67.11000061035156,67.36000061035156,66.13999938964844,66.37000274658203,46.76290512084961,2056700
2016-08-22,AEP,AEP,66.55999755859375,66.9000015258789,66.31999969482422,66.5199966430664,46.86858367919922,1595000
2016-08-23,AEP,AEP,66.63999938964844,66.98999786376953,66.27999877929688,66.27999877929688,46.69948959350586,1858100
2016-08-24,AEP,AEP,66.12000274658203,66.47000122070312,65.76000213623047,66.33999633789062,46.74177551269531,1584100
2016-08-25,AEP,AEP,66.41000366210938,66.63999938964844,66.22000122070312,66.37000274658203,46.76290512084961,1594200
2016-08-26,AEP,AEP,66.41999816894531,66.91000366210938,64.62999725341797,64.69000244140625,45.579219818115234,3314600
2016-08-29,AEP,AEP,64.87000274658203,65.37000274658203,64.81999969482422,65.18000030517578,45.92445755004883,2269300
2016-08-30,AEP,AEP,65.20999908447266,65.5,64.26000213623047,64.31999969482422,45.31851577758789,3295000
2016-08-31,AEP,AEP,64.55000305175781,64.61000061035156,64.06999969482422,64.56999969482422,45.49466323852539,3163300
2016-09-01,AEP,AEP,64.41000366210938,64.69999694824219,64.22000122070312,64.41000366210938,45.38193893432617,2030800
2016-09-02,AEP,AEP,64.56999969482422,65.37000274658203,64.4800033569336,65.23999786376953,45.966732025146484,2209500
2016-09-06,AEP,AEP,65.51000213623047,66.16999816894531,65.4000015258789,66.04000091552734,46.53041076660156,2431000
2016-09-07,AEP,AEP,65.97000122070312,66.23999786376953,65.6500015258789,66.05000305175781,46.537445068359375,1992800
2016-09-08,AEP,AEP,65.88999938964844,66.3499984741211,65.7699966430664,66.0999984741211,46.57266616821289,1834100
2016-09-09,AEP,AEP,65.51000213623047,65.5999984741211,63.619998931884766,63.709999084472656,44.88872528076172,3341300
2016-09-12,AEP,AEP,63.68000030517578,64.88999938964844,63.68000030517578,64.70999908447266,45.59330368041992,2815100
2016-09-13,AEP,AEP,64.5199966430664,64.9000015258789,63.560001373291016,63.810001373291016,44.95918655395508,3845800
2016-09-14,AEP,AEP,64.76000213623047,64.76000213623047,63.70000076293945,64.0199966430664,45.107147216796875,2820600
2016-09-15,AEP,AEP,63.939998626708984,64.47000122070312,63.709999084472656,64.30000305175781,45.30443572998047,2450900
2016-09-16,AEP,AEP,64.16000366210938,64.87999725341797,63.880001068115234,64.80999755859375,45.66376495361328,3751500
2016-09-19,AEP,AEP,65.0,65.48999786376953,64.80999755859375,65.41999816894531,46.09355545043945,2185900
2016-09-20,AEP,AEP,65.2300033569336,65.69000244140625,65.01000213623047,65.01000213623047,45.8046875,2232900
2016-09-21,AEP,AEP,64.94999694824219,66.2699966430664,64.91000366210938,66.19000244140625,46.63608932495117,3380800
2016-09-22,AEP,AEP,66.51000213623047,66.79000091552734,66.19999694824219,66.5999984741211,46.924949645996094,2582500
2016-09-23,AEP,AEP,66.4800033569336,66.87000274658203,66.08999633789062,66.66000366210938,46.96724319458008,2031100
2016-09-26,AEP,AEP,66.66000366210938,66.73999786376953,66.1500015258789,66.36000061035156,46.755859375,1745800
2016-09-27,AEP,AEP,66.66000366210938,66.95999908447266,65.37000274658203,65.5,46.149925231933594,2229800
2016-09-28,AEP,AEP,65.6500015258789,65.77999877929688,64.77999877929688,65.36000061035156,46.051273345947266,2515900
2016-09-29,AEP,AEP,65.41999816894531,65.41999816894531,64.0999984741211,64.5,45.44535446166992,3632100
2016-09-30,AEP,AEP,64.80000305175781,65.06999969482422,63.75,64.20999908447266,45.24102783203125,4152600
2016-10-03,AEP,AEP,64.04000091552734,64.05999755859375,63.04999923706055,63.5099983215332,44.74781036376953,2813400
2016-10-04,AEP,AEP,63.470001220703125,63.470001220703125,61.81999969482422,62.18000030517578,43.81072235107422,3586500
2016-10-05,AEP,AEP,62.189998626708984,63.029998779296875,61.97999954223633,62.18000030517578,43.81072235107422,3825400
2016-10-06,AEP,AEP,62.06999969482422,62.5099983215332,61.720001220703125,62.25,43.86005783081055,3195800
2016-10-07,AEP,AEP,62.70000076293945,63.150001525878906,61.75,61.790000915527344,43.53593063354492,3345100
2016-10-10,AEP,AEP,61.970001220703125,62.310001373291016,61.72999954223633,62.209999084472656,43.83186721801758,1633700
2016-10-11,AEP,AEP,61.97999954223633,62.279998779296875,61.279998779296875,61.34000015258789,43.21887969970703,2157700
2016-10-12,AEP,AEP,61.43000030517578,62.189998626708984,61.43000030517578,62.0,43.683895111083984,2648400
2016-10-13,AEP,AEP,61.86000061035156,63.0099983215332,61.79999923706055,62.529998779296875,44.05732345581055,3457000
2016-10-14,AEP,AEP,62.25,62.84000015258789,61.970001220703125,62.29999923706055,43.89527130126953,2490100
2016-10-17,AEP,AEP,62.5,63.13999938964844,62.43000030517578,62.970001220703125,44.36734390258789,2767900
2016-10-18,AEP,AEP,63.27000045776367,63.47999954223633,62.459999084472656,63.369998931884766,44.649173736572266,2833900
2016-10-19,AEP,AEP,63.380001068115234,63.439998626708984,62.86000061035156,63.189998626708984,44.5223503112793,2351300
2016-10-20,AEP,AEP,63.220001220703125,63.40999984741211,62.77000045776367,62.90999984741211,44.3250617980957,1682700
2016-10-21,AEP,AEP,62.59000015258789,62.79999923706055,62.20000076293945,62.47999954223633,44.0220947265625,1782700
2016-10-24,AEP,AEP,62.7599983215332,63.130001068115234,62.47999954223633,63.029998779296875,44.40961456298828,1677400
2016-10-25,AEP,AEP,62.81999969482422,63.709999084472656,62.77000045776367,63.459999084472656,44.71258544921875,2535100
2016-10-26,AEP,AEP,63.349998474121094,63.869998931884766,62.939998626708984,63.529998779296875,44.761898040771484,2250800
2016-10-27,AEP,AEP,63.310001373291016,63.470001220703125,62.7599983215332,63.189998626708984,44.5223503112793,2305000
2016-10-28,AEP,AEP,63.22999954223633,63.849998474121094,63.15999984741211,63.40999984741211,44.67735290527344,2351900
2016-10-31,AEP,AEP,63.59000015258789,65.25,63.56999969482422,64.83999633789062,45.684906005859375,4076400
2016-11-01,AEP,AEP,64.55000305175781,64.9000015258789,63.11000061035156,63.380001068115234,44.65622329711914,4536100
2016-11-02,AEP,AEP,62.7400016784668,62.88999938964844,61.91999816894531,62.61000061035156,44.11368942260742,3156200
2016-11-03,AEP,AEP,62.470001220703125,63.369998931884766,62.18000030517578,62.91999816894531,44.33211135864258,2401800
2016-11-04,AEP,AEP,63.25,63.7400016784668,62.36000061035156,62.400001525878906,43.96573257446289,2966900
2016-11-07,AEP,AEP,62.630001068115234,63.279998779296875,61.619998931884766,63.2400016784668,44.55757522583008,3102500
2016-11-08,AEP,AEP,62.88999938964844,63.68000030517578,62.869998931884766,63.22999954223633,44.9700813293457,2970800
2016-11-09,AEP,AEP,62.0099983215332,62.0099983215332,61.02000045776367,61.25,43.56187438964844,3160900
2016-11-10,AEP,AEP,61.0,61.0,58.56999969482422,59.7400016784668,42.487953186035156,5057600
2016-11-11,AEP,AEP,59.7599983215332,60.880001068115234,59.54999923706055,59.9900016784668,42.66575622558594,3539800
2016-11-14,AEP,AEP,59.59000015258789,59.68000030517578,58.15999984741211,58.720001220703125,41.76249694824219,7074600
2016-11-15,AEP,AEP,58.970001220703125,59.7400016784668,58.95000076293945,59.459999084472656,42.28880310058594,3537900
2016-11-16,AEP,AEP,59.459999084472656,59.68000030517578,58.529998779296875,58.9900016784668,41.95452880859375,2755400
2016-11-17,AEP,AEP,58.79999923706055,59.31999969482422,58.79999923706055,58.86000061035156,41.8620719909668,2307200
2016-11-18,AEP,AEP,58.84000015258789,59.22999954223633,58.310001373291016,58.439998626708984,41.56336212158203,2775700
2016-11-21,AEP,AEP,58.619998931884766,59.380001068115234,58.61000061035156,59.31999969482422,42.189239501953125,2462300
2016-11-22,AEP,AEP,59.31999969482422,59.38999938964844,58.880001068115234,59.16999816894531,42.082542419433594,4091400
2016-11-23,AEP,AEP,58.63999938964844,59.25,58.599998474121094,58.81999969482422,41.83363342285156,2438500
2016-11-25,AEP,AEP,59.06999969482422,59.95000076293945,59.04999923706055,59.720001220703125,42.473724365234375,984800
2016-11-28,AEP,AEP,60.0,61.13999938964844,59.95000076293945,60.900001525878906,43.312957763671875,2705300
2016-11-29,AEP,AEP,60.689998626708984,61.45000076293945,60.59000015258789,61.27000045776367,43.57609939575195,2769700
2016-11-30,AEP,AEP,60.5,60.5,59.04999923706055,59.04999923706055,41.99720001220703,3515300
2016-12-01,AEP,AEP,58.81999969482422,58.88999938964844,57.88999938964844,58.15999984741211,41.364227294921875,3539300
2016-12-02,AEP,AEP,58.630001068115234,59.16999816894531,58.33000183105469,58.70000076293945,41.74827575683594,2129800
2016-12-05,AEP,AEP,58.43000030517578,59.220001220703125,57.900001525878906,59.20000076293945,42.1038932800293,3400600
2016-12-06,AEP,AEP,59.38999938964844,59.63999938964844,59.0099983215332,59.470001220703125,42.29591369628906,3343400
2016-12-07,AEP,AEP,59.72999954223633,60.34000015258789,59.459999084472656,60.25,42.85065841674805,2444700
2016-12-08,AEP,AEP,59.810001373291016,60.36000061035156,59.349998474121094,60.18000030517578,42.800880432128906,2876800
2016-12-09,AEP,AEP,60.29999923706055,60.9900016784668,60.25,60.9900016784668,43.3769645690918,2329400
2016-12-12,AEP,AEP,60.97999954223633,62.09000015258789,60.880001068115234,61.95000076293945,44.059722900390625,2603000
2016-12-13,AEP,AEP,62.0099983215332,62.779998779296875,61.95000076293945,62.709999084472656,44.60024642944336,2909000
2016-12-14,AEP,AEP,63.02000045776367,63.40999984741211,61.56999969482422,61.70000076293945,43.881927490234375,3726100
2016-12-15,AEP,AEP,61.31999969482422,62.13999938964844,61.029998779296875,62.11000061035156,44.17352294921875,2290700
2016-12-16,AEP,AEP,62.2599983215332,62.84000015258789,62.0,62.810001373291016,44.6713752746582,3966200
2016-12-19,AEP,AEP,63.11000061035156,63.20000076293945,62.47999954223633,62.939998626708984,44.76382827758789,2011500
2016-12-20,AEP,AEP,62.959999084472656,63.36000061035156,62.72999954223633,63.209999084472656,44.95586395263672,2549000
2016-12-21,AEP,AEP,63.04999923706055,63.400001525878906,62.790000915527344,62.79999923706055,44.66425704956055,1506000
2016-12-22,AEP,AEP,62.79999923706055,63.380001068115234,62.70000076293945,63.2400016784668,44.977195739746094,2143100
2016-12-23,AEP,AEP,63.529998779296875,63.529998779296875,62.849998474121094,63.16999816894531,44.927398681640625,1121600
2016-12-27,AEP,AEP,62.970001220703125,63.27000045776367,62.79999923706055,63.130001068115234,44.898963928222656,1246500
2016-12-28,AEP,AEP,63.09000015258789,63.119998931884766,62.29999923706055,62.38999938964844,44.37266540527344,1501800
2016-12-29,AEP,AEP,62.68000030517578,63.380001068115234,62.5,63.279998779296875,45.005638122558594,1508100
2016-12-30,AEP,AEP,63.31999969482422,63.41999816894531,62.720001220703125,62.959999084472656,44.77804946899414,1677000
2017-01-03,AEP,AEP,63.0099983215332,63.029998779296875,62.349998474121094,62.7599983215332,44.63579559326172,1943800
2017-01-04,AEP,AEP,62.90999984741211,63.40999984741211,62.66999816894531,62.849998474121094,44.69982147216797,2127200
2017-01-05,AEP,AEP,63.029998779296875,63.43000030517578,62.38999938964844,63.189998626708984,44.94163131713867,3884800
2017-01-06,AEP,AEP,62.900001525878906,63.310001373291016,62.720001220703125,63.13999938964844,44.906070709228516,1769900
2017-01-09,AEP,AEP,62.959999084472656,63.33000183105469,62.20000076293945,62.310001373291016,44.315765380859375,2381300
2017-01-10,AEP,AEP,62.58000183105469,62.70000076293945,61.81999969482422,62.119998931884766,44.18063735961914,2046000
2017-01-11,AEP,AEP,62.209999084472656,63.189998626708984,62.119998931884766,63.18000030517578,44.93452453613281,2918400
2017-01-12,AEP,AEP,62.959999084472656,63.400001525878906,62.79999923706055,63.290000915527344,45.012752532958984,2139900
2017-01-13,AEP,AEP,63.099998474121094,63.29999923706055,62.75,63.22999954223633,44.9700813293457,2506500
2017-01-17,AEP,AEP,63.45000076293945,64.02999877929688,63.29999923706055,63.810001373291016,45.38258743286133,1705800
2017-01-18,AEP,AEP,63.529998779296875,63.91999816894531,63.38999938964844,63.459999084472656,45.13365173339844,1883900
2017-01-19,AEP,AEP,63.189998626708984,63.40999984741211,62.540000915527344,62.70000076293945,44.593143463134766,2628100
2017-01-20,AEP,AEP,62.900001525878906,63.150001525878906,62.4900016784668,62.90999984741211,44.74250411987305,2015000
2017-01-23,AEP,AEP,62.90999984741211,63.13999938964844,62.63999938964844,62.709999084472656,44.60024642944336,1317800
2017-01-24,AEP,AEP,62.63999938964844,62.900001525878906,62.5099983215332,62.779998779296875,44.65003204345703,2061100
2017-01-25,AEP,AEP,62.63999938964844,62.83000183105469,62.40999984741211,62.529998779296875,44.472232818603516,2316900
2017-01-26,AEP,AEP,62.5,62.81999969482422,62.13999938964844,62.63999938964844,44.55046081542969,2525600
2017-01-27,AEP,AEP,62.779998779296875,63.040000915527344,62.47999954223633,62.970001220703125,44.78516387939453,2537400
2017-01-30,AEP,AEP,63.11000061035156,63.400001525878906,62.779998779296875,63.209999084472656,44.95586395263672,2265000
2017-01-31,AEP,AEP,63.150001525878906,64.11000061035156,62.95000076293945,64.05999755859375,45.56038284301758,2712300
2017-02-01,AEP,AEP,63.58000183105469,63.810001373291016,63.02000045776367,63.09000015258789,44.87051010131836,2779500
2017-02-02,AEP,AEP,63.11000061035156,63.810001373291016,62.970001220703125,63.779998779296875,45.36124038696289,1802600
2017-02-03,AEP,AEP,63.779998779296875,64.33999633789062,63.63999938964844,64.02999877929688,45.539058685302734,2288300
2017-02-06,AEP,AEP,64.25,64.41000366210938,63.720001220703125,63.81999969482422,45.389705657958984,1741400
2017-02-07,AEP,AEP,63.81999969482422,64.01000213623047,63.560001373291016,63.93000030517578,45.46792984008789,1552800
2017-02-08,AEP,AEP,63.31999969482422,64.0199966430664,63.31999969482422,63.79999923706055,45.79814147949219,1817000
2017-02-09,AEP,AEP,63.79999923706055,64.0199966430664,63.36000061035156,63.41999816894531,45.52534866333008,2517000
2017-02-10,AEP,AEP,63.349998474121094,64.08000183105469,63.310001373291016,63.95000076293945,45.905818939208984,2429800
2017-02-13,AEP,AEP,63.970001220703125,64.0999984741211,63.459999084472656,63.790000915527344,45.790950775146484,2188300
2017-02-14,AEP,AEP,63.63999938964844,63.7400016784668,62.959999084472656,63.27000045776367,45.41768264770508,2218600
2017-02-15,AEP,AEP,62.93000030517578,63.33000183105469,62.689998626708984,63.290000915527344,45.432037353515625,2068300
2017-02-16,AEP,AEP,63.38999938964844,63.720001220703125,63.310001373291016,63.70000076293945,45.72636413574219,1890300
2017-02-17,AEP,AEP,63.79999923706055,64.12999725341797,63.529998779296875,64.11000061035156,46.02066421508789,1955900
2017-02-21,AEP,AEP,63.97999954223633,64.87000274658203,63.75,64.76000213623047,46.48725891113281,2067300
2017-02-22,AEP,AEP,64.66999816894531,65.41000366210938,64.5199966430664,65.30999755859375,46.88206100463867,2455900
2017-02-23,AEP,AEP,65.55000305175781,66.08999633789062,65.30999755859375,66.01000213623047,47.38454818725586,2286600
2017-02-24,AEP,AEP,66.19000244140625,67.22000122070312,66.1500015258789,67.1500015258789,48.202911376953125,4094100
2017-02-27,AEP,AEP,67.05999755859375,67.12000274658203,66.51000213623047,66.69999694824219,47.879878997802734,3101200
2017-02-28,AEP,AEP,66.69999694824219,67.1500015258789,66.4800033569336,66.97000122070312,48.07368469238281,3912000
2017-03-01,AEP,AEP,66.19999694824219,66.73999786376953,65.88999938964844,66.12000274658203,47.46352767944336,3147100
2017-03-02,AEP,AEP,65.9000015258789,66.95999908447266,65.86000061035156,66.5,47.73629379272461,2442900
2017-03-03,AEP,AEP,66.56999969482422,66.62000274658203,65.95999908447266,66.5199966430664,47.75066375732422,2127400
2017-03-06,AEP,AEP,66.37000274658203,66.5999984741211,66.05999755859375,66.3499984741211,47.628631591796875,1832300
2017-03-07,AEP,AEP,66.25,66.5199966430664,66.12999725341797,66.23999786376953,47.54966354370117,2770000
2017-03-08,AEP,AEP,65.7699966430664,65.9000015258789,65.0199966430664,65.1500015258789,46.767215728759766,3126100
2017-03-09,AEP,AEP,65.12000274658203,65.6500015258789,64.80999755859375,64.83999633789062,46.54469299316406,2532300
2017-03-10,AEP,AEP,65.30000305175781,65.58999633789062,64.94000244140625,65.4000015258789,46.946678161621094,2358600
2017-03-13,AEP,AEP,65.41000366210938,65.8499984741211,65.33000183105469,65.80999755859375,47.24098587036133,1922000
2017-03-14,AEP,AEP,65.77999877929688,65.93000030517578,65.5199966430664,65.79000091552734,47.226627349853516,1641900
2017-03-15,AEP,AEP,65.86000061035156,67.0,65.81999969482422,66.68000030517578,47.86552047729492,1776000
2017-03-16,AEP,AEP,66.47000122070312,66.5,65.86000061035156,66.01000213623047,47.38454818725586,1615300
2017-03-17,AEP,AEP,66.16000366210938,66.86000061035156,66.08000183105469,66.47000122070312,47.71476745605469,3823600
2017-03-20,AEP,AEP,66.62000274658203,66.86000061035156,65.98999786376953,66.12999725341797,47.470699310302734,1861500
2017-03-21,AEP,AEP,66.0999984741211,67.22000122070312,66.08999633789062,66.9800033569336,48.080875396728516,3159300
2017-03-22,AEP,AEP,67.33999633789062,67.80000305175781,67.12000274658203,67.44000244140625,48.41106414794922,2609300
2017-03-23,AEP,AEP,67.3499984741211,68.02999877929688,67.2300033569336,67.44999694824219,48.418243408203125,2554400
2017-03-24,AEP,AEP,67.38999938964844,68.0199966430664,67.2699966430664,67.79000091552734,48.66231155395508,1969500
2017-03-27,AEP,AEP,67.94000244140625,68.25,67.33999633789062,67.69000244140625,48.59053421020508,2565000
2017-03-28,AEP,AEP,67.4800033569336,67.9000015258789,67.41999816894531,67.83999633789062,48.698204040527344,2645000
2017-03-29,AEP,AEP,67.58999633789062,67.72000122070312,67.27999877929688,67.38999938964844,48.37516784667969,2272400
2017-03-30,AEP,AEP,67.16000366210938,67.38999938964844,66.8499984741211,67.16000366210938,48.21009063720703,2080900
2017-03-31,AEP,AEP,67.08000183105469,67.51000213623047,67.06999969482422,67.12999725341797,48.18854522705078,2259700
2017-04-03,AEP,AEP,67.0199966430664,67.18000030517578,66.5,67.1500015258789,48.202911376953125,1939900
2017-04-04,AEP,AEP,67.16000366210938,67.5199966430664,66.95999908447266,67.29000091552734,48.303401947021484,1767600
2017-04-05,AEP,AEP,67.27999877929688,67.9000015258789,67.0999984741211,67.83000183105469,48.69102096557617,2162700
2017-04-06,AEP,AEP,67.62000274658203,67.7699966430664,67.36000061035156,67.62000274658203,48.540283203125,2073500
2017-04-07,AEP,AEP,67.80000305175781,67.98999786376953,67.30000305175781,67.31999969482422,48.324928283691406,2934600
2017-04-10,AEP,AEP,67.47000122070312,67.62999725341797,67.02999877929688,67.5,48.454132080078125,1556700
2017-04-11,AEP,AEP,67.38999938964844,67.54000091552734,66.98999786376953,67.38999938964844,48.37516784667969,2046600
2017-04-12,AEP,AEP,67.1500015258789,67.8499984741211,67.0199966430664,67.79000091552734,48.66231155395508,2286700
2017-04-13,AEP,AEP,67.80000305175781,67.9000015258789,67.29000091552734,67.54000091552734,48.48285675048828,1899000
2017-04-17,AEP,AEP,67.66999816894531,67.87999725341797,67.55999755859375,67.73999786376953,48.62641525268555,1452600
2017-04-18,AEP,AEP,67.7699966430664,68.12000274658203,67.6500015258789,67.9800033569336,48.798709869384766,2427400
2017-04-19,AEP,AEP,67.98999786376953,68.12999725341797,67.51000213623047,67.73999786376953,48.62641525268555,2802200
2017-04-20,AEP,AEP,67.73999786376953,67.73999786376953,66.97000122070312,67.44000244140625,48.41106414794922,2518300
2017-04-21,AEP,AEP,67.27999877929688,68.02999877929688,67.27999877929688,67.86000061035156,48.712562561035156,2721100
2017-04-24,AEP,AEP,67.81999969482422,68.08999633789062,67.36000061035156,67.97000122070312,48.79152297973633,2714500
2017-04-25,AEP,AEP,67.73999786376953,68.02999877929688,67.55000305175781,67.86000061035156,48.712562561035156,1824500
2017-04-26,AEP,AEP,67.79000091552734,68.12000274658203,67.62000274658203,67.69000244140625,48.59053421020508,2821600
2017-04-27,AEP,AEP,67.44000244140625,68.45999908447266,67.20999908447266,68.0999984741211,48.88484191894531,2225400
2017-04-28,AEP,AEP,68.0999984741211,68.23999786376953,67.73999786376953,67.83000183105469,48.69102096557617,2671300
2017-05-01,AEP,AEP,68.02999877929688,68.02999877929688,67.33999633789062,67.47000122070312,48.43259811401367,1694400
2017-05-02,AEP,AEP,67.66999816894531,68.16000366210938,67.55000305175781,68.01000213623047,48.82022476196289,3172000
2017-05-03,AEP,AEP,68.0,68.25,67.7699966430664,67.9000015258789,48.74127960205078,1879000
2017-05-04,AEP,AEP,67.70999908447266,68.12000274658203,67.66999816894531,68.0199966430664,48.82741928100586,2285000
2017-05-05,AEP,AEP,68.22000122070312,68.66000366210938,67.88999938964844,68.41000366210938,49.10737991333008,2674800
2017-05-08,AEP,AEP,67.98999786376953,68.18000030517578,67.5199966430664,67.7300033569336,49.04220962524414,2650900
2017-05-09,AEP,AEP,67.62999725341797,67.7699966430664,67.23999786376953,67.30999755859375,48.73808670043945,2340700
2017-05-10,AEP,AEP,67.3499984741211,67.62000274658203,67.12999725341797,67.41000366210938,48.810508728027344,2236300
2017-05-11,AEP,AEP,67.2300033569336,67.55999755859375,66.93000030517578,67.55000305175781,48.91187286376953,1491200
2017-05-12,AEP,AEP,67.58999633789062,68.30000305175781,67.55000305175781,68.05999755859375,49.281166076660156,2241700
2017-05-15,AEP,AEP,68.08000183105469,68.72000122070312,67.87000274658203,68.55999755859375,49.64319610595703,2427700
2017-05-16,AEP,AEP,68.43000030517578,68.62999725341797,67.8499984741211,67.86000061035156,49.1363525390625,1556700
2017-05-17,AEP,AEP,67.86000061035156,68.5,67.86000061035156,68.1500015258789,49.34632110595703,2243900
2017-05-18,AEP,AEP,68.3499984741211,68.88999938964844,67.80999755859375,68.30999755859375,49.462181091308594,2139900
2017-05-19,AEP,AEP,68.30000305175781,68.73999786376953,67.87999725341797,68.72000122070312,49.75905227661133,2377600
2017-05-22,AEP,AEP,68.68000030517578,69.58000183105469,68.5999984741211,69.41999816894531,50.26591110229492,2881500
2017-05-23,AEP,AEP,69.43000030517578,70.06999969482422,69.37000274658203,69.58999633789062,50.38899612426758,2251900
2017-05-24,AEP,AEP,69.73999786376953,70.23999786376953,69.66000366210938,70.19999694824219,50.83068084716797,1997700
2017-05-25,AEP,AEP,70.16999816894531,70.93000030517578,70.08000183105469,70.80000305175781,51.265159606933594,2214200
2017-05-26,AEP,AEP,70.80000305175781,71.01000213623047,70.70999908447266,70.87000274658203,51.315826416015625,3464800
2017-05-30,AEP,AEP,70.7699966430664,71.26000213623047,70.69999694824219,71.20999908447266,51.5620231628418,2027900
2017-05-31,AEP,AEP,71.26000213623047,71.91000366210938,71.23999786376953,71.77999877929688,51.97475814819336,2857100
2017-06-01,AEP,AEP,71.6500015258789,72.22000122070312,71.4000015258789,72.20999908447266,52.286109924316406,2715100
2017-06-02,AEP,AEP,72.51000213623047,72.72000122070312,72.27999877929688,72.66999816894531,52.61915969848633,2583700
2017-06-05,AEP,AEP,72.63999938964844,72.69000244140625,72.31999969482422,72.4000015258789,52.423683166503906,2723200
2017-06-06,AEP,AEP,72.62000274658203,72.66999816894531,72.05999755859375,72.12999725341797,52.2281608581543,2485900
2017-06-07,AEP,AEP,72.26000213623047,72.70999908447266,72.06999969482422,72.62000274658203,52.582984924316406,2565300
2017-06-08,AEP,AEP,72.62000274658203,72.6500015258789,71.51000213623047,71.94999694824219,52.09785079956055,2679900
2017-06-09,AEP,AEP,71.70999908447266,72.04000091552734,71.37000274658203,71.86000061035156,52.032676696777344,2271600
2017-06-12,AEP,AEP,71.86000061035156,72.2300033569336,71.41000366210938,71.41000366210938,51.70683670043945,3169400
2017-06-13,AEP,AEP,71.33000183105469,71.68000030517578,71.05000305175781,71.6500015258789,51.880611419677734,1800200
2017-06-14,AEP,AEP,72.2300033569336,72.4000015258789,71.69000244140625,71.95999908447266,52.105079650878906,1792200
2017-06-15,AEP,AEP,71.93000030517578,72.16000366210938,71.51000213623047,72.13999938964844,52.23542022705078,2311500
2017-06-16,AEP,AEP,72.31999969482422,72.58999633789062,71.97000122070312,72.41999816894531,52.43815994262695,3326400
2017-06-19,AEP,AEP,72.41999816894531,72.47000122070312,71.73999786376953,72.05999755859375,52.17748260498047,2076300
2017-06-20,AEP,AEP,72.0999984741211,72.56999969482422,72.0199966430664,72.55999755859375,52.539527893066406,2486600
2017-06-21,AEP,AEP,72.5999984741211,72.97000122070312,72.19999694824219,72.4000015258789,52.423683166503906,6134900
2017-06-22,AEP,AEP,72.19999694824219,72.44999694824219,71.76000213623047,71.79000091552734,51.98199462890625,2172100
2017-06-23,AEP,AEP,71.75,72.08999633789062,71.43000030517578,71.55000305175781,51.80820846557617,2431800
2017-06-26,AEP,AEP,71.29000091552734,72.19999694824219,71.19000244140625,71.87000274658203,52.039920806884766,2026000
2017-06-27,AEP,AEP,71.5,71.61000061035156,70.62999725341797,70.72000122070312,51.207218170166016,3003600
2017-06-28,AEP,AEP,70.91000366210938,71.08000183105469,70.12000274658203,70.1500015258789,50.79449462890625,2553900
2017-06-29,AEP,AEP,69.81999969482422,69.81999969482422,69.19000244140625,69.5999984741211,50.39623260498047,3112100
2017-06-30,AEP,AEP,69.7699966430664,70.11000061035156,69.47000122070312,69.47000122070312,50.3021240234375,2130200
2017-07-03,AEP,AEP,69.69000244140625,69.69000244140625,68.93000030517578,69.0,49.961795806884766,1592000
2017-07-05,AEP,AEP,69.05000305175781,69.0999984741211,68.62000274658203,68.81999969482422,49.831459045410156,2735700
2017-07-06,AEP,AEP,68.69000244140625,69.1500015258789,68.47000122070312,69.0199966430664,49.97627258300781,2147800
2017-07-07,AEP,AEP,69.01000213623047,69.41000366210938,68.83000183105469,69.1500015258789,50.07040023803711,1747500
2017-07-10,AEP,AEP,69.4000015258789,69.47000122070312,68.88999938964844,68.88999938964844,49.88215255737305,1567600
2017-07-11,AEP,AEP,69.0,69.05000305175781,68.66999816894531,68.83999633789062,49.84593963623047,1813100
2017-07-12,AEP,AEP,69.4000015258789,69.52999877929688,68.97000122070312,68.98999786376953,49.95455551147461,2287800
2017-07-13,AEP,AEP,68.9000015258789,69.0999984741211,68.27999877929688,68.27999877929688,49.44046401977539,3489100
2017-07-14,AEP,AEP,68.73999786376953,68.88999938964844,68.11000061035156,68.16999816894531,49.36079025268555,4900500
2017-07-17,AEP,AEP,68.23999786376953,68.66999816894531,68.12000274658203,68.55000305175781,49.63595962524414,2885100
2017-07-18,AEP,AEP,68.62999725341797,68.81999969482422,68.33999633789062,68.36000061035156,49.49837875366211,2721400
2017-07-19,AEP,AEP,68.44999694824219,68.7699966430664,68.43000030517578,68.6500015258789,49.70835876464844,2981300
2017-07-20,AEP,AEP,68.7699966430664,68.83000183105469,68.41000366210938,68.69999694824219,49.744571685791016,3771000
2017-07-21,AEP,AEP,68.73999786376953,69.98999786376953,68.68000030517578,69.9800033569336,50.67140579223633,2922300
2017-07-24,AEP,AEP,70.0,70.0,68.9000015258789,69.19000244140625,50.0993766784668,4129500
2017-07-25,AEP,AEP,69.22000122070312,69.30999755859375,68.70999908447266,68.83999633789062,49.84593963623047,1614100
2017-07-26,AEP,AEP,68.69000244140625,69.51000213623047,68.58999633789062,69.44999694824219,50.287628173828125,1962900
2017-07-27,AEP,AEP,69.37000274658203,70.80000305175781,69.36000061035156,70.66999816894531,51.1710205078125,4203300
2017-07-28,AEP,AEP,70.62000274658203,70.80999755859375,70.02999877929688,70.43000030517578,50.99724578857422,2570900
2017-07-31,AEP,AEP,70.44999694824219,70.69999694824219,70.02999877929688,70.54000091552734,51.07688903808594,2268900
2017-08-01,AEP,AEP,70.58999633789062,70.83000183105469,70.37000274658203,70.62000274658203,51.13481140136719,1629000
2017-08-02,AEP,AEP,70.37000274658203,71.02999877929688,70.08000183105469,70.93000030517578,51.359283447265625,1405000
2017-08-03,AEP,AEP,70.75,71.19999694824219,70.61000061035156,71.19999694824219,51.55479431152344,1794100
2017-08-04,AEP,AEP,70.9800033569336,71.05000305175781,70.31999969482422,70.87999725341797,51.32306671142578,1879500
2017-08-07,AEP,AEP,70.87999725341797,71.38999938964844,70.63999938964844,71.38999938964844,51.69234848022461,2007000
2017-08-08,AEP,AEP,70.80000305175781,71.38999938964844,70.55999755859375,71.3499984741211,52.09393310546875,2398000
2017-08-09,AEP,AEP,71.61000061035156,71.61000061035156,70.86000061035156,70.95999908447266,51.80916976928711,2492200
2017-08-10,AEP,AEP,70.8499984741211,71.41999816894531,70.55000305175781,71.36000061035156,52.101226806640625,2053500
2017-08-11,AEP,AEP,71.33999633789062,71.33999633789062,70.37000274658203,70.55999755859375,51.51713180541992,2007600
2017-08-14,AEP,AEP,70.58999633789062,71.1500015258789,70.45999908447266,71.05000305175781,51.8748893737793,1865200
2017-08-15,AEP,AEP,70.7699966430664,71.54000091552734,70.70999908447266,71.5199966430664,52.218040466308594,1289300
2017-08-16,AEP,AEP,71.5199966430664,72.04000091552734,71.37999725341797,72.0199966430664,52.583099365234375,1692400
2017-08-17,AEP,AEP,71.98999786376953,72.26000213623047,71.77999877929688,72.0,52.5684928894043,3318500
2017-08-18,AEP,AEP,71.93000030517578,72.62999725341797,71.70999908447266,72.16000366210938,52.68531036376953,2871400
2017-08-21,AEP,AEP,72.2300033569336,72.77999877929688,72.12999725341797,72.66999816894531,53.05765151977539,1808200
2017-08-22,AEP,AEP,72.63999938964844,72.87000274658203,72.41999816894531,72.80999755859375,53.159889221191406,1959100
2017-08-23,AEP,AEP,72.76000213623047,73.4000015258789,72.75,73.30999755859375,53.52496337890625,2379900
2017-08-24,AEP,AEP,73.27999877929688,73.66000366210938,73.08999633789062,73.38999938964844,53.5833740234375,2123000
2017-08-25,AEP,AEP,73.70999908447266,73.7699966430664,73.41000366210938,73.56999969482422,53.714778900146484,2067800
2017-08-28,AEP,AEP,73.75,74.11000061035156,73.58999633789062,74.0999984741211,54.10173416137695,1768100
2017-08-29,AEP,AEP,74.16000366210938,74.29000091552734,73.81999969482422,73.94000244140625,53.98492431640625,1748900
2017-08-30,AEP,AEP,73.95999908447266,74.02999877929688,73.70999908447266,73.75,53.8462028503418,1356800
2017-08-31,AEP,AEP,73.87000274658203,73.94999694824219,73.62000274658203,73.62999725341797,53.75858688354492,2787400
2017-09-01,AEP,AEP,73.83999633789062,73.94999694824219,73.2699966430664,73.54000091552734,53.692874908447266,1745400
2017-09-05,AEP,AEP,73.66000366210938,74.0999984741211,73.33999633789062,74.08999633789062,54.09445571899414,2824700
2017-09-06,AEP,AEP,74.23999786376953,74.23999786376953,73.23999786376953,73.30000305175781,53.51765060424805,2491900
2017-09-07,AEP,AEP,73.47000122070312,73.97000122070312,73.36000061035156,73.83000183105469,53.90462112426758,2286000
2017-09-08,AEP,AEP,73.7300033569336,74.37000274658203,73.58999633789062,74.19000244140625,54.16746520996094,1507000
2017-09-11,AEP,AEP,74.18000030517578,74.58999633789062,74.06999969482422,74.55000305175781,54.4302978515625,2108600
2017-09-12,AEP,AEP,74.48999786376953,74.48999786376953,72.6500015258789,73.11000061035156,53.37894058227539,2166500
2017-09-13,AEP,AEP,73.13999938964844,73.33999633789062,72.37000274658203,72.58999633789062,52.999263763427734,3147600
2017-09-14,AEP,AEP,72.44000244140625,72.9800033569336,72.29000091552734,72.9000015258789,53.22561264038086,2234400
2017-09-15,AEP,AEP,73.06999969482422,73.18000030517578,72.45999908447266,73.02999877929688,53.320526123046875,2730900
2017-09-18,AEP,AEP,73.0,73.11000061035156,71.61000061035156,72.2699966430664,52.7656364440918,2230700
2017-09-19,AEP,AEP,72.33000183105469,72.37999725341797,71.80000305175781,71.9800033569336,52.55390548706055,2268900
2017-09-20,AEP,AEP,72.1500015258789,72.22000122070312,71.27999877929688,71.68000030517578,52.33484649658203,2446900
2017-09-21,AEP,AEP,71.68000030517578,71.91999816894531,71.37000274658203,71.44999694824219,52.16691970825195,1942600
2017-09-22,AEP,AEP,70.9000015258789,71.43000030517578,70.44000244140625,70.56999969482422,51.52443313598633,3052200
2017-09-25,AEP,AEP,70.62999725341797,71.19999694824219,70.5,71.04000091552734,51.86758804321289,3057100
2017-09-26,AEP,AEP,71.05000305175781,71.20999908447266,70.66999816894531,71.19000244140625,51.97710037231445,2038900
2017-09-27,AEP,AEP,70.7300033569336,70.80999755859375,69.93000030517578,70.30999755859375,51.334590911865234,2339600
2017-09-28,AEP,AEP,70.19999694824219,70.79000091552734,69.95999908447266,70.5,51.47333908081055,1820100
2017-09-29,AEP,AEP,70.25,70.52999877929688,70.02999877929688,70.23999786376953,51.28349304199219,1624900
2017-10-02,AEP,AEP,70.45999908447266,70.68000030517578,70.16000366210938,70.43000030517578,51.42222213745117,1446600
2017-10-03,AEP,AEP,70.3499984741211,70.3499984741211,69.55000305175781,70.29000091552734,51.31999206542969,2406000
2017-10-04,AEP,AEP,70.33999633789062,71.52999877929688,70.11000061035156,71.5199966430664,52.218040466308594,3066100
2017-10-05,AEP,AEP,71.4800033569336,71.62999725341797,71.0999984741211,71.48999786376953,52.196144104003906,2305100
2017-10-06,AEP,AEP,71.20999908447266,71.52999877929688,70.94000244140625,71.52999877929688,52.22534942626953,1813600
2017-10-09,AEP,AEP,71.55000305175781,71.9000015258789,71.4800033569336,71.73999786376953,52.378665924072266,1603300
2017-10-10,AEP,AEP,71.69999694824219,72.38999938964844,71.44999694824219,72.38999938964844,52.85323715209961,2163600
2017-10-11,AEP,AEP,72.41000366210938,73.19000244140625,72.36000061035156,72.76000213623047,53.123382568359375,1975100
2017-10-12,AEP,AEP,72.80999755859375,73.4000015258789,72.73999786376953,73.33999633789062,53.54684066772461,1822000
2017-10-13,AEP,AEP,73.55000305175781,73.91000366210938,72.93000030517578,73.16000366210938,53.41544723510742,1943800
2017-10-16,AEP,AEP,72.97000122070312,73.25,72.55000305175781,73.12000274658203,53.38623809814453,1464700
2017-10-17,AEP,AEP,72.83999633789062,73.30999755859375,72.5199966430664,73.19999694824219,53.44464111328125,1721900
2017-10-18,AEP,AEP,73.08999633789062,73.19999694824219,72.61000061035156,73.01000213623047,53.30591583251953,1100500
2017-10-19,AEP,AEP,73.13999938964844,73.8499984741211,72.94999694824219,73.83000183105469,53.90462112426758,1686200
2017-10-20,AEP,AEP,73.70999908447266,73.98999786376953,73.58000183105469,73.9800033569336,54.01412582397461,1568300
2017-10-23,AEP,AEP,73.97000122070312,74.11000061035156,73.66000366210938,73.91999816894531,53.970314025878906,1787300
2017-10-24,AEP,AEP,73.80000305175781,74.05000305175781,73.44000244140625,73.97000122070312,54.006839752197266,2107900
2017-10-25,AEP,AEP,73.83000183105469,73.83000183105469,72.52999877929688,73.58000183105469,53.72209167480469,3179500
2017-10-26,AEP,AEP,73.83999633789062,74.9000015258789,73.66999816894531,73.76000213623047,53.85350036621094,2303900
2017-10-27,AEP,AEP,73.58999633789062,74.51000213623047,73.41000366210938,74.0199966430664,54.043338775634766,1839300
2017-10-30,AEP,AEP,73.86000061035156,74.2699966430664,73.56999969482422,74.16999816894531,54.152854919433594,1541400
2017-10-31,AEP,AEP,74.0199966430664,74.58000183105469,73.7699966430664,74.41000366210938,54.32807540893555,2314000
2017-11-01,AEP,AEP,74.41999816894531,74.61000061035156,73.70999908447266,74.01000213623047,54.036033630371094,1614700
2017-11-02,AEP,AEP,74.05000305175781,74.91999816894531,73.66999816894531,73.72000122070312,53.82429504394531,4226100
2017-11-03,AEP,AEP,73.66000366210938,74.62000274658203,73.66000366210938,74.08000183105469,54.087158203125,2312100
2017-11-06,AEP,AEP,74.06999969482422,74.1500015258789,73.55999755859375,73.7300033569336,53.831607818603516,2339800
2017-11-07,AEP,AEP,73.9000015258789,75.19000244140625,73.55999755859375,75.19000244140625,54.89757537841797,2239000
2017-11-08,AEP,AEP,75.0999984741211,75.83999633789062,74.88999938964844,75.5199966430664,55.138511657714844,2491100
2017-11-09,AEP,AEP,74.86000061035156,75.5,74.72000122070312,75.48999786376953,55.572853088378906,1728700
2017-11-10,AEP,AEP,74.9800033569336,75.12000274658203,74.63999938964844,74.77999877929688,55.050167083740234,2133500
2017-11-13,AEP,AEP,74.7699966430664,76.30000305175781,74.69999694824219,76.12999725341797,56.04397964477539,2280700
2017-11-14,AEP,AEP,75.93000030517578,77.44000244140625,75.77999877929688,77.38999938964844,56.971561431884766,2050500
2017-11-15,AEP,AEP,77.56999969482422,77.93000030517578,76.45999908447266,76.58999633789062,56.38261413574219,2187200
2017-11-16,AEP,AEP,76.56999969482422,76.79000091552734,76.30999755859375,76.76000213623047,56.507774353027344,1750100
2017-11-17,AEP,AEP,76.48999786376953,76.88999938964844,76.0999984741211,76.37999725341797,56.22805404663086,1720900
2017-11-20,AEP,AEP,76.5,76.62999725341797,76.0199966430664,76.44000244140625,56.27220153808594,1614100
2017-11-21,AEP,AEP,76.48999786376953,77.05999755859375,76.45999908447266,76.7699966430664,56.51513671875,2080900
2017-11-22,AEP,AEP,76.68000030517578,76.88999938964844,76.3499984741211,76.58999633789062,56.38261413574219,1065200
2017-11-24,AEP,AEP,76.58999633789062,76.98999786376953,76.41000366210938,76.47000122070312,56.294281005859375,732600
2017-11-27,AEP,AEP,76.72000122070312,76.87999725341797,76.44999694824219,76.73999786376953,56.49306106567383,1629200
2017-11-28,AEP,AEP,76.94999694824219,77.2699966430664,76.77999877929688,77.0199966430664,56.69916534423828,3039500
2017-11-29,AEP,AEP,76.87999725341797,77.52999877929688,76.58000183105469,77.13999938964844,56.78750991821289,1568400
2017-11-30,AEP,AEP,77.02999877929688,77.7300033569336,76.9000015258789,77.62999725341797,57.148216247558594,3201800
2017-12-01,AEP,AEP,77.77999877929688,77.97000122070312,76.77999877929688,77.23999786376953,56.86112594604492,2082100
2017-12-04,AEP,AEP,77.58000183105469,78.06999969482422,77.16999816894531,77.38999938964844,56.971561431884766,2558300
2017-12-05,AEP,AEP,77.47000122070312,77.58999633789062,75.86000061035156,76.2699966430664,56.14704895019531,2630400
2017-12-06,AEP,AEP,76.51000213623047,76.95999908447266,76.23999786376953,76.7300033569336,56.48571014404297,3733400
2017-12-07,AEP,AEP,76.6500015258789,76.73999786376953,75.93000030517578,76.61000061035156,56.397342681884766,2041300
2017-12-08,AEP,AEP,76.43000030517578,76.94000244140625,76.19000244140625,76.93000030517578,56.6329345703125,1459600
2017-12-11,AEP,AEP,76.80000305175781,77.19000244140625,76.29000091552734,77.08000183105469,56.74334716796875,1670600
2017-12-12,AEP,AEP,76.80000305175781,77.22000122070312,76.01000213623047,76.0199966430664,55.963016510009766,2105700
2017-12-13,AEP,AEP,76.6500015258789,77.06999969482422,76.2699966430664,76.51000213623047,56.32373046875,2301700
2017-12-14,AEP,AEP,76.72000122070312,76.72000122070312,75.7699966430664,76.29000091552734,56.16177749633789,1942800
2017-12-15,AEP,AEP,75.86000061035156,76.9000015258789,75.80999755859375,76.54000091552734,56.34581756591797,3894800
2017-12-18,AEP,AEP,76.66999816894531,76.91000366210938,75.44000244140625,75.5,55.5802001953125,2489700
2017-12-19,AEP,AEP,75.70999908447266,75.75,74.48999786376953,74.51000213623047,54.8514289855957,1684400
2017-12-20,AEP,AEP,74.5,74.86000061035156,74.30000305175781,74.5,54.844051361083984,3630900
2017-12-21,AEP,AEP,74.06999969482422,74.31999969482422,73.62000274658203,73.73999786376953,54.2845573425293,4431100
2017-12-22,AEP,AEP,73.9000015258789,74.23999786376953,73.62000274658203,73.6500015258789,54.21831512451172,1801500
2017-12-26,AEP,AEP,73.75,73.87999725341797,72.94000244140625,72.98999786376953,53.73242950439453,1077800
2017-12-27,AEP,AEP,73.20999908447266,73.48999786376953,72.97000122070312,73.23999786376953,53.91647720336914,2156400
2017-12-28,AEP,AEP,73.43000030517578,73.68000030517578,73.06999969482422,73.6500015258789,54.21831512451172,1615000
2017-12-29,AEP,AEP,73.87000274658203,74.0,73.41999816894531,73.56999969482422,54.15941619873047,1415900
2018-01-02,AEP,AEP,73.18000030517578,73.41999816894531,72.30000305175781,72.41000366210938,53.30546951293945,3016800
2018-01-03,AEP,AEP,72.20999908447266,72.81999969482422,71.61000061035156,71.80000305175781,52.85641860961914,2235700
2018-01-04,AEP,AEP,71.68000030517578,71.9800033569336,70.91999816894531,70.94999694824219,52.23067092895508,3392100
2018-01-05,AEP,AEP,71.12000274658203,71.30999755859375,70.30999755859375,70.80000305175781,52.12025451660156,2967900
2018-01-08,AEP,AEP,70.83000183105469,71.52999877929688,70.80000305175781,71.41999816894531,52.57667922973633,5715500
2018-01-09,AEP,AEP,71.30000305175781,71.4000015258789,70.26000213623047,70.58000183105469,51.95830535888672,4323700
2018-01-10,AEP,AEP,70.30999755859375,70.36000061035156,69.4000015258789,69.5,51.163246154785156,3978400
2018-01-11,AEP,AEP,69.58999633789062,69.81999969482422,68.37999725341797,68.7300033569336,50.59640884399414,2794200
2018-01-12,AEP,AEP,68.47000122070312,68.5,67.2300033569336,67.45999908447266,49.661468505859375,6646900
2018-01-16,AEP,AEP,67.75,67.93000030517578,67.11000061035156,67.5,49.690921783447266,3999900
2018-01-17,AEP,AEP,68.18000030517578,68.55000305175781,67.73999786376953,68.25,50.24303436279297,2934700
2018-01-18,AEP,AEP,68.58000183105469,68.58999633789062,67.55999755859375,67.80000305175781,49.911773681640625,2704800
2018-01-19,AEP,AEP,68.08999633789062,68.22000122070312,67.55999755859375,67.76000213623047,49.88231658935547,3221600
2018-01-22,AEP,AEP,68.37000274658203,68.77999877929688,68.04000091552734,68.12999725341797,50.15469741821289,4622500
2018-01-23,AEP,AEP,68.3499984741211,69.45999908447266,68.12999725341797,68.7699966430664,50.62584686279297,3888500
2018-01-24,AEP,AEP,68.76000213623047,68.87999725341797,68.38999938964844,68.4800033569336,50.412357330322266,3519600
2018-01-25,AEP,AEP,68.47000122070312,69.80000305175781,68.33000183105469,69.69999694824219,51.31046676635742,3721100
2018-01-26,AEP,AEP,69.58000183105469,69.7300033569336,68.31999969482422,68.75,50.61112594604492,4900600
2018-01-29,AEP,AEP,68.5199966430664,68.62000274658203,67.66999816894531,67.9000015258789,49.985382080078125,5796100
2018-01-30,AEP,AEP,67.97000122070312,68.72000122070312,67.97000122070312,68.3499984741211,50.31665802001953,4216000
2018-01-31,AEP,AEP,68.45999908447266,68.8499984741211,67.80999755859375,68.77999877929688,50.63319396972656,3754400
2018-02-01,AEP,AEP,68.73999786376953,68.9800033569336,67.66000366210938,67.83999633789062,49.941200256347656,2968600
2018-02-02,AEP,AEP,67.73999786376953,68.2300033569336,67.5199966430664,67.75,49.87495422363281,2800200
2018-02-05,AEP,AEP,67.81999969482422,68.41999816894531,66.30000305175781,66.4800033569336,48.94004440307617,4146500
2018-02-06,AEP,AEP,65.44999694824219,65.87000274658203,63.939998626708984,64.91000366210938,47.78425598144531,7872400
2018-02-07,AEP,AEP,64.91999816894531,65.44000244140625,64.36000061035156,64.44999694824219,47.44562911987305,5927700
2018-02-08,AEP,AEP,63.59000015258789,64.83000183105469,63.31999969482422,63.380001068115234,47.11113739013672,4464700
2018-02-09,AEP,AEP,63.540000915527344,65.19000244140625,63.38999938964844,64.72000122070312,48.107181549072266,4761500
2018-02-12,AEP,AEP,64.68000030517578,65.16000366210938,64.20999908447266,64.80000305175781,48.16663360595703,3538200
2018-02-13,AEP,AEP,64.80999755859375,65.81999969482422,64.19000244140625,65.58000183105469,48.74643325805664,3859200
2018-02-14,AEP,AEP,65.16000366210938,65.80000305175781,64.58999633789062,65.30000305175781,48.538299560546875,5756000
2018-02-15,AEP,AEP,65.43000030517578,66.68000030517578,65.30999755859375,66.68000030517578,49.564056396484375,3870400
2018-02-16,AEP,AEP,66.62000274658203,67.5199966430664,66.52999877929688,67.26000213623047,49.995182037353516,3559500
2018-02-20,AEP,AEP,67.01000213623047,67.41000366210938,65.95999908447266,66.37000274658203,49.33364486694336,2750100
2018-02-21,AEP,AEP,66.5,67.20999908447266,65.55999755859375,65.58000183105469,48.74643325805664,3570400
2018-02-22,AEP,AEP,65.73999786376953,66.20999908447266,65.43000030517578,65.68000030517578,48.82074737548828,2639100
2018-02-23,AEP,AEP,65.72000122070312,67.5,65.6500015258789,67.37000274658203,50.076942443847656,2401000
2018-02-26,AEP,AEP,67.69000244140625,67.76000213623047,66.80999755859375,66.97000122070312,49.77962112426758,2088200
2018-02-27,AEP,AEP,67.04000091552734,67.5,65.87999725341797,65.94999694824219,49.021446228027344,3678000
2018-02-28,AEP,AEP,66.23999786376953,66.55999755859375,65.55999755859375,65.58000183105469,48.74643325805664,2935300
2018-03-01,AEP,AEP,65.6500015258789,66.7300033569336,65.23999786376953,65.62000274658203,48.776153564453125,3568000
2018-03-02,AEP,AEP,65.73999786376953,66.3499984741211,64.5999984741211,65.18000030517578,48.44908905029297,4418700
2018-03-05,AEP,AEP,65.08999633789062,66.72000122070312,64.83000183105469,66.48999786376953,49.4228401184082,2720200
2018-03-06,AEP,AEP,66.3499984741211,66.38999938964844,65.18000030517578,65.5,48.68695831298828,3507700
2018-03-07,AEP,AEP,65.3499984741211,65.5199966430664,64.6500015258789,64.91999816894531,48.25583267211914,3071000
2018-03-08,AEP,AEP,65.04000091552734,65.58000183105469,65.0,65.30000305175781,48.538299560546875,2346300
2018-03-09,AEP,AEP,65.3499984741211,65.68000030517578,65.08000183105469,65.6500015258789,48.7984504699707,3379800
2018-03-12,AEP,AEP,65.73999786376953,65.98999786376953,65.58000183105469,65.87000274658203,48.96198272705078,3190400
2018-03-13,AEP,AEP,66.01000213623047,66.3499984741211,65.56999969482422,66.04000091552734,49.088356018066406,3006400
2018-03-14,AEP,AEP,66.2300033569336,66.93000030517578,66.11000061035156,66.58999633789062,49.497161865234375,3138900
2018-03-15,AEP,AEP,66.58999633789062,67.58000183105469,66.5,66.98999786376953,49.79448699951172,4182500
2018-03-16,AEP,AEP,67.08999633789062,67.91999816894531,67.06999969482422,67.80999755859375,50.40400695800781,6399400
2018-03-19,AEP,AEP,67.69000244140625,68.16000366210938,67.11000061035156,67.44999694824219,50.136409759521484,2595600
2018-03-20,AEP,AEP,67.20999908447266,67.86000061035156,67.18000030517578,67.44999694824219,50.136409759521484,2496400
2018-03-21,AEP,AEP,67.44999694824219,67.93000030517578,66.72000122070312,66.91000366210938,49.735042572021484,2805300
2018-03-22,AEP,AEP,67.02999877929688,68.33999633789062,66.86000061035156,67.36000061035156,50.06950759887695,3137500
2018-03-23,AEP,AEP,67.43000030517578,67.97000122070312,66.25,66.38999938964844,49.34849166870117,3111800
2018-03-26,AEP,AEP,66.81999969482422,67.51000213623047,66.55999755859375,67.30999755859375,50.0323486328125,2917800
2018-03-27,AEP,AEP,67.30999755859375,68.9800033569336,67.05000305175781,68.43000030517578,50.86485290527344,3484400
2018-03-28,AEP,AEP,68.62999725341797,68.91999816894531,68.02999877929688,68.66000366210938,51.03583908081055,3274700
2018-03-29,AEP,AEP,68.70999908447266,69.23999786376953,68.5,68.58999633789062,50.98378372192383,2238900
2018-04-02,AEP,AEP,68.79000091552734,69.30000305175781,67.7699966430664,68.27999877929688,50.75336837768555,2808500
2018-04-03,AEP,AEP,68.26000213623047,68.79000091552734,67.93000030517578,68.44999694824219,50.87973403930664,2551500
2018-04-04,AEP,AEP,68.41000366210938,68.80999755859375,67.88999938964844,68.66999816894531,51.04325485229492,2082700
2018-04-05,AEP,AEP,68.58999633789062,69.19000244140625,67.69000244140625,68.94000244140625,51.243953704833984,2017900
2018-04-06,AEP,AEP,68.94000244140625,69.41999816894531,68.41999816894531,68.52999877929688,50.93918991088867,2307500
2018-04-09,AEP,AEP,68.4000015258789,69.13999938964844,68.27999877929688,68.70999908447266,51.07299041748047,1940900
2018-04-10,AEP,AEP,68.62000274658203,68.75,67.6500015258789,67.87000274658203,50.4486083984375,2183500
2018-04-11,AEP,AEP,67.80000305175781,68.19999694824219,67.51000213623047,67.79000091552734,50.389137268066406,1803200
2018-04-12,AEP,AEP,67.80000305175781,67.91000366210938,66.45999908447266,66.63999938964844,49.53433609008789,2565000
2018-04-13,AEP,AEP,66.91999816894531,67.58999633789062,66.69000244140625,67.33999633789062,50.05465316772461,1833700
2018-04-16,AEP,AEP,67.4800033569336,68.4000015258789,67.41999816894531,68.2699966430664,50.74592971801758,1537300
2018-04-17,AEP,AEP,68.23999786376953,69.04000091552734,68.05000305175781,68.86000061035156,51.184478759765625,1710900
2018-04-18,AEP,AEP,69.0,69.66999816894531,68.68000030517578,68.7300033569336,51.08785629272461,2040600
2018-04-19,AEP,AEP,68.62999725341797,68.87000274658203,68.0999984741211,68.5199966430664,50.931758880615234,2464300
2018-04-20,AEP,AEP,68.69000244140625,68.87999725341797,68.1500015258789,68.45999908447266,50.88716506958008,2634600
2018-04-23,AEP,AEP,68.56999969482422,68.91000366210938,68.19000244140625,68.44000244140625,50.87229537963867,1875700
2018-04-24,AEP,AEP,68.51000213623047,69.3499984741211,68.3499984741211,68.87999725341797,51.19934844970703,2022300
2018-04-25,AEP,AEP,68.70999908447266,69.33000183105469,68.51000213623047,69.08999633789062,51.35544204711914,3067800
2018-04-26,AEP,AEP,69.16000366210938,69.91999816894531,68.8499984741211,69.7699966430664,51.860897064208984,2326200
2018-04-27,AEP,AEP,69.5,70.9800033569336,69.5,70.55000305175781,52.4406852722168,3010000
2018-04-30,AEP,AEP,70.80999755859375,70.80999755859375,69.94999694824219,69.9800033569336,52.01700210571289,3056200
2018-05-01,AEP,AEP,69.97000122070312,69.98999786376953,69.30999755859375,69.44000244140625,51.615604400634766,3028000
2018-05-02,AEP,AEP,69.30000305175781,69.63999938964844,68.83999633789062,69.19000244140625,51.42978286743164,2669300
2018-05-03,AEP,AEP,69.08000183105469,69.72000122070312,68.5199966430664,69.23999786376953,51.46693420410156,2346400
2018-05-04,AEP,AEP,69.23999786376953,69.80000305175781,69.16999816894531,69.38999938964844,51.57844161987305,2238500
2018-05-07,AEP,AEP,69.33999633789062,69.44999694824219,68.63999938964844,68.77999877929688,51.125003814697266,1961200
2018-05-08,AEP,AEP,68.55000305175781,68.73999786376953,67.08999633789062,67.25,49.987762451171875,4789700
2018-05-09,AEP,AEP,66.75,66.98999786376953,66.02999877929688,66.2699966430664,49.71767044067383,3535000
2018-05-10,AEP,AEP,66.47000122070312,67.04000091552734,66.33000183105469,67.0199966430664,50.280330657958984,1909800
2018-05-11,AEP,AEP,67.1500015258789,67.3499984741211,66.87000274658203,67.16000366210938,50.38538360595703,1541600
2018-05-14,AEP,AEP,67.31999969482422,67.4000015258789,66.73999786376953,67.11000061035156,50.34786605834961,2843900
2018-05-15,AEP,AEP,66.6500015258789,67.08999633789062,66.41000366210938,66.80999755859375,50.12278747558594,4596100
2018-05-16,AEP,AEP,66.87999725341797,66.87999725341797,65.88999938964844,66.1500015258789,49.62764358520508,3652800
2018-05-17,AEP,AEP,66.16999816894531,66.43000030517578,65.0,65.22000122070312,48.9299201965332,3186800
2018-05-18,AEP,AEP,65.37999725341797,65.55000305175781,64.45999908447266,64.93000030517578,48.71235656738281,3145600
2018-05-21,AEP,AEP,65.0,65.23999786376953,64.58000183105469,65.08999633789062,48.8323974609375,2765000
2018-05-22,AEP,AEP,65.12000274658203,65.66000366210938,65.0199966430664,65.44000244140625,49.09498596191406,2319500
2018-05-23,AEP,AEP,65.61000061035156,66.5,65.41999816894531,66.47000122070312,49.86771774291992,2820000
2018-05-24,AEP,AEP,66.19999694824219,66.93000030517578,66.19999694824219,66.83999633789062,50.145294189453125,2442700
2018-05-25,AEP,AEP,66.83999633789062,67.4000015258789,66.73999786376953,67.22000122070312,50.430381774902344,2039200
2018-05-29,AEP,AEP,67.1500015258789,67.9000015258789,66.9000015258789,67.62000274658203,50.73048400878906,2758300
2018-05-30,AEP,AEP,67.20999908447266,68.20999908447266,67.0999984741211,68.0,51.01557159423828,2947300
2018-05-31,AEP,AEP,67.91999816894531,68.43000030517578,67.48999786376953,67.94999694824219,50.978057861328125,4301700
2018-06-01,AEP,AEP,67.69000244140625,67.80000305175781,66.43000030517578,66.68000030517578,50.025264739990234,2789700
2018-06-04,AEP,AEP,66.98999786376953,67.12000274658203,65.94999694824219,66.05000305175781,49.55261993408203,2205600
2018-06-05,AEP,AEP,65.79000091552734,66.05000305175781,65.11000061035156,65.29000091552734,48.98244857788086,3221900
2018-06-06,AEP,AEP,65.29000091552734,65.43000030517578,63.66999816894531,63.810001373291016,47.872108459472656,3976800
2018-06-07,AEP,AEP,63.75,64.76000213623047,63.75,64.1500015258789,48.12718963623047,3025200
2018-06-08,AEP,AEP,64.16000366210938,64.4000015258789,63.83000183105469,64.11000061035156,48.09717559814453,2090800
2018-06-11,AEP,AEP,64.29000091552734,64.30000305175781,62.709999084472656,62.93000030517578,47.21190643310547,4329700
2018-06-12,AEP,AEP,62.75,63.81999969482422,62.75,63.56999969482422,47.692054748535156,4908300
2018-06-13,AEP,AEP,63.70000076293945,63.970001220703125,63.040000915527344,63.459999084472656,47.609527587890625,3539400
2018-06-14,AEP,AEP,63.7599983215332,64.80999755859375,63.529998779296875,64.62000274658203,48.479801177978516,3694400
2018-06-15,AEP,AEP,64.4800033569336,65.12999725341797,64.19000244140625,65.05000305175781,48.80239486694336,5315100
2018-06-18,AEP,AEP,65.0199966430664,65.55000305175781,64.94000244140625,65.45999908447266,49.10997772216797,3214100
2018-06-19,AEP,AEP,65.55000305175781,66.88999938964844,65.55000305175781,66.87000274658203,50.167816162109375,5873000
2018-06-20,AEP,AEP,66.86000061035156,66.97000122070312,66.44999694824219,66.9000015258789,50.1903190612793,3062400
2018-06-21,AEP,AEP,66.86000061035156,67.63999938964844,66.73999786376953,67.47000122070312,50.61793518066406,3129600
2018-06-22,AEP,AEP,67.5,67.81999969482422,67.31999969482422,67.3499984741211,50.527915954589844,3148800
2018-06-25,AEP,AEP,67.56999969482422,69.08000183105469,67.56999969482422,69.02999877929688,51.788291931152344,3942100
2018-06-26,AEP,AEP,69.0,69.7300033569336,68.80000305175781,69.30000305175781,51.9908561706543,3363000
2018-06-27,AEP,AEP,69.25,69.95999908447266,68.83999633789062,69.8499984741211,52.40349197387695,4191600
2018-06-28,AEP,AEP,69.91999816894531,70.30000305175781,69.20999908447266,69.33999633789062,52.020870208740234,2174800
2018-06-29,AEP,AEP,69.0999984741211,69.56999969482422,68.5,69.25,51.95335006713867,2941900
2018-07-02,AEP,AEP,69.41999816894531,70.0999984741211,69.12000274658203,70.05000305175781,52.55353546142578,2211700
2018-07-03,AEP,AEP,69.9800033569336,70.94999694824219,69.68000030517578,70.5,52.891143798828125,2132100
2018-07-05,AEP,AEP,70.37000274658203,71.16000366210938,69.95999908447266,71.12999725341797,53.36377716064453,4157000
2018-07-06,AEP,AEP,71.04000091552734,71.7300033569336,70.80000305175781,71.55999755859375,53.686370849609375,2315100
2018-07-09,AEP,AEP,71.41999816894531,71.44999694824219,68.5,68.87000274658203,51.668270111083984,4302600
2018-07-10,AEP,AEP,68.63999938964844,70.22000122070312,68.23999786376953,69.77999877929688,52.35096740722656,3829500
2018-07-11,AEP,AEP,70.06999969482422,70.91999816894531,70.0,70.75,53.078704833984375,2815400
2018-07-12,AEP,AEP,70.87999725341797,70.97000122070312,70.06999969482422,70.37999725341797,52.80111312866211,4186400
2018-07-13,AEP,AEP,70.51000213623047,70.76000213623047,69.88999938964844,70.3499984741211,52.77859878540039,2432200
2018-07-16,AEP,AEP,70.54000091552734,70.58000183105469,69.87999725341797,70.41999816894531,52.831119537353516,2367000
2018-07-17,AEP,AEP,70.7300033569336,70.75,70.30000305175781,70.44000244140625,52.84611892700195,2411700
2018-07-18,AEP,AEP,70.45999908447266,70.63999938964844,69.91000366210938,70.23999786376953,52.696083068847656,2561000
2018-07-19,AEP,AEP,70.45999908447266,71.16999816894531,70.37999725341797,70.63999938964844,52.996177673339844,2055100
2018-07-20,AEP,AEP,70.63999938964844,70.88999938964844,69.70999908447266,70.41000366210938,52.82362747192383,2440900
2018-07-23,AEP,AEP,70.33999633789062,70.45999908447266,69.2300033569336,69.44000244140625,52.09588623046875,2754800
2018-07-24,AEP,AEP,69.13999938964844,69.23999786376953,68.12999725341797,69.05999755859375,51.81080627441406,4202000
2018-07-25,AEP,AEP,68.75,69.8499984741211,68.5,69.37999725341797,52.05088424682617,2581500
2018-07-26,AEP,AEP,69.77999877929688,71.05000305175781,69.47000122070312,71.04000091552734,53.296260833740234,4758200
2018-07-27,AEP,AEP,71.05999755859375,71.88999938964844,70.79000091552734,71.13999938964844,53.37128448486328,3276100
2018-07-30,AEP,AEP,70.87000274658203,70.87000274658203,70.0999984741211,70.4000015258789,52.816123962402344,2004700
2018-07-31,AEP,AEP,70.7699966430664,71.20999908447266,70.37999725341797,71.13999938964844,53.37128448486328,3219000
2018-08-01,AEP,AEP,70.62999725341797,70.62999725341797,69.62999725341797,70.30000305175781,52.74110794067383,2172700
2018-08-02,AEP,AEP,70.06999969482422,70.69000244140625,69.31999969482422,70.48999786376953,52.88362503051758,2404500
2018-08-03,AEP,AEP,70.55000305175781,71.48999786376953,70.0199966430664,71.18000030517578,53.40129470825195,1563900
2018-08-06,AEP,AEP,71.16999816894531,71.69999694824219,71.12000274658203,71.2699966430664,53.46881103515625,1622200
2018-08-07,AEP,AEP,71.30000305175781,71.3499984741211,70.3499984741211,71.23999786376953,53.44629669189453,1781600
2018-08-08,AEP,AEP,70.93000030517578,71.18000030517578,70.61000061035156,70.93000030517578,53.21375274658203,2040000
2018-08-09,AEP,AEP,70.5,71.01000213623047,70.26000213623047,70.9800033569336,53.720821380615234,2057600
2018-08-10,AEP,AEP,71.18000030517578,71.79000091552734,70.80999755859375,70.8499984741211,53.622432708740234,1796200
2018-08-13,AEP,AEP,70.79000091552734,71.05999755859375,70.55000305175781,70.94000244140625,53.69054412841797,2018800
2018-08-14,AEP,AEP,70.87999725341797,71.30999755859375,70.86000061035156,71.0199966430664,53.7510871887207,1174500
2018-08-15,AEP,AEP,71.13999938964844,72.36000061035156,71.06999969482422,71.7699966430664,54.318729400634766,2352900
2018-08-16,AEP,AEP,71.7699966430664,72.41999816894531,71.51000213623047,72.33999633789062,54.750125885009766,1803100
2018-08-17,AEP,AEP,72.33999633789062,72.91000366210938,72.13999938964844,72.5,54.87124252319336,2134300
2018-08-20,AEP,AEP,72.52999877929688,72.63999938964844,71.88999938964844,72.18000030517578,54.629024505615234,2279900
2018-08-21,AEP,AEP,71.83000183105469,72.02999877929688,71.06999969482422,71.6500015258789,54.2279052734375,3703300
2018-08-22,AEP,AEP,71.80000305175781,71.81999969482422,70.51000213623047,70.73999786376953,53.539180755615234,2680400
2018-08-23,AEP,AEP,70.69999694824219,71.79000091552734,70.6500015258789,71.36000061035156,54.008419036865234,2421600
2018-08-24,AEP,AEP,71.27999877929688,71.61000061035156,70.79000091552734,71.55000305175781,54.1522216796875,1626000
2018-08-27,AEP,AEP,71.5,71.72000122070312,70.87000274658203,71.16000366210938,53.857051849365234,2205900
2018-08-28,AEP,AEP,71.08000183105469,71.37999725341797,70.91000366210938,71.11000061035156,53.81920623779297,2020700
2018-08-29,AEP,AEP,71.2699966430664,71.76000213623047,71.19000244140625,71.69999694824219,54.26575469970703,1702100
2018-08-30,AEP,AEP,71.77999877929688,72.27999877929688,71.5199966430664,71.80999755859375,54.34900665283203,1765500
2018-08-31,AEP,AEP,71.91999816894531,72.29000091552734,71.56999969482422,71.7300033569336,54.2884521484375,3109600
2018-09-04,AEP,AEP,72.02999877929688,72.5199966430664,71.87000274658203,72.26000213623047,54.68959045410156,2150300
2018-09-05,AEP,AEP,72.33000183105469,73.30000305175781,72.18000030517578,73.23999786376953,55.43128204345703,2121700
2018-09-06,AEP,AEP,73.48999786376953,73.6500015258789,73.06999969482422,73.33000183105469,55.4994010925293,2113200
2018-09-07,AEP,AEP,72.72000122070312,73.29000091552734,72.38999938964844,72.68000030517578,55.0074462890625,3034100
2018-09-10,AEP,AEP,73.20999908447266,73.62999725341797,73.04000091552734,73.4000015258789,55.552391052246094,2481500
2018-09-11,AEP,AEP,73.41000366210938,73.73999786376953,72.93000030517578,72.9800033569336,55.2345085144043,2095300
2018-09-12,AEP,AEP,72.7300033569336,73.19000244140625,72.31999969482422,72.51000213623047,54.87879943847656,2167900
2018-09-13,AEP,AEP,72.48999786376953,72.9800033569336,72.1500015258789,72.97000122070312,55.2269401550293,2201900
2018-09-14,AEP,AEP,72.7699966430664,72.7699966430664,71.87000274658203,72.5999984741211,54.94690704345703,1866000
2018-09-17,AEP,AEP,72.7699966430664,72.87000274658203,72.36000061035156,72.80000305175781,55.0982780456543,1706500
2018-09-18,AEP,AEP,72.62000274658203,72.8499984741211,72.06999969482422,72.43000030517578,54.81825256347656,2099800
2018-09-19,AEP,AEP,72.56999969482422,72.66999816894531,70.69000244140625,70.9800033569336,53.720821380615234,1976100
2018-09-20,AEP,AEP,70.80000305175781,71.12000274658203,70.12000274658203,71.08000183105469,53.7965087890625,2111000
2018-09-21,AEP,AEP,71.05999755859375,71.70999908447266,70.70999908447266,71.4000015258789,54.0386962890625,4336800
2018-09-24,AEP,AEP,71.16000366210938,71.44000244140625,70.61000061035156,70.63999938964844,53.463504791259766,1838000
2018-09-25,AEP,AEP,70.5999984741211,70.61000061035156,69.38999938964844,69.80999755859375,52.8353157043457,2529800
2018-09-26,AEP,AEP,69.98999786376953,70.06999969482422,68.91999816894531,68.97000122070312,52.19956588745117,1975900
2018-09-27,AEP,AEP,68.94000244140625,69.98999786376953,68.93000030517578,69.76000213623047,52.7974739074707,2318800
2018-09-28,AEP,AEP,69.95999908447266,70.94999694824219,69.8499984741211,70.87999725341797,53.6451416015625,2740200
2018-10-01,AEP,AEP,70.7699966430664,71.01000213623047,70.30999755859375,70.9000015258789,53.6602897644043,1806600
2018-10-02,AEP,AEP,71.08999633789062,71.8499984741211,71.08999633789062,71.3499984741211,54.0008659362793,2966700
2018-10-03,AEP,AEP,71.2699966430664,71.72000122070312,69.56999969482422,70.22000122070312,53.1456184387207,2514800
2018-10-04,AEP,AEP,70.04000091552734,70.7699966430664,69.30999755859375,70.55999755859375,53.402957916259766,2174500
2018-10-05,AEP,AEP,70.55999755859375,72.11000061035156,70.55999755859375,71.87000274658203,54.39442443847656,3535300
2018-10-08,AEP,AEP,72.08000183105469,73.19000244140625,71.87999725341797,72.8499984741211,55.136131286621094,3168900
2018-10-09,AEP,AEP,72.93000030517578,73.4800033569336,72.4800033569336,73.05000305175781,55.28749465942383,3228400
2018-10-10,AEP,AEP,72.94000244140625,73.88999938964844,72.63999938964844,72.69999694824219,55.022586822509766,3005400
2018-10-11,AEP,AEP,72.88999938964844,73.06999969482422,70.91000366210938,71.22000122070312,53.9024772644043,4735800
2018-10-12,AEP,AEP,71.12999725341797,71.31999969482422,70.30999755859375,70.9000015258789,53.6602897644043,2864300
2018-10-15,AEP,AEP,70.81999969482422,71.5999984741211,70.69999694824219,71.0199966430664,53.7510871887207,2101800
2018-10-16,AEP,AEP,71.0,72.18000030517578,70.58999633789062,71.69999694824219,54.26575469970703,2692600
2018-10-17,AEP,AEP,71.54000091552734,71.9800033569336,71.18000030517578,71.72000122070312,54.280879974365234,2607900
2018-10-18,AEP,AEP,71.75,72.08999633789062,71.25,71.68000030517578,54.25060272216797,2053300
2018-10-19,AEP,AEP,71.73999786376953,73.4000015258789,71.62000274658203,73.26000213623047,55.44641876220703,2638900
2018-10-22,AEP,AEP,73.30999755859375,73.5,72.86000061035156,73.1500015258789,55.36316680908203,2471300
2018-10-23,AEP,AEP,73.4800033569336,74.11000061035156,72.6500015258789,73.44000244140625,55.58264923095703,4869800
2018-10-24,AEP,AEP,73.80999755859375,76.05000305175781,73.5199966430664,75.55999755859375,57.18716049194336,5070900
2018-10-25,AEP,AEP,75.0,75.5,73.0,73.54000091552734,55.658355712890625,5291300
2018-10-26,AEP,AEP,74.45999908447266,74.58000183105469,72.08999633789062,72.73999786376953,55.0528678894043,4161500
2018-10-29,AEP,AEP,72.80000305175781,74.37000274658203,72.76000213623047,74.04000091552734,56.03678894042969,3024100
2018-10-30,AEP,AEP,74.37000274658203,74.87999725341797,73.52999877929688,74.29000091552734,56.225975036621094,3254800
2018-10-31,AEP,AEP,73.9800033569336,74.12999725341797,72.87999725341797,73.36000061035156,55.52211380004883,2713200
2018-11-01,AEP,AEP,73.44999694824219,73.54000091552734,72.68000030517578,72.97000122070312,55.2269401550293,2902400
2018-11-02,AEP,AEP,73.26000213623047,73.52999877929688,72.06999969482422,72.69000244140625,55.015037536621094,3054500
2018-11-05,AEP,AEP,72.91999816894531,73.87999725341797,72.7300033569336,73.5,55.62805938720703,2188400
2018-11-06,AEP,AEP,73.5999984741211,74.5199966430664,73.41999816894531,74.44999694824219,56.34708786010742,2662600
2018-11-07,AEP,AEP,74.77999877929688,75.22000122070312,74.05000305175781,75.12999725341797,56.86172103881836,2781600
2018-11-08,AEP,AEP,74.52999877929688,74.68000030517578,73.81999969482422,74.16999816894531,56.640262603759766,3465900
2018-11-09,AEP,AEP,74.20999908447266,75.48999786376953,74.16000366210938,75.31999969482422,57.51846694946289,2419500
2018-11-12,AEP,AEP,75.08000183105469,76.95999908447266,74.93000030517578,76.19999694824219,58.19047927856445,2245500
2018-11-13,AEP,AEP,76.29000091552734,76.69000244140625,75.55999755859375,76.43000030517578,58.366119384765625,2860100
2018-11-14,AEP,AEP,76.12000274658203,76.7699966430664,75.95999908447266,76.12999725341797,58.13703155517578,3578400
2018-11-15,AEP,AEP,75.73999786376953,76.81999969482422,75.0999984741211,76.79000091552734,58.641048431396484,3031100
2018-11-16,AEP,AEP,77.4800033569336,77.79000091552734,76.69000244140625,77.0199966430664,58.81666564941406,3309100
2018-11-19,AEP,AEP,76.91999816894531,77.66000366210938,76.76000213623047,77.43000030517578,59.12977600097656,2681100
2018-11-20,AEP,AEP,77.63999938964844,78.47000122070312,77.04000091552734,77.81999969482422,59.427608489990234,2694200
2018-11-21,AEP,AEP,77.38999938964844,77.66999816894531,75.44999694824219,75.6500015258789,57.770484924316406,3341300
2018-11-23,AEP,AEP,75.80000305175781,76.04000091552734,75.36000061035156,75.86000061035156,57.93083953857422,915200
2018-11-26,AEP,AEP,75.66000366210938,76.16999816894531,75.30000305175781,75.95999908447266,58.0072135925293,1586800
2018-11-27,AEP,AEP,76.05000305175781,76.68000030517578,75.47000122070312,76.58000183105469,58.48066711425781,1789800
2018-11-28,AEP,AEP,76.61000061035156,76.7300033569336,76.0999984741211,76.22000122070312,58.20576858520508,2142200
2018-11-29,AEP,AEP,76.22000122070312,76.37000274658203,75.0199966430664,76.3499984741211,58.30503463745117,2298800
2018-11-30,AEP,AEP,76.51000213623047,77.80000305175781,76.23999786376953,77.73999786376953,59.36650466918945,2814600
2018-12-03,AEP,AEP,77.19999694824219,78.3499984741211,76.58000183105469,78.30999755859375,59.801780700683594,2504200
2018-12-04,AEP,AEP,78.66000366210938,79.30999755859375,78.18000030517578,78.41999816894531,59.885799407958984,3457900
2018-12-06,AEP,AEP,79.04000091552734,79.25,77.12000274658203,78.76000213623047,60.14544677734375,3118900
2018-12-07,AEP,AEP,78.77999877929688,79.7699966430664,77.98999786376953,79.31999969482422,60.57307815551758,2495200
2018-12-10,AEP,AEP,79.41000366210938,79.61000061035156,78.11000061035156,79.36000061035156,60.603641510009766,2020800
2018-12-11,AEP,AEP,79.36000061035156,80.1500015258789,78.83999633789062,79.76000213623047,60.90909194946289,2037900
2018-12-12,AEP,AEP,80.13999938964844,80.48999786376953,79.44000244140625,79.5199966430664,60.72582244873047,3317700
2018-12-13,AEP,AEP,79.55999755859375,80.66999816894531,79.54000091552734,80.36000061035156,61.36727523803711,1832400
2018-12-14,AEP,AEP,80.56999969482422,81.05000305175781,79.44999694824219,80.01000213623047,61.10002136230469,2828100
2018-12-17,AEP,AEP,80.20999908447266,80.43000030517578,76.97000122070312,77.33000183105469,59.05341339111328,3581300
2018-12-18,AEP,AEP,77.66000366210938,78.37000274658203,76.88999938964844,77.26000213623047,58.99995803833008,2818800
2018-12-19,AEP,AEP,77.43000030517578,77.79000091552734,76.47000122070312,76.86000061035156,58.69451141357422,2473100
2018-12-20,AEP,AEP,77.08000183105469,78.47000122070312,76.22000122070312,77.62000274658203,59.27488708496094,3489900
2018-12-21,AEP,AEP,77.5999984741211,79.25,76.41000366210938,76.43000030517578,58.366119384765625,6388600
2018-12-24,AEP,AEP,76.68000030517578,77.22000122070312,73.11000061035156,73.55000305175781,56.16680145263672,1762300
2018-12-26,AEP,AEP,73.6500015258789,74.37000274658203,72.52999877929688,74.36000061035156,56.785362243652344,2461200
2018-12-27,AEP,AEP,74.22000122070312,75.04000091552734,73.04000091552734,75.04000091552734,57.30464172363281,2161200
2018-12-28,AEP,AEP,75.04000091552734,75.72000122070312,74.45999908447266,74.7300033569336,57.067901611328125,2027000
2018-12-31,AEP,AEP,74.77999877929688,75.08999633789062,73.91000366210938,74.73999786376953,57.075557708740234,2203300
2019-01-02,AEP,AEP,74.61000061035156,74.61000061035156,72.47000122070312,72.94000244140625,55.70097351074219,2679600
2019-01-03,AEP,AEP,72.94000244140625,73.66000366210938,72.30000305175781,72.7699966430664,55.57115173339844,3063500
2019-01-04,AEP,AEP,72.31999969482422,73.44000244140625,72.26000213623047,73.44000244140625,56.08279800415039,2857500
2019-01-07,AEP,AEP,72.94000244140625,73.20999908447266,72.44000244140625,73.02999877929688,55.76970291137695,3218400
2019-01-08,AEP,AEP,72.91999816894531,74.05000305175781,72.69000244140625,73.93000030517578,56.45699691772461,3605700
2019-01-09,AEP,AEP,73.73999786376953,74.25,73.08000183105469,73.37000274658203,56.02935791015625,3100400
2019-01-10,AEP,AEP,73.54000091552734,74.80000305175781,73.29000091552734,74.72000122070312,57.060272216796875,2285100
2019-01-11,AEP,AEP,74.76000213623047,74.76000213623047,73.81999969482422,74.44000244140625,56.84645462036133,2244000
2019-01-14,AEP,AEP,74.02999877929688,74.02999877929688,72.94999694824219,73.79000091552734,56.3500862121582,2764600
2019-01-15,AEP,AEP,73.80999755859375,75.45999908447266,73.72000122070312,75.37999725341797,57.564300537109375,2279500
2019-01-16,AEP,AEP,74.98999786376953,75.76000213623047,74.55999755859375,75.72000122070312,57.823936462402344,2727800
2019-01-17,AEP,AEP,75.75,76.20999908447266,75.62999725341797,76.0,58.03775405883789,1779100
2019-01-18,AEP,AEP,76.37999725341797,76.5,75.66000366210938,76.08999633789062,58.10649108886719,2437900
2019-01-22,AEP,AEP,76.2300033569336,76.93000030517578,75.5199966430664,76.37999725341797,58.32795715332031,2275300
2019-01-23,AEP,AEP,76.25,77.08999633789062,76.19000244140625,77.01000213623047,58.80905532836914,2337800
2019-01-24,AEP,AEP,77.0999984741211,77.7699966430664,76.52999877929688,77.75,59.374149322509766,2047300
2019-01-25,AEP,AEP,77.37000274658203,78.0999984741211,76.58000183105469,76.80000305175781,58.648685455322266,2682000
2019-01-28,AEP,AEP,76.76000213623047,77.20999908447266,76.30000305175781,76.8499984741211,58.686859130859375,2159200
2019-01-29,AEP,AEP,77.12000274658203,77.41000366210938,76.51000213623047,76.97000122070312,58.77851104736328,2439300
2019-01-30,AEP,AEP,76.61000061035156,77.87000274658203,76.61000061035156,77.16000366210938,58.923606872558594,2449200
2019-01-31,AEP,AEP,77.2699966430664,79.61000061035156,76.77999877929688,79.12000274658203,60.420372009277344,5718900
2019-02-01,AEP,AEP,79.12000274658203,79.31999969482422,78.1500015258789,79.11000061035156,60.412723541259766,2630700
2019-02-04,AEP,AEP,78.62999725341797,79.5199966430664,78.1500015258789,79.47000122070312,60.68764114379883,2757600
2019-02-05,AEP,AEP,79.37000274658203,79.47000122070312,78.7300033569336,79.01000213623047,60.33637237548828,2658000
2019-02-06,AEP,AEP,78.81999969482422,79.47000122070312,78.52999877929688,79.20999908447266,60.48908615112305,1587700
2019-02-07,AEP,AEP,78.54000091552734,79.45999908447266,78.19999694824219,79.44999694824219,61.18994903564453,1871900
2019-02-08,AEP,AEP,79.13999938964844,80.08999633789062,79.0,80.0199966430664,61.628936767578125,1970300
2019-02-11,AEP,AEP,79.80000305175781,80.47000122070312,79.80000305175781,80.08999633789062,61.682838439941406,3914300
2019-02-12,AEP,AEP,80.19999694824219,80.8499984741211,79.51000213623047,80.30000305175781,61.844581604003906,2470300
2019-02-13,AEP,AEP,80.08000183105469,80.16999816894531,79.12999725341797,79.55000305175781,61.266971588134766,2779400
2019-02-14,AEP,AEP,79.79000091552734,79.94000244140625,79.20999908447266,79.3499984741211,61.11293029785156,2122400
2019-02-15,AEP,AEP,79.6500015258789,79.95999908447266,79.0199966430664,79.2699966430664,61.05128860473633,2740400
2019-02-19,AEP,AEP,79.4800033569336,80.22000122070312,79.12999725341797,80.08000183105469,61.6751708984375,2168300
2019-02-20,AEP,AEP,79.83000183105469,80.75,79.5999984741211,80.5199966430664,62.01402282714844,2218100
2019-02-21,AEP,AEP,80.19999694824219,81.31999969482422,80.02999877929688,81.1500015258789,62.49921798706055,1997300
2019-02-22,AEP,AEP,81.2699966430664,81.76000213623047,80.83000183105469,81.72000122070312,62.938228607177734,1828700
2019-02-25,AEP,AEP,81.58999633789062,81.72000122070312,80.37999725341797,80.77999877929688,62.21426010131836,3216800
2019-02-26,AEP,AEP,80.95999908447266,80.95999908447266,79.91000366210938,80.41999816894531,61.9370002746582,2083700
2019-02-27,AEP,AEP,80.0999984741211,80.69000244140625,79.94999694824219,80.62999725341797,62.09872817993164,1567000
2019-02-28,AEP,AEP,80.69999694824219,81.3499984741211,80.36000061035156,81.1500015258789,62.49921798706055,2523400
2019-03-01,AEP,AEP,81.11000061035156,81.47000122070312,80.62000274658203,81.4000015258789,62.691776275634766,2945100
2019-03-04,AEP,AEP,81.75,81.80999755859375,80.68000030517578,81.41999816894531,62.707176208496094,3054500
2019-03-05,AEP,AEP,81.30999755859375,81.38999938964844,80.66000366210938,81.02999877929688,62.40679931640625,2258900
2019-03-06,AEP,AEP,81.13999938964844,81.55000305175781,80.8499984741211,81.26000213623047,62.58395004272461,1892400
2019-03-07,AEP,AEP,81.5999984741211,82.19999694824219,81.2699966430664,81.44999694824219,62.730281829833984,2115400
2019-03-08,AEP,AEP,81.69000244140625,81.98999786376953,80.93000030517578,81.94999694824219,63.1153678894043,1721100
2019-03-11,AEP,AEP,82.11000061035156,82.5999984741211,81.94999694824219,82.5999984741211,63.615970611572266,3831400
2019-03-12,AEP,AEP,82.98999786376953,83.41999816894531,82.56999969482422,83.11000061035156,64.00875854492188,2371600
2019-03-13,AEP,AEP,83.0,83.4000015258789,82.95999908447266,83.18000030517578,64.06267547607422,1781300
2019-03-14,AEP,AEP,83.1500015258789,83.7300033569336,82.66999816894531,82.9800033569336,63.90864181518555,2915400
2019-03-15,AEP,AEP,83.19999694824219,84.2699966430664,83.01000213623047,83.80999755859375,64.54785919189453,9901400
2019-03-18,AEP,AEP,83.80000305175781,83.86000061035156,83.05000305175781,83.4800033569336,64.29375457763672,3371900
2019-03-19,AEP,AEP,83.33999633789062,83.44000244140625,82.08000183105469,82.55999755859375,63.58517837524414,3855800
2019-03-20,AEP,AEP,82.93000030517578,83.58000183105469,82.41999816894531,82.87000274658203,63.823909759521484,3322800
2019-03-21,AEP,AEP,82.88999938964844,84.33999633789062,82.73999786376953,84.08999633789062,64.76351928710938,3243400
2019-03-22,AEP,AEP,84.58000183105469,85.70999908447266,84.33999633789062,85.13999938964844,65.57218170166016,3595300
2019-03-25,AEP,AEP,85.26000213623047,85.63999938964844,84.91000366210938,85.31999969482422,65.71083068847656,2383800
2019-03-26,AEP,AEP,85.37000274658203,86.0,85.19000244140625,85.9800033569336,66.21915435791016,2166400
2019-03-27,AEP,AEP,86.02999877929688,86.0999984741211,84.83999633789062,85.2300033569336,65.64151763916016,3297400
2019-03-28,AEP,AEP,85.22000122070312,85.61000061035156,83.79000091552734,83.79000091552734,64.532470703125,4990000
2019-03-29,AEP,AEP,83.5999984741211,83.9000015258789,83.27999877929688,83.75,64.50167083740234,4625700
2019-04-01,AEP,AEP,83.9000015258789,83.95999908447266,82.30000305175781,82.81999969482422,63.78542709350586,4769700
2019-04-02,AEP,AEP,83.22000122070312,83.27999877929688,82.36000061035156,83.08000183105469,63.98566436767578,3306400
2019-04-03,AEP,AEP,83.04000091552734,83.26000213623047,82.2300033569336,82.91000366210938,63.85471725463867,2771300
2019-04-04,AEP,AEP,83.26000213623047,83.26000213623047,82.1500015258789,82.62000274658203,63.63137435913086,2401200
2019-04-05,AEP,AEP,82.81999969482422,83.58999633789062,82.48999786376953,83.56999969482422,64.36302947998047,2194600
2019-04-08,AEP,AEP,83.37999725341797,83.61000061035156,82.66999816894531,83.1500015258789,64.03958129882812,3121000
2019-04-09,AEP,AEP,83.08000183105469,83.7699966430664,82.9800033569336,83.56999969482422,64.36302947998047,1898500
2019-04-10,AEP,AEP,83.9000015258789,84.48999786376953,83.16999816894531,83.3499984741211,64.1935806274414,1795000
2019-04-11,AEP,AEP,83.4000015258789,83.98999786376953,83.29000091552734,83.94000244140625,64.64801025390625,2757100
2019-04-12,AEP,AEP,83.52999877929688,84.2300033569336,83.04000091552734,84.1500015258789,64.80973052978516,2458800
2019-04-15,AEP,AEP,84.1500015258789,84.61000061035156,83.95999908447266,84.26000213623047,64.89443969726562,2425500
2019-04-16,AEP,AEP,84.05000305175781,84.52999877929688,82.79000091552734,83.05000305175781,63.96253967285156,2187000
2019-04-17,AEP,AEP,83.0999984741211,83.62999725341797,82.7300033569336,83.19999694824219,64.07806396484375,2094100
2019-04-18,AEP,AEP,83.02999877929688,83.56999969482422,82.8499984741211,83.01000213623047,63.93174743652344,2268200
2019-04-22,AEP,AEP,82.93000030517578,83.12999725341797,82.51000213623047,82.93000030517578,63.8701286315918,2320100
2019-04-23,AEP,AEP,83.0,83.69000244140625,82.66999816894531,83.56999969482422,64.36302947998047,2722700
2019-04-24,AEP,AEP,83.68000030517578,84.3499984741211,83.4000015258789,84.0199966430664,64.70960235595703,2292200
2019-04-25,AEP,AEP,83.5199966430664,85.16999816894531,83.45999908447266,84.83000183105469,65.33345794677734,2249400
2019-04-26,AEP,AEP,85.47000122070312,85.7699966430664,84.55999755859375,84.70999908447266,65.24102783203125,1761200
2019-04-29,AEP,AEP,84.44000244140625,84.66000366210938,83.77999877929688,84.04000091552734,64.72502899169922,1474600
2019-04-30,AEP,AEP,84.05999755859375,85.58000183105469,83.87000274658203,85.55000305175781,65.88797760009766,2545300
2019-05-01,AEP,AEP,85.20999908447266,85.5999984741211,84.6500015258789,84.94999694824219,65.42585754394531,2282600
2019-05-02,AEP,AEP,84.83000183105469,85.22000122070312,84.04000091552734,84.69999694824219,65.23332214355469,1789600
2019-05-03,AEP,AEP,84.86000061035156,85.51000213623047,84.62999725341797,85.43000030517578,65.7955551147461,1323200
2019-05-06,AEP,AEP,85.54000091552734,85.66999816894531,84.5999984741211,84.83000183105469,65.33345794677734,1993800
2019-05-07,AEP,AEP,84.97000122070312,85.01000213623047,84.41999816894531,84.62999725341797,65.1794204711914,1808700
2019-05-08,AEP,AEP,84.41999816894531,84.48999786376953,83.52999877929688,83.7300033569336,64.48626708984375,3040300
2019-05-09,AEP,AEP,83.13999938964844,83.4800033569336,82.55999755859375,82.87000274658203,64.33875274658203,2452100
2019-05-10,AEP,AEP,82.98999786376953,84.81999969482422,82.66999816894531,84.66000366210938,65.72847747802734,2584500
2019-05-13,AEP,AEP,84.66000366210938,86.54000091552734,84.30000305175781,86.33999633789062,67.03279113769531,3566700
2019-05-14,AEP,AEP,86.30000305175781,86.47000122070312,85.37000274658203,85.55999755859375,66.42723083496094,2403100
2019-05-15,AEP,AEP,85.7699966430664,85.9800033569336,84.9800033569336,85.05000305175781,66.0312728881836,2169900
2019-05-16,AEP,AEP,84.98999786376953,85.86000061035156,84.76000213623047,85.4000015258789,66.30300903320312,1866600
2019-05-17,AEP,AEP,84.93000030517578,86.37000274658203,84.93000030517578,85.8499984741211,66.65235137939453,2212300
2019-05-20,AEP,AEP,86.19000244140625,86.7699966430664,85.87999725341797,86.5999984741211,67.23465728759766,2142000
2019-05-21,AEP,AEP,86.31999969482422,87.13999938964844,86.31999969482422,86.61000061035156,67.2424087524414,1768400
2019-05-22,AEP,AEP,86.7699966430664,87.37000274658203,86.47000122070312,87.29000091552734,67.77033233642578,1916600
2019-05-23,AEP,AEP,87.58000183105469,88.26000213623047,87.30999755859375,88.18000030517578,68.46134185791016,2037100
2019-05-24,AEP,AEP,88.1500015258789,89.01000213623047,87.91999816894531,88.29000091552734,68.54674530029297,1485000
2019-05-28,AEP,AEP,88.38999938964844,88.51000213623047,86.61000061035156,86.66999816894531,67.28899383544922,2650300
2019-05-29,AEP,AEP,87.05999755859375,87.20999908447266,85.3499984741211,85.69000244140625,66.52814483642578,2137400
2019-05-30,AEP,AEP,85.70999908447266,86.11000061035156,85.0999984741211,85.30000305175781,66.22537994384766,2341200
2019-05-31,AEP,AEP,85.56999969482422,86.37999725341797,85.37000274658203,86.12000274658203,66.86199951171875,2250000
2019-06-03,AEP,AEP,86.3499984741211,87.41999816894531,85.93000030517578,87.37000274658203,67.83247375488281,2216100
2019-06-04,AEP,AEP,87.13999938964844,87.26000213623047,85.26000213623047,87.05000305175781,67.58403015136719,1904600
2019-06-05,AEP,AEP,87.41000366210938,89.79000091552734,87.23999786376953,89.37000274658203,69.38524627685547,2155500
2019-06-06,AEP,AEP,89.5,90.25,89.30000305175781,90.0,69.87435150146484,1739600
2019-06-07,AEP,AEP,90.54000091552734,91.06999969482422,89.51000213623047,89.54000091552734,69.5172119140625,2274900
2019-06-10,AEP,AEP,89.30000305175781,89.31999969482422,88.62000274658203,89.0199966430664,69.1135025024414,1956700
2019-06-11,AEP,AEP,88.97000122070312,89.11000061035156,87.87999725341797,88.31999969482422,68.57003021240234,1988400
2019-06-12,AEP,AEP,88.88999938964844,89.73999786376953,88.86000061035156,89.38999938964844,69.40076446533203,1910900
2019-06-13,AEP,AEP,89.54000091552734,89.86000061035156,88.91000366210938,89.58999633789062,69.5560531616211,1794800
2019-06-14,AEP,AEP,89.81999969482422,90.87999725341797,89.66999816894531,90.58000183105469,70.32465362548828,1783800
2019-06-17,AEP,AEP,90.70999908447266,90.93000030517578,89.4000015258789,90.08000183105469,69.93647003173828,1835200
2019-06-18,AEP,AEP,90.66999816894531,90.79000091552734,89.16999816894531,89.77999877929688,69.70354461669922,2230100
2019-06-19,AEP,AEP,89.5199966430664,91.19000244140625,89.5199966430664,90.86000061035156,70.54203796386719,2394000
2019-06-20,AEP,AEP,91.26000213623047,91.69999694824219,90.26000213623047,90.87000274658203,70.54981994628906,2206800
2019-06-21,AEP,AEP,91.25,91.66000366210938,90.27999877929688,91.55000305175781,71.0777587890625,3885800
2019-06-24,AEP,AEP,91.55999755859375,91.98999786376953,90.73999786376953,90.9000015258789,70.57310485839844,2709600
2019-06-25,AEP,AEP,90.94999694824219,91.19000244140625,90.12000274658203,90.37000274658203,70.16161346435547,2446200
2019-06-26,AEP,AEP,90.06999969482422,90.30999755859375,88.4000015258789,88.5,68.70980072021484,2895100
2019-06-27,AEP,AEP,88.51000213623047,88.86000061035156,87.63999938964844,87.9000015258789,68.24396514892578,3105800
2019-06-28,AEP,AEP,87.75,88.93000030517578,87.72000122070312,88.01000213623047,68.32935333251953,3815700
2019-07-01,AEP,AEP,87.98999786376953,88.2300033569336,87.08000183105469,88.12999725341797,68.42253112792969,2034200
2019-07-02,AEP,AEP,88.33999633789062,89.62999725341797,88.2699966430664,89.19000244140625,69.24549865722656,2083200
2019-07-03,AEP,AEP,89.66000366210938,90.69000244140625,89.58999633789062,90.13999938964844,69.98304748535156,1843300
2019-07-05,AEP,AEP,89.55999755859375,90.0999984741211,88.37999725341797,89.83999633789062,69.75015258789062,1758500
2019-07-08,AEP,AEP,90.08999633789062,90.27999877929688,89.5199966430664,89.93000030517578,69.82000732421875,1233500
2019-07-09,AEP,AEP,90.06999969482422,90.45999908447266,89.69000244140625,90.36000061035156,70.15386962890625,1532900
2019-07-10,AEP,AEP,90.52999877929688,91.33999633789062,90.22000122070312,90.80999755859375,70.50321197509766,1342000
2019-07-11,AEP,AEP,90.52999877929688,91.41999816894531,90.19000244140625,90.93000030517578,70.59638214111328,1813700
2019-07-12,AEP,AEP,90.9000015258789,91.13999938964844,89.80000305175781,90.25,70.06845092773438,1368200
2019-07-15,AEP,AEP,90.63999938964844,91.33999633789062,90.13999938964844,91.19000244140625,70.79826354980469,1901900
2019-07-16,AEP,AEP,90.7699966430664,91.16999816894531,89.95999908447266,90.51000213623047,70.27031707763672,1563200
2019-07-17,AEP,AEP,90.79000091552734,91.81999969482422,90.5999984741211,91.0199966430664,70.66625213623047,1788800
2019-07-18,AEP,AEP,90.9000015258789,91.81999969482422,90.2699966430664,91.76000213623047,71.24080657958984,1338300
2019-07-19,AEP,AEP,91.58000183105469,91.81999969482422,90.23999786376953,90.27999877929688,70.09173583984375,1693300
2019-07-22,AEP,AEP,90.4800033569336,90.56999969482422,89.38999938964844,90.12000274658203,69.96752166748047,1390800
2019-07-23,AEP,AEP,90.05000305175781,90.19999694824219,89.11000061035156,89.51000213623047,69.49392700195312,1732300
2019-07-24,AEP,AEP,89.8499984741211,89.87000274658203,88.62999725341797,89.61000061035156,69.57157135009766,2008400
2019-07-25,AEP,AEP,89.27999877929688,89.87000274658203,88.4800033569336,89.08000183105469,69.16007995605469,2252600
2019-07-26,AEP,AEP,88.73999786376953,89.45999908447266,88.63999938964844,88.94999694824219,69.05914306640625,2176500
2019-07-29,AEP,AEP,89.27999877929688,89.83000183105469,88.83999633789062,89.73999786376953,69.6724853515625,1736300
2019-07-30,AEP,AEP,89.62000274658203,89.87999725341797,88.2699966430664,88.72000122070312,68.88057708740234,1691100
2019-07-31,AEP,AEP,88.58999633789062,89.16999816894531,87.44000244140625,87.80999755859375,68.174072265625,2942800
2019-08-01,AEP,AEP,87.6500015258789,89.33999633789062,87.04000091552734,88.80999755859375,68.95046997070312,3433000
2019-08-02,AEP,AEP,89.3499984741211,89.7699966430664,88.58999633789062,88.69999694824219,68.86507415771484,1984300
2019-08-05,AEP,AEP,88.94999694824219,89.4800033569336,87.37999725341797,88.0199966430664,68.33711242675781,2944400
2019-08-06,AEP,AEP,88.0,89.51000213623047,87.23999786376953,89.13999938964844,69.20665740966797,2725600
2019-08-07,AEP,AEP,89.38999938964844,90.31999969482422,88.08000183105469,89.73999786376953,69.6724853515625,1945400
2019-08-08,AEP,AEP,88.81999969482422,89.79000091552734,88.0999984741211,89.51000213623047,70.01667785644531,3090500
2019-08-09,AEP,AEP,89.7699966430664,90.38999938964844,89.54000091552734,89.97000122070312,70.37651062011719,1597500
2019-08-12,AEP,AEP,90.12999725341797,90.66000366210938,89.8499984741211,90.43000030517578,70.73633575439453,1497100
2019-08-13,AEP,AEP,90.37999725341797,90.68000030517578,89.43000030517578,90.25,70.59552764892578,1810400
2019-08-14,AEP,AEP,90.08000183105469,90.56999969482422,88.08999633789062,88.4800033569336,69.21098327636719,4572300
2019-08-15,AEP,AEP,88.37999725341797,90.62000274658203,88.19999694824219,90.36000061035156,70.68157196044922,2874200
2019-08-16,AEP,AEP,90.47000122070312,90.79000091552734,90.0199966430664,90.2300033569336,70.57987213134766,2131000
2019-08-19,AEP,AEP,90.25,91.22000122070312,90.0,90.55000305175781,70.83019256591797,1734100
2019-08-20,AEP,AEP,91.0,91.05000305175781,90.08000183105469,90.7699966430664,71.00227355957031,1450400
2019-08-21,AEP,AEP,90.51000213623047,91.36000061035156,90.41000366210938,91.3499984741211,71.45594787597656,1332100
2019-08-22,AEP,AEP,91.27999877929688,91.45999908447266,90.61000061035156,90.97000122070312,71.15872192382812,1625600
2019-08-23,AEP,AEP,91.20999908447266,91.43000030517578,89.05000305175781,89.58000183105469,70.07144165039062,2253100
2019-08-26,AEP,AEP,89.69999694824219,90.8499984741211,89.51000213623047,90.83000183105469,71.04922485351562,1625500
2019-08-27,AEP,AEP,91.1500015258789,91.4000015258789,90.61000061035156,90.66999816894531,70.9240493774414,1339000
2019-08-28,AEP,AEP,90.94000244140625,90.94000244140625,89.51000213623047,89.62999725341797,70.11054229736328,4525300
2019-08-29,AEP,AEP,90.05999755859375,90.75,89.66000366210938,90.72000122070312,70.96315002441406,1856900
2019-08-30,AEP,AEP,91.0,91.5,90.30999755859375,91.1500015258789,71.29950714111328,2584700
2019-09-03,AEP,AEP,91.22000122070312,92.87000274658203,90.9800033569336,92.77999877929688,72.57453155517578,2043800
2019-09-04,AEP,AEP,93.0,93.2300033569336,92.30999755859375,93.05000305175781,72.78575134277344,1782700
2019-09-05,AEP,AEP,92.41000366210938,92.66999816894531,91.30000305175781,91.52999877929688,71.59676361083984,2318800
2019-09-06,AEP,AEP,91.55999755859375,91.97000122070312,90.73999786376953,91.08999633789062,71.2525863647461,1447900
2019-09-09,AEP,AEP,90.83000183105469,91.75,90.33999633789062,91.37999725341797,71.47944641113281,3278500
2019-09-10,AEP,AEP,91.05000305175781,91.30999755859375,90.08000183105469,91.08999633789062,71.2525863647461,3370100
2019-09-11,AEP,AEP,90.7300033569336,92.08000183105469,90.27999877929688,91.69000244140625,71.7219009399414,2003500
2019-09-12,AEP,AEP,92.41999816894531,92.70999908447266,91.68000030517578,92.0199966430664,71.98004150390625,1755700
2019-09-13,AEP,AEP,91.5999984741211,92.05000305175781,91.19000244140625,91.54000091552734,71.60458374023438,2014200
2019-09-16,AEP,AEP,91.86000061035156,92.16000366210938,90.94000244140625,91.70999908447266,71.73756408691406,2219300
2019-09-17,AEP,AEP,91.7699966430664,92.79000091552734,91.69999694824219,92.7300033569336,72.53541564941406,2788100
2019-09-18,AEP,AEP,93.1500015258789,93.16000366210938,92.23999786376953,93.0199966430664,72.76227569580078,2969500
2019-09-19,AEP,AEP,93.23999786376953,93.37999725341797,93.02999877929688,93.18000030517578,72.88743591308594,1200200
2019-09-20,AEP,AEP,93.33000183105469,93.55999755859375,92.83999633789062,93.18000030517578,72.88743591308594,3147400
2019-09-23,AEP,AEP,92.94999694824219,93.83999633789062,92.94999694824219,93.4000015258789,73.05951690673828,1610400
2019-09-24,AEP,AEP,93.75,94.88999938964844,93.5,94.58999633789062,73.9903564453125,2195900
2019-09-25,AEP,AEP,94.5999984741211,94.80000305175781,93.87999725341797,94.2300033569336,73.70875549316406,2354300
2019-09-26,AEP,AEP,93.9000015258789,94.52999877929688,93.73999786376953,94.29000091552734,73.75568389892578,3104900
2019-09-27,AEP,AEP,94.76000213623047,94.87999725341797,93.69000244140625,94.19999694824219,73.68531036376953,2178500
2019-09-30,AEP,AEP,93.8499984741211,94.66999816894531,93.54000091552734,93.69000244140625,73.28636932373047,2048200
2019-10-01,AEP,AEP,93.33999633789062,93.56999969482422,92.9000015258789,93.22000122070312,72.91873168945312,2926400
2019-10-02,AEP,AEP,93.2699966430664,93.30000305175781,91.68000030517578,92.12999725341797,72.06610107421875,2495300
2019-10-03,AEP,AEP,92.25,92.58000183105469,91.88999938964844,92.5,72.35552215576172,2473700
2019-10-04,AEP,AEP,92.75,93.83000183105469,92.3499984741211,93.61000061035156,73.22378540039062,2873000
2019-10-07,AEP,AEP,93.41999816894531,94.06999969482422,92.97000122070312,93.70999908447266,73.30199432373047,2234200
2019-10-08,AEP,AEP,93.86000061035156,93.94999694824219,92.55999755859375,92.55999755859375,72.40245056152344,2013400
2019-10-09,AEP,AEP,92.77999877929688,93.2300033569336,92.4800033569336,92.87999725341797,72.65276336669922,1752600
2019-10-10,AEP,AEP,92.4800033569336,93.08000183105469,92.11000061035156,92.61000061035156,72.44156646728516,1739900
2019-10-11,AEP,AEP,92.5199966430664,92.93000030517578,92.05000305175781,92.33999633789062,72.23036193847656,1818000
2019-10-14,AEP,AEP,92.70999908447266,92.8499984741211,91.81999969482422,92.02999877929688,71.98786163330078,1504300
2019-10-15,AEP,AEP,92.36000061035156,92.61000061035156,91.66999816894531,91.73999786376953,71.76102447509766,1546400
2019-10-16,AEP,AEP,91.73999786376953,92.66999816894531,91.3499984741211,92.5999984741211,72.4337387084961,2180100
2019-10-17,AEP,AEP,92.5,93.3499984741211,92.41000366210938,93.0,72.74662780761719,1904800
2019-10-18,AEP,AEP,92.80000305175781,94.27999877929688,92.66999816894531,94.13999938964844,73.63838195800781,2482100
2019-10-21,AEP,AEP,94.04000091552734,94.54000091552734,93.48999786376953,94.4800033569336,73.90432739257812,2123200
2019-10-22,AEP,AEP,94.69999694824219,94.69999694824219,93.88999938964844,94.1500015258789,73.64618682861328,2255400
2019-10-23,AEP,AEP,94.38999938964844,95.0999984741211,94.22000122070312,94.44000244140625,73.87303161621094,2369600
2019-10-24,AEP,AEP,94.7699966430664,96.22000122070312,94.7699966430664,95.72000122070312,74.87428283691406,2809200
2019-10-25,AEP,AEP,95.69000244140625,95.76000213623047,94.0199966430664,94.3499984741211,73.8026351928711,2454300
2019-10-28,AEP,AEP,93.69999694824219,94.08999633789062,92.87999725341797,93.37000274658203,73.03604888916016,2566400
2019-10-29,AEP,AEP,93.1500015258789,93.41999816894531,92.86000061035156,93.16999816894531,72.87959289550781,2068800
2019-10-30,AEP,AEP,93.37000274658203,94.55999755859375,93.37000274658203,94.0999984741211,73.6070785522461,1381300
2019-10-31,AEP,AEP,94.37999725341797,94.6500015258789,93.6500015258789,94.38999938964844,73.83391571044922,2309000
2019-11-01,AEP,AEP,94.72000122070312,94.9800033569336,93.47000122070312,93.55999755859375,73.18467712402344,1923900
2019-11-04,AEP,AEP,93.58000183105469,93.7300033569336,92.29000091552734,92.80000305175781,72.59019470214844,2983300
2019-11-05,AEP,AEP,92.30999755859375,92.55000305175781,91.0199966430664,91.4000015258789,71.49507904052734,2196600
2019-11-06,AEP,AEP,91.7300033569336,92.2300033569336,91.37000274658203,91.9800033569336,71.94876861572266,2394300
2019-11-07,AEP,AEP,90.6500015258789,90.83000183105469,88.66000366210938,89.33999633789062,70.41959381103516,4086700
2019-11-08,AEP,AEP,88.81999969482422,89.43000030517578,88.33000183105469,89.06999969482422,70.20681762695312,3016100
2019-11-11,AEP,AEP,89.25,89.43000030517578,88.66000366210938,88.7699966430664,69.97032165527344,2113400
2019-11-12,AEP,AEP,88.76000213623047,88.95999908447266,88.16999816894531,88.5,69.75751495361328,1966600
2019-11-13,AEP,AEP,88.87000274658203,90.12000274658203,88.62999725341797,89.86000061035156,70.8294677734375,4140200
2019-11-14,AEP,AEP,90.08000183105469,90.56999969482422,89.44999694824219,89.5999984741211,70.62454223632812,2668200
2019-11-15,AEP,AEP,89.52999877929688,89.79000091552734,88.7699966430664,89.55999755859375,70.5929946899414,3601300
2019-11-18,AEP,AEP,89.9800033569336,90.98999786376953,89.6500015258789,90.1500015258789,71.05805969238281,2789900
2019-11-19,AEP,AEP,89.86000061035156,91.27999877929688,89.58000183105469,90.66999816894531,71.46793365478516,3787700
2019-11-20,AEP,AEP,90.81999969482422,91.63999938964844,90.56999969482422,91.45999908447266,72.09065246582031,2136400
2019-11-21,AEP,AEP,91.4000015258789,91.55000305175781,90.48999786376953,91.06999969482422,71.78323364257812,1859500
2019-11-22,AEP,AEP,91.11000061035156,91.77999877929688,90.31999969482422,91.54000091552734,72.15369415283203,2596600
2019-11-25,AEP,AEP,91.58999633789062,91.69000244140625,90.63999938964844,90.88999938964844,71.64134979248047,2502800
2019-11-26,AEP,AEP,90.94000244140625,91.80999755859375,90.88999938964844,91.5,72.12217712402344,2943100
2019-11-27,AEP,AEP,91.55000305175781,91.66000366210938,90.94999694824219,91.58999633789062,72.19310760498047,1488900
2019-11-29,AEP,AEP,91.70999908447266,92.08999633789062,91.26000213623047,91.3499984741211,72.00393676757812,754500
2019-12-02,AEP,AEP,91.02999877929688,91.18000030517578,90.20999908447266,90.27999877929688,71.16053009033203,2341800
2019-12-03,AEP,AEP,90.54000091552734,91.26000213623047,90.33999633789062,90.87999725341797,71.63347625732422,2096800
2019-12-04,AEP,AEP,90.8499984741211,92.1500015258789,90.8499984741211,92.02999877929688,72.5399169921875,2792400
2019-12-05,AEP,AEP,91.8499984741211,92.55000305175781,91.66999816894531,92.45999908447266,72.87885284423828,1536500
2019-12-06,AEP,AEP,92.19999694824219,92.79000091552734,91.9800033569336,92.38999938964844,72.82368469238281,1379300
2019-12-09,AEP,AEP,92.27999877929688,92.33999633789062,91.77999877929688,91.86000061035156,72.40594482421875,1705700
2019-12-10,AEP,AEP,91.8499984741211,92.02999877929688,91.43000030517578,91.94000244140625,72.46897888183594,1903400
2019-12-11,AEP,AEP,92.19999694824219,92.45999908447266,91.76000213623047,92.1500015258789,72.6344985961914,2508700
2019-12-12,AEP,AEP,92.02999877929688,92.18000030517578,90.87999725341797,91.13999938964844,71.83839416503906,2052700
2019-12-13,AEP,AEP,91.13999938964844,92.20999908447266,90.30999755859375,92.05000305175781,72.5556869506836,2613700
2019-12-16,AEP,AEP,92.02999877929688,93.04000091552734,91.77999877929688,93.02999877929688,73.32814025878906,2066400
2019-12-17,AEP,AEP,93.22000122070312,93.81999969482422,93.01000213623047,93.22000122070312,73.47791290283203,3043400
2019-12-18,AEP,AEP,93.45999908447266,93.94999694824219,93.0199966430664,93.75,73.89566040039062,3237300
2019-12-19,AEP,AEP,93.55999755859375,94.0999984741211,93.36000061035156,93.97000122070312,74.06907653808594,2227500
2019-12-20,AEP,AEP,95.16999816894531,95.7699966430664,94.08999633789062,94.9000015258789,74.80211639404297,4417100
2019-12-23,AEP,AEP,95.05999755859375,95.23999786376953,93.52999877929688,93.75,73.89566040039062,1514800
2019-12-24,AEP,AEP,93.81999969482422,93.9800033569336,93.30000305175781,93.83999633789062,73.96659851074219,440100
2019-12-26,AEP,AEP,93.8499984741211,94.0999984741211,93.54000091552734,93.87999725341797,73.99813842773438,1154600
2019-12-27,AEP,AEP,93.94000244140625,94.30000305175781,93.69000244140625,94.19000244140625,74.24248504638672,1014400
2019-12-30,AEP,AEP,93.95999908447266,94.16999816894531,93.58000183105469,94.02999877929688,74.11636352539062,1544700
2019-12-31,AEP,AEP,94.16999816894531,94.54000091552734,93.88999938964844,94.51000213623047,74.49471282958984,1366900
2020-01-02,AEP,AEP,94.5,94.55999755859375,92.9800033569336,93.45999908447266,73.66707611083984,1779700
2020-01-03,AEP,AEP,93.27999877929688,94.04000091552734,93.0999984741211,93.36000061035156,73.58827209472656,1939400
2020-01-06,AEP,AEP,93.3499984741211,93.98999786376953,93.2699966430664,93.66999816894531,73.83261108398438,1253200
2020-01-07,AEP,AEP,93.27999877929688,93.83000183105469,92.94000244140625,93.69000244140625,73.8483657836914,2608100
2020-01-08,AEP,AEP,93.41000366210938,94.0199966430664,93.18000030517578,93.41000366210938,73.62767791748047,2245400
2020-01-09,AEP,AEP,93.2699966430664,94.13999938964844,93.26000213623047,93.87999725341797,73.99813842773438,2141900
2020-01-10,AEP,AEP,94.19999694824219,94.66000366210938,94.0199966430664,94.33999633789062,74.36070251464844,1452800
2020-01-13,AEP,AEP,94.38999938964844,95.0999984741211,94.38999938964844,94.62999725341797,74.58928680419922,2383800
2020-01-14,AEP,AEP,94.55000305175781,94.9800033569336,94.05000305175781,94.9800033569336,74.86518096923828,2717500
2020-01-15,AEP,AEP,95.69999694824219,96.66999816894531,95.5199966430664,96.5999984741211,76.14209747314453,4114400
2020-01-16,AEP,AEP,96.69000244140625,97.52999877929688,96.63999938964844,97.30999755859375,76.70174407958984,2175900
2020-01-17,AEP,AEP,97.41999816894531,98.66000366210938,97.05999755859375,98.55999755859375,77.68700408935547,4554800
2020-01-21,AEP,AEP,98.80999755859375,99.8499984741211,98.51000213623047,99.33999633789062,78.30181121826172,4731400
2020-01-22,AEP,AEP,100.0,100.4000015258789,99.80000305175781,100.0,78.82203674316406,2985100
2020-01-23,AEP,AEP,100.02999877929688,101.02999877929688,100.01000213623047,100.97000122070312,79.58661651611328,2402200
2020-01-24,AEP,AEP,100.97000122070312,102.36000061035156,100.79000091552734,102.16000366210938,80.52459716796875,3189000
2020-01-27,AEP,AEP,102.12999725341797,102.75,101.58999633789062,101.77999877929688,80.22508239746094,2294900
2020-01-28,AEP,AEP,101.83000183105469,102.55000305175781,101.70999908447266,102.19000244140625,80.54825592041016,1572400
2020-01-29,AEP,AEP,102.33999633789062,103.13999938964844,101.86000061035156,102.80999755859375,81.03692626953125,1643600
2020-01-30,AEP,AEP,102.7300033569336,104.12999725341797,102.41000366210938,104.0999984741211,82.05375671386719,1952900
2020-01-31,AEP,AEP,104.0,104.43000030517578,103.61000061035156,104.22000122070312,82.14832305908203,2457800
2020-02-03,AEP,AEP,104.47000122070312,104.69999694824219,103.86000061035156,104.22000122070312,82.14832305908203,3671500
2020-02-04,AEP,AEP,103.81999969482422,104.97000122070312,102.8499984741211,102.87000274658203,81.08422088623047,3203200
2020-02-05,AEP,AEP,102.7300033569336,103.0999984741211,101.97000122070312,102.12000274658203,80.49307250976562,4064600
2020-02-06,AEP,AEP,101.9800033569336,102.72000122070312,101.9800033569336,102.25,80.59552764892578,2752700
2020-02-07,AEP,AEP,102.04000091552734,102.19000244140625,101.23999786376953,101.33999633789062,80.42886352539062,2260700
2020-02-10,AEP,AEP,101.66999816894531,101.9800033569336,101.20999908447266,101.91999816894531,80.88919067382812,1541000
2020-02-11,AEP,AEP,102.0,102.41999816894531,101.76000213623047,102.22000122070312,81.12730407714844,1498000
2020-02-12,AEP,AEP,101.77999877929688,102.3499984741211,101.3499984741211,101.79000091552734,80.78602600097656,1503500
2020-02-13,AEP,AEP,102.19999694824219,103.18000030517578,101.66000366210938,102.8499984741211,81.6272964477539,2555100
2020-02-14,AEP,AEP,103.1500015258789,103.87999725341797,102.91999816894531,103.76000213623047,82.3495101928711,1377000
2020-02-18,AEP,AEP,104.08000183105469,104.62999725341797,103.83999633789062,104.33000183105469,82.8019027709961,2121900
2020-02-19,AEP,AEP,104.1500015258789,104.38999938964844,103.44000244140625,103.5,82.14317321777344,1910000
2020-02-20,AEP,AEP,102.94999694824219,103.98999786376953,102.04000091552734,102.37999725341797,81.25426483154297,3344500
2020-02-21,AEP,AEP,102.05000305175781,103.13999938964844,101.61000061035156,101.70999908447266,80.72251892089844,3361300
2020-02-24,AEP,AEP,101.62999725341797,102.30000305175781,100.02999877929688,100.04000091552734,79.39712524414062,3279600
2020-02-25,AEP,AEP,100.2300033569336,100.62000274658203,97.94000244140625,98.16999816894531,77.91299438476562,3356500
2020-02-26,AEP,AEP,98.4000015258789,99.0199966430664,97.38999938964844,97.43000030517578,77.32568359375,3258500
2020-02-27,AEP,AEP,97.30999755859375,97.51000213623047,91.79000091552734,91.86000061035156,72.905029296875,5865600
2020-02-28,AEP,AEP,90.02999877929688,90.02999877929688,86.41999816894531,89.26000213623047,70.84154510498047,6763800
2020-03-02,AEP,AEP,89.55000305175781,95.30999755859375,89.33999633789062,95.08999633789062,75.4685287475586,4936200
2020-03-03,AEP,AEP,95.0,97.80000305175781,94.05000305175781,95.44999694824219,75.7542495727539,6823000
2020-03-04,AEP,AEP,96.37000274658203,100.6500015258789,96.37000274658203,99.81999969482422,79.22252655029297,4027200
2020-03-05,AEP,AEP,98.37000274658203,100.18000030517578,97.72000122070312,98.79000091552734,78.40504455566406,5285700
2020-03-06,AEP,AEP,95.9000015258789,97.72000122070312,93.8499984741211,97.69999694824219,77.53996276855469,5815300
2020-03-09,AEP,AEP,92.80999755859375,99.38999938964844,92.5199966430664,94.95999908447266,75.36534881591797,6660600
2020-03-10,AEP,AEP,98.31999969482422,98.33000183105469,91.2300033569336,94.72000122070312,75.17488861083984,5729000
2020-03-11,AEP,AEP,92.91000366210938,92.95999908447266,88.04000091552734,89.72000122070312,71.20661926269531,4213600
2020-03-12,AEP,AEP,83.0,85.97000122070312,73.52999877929688,82.54000091552734,65.5081787109375,7534000
2020-03-13,AEP,AEP,86.43000030517578,87.1500015258789,81.70999908447266,86.47000122070312,68.62723541259766,5127500
2020-03-16,AEP,AEP,78.56999969482422,86.18000030517578,77.76000213623047,81.66000366210938,64.80976867675781,5564600
2020-03-17,AEP,AEP,83.63999938964844,95.7699966430664,83.48999786376953,91.19999694824219,72.38121795654297,6641800
2020-03-18,AEP,AEP,85.0199966430664,92.86000061035156,81.01000213623047,88.27999877929688,70.06376647949219,5517900
2020-03-19,AEP,AEP,88.0,88.05999755859375,79.56999969482422,80.80999755859375,64.1351547241211,4741700
2020-03-20,AEP,AEP,80.94999694824219,81.0999984741211,70.26000213623047,71.44999694824219,56.706565856933594,5611000
2020-03-23,AEP,AEP,71.0199966430664,71.83999633789062,65.13999938964844,70.0,55.55575942993164,5499800
2020-03-24,AEP,AEP,71.66000366210938,73.77999877929688,68.08999633789062,72.05000305175781,57.18275451660156,4937500
2020-03-25,AEP,AEP,71.37999725341797,76.30999755859375,69.3499984741211,73.29000091552734,58.1668815612793,5448600
2020-03-26,AEP,AEP,73.4800033569336,82.87999725341797,73.25,81.80000305175781,64.92086791992188,3903500
2020-03-27,AEP,AEP,79.79000091552734,86.58999633789062,79.12999725341797,83.4000015258789,66.19071197509766,3255200
2020-03-30,AEP,AEP,84.87000274658203,86.44999694824219,79.83000183105469,83.70999908447266,66.43675231933594,5390500
2020-03-31,AEP,AEP,82.68000030517578,83.48999786376953,79.23999786376953,79.9800033569336,63.47642135620117,6247300
2020-04-01,AEP,AEP,77.44999694824219,78.91000366210938,73.81999969482422,74.56999969482422,59.18276596069336,3570100
2020-04-02,AEP,AEP,73.62999725341797,77.58000183105469,72.38999938964844,76.79000091552734,60.94466781616211,4959900
2020-04-03,AEP,AEP,75.83000183105469,76.72000122070312,71.19999694824219,72.5,57.53988265991211,3963900
2020-04-06,AEP,AEP,74.87000274658203,79.77999877929688,74.58999633789062,78.58999633789062,62.37324142456055,3610300
2020-04-07,AEP,AEP,80.68000030517578,81.16000366210938,77.94000244140625,78.75,62.5002326965332,4037600
2020-04-08,AEP,AEP,79.26000213623047,83.87000274658203,79.0,83.30000305175781,66.1113510131836,2912800
2020-04-09,AEP,AEP,83.98999786376953,88.29000091552734,83.98999786376953,86.30999755859375,68.50027465820312,4003700
2020-04-13,AEP,AEP,85.63999938964844,86.5999984741211,82.55999755859375,83.5,66.27008819580078,2076600
2020-04-14,AEP,AEP,85.52999877929688,86.37999725341797,84.6500015258789,86.25,68.4526138305664,2187800
2020-04-15,AEP,AEP,85.08000183105469,85.5,83.29000091552734,83.61000061035156,66.35739135742188,2558800
2020-04-16,AEP,AEP,84.30000305175781,84.69999694824219,82.77999877929688,84.05000305175781,66.70658874511719,1802900
2020-04-17,AEP,AEP,85.44999694824219,86.97000122070312,84.58000183105469,86.37999725341797,68.5558090209961,2323500
2020-04-20,AEP,AEP,87.31999969482422,87.31999969482422,82.83000183105469,82.91000366210938,65.80184173583984,2331300
2020-04-21,AEP,AEP,81.7699966430664,82.83999633789062,80.91000366210938,82.47000122070312,65.45262145996094,3013900
2020-04-22,AEP,AEP,83.55000305175781,85.66999816894531,83.06999969482422,85.0,67.46056365966797,2512400
2020-04-23,AEP,AEP,84.81999969482422,85.19000244140625,82.86000061035156,83.0199966430664,65.88912963867188,2426400
2020-04-24,AEP,AEP,82.7699966430664,83.62000274658203,82.58999633789062,83.2300033569336,66.05579376220703,2828700
2020-04-27,AEP,AEP,83.77999877929688,84.38999938964844,83.47000122070312,83.62000274658203,66.36534881591797,1956200
2020-04-28,AEP,AEP,84.72000122070312,86.56999969482422,84.19999694824219,84.62999725341797,67.16691589355469,2129700
2020-04-29,AEP,AEP,85.75,85.80000305175781,82.87000274658203,83.12999725341797,65.97644805908203,3387600
2020-04-30,AEP,AEP,83.0999984741211,83.58000183105469,81.87000274658203,83.11000061035156,65.9605712890625,3253600
2020-05-01,AEP,AEP,82.38999938964844,82.66000366210938,81.05000305175781,81.38999938964844,64.59546661376953,2742100
2020-05-04,AEP,AEP,81.19000244140625,83.2699966430664,80.45999908447266,83.05000305175781,65.91295623779297,2419300
2020-05-05,AEP,AEP,82.63999938964844,84.63999938964844,82.01000213623047,83.30999755859375,66.11930084228516,2982800
2020-05-06,AEP,AEP,84.26000213623047,84.33000183105469,78.44999694824219,78.81999969482422,62.55577850341797,5099800
2020-05-07,AEP,AEP,78.81999969482422,80.66000366210938,78.2699966430664,78.5999984741211,62.94015121459961,3833200
2020-05-08,AEP,AEP,79.16000366210938,80.41999816894531,79.0,79.86000061035156,63.94910430908203,2409200
2020-05-11,AEP,AEP,79.3499984741211,79.94000244140625,78.01000213623047,79.16999816894531,63.3965950012207,2496900
2020-05-12,AEP,AEP,79.5,79.72000122070312,77.51000213623047,77.91000366210938,62.38762664794922,3699100
2020-05-13,AEP,AEP,77.48999786376953,77.8499984741211,76.70999908447266,77.7300033569336,62.243492126464844,3673700
2020-05-14,AEP,AEP,77.29000091552734,78.69999694824219,76.2300033569336,78.0999984741211,62.53976821899414,3766800
2020-05-15,AEP,AEP,77.5,78.45999908447266,76.66000366210938,78.43000030517578,62.80401611328125,8018100
2020-05-18,AEP,AEP,79.27999877929688,80.69999694824219,79.19000244140625,79.87999725341797,63.965118408203125,3470500
2020-05-19,AEP,AEP,79.29000091552734,79.37000274658203,77.12999725341797,77.13999938964844,61.77103805541992,2781100
2020-05-20,AEP,AEP,78.08000183105469,78.55999755859375,77.18000030517578,77.75,62.259498596191406,2160200
2020-05-21,AEP,AEP,77.58999633789062,77.81999969482422,76.88999938964844,77.37000274658203,61.9552116394043,2108400
2020-05-22,AEP,AEP,77.38999938964844,78.83999633789062,77.3499984741211,78.77999877929688,63.08428955078125,2186400
2020-05-26,AEP,AEP,79.5,80.77999877929688,79.30999755859375,79.91999816894531,63.997161865234375,2952100
2020-05-27,AEP,AEP,81.04000091552734,81.48999786376953,80.2699966430664,81.44000244140625,65.21431732177734,3547600
2020-05-28,AEP,AEP,82.62000274658203,85.62000274658203,82.62000274658203,85.0999984741211,68.14513397216797,3752100
2020-05-29,AEP,AEP,84.98999786376953,85.8499984741211,84.30999755859375,85.25,68.26524353027344,3445400
2020-06-01,AEP,AEP,85.08000183105469,86.45999908447266,84.86000061035156,86.13999938964844,68.9779052734375,1711500
2020-06-02,AEP,AEP,86.80999755859375,86.83999633789062,85.26000213623047,85.9800033569336,68.84979248046875,1672300
2020-06-03,AEP,AEP,86.30999755859375,87.95999908447266,86.12000274658203,86.98999786376953,69.65858459472656,1868100
2020-06-04,AEP,AEP,86.38999938964844,86.54000091552734,83.37999725341797,84.4000015258789,67.5845947265625,2252900
2020-06-05,AEP,AEP,84.98999786376953,87.0999984741211,84.72000122070312,85.51000213623047,68.47344207763672,2670600
2020-06-08,AEP,AEP,85.43000030517578,88.12000274658203,85.0199966430664,87.91000366210938,70.395263671875,2179500
2020-06-09,AEP,AEP,87.30999755859375,87.3499984741211,84.81999969482422,85.91000366210938,68.79374694824219,2041700
2020-06-10,AEP,AEP,85.83000183105469,86.9000015258789,85.30000305175781,85.37000274658203,68.361328125,2059700
2020-06-11,AEP,AEP,84.08000183105469,84.3499984741211,81.0,81.76000213623047,65.47058868408203,3910100
2020-06-12,AEP,AEP,83.0,83.02999877929688,80.62000274658203,81.80000305175781,65.5025863647461,2389400
2020-06-15,AEP,AEP,80.16000366210938,82.16999816894531,79.69999694824219,81.76000213623047,65.47058868408203,3115900
2020-06-16,AEP,AEP,83.5199966430664,84.0199966430664,81.19000244140625,81.5999984741211,65.34245300292969,3505700
2020-06-17,AEP,AEP,82.25,82.75,80.91000366210938,82.25,65.86293029785156,1888300
2020-06-18,AEP,AEP,81.86000061035156,82.38999938964844,80.9800033569336,81.7699966430664,65.47857666015625,1896600
2020-06-19,AEP,AEP,82.62000274658203,82.62000274658203,79.66000366210938,79.70999908447266,63.82899856567383,5708900
2020-06-22,AEP,AEP,79.5999984741211,81.16000366210938,79.31999969482422,80.62000274658203,64.5577163696289,2741500
2020-06-23,AEP,AEP,81.5,81.97000122070312,80.05999755859375,80.94999694824219,64.82192993164062,3444900
2020-06-24,AEP,AEP,80.2300033569336,80.95999908447266,79.7699966430664,80.70999908447266,64.6297607421875,3337500
2020-06-25,AEP,AEP,80.41000366210938,80.61000061035156,78.76000213623047,79.30000305175781,63.500694274902344,3559400
2020-06-26,AEP,AEP,79.30999755859375,80.2300033569336,77.1500015258789,78.0,62.45970153808594,4365200
2020-06-29,AEP,AEP,78.72000122070312,79.56999969482422,78.19000244140625,79.56999969482422,63.71687698364258,2377000
2020-06-30,AEP,AEP,79.69999694824219,80.77999877929688,79.05000305175781,79.63999938964844,63.77296447753906,2586900
2020-07-01,AEP,AEP,79.76000213623047,82.51000213623047,79.70999908447266,82.0,65.66276550292969,2378100
2020-07-02,AEP,AEP,82.66999816894531,83.29000091552734,82.30000305175781,82.5199966430664,66.07913970947266,1645300
2020-07-06,AEP,AEP,83.11000061035156,83.72000122070312,81.12000274658203,82.12000274658203,65.75885772705078,2250100
2020-07-07,AEP,AEP,81.30000305175781,82.56999969482422,80.63999938964844,82.38999938964844,65.97505950927734,2944900
2020-07-08,AEP,AEP,82.18000030517578,82.9000015258789,81.70999908447266,82.41999816894531,65.99907684326172,1809400
2020-07-09,AEP,AEP,81.91999816894531,82.43000030517578,80.4800033569336,82.0199966430664,65.67876434326172,2034400
2020-07-10,AEP,AEP,82.05000305175781,84.44000244140625,82.05000305175781,84.1500015258789,67.3843994140625,3023200
2020-07-13,AEP,AEP,83.9000015258789,85.08000183105469,83.52999877929688,84.76000213623047,67.87284851074219,3378200
2020-07-14,AEP,AEP,84.5999984741211,86.05999755859375,84.44000244140625,85.3499984741211,68.34532165527344,3150100
2020-07-15,AEP,AEP,86.02999877929688,87.04000091552734,84.41999816894531,84.68000030517578,67.80882263183594,2914200
2020-07-16,AEP,AEP,84.79000091552734,85.55000305175781,84.55000305175781,85.08999633789062,68.1371078491211,2510300
2020-07-17,AEP,AEP,85.79000091552734,87.75,85.19000244140625,87.51000213623047,70.07499694824219,2812100
2020-07-20,AEP,AEP,87.54000091552734,88.37999725341797,86.61000061035156,86.72000122070312,69.44236755371094,2159100
2020-07-21,AEP,AEP,87.27999877929688,88.5199966430664,86.72000122070312,87.55999755859375,70.11500549316406,1908700
2020-07-22,AEP,AEP,87.04000091552734,89.37999725341797,86.37999725341797,89.27999877929688,71.4923095703125,3059300
2020-07-23,AEP,AEP,89.13999938964844,89.44999694824219,88.05000305175781,88.70999908447266,71.03587341308594,2707400
2020-07-24,AEP,AEP,89.06999969482422,89.93000030517578,87.6500015258789,88.05000305175781,70.50738525390625,2085900
2020-07-27,AEP,AEP,87.2300033569336,87.41999816894531,79.2300033569336,83.26000213623047,66.6717300415039,22455700
2020-07-28,AEP,AEP,83.37999725341797,85.25,83.37999725341797,84.73999786376953,67.85684204101562,5519400
2020-07-29,AEP,AEP,85.0,85.26000213623047,83.83999633789062,84.80000305175781,67.90489959716797,2950500
2020-07-30,AEP,AEP,84.4800033569336,86.06999969482422,83.91999816894531,86.06999969482422,68.92184448242188,2684100
2020-07-31,AEP,AEP,85.73999786376953,86.97000122070312,85.16000366210938,86.87999725341797,69.57049560546875,2797300
2020-08-03,AEP,AEP,86.62000274658203,86.62000274658203,84.94999694824219,85.7699966430664,68.68163299560547,2088500
2020-08-04,AEP,AEP,85.52999877929688,86.79000091552734,85.18000030517578,85.54000091552734,68.49747467041016,2162700
2020-08-05,AEP,AEP,85.83999633789062,86.12000274658203,84.5,84.83000183105469,67.92892456054688,2233400
2020-08-06,AEP,AEP,84.01000213623047,85.5999984741211,82.7699966430664,85.37000274658203,68.361328125,2313300
2020-08-07,AEP,AEP,84.25,87.1500015258789,84.25,86.5999984741211,69.9195785522461,2230700
2020-08-10,AEP,AEP,86.94000244140625,86.94000244140625,85.5,85.94000244140625,69.38671112060547,2774100
2020-08-11,AEP,AEP,85.19999694824219,85.2699966430664,82.87000274658203,83.29000091552734,67.24713897705078,6387000
2020-08-12,AEP,AEP,83.75,85.11000061035156,83.7300033569336,84.1500015258789,67.94149017333984,5597400
2020-08-13,AEP,AEP,83.56999969482422,84.01000213623047,83.11000061035156,83.66000366210938,67.54589080810547,2059600
2020-08-14,AEP,AEP,83.44000244140625,83.7699966430664,82.79000091552734,82.94999694824219,66.97264099121094,2874900
2020-08-17,AEP,AEP,83.2699966430664,83.31999969482422,81.20999908447266,81.2300033569336,65.58393096923828,2988700
2020-08-18,AEP,AEP,81.36000061035156,81.66999816894531,80.05999755859375,81.55000305175781,65.84229278564453,3340900
2020-08-19,AEP,AEP,81.58999633789062,81.62999725341797,80.66999816894531,80.91999816894531,65.33363342285156,2021000
2020-08-20,AEP,AEP,80.69000244140625,81.04000091552734,79.16999816894531,79.41000366210938,64.11447143554688,2412200
2020-08-21,AEP,AEP,79.19999694824219,79.69000244140625,77.98999786376953,79.08000183105469,63.84806823730469,3090600
2020-08-24,AEP,AEP,79.25,80.97000122070312,78.7300033569336,80.77999877929688,65.22059631347656,2519800
2020-08-25,AEP,AEP,80.8499984741211,80.86000061035156,79.38999938964844,79.7699966430664,64.40514373779297,1685000
2020-08-26,AEP,AEP,79.05999755859375,79.44000244140625,78.16999816894531,78.61000061035156,63.46858215332031,2532000
2020-08-27,AEP,AEP,78.80000305175781,79.36000061035156,78.19999694824219,78.37000274658203,63.27479934692383,2159800
2020-08-28,AEP,AEP,78.37999725341797,78.44000244140625,77.31999969482422,78.3499984741211,63.2586555480957,2894300
2020-08-31,AEP,AEP,78.75,80.23999786376953,77.77999877929688,78.83000183105469,63.646209716796875,4966700
2020-09-01,AEP,AEP,78.58999633789062,78.63999938964844,77.30000305175781,77.81999969482422,62.830745697021484,3172100
2020-09-02,AEP,AEP,77.80999755859375,80.51000213623047,77.70999908447266,80.30999755859375,64.84114837646484,3201300
2020-09-03,AEP,AEP,80.66000366210938,81.27999877929688,78.7300033569336,79.55999755859375,64.23556518554688,2230000
2020-09-04,AEP,AEP,79.55000305175781,79.88999938964844,77.91000366210938,79.05000305175781,63.82381820678711,1710200
2020-09-08,AEP,AEP,79.08000183105469,79.37999725341797,77.66999816894531,78.9800033569336,63.76730728149414,1821800
2020-09-09,AEP,AEP,79.5,81.12999725341797,79.19000244140625,79.91000366210938,64.51818084716797,2124500
2020-09-10,AEP,AEP,79.4000015258789,79.58999633789062,78.13999938964844,78.5199966430664,63.395896911621094,2424100
2020-09-11,AEP,AEP,78.4800033569336,79.19000244140625,78.12000274658203,79.1500015258789,63.904579162597656,1824100
2020-09-14,AEP,AEP,79.31999969482422,81.01000213623047,79.20999908447266,80.33999633789062,64.8653335571289,1979500
2020-09-15,AEP,AEP,80.61000061035156,81.33999633789062,79.38999938964844,80.0,64.59083557128906,1667400
2020-09-16,AEP,AEP,79.83999633789062,80.9800033569336,79.61000061035156,80.45999908447266,64.96224212646484,2111300
2020-09-17,AEP,AEP,80.01000213623047,80.06999969482422,79.11000061035156,80.04000091552734,64.62313842773438,1562700
2020-09-18,AEP,AEP,79.88999938964844,79.94999694824219,78.51000213623047,78.77999877929688,63.605831146240234,3160200
2020-09-21,AEP,AEP,78.33999633789062,79.54000091552734,77.79000091552734,79.36000061035156,64.07410430908203,3135200
2020-09-22,AEP,AEP,78.97000122070312,80.6500015258789,78.83999633789062,79.8499984741211,64.46973419189453,1773700
2020-09-23,AEP,AEP,79.83999633789062,80.16999816894531,78.94000244140625,79.18000030517578,63.92879867553711,3406000
2020-09-24,AEP,AEP,79.12999725341797,80.56999969482422,78.58000183105469,80.48999786376953,64.98645782470703,3551500
2020-09-25,AEP,AEP,80.30999755859375,80.88999938964844,79.80999755859375,80.6500015258789,65.11563110351562,3252500
2020-09-28,AEP,AEP,81.05999755859375,81.52999877929688,80.45999908447266,80.6500015258789,65.11563110351562,1707900
2020-09-29,AEP,AEP,81.01000213623047,81.55999755859375,80.4800033569336,80.97000122070312,65.37401580810547,1688800
2020-09-30,AEP,AEP,81.54000091552734,82.0999984741211,81.23999786376953,81.7300033569336,65.98762512207031,2594900
2020-10-01,AEP,AEP,81.69000244140625,83.08999633789062,81.30000305175781,83.05999755859375,67.06147003173828,2365600
2020-10-02,AEP,AEP,82.7300033569336,85.61000061035156,82.22000122070312,85.30000305175781,68.87000274658203,3883000
2020-10-05,AEP,AEP,85.25,87.33000183105469,84.25,87.05000305175781,70.28292083740234,3397300
2020-10-06,AEP,AEP,86.62000274658203,89.68000030517578,86.36000061035156,88.43000030517578,71.39710235595703,4369600
2020-10-07,AEP,AEP,88.80000305175781,89.6500015258789,88.08999633789062,88.61000061035156,71.54244232177734,2257000
2020-10-08,AEP,AEP,88.93000030517578,89.81999969482422,88.37000274658203,89.37999725341797,72.16410827636719,1626200
2020-10-09,AEP,AEP,89.94999694824219,89.94999694824219,88.55999755859375,89.81999969482422,72.51936340332031,2734600
2020-10-12,AEP,AEP,89.69999694824219,91.26000213623047,88.91000366210938,90.4800033569336,73.0522689819336,2301800
2020-10-13,AEP,AEP,89.88999938964844,89.95999908447266,88.44000244140625,89.2300033569336,72.04299926757812,3103100
2020-10-14,AEP,AEP,89.52999877929688,90.05000305175781,88.58999633789062,89.33999633789062,72.13180541992188,2283300
2020-10-15,AEP,AEP,88.55999755859375,90.62000274658203,88.55999755859375,89.54000091552734,72.2933120727539,1674800
2020-10-16,AEP,AEP,89.76000213623047,91.69000244140625,89.36000061035156,91.5199966430664,73.89192199707031,1966600
2020-10-19,AEP,AEP,91.43000030517578,91.87000274658203,90.94000244140625,91.27999877929688,73.69815063476562,2229600
2020-10-20,AEP,AEP,91.9000015258789,91.9000015258789,90.0199966430664,90.68000030517578,73.21371459960938,3647000
2020-10-21,AEP,AEP,90.41000366210938,91.37000274658203,90.08000183105469,90.4000015258789,72.98764038085938,2604500
2020-10-22,AEP,AEP,90.16999816894531,92.69999694824219,89.79000091552734,92.19999694824219,74.4409408569336,3507900
2020-10-23,AEP,AEP,92.1500015258789,92.30999755859375,91.5199966430664,91.87999725341797,74.18257141113281,3525700
2020-10-26,AEP,AEP,91.45999908447266,94.20999908447266,91.45999908447266,93.58999633789062,75.56321716308594,3753500
2020-10-27,AEP,AEP,93.08000183105469,93.80000305175781,91.95999908447266,92.52999877929688,74.70738983154297,2485800
2020-10-28,AEP,AEP,92.06999969482422,93.44000244140625,90.18000030517578,90.31999969482422,72.9230728149414,2916300
2020-10-29,AEP,AEP,90.05999755859375,91.4800033569336,88.83999633789062,90.54000091552734,73.10069274902344,2215600
2020-10-30,AEP,AEP,90.5999984741211,91.13999938964844,88.75,89.93000030517578,72.60818481445312,2415000
2020-11-02,AEP,AEP,90.83000183105469,91.23999786376953,89.7699966430664,91.2300033569336,73.65777587890625,3171400
2020-11-03,AEP,AEP,92.08999633789062,92.08999633789062,90.44999694824219,90.88999938964844,73.3832778930664,2886700
2020-11-04,AEP,AEP,90.6500015258789,92.12999725341797,89.98999786376953,90.1500015258789,72.78579711914062,2401700
2020-11-05,AEP,AEP,91.08000183105469,92.83000183105469,90.58000183105469,90.70999908447266,73.23793029785156,3012400
2020-11-06,AEP,AEP,91.11000061035156,91.91000366210938,90.47000122070312,90.91999816894531,73.40750122070312,2145700
2020-11-09,AEP,AEP,92.0,94.20999908447266,90.02999877929688,90.26000213623047,73.47261810302734,3674500
2020-11-10,AEP,AEP,90.04000091552734,91.73999786376953,89.38999938964844,90.79000091552734,73.90404510498047,2587100
2020-11-11,AEP,AEP,91.27999877929688,92.79000091552734,90.7300033569336,91.1500015258789,74.19708251953125,2094200
2020-11-12,AEP,AEP,90.38999938964844,90.87999725341797,88.83999633789062,89.63999938964844,72.9679183959961,1687500
2020-11-13,AEP,AEP,90.0199966430664,90.47000122070312,89.19999694824219,89.87000274658203,73.15514373779297,1936200
2020-11-16,AEP,AEP,89.2699966430664,89.80999755859375,88.01000213623047,89.20999908447266,72.61790466308594,4201000
2020-11-17,AEP,AEP,88.9000015258789,89.18000030517578,86.48999786376953,86.7300033569336,70.59915924072266,3052600
2020-11-18,AEP,AEP,87.2699966430664,87.27999877929688,84.05000305175781,84.12999725341797,68.48272705078125,2861600
2020-11-19,AEP,AEP,83.33000183105469,83.69000244140625,81.9800033569336,82.44999694824219,67.11518096923828,4399200
2020-11-20,AEP,AEP,81.79000091552734,82.79000091552734,80.80999755859375,82.48999786376953,67.14776611328125,5841200
2020-11-23,AEP,AEP,83.22000122070312,83.83000183105469,82.4000015258789,83.41000366210938,67.89665985107422,4275400
2020-11-24,AEP,AEP,84.0999984741211,84.97000122070312,83.33000183105469,84.81999969482422,69.04441833496094,2864000
2020-11-25,AEP,AEP,85.11000061035156,85.54000091552734,84.27999877929688,85.37000274658203,69.4920883178711,2276400
2020-11-27,AEP,AEP,85.2699966430664,85.41000366210938,84.12999725341797,84.91999816894531,69.12580108642578,1154600
2020-11-30,AEP,AEP,84.81999969482422,85.25,84.01000213623047,84.88999938964844,69.10138702392578,3484500
2020-12-01,AEP,AEP,85.2300033569336,86.27999877929688,84.61000061035156,85.20999908447266,69.36185455322266,3362600
2020-12-02,AEP,AEP,84.86000061035156,85.94999694824219,84.08000183105469,85.87000274658203,69.89910125732422,1858700
2020-12-03,AEP,AEP,85.58999633789062,85.69000244140625,84.22000122070312,84.73999786376953,68.9792709350586,2590300
2020-12-04,AEP,AEP,84.58999633789062,85.02999877929688,82.63999938964844,83.38999938964844,67.88035583496094,3094200
2020-12-07,AEP,AEP,82.8499984741211,84.12999725341797,82.80000305175781,83.83999633789062,68.24665069580078,2545700
2020-12-08,AEP,AEP,83.66999816894531,84.08999633789062,82.69000244140625,83.48999786376953,67.96175384521484,2077200
2020-12-09,AEP,AEP,83.48999786376953,83.8499984741211,82.83000183105469,83.5999984741211,68.05130004882812,2491800
2020-12-10,AEP,AEP,84.0,84.02999877929688,82.20999908447266,82.4800033569336,67.13961791992188,2449500
2020-12-11,AEP,AEP,82.05000305175781,82.87999725341797,81.87999725341797,82.76000213623047,67.3675308227539,1884400
2020-12-14,AEP,AEP,83.80000305175781,84.47000122070312,82.13999938964844,82.20999908447266,66.91981506347656,2756400
2020-12-15,AEP,AEP,82.69999694824219,84.43000030517578,82.16000366210938,84.29000091552734,68.61295318603516,2334800
2020-12-16,AEP,AEP,84.22000122070312,84.83000183105469,82.5999984741211,82.83000183105469,67.42451477050781,2290300
2020-12-17,AEP,AEP,83.2699966430664,84.73999786376953,83.22000122070312,83.86000061035156,68.26294708251953,2585200
2020-12-18,AEP,AEP,83.6500015258789,84.5999984741211,82.62000274658203,83.29000091552734,67.79895782470703,14359200
2020-12-21,AEP,AEP,82.70999908447266,83.02999877929688,80.86000061035156,82.12000274658203,66.84657287597656,3056600
2020-12-22,AEP,AEP,81.94000244140625,82.05000305175781,80.9000015258789,81.4000015258789,66.26049041748047,2896200
2020-12-23,AEP,AEP,81.88999938964844,82.2699966430664,80.69999694824219,80.70999908447266,65.69880676269531,2435100
2020-12-24,AEP,AEP,80.83999633789062,81.58000183105469,80.41000366210938,81.41999816894531,66.27676391601562,758000
2020-12-28,AEP,AEP,81.73999786376953,81.9000015258789,80.66999816894531,81.27999877929688,66.16278839111328,1617200
2020-12-29,AEP,AEP,81.44999694824219,82.18000030517578,81.02999877929688,81.18000030517578,66.08140563964844,1720800
2020-12-30,AEP,AEP,81.05000305175781,81.69999694824219,81.02999877929688,81.51000213623047,66.35001373291016,1846300
2020-12-31,AEP,AEP,81.52999877929688,83.36000061035156,81.43000030517578,83.2699966430664,67.78267669677734,1778400
2021-01-04,AEP,AEP,83.33000183105469,83.44000244140625,81.20999908447266,81.54000091552734,66.37444305419922,3232900
2021-01-05,AEP,AEP,81.80000305175781,82.05000305175781,80.97000122070312,81.43000030517578,66.2848892211914,2212300
2021-01-06,AEP,AEP,81.12000274658203,82.73999786376953,80.62000274658203,82.08000183105469,66.81401062011719,2713900
2021-01-07,AEP,AEP,82.44999694824219,82.44999694824219,79.87000274658203,79.88999938964844,65.03134155273438,2764400
2021-01-08,AEP,AEP,79.66999816894531,80.0199966430664,78.61000061035156,79.18000030517578,64.45338439941406,3059800
2021-01-11,AEP,AEP,79.11000061035156,79.22000122070312,77.83000183105469,78.77999877929688,64.12775421142578,2359600
2021-01-12,AEP,AEP,77.8499984741211,78.36000061035156,76.81999969482422,77.83999633789062,63.36262130737305,3122500
2021-01-13,AEP,AEP,78.05999755859375,78.48999786376953,77.38999938964844,78.1500015258789,63.61495590209961,7424900
2021-01-14,AEP,AEP,78.05999755859375,79.04000091552734,77.13999938964844,78.83000183105469,64.16845703125,8042700
2021-01-15,AEP,AEP,76.95999908447266,80.69000244140625,76.95999908447266,80.47000122070312,65.50344848632812,4258200
2021-01-19,AEP,AEP,80.94999694824219,81.16999816894531,79.37999725341797,80.70999908447266,65.69880676269531,2816400
2021-01-20,AEP,AEP,80.37000274658203,81.05000305175781,79.56999969482422,80.75,65.73136901855469,2588700
2021-01-21,AEP,AEP,81.0,81.61000061035156,80.30000305175781,80.97000122070312,65.91046142578125,3227000
2021-01-22,AEP,AEP,80.80999755859375,82.45999908447266,80.7699966430664,82.08000183105469,66.81401062011719,3789500
2021-01-25,AEP,AEP,81.58000183105469,83.0999984741211,81.3499984741211,82.58999633789062,67.2291488647461,2481900
2021-01-26,AEP,AEP,82.19999694824219,82.55000305175781,80.7699966430664,81.81999969482422,66.60235595703125,3134700
2021-01-27,AEP,AEP,81.19999694824219,82.66999816894531,80.08999633789062,80.44000244140625,65.47903442382812,2528400
2021-01-28,AEP,AEP,80.94999694824219,82.2699966430664,80.51000213623047,80.55999755859375,65.57670593261719,2118400
2021-01-29,AEP,AEP,80.19000244140625,81.62000274658203,79.80999755859375,80.91000366210938,65.86161804199219,3261000
2021-02-01,AEP,AEP,81.0999984741211,81.75,80.01000213623047,81.18000030517578,66.08140563964844,1901700
2021-02-02,AEP,AEP,81.31999969482422,83.02999877929688,80.81999969482422,82.11000061035156,66.8384017944336,2584300
2021-02-03,AEP,AEP,82.0999984741211,82.5,81.19999694824219,81.27999877929688,66.16278839111328,2162700
2021-02-04,AEP,AEP,81.33999633789062,82.26000213623047,81.0999984741211,82.20999908447266,66.91981506347656,1783200
2021-02-05,AEP,AEP,82.48999786376953,82.81999969482422,82.01000213623047,82.19000244140625,66.90354919433594,1584900
2021-02-08,AEP,AEP,82.37000274658203,82.38999938964844,80.4000015258789,80.9800033569336,65.91858673095703,2047300
2021-02-09,AEP,AEP,80.23999786376953,80.47000122070312,79.0,79.83999633789062,65.5899887084961,2148200
2021-02-10,AEP,AEP,79.98999786376953,80.44999694824219,79.44000244140625,80.01000213623047,65.72965240478516,2767300
2021-02-11,AEP,AEP,80.13999938964844,80.23999786376953,78.7699966430664,78.94999694824219,64.85883331298828,2284100
2021-02-12,AEP,AEP,78.91000366210938,79.33000183105469,78.18000030517578,78.61000061035156,64.57952117919922,1917700
2021-02-16,AEP,AEP,78.56999969482422,78.79000091552734,77.91000366210938,78.19000244140625,64.2344741821289,2233100
2021-02-17,AEP,AEP,78.48999786376953,79.3499984741211,78.22000122070312,78.48999786376953,64.4809341430664,2152000
2021-02-18,AEP,AEP,78.51000213623047,80.69000244140625,78.51000213623047,80.4800033569336,66.11575317382812,3468100
2021-02-19,AEP,AEP,80.12999725341797,80.4800033569336,78.72000122070312,79.08000183105469,64.96565246582031,3658400
2021-02-22,AEP,AEP,78.87000274658203,79.05999755859375,75.41999816894531,76.7699966430664,63.06790542602539,3651600
2021-02-23,AEP,AEP,77.29000091552734,78.76000213623047,76.94000244140625,78.08999633789062,64.15232849121094,3660500
2021-02-24,AEP,AEP,78.16999816894531,78.25,76.8499984741211,77.0999984741211,63.339027404785156,3507500
2021-02-25,AEP,AEP,78.05999755859375,78.05999755859375,75.73999786376953,76.30000305175781,62.68180847167969,4283700
2021-02-26,AEP,AEP,76.5,77.33000183105469,74.80000305175781,74.8499984741211,61.4906120300293,4432500
2021-03-01,AEP,AEP,75.41999816894531,77.5999984741211,75.4000015258789,76.70999908447266,63.01862716674805,3091300
2021-03-02,AEP,AEP,76.86000061035156,77.1500015258789,75.88999938964844,76.44999694824219,62.8050422668457,3851900
2021-03-03,AEP,AEP,76.2300033569336,76.45999908447266,74.95999908447266,76.31999969482422,62.698246002197266,2936800
2021-03-04,AEP,AEP,76.33000183105469,78.12000274658203,76.19000244140625,77.25,63.46226501464844,4102500
2021-03-05,AEP,AEP,77.5,79.29000091552734,77.25,78.9000015258789,64.8177490234375,4182700
2021-03-08,AEP,AEP,78.83000183105469,80.95999908447266,78.69999694824219,80.48999786376953,66.12397003173828,3215800
2021-03-09,AEP,AEP,80.87000274658203,81.18000030517578,80.30999755859375,80.5999984741211,66.21435546875,2869000
2021-03-10,AEP,AEP,81.2300033569336,81.58000183105469,80.38999938964844,81.19999694824219,66.70724487304688,3518600
2021-03-11,AEP,AEP,80.83999633789062,81.80999755859375,79.9800033569336,80.0,65.72142791748047,3129900
2021-03-12,AEP,AEP,80.41999816894531,81.47000122070312,79.69000244140625,81.04000091552734,66.57581329345703,2637900
2021-03-15,AEP,AEP,81.05999755859375,82.33000183105469,81.05000305175781,82.27999877929688,67.59449005126953,3209500
2021-03-16,AEP,AEP,81.80000305175781,83.55000305175781,81.80000305175781,83.5,68.59672546386719,5104300
2021-03-17,AEP,AEP,83.37000274658203,83.70999908447266,81.97000122070312,82.12000274658203,67.46305847167969,3034900
2021-03-18,AEP,AEP,82.27999877929688,82.69000244140625,81.23999786376953,82.5999984741211,67.85739135742188,2349800
2021-03-19,AEP,AEP,82.87000274658203,84.13999938964844,81.97000122070312,83.66999816894531,68.73641967773438,9525500
2021-03-22,AEP,AEP,84.1500015258789,84.3499984741211,83.13999938964844,83.62999725341797,68.70353698730469,2854300
2021-03-23,AEP,AEP,84.0,85.16000366210938,83.5,84.63999938964844,69.53326416015625,2652000
2021-03-24,AEP,AEP,84.20999908447266,85.47000122070312,83.80000305175781,84.98999786376953,69.82080078125,2895100
2021-03-25,AEP,AEP,85.52999877929688,85.83999633789062,84.33999633789062,84.72000122070312,69.5989761352539,3383500
2021-03-26,AEP,AEP,84.44999694824219,85.04000091552734,83.68000030517578,84.98999786376953,69.82080078125,3074500
2021-03-29,AEP,AEP,84.58000183105469,86.12999725341797,84.26000213623047,85.83999633789062,70.51908111572266,2639800
2021-03-30,AEP,AEP,85.5199966430664,85.5199966430664,83.69999694824219,84.7300033569336,69.60720825195312,2428300
2021-03-31,AEP,AEP,84.5199966430664,85.08999633789062,84.12999725341797,84.69999694824219,69.58257293701172,3250700
2021-04-01,AEP,AEP,84.9000015258789,85.58000183105469,84.30000305175781,85.54000091552734,70.27265167236328,2180000
2021-04-05,AEP,AEP,85.22000122070312,86.72000122070312,85.1500015258789,86.29000091552734,70.8887710571289,1702300
2021-04-06,AEP,AEP,86.38999938964844,86.81999969482422,85.66000366210938,86.7699966430664,71.28307342529297,1733300
2021-04-07,AEP,AEP,86.91999816894531,87.16000366210938,86.29000091552734,86.69000244140625,71.2173843383789,1883100
2021-04-08,AEP,AEP,86.81999969482422,86.98999786376953,86.0,86.06999969482422,70.70803833007812,2814800
2021-04-09,AEP,AEP,86.06999969482422,86.69999694824219,85.81999969482422,85.88999938964844,70.56016540527344,2952800
2021-04-12,AEP,AEP,86.04000091552734,86.72000122070312,85.7300033569336,86.0,70.65052032470703,3324800
2021-04-13,AEP,AEP,85.70999908447266,86.93000030517578,85.0,86.72000122070312,71.24203491210938,2460600
2021-04-14,AEP,AEP,86.4000015258789,87.08999633789062,85.9800033569336,87.06999969482422,71.52954864501953,2563300
2021-04-15,AEP,AEP,87.19000244140625,87.91999816894531,86.83000183105469,87.80999755859375,72.13746643066406,3004300
2021-04-16,AEP,AEP,88.19000244140625,88.9000015258789,87.7699966430664,88.55000305175781,72.74540710449219,2378400
2021-04-19,AEP,AEP,88.55000305175781,89.0,88.06999969482422,88.6500015258789,72.82756805419922,2753000
2021-04-20,AEP,AEP,89.0,90.62000274658203,88.69999694824219,90.13999938964844,74.05162048339844,3333200
2021-04-21,AEP,AEP,89.81999969482422,90.44999694824219,89.04000091552734,89.3499984741211,73.40260314941406,2662700
2021-04-22,AEP,AEP,87.63999938964844,89.16000366210938,87.43000030517578,87.94999694824219,72.25250244140625,2755900
2021-04-23,AEP,AEP,88.4000015258789,88.4000015258789,87.36000061035156,87.69999694824219,72.04710388183594,3093200
2021-04-26,AEP,AEP,88.05000305175781,88.05000305175781,87.04000091552734,87.5999984741211,71.96495056152344,1743600
2021-04-27,AEP,AEP,87.33999633789062,87.91000366210938,87.08000183105469,87.19999694824219,71.63634490966797,2173400
2021-04-28,AEP,AEP,87.41999816894531,87.5999984741211,86.36000061035156,86.7300033569336,71.25025177001953,4908700
2021-04-29,AEP,AEP,86.5999984741211,88.12999725341797,86.55999755859375,88.08999633789062,72.36750030517578,2592900
2021-04-30,AEP,AEP,88.25,88.80000305175781,87.54000091552734,88.70999908447266,72.8768539428711,2817900
2021-05-03,AEP,AEP,89.06999969482422,89.5,88.45999908447266,88.68000030517578,72.85218811035156,2071000
2021-05-04,AEP,AEP,88.41999816894531,89.05999755859375,87.7300033569336,88.37999725341797,72.60575866699219,2747100
2021-05-05,AEP,AEP,88.29000091552734,88.30000305175781,86.69999694824219,87.47000122070312,71.85814666748047,1906200
2021-05-06,AEP,AEP,87.70999908447266,88.44000244140625,87.1500015258789,88.12000274658203,72.39215087890625,1644200
2021-05-07,AEP,AEP,87.06999969482422,88.05000305175781,86.88999938964844,87.19000244140625,72.2347412109375,2617000
2021-05-10,AEP,AEP,87.55000305175781,88.30999755859375,87.30999755859375,87.55999755859375,72.54129028320312,4291800
2021-05-11,AEP,AEP,87.58000183105469,88.0999984741211,85.83000183105469,86.41000366210938,71.5885238647461,6084100
2021-05-12,AEP,AEP,86.29000091552734,86.62999725341797,84.8499984741211,84.9800033569336,70.40381622314453,3702200
2021-05-13,AEP,AEP,85.0,87.11000061035156,84.69999694824219,86.5199966430664,71.67967987060547,3025800
2021-05-14,AEP,AEP,86.91999816894531,87.45999908447266,86.62000274658203,86.76000213623047,71.87849426269531,2193500
2021-05-17,AEP,AEP,86.47000122070312,86.9000015258789,85.1500015258789,85.44999694824219,70.7931900024414,4317800
2021-05-18,AEP,AEP,85.87999725341797,86.06999969482422,85.1500015258789,85.75,71.04173278808594,3130700
2021-05-19,AEP,AEP,85.58999633789062,86.08000183105469,84.77999877929688,85.91999816894531,71.18257904052734,2498900
2021-05-20,AEP,AEP,85.86000061035156,86.97000122070312,85.69999694824219,86.26000213623047,71.46427154541016,2196700
2021-05-21,AEP,AEP,86.61000061035156,86.87000274658203,86.19999694824219,86.6500015258789,71.78736877441406,2015900
2021-05-24,AEP,AEP,87.05999755859375,87.12000274658203,86.44000244140625,86.56999969482422,71.72107696533203,1551200
2021-05-25,AEP,AEP,86.6500015258789,86.7699966430664,85.5999984741211,85.93000030517578,71.19086456298828,1845700
2021-05-26,AEP,AEP,86.0999984741211,86.19999694824219,85.56999969482422,85.75,71.04173278808594,1985700
2021-05-27,AEP,AEP,85.91999816894531,85.95999908447266,85.4800033569336,85.55000305175781,70.87604522705078,2452700
2021-05-28,AEP,AEP,86.0,86.41999816894531,85.80999755859375,86.0,71.24885559082031,2297800
2021-06-01,AEP,AEP,86.16999816894531,86.26000213623047,84.9800033569336,85.0999984741211,70.50321960449219,2137200
2021-06-02,AEP,AEP,85.25,85.94999694824219,84.91999816894531,85.6500015258789,70.95890045166016,1817700
2021-06-03,AEP,AEP,85.12000274658203,86.41000366210938,84.97000122070312,85.95999908447266,71.21571350097656,5428000
2021-06-04,AEP,AEP,85.97000122070312,86.29000091552734,85.62000274658203,86.02999877929688,71.2737045288086,1984800
2021-06-07,AEP,AEP,86.30000305175781,86.30000305175781,85.5,85.66999816894531,70.97544860839844,2206300
2021-06-08,AEP,AEP,85.80999755859375,85.80999755859375,81.94000244140625,82.97000122070312,68.73857116699219,6890000
2021-06-09,AEP,AEP,83.4000015258789,84.73999786376953,83.08000183105469,84.44999694824219,69.96471405029297,3277100
2021-06-10,AEP,AEP,84.83999633789062,85.05000305175781,84.23999786376953,84.7300033569336,70.19668579101562,2386600
2021-06-11,AEP,AEP,84.63999938964844,85.12999725341797,84.4000015258789,84.76000213623047,70.22154235839844,3335100
2021-06-14,AEP,AEP,84.7300033569336,85.19000244140625,84.66000366210938,85.12999725341797,70.528076171875,1933700
2021-06-15,AEP,AEP,85.4000015258789,85.56999969482422,84.87999725341797,85.23999786376953,70.61921691894531,2239200
2021-06-16,AEP,AEP,85.66999816894531,85.97000122070312,84.25,84.4000015258789,69.92330169677734,2668100
2021-06-17,AEP,AEP,84.33000183105469,85.19000244140625,83.9800033569336,84.38999938964844,69.91500091552734,2559900
2021-06-18,AEP,AEP,84.18000030517578,84.27999877929688,82.18000030517578,82.3499984741211,68.22493743896484,4480800
2021-06-21,AEP,AEP,82.52999877929688,83.45999908447266,82.12000274658203,83.19000244140625,68.92085266113281,2431400
2021-06-22,AEP,AEP,83.51000213623047,83.91000366210938,83.18000030517578,83.26000213623047,68.97883605957031,2659400
2021-06-23,AEP,AEP,83.12999725341797,83.4800033569336,82.37000274658203,82.6500015258789,68.47347259521484,2674000
2021-06-24,AEP,AEP,82.5,83.19999694824219,82.13999938964844,82.8499984741211,68.63916015625,2694400
2021-06-25,AEP,AEP,82.8499984741211,84.95999908447266,82.5999984741211,84.7699966430664,70.22982788085938,3458600
2021-06-28,AEP,AEP,84.83999633789062,85.54000091552734,84.58999633789062,84.9000015258789,70.33753967285156,2674100
2021-06-29,AEP,AEP,84.79000091552734,85.45999908447266,83.6500015258789,83.93000030517578,69.53392028808594,2753700
2021-06-30,AEP,AEP,84.01000213623047,84.7300033569336,83.81999969482422,84.58999633789062,70.08069610595703,2687500
2021-07-01,AEP,AEP,84.7300033569336,85.62000274658203,84.45999908447266,85.26000213623047,70.63578033447266,2217300
2021-07-02,AEP,AEP,85.58000183105469,85.58000183105469,84.83999633789062,85.19999694824219,70.58607482910156,2487100
2021-07-06,AEP,AEP,85.16999816894531,85.37999725341797,84.0199966430664,85.23999786376953,70.61921691894531,1863400
2021-07-07,AEP,AEP,85.3499984741211,85.68000030517578,84.83999633789062,85.62000274658203,70.93402862548828,2147100
2021-07-08,AEP,AEP,85.70999908447266,86.11000061035156,85.0999984741211,85.30999755859375,70.67719268798828,2495300
2021-07-09,AEP,AEP,85.08999633789062,85.51000213623047,84.44999694824219,85.38999938964844,70.74349212646484,2122900
2021-07-12,AEP,AEP,85.33999633789062,85.47000122070312,84.77999877929688,85.41000366210938,70.76006317138672,1651700
2021-07-13,AEP,AEP,85.30999755859375,85.72000122070312,84.80999755859375,85.23999786376953,70.61921691894531,2067000
2021-07-14,AEP,AEP,85.5999984741211,86.55000305175781,84.81999969482422,86.18000030517578,71.39798736572266,2156800
2021-07-15,AEP,AEP,85.94000244140625,87.26000213623047,85.5199966430664,87.18000030517578,72.22644805908203,2662400
2021-07-16,AEP,AEP,87.01000213623047,88.12999725341797,86.8499984741211,87.48999786376953,72.48329162597656,2199200
2021-07-19,AEP,AEP,87.58999633789062,88.05999755859375,85.0,85.7699966430664,71.05830383300781,3906300
2021-07-20,AEP,AEP,86.27999877929688,86.81999969482422,85.66000366210938,85.73999786376953,71.03345489501953,3070100
2021-07-21,AEP,AEP,85.61000061035156,86.05000305175781,84.61000061035156,84.72000122070312,70.18839263916016,2973500
2021-07-22,AEP,AEP,84.61000061035156,87.16999816894531,84.61000061035156,84.87999725341797,70.32097625732422,2972400
2021-07-23,AEP,AEP,84.7699966430664,86.0999984741211,84.68000030517578,85.9800033569336,71.2322998046875,3368500
2021-07-26,AEP,AEP,85.70999908447266,87.81999969482422,85.4000015258789,87.68000030517578,72.64069366455078,4389600
2021-07-27,AEP,AEP,87.54000091552734,89.7699966430664,87.31999969482422,89.38999938964844,74.0573959350586,3547100
2021-07-28,AEP,AEP,89.55999755859375,89.80999755859375,88.26000213623047,88.98999786376953,73.72599792480469,2936800
2021-07-29,AEP,AEP,88.94000244140625,89.51000213623047,88.83000183105469,89.13999938964844,73.85025787353516,1950400
2021-07-30,AEP,AEP,89.16999816894531,89.93000030517578,87.88999938964844,88.12000274658203,73.0052261352539,3601700
2021-08-02,AEP,AEP,88.25,88.87999725341797,87.66000366210938,88.33999633789062,73.18749237060547,2309300
2021-08-03,AEP,AEP,88.72000122070312,89.62999725341797,88.2300033569336,89.08999633789062,73.80883026123047,2143500
2021-08-04,AEP,AEP,89.0,89.0199966430664,87.95999908447266,88.83000183105469,73.59344482421875,3502600
2021-08-05,AEP,AEP,89.0,89.77999877929688,88.38999938964844,89.66000366210938,74.28108215332031,2972700
2021-08-06,AEP,AEP,89.43000030517578,89.98999786376953,89.08999633789062,89.33999633789062,74.0159683227539,2106900
2021-08-09,AEP,AEP,88.77999877929688,88.9800033569336,88.13999938964844,88.76000213623047,74.14962768554688,1823400
2021-08-10,AEP,AEP,88.68000030517578,89.22000122070312,88.26000213623047,88.75,74.14127349853516,2468800
2021-08-11,AEP,AEP,89.19999694824219,89.66999816894531,88.75,89.16999816894531,74.49213409423828,3565800
2021-08-12,AEP,AEP,89.36000061035156,89.4800033569336,88.81999969482422,88.94999694824219,74.30836486816406,1789100
2021-08-13,AEP,AEP,89.6500015258789,89.9000015258789,89.0,89.69000244140625,74.92654418945312,4169800
2021-08-16,AEP,AEP,89.86000061035156,91.26000213623047,89.68000030517578,90.30000305175781,75.43612670898438,1930200
2021-08-17,AEP,AEP,90.02999877929688,90.5999984741211,89.9000015258789,90.54000091552734,75.63662719726562,2079600
2021-08-18,AEP,AEP,90.30999755859375,90.58999633789062,89.51000213623047,89.75,74.9766616821289,3398300
2021-08-19,AEP,AEP,90.43000030517578,91.16999816894531,90.0199966430664,90.4000015258789,75.51966857910156,2702800
2021-08-20,AEP,AEP,89.94999694824219,91.48999786376953,89.69999694824219,91.08000183105469,76.0877685546875,2681000
2021-08-23,AEP,AEP,91.33000183105469,91.36000061035156,89.80999755859375,90.12000274658203,75.2857666015625,3053700
2021-08-24,AEP,AEP,90.02999877929688,90.02999877929688,88.69999694824219,89.2300033569336,74.54226684570312,1690300
2021-08-25,AEP,AEP,89.2300033569336,89.5999984741211,88.52999877929688,89.33000183105469,74.62580871582031,2754900
2021-08-26,AEP,AEP,89.27999877929688,89.41000366210938,88.72000122070312,89.25,74.55897521972656,1626900
2021-08-27,AEP,AEP,89.31999969482422,89.80000305175781,89.0999984741211,89.29000091552734,74.5923843383789,1840100
2021-08-30,AEP,AEP,89.20999908447266,89.95999908447266,89.01000213623047,89.62000274658203,74.86804962158203,2222000
2021-08-31,AEP,AEP,89.54000091552734,90.0999984741211,89.2300033569336,89.56999969482422,74.82630157470703,1933400
2021-09-01,AEP,AEP,90.0,90.81999969482422,89.5199966430664,90.5,75.60321807861328,2532400
2021-09-02,AEP,AEP,90.45999908447266,91.0,90.30000305175781,90.93000030517578,75.96243286132812,1512000
2021-09-03,AEP,AEP,90.48999786376953,91.08999633789062,90.2699966430664,90.41000366210938,75.52803039550781,1407500
2021-09-07,AEP,AEP,90.2699966430664,90.2699966430664,88.66999816894531,88.91000366210938,74.27493286132812,1967800
2021-09-08,AEP,AEP,89.0,91.05999755859375,88.79000091552734,90.68000030517578,75.75359344482422,3047800
2021-09-09,AEP,AEP,90.48999786376953,90.83000183105469,90.27999877929688,90.4000015258789,75.51966857910156,1474000
2021-09-10,AEP,AEP,90.36000061035156,90.44000244140625,88.75,88.83000183105469,74.2081069946289,2067900
2021-09-13,AEP,AEP,89.56999969482422,89.7699966430664,87.7699966430664,88.31999969482422,73.78205871582031,2408200
2021-09-14,AEP,AEP,88.93000030517578,88.93000030517578,87.52999877929688,87.83000183105469,73.3727035522461,1884000
2021-09-15,AEP,AEP,87.5,88.11000061035156,87.23999786376953,87.33000183105469,72.95503234863281,2565800
2021-09-16,AEP,AEP,87.04000091552734,87.61000061035156,85.80000305175781,85.9800033569336,71.82723999023438,3650400
2021-09-17,AEP,AEP,85.9800033569336,86.12999725341797,83.55000305175781,84.0999984741211,70.25668334960938,6934700
2021-09-20,AEP,AEP,84.0999984741211,84.29000091552734,82.26000213623047,83.30000305175781,69.58838653564453,4842800
2021-09-21,AEP,AEP,83.44999694824219,84.0199966430664,82.97000122070312,82.98999786376953,69.32939910888672,3267900
2021-09-22,AEP,AEP,83.27999877929688,83.44999694824219,82.44999694824219,82.72000122070312,69.10384368896484,2326300
2021-09-23,AEP,AEP,82.5999984741211,83.31999969482422,82.13999938964844,82.30999755859375,68.76132202148438,2565300
2021-09-24,AEP,AEP,82.26000213623047,82.77999877929688,81.83000183105469,82.05000305175781,68.54412078857422,2527100
2021-09-27,AEP,AEP,81.9800033569336,82.83999633789062,81.2699966430664,81.36000061035156,67.96771240234375,2713700
2021-09-28,AEP,AEP,81.62999725341797,81.7699966430664,80.91000366210938,81.27999877929688,67.90086364746094,3483700
2021-09-29,AEP,AEP,81.33000183105469,82.72000122070312,81.06999969482422,82.16999816894531,68.64437866210938,2177100
2021-09-30,AEP,AEP,82.13999938964844,82.41000366210938,81.12000274658203,81.18000030517578,67.81735229492188,2935600
2021-10-01,AEP,AEP,81.79000091552734,82.06999969482422,80.87999725341797,81.37999725341797,67.98441314697266,3181500
2021-10-04,AEP,AEP,81.33999633789062,83.33999633789062,81.30000305175781,83.04000091552734,69.37117767333984,3370400
2021-10-05,AEP,AEP,82.97000122070312,83.36000061035156,82.66999816894531,83.0199966430664,69.3544692993164,2587000
2021-10-06,AEP,AEP,82.83000183105469,84.66999816894531,82.51000213623047,84.55999755859375,70.6409683227539,2697800
2021-10-07,AEP,AEP,84.81999969482422,85.25,83.95999908447266,84.13999938964844,70.29010009765625,2263700
2021-10-08,AEP,AEP,84.11000061035156,84.12000274658203,83.4800033569336,83.58000183105469,69.82228088378906,1879300
2021-10-11,AEP,AEP,83.5199966430664,83.58000183105469,82.22000122070312,82.51000213623047,68.92840576171875,2221100
2021-10-12,AEP,AEP,82.55999755859375,82.94000244140625,82.13999938964844,82.55000305175781,68.96180725097656,2898800
2021-10-13,AEP,AEP,82.73999786376953,83.5199966430664,81.8499984741211,83.45999908447266,69.72203826904297,2131300
2021-10-14,AEP,AEP,83.91000366210938,84.2699966430664,83.5199966430664,84.05000305175781,70.21492004394531,2252200
2021-10-15,AEP,AEP,84.0,84.4000015258789,83.20999908447266,83.48999786376953,69.74710083007812,1849000
2021-10-18,AEP,AEP,83.25,83.30999755859375,82.33999633789062,82.98999786376953,69.32939910888672,2002000
2021-10-19,AEP,AEP,83.41999816894531,83.98999786376953,83.19000244140625,83.80000305175781,70.00606536865234,2224000
2021-10-20,AEP,AEP,84.19999694824219,85.31999969482422,84.12000274658203,84.9000015258789,70.92498016357422,2330900
2021-10-21,AEP,AEP,84.79000091552734,85.30000305175781,84.58999633789062,85.19999694824219,71.17562103271484,1736700
2021-10-22,AEP,AEP,85.5199966430664,85.8499984741211,85.1500015258789,85.58000183105469,71.4930648803711,1770500
2021-10-25,AEP,AEP,85.56999969482422,85.66000366210938,84.58000183105469,84.66999816894531,70.73286437988281,1814100
2021-10-26,AEP,AEP,84.80999755859375,85.33999633789062,84.4000015258789,84.41999816894531,70.5240249633789,2829300
2021-10-27,AEP,AEP,85.73999786376953,85.73999786376953,84.08000183105469,84.30000305175781,70.42377471923828,3768600
2021-10-28,AEP,AEP,84.30000305175781,85.0,83.5199966430664,84.70999908447266,70.76628112792969,2523700
2021-10-29,AEP,AEP,84.70999908447266,85.25,84.12999725341797,84.70999908447266,70.76628112792969,2897600
2021-11-01,AEP,AEP,84.69999694824219,85.31999969482422,84.41000366210938,85.12999725341797,71.11714172363281,2079500
2021-11-02,AEP,AEP,85.20999908447266,85.54000091552734,84.30999755859375,85.30000305175781,71.2591781616211,2071400
2021-11-03,AEP,AEP,85.30000305175781,85.87000274658203,84.36000061035156,84.93000030517578,70.95008087158203,2067900
2021-11-04,AEP,AEP,84.93000030517578,85.19999694824219,82.80000305175781,83.88999938964844,70.08126831054688,2690200
2021-11-05,AEP,AEP,84.3499984741211,85.56999969482422,84.19999694824219,85.04000091552734,71.04197692871094,1940100
2021-11-08,AEP,AEP,85.16000366210938,85.19000244140625,83.55000305175781,83.9000015258789,70.08960723876953,4155000
2021-11-09,AEP,AEP,83.38999938964844,83.94000244140625,82.95999908447266,83.04000091552734,70.02214813232422,3267300
2021-11-10,AEP,AEP,83.55000305175781,84.31999969482422,83.4800033569336,84.18000030517578,70.98342895507812,4234900
2021-11-11,AEP,AEP,84.18000030517578,84.18000030517578,82.12000274658203,82.61000061035156,69.65956115722656,2882700
2021-11-12,AEP,AEP,82.44000244140625,82.58000183105469,81.9000015258789,82.0199966430664,69.16204833984375,2061000
2021-11-15,AEP,AEP,82.25,82.9000015258789,81.80999755859375,82.87999725341797,69.88721466064453,2099100
2021-11-16,AEP,AEP,82.9000015258789,83.18000030517578,82.4000015258789,82.55999755859375,69.61738586425781,1881200
2021-11-17,AEP,AEP,82.41000366210938,83.30999755859375,82.12000274658203,83.23999786376953,70.1907958984375,2146900
2021-11-18,AEP,AEP,83.2300033569336,83.36000061035156,82.48999786376953,82.81999969482422,69.83663940429688,2123000
2021-11-19,AEP,AEP,83.0199966430664,83.68000030517578,82.62999725341797,83.37999725341797,70.30884552001953,2477700
2021-11-22,AEP,AEP,83.30999755859375,85.05999755859375,82.95999908447266,84.30000305175781,71.08463287353516,3014900
2021-11-23,AEP,AEP,84.44999694824219,84.87000274658203,83.58999633789062,84.30999755859375,71.09304809570312,2166000
2021-11-24,AEP,AEP,84.76000213623047,84.76000213623047,83.69999694824219,83.81999969482422,70.67987060546875,2539200
2021-11-26,AEP,AEP,83.5199966430664,83.94999694824219,82.29000091552734,82.55000305175781,69.60896301269531,1636800
2021-11-29,AEP,AEP,82.70999908447266,83.76000213623047,82.19000244140625,83.30999755859375,70.24982452392578,2899200
2021-11-30,AEP,AEP,83.20999908447266,83.20999908447266,80.68000030517578,81.05000305175781,68.34410095214844,4122300
2021-12-01,AEP,AEP,81.56999969482422,82.52999877929688,80.22000122070312,80.27999877929688,67.69480895996094,3494100
2021-12-02,AEP,AEP,80.86000061035156,82.19999694824219,80.48999786376953,81.30999755859375,68.5633544921875,3442200
2021-12-03,AEP,AEP,81.98999786376953,82.56999969482422,81.02999877929688,82.33999633789062,69.431884765625,2809100
2021-12-06,AEP,AEP,82.97000122070312,84.66999816894531,82.83999633789062,83.48999786376953,70.40160369873047,3864700
2021-12-07,AEP,AEP,83.19000244140625,84.0199966430664,82.66999816894531,83.91000366210938,70.75576782226562,3601900
2021-12-08,AEP,AEP,83.79000091552734,84.58000183105469,83.45999908447266,84.0199966430664,70.84851837158203,2343100
2021-12-09,AEP,AEP,83.97000122070312,84.12000274658203,83.16000366210938,83.5199966430664,70.42691040039062,2441400
2021-12-10,AEP,AEP,84.11000061035156,84.25,83.58999633789062,83.98999786376953,70.82322692871094,1955900
2021-12-13,AEP,AEP,83.91999816894531,85.4800033569336,83.9000015258789,84.9800033569336,71.65802764892578,3664800
2021-12-14,AEP,AEP,85.23999786376953,85.55000305175781,84.58999633789062,85.12999725341797,71.78450012207031,2341100
2021-12-15,AEP,AEP,85.33000183105469,87.41999816894531,85.2300033569336,87.2300033569336,73.55530548095703,3894500
2021-12-16,AEP,AEP,87.13999938964844,88.38999938964844,87.0199966430664,88.0,74.20459747314453,3521600
2021-12-17,AEP,AEP,87.58999633789062,88.23999786376953,86.4000015258789,86.54000091552734,72.97346496582031,5325600
2021-12-20,AEP,AEP,85.86000061035156,87.33000183105469,85.54000091552734,87.2300033569336,73.55530548095703,3349500
2021-12-21,AEP,AEP,87.63999938964844,87.76000213623047,86.2699966430664,86.75,73.15054321289062,2813500
2021-12-22,AEP,AEP,86.30000305175781,87.05000305175781,86.22000122070312,86.62000274658203,73.04092407226562,1776400
2021-12-23,AEP,AEP,86.5199966430664,86.98999786376953,86.33000183105469,86.5199966430664,72.95661926269531,1553100
2021-12-27,AEP,AEP,86.5,87.19000244140625,86.2699966430664,87.08000183105469,73.42882537841797,1609800
2021-12-28,AEP,AEP,87.25,88.30000305175781,87.25,88.20999908447266,74.38166809082031,1507500
2021-12-29,AEP,AEP,88.37000274658203,88.68000030517578,88.0999984741211,88.58000183105469,74.69365692138672,1170700
2021-12-30,AEP,AEP,88.63999938964844,88.76000213623047,87.98999786376953,88.69000244140625,74.78641510009766,1288900
2021-12-31,AEP,AEP,88.63999938964844,89.22000122070312,88.30000305175781,88.97000122070312,75.02252197265625,1520800
2022-01-03,AEP,AEP,88.62999725341797,88.7699966430664,87.52999877929688,88.61000061035156,74.71897888183594,2661600
2022-01-04,AEP,AEP,88.5,89.94000244140625,88.5,88.6500015258789,74.75271606445312,2349200
2022-01-05,AEP,AEP,88.66000366210938,90.29000091552734,88.66000366210938,89.47000122070312,75.44412994384766,3343300
2022-01-06,AEP,AEP,89.5,90.30999755859375,88.91000366210938,89.18000030517578,75.19961547851562,3296300
2022-01-07,AEP,AEP,88.98999786376953,91.2699966430664,88.55999755859375,90.80000305175781,76.5656509399414,3109600
2022-01-10,AEP,AEP,90.91000366210938,91.43000030517578,90.33999633789062,90.5,76.31269073486328,3206500
2022-01-11,AEP,AEP,90.2699966430664,90.62999725341797,89.18000030517578,89.7699966430664,75.69711303710938,2231600
2022-01-12,AEP,AEP,89.69999694824219,90.41000366210938,88.95999908447266,90.29000091552734,76.1355972290039,2244200
2022-01-13,AEP,AEP,90.26000213623047,91.58000183105469,89.91000366210938,90.86000061035156,76.6162338256836,2937700
2022-01-14,AEP,AEP,91.12999725341797,91.30999755859375,90.27999877929688,90.9800033569336,76.71743774414062,4088400
2022-01-18,AEP,AEP,90.51000213623047,90.81999969482422,89.19999694824219,90.31999969482422,76.16088104248047,2558800
2022-01-19,AEP,AEP,90.44999694824219,91.06999969482422,89.63999938964844,90.30000305175781,76.14401245117188,2535000
2022-01-20,AEP,AEP,90.45999908447266,91.02999877929688,89.81999969482422,89.91999816894531,75.82360076904297,2361500
2022-01-21,AEP,AEP,90.66000366210938,91.66000366210938,89.7300033569336,89.97000122070312,75.86576843261719,3969900
2022-01-24,AEP,AEP,90.4000015258789,91.18000030517578,87.08000183105469,89.12000274658203,75.14901733398438,4777200
2022-01-25,AEP,AEP,88.2699966430664,89.66000366210938,88.05000305175781,88.95999908447266,75.01409912109375,2837900
2022-01-26,AEP,AEP,88.76000213623047,89.80000305175781,88.31999969482422,88.83000183105469,74.90447998046875,3561600
2022-01-27,AEP,AEP,89.08000183105469,90.5199966430664,89.0,89.4000015258789,75.38512420654297,3239000
2022-01-28,AEP,AEP,89.1500015258789,90.29000091552734,88.47000122070312,90.12999725341797,76.00068664550781,4460800
2022-01-31,AEP,AEP,89.33999633789062,90.48999786376953,89.11000061035156,90.4000015258789,76.22834014892578,5909000
2022-02-01,AEP,AEP,89.91000366210938,90.12999725341797,87.91000366210938,88.3499984741211,74.49974060058594,4817000
2022-02-02,AEP,AEP,88.44000244140625,89.98999786376953,87.80999755859375,89.87999725341797,75.78987121582031,3518800
2022-02-03,AEP,AEP,90.0,90.5999984741211,89.61000061035156,90.19000244140625,76.05126953125,2529800
2022-02-04,AEP,AEP,89.2699966430664,90.29000091552734,88.41999816894531,89.16999816894531,75.1911849975586,3439600
2022-02-07,AEP,AEP,88.77999877929688,90.37999725341797,88.77999877929688,89.80999755859375,75.73084259033203,3011400
2022-02-08,AEP,AEP,90.06999969482422,90.54000091552734,89.70999908447266,90.19999694824219,76.05970001220703,2415300
2022-02-09,AEP,AEP,90.0199966430664,90.12000274658203,89.05999755859375,89.37999725341797,76.02567291259766,2828700
2022-02-10,AEP,AEP,88.58999633789062,89.0,87.19000244140625,87.38999938964844,74.3330078125,3065100
2022-02-11,AEP,AEP,87.55999755859375,88.6500015258789,87.5199966430664,87.6500015258789,74.55414581298828,3340500
2022-02-14,AEP,AEP,87.93000030517578,88.05000305175781,85.43000030517578,86.18000030517578,73.30378723144531,2659100
2022-02-15,AEP,AEP,86.4000015258789,86.80999755859375,84.95999908447266,85.44000244140625,72.67437744140625,3790700
2022-02-16,AEP,AEP,85.62999725341797,85.93000030517578,84.37000274658203,85.41000366210938,72.64884185791016,2622900
2022-02-17,AEP,AEP,85.06999969482422,85.87999725341797,84.19999694824219,85.48999786376953,72.71688842773438,3155000
2022-02-18,AEP,AEP,85.30000305175781,86.37000274658203,85.01000213623047,85.70999908447266,72.90401458740234,3909500
2022-02-22,AEP,AEP,85.70999908447266,86.6500015258789,85.1500015258789,85.98999786376953,73.14216613769531,2481200
2022-02-23,AEP,AEP,85.98999786376953,86.18000030517578,84.43000030517578,84.63999938964844,71.99388885498047,3615400
2022-02-24,AEP,AEP,87.16999816894531,87.20999908447266,84.87000274658203,86.55999755859375,73.62701416015625,6582000
2022-02-25,AEP,AEP,87.19000244140625,89.56999969482422,86.9000015258789,89.45999908447266,76.0937271118164,4073700
2022-02-28,AEP,AEP,88.73999786376953,90.88999938964844,88.44000244140625,90.6500015258789,77.10592651367188,5547300
2022-03-01,AEP,AEP,90.3499984741211,91.68000030517578,89.66000366210938,90.20999908447266,76.73167419433594,4013000
2022-03-02,AEP,AEP,89.9000015258789,91.48999786376953,89.9000015258789,91.23999786376953,77.60778045654297,3146500
2022-03-03,AEP,AEP,91.41999816894531,94.69000244140625,91.41999816894531,93.9800033569336,79.93838500976562,4173700
2022-03-04,AEP,AEP,93.66999816894531,96.38999938964844,93.08999633789062,96.33000183105469,81.9372787475586,4675100
2022-03-07,AEP,AEP,96.01000213623047,98.1500015258789,95.1500015258789,97.26000213623047,82.72833251953125,4111300
2022-03-08,AEP,AEP,97.56999969482422,98.08000183105469,95.18000030517578,95.25,81.01864624023438,3689900
2022-03-09,AEP,AEP,95.9000015258789,95.9000015258789,94.19999694824219,95.01000213623047,80.81449127197266,3006200
2022-03-10,AEP,AEP,94.61000061035156,96.22000122070312,93.98999786376953,95.98999786376953,81.6480712890625,2897900
2022-03-11,AEP,AEP,96.3499984741211,96.83000183105469,95.20999908447266,95.54000091552734,81.26529693603516,2254900
2022-03-14,AEP,AEP,95.4000015258789,96.3499984741211,94.54000091552734,94.73999786376953,80.5848388671875,2948400
2022-03-15,AEP,AEP,95.54000091552734,96.16000366210938,94.86000061035156,96.11000061035156,81.7501449584961,3673700
2022-03-16,AEP,AEP,95.91999816894531,96.0,93.38999938964844,95.06999969482422,80.86554718017578,2880000
2022-03-17,AEP,AEP,95.22000122070312,95.97000122070312,94.76000213623047,94.94000244140625,80.75495910644531,2863600
2022-03-18,AEP,AEP,94.94000244140625,95.33999633789062,93.38999938964844,94.06999969482422,80.01493835449219,5719000
2022-03-21,AEP,AEP,94.0,95.4000015258789,93.95999908447266,94.69000244140625,80.54230499267578,2426000
2022-03-22,AEP,AEP,94.7300033569336,95.5999984741211,94.29000091552734,95.25,81.01864624023438,3653900
2022-03-23,AEP,AEP,95.19999694824219,96.4800033569336,95.04000091552734,96.01000213623047,81.66509246826172,2989400
2022-03-24,AEP,AEP,96.29000091552734,97.19000244140625,95.66000366210938,96.44000244140625,82.03083038330078,3036600
2022-03-25,AEP,AEP,96.3499984741211,97.38999938964844,96.3499984741211,96.83999633789062,82.37107849121094,2032200
2022-03-28,AEP,AEP,96.77999877929688,97.62000274658203,95.97000122070312,97.61000061035156,83.02603912353516,2465400
2022-03-29,AEP,AEP,97.45999908447266,98.80999755859375,97.3499984741211,98.69000244140625,83.94467163085938,2943100
2022-03-30,AEP,AEP,98.69000244140625,99.44000244140625,98.16999816894531,99.41999816894531,84.56560516357422,2164100
2022-03-31,AEP,AEP,99.80999755859375,100.66999816894531,99.5199966430664,99.7699966430664,84.86331176757812,3670600
2022-04-01,AEP,AEP,99.80999755859375,101.62000274658203,98.77999877929688,101.51000213623047,86.34333038330078,2569100
2022-04-04,AEP,AEP,100.8499984741211,101.08999633789062,99.16999816894531,100.6500015258789,85.61183166503906,2580800
2022-04-05,AEP,AEP,100.63999938964844,102.69999694824219,100.63999938964844,101.30999755859375,86.17321014404297,2235300
2022-04-06,AEP,AEP,101.48999786376953,104.80999755859375,101.2699966430664,104.48999786376953,88.87808990478516,3364500
2022-04-07,AEP,AEP,104.37000274658203,104.43000030517578,102.52999877929688,103.37000274658203,87.9254379272461,3226300
2022-04-08,AEP,AEP,103.58000183105469,104.13999938964844,102.69999694824219,102.98999786376953,87.60220336914062,2180400
2022-04-11,AEP,AEP,103.25,103.7300033569336,101.13999938964844,101.4000015258789,86.24977111816406,3621200
2022-04-12,AEP,AEP,101.47000122070312,103.02999877929688,101.0199966430664,102.30999755859375,87.02378845214844,2493900
2022-04-13,AEP,AEP,102.62999725341797,102.83999633789062,101.29000091552734,102.25,86.97276306152344,1737400
2022-04-14,AEP,AEP,102.7300033569336,102.76000213623047,101.87000274658203,102.04000091552734,86.79415130615234,2188300
2022-04-18,AEP,AEP,102.20999908447266,102.55999755859375,101.08999633789062,101.66000366210938,86.47091674804688,1818200
2022-04-19,AEP,AEP,101.81999969482422,102.63999938964844,101.52999877929688,102.43000030517578,87.1258773803711,1892100
2022-04-20,AEP,AEP,102.98999786376953,103.33999633789062,102.26000213623047,102.83000183105469,87.46611785888672,2335100
2022-04-21,AEP,AEP,102.54000091552734,103.51000213623047,101.94999694824219,102.12000274658203,86.86219787597656,3004600
2022-04-22,AEP,AEP,102.0,102.1500015258789,100.12000274658203,100.25,85.27159881591797,2426500
2022-04-25,AEP,AEP,100.48999786376953,101.04000091552734,98.52999877929688,100.5,85.4842300415039,3140100
2022-04-26,AEP,AEP,100.26000213623047,101.5199966430664,99.19999694824219,99.23999786376953,84.4124984741211,2050800
2022-04-27,AEP,AEP,99.44999694824219,100.9000015258789,98.19999694824219,99.52999877929688,84.6591567993164,3436000
2022-04-28,AEP,AEP,100.05999755859375,102.76000213623047,98.44999694824219,102.43000030517578,87.1258773803711,4355000
2022-04-29,AEP,AEP,101.93000030517578,102.23999786376953,98.81999969482422,99.11000061035156,84.30191802978516,3589200
2022-05-02,AEP,AEP,99.47000122070312,100.37999725341797,96.98999786376953,98.12999725341797,83.46834564208984,2652900
2022-05-03,AEP,AEP,98.75,100.13999938964844,98.06999969482422,98.58000183105469,83.85111999511719,2844800
2022-05-04,AEP,AEP,98.97000122070312,100.91000366210938,98.58999633789062,100.72000122070312,85.67137908935547,2987900
2022-05-05,AEP,AEP,100.1500015258789,101.05999755859375,98.72000122070312,99.66000366210938,84.7697525024414,2680400
2022-05-06,AEP,AEP,99.48999786376953,100.11000061035156,98.66000366210938,99.6500015258789,84.76123809814453,3291000
2022-05-09,AEP,AEP,98.9000015258789,100.73999786376953,97.80000305175781,99.69000244140625,85.46421813964844,3170300
2022-05-10,AEP,AEP,100.26000213623047,101.61000061035156,97.95999908447266,99.08000183105469,84.94126892089844,3174300
2022-05-11,AEP,AEP,98.93000030517578,101.30000305175781,98.77999877929688,99.77999877929688,85.54136657714844,3331400
2022-05-12,AEP,AEP,99.5,100.25,97.18000030517578,98.52999877929688,84.46975708007812,2905400
2022-05-13,AEP,AEP,98.75,99.81999969482422,97.88999938964844,99.69000244140625,85.46421813964844,2270400
2022-05-16,AEP,AEP,99.86000061035156,100.27999877929688,98.98999786376953,99.38999938964844,85.20703125,2142200
2022-05-17,AEP,AEP,99.66999816894531,100.44999694824219,98.05000305175781,100.4000015258789,86.07289123535156,2521200
2022-05-18,AEP,AEP,100.87000274658203,101.54000091552734,99.55999755859375,99.87999725341797,85.6270980834961,3580900
2022-05-19,AEP,AEP,99.47000122070312,99.58999633789062,97.56999969482422,99.04000091552734,84.906982421875,2749800
2022-05-20,AEP,AEP,99.05000305175781,99.94000244140625,98.19000244140625,99.69999694824219,85.47279357910156,2925600
2022-05-23,AEP,AEP,100.55999755859375,101.41000366210938,99.58999633789062,100.2699966430664,85.96145629882812,2485500
2022-05-24,AEP,AEP,100.70999908447266,102.56999969482422,99.91000366210938,102.22000122070312,87.63318634033203,2534300
2022-05-25,AEP,AEP,102.3499984741211,102.98999786376953,101.75,102.4800033569336,87.85608673095703,2393000
2022-05-26,AEP,AEP,103.0999984741211,103.48999786376953,102.4800033569336,102.58000183105469,87.94181060791016,2574800
2022-05-27,AEP,AEP,102.41999816894531,103.62999725341797,101.9000015258789,103.56999969482422,88.7905502319336,2713400
2022-05-31,AEP,AEP,102.77999877929688,103.1500015258789,101.19000244140625,102.02999877929688,87.47032165527344,3319500
2022-06-01,AEP,AEP,102.6500015258789,102.9000015258789,100.87999725341797,102.04000091552734,87.47886657714844,2234500
2022-06-02,AEP,AEP,102.5199966430664,102.72000122070312,100.01000213623047,102.25,87.65890502929688,2261200
2022-06-03,AEP,AEP,101.91000366210938,102.48999786376953,101.62999725341797,101.94999694824219,87.40171813964844,1682400
2022-06-06,AEP,AEP,102.3499984741211,102.79000091552734,101.52999877929688,102.05999755859375,87.49600982666016,1499000
2022-06-07,AEP,AEP,102.23999786376953,102.54000091552734,101.11000061035156,102.43000030517578,87.81322479248047,1461700
2022-06-08,AEP,AEP,102.19000244140625,102.19000244140625,100.25,100.52999877929688,86.18435668945312,1814500
2022-06-09,AEP,AEP,100.47000122070312,101.18000030517578,98.16999816894531,98.26000213623047,84.23829650878906,2279800
2022-06-10,AEP,AEP,97.44000244140625,99.16000366210938,97.01000213623047,98.26000213623047,84.23829650878906,3003000
2022-06-13,AEP,AEP,97.0999984741211,97.58000183105469,92.61000061035156,93.01000213623047,79.73747253417969,4241100
2022-06-14,AEP,AEP,93.12000274658203,93.80000305175781,89.36000061035156,90.44000244140625,77.53418731689453,3482800
2022-06-15,AEP,AEP,91.11000061035156,91.91000366210938,88.69000244140625,90.6500015258789,77.71422576904297,3954800
2022-06-16,AEP,AEP,89.11000061035156,89.9000015258789,88.26000213623047,89.19000244140625,76.46257781982422,3908000
2022-06-17,AEP,AEP,90.0999984741211,90.29000091552734,87.62999725341797,88.41000366210938,75.79388427734375,8000800
2022-06-21,AEP,AEP,88.55000305175781,90.5199966430664,88.44999694824219,89.94999694824219,77.11412811279297,3197400
2022-06-22,AEP,AEP,89.4800033569336,91.16000366210938,89.47000122070312,90.30999755859375,77.4227523803711,2632500
2022-06-23,AEP,AEP,91.12000274658203,92.62000274658203,90.83000183105469,92.41000366210938,79.22306060791016,2991900
2022-06-24,AEP,AEP,92.51000213623047,93.88999938964844,92.41999816894531,93.5999984741211,80.24325561523438,3647200
2022-06-27,AEP,AEP,93.43000030517578,95.0199966430664,93.20999908447266,94.9800033569336,81.42634582519531,2910900
2022-06-28,AEP,AEP,95.08999633789062,96.19000244140625,94.77999877929688,95.08000183105469,81.51206970214844,2318500
2022-06-29,AEP,AEP,95.23999786376953,95.72000122070312,94.80000305175781,95.37000274658203,81.76068115234375,1700100
2022-06-30,AEP,AEP,94.61000061035156,96.6500015258789,94.48999786376953,95.94000244140625,82.24935150146484,3046800
2022-07-01,AEP,AEP,96.0,98.0199966430664,95.38999938964844,97.94999694824219,83.9725112915039,2833600
2022-07-05,AEP,AEP,97.62000274658203,97.80000305175781,92.63999938964844,93.58000183105469,80.22612762451172,3654900
2022-07-06,AEP,AEP,93.76000213623047,95.77999877929688,93.2699966430664,94.80000305175781,81.27203369140625,2574100
2022-07-07,AEP,AEP,95.2699966430664,95.72000122070312,94.41000366210938,94.5199966430664,81.031982421875,2604500
2022-07-08,AEP,AEP,94.8499984741211,94.94000244140625,93.83000183105469,94.33999633789062,80.87765502929688,1979100
2022-07-11,AEP,AEP,94.26000213623047,95.44999694824219,93.80000305175781,95.01000213623047,81.45207214355469,1699200
2022-07-12,AEP,AEP,94.91000366210938,95.91999816894531,93.97000122070312,94.37000274658203,80.90338134765625,1945100
2022-07-13,AEP,AEP,93.44999694824219,94.7300033569336,93.22000122070312,93.9000015258789,80.50047302246094,2071100
2022-07-14,AEP,AEP,92.44999694824219,94.44999694824219,92.12999725341797,94.2699966430664,80.81763458251953,2043200
2022-07-15,AEP,AEP,94.47000122070312,95.2699966430664,93.37000274658203,95.22000122070312,81.63208770751953,2376900
2022-07-18,AEP,AEP,94.97000122070312,94.97000122070312,93.26000213623047,93.37000274658203,80.04608917236328,2354100
2022-07-19,AEP,AEP,94.29000091552734,94.29000091552734,93.38999938964844,93.58999633789062,80.23468780517578,2568900
2022-07-20,AEP,AEP,93.86000061035156,94.02999877929688,92.19000244140625,92.70999908447266,79.48027038574219,2293300
2022-07-21,AEP,AEP,92.45999908447266,92.8499984741211,92.05999755859375,92.79000091552734,79.54885864257812,2061600
2022-07-22,AEP,AEP,93.54000091552734,94.36000061035156,93.19000244140625,94.3499984741211,80.88623809814453,1870100
2022-07-25,AEP,AEP,94.5199966430664,95.91999816894531,94.05000305175781,95.80000305175781,82.12931823730469,2626800
2022-07-26,AEP,AEP,95.72000122070312,96.9000015258789,95.6500015258789,96.41999816894531,82.6608657836914,2492400
2022-07-27,AEP,AEP,94.83000183105469,96.54000091552734,94.33999633789062,96.29000091552734,82.5494155883789,2757600
2022-07-28,AEP,AEP,97.0999984741211,97.77999877929688,95.93000030517578,97.62000274658203,83.68962097167969,2805200
2022-07-29,AEP,AEP,97.37000274658203,99.16000366210938,97.13999938964844,98.55999755859375,84.49546813964844,5858500
2022-08-01,AEP,AEP,98.27999877929688,99.20999908447266,97.87999725341797,99.0999984741211,84.95841979980469,2643200
2022-08-02,AEP,AEP,99.0999984741211,99.75,98.36000061035156,98.45999908447266,84.40974426269531,2139300
2022-08-03,AEP,AEP,98.37000274658203,99.83000183105469,96.7300033569336,99.58999633789062,85.37849426269531,2099000
2022-08-04,AEP,AEP,99.47000122070312,100.3499984741211,99.05999755859375,99.94999694824219,85.6871337890625,2864500
2022-08-05,AEP,AEP,99.94000244140625,100.16999816894531,98.66999816894531,99.45999908447266,85.26704406738281,2699300
2022-08-08,AEP,AEP,100.44000244140625,101.18000030517578,99.5199966430664,100.08000183105469,85.7985610961914,2050400
2022-08-09,AEP,AEP,99.5,100.83999633789062,99.5,100.56999969482422,86.89590454101562,1867100
2022-08-10,AEP,AEP,101.11000061035156,101.41000366210938,100.29000091552734,101.33999633789062,87.56119537353516,2311400
2022-08-11,AEP,AEP,101.30000305175781,102.4800033569336,100.73999786376953,101.19999694824219,87.44024658203125,2214200
2022-08-12,AEP,AEP,102.12000274658203,103.8499984741211,101.70999908447266,103.77999877929688,89.66943359375,3186600
2022-08-15,AEP,AEP,103.77999877929688,104.62999725341797,103.58999633789062,104.55999755859375,90.3433837890625,2056700
2022-08-16,AEP,AEP,103.87999725341797,105.44999694824219,103.87999725341797,104.45999908447266,90.2569808959961,2063200
2022-08-17,AEP,AEP,103.81999969482422,105.1500015258789,103.81999969482422,104.33000183105469,90.14466094970703,1877000
2022-08-18,AEP,AEP,104.58999633789062,105.4800033569336,104.2300033569336,104.37000274658203,90.17923736572266,2151200
2022-08-19,AEP,AEP,104.27999877929688,105.3499984741211,103.9800033569336,104.94000244140625,90.6717300415039,2426200
2022-08-22,AEP,AEP,105.0,105.0,103.20999908447266,103.41000366210938,89.34974670410156,2612400
2022-08-23,AEP,AEP,103.48999786376953,103.48999786376953,102.2300033569336,102.69999694824219,88.73628997802734,1169500
2022-08-24,AEP,AEP,102.63999938964844,102.77999877929688,101.9000015258789,102.66000366210938,88.70172119140625,1382500
2022-08-25,AEP,AEP,103.11000061035156,103.47000122070312,102.0999984741211,103.37999725341797,89.3238296508789,1466200
2022-08-26,AEP,AEP,103.58999633789062,103.7300033569336,101.75,101.81999969482422,87.9759292602539,2004700
2022-08-29,AEP,AEP,101.44999694824219,103.55999755859375,100.7300033569336,102.93000030517578,88.93501281738281,1663500
2022-08-30,AEP,AEP,102.88999938964844,102.91999816894531,100.95999908447266,101.33999633789062,87.56119537353516,1826200
2022-08-31,AEP,AEP,101.44000244140625,101.88999938964844,100.0,100.19999694824219,86.57621002197266,3253700
2022-09-01,AEP,AEP,100.25,102.9800033569336,100.20999908447266,102.37999725341797,88.45980834960938,2828600
2022-09-02,AEP,AEP,102.73999786376953,103.75,100.68000030517578,101.08999633789062,87.34518432617188,2320800
2022-09-06,AEP,AEP,101.19999694824219,103.25,101.1500015258789,101.55999755859375,87.75128936767578,2740800
2022-09-07,AEP,AEP,102.18000030517578,104.94999694824219,102.18000030517578,104.73999786376953,90.49891662597656,2845600
2022-09-08,AEP,AEP,104.04000091552734,105.12000274658203,103.48999786376953,103.9800033569336,89.84225463867188,2929900
2022-09-09,AEP,AEP,104.6500015258789,105.48999786376953,103.62999725341797,104.70999908447266,90.4729995727539,2000000
2022-09-12,AEP,AEP,104.70999908447266,105.5999984741211,104.33999633789062,105.18000030517578,90.87909698486328,1772500
2022-09-13,AEP,AEP,104.33999633789062,104.88999938964844,101.83000183105469,102.19999694824219,88.30426788330078,3093400
2022-09-14,AEP,AEP,102.19999694824219,103.9000015258789,102.19999694824219,103.31999969482422,89.27197265625,1430600
2022-09-15,AEP,AEP,102.94999694824219,102.94999694824219,99.91999816894531,100.19000244140625,86.56754302978516,3097500
2022-09-16,AEP,AEP,100.37000274658203,101.04000091552734,99.97000122070312,100.36000061035156,86.7144546508789,5319700
2022-09-19,AEP,AEP,100.1500015258789,101.1500015258789,99.69999694824219,101.11000061035156,87.36247253417969,2873400
2022-09-20,AEP,AEP,100.77999877929688,100.80000305175781,98.6500015258789,99.76000213623047,86.19602966308594,2273600
2022-09-21,AEP,AEP,100.44000244140625,101.12000274658203,98.55000305175781,98.56999969482422,85.1678237915039,2853200
2022-09-22,AEP,AEP,98.30000305175781,99.51000213623047,98.04000091552734,98.87999725341797,85.4356689453125,1939500
2022-09-23,AEP,AEP,98.1500015258789,98.29000091552734,96.48999786376953,97.73999786376953,84.45067596435547,2096800
2022-09-26,AEP,AEP,97.3499984741211,97.81999969482422,94.26000213623047,95.62999725341797,82.62755584716797,3504700
2022-09-27,AEP,AEP,95.87999725341797,95.94999694824219,92.68000030517578,92.86000061035156,80.23419189453125,2924100
2022-09-28,AEP,AEP,93.88999938964844,94.16000366210938,92.6500015258789,93.55999755859375,80.83899688720703,3419200
2022-09-29,AEP,AEP,93.72000122070312,93.72000122070312,88.83000183105469,89.06999969482422,76.95950317382812,3429200
2022-09-30,AEP,AEP,89.6500015258789,90.0,86.08000183105469,86.44999694824219,74.69570922851562,5127200
2022-10-03,AEP,AEP,87.69999694824219,89.12999725341797,87.13999938964844,88.2300033569336,76.23371124267578,6209900
2022-10-04,AEP,AEP,88.56999969482422,91.18000030517578,88.37000274658203,90.66000366210938,78.33332061767578,5094100
2022-10-05,AEP,AEP,89.47000122070312,89.63999938964844,87.38999938964844,87.69999694824219,75.77577209472656,3296800
2022-10-06,AEP,AEP,87.4800033569336,87.66000366210938,84.19000244140625,84.51000213623047,73.0195083618164,4211100
2022-10-07,AEP,AEP,84.55000305175781,84.87999725341797,82.56999969482422,82.98999786376953,71.7061767578125,3717000
2022-10-10,AEP,AEP,83.25,84.98999786376953,83.22000122070312,84.44999694824219,72.96765899658203,4127900
2022-10-11,AEP,AEP,84.30999755859375,86.19000244140625,84.18000030517578,84.87000274658203,73.33055877685547,3921000
2022-10-12,AEP,AEP,84.87000274658203,84.87000274658203,81.66999816894531,81.73999786376953,70.62612915039062,2552800
2022-10-13,AEP,AEP,80.80000305175781,85.04000091552734,80.30000305175781,84.77999877929688,73.2528076171875,4047100
2022-10-14,AEP,AEP,85.33999633789062,86.16999816894531,83.13999938964844,83.5199966430664,72.16410827636719,4001200
2022-10-17,AEP,AEP,84.80000305175781,86.05999755859375,84.7300033569336,85.05000305175781,73.48609161376953,3606400
2022-10-18,AEP,AEP,85.95999908447266,86.86000061035156,85.33999633789062,86.58000183105469,74.80807495117188,2612300
2022-10-19,AEP,AEP,85.47000122070312,86.33999633789062,85.05000305175781,85.9000015258789,74.22050476074219,1806500
2022-10-20,AEP,AEP,86.29000091552734,86.29000091552734,83.54000091552734,83.93000030517578,72.51837158203125,3165500
2022-10-21,AEP,AEP,84.11000061035156,86.16000366210938,83.41000366210938,85.62999725341797,73.98722076416016,2278600
2022-10-24,AEP,AEP,86.4800033569336,86.98999786376953,85.25,86.0,74.30692291259766,2141900
2022-10-25,AEP,AEP,86.05000305175781,87.55999755859375,85.98999786376953,87.41999816894531,75.53385162353516,2580000
2022-10-26,AEP,AEP,88.0,88.61000061035156,87.23999786376953,87.44999694824219,75.55976104736328,2197600
2022-10-27,AEP,AEP,86.16999816894531,89.31999969482422,86.1500015258789,87.18000030517578,75.32646942138672,2740500
2022-10-28,AEP,AEP,87.55999755859375,89.55999755859375,87.55999755859375,89.4000015258789,77.24462890625,2633900
2022-10-31,AEP,AEP,89.3499984741211,89.38999938964844,87.36000061035156,87.91999816894531,75.96587371826172,4104000
2022-11-01,AEP,AEP,88.0999984741211,89.19999694824219,87.62000274658203,88.52999877929688,76.49291229248047,4169800
2022-11-02,AEP,AEP,88.51000213623047,90.63999938964844,88.16999816894531,88.20999908447266,76.2164306640625,3166600
2022-11-03,AEP,AEP,87.7699966430664,89.58000183105469,87.2300033569336,88.68000030517578,76.6225357055664,4020800
2022-11-04,AEP,AEP,88.81999969482422,89.68000030517578,87.72000122070312,89.56999969482422,77.39152526855469,3304300
2022-11-07,AEP,AEP,89.83999633789062,89.83999633789062,86.68000030517578,88.0,76.03498077392578,3038600
2022-11-08,AEP,AEP,88.05999755859375,89.62000274658203,88.0,89.25,77.1150131225586,2959600
2022-11-09,AEP,AEP,88.30999755859375,88.80000305175781,87.62999725341797,87.81999969482422,76.59173583984375,2932000
2022-11-10,AEP,AEP,90.33000183105469,91.9800033569336,88.94000244140625,91.80000305175781,80.06287384033203,4114900
2022-11-11,AEP,AEP,91.2699966430664,91.93000030517578,89.1500015258789,89.9800033569336,78.47557830810547,3966700
2022-11-14,AEP,AEP,90.33000183105469,90.58999633789062,88.45999908447266,88.66000366210938,77.32434844970703,3045700
2022-11-15,AEP,AEP,89.72000122070312,90.58000183105469,88.05000305175781,89.22000122070312,77.812744140625,4912300
2022-11-16,AEP,AEP,89.7300033569336,90.5999984741211,89.51000213623047,89.73999786376953,78.26625061035156,3294700
2022-11-17,AEP,AEP,89.05000305175781,89.52999877929688,88.51000213623047,89.06999969482422,77.68191528320312,2587800
2022-11-18,AEP,AEP,89.68000030517578,91.58999633789062,89.68000030517578,91.27999877929688,79.6093521118164,4318800
2022-11-21,AEP,AEP,91.41999816894531,93.33000183105469,91.33999633789062,93.1500015258789,81.24028015136719,3150700
2022-11-22,AEP,AEP,93.61000061035156,94.69999694824219,93.04000091552734,93.70999908447266,81.72866821289062,3286800
2022-11-23,AEP,AEP,93.70999908447266,95.20999908447266,93.43000030517578,95.12999725341797,82.96711730957031,3323000
2022-11-25,AEP,AEP,95.3499984741211,95.80999755859375,94.94999694824219,95.47000122070312,83.2636489868164,1252000
2022-11-28,AEP,AEP,97.16000366210938,97.27999877929688,93.98999786376953,95.22000122070312,83.04560852050781,4529100
2022-11-29,AEP,AEP,94.5999984741211,94.87999725341797,94.01000213623047,94.6500015258789,82.54847717285156,2044500
2022-11-30,AEP,AEP,94.56999969482422,96.87999725341797,93.97000122070312,96.80000305175781,84.4236068725586,4346800
2022-12-01,AEP,AEP,97.73999786376953,98.20999908447266,95.9800033569336,96.4800033569336,84.14451599121094,2846500
2022-12-02,AEP,AEP,95.2699966430664,95.4000015258789,94.5,95.12000274658203,82.9583969116211,3492000
2022-12-05,AEP,AEP,94.52999877929688,94.93000030517578,94.11000061035156,94.5199966430664,82.43511199951172,2496000
2022-12-06,AEP,AEP,94.33999633789062,96.63999938964844,94.20999908447266,96.37000274658203,84.04859161376953,4255100
2022-12-07,AEP,AEP,97.47000122070312,98.63999938964844,96.2699966430664,96.66999816894531,84.31021118164062,6140700
2022-12-08,AEP,AEP,96.52999877929688,98.29000091552734,96.3499984741211,97.72000122070312,85.22599029541016,3735000
2022-12-09,AEP,AEP,97.7699966430664,97.93000030517578,96.3499984741211,96.58000183105469,84.23174285888672,2552300
2022-12-12,AEP,AEP,97.31999969482422,98.58999633789062,96.36000061035156,98.55000305175781,85.94984436035156,2132700
2022-12-13,AEP,AEP,99.7699966430664,100.31999969482422,97.51000213623047,98.62000274658203,86.01090240478516,4842800
2022-12-14,AEP,AEP,98.98999786376953,100.27999877929688,97.9800033569336,98.48999786376953,85.89752960205078,3048300
2022-12-15,AEP,AEP,98.33999633789062,98.5199966430664,95.31999969482422,95.56999969482422,83.35086059570312,6069100
2022-12-16,AEP,AEP,94.91999816894531,94.91999816894531,92.80999755859375,94.56999969482422,82.47871398925781,6084100
2022-12-19,AEP,AEP,94.0999984741211,95.13999938964844,93.47000122070312,94.0,81.98159790039062,3337000
2022-12-20,AEP,AEP,94.02999877929688,94.36000061035156,93.29000091552734,93.66999816894531,81.69379425048828,1975400
2022-12-21,AEP,AEP,94.05999755859375,95.36000061035156,93.7699966430664,95.33999633789062,83.15027618408203,2399200
2022-12-22,AEP,AEP,94.94999694824219,95.01000213623047,92.97000122070312,94.47000122070312,82.39151000976562,3310100
2022-12-23,AEP,AEP,94.25,95.7300033569336,94.08000183105469,95.69000244140625,83.45552062988281,1406200
2022-12-27,AEP,AEP,95.97000122070312,96.45999908447266,95.23999786376953,96.29000091552734,83.97882080078125,1327300
2022-12-28,AEP,AEP,96.48999786376953,96.86000061035156,95.30000305175781,95.36000061035156,83.16770935058594,1391800
2022-12-29,AEP,AEP,95.93000030517578,96.66000366210938,95.66999816894531,96.01000213623047,83.73461151123047,1415900
2022-12-30,AEP,AEP,95.9000015258789,96.08000183105469,94.06999969482422,94.94999694824219,82.81011962890625,1405300
2023-01-03,AEP,AEP,94.9000015258789,95.29000091552734,93.38999938964844,94.87000274658203,82.7403564453125,1870500
2023-01-04,AEP,AEP,95.2699966430664,96.87000274658203,94.88999938964844,95.5199966430664,83.3072509765625,1963500
2023-01-05,AEP,AEP,94.83999633789062,95.44999694824219,93.4800033569336,93.77999877929688,81.78972625732422,2374200
2023-01-06,AEP,AEP,94.76000213623047,97.18000030517578,94.76000213623047,96.52999877929688,84.18811798095703,2287500
2023-01-09,AEP,AEP,96.41000366210938,98.31999969482422,96.2300033569336,97.94999694824219,85.42655944824219,2561400
2023-01-10,AEP,AEP,97.61000061035156,98.08000183105469,96.47000122070312,97.27999877929688,84.84223175048828,3975900
2023-01-11,AEP,AEP,97.25,97.79000091552734,97.02999877929688,97.62999725341797,85.1474838256836,5187300
2023-01-12,AEP,AEP,97.58000183105469,97.83999633789062,96.25,96.41000366210938,84.08348083496094,2505500
2023-01-13,AEP,AEP,95.6500015258789,95.8499984741211,94.66999816894531,94.83999633789062,82.71417999267578,3709700
2023-01-17,AEP,AEP,94.77999877929688,95.5,94.31999969482422,94.86000061035156,82.73163604736328,2575400
2023-01-18,AEP,AEP,95.12000274658203,95.20999908447266,92.36000061035156,92.44999694824219,80.62976837158203,3775900
2023-01-19,AEP,AEP,92.30000305175781,92.66000366210938,91.51000213623047,91.62999725341797,79.91461944580078,1778500
2023-01-20,AEP,AEP,91.23999786376953,92.83999633789062,90.08999633789062,92.16999816894531,80.38556671142578,3154200
2023-01-23,AEP,AEP,91.93000030517578,93.5,91.56999969482422,92.66000366210938,80.81292724609375,2157400
2023-01-24,AEP,AEP,92.3499984741211,92.93000030517578,91.29000091552734,92.69999694824219,80.84781646728516,2225300
2023-01-25,AEP,AEP,92.44000244140625,92.54000091552734,91.5999984741211,92.3499984741211,80.54254150390625,2302700
2023-01-26,AEP,AEP,92.11000061035156,93.37000274658203,91.95999908447266,92.98999786376953,81.10071563720703,2262900
2023-01-27,AEP,AEP,92.69000244140625,93.4800033569336,92.25,93.06999969482422,81.17050170898438,1647700
2023-01-30,AEP,AEP,92.93000030517578,93.97000122070312,92.68000030517578,92.87000274658203,80.99607849121094,2866700
2023-01-31,AEP,AEP,93.08999633789062,94.12999725341797,91.91999816894531,93.95999908447266,81.94670867919922,3339000
2023-02-01,AEP,AEP,93.22000122070312,95.19999694824219,92.95999908447266,94.6500015258789,82.54847717285156,3290400
2023-02-02,AEP,AEP,94.6500015258789,95.62999725341797,93.58000183105469,94.55000305175781,82.46127319335938,2533600
2023-02-03,AEP,AEP,93.95999908447266,94.08999633789062,90.9800033569336,92.11000061035156,80.3332290649414,2593300
2023-02-06,AEP,AEP,91.94000244140625,92.58000183105469,91.58000183105469,92.5,80.67337036132812,2657000
2023-02-07,AEP,AEP,92.08000183105469,92.52999877929688,90.68000030517578,92.27999877929688,80.48150634765625,3160800
2023-02-08,AEP,AEP,91.7699966430664,91.7699966430664,90.01000213623047,90.37999725341797,78.8244400024414,2901700
2023-02-09,AEP,AEP,89.73999786376953,90.23999786376953,88.12999725341797,88.4800033569336,77.882568359375,2779800
2023-02-10,AEP,AEP,88.94000244140625,90.62000274658203,88.63999938964844,90.55000305175781,79.70466613769531,2053100
2023-02-13,AEP,AEP,90.6500015258789,91.37000274658203,90.56999969482422,91.08999633789062,80.17997741699219,3107200
2023-02-14,AEP,AEP,90.87999725341797,91.58999633789062,89.94999694824219,90.4800033569336,79.64302825927734,1989700
2023-02-15,AEP,AEP,90.25,90.94999694824219,89.93000030517578,90.91999816894531,80.03034210205078,1687500
2023-02-16,AEP,AEP,89.98999786376953,91.19999694824219,89.23999786376953,90.69999694824219,79.8366928100586,2054600
2023-02-17,AEP,AEP,90.63999938964844,92.7300033569336,90.3499984741211,92.41000366210938,81.34188079833984,3127600
2023-02-21,AEP,AEP,91.4800033569336,91.94999694824219,90.44999694824219,90.8499984741211,79.96871185302734,2834600
2023-02-22,AEP,AEP,90.38999938964844,91.5,90.11000061035156,90.81999969482422,79.94230651855469,3583000
2023-02-23,AEP,AEP,90.20999908447266,90.97000122070312,88.9000015258789,90.70999908447266,79.84548950195312,3829200
2023-02-24,AEP,AEP,89.44000244140625,90.91999816894531,89.16999816894531,90.43000030517578,79.59905242919922,3248100
2023-02-27,AEP,AEP,90.98999786376953,91.54000091552734,89.87999725341797,90.06999969482422,79.28215026855469,2931400
2023-02-28,AEP,AEP,89.4800033569336,90.31999969482422,87.76000213623047,87.97000122070312,77.43366241455078,3593800
2023-03-01,AEP,AEP,87.62000274658203,87.66000366210938,85.7300033569336,86.36000061035156,76.0165023803711,2997900
2023-03-02,AEP,AEP,86.0999984741211,88.19000244140625,85.8499984741211,87.98999786376953,77.4512710571289,2549200
2023-03-03,AEP,AEP,88.08999633789062,89.11000061035156,87.22000122070312,89.08999633789062,78.4195327758789,2715600
2023-03-06,AEP,AEP,89.0,89.80999755859375,88.86000061035156,89.37000274658203,78.6659927368164,1735400
2023-03-07,AEP,AEP,89.56999969482422,90.18000030517578,88.19000244140625,88.62999725341797,78.01461791992188,3381000
2023-03-08,AEP,AEP,88.94000244140625,89.66999816894531,88.31999969482422,89.30000305175781,78.6043701171875,2108300
2023-03-09,AEP,AEP,89.77999877929688,90.76000213623047,88.45999908447266,88.76000213623047,78.1290512084961,2006500
2023-03-10,AEP,AEP,89.16000366210938,89.33000183105469,87.0,87.52999877929688,77.0463638305664,2660400
2023-03-13,AEP,AEP,87.80000305175781,90.9800033569336,87.72000122070312,89.37999725341797,78.67478942871094,4420600
2023-03-14,AEP,AEP,89.83999633789062,91.11000061035156,89.51000213623047,90.25,79.44058990478516,2926900
2023-03-15,AEP,AEP,90.16999816894531,93.12999725341797,89.7300033569336,92.58999633789062,81.50032806396484,4085000
2023-03-16,AEP,AEP,92.19999694824219,93.13999938964844,90.62000274658203,92.01000213623047,80.98980712890625,4169200
2023-03-17,AEP,AEP,91.62999725341797,91.86000061035156,90.0999984741211,90.69999694824219,79.8366928100586,8072300
2023-03-20,AEP,AEP,91.16000366210938,92.44999694824219,90.86000061035156,91.76000213623047,80.76973724365234,2718300
2023-03-21,AEP,AEP,91.69000244140625,91.79000091552734,87.7300033569336,88.9000015258789,78.25228118896484,4532000
2023-03-22,AEP,AEP,88.76000213623047,89.44999694824219,86.80999755859375,86.8499984741211,76.44781494140625,3156000
2023-03-23,AEP,AEP,86.80999755859375,87.52999877929688,85.20999908447266,85.41000366210938,75.1802978515625,3862100
2023-03-24,AEP,AEP,85.6500015258789,89.11000061035156,85.52999877929688,89.08999633789062,78.4195327758789,2527200
2023-03-27,AEP,AEP,89.44000244140625,89.87000274658203,88.41000366210938,88.55000305175781,77.94419860839844,1919000
2023-03-28,AEP,AEP,88.52999877929688,89.88999938964844,88.45999908447266,88.93000030517578,78.2786865234375,2158900
2023-03-29,AEP,AEP,89.29000091552734,90.12000274658203,89.20999908447266,90.0999984741211,79.30855560302734,3185900
2023-03-30,AEP,AEP,90.38999938964844,91.18000030517578,88.58000183105469,90.43000030517578,79.59905242919922,3617600
2023-03-31,AEP,AEP,90.8499984741211,91.13999938964844,90.30999755859375,90.98999786376953,80.09197235107422,2210600
2023-04-03,AEP,AEP,90.47000122070312,91.62000274658203,90.11000061035156,90.9000015258789,80.01274108886719,2926200
2023-04-04,AEP,AEP,90.68000030517578,91.33999633789062,90.4000015258789,91.16999816894531,80.2503890991211,3146900
2023-04-05,AEP,AEP,91.81999969482422,94.91000366210938,91.73999786376953,94.54000091552734,83.21676635742188,4232600
2023-04-06,AEP,AEP,95.33000183105469,96.05000305175781,93.91999816894531,94.88999938964844,83.52484893798828,2991500
2023-04-10,AEP,AEP,94.51000213623047,94.75,93.37999725341797,94.44000244140625,83.12875366210938,1977400
2023-04-11,AEP,AEP,94.54000091552734,94.69999694824219,93.69999694824219,94.33999633789062,83.04071044921875,2682600
2023-04-12,AEP,AEP,94.5999984741211,94.86000061035156,93.8499984741211,94.26000213623047,82.9703140258789,2434300
2023-04-13,AEP,AEP,93.9000015258789,94.19000244140625,92.08000183105469,93.97000122070312,82.71502685546875,2062200
2023-04-14,AEP,AEP,92.94999694824219,93.22000122070312,92.0999984741211,92.5,81.42108917236328,1994100
2023-04-17,AEP,AEP,93.05000305175781,93.5999984741211,92.37999725341797,93.29000091552734,82.11648559570312,1632000
2023-04-18,AEP,AEP,93.41000366210938,93.41000366210938,92.05999755859375,92.47000122070312,81.39468383789062,2070900
2023-04-19,AEP,AEP,92.94999694824219,93.55000305175781,92.68000030517578,93.54000091552734,82.33653259277344,1622000
2023-04-20,AEP,AEP,93.79000091552734,94.0199966430664,93.0999984741211,93.51000213623047,82.31014251708984,2099700
2023-04-21,AEP,AEP,94.08000183105469,94.4000015258789,93.31999969482422,93.91999816894531,82.67102813720703,2506900
2023-04-24,AEP,AEP,93.69000244140625,94.4800033569336,93.23999786376953,94.23999786376953,82.95270538330078,2197400
2023-04-25,AEP,AEP,94.22000122070312,94.7300033569336,94.05999755859375,94.37999725341797,83.07593536376953,1642500
2023-04-26,AEP,AEP,93.7300033569336,94.22000122070312,92.01000213623047,92.25,81.2010498046875,1998900
2023-04-27,AEP,AEP,92.36000061035156,93.22000122070312,92.2300033569336,92.80999755859375,81.69397735595703,2004700
2023-04-28,AEP,AEP,92.62000274658203,93.29000091552734,91.41999816894531,92.41999816894531,81.35069274902344,2621600
2023-05-01,AEP,AEP,92.30000305175781,93.55999755859375,92.0199966430664,92.6500015258789,81.55313873291016,3046300
2023-05-02,AEP,AEP,92.75,92.88999938964844,90.7300033569336,91.27999877929688,80.34721374511719,2134300
2023-05-03,AEP,AEP,91.73999786376953,92.13999938964844,90.66999816894531,90.87000274658203,79.98634338378906,1998400
2023-05-04,AEP,AEP,90.61000061035156,92.37999725341797,89.66000366210938,91.44000244140625,80.48808288574219,2365100
2023-05-05,AEP,AEP,90.91999816894531,92.26000213623047,90.75,92.11000061035156,81.07781219482422,3328700
2023-05-08,AEP,AEP,92.05999755859375,92.87999725341797,91.44000244140625,92.13999938964844,81.10423278808594,2476700
2023-05-09,AEP,AEP,91.0,91.31999969482422,90.26000213623047,91.0999984741211,80.91769409179688,2026700
2023-05-10,AEP,AEP,91.5199966430664,92.0199966430664,90.69999694824219,91.72000122070312,81.46839904785156,1657500
2023-05-11,AEP,AEP,91.41999816894531,91.79000091552734,90.19000244140625,90.68000030517578,80.54464721679688,1676800
2023-05-12,AEP,AEP,91.41999816894531,91.93000030517578,91.02999877929688,91.66000366210938,81.41510009765625,3314600
2023-05-15,AEP,AEP,91.98999786376953,92.0999984741211,89.61000061035156,90.08999633789062,80.02057647705078,2788600
2023-05-16,AEP,AEP,90.2300033569336,90.33000183105469,88.0199966430664,88.08999633789062,78.2441177368164,2482900
2023-05-17,AEP,AEP,88.16999816894531,88.22000122070312,86.33000183105469,87.06999969482422,77.33812713623047,2674900
2023-05-18,AEP,AEP,86.47000122070312,86.76000213623047,85.73999786376953,86.63999938964844,76.9561996459961,2595400
2023-05-19,AEP,AEP,86.73999786376953,87.45999908447266,86.44999694824219,86.55999755859375,76.88514709472656,2117100
2023-05-22,AEP,AEP,87.16000366210938,87.43000030517578,86.29000091552734,86.41000366210938,76.75189208984375,1458000
2023-05-23,AEP,AEP,86.12999725341797,86.83000183105469,85.87999725341797,86.0,76.3877182006836,1812100
2023-05-24,AEP,AEP,85.79000091552734,86.4000015258789,85.12000274658203,85.16999816894531,75.65050506591797,1767900
2023-05-25,AEP,AEP,84.37000274658203,84.44999694824219,81.5,82.5,73.27892303466797,4953100
2023-05-26,AEP,AEP,82.31999969482422,82.5199966430664,81.31999969482422,82.25,73.05686950683594,3387100
2023-05-30,AEP,AEP,82.23999786376953,82.51000213623047,81.31999969482422,81.79000091552734,72.64826965332031,3346100
2023-05-31,AEP,AEP,81.91000366210938,83.48999786376953,81.52999877929688,83.12000274658203,73.82962036132812,3091100
2023-06-01,AEP,AEP,83.33999633789062,83.4000015258789,81.45999908447266,82.0199966430664,72.85256958007812,2995700
2023-06-02,AEP,AEP,81.54000091552734,84.0199966430664,81.20999908447266,83.44999694824219,74.12273406982422,3066200
2023-06-05,AEP,AEP,83.7699966430664,84.76000213623047,83.52999877929688,84.0,74.61126708984375,2349400
2023-06-06,AEP,AEP,83.5,84.12999725341797,82.9000015258789,83.44000244140625,74.1138687133789,2953500
2023-06-07,AEP,AEP,83.62000274658203,84.80000305175781,82.91999816894531,84.58000183105469,75.1264419555664,2763900
2023-06-08,AEP,AEP,85.12000274658203,85.12000274658203,83.9000015258789,84.68000030517578,75.21526336669922,3349100
2023-06-09,AEP,AEP,84.68000030517578,84.95999908447266,83.55000305175781,83.68000030517578,74.3270263671875,3019600
2023-06-12,AEP,AEP,83.68000030517578,83.88999938964844,83.22000122070312,83.69000244140625,74.33592224121094,2981400
2023-06-13,AEP,AEP,83.19999694824219,83.66999816894531,82.8499984741211,83.12999725341797,73.8385238647461,2907600
2023-06-14,AEP,AEP,83.5,84.30999755859375,83.02999877929688,83.61000061035156,74.26485443115234,2287500
2023-06-15,AEP,AEP,84.31999969482422,85.08999633789062,83.80999755859375,84.87999725341797,75.39291381835938,3233300
2023-06-16,AEP,AEP,84.87999725341797,85.54000091552734,84.4800033569336,84.93000030517578,75.43733215332031,5317200
2023-06-20,AEP,AEP,84.91999816894531,85.51000213623047,83.94999694824219,84.54000091552734,75.09091186523438,2632900
2023-06-21,AEP,AEP,84.0,85.5,82.91999816894531,85.44999694824219,75.89920043945312,3541800
2023-06-22,AEP,AEP,85.80000305175781,86.05000305175781,84.68000030517578,85.0999984741211,75.58831787109375,4391300
2023-06-23,AEP,AEP,85.62999725341797,85.62999725341797,83.04000091552734,83.48999786376953,74.15826416015625,3785300
2023-06-26,AEP,AEP,83.66999816894531,84.33999633789062,82.91000366210938,83.77999877929688,74.41586303710938,3244300
2023-06-27,AEP,AEP,83.7699966430664,84.0,83.4000015258789,83.44000244140625,74.1138687133789,3679100
2023-06-28,AEP,AEP,83.36000061035156,83.45999908447266,81.33999633789062,81.62000274658203,72.49728393554688,4762100
2023-06-29,AEP,AEP,81.16999816894531,83.66999816894531,80.79000091552734,83.26000213623047,73.9539794921875,5088900
2023-06-30,AEP,AEP,83.55000305175781,84.36000061035156,83.36000061035156,84.19999694824219,74.78890991210938,3236400
2023-07-03,AEP,AEP,84.18000030517578,85.37999725341797,83.87000274658203,85.31999969482422,75.78373718261719,1533400
2023-07-05,AEP,AEP,85.0999984741211,86.4800033569336,84.7300033569336,85.80000305175781,76.2100830078125,2950900
2023-07-06,AEP,AEP,85.12999725341797,85.62999725341797,84.51000213623047,85.33000183105469,75.79261779785156,2539200
2023-07-07,AEP,AEP,84.88999938964844,85.02999877929688,84.25,84.29000091552734,74.86886596679688,1753600
2023-07-10,AEP,AEP,84.30000305175781,84.91999816894531,83.5999984741211,84.33999633789062,74.91326904296875,3489000
2023-07-11,AEP,AEP,84.5,86.12000274658203,84.29000091552734,86.0199966430664,76.40548706054688,3292100
2023-07-12,AEP,AEP,86.16999816894531,87.52999877929688,85.9000015258789,87.23999786376953,77.48912048339844,3590200
2023-07-13,AEP,AEP,87.16000366210938,87.5199966430664,86.80000305175781,87.27999877929688,77.52466583251953,3128200
2023-07-14,AEP,AEP,87.05000305175781,87.58000183105469,86.33999633789062,87.22000122070312,77.47135925292969,2641600
2023-07-17,AEP,AEP,86.9000015258789,87.0,85.43000030517578,85.4800033569336,75.92584991455078,3161600
2023-07-18,AEP,AEP,85.62000274658203,86.37000274658203,84.01000213623047,84.66999816894531,75.20637512207031,3040900
2023-07-19,AEP,AEP,84.76000213623047,86.11000061035156,84.75,85.37000274658203,75.82814025878906,2832100
2023-07-20,AEP,AEP,85.55000305175781,86.93000030517578,85.2300033569336,86.81999969482422,77.1160659790039,2850700
2023-07-21,AEP,AEP,87.12000274658203,88.30999755859375,86.95999908447266,87.93000030517578,78.10200500488281,8462300
2023-07-24,AEP,AEP,87.83999633789062,88.08999633789062,86.94999694824219,87.5999984741211,77.80889129638672,2382200
2023-07-25,AEP,AEP,87.37000274658203,88.25,87.11000061035156,87.54000091552734,77.75559997558594,2667600
2023-07-26,AEP,AEP,87.47000122070312,88.8499984741211,87.19000244140625,87.61000061035156,77.8177719116211,2755700
2023-07-27,AEP,AEP,87.29000091552734,87.6500015258789,84.2699966430664,85.26000213623047,75.73043823242188,4837900
2023-07-28,AEP,AEP,85.51000213623047,86.72000122070312,85.02999877929688,85.41999816894531,75.87254333496094,3504000
2023-07-31,AEP,AEP,85.4800033569336,85.73999786376953,84.06999969482422,84.73999786376953,75.2685546875,5903600
2023-08-01,AEP,AEP,84.83999633789062,85.01000213623047,83.81999969482422,84.02999877929688,74.63792419433594,3750000
2023-08-02,AEP,AEP,83.88999938964844,84.83999633789062,83.69999694824219,84.5,75.05537414550781,3160800
2023-08-03,AEP,AEP,84.30999755859375,84.43000030517578,81.9800033569336,81.98999786376953,72.825927734375,3287300
2023-08-04,AEP,AEP,82.26000213623047,82.86000061035156,80.93000030517578,81.23999786376953,72.15974426269531,2578500
2023-08-07,AEP,AEP,81.5,81.98999786376953,80.75,80.87999725341797,71.83999633789062,3267100
2023-08-08,AEP,AEP,80.62999725341797,81.06999969482422,79.69999694824219,80.81999969482422,71.78670501708984,3797400
2023-08-09,AEP,AEP,80.0,81.13999938964844,79.86000061035156,80.70999908447266,72.43285369873047,3878100
2023-08-10,AEP,AEP,81.44000244140625,81.98999786376953,80.68000030517578,81.08000183105469,72.76490020751953,4083600
2023-08-11,AEP,AEP,81.13999938964844,81.58000183105469,80.7699966430664,81.11000061035156,72.79183197021484,2067300
2023-08-14,AEP,AEP,81.16999816894531,81.16999816894531,79.77999877929688,80.0,71.7956771850586,2733100
2023-08-15,AEP,AEP,79.5,79.63999938964844,78.87000274658203,79.0999984741211,70.98796844482422,3405700
2023-08-16,AEP,AEP,79.30999755859375,79.9000015258789,78.93000030517578,79.19000244140625,71.0687484741211,3285900
2023-08-17,AEP,AEP,79.37000274658203,80.01000213623047,78.76000213623047,78.77999877929688,70.70079040527344,2790500
2023-08-18,AEP,AEP,78.69999694824219,79.26000213623047,78.44000244140625,79.0199966430664,70.91616821289062,3155200
2023-08-21,AEP,AEP,79.0,79.16999816894531,77.80000305175781,78.55999755859375,70.50334930419922,2571300
2023-08-22,AEP,AEP,78.43000030517578,78.91999816894531,78.19999694824219,78.62000274658203,70.55718994140625,2558200
2023-08-23,AEP,AEP,79.01000213623047,79.47000122070312,78.70999908447266,79.43000030517578,71.28413391113281,3045300
2023-08-24,AEP,AEP,79.36000061035156,80.47000122070312,78.79000091552734,78.83000183105469,70.74565887451172,2787100
2023-08-25,AEP,AEP,79.0,79.80999755859375,78.8499984741211,79.33000183105469,71.19438171386719,1875700
2023-08-28,AEP,AEP,79.69000244140625,79.95999908447266,78.94000244140625,79.19999694824219,71.07772064208984,1608300
2023-08-29,AEP,AEP,79.3499984741211,80.02999877929688,79.0999984741211,79.62999725341797,71.463623046875,1967700
2023-08-30,AEP,AEP,79.51000213623047,79.83999633789062,79.05000305175781,79.44000244140625,71.2931137084961,1854800
2023-08-31,AEP,AEP,79.68000030517578,79.83000183105469,78.30000305175781,78.4000015258789,70.3597640991211,3095900
2023-09-01,AEP,AEP,78.86000061035156,79.04000091552734,77.01000213623047,77.5199966430664,69.57000732421875,2548200
2023-09-05,AEP,AEP,77.3499984741211,77.41000366210938,75.47000122070312,76.0,68.20587921142578,2972500
2023-09-06,AEP,AEP,75.87000274658203,76.58000183105469,75.76000213623047,76.37999725341797,68.54691314697266,2752300
2023-09-07,AEP,AEP,77.02999877929688,77.93000030517578,76.79000091552734,77.33999633789062,69.40846252441406,2899600
2023-09-08,AEP,AEP,77.4000015258789,77.86000061035156,77.16999816894531,77.73999786376953,69.76744079589844,2164200
2023-09-11,AEP,AEP,77.79000091552734,78.54000091552734,77.72000122070312,77.80000305175781,69.8212890625,2540400
2023-09-12,AEP,AEP,77.7300033569336,78.0,77.23999786376953,77.81999969482422,69.83924102783203,2681800
2023-09-13,AEP,AEP,78.01000213623047,79.6500015258789,77.98999786376953,79.33000183105469,71.19438171386719,2936800
2023-09-14,AEP,AEP,79.77999877929688,80.69000244140625,79.7300033569336,80.5999984741211,72.3341293334961,2779600
2023-09-15,AEP,AEP,80.68000030517578,81.01000213623047,79.9800033569336,80.04000091552734,71.83157348632812,4598000
2023-09-18,AEP,AEP,80.27999877929688,80.55999755859375,79.4800033569336,80.2300033569336,72.00209045410156,1650900
2023-09-19,AEP,AEP,80.2699966430664,80.62999725341797,79.86000061035156,80.05999755859375,71.84952545166016,2238500
2023-09-20,AEP,AEP,80.54000091552734,81.37000274658203,79.91999816894531,80.44999694824219,72.19952392578125,2073800
2023-09-21,AEP,AEP,80.38999938964844,80.91999816894531,79.61000061035156,79.87999725341797,71.68797302246094,3163300
2023-09-22,AEP,AEP,79.45999908447266,79.80000305175781,79.04000091552734,79.16999816894531,71.05078887939453,2515600
2023-09-25,AEP,AEP,78.83999633789062,79.08000183105469,77.87999725341797,78.68000030517578,70.61104583740234,2229000
2023-09-26,AEP,AEP,78.54000091552734,78.54000091552734,76.20999908447266,76.33999633789062,68.51101684570312,2910000
2023-09-27,AEP,AEP,76.33999633789062,76.5199966430664,74.87999725341797,75.86000061035156,68.08024597167969,3455500
2023-09-28,AEP,AEP,76.19999694824219,76.37000274658203,74.2300033569336,74.66999816894531,67.01228332519531,3162400
2023-09-29,AEP,AEP,75.23999786376953,75.88999938964844,74.43000030517578,75.22000122070312,67.50588989257812,3419100
2023-10-02,AEP,AEP,74.63999938964844,74.95999908447266,71.04000091552734,71.83999633789062,64.4725112915039,6352000
2023-10-03,AEP,AEP,71.02999877929688,73.08999633789062,69.87999725341797,72.80999755859375,65.3430404663086,5808600
2023-10-04,AEP,AEP,72.87999725341797,73.54000091552734,71.94999694824219,73.29000091552734,65.77381896972656,4031700
2023-10-05,AEP,AEP,73.08000183105469,73.16000366210938,70.2300033569336,71.33000183105469,64.01481628417969,8103100
2023-10-06,AEP,AEP,70.51000213623047,72.29000091552734,69.37999725341797,72.19000244140625,64.78662872314453,4584500
2023-10-09,AEP,AEP,72.5,73.69000244140625,72.13999938964844,73.66000366210938,66.1058578491211,3391900
2023-10-10,AEP,AEP,73.66000366210938,74.30000305175781,73.44000244140625,74.2300033569336,66.61740112304688,5050400
2023-10-11,AEP,AEP,74.87000274658203,75.43000030517578,74.13999938964844,75.27999877929688,67.55972290039062,2388500
2023-10-12,AEP,AEP,74.7699966430664,74.8499984741211,72.69999694824219,73.4800033569336,65.9443359375,3803200
2023-10-13,AEP,AEP,73.94999694824219,74.79000091552734,73.56999969482422,74.47000122070312,66.83279418945312,2809400
2023-10-16,AEP,AEP,74.83000183105469,76.76000213623047,74.37000274658203,76.05999755859375,68.25972747802734,4907800
2023-10-17,AEP,AEP,75.5999984741211,76.41000366210938,75.16000366210938,75.66999816894531,67.90972900390625,2236700
2023-10-18,AEP,AEP,75.5999984741211,76.16999816894531,74.5999984741211,75.16999816894531,67.46100616455078,2850500
2023-10-19,AEP,AEP,74.98999786376953,75.58999633789062,74.29000091552734,74.41999816894531,66.78792572021484,2770600
2023-10-20,AEP,AEP,74.37000274658203,75.16000366210938,73.27999877929688,73.3499984741211,65.82764434814453,3270200
2023-10-23,AEP,AEP,72.63999938964844,74.30000305175781,72.01000213623047,73.3499984741211,65.82764434814453,3844700
2023-10-24,AEP,AEP,73.83999633789062,74.94999694824219,73.75,74.73999786376953,67.07511138916016,3068900
2023-10-25,AEP,AEP,74.62000274658203,75.62000274658203,74.37999725341797,75.36000061035156,67.63152313232422,4912700
2023-10-26,AEP,AEP,75.52999877929688,76.62000274658203,75.37999725341797,75.7699966430664,67.99946594238281,3264200
2023-10-27,AEP,AEP,75.5,76.0,74.66999816894531,74.93000030517578,67.24562072753906,2876300
2023-10-30,AEP,AEP,75.12999725341797,75.97000122070312,74.37000274658203,75.41000366210938,67.67640686035156,3668400
2023-10-31,AEP,AEP,75.70999908447266,75.8499984741211,74.93000030517578,75.54000091552734,67.79306030273438,4095900
2023-11-01,AEP,AEP,75.69000244140625,76.95999908447266,74.7300033569336,76.4800033569336,68.63665771484375,4065600
2023-11-02,AEP,AEP,76.19999694824219,80.19999694824219,76.19999694824219,79.23999786376953,71.11360931396484,5569300
2023-11-03,AEP,AEP,80.19000244140625,81.08000183105469,79.5999984741211,79.72000122070312,71.54438781738281,4149800
2023-11-06,AEP,AEP,79.7699966430664,80.12999725341797,78.83000183105469,79.25,71.12258911132812,3372400
2023-11-07,AEP,AEP,79.19000244140625,79.72000122070312,78.68000030517578,78.8499984741211,70.76361846923828,3786900
2023-11-08,AEP,AEP,78.45999908447266,78.62000274658203,77.22000122070312,78.1500015258789,70.1353988647461,3013600
2023-11-09,AEP,AEP,77.62999725341797,78.37000274658203,77.04000091552734,77.26000213623047,70.12631225585938,2985500
2023-11-10,AEP,AEP,77.77999877929688,78.12000274658203,77.12999725341797,77.69999694824219,70.52569580078125,3478900
2023-11-13,AEP,AEP,77.29000091552734,77.58999633789062,74.97000122070312,75.0199966430664,68.0931396484375,4549900
2023-11-14,AEP,AEP,76.75,77.98999786376953,76.62000274658203,77.41000366210938,70.26248168945312,3836900
2023-11-15,AEP,AEP,77.27999877929688,78.44000244140625,76.44000244140625,76.52999877929688,69.46371459960938,3404700
2023-11-16,AEP,AEP,77.4800033569336,78.08000183105469,76.9000015258789,77.37999725341797,70.23523712158203,4380100
2023-11-17,AEP,AEP,77.72000122070312,77.91000366210938,76.87000274658203,77.38999938964844,70.24432373046875,3507100
2023-11-20,AEP,AEP,77.0,77.45999908447266,75.93000030517578,77.19000244140625,70.06278991699219,3499800
2023-11-21,AEP,AEP,77.4800033569336,78.16999816894531,76.76000213623047,78.04000091552734,70.83429718017578,3613200
2023-11-22,AEP,AEP,78.0,78.27999877929688,77.47000122070312,78.25,71.02491760253906,2499700
2023-11-24,AEP,AEP,78.44999694824219,78.5,77.83000183105469,78.5,71.2518310546875,1140200
2023-11-27,AEP,AEP,78.61000061035156,78.83999633789062,77.73999786376953,78.54000091552734,71.28813171386719,2677800
2023-11-28,AEP,AEP,78.5,80.20999908447266,78.18000030517578,79.7300033569336,72.3682632446289,3412100
2023-11-29,AEP,AEP,80.05999755859375,80.27999877929688,79.0199966430664,79.22000122070312,71.90535736083984,2992600
2023-11-30,AEP,AEP,79.2699966430664,79.63999938964844,78.7699966430664,79.55000305175781,72.20487976074219,3756500
2023-12-01,AEP,AEP,79.83000183105469,80.7699966430664,79.33000183105469,80.51000213623047,73.07624816894531,2785100
2023-12-04,AEP,AEP,79.95999908447266,80.97000122070312,79.66999816894531,80.12999725341797,72.73131561279297,3448900
2023-12-05,AEP,AEP,80.20999908447266,80.3499984741211,79.01000213623047,79.30999755859375,71.98703002929688,2914600
2023-12-06,AEP,AEP,79.95999908447266,80.4800033569336,79.56999969482422,80.36000061035156,72.94009399414062,2927900
2023-12-07,AEP,AEP,80.5,81.0,79.83000183105469,80.19999694824219,72.79486083984375,2820000
2023-12-08,AEP,AEP,80.12000274658203,80.44000244140625,79.2300033569336,79.63999938964844,72.28656768798828,2708000
2023-12-11,AEP,AEP,79.81999969482422,80.76000213623047,79.51000213623047,80.48999786376953,73.0580825805664,3711600
2023-12-12,AEP,AEP,80.5999984741211,80.66000366210938,79.5999984741211,80.0,72.61333465576172,3096800
2023-12-13,AEP,AEP,80.19999694824219,83.69000244140625,79.8499984741211,83.56999969482422,75.85369873046875,4082200
2023-12-14,AEP,AEP,83.91999816894531,84.69000244140625,83.16999816894531,83.33000183105469,75.63585662841797,6941500
2023-12-15,AEP,AEP,82.51000213623047,83.58000183105469,81.91000366210938,82.2300033569336,74.63742065429688,10926100
2023-12-18,AEP,AEP,82.23999786376953,82.91999816894531,81.5,81.7300033569336,74.18359375,3329000
2023-12-19,AEP,AEP,82.06999969482422,82.30999755859375,81.58000183105469,82.12999725341797,74.54666137695312,2351100
2023-12-20,AEP,AEP,82.05000305175781,82.48999786376953,80.29000091552734,80.31999969482422,72.90377807617188,3402200
2023-12-21,AEP,AEP,80.62999725341797,80.81999969482422,79.44999694824219,80.04000091552734,72.64964294433594,4092600
2023-12-22,AEP,AEP,80.56999969482422,81.41999816894531,80.33999633789062,80.37999725341797,72.95824432373047,2775000
2023-12-26,AEP,AEP,80.5,81.06999969482422,80.36000061035156,80.7300033569336,73.27592468261719,1750600
2023-12-27,AEP,AEP,80.70999908447266,80.87000274658203,80.2300033569336,80.80999755859375,73.34852600097656,2608500
2023-12-28,AEP,AEP,80.45999908447266,81.41000366210938,80.3499984741211,81.33000183105469,73.82052612304688,2164900
2023-12-29,AEP,AEP,81.05000305175781,81.30999755859375,80.45999908447266,81.22000122070312,73.72067260742188,2476500
2024-01-02,AEP,AEP,81.0,83.33999633789062,80.80999755859375,83.18000030517578,75.49971008300781,3429100
2024-01-03,AEP,AEP,83.62999725341797,83.72000122070312,82.86000061035156,83.37999725341797,75.68124389648438,2915600
2024-01-04,AEP,AEP,83.33000183105469,83.9800033569336,83.05999755859375,83.38999938964844,75.69032287597656,3155500
2024-01-05,AEP,AEP,83.12999725341797,84.54000091552734,82.9800033569336,84.06999969482422,76.30753326416016,2463900
2024-01-08,AEP,AEP,83.7699966430664,84.55999755859375,83.62000274658203,84.51000213623047,76.7069091796875,2471800
2024-01-09,AEP,AEP,84.0199966430664,84.48999786376953,83.66999816894531,84.12999725341797,76.36199951171875,2922800
2024-01-10,AEP,AEP,83.87000274658203,83.95999908447266,82.48999786376953,82.54000091552734,74.9188003540039,3053400
2024-01-11,AEP,AEP,81.38999938964844,81.72000122070312,79.91999816894531,80.4000015258789,72.97639465332031,3574600
2024-01-12,AEP,AEP,80.86000061035156,81.75,80.58000183105469,81.48999786376953,73.96575927734375,4672800
2024-01-16,AEP,AEP,81.0,81.52999877929688,80.66999816894531,80.9800033569336,73.50285339355469,6900500
2024-01-17,AEP,AEP,80.63999938964844,81.08999633789062,79.08999633789062,79.7300033569336,72.3682632446289,4394900
2024-01-18,AEP,AEP,79.25,79.5,77.95999908447266,78.19999694824219,70.97952270507812,6144800
2024-01-19,AEP,AEP,78.23999786376953,78.48999786376953,77.04000091552734,77.69999694824219,70.52569580078125,4301600
2024-01-22,AEP,AEP,77.52999877929688,78.23999786376953,76.69999694824219,77.26000213623047,70.12631225585938,2971000
2024-01-23,AEP,AEP,77.37999725341797,78.25,77.01000213623047,78.11000061035156,70.89783477783203,3808500
2024-01-24,AEP,AEP,78.69999694824219,78.94000244140625,76.81999969482422,76.98999786376953,69.88124084472656,5085800
2024-01-25,AEP,AEP,78.04000091552734,78.27999877929688,77.04000091552734,78.08999633789062,70.87968444824219,3183600
2024-01-26,AEP,AEP,78.08999633789062,78.69999694824219,77.61000061035156,77.83999633789062,70.65276336669922,2446800
2024-01-29,AEP,AEP,77.8499984741211,78.5999984741211,77.16000366210938,78.37999725341797,71.14289855957031,2307200
2024-01-30,AEP,AEP,78.01000213623047,78.93000030517578,77.5199966430664,78.44000244140625,71.19738006591797,2514100
2024-01-31,AEP,AEP,79.08999633789062,79.91999816894531,77.55000305175781,78.13999938964844,70.92506408691406,3642000
2024-02-01,AEP,AEP,78.01000213623047,79.73999786376953,77.58000183105469,79.69000244140625,72.33195495605469,2762500
2024-02-02,AEP,AEP,78.94000244140625,79.31999969482422,77.77999877929688,78.62999725341797,71.36981964111328,2947000
2024-02-05,AEP,AEP,77.9000015258789,77.94000244140625,76.73999786376953,76.80000305175781,69.70878601074219,2819400
2024-02-06,AEP,AEP,76.76000213623047,77.47000122070312,76.41000366210938,77.2300033569336,70.09911346435547,3208300
2024-02-07,AEP,AEP,77.54000091552734,77.69999694824219,76.7699966430664,77.33000183105469,70.18984985351562,3087100
2024-02-08,AEP,AEP,76.12000274658203,76.30000305175781,75.22000122070312,75.94000244140625,69.72161865234375,3293500
2024-02-09,AEP,AEP,75.7300033569336,76.7300033569336,75.55999755859375,76.66000366210938,70.38265991210938,2710300
2024-02-12,AEP,AEP,76.56999969482422,77.72000122070312,76.30999755859375,77.58999633789062,71.23650360107422,2507000
2024-02-13,AEP,AEP,79.33999633789062,79.54000091552734,77.51000213623047,78.77999877929688,72.32905578613281,7370200
2024-02-14,AEP,AEP,78.8499984741211,79.12999725341797,78.06999969482422,78.80000305175781,72.3474349975586,3365100
2024-02-15,AEP,AEP,79.05999755859375,81.66999816894531,79.0199966430664,81.36000061035156,74.69780731201172,6648500
2024-02-16,AEP,AEP,81.2699966430664,81.98999786376953,80.68000030517578,81.3499984741211,74.68861389160156,6292700
2024-02-20,AEP,AEP,81.58999633789062,82.2699966430664,80.73999786376953,80.87999725341797,74.2571029663086,4043200
2024-02-21,AEP,AEP,81.58999633789062,82.62000274658203,81.2300033569336,82.55999755859375,75.79954528808594,4162600
2024-02-22,AEP,AEP,82.05000305175781,82.51000213623047,81.44000244140625,82.0,75.285400390625,4129900
2024-02-23,AEP,AEP,82.0,82.91000366210938,81.72000122070312,82.44999694824219,75.69855499267578,2765900
2024-02-26,AEP,AEP,82.18000030517578,82.30999755859375,80.75,80.7699966430664,74.1561050415039,4705300
2024-02-27,AEP,AEP,83.58999633789062,84.16000366210938,81.51000213623047,84.06999969482422,77.18588256835938,7562500
2024-02-28,AEP,AEP,83.08999633789062,83.75,82.56999969482422,83.31999969482422,76.497314453125,6342100
2024-02-29,AEP,AEP,84.0,85.22000122070312,83.58000183105469,85.19000244140625,78.21417236328125,10228500
2024-03-01,AEP,AEP,85.19999694824219,85.19999694824219,83.02999877929688,84.98999786376953,78.03054809570312,9446200
2024-03-04,AEP,AEP,84.62000274658203,85.44000244140625,84.37999725341797,84.94999694824219,77.99382781982422,4358300
2024-03-05,AEP,AEP,85.5,86.1500015258789,83.97000122070312,84.05000305175781,77.16751861572266,4356500
2024-03-06,AEP,AEP,84.75,85.02999877929688,83.86000061035156,83.91999816894531,77.04815673828125,4095800
2024-03-07,AEP,AEP,84.76000213623047,85.0999984741211,84.05999755859375,84.0999984741211,77.21344757080078,3554400
2024-03-08,AEP,AEP,83.5999984741211,84.56999969482422,83.19999694824219,83.83999633789062,76.97472381591797,4567800
2024-03-11,AEP,AEP,83.26000213623047,84.43000030517578,82.93000030517578,83.7300033569336,76.87372589111328,5094100
2024-03-12,AEP,AEP,83.20999908447266,83.88999938964844,82.52999877929688,83.38999938964844,76.56156921386719,2893600
2024-03-13,AEP,AEP,83.58000183105469,84.30999755859375,82.76000213623047,83.0,76.2035140991211,2997600
2024-03-14,AEP,AEP,82.62000274658203,82.9000015258789,81.12000274658203,81.86000061035156,75.15686798095703,3828700
2024-03-15,AEP,AEP,81.95999908447266,82.72000122070312,81.73999786376953,82.11000061035156,75.38639068603516,6055700
2024-03-18,AEP,AEP,82.0,83.1500015258789,81.81999969482422,82.16000366210938,75.43229675292969,4885700
2024-03-19,AEP,AEP,82.12000274658203,83.5199966430664,81.91999816894531,83.31999969482422,76.497314453125,4138100
2024-03-20,AEP,AEP,83.0,84.02999877929688,82.58999633789062,82.8499984741211,76.06580352783203,5122600
2024-03-21,AEP,AEP,82.94999694824219,83.69000244140625,82.8499984741211,83.0999984741211,76.2953109741211,3108800
2024-03-22,AEP,AEP,83.3499984741211,83.41999816894531,82.45999908447266,82.94999694824219,76.15760040283203,2374200
2024-03-25,AEP,AEP,82.94999694824219,83.47000122070312,82.56999969482422,82.87000274658203,76.08415985107422,1887400
2024-03-26,AEP,AEP,82.79000091552734,83.25,82.20999908447266,82.4800033569336,75.72608947753906,2225100
2024-03-27,AEP,AEP,83.0,84.83000183105469,82.79000091552734,84.80000305175781,77.85612487792969,2908500
2024-03-28,AEP,AEP,84.9000015258789,86.23999786376953,84.75,86.0999984741211,79.0496597290039,3077300
2024-04-01,AEP,AEP,86.11000061035156,86.16999816894531,84.41999816894531,84.55999755859375,77.6357650756836,2532600
2024-04-02,AEP,AEP,84.19999694824219,85.66000366210938,84.0199966430664,85.20999908447266,78.23253631591797,2065500
2024-04-03,AEP,AEP,85.30000305175781,85.30000305175781,84.16999816894531,84.33000183105469,77.42459869384766,1816500
2024-04-04,AEP,AEP,85.0999984741211,85.19000244140625,83.23999786376953,83.95999908447266,77.08491516113281,1990600
2024-04-05,AEP,AEP,83.44999694824219,84.2300033569336,82.4000015258789,83.94999694824219,77.07571411132812,2432000
2024-04-08,AEP,AEP,83.91999816894531,84.41000366210938,83.58000183105469,84.2699966430664,77.36951446533203,1710600
2024-04-09,AEP,AEP,84.5199966430664,85.18000030517578,84.25,85.08000183105469,78.11318969726562,2812500
2024-04-10,AEP,AEP,83.55999755859375,83.97000122070312,82.41000366210938,83.29000091552734,76.46975708007812,2872300
2024-04-11,AEP,AEP,83.5,83.58000183105469,82.55000305175781,82.91000366210938,76.12088775634766,1828800
2024-04-12,AEP,AEP,82.86000061035156,83.2699966430664,81.5199966430664,82.0999984741211,75.377197265625,2409400
2024-04-15,AEP,AEP,82.38999938964844,82.52999877929688,80.54000091552734,80.91000366210938,74.28466033935547,3137100
2024-04-16,AEP,AEP,80.91000366210938,81.04000091552734,79.16000366210938,79.51000213623047,72.99929809570312,3218900
2024-04-17,AEP,AEP,80.04000091552734,81.44000244140625,79.8499984741211,81.23999786376953,74.5876235961914,2290800
2024-04-18,AEP,AEP,81.47000122070312,82.80000305175781,80.7699966430664,82.55999755859375,75.79954528808594,3544700
2024-04-19,AEP,AEP,82.83999633789062,84.73999786376953,82.75,84.19999694824219,77.30524444580078,5406100
2024-04-22,AEP,AEP,83.98999786376953,85.12000274658203,83.68000030517578,84.9000015258789,77.94792938232422,2400800
2024-04-23,AEP,AEP,84.4000015258789,85.69000244140625,84.27999877929688,85.55999755859375,78.55387115478516,3562300
2024-04-24,AEP,AEP,84.56999969482422,86.58999633789062,84.30999755859375,86.37000274658203,79.29755401611328,3865000
2024-04-25,AEP,AEP,86.48999786376953,87.19999694824219,85.1500015258789,86.86000061035156,79.74742889404297,3239600
2024-04-26,AEP,AEP,86.86000061035156,87.04000091552734,85.23999786376953,85.26000213623047,78.27845764160156,2975900
2024-04-29,AEP,AEP,85.81999969482422,86.76000213623047,85.81999969482422,86.66999816894531,79.5729751586914,2853600
2024-04-30,AEP,AEP,87.5,88.30000305175781,86.02999877929688,86.02999877929688,78.98539733886719,5739100
2024-05-01,AEP,AEP,85.76000213623047,89.36000061035156,85.69999694824219,88.1500015258789,80.93180084228516,5344700
2024-05-02,AEP,AEP,88.05000305175781,88.63999938964844,87.4000015258789,88.25,81.02360534667969,2672800
2024-05-03,AEP,AEP,89.0,89.27999877929688,87.94999694824219,88.5999984741211,81.3449478149414,3332400
2024-05-06,AEP,AEP,88.76000213623047,89.19000244140625,88.19999694824219,88.80999755859375,81.53775787353516,2354100
2024-05-07,AEP,AEP,89.16999816894531,89.94000244140625,88.7699966430664,89.87000274658203,82.51095581054688,3331000
2024-05-08,AEP,AEP,89.8499984741211,90.76000213623047,89.33000183105469,90.58000183105469,83.16280364990234,2051800
2024-05-09,AEP,AEP,89.33000183105469,90.9800033569336,89.31999969482422,90.94999694824219,84.32171630859375,2465700
2024-05-10,AEP,AEP,91.0,91.83999633789062,90.69999694824219,91.61000061035156,84.93362426757812,3249800
2024-05-13,AEP,AEP,92.0,92.3499984741211,91.2699966430664,91.5199966430664,84.85016632080078,2002100
2024-05-14,AEP,AEP,92.01000213623047,92.0199966430664,90.37999725341797,90.79000091552734,84.17337036132812,2467400
2024-05-15,AEP,AEP,91.63999938964844,92.56999969482422,91.06999969482422,91.97000122070312,85.26738739013672,2389900
2024-05-16,AEP,AEP,92.3499984741211,92.9800033569336,92.01000213623047,92.54000091552734,85.79585266113281,2280500
2024-05-17,AEP,AEP,92.26000213623047,92.80000305175781,91.80000305175781,92.66999816894531,85.9163589477539,2908000
2024-05-20,AEP,AEP,92.83999633789062,92.83999633789062,92.13999938964844,92.58999633789062,85.84219360351562,1725400
2024-05-21,AEP,AEP,92.58999633789062,93.44000244140625,92.37000274658203,92.62000274658203,85.87001037597656,2247500
2024-05-22,AEP,AEP,92.06999969482422,92.44999694824219,91.33999633789062,91.4800033569336,84.81309509277344,2361600
2024-05-23,AEP,AEP,91.12999725341797,91.12999725341797,89.20999908447266,89.27999877929688,82.77342224121094,2182700
2024-05-24,AEP,AEP,89.4800033569336,89.80000305175781,88.83999633789062,88.97000122070312,82.48601531982422,3123500
2024-05-28,AEP,AEP,88.69999694824219,89.5199966430664,88.31999969482422,88.62000274658203,82.16153717041016,2648400
2024-05-29,AEP,AEP,87.69999694824219,87.95999908447266,86.97000122070312,87.47000122070312,81.09532928466797,2438900
2024-05-30,AEP,AEP,87.80000305175781,88.2699966430664,87.19000244140625,88.16000366210938,81.73503875732422,2228800
2024-05-31,AEP,AEP,88.25,90.31999969482422,88.04000091552734,90.25,83.67271423339844,5511600
2024-06-03,AEP,AEP,90.16000366210938,90.54000091552734,89.66999816894531,90.08000183105469,83.51512145996094,2913800
2024-06-04,AEP,AEP,89.8499984741211,91.0,89.61000061035156,90.37999725341797,83.79325103759766,2149000
2024-06-05,AEP,AEP,90.0,90.12000274658203,88.73999786376953,88.94999694824219,82.46747589111328,2326600
2024-06-06,AEP,AEP,89.08000183105469,90.25,88.62999725341797,88.69999694824219,82.2356948852539,2421300
2024-06-07,AEP,AEP,87.7699966430664,89.08999633789062,87.73999786376953,88.30000305175781,81.8648452758789,1740900
2024-06-10,AEP,AEP,87.87999725341797,88.9000015258789,87.37000274658203,88.55000305175781,82.09663391113281,2214700
2024-06-11,AEP,AEP,88.01000213623047,88.83999633789062,87.52999877929688,88.41000366210938,81.96683502197266,2670100
2024-06-12,AEP,AEP,89.43000030517578,89.43000030517578,87.37999725341797,87.95999908447266,81.54961395263672,1864500
2024-06-13,AEP,AEP,87.66000366210938,88.41000366210938,87.11000061035156,87.9000015258789,81.49398803710938,2099500
2024-06-14,AEP,AEP,87.38999938964844,88.06999969482422,87.0199966430664,88.0,81.58670806884766,1401600
2024-06-17,AEP,AEP,87.4000015258789,88.5999984741211,86.88999938964844,87.75,81.35492706298828,1856000
2024-06-18,AEP,AEP,87.58000183105469,88.16999816894531,87.12000274658203,87.55000305175781,81.16950225830078,1826000
2024-06-20,AEP,AEP,87.37000274658203,88.56999969482422,87.27999877929688,87.87999725341797,81.4754409790039,3058200
2024-06-21,AEP,AEP,87.48999786376953,88.6500015258789,86.97000122070312,87.05000305175781,80.7059326171875,5915000
2024-06-24,AEP,AEP,87.55000305175781,88.45999908447266,87.16000366210938,88.13999938964844,81.71649169921875,3737300
2024-06-25,AEP,AEP,87.88999938964844,88.25,86.69999694824219,86.88999938964844,80.55760955810547,1702000
2024-06-26,AEP,AEP,86.5,87.33999633789062,85.93000030517578,87.16000366210938,80.80792236328125,1693700
2024-06-27,AEP,AEP,86.83999633789062,88.36000061035156,86.83999633789062,88.30000305175781,81.8648452758789,3586100
2024-06-28,AEP,AEP,88.63999938964844,88.75,87.55000305175781,87.73999786376953,81.34565734863281,3685900
2024-07-01,AEP,AEP,88.22000122070312,88.83999633789062,87.02999877929688,87.27999877929688,80.91917419433594,1427400
2024-07-02,AEP,AEP,87.51000213623047,88.08000183105469,87.11000061035156,87.62000274658203,81.23441314697266,2007300
2024-07-03,AEP,AEP,87.72000122070312,88.66999816894531,87.4800033569336,87.55999755859375,81.17877197265625,1154400
2024-07-05,AEP,AEP,87.69000244140625,88.4800033569336,87.30000305175781,87.86000061035156,81.45690155029297,1260600
2024-07-08,AEP,AEP,87.9000015258789,87.91000366210938,87.0,87.11000061035156,80.76156616210938,2059000
2024-07-09,AEP,AEP,86.9800033569336,87.83999633789062,86.83000183105469,87.69000244140625,81.29930877685547,1994500
2024-07-10,AEP,AEP,88.0,88.30000305175781,87.51000213623047,88.25,81.81848907470703,1845500
2024-07-11,AEP,AEP,88.69999694824219,90.9800033569336,88.61000061035156,90.83999633789062,84.21973419189453,2690700
2024-07-12,AEP,AEP,91.25,91.80000305175781,90.62000274658203,90.95999908447266,84.33098602294922,2431800
2024-07-15,AEP,AEP,89.9000015258789,90.95999908447266,89.83999633789062,90.94000244140625,84.31244659423828,2678900
2024-07-16,AEP,AEP,91.58000183105469,92.01000213623047,91.18000030517578,91.8499984741211,85.15611267089844,1853300
2024-07-17,AEP,AEP,92.08000183105469,94.18000030517578,92.0199966430664,93.5199966430664,86.70440673828125,3277600
2024-07-18,AEP,AEP,93.25,94.72000122070312,93.05999755859375,93.48999786376953,86.67659759521484,1976800
2024-07-19,AEP,AEP,93.80999755859375,93.80999755859375,92.58000183105469,93.13999938964844,86.35211181640625,2072800
2024-07-22,AEP,AEP,93.44000244140625,94.66000366210938,93.0999984741211,94.3499984741211,87.47393035888672,2754600
2024-07-23,AEP,AEP,94.19999694824219,94.23999786376953,93.3499984741211,93.63999938964844,86.815673828125,3048900
2024-07-24,AEP,AEP,94.29000091552734,95.56999969482422,93.77999877929688,95.0199966430664,88.0950927734375,2523400
2024-07-25,AEP,AEP,95.86000061035156,97.31999969482422,95.18000030517578,95.83999633789062,88.8553237915039,3340200
2024-07-26,AEP,AEP,96.3499984741211,96.8499984741211,95.80000305175781,96.44999694824219,89.4208755493164,2275100
2024-07-29,AEP,AEP,96.62999725341797,97.41999816894531,95.69999694824219,97.06999969482422,89.9957046508789,2356300
2024-07-30,AEP,AEP,96.01000213623047,98.18000030517578,96.0,98.13999938964844,90.98771667480469,3978800
2024-07-31,AEP,AEP,98.91999816894531,98.91999816894531,97.29000091552734,98.12000274658203,90.96918487548828,4727100
2024-08-01,AEP,AEP,98.38999938964844,101.37000274658203,98.01000213623047,101.23999786376953,93.86178588867188,4628700
2024-08-02,AEP,AEP,103.58999633789062,104.3499984741211,99.72000122070312,101.79000091552734,94.37171173095703,4453700
2024-08-05,AEP,AEP,104.23999786376953,104.41000366210938,97.97000122070312,98.05999755859375,90.9135513305664,3951200
2024-08-06,AEP,AEP,97.27999877929688,99.41999816894531,97.22000122070312,98.29000091552734,91.12679290771484,4524600
2024-08-07,AEP,AEP,98.8499984741211,100.61000061035156,98.36000061035156,99.56999969482422,92.3134994506836,4490000
2024-08-08,AEP,AEP,99.0999984741211,99.94000244140625,97.87000274658203,98.04000091552734,90.89500427246094,3077700
2024-08-09,AEP,AEP,97.43000030517578,97.94999694824219,96.11000061035156,97.52999877929688,91.24114227294922,3029600
2024-08-12,AEP,AEP,97.48999786376953,97.48999786376953,96.62000274658203,97.13999938964844,90.87629699707031,3130000
2024-08-13,AEP,AEP,97.52999877929688,98.37000274658203,97.4800033569336,98.12999725341797,91.80245971679688,2764000
2024-08-14,AEP,AEP,97.36000061035156,98.30000305175781,97.05000305175781,97.23999786376953,90.96984100341797,3292800
2024-08-15,AEP,AEP,96.9800033569336,97.18000030517578,96.16999816894531,96.55999755859375,90.33369445800781,3008700
2024-08-16,AEP,AEP,96.41999816894531,97.16999816894531,95.94999694824219,96.94000244140625,90.68919372558594,2978600
2024-08-19,AEP,AEP,97.18000030517578,97.73999786376953,96.7300033569336,97.54000091552734,91.25049591064453,1903900
2024-08-20,AEP,AEP,97.4000015258789,97.9000015258789,97.30999755859375,97.63999938964844,91.34406280517578,1802100
2024-08-21,AEP,AEP,97.98999786376953,98.73999786376953,97.63999938964844,98.01000213623047,91.6902084350586,2220000
2024-08-22,AEP,AEP,97.66999816894531,98.37999725341797,97.6500015258789,98.29000091552734,91.95215606689453,1974700
2024-08-23,AEP,AEP,98.55999755859375,99.20999908447266,98.02999877929688,98.25,91.91472625732422,3530600
2024-08-26,AEP,AEP,98.5999984741211,99.80999755859375,98.5,99.0199966430664,92.63506317138672,1720900
2024-08-27,AEP,AEP,99.0199966430664,99.41999816894531,98.19999694824219,98.54000091552734,92.18601989746094,2447200
2024-08-28,AEP,AEP,98.94999694824219,99.83999633789062,98.5,98.54000091552734,92.18601989746094,3245000
2024-08-29,AEP,AEP,98.66999816894531,99.79000091552734,98.08999633789062,99.75,93.31800079345703,2749600
2024-08-30,AEP,AEP,99.94000244140625,100.9800033569336,99.66000366210938,100.27999877929688,93.8138198852539,2892100
2024-09-03,AEP,AEP,100.19000244140625,101.98999786376953,100.0,101.56999969482422,95.02064514160156,3379900
2024-09-04,AEP,AEP,101.94999694824219,103.0999984741211,101.55999755859375,102.43000030517578,95.8251953125,2843900
2024-09-05,AEP,AEP,103.04000091552734,103.4000015258789,101.41000366210938,103.0999984741211,96.45198822021484,3209300
2024-09-06,AEP,AEP,103.4800033569336,103.55000305175781,101.97000122070312,102.05000305175781,95.46968841552734,3659200
2024-09-09,AEP,AEP,102.6500015258789,103.86000061035156,102.05000305175781,103.66000366210938,96.97588348388672,2538300
2024-09-10,AEP,AEP,104.0999984741211,104.41000366210938,102.7300033569336,103.2300033569336,96.57361602783203,2932000
2024-09-11,AEP,AEP,103.12000274658203,103.2699966430664,101.68000030517578,103.05000305175781,96.40521240234375,2429400
2024-09-12,AEP,AEP,102.7699966430664,103.4000015258789,102.26000213623047,102.98999786376953,96.34906768798828,2098100
2024-09-13,AEP,AEP,103.20999908447266,104.19999694824219,102.56999969482422,104.16999816894531,97.4529800415039,1425900
2024-09-16,AEP,AEP,104.31999969482422,105.18000030517578,104.04000091552734,104.94999694824219,98.18269348144531,2171900
2024-09-17,AEP,AEP,104.70999908447266,104.94000244140625,103.91999816894531,104.20999908447266,97.49041748046875,1724200
2024-09-18,AEP,AEP,104.1500015258789,104.36000061035156,102.55000305175781,103.22000122070312,96.56424713134766,1890100
2024-09-19,AEP,AEP,102.2699966430664,102.83999633789062,101.27999877929688,101.73999786376953,95.17967987060547,4300400
2024-09-20,AEP,AEP,102.0,102.26000213623047,101.06999969482422,102.1500015258789,95.5632553100586,5395300
2024-09-23,AEP,AEP,102.94000244140625,102.98999786376953,101.94999694824219,102.52999877929688,95.91874694824219,2720600
2024-09-24,AEP,AEP,101.83999633789062,103.0199966430664,101.27999877929688,101.41000366210938,94.87096405029297,3226900
2024-09-25,AEP,AEP,101.55999755859375,101.91000366210938,100.79000091552734,101.1500015258789,94.62773132324219,2650100
2024-09-26,AEP,AEP,101.0,101.4000015258789,100.54000091552734,100.73999786376953,94.2441635131836,2436600
2024-09-27,AEP,AEP,101.23999786376953,102.13999938964844,101.0,101.83999633789062,95.27323150634766,2019100
2024-09-30,AEP,AEP,101.87000274658203,102.91999816894531,101.41000366210938,102.5999984741211,95.9842300415039,2890400
2024-10-01,AEP,AEP,102.27999877929688,102.9000015258789,101.66999816894531,102.22000122070312,95.62873840332031,2072200
2024-10-02,AEP,AEP,101.38999938964844,102.19000244140625,101.2699966430664,101.80999755859375,95.24517059326172,2580300
2024-10-03,AEP,AEP,101.94999694824219,102.44999694824219,101.23999786376953,101.37000274658203,94.83354949951172,3054300
2024-10-04,AEP,AEP,100.47000122070312,100.83999633789062,99.61000061035156,100.27999877929688,93.8138198852539,1900800
2024-10-07,AEP,AEP,99.62999725341797,99.77999877929688,97.68000030517578,98.05999755859375,91.73697662353516,2928900
2024-10-08,AEP,AEP,98.08000183105469,98.69000244140625,97.9000015258789,98.19999694824219,91.86793518066406,2194200
2024-10-09,AEP,AEP,98.04000091552734,98.48999786376953,97.41000366210938,97.72000122070312,91.41890716552734,1777100
2024-10-10,AEP,AEP,97.7300033569336,98.33999633789062,97.05000305175781,97.22000122070312,90.95113372802734,1669400
2024-10-11,AEP,AEP,97.30000305175781,98.37000274658203,97.26000213623047,98.25,91.91472625732422,1849100
2024-10-14,AEP,AEP,98.3499984741211,98.94000244140625,98.16000366210938,98.79000091552734,92.41990661621094,2510900
2024-10-15,AEP,AEP,99.37000274658203,100.61000061035156,99.27999877929688,99.66000366210938,93.23380279541016,3174200
2024-10-16,AEP,AEP,100.0999984741211,101.70999908447266,99.86000061035156,101.31999969482422,94.7867660522461,2695100
2024-10-17,AEP,AEP,101.75,101.81999969482422,100.56999969482422,100.91000366210938,94.40320587158203,2008900
2024-10-18,AEP,AEP,100.83000183105469,100.83999633789062,99.76000213623047,100.69000244140625,94.19739532470703,3111800
2024-10-21,AEP,AEP,100.77999877929688,101.08000183105469,99.66000366210938,100.16000366210938,93.70156860351562,2548000
2024-10-22,AEP,AEP,99.66999816894531,100.25,99.20999908447266,99.88999938964844,93.448974609375,1981800
2024-10-23,AEP,AEP,100.0,100.87000274658203,99.68000030517578,100.83000183105469,94.32836151123047,1863600
2024-10-24,AEP,AEP,101.29000091552734,101.43000030517578,99.18000030517578,99.38999938964844,92.9812240600586,2099200
2024-10-25,AEP,AEP,99.79000091552734,99.9000015258789,98.05000305175781,98.19000244140625,91.85859680175781,2338800
2024-10-28,AEP,AEP,98.8499984741211,99.33000183105469,98.55999755859375,99.11000061035156,92.71927642822266,2420500
2024-10-29,AEP,AEP,98.7300033569336,98.7300033569336,97.06999969482422,97.38999938964844,91.11017608642578,2660400
2024-10-30,AEP,AEP,97.38999938964844,97.8499984741211,96.69000244140625,97.4000015258789,91.11952209472656,3362300
2024-10-31,AEP,AEP,97.44999694824219,99.33999633789062,97.26000213623047,98.75,92.38247680664062,4884900
2024-11-01,AEP,AEP,98.52999877929688,99.2300033569336,97.06999969482422,97.25,90.97920227050781,3807200
2024-11-04,AEP,AEP,96.75,98.44000244140625,96.69000244140625,98.4000015258789,92.0550537109375,3880000
2024-11-05,AEP,AEP,98.62999725341797,100.4800033569336,98.19000244140625,100.4000015258789,93.92609405517578,5926200
2024-11-06,AEP,AEP,99.12999725341797,100.0,96.18000030517578,96.25,90.04368591308594,6428200
2024-11-07,AEP,AEP,96.18000030517578,96.91000366210938,95.30999755859375,96.33000183105469,90.1185302734375,3510000
2024-11-08,AEP,AEP,95.87000274658203,97.1500015258789,95.58999633789062,96.4000015258789,91.06315612792969,2581000
2024-11-11,AEP,AEP,96.0,96.37000274658203,94.25,94.51000213623047,89.27780151367188,3411600
2024-11-12,AEP,AEP,94.31999969482422,94.73999786376953,92.5999984741211,92.95999908447266,87.8135986328125,3484700
2024-11-13,AEP,AEP,93.05000305175781,93.47000122070312,92.51000213623047,93.33000183105469,88.16313171386719,2561500
2024-11-14,AEP,AEP,93.18000030517578,94.58999633789062,92.94999694824219,93.76000213623047,88.56932830810547,2571100
2024-11-15,AEP,AEP,94.12000274658203,96.44000244140625,93.80999755859375,96.30999755859375,90.97813415527344,5557500
2024-11-18,AEP,AEP,96.30999755859375,97.37999725341797,96.0999984741211,96.48999786376953,91.14817810058594,3399200
2024-11-19,AEP,AEP,96.0999984741211,96.76000213623047,95.37999725341797,96.69999694824219,91.34654998779297,1879700
2024-11-20,AEP,AEP,96.25,96.86000061035156,95.9000015258789,96.80000305175781,91.4410171508789,2527600
2024-11-21,AEP,AEP,97.11000061035156,98.1500015258789,96.41000366210938,98.08000183105469,92.65016174316406,2849600
2024-11-22,AEP,AEP,98.19000244140625,98.5199966430664,97.54000091552734,97.58999633789062,92.18728637695312,2048800
2024-11-25,AEP,AEP,97.88999938964844,98.5,97.12000274658203,98.0999984741211,92.66905212402344,3384300
2024-11-26,AEP,AEP,98.7300033569336,99.47000122070312,98.30999755859375,99.33000183105469,93.83094787597656,2277600
2024-11-27,AEP,AEP,99.5999984741211,100.72000122070312,99.5999984741211,99.88999938964844,94.35994720458984,1558600
2024-11-29,AEP,AEP,99.93000030517578,100.27999877929688,99.30000305175781,99.86000061035156,94.33161163330078,1260600
2024-12-02,AEP,AEP,99.95999908447266,100.0,97.7300033569336,98.22000122070312,92.78239440917969,2188300
2024-12-03,AEP,AEP,98.9000015258789,98.9000015258789,97.01000213623047,97.0199966430664,91.64883422851562,1917500
2024-12-04,AEP,AEP,97.23999786376953,97.33999633789062,95.87999725341797,96.25,90.92146301269531,2832300
2024-12-05,AEP,AEP,96.3499984741211,97.9800033569336,96.20999908447266,97.44999694824219,92.0550308227539,2234700
2024-12-06,AEP,AEP,97.18000030517578,97.43000030517578,95.66000366210938,95.8499984741211,90.54360961914062,2677500
2024-12-09,AEP,AEP,95.8499984741211,96.86000061035156,95.30000305175781,95.58000183105469,90.28855895996094,2651100
2024-12-10,AEP,AEP,95.58000183105469,95.58000183105469,93.58999633789062,95.0999984741211,89.83512878417969,2045300
2024-12-11,AEP,AEP,95.20999908447266,95.20999908447266,93.23999786376953,93.62999725341797,88.44650268554688,2925600
2024-12-12,AEP,AEP,93.30000305175781,94.19999694824219,92.80000305175781,92.8499984741211,87.70970153808594,1983900
2024-12-13,AEP,AEP,92.55999755859375,93.37999725341797,92.16999816894531,92.70999908447266,87.57744598388672,1810400
2024-12-16,AEP,AEP,92.70999908447266,92.86000061035156,91.69999694824219,91.7699966430664,86.68948364257812,2410700
2024-12-17,AEP,AEP,91.47000122070312,93.04000091552734,91.29000091552734,91.91999816894531,86.8311767578125,2749300
2024-12-18,AEP,AEP,91.83000183105469,92.25,90.86000061035156,90.91000366210938,85.87709045410156,3451300
2024-12-19,AEP,AEP,90.55000305175781,92.02999877929688,90.41999816894531,91.23999786376953,86.18882751464844,3147800
2024-12-20,AEP,AEP,91.83999633789062,93.06999969482422,91.2300033569336,92.75,87.615234375,6781800
2024-12-23,AEP,AEP,92.47000122070312,92.9800033569336,91.58999633789062,92.86000061035156,87.71915435791016,2282500
2024-12-24,AEP,AEP,92.55000305175781,93.11000061035156,92.25,92.37000274658203,87.25627136230469,1404400
2024-12-26,AEP,AEP,92.05000305175781,92.55999755859375,91.80000305175781,92.05999755859375,86.96343231201172,2066500
2024-12-27,AEP,AEP,91.62000274658203,92.66000366210938,91.30999755859375,92.51000213623047,87.38851928710938,1722700
2024-12-30,AEP,AEP,92.58999633789062,92.63999938964844,91.2300033569336,92.05999755859375,86.96343231201172,1661200
2024-12-31,AEP,AEP,92.18000030517578,92.4800033569336,91.5,92.2300033569336,87.1240234375,1594500
2025-01-02,AEP,AEP,92.56999969482422,93.2300033569336,91.58999633789062,91.94000244140625,86.85008239746094,1757200
2025-01-03,AEP,AEP,92.4000015258789,93.05999755859375,92.02999877929688,92.05000305175781,86.9539794921875,1688400
2025-01-06,AEP,AEP,92.05000305175781,92.05000305175781,90.01000213623047,90.31999969482422,85.31976318359375,3457200
2025-01-07,AEP,AEP,90.0999984741211,91.91000366210938,90.0999984741211,90.47000122070312,85.46145629882812,2706000
2025-01-08,AEP,AEP,90.25,92.3499984741211,89.91000366210938,92.26000213623047,87.1523666381836,2591500
2025-01-10,AEP,AEP,93.1500015258789,94.66999816894531,92.66999816894531,93.51000213623047,88.33314514160156,7731000
2025-01-13,AEP,AEP,95.1500015258789,95.91999816894531,92.76000213623047,94.54000091552734,89.30614471435547,6013900
2025-01-14,AEP,AEP,93.66999816894531,94.54000091552734,93.43000030517578,94.5,89.26834869384766,3172300
2025-01-15,AEP,AEP,95.37999725341797,95.61000061035156,94.52999877929688,95.12000274658203,89.8540267944336,3104700
2025-01-16,AEP,AEP,94.87999725341797,96.8499984741211,94.69999694824219,96.81999969482422,91.45990753173828,2456500
2025-01-17,AEP,AEP,97.63999938964844,97.9800033569336,96.80000305175781,97.25,91.86609649658203,2728500
2025-01-21,AEP,AEP,98.0,98.7300033569336,97.5999984741211,97.80999755859375,92.39511108398438,2439900
2025-01-22,AEP,AEP,97.58000183105469,98.12999725341797,96.8499984741211,97.48999786376953,92.09281921386719,3503900
2025-01-23,AEP,AEP,98.29000091552734,99.5,97.37999725341797,97.47000122070312,92.07392883300781,4427900
2025-01-24,AEP,AEP,97.08000183105469,98.5,97.05000305175781,98.18000030517578,92.74462127685547,2140300
2025-01-27,AEP,AEP,99.33999633789062,103.05000305175781,98.16000366210938,102.62999725341797,96.94825744628906,5428200
2025-01-28,AEP,AEP,102.47000122070312,102.47000122070312,99.75,100.0,94.46385192871094,3524300
2025-01-29,AEP,AEP,100.02999877929688,100.7300033569336,97.36000061035156,98.05000305175781,92.621826171875,3345800
2025-01-30,AEP,AEP,98.55000305175781,99.1500015258789,97.55999755859375,98.02999877929688,92.60292053222656,3590700
2025-01-31,AEP,AEP,97.83999633789062,99.05000305175781,97.5199966430664,98.36000061035156,92.91465759277344,4912700
2025-02-03,AEP,AEP,98.36000061035156,99.69000244140625,97.31999969482422,99.36000061035156,93.85929107666016,2659300
2025-02-04,AEP,AEP,98.5199966430664,99.06999969482422,97.80000305175781,97.87999725341797,92.46124267578125,2126200
2025-02-05,AEP,AEP,98.66999816894531,99.88999938964844,98.4000015258789,99.38999938964844,93.88763427734375,2280400
2025-02-06,AEP,AEP,99.63999938964844,100.66999816894531,98.87000274658203,100.16999816894531,94.62444305419922,3152600
2025-02-07,AEP,AEP,100.13999938964844,100.44000244140625,99.41000366210938,100.3499984741211,94.79448699951172,2861500
2025-02-10,AEP,AEP,99.76000213623047,100.95999908447266,99.11000061035156,100.83000183105469,96.13888549804688,2473700
2025-02-11,AEP,AEP,100.58999633789062,102.11000061035156,99.47000122070312,101.87999725341797,97.14002227783203,3165900
2025-02-12,AEP,AEP,100.7300033569336,102.5199966430664,100.5999984741211,102.3499984741211,97.58816528320312,3163000
2025-02-13,AEP,AEP,101.37000274658203,102.56999969482422,100.31999969482422,100.98999786376953,96.29144287109375,4939000
2025-02-14,AEP,AEP,101.20999908447266,102.91999816894531,100.83999633789062,101.83000183105469,97.09236145019531,2770900
2025-02-18,AEP,AEP,101.29000091552734,103.23999786376953,101.0,102.19999694824219,97.44514465332031,3146400
2025-02-19,AEP,AEP,102.66999816894531,103.16000366210938,101.72000122070312,103.08999633789062,98.29373168945312,2510600
2025-02-20,AEP,AEP,102.97000122070312,104.6500015258789,102.19999694824219,104.3499984741211,99.4951171875,2702100
2025-02-21,AEP,AEP,104.3499984741211,105.7300033569336,104.05999755859375,105.33000183105469,100.42951965332031,4002000
2025-02-24,AEP,AEP,105.87000274658203,107.36000061035156,105.20999908447266,106.29000091552734,101.34486389160156,3075000
2025-02-25,AEP,AEP,106.69999694824219,107.83999633789062,105.97000122070312,107.63999938964844,102.63204193115234,3408700
2025-02-26,AEP,AEP,107.2300033569336,107.51000213623047,106.37000274658203,106.88999938964844,101.91694641113281,2446500
2025-02-27,AEP,AEP,106.19999694824219,106.77999877929688,104.80000305175781,105.16000366210938,100.26744079589844,3661300
2025-02-28,AEP,AEP,106.0999984741211,107.11000061035156,104.66000366210938,106.05000305175781,101.11603546142578,4391000
2025-03-03,AEP,AEP,105.8499984741211,107.81999969482422,105.69000244140625,107.69999694824219,102.68925476074219,3452000
2025-03-04,AEP,AEP,108.52999877929688,109.5199966430664,105.13999938964844,105.23999786376953,100.34370422363281,5609500
2025-03-05,AEP,AEP,104.5,105.45999908447266,103.19000244140625,103.38999938964844,98.57978057861328,3665600
2025-03-06,AEP,AEP,103.30000305175781,103.30999755859375,101.41999816894531,102.58999633789062,97.8169937133789,3031000
2025-03-07,AEP,AEP,102.83999633789062,104.87999725341797,102.68000030517578,104.62000274658203,99.75255584716797,4042400
2025-03-10,AEP,AEP,104.91000366210938,108.66999816894531,104.91000366210938,107.31999969482422,102.32693481445312,5535400
2025-03-11,AEP,AEP,107.66999816894531,107.98999786376953,104.38999938964844,104.43000030517578,99.57140350341797,4282500
2025-03-12,AEP,AEP,102.87999725341797,103.79000091552734,102.3499984741211,102.95999908447266,98.16978454589844,3284600
2025-03-13,AEP,AEP,102.80999755859375,104.29000091552734,102.69999694824219,104.23999786376953,99.39022064208984,1909600
2025-03-14,AEP,AEP,104.05999755859375,105.94999694824219,103.58999633789062,105.55999755859375,100.6488265991211,4419400
2025-03-17,AEP,AEP,105.66999816894531,106.83000183105469,105.12999725341797,105.86000061035156,100.93486785888672,5577100
2025-03-18,AEP,AEP,106.29000091552734,106.48999786376953,105.37999725341797,105.98999786376953,101.05882263183594,2757500
2025-03-19,AEP,AEP,105.8499984741211,106.30000305175781,105.13999938964844,105.83999633789062,100.9157943725586,2786600
2025-03-20,AEP,AEP,105.80000305175781,106.58999633789062,105.55000305175781,106.20999908447266,101.2685775756836,2946600
2025-03-21,AEP,AEP,106.13999938964844,106.6500015258789,104.4000015258789,105.11000061035156,100.21976470947266,5649200
2025-03-24,AEP,AEP,105.25,105.69000244140625,104.02999877929688,104.18000030517578,99.33301544189453,2619400
2025-03-25,AEP,AEP,103.0,103.0,101.95999908447266,102.5,97.7311782836914,24651800
2025-03-26,AEP,AEP,102.77999877929688,104.30999755859375,102.56999969482422,103.9000015258789,99.06604766845703,5938600
2025-03-27,AEP,AEP,103.94000244140625,105.5999984741211,103.77999877929688,105.1500015258789,100.25790405273438,5232700
2025-03-28,AEP,AEP,105.87000274658203,107.41000366210938,105.37000274658203,106.95999908447266,101.98368835449219,6173400
2025-03-31,AEP,AEP,108.37000274658203,109.76000213623047,107.83999633789062,109.2699966430664,104.18621826171875,6560100
2025-04-01,AEP,AEP,108.61000061035156,108.87999725341797,107.5199966430664,108.37000274658203,103.32808685302734,3941900
2025-04-02,AEP,AEP,108.80000305175781,108.80000305175781,107.2699966430664,107.75,102.73693084716797,3279800
2025-04-03,AEP,AEP,109.76000213623047,110.45999908447266,107.75,109.11000061035156,104.03366088867188,6063300
2025-04-04,AEP,AEP,110.12000274658203,110.4800033569336,103.91999816894531,104.4800033569336,99.61906433105469,7368600
2025-04-07,AEP,AEP,104.25,104.79000091552734,100.66999816894531,101.56999969482422,96.8444595336914,7767500
2025-04-08,AEP,AEP,102.27999877929688,103.9800033569336,100.55999755859375,101.27999877929688,96.56793975830078,6473400
2025-04-09,AEP,AEP,100.94999694824219,103.81999969482422,98.3499984741211,102.3499984741211,97.58816528320312,7048100
2025-04-10,AEP,AEP,102.0999984741211,104.30999755859375,101.5199966430664,103.19999694824219,98.39862060546875,4114800
2025-04-11,AEP,AEP,103.63999938964844,105.16999816894531,101.86000061035156,104.62999725341797,99.76209259033203,3582800
2025-04-14,AEP,AEP,104.44999694824219,106.94000244140625,103.7300033569336,106.58000183105469,101.62136840820312,3224700
2025-04-15,AEP,AEP,107.05000305175781,107.51000213623047,106.20999908447266,106.68000030517578,101.71670532226562,2599700
2025-04-16,AEP,AEP,106.94000244140625,107.45999908447266,105.6500015258789,105.91999816894531,100.9920654296875,2786900
2025-04-17,AEP,AEP,106.75,109.02999877929688,106.66999816894531,107.70999908447266,102.69879913330078,3156700
2025-04-21,AEP,AEP,107.7699966430664,107.7699966430664,104.72000122070312,105.52999877929688,100.6202163696289,3608900
2025-04-22,AEP,AEP,106.26000213623047,108.30999755859375,106.12999725341797,108.1500015258789,103.11832427978516,2304700
2025-04-23,AEP,AEP,107.58000183105469,108.12999725341797,105.56999969482422,107.0199966430664,102.04088592529297,3202100
2025-04-24,AEP,AEP,106.97000122070312,107.62999725341797,105.69999694824219,106.69999694824219,101.73577880859375,3676700
2025-04-25,AEP,AEP,106.7699966430664,106.87999725341797,105.58000183105469,106.73999786376953,101.77392578125,2853400
2025-04-28,AEP,AEP,106.7699966430664,107.55999755859375,105.69999694824219,107.05999755859375,102.07903289794922,3303300
2025-04-29,AEP,AEP,107.19999694824219,108.58000183105469,106.29000091552734,108.5,103.45204162597656,2950700
2025-04-30,AEP,AEP,108.97000122070312,109.08000183105469,106.33999633789062,108.33999633789062,103.29947662353516,5418500
2025-05-01,AEP,AEP,107.87999725341797,108.76000213623047,107.12999725341797,107.54000091552734,102.53669738769531,3107200
2025-05-02,AEP,AEP,108.2699966430664,108.33999633789062,107.16000366210938,107.69000244140625,102.67971801757812,1984700
2025-05-05,AEP,AEP,107.75,108.04000091552734,106.2699966430664,107.44000244140625,102.44135284423828,2616200
2025-05-06,AEP,AEP,108.23999786376953,109.02999877929688,107.0,107.44000244140625,102.44135284423828,3309200
2025-05-07,AEP,AEP,107.43000030517578,108.16000366210938,106.5,107.4800033569336,102.47949981689453,3249100
2025-05-08,AEP,AEP,107.06999969482422,107.31999969482422,104.52999877929688,105.19000244140625,100.29602813720703,3598800
2025-05-09,AEP,AEP,104.43000030517578,104.83999633789062,103.7300033569336,104.68000030517578,100.7000732421875,3057000
2025-05-12,AEP,AEP,103.13999938964844,103.61000061035156,100.56999969482422,100.98999786376953,97.1503677368164,4449600
2025-05-13,AEP,AEP,100.98999786376953,101.27999877929688,99.37999725341797,99.55999755859375,95.77472686767578,4607200
2025-05-14,AEP,AEP,99.2699966430664,99.29000091552734,97.45999908447266,98.58999633789062,94.84160614013672,5207200
2025-05-15,AEP,AEP,99.37000274658203,101.69999694824219,99.3499984741211,101.61000061035156,97.74679565429688,5823900
2025-05-16,AEP,AEP,101.58000183105469,103.08999633789062,101.25,103.04000091552734,99.1224136352539,2868900
2025-05-19,AEP,AEP,102.68000030517578,103.9000015258789,102.5199966430664,103.77999877929688,99.83428192138672,1909300
2025-05-20,AEP,AEP,103.63999938964844,104.23999786376953,103.58999633789062,103.7300033569336,99.78618621826172,2408200
2025-05-21,AEP,AEP,103.55999755859375,103.91999816894531,102.43000030517578,102.93000030517578,99.0166015625,3340400
2025-05-22,AEP,AEP,102.83000183105469,103.06999969482422,100.93000030517578,101.80000305175781,97.9295654296875,3285100
2025-05-23,AEP,AEP,102.63999938964844,102.95999908447266,101.19999694824219,102.87999725341797,98.96849822998047,1888400
2025-05-27,AEP,AEP,103.44000244140625,103.44999694824219,102.56999969482422,102.91000366210938,98.99736785888672,2582100
2025-05-28,AEP,AEP,102.69999694824219,102.88999938964844,101.27999877929688,101.68000030517578,97.81412506103516,2426900
2025-05-29,AEP,AEP,101.68000030517578,102.7699966430664,100.86000061035156,102.52999877929688,98.6318130493164,2297600
2025-05-30,AEP,AEP,102.72000122070312,103.7699966430664,102.26000213623047,103.48999786376953,99.55531311035156,3896600
2025-06-02,AEP,AEP,102.87999725341797,103.48999786376953,102.25,103.18000030517578,99.2571029663086,2318100
2025-06-03,AEP,AEP,102.83000183105469,103.12000274658203,101.76000213623047,102.83000183105469,98.92041778564453,2423200
2025-06-04,AEP,AEP,102.8499984741211,103.33999633789062,101.7699966430664,101.8499984741211,97.97766876220703,1950500
2025-06-05,AEP,AEP,101.80000305175781,102.19000244140625,101.30000305175781,101.7699966430664,97.90070343017578,2034700
2025-06-06,AEP,AEP,101.83000183105469,102.0,101.1500015258789,101.79000091552734,97.9199447631836,2045100
2025-06-09,AEP,AEP,101.55000305175781,102.2699966430664,100.8499984741211,101.41000366210938,97.55440521240234,2418300
2025-06-10,AEP,AEP,101.55999755859375,102.04000091552734,100.77999877929688,101.87000274658203,97.99691772460938,2730500
2025-06-11,AEP,AEP,101.7300033569336,102.11000061035156,101.22000122070312,101.94000244140625,98.06425476074219,2193100
2025-06-12,AEP,AEP,102.19000244140625,103.0999984741211,101.95999908447266,103.0199966430664,99.1031723022461,2125000
2025-06-13,AEP,AEP,103.19999694824219,103.68000030517578,102.68000030517578,102.9000015258789,98.98773956298828,2389500
2025-06-16,AEP,AEP,103.0,103.52999877929688,101.30999755859375,101.91000366210938,98.03538513183594,2790700
2025-06-17,AEP,AEP,102.04000091552734,102.04000091552734,100.72000122070312,101.62000274658203,97.75641632080078,2418700
2025-06-18,AEP,AEP,101.6500015258789,101.95999908447266,100.80000305175781,101.19999694824219,97.35237121582031,1893500
2025-06-20,AEP,AEP,101.5,102.61000061035156,101.11000061035156,101.75,97.88146209716797,4085600
2025-06-23,AEP,AEP,102.4800033569336,103.54000091552734,102.37999725341797,103.30999755859375,99.38215637207031,3327700
2025-06-24,AEP,AEP,103.18000030517578,103.93000030517578,102.87000274658203,103.27999877929688,99.35328674316406,2260100
2025-06-25,AEP,AEP,103.0199966430664,103.08999633789062,101.2300033569336,101.41000366210938,97.55440521240234,2193000
2025-06-26,AEP,AEP,101.87999725341797,102.69999694824219,101.1500015258789,102.3499984741211,98.45865631103516,3001700
2025-06-27,AEP,AEP,102.48999786376953,103.33999633789062,102.18000030517578,102.45999908447266,98.56446838378906,3457500
2025-06-30,AEP,AEP,102.25,103.95999908447266,102.05999755859375,103.76000213623047,99.81504821777344,3246300
2025-07-01,AEP,AEP,104.0999984741211,104.83000183105469,103.0999984741211,104.38999938964844,100.42109680175781,3516300
2025-07-02,AEP,AEP,103.8499984741211,104.08999633789062,102.56999969482422,103.26000213623047,99.33406066894531,3259500
2025-07-03,AEP,AEP,103.1500015258789,104.19999694824219,102.9000015258789,103.86000061035156,99.91123962402344,1620500
2025-07-07,AEP,AEP,103.86000061035156,104.23999786376953,103.52999877929688,104.16999816894531,100.2094497680664,2705500
2025-07-08,AEP,AEP,103.44000244140625,104.27999877929688,102.38999938964844,103.95999908447266,100.0074462890625,2744400
2025-07-09,AEP,AEP,103.95999908447266,104.94999694824219,103.02999877929688,104.73999786376953,100.7577896118164,2201400
2025-07-10,AEP,AEP,104.0999984741211,106.2300033569336,103.86000061035156,106.04000091552734,102.00836944580078,2483000
2025-07-11,AEP,AEP,105.19000244140625,105.9000015258789,104.69000244140625,105.33999633789062,101.33496856689453,2473900
2025-07-14,AEP,AEP,105.31999969482422,106.2300033569336,104.45999908447266,105.0199966430664,101.02713775634766,2969000
2025-07-15,AEP,AEP,104.76000213623047,104.94999694824219,103.63999938964844,104.4000015258789,100.43071746826172,2422100
2025-07-16,AEP,AEP,104.4000015258789,105.70999908447266,104.1500015258789,105.48999786376953,101.4792709350586,2497100
2025-07-17,AEP,AEP,105.18000030517578,106.19000244140625,105.0199966430664,105.93000030517578,101.90254211425781,2271000
2025-07-18,AEP,AEP,106.5999984741211,107.91999816894531,105.94999694824219,107.4000015258789,103.316650390625,4443900
2025-07-21,AEP,AEP,107.66000366210938,109.08000183105469,107.5,108.54000091552734,104.41331481933594,2933300
2025-07-22,AEP,AEP,108.87000274658203,110.51000213623047,108.61000061035156,110.16000366210938,105.97172546386719,3504100
2025-07-23,AEP,AEP,110.25,110.25,108.36000061035156,108.88999938964844,104.75000762939453,2738800
2025-07-24,AEP,AEP,108.86000061035156,109.88999938964844,108.61000061035156,108.97000122070312,104.82697296142578,2491300
2025-07-25,AEP,AEP,109.12000274658203,109.97000122070312,108.75,109.79000091552734,105.61579132080078,2287300
2025-07-28,AEP,AEP,109.5,109.58000183105469,107.73999786376953,107.94999694824219,103.84574127197266,3049900
2025-07-29,AEP,AEP,108.38999938964844,109.27999877929688,107.75,109.22000122070312,105.06745910644531,3585200
2025-07-30,AEP,AEP,110.94000244140625,114.2300033569336,110.69999694824219,113.25,108.94422912597656,8827800
2025-07-31,AEP,AEP,112.55999755859375,113.9000015258789,111.7300033569336,113.13999938964844,108.83842468261719,4718300
2025-08-01,AEP,AEP,114.36000061035156,114.37999725341797,112.19999694824219,113.58000183105469,109.26168060302734,6100900
2025-08-04,AEP,AEP,114.11000061035156,115.29000091552734,113.7300033569336,115.0,110.6277084350586,3601200
2025-08-05,AEP,AEP,114.69000244140625,115.36000061035156,112.87999725341797,113.23999786376953,108.93461608886719,5616700
2025-08-06,AEP,AEP,113.56999969482422,114.33999633789062,112.9800033569336,113.48999786376953,109.17511749267578,3385200
2025-08-07,AEP,AEP,113.66000366210938,114.47000122070312,113.33000183105469,113.7300033569336,109.40599060058594,3312700
2025-08-08,AEP,AEP,112.98999786376953,113.45999908447266,112.4000015258789,112.5,109.1150131225586,2707600
2025-08-11,AEP,AEP,112.70999908447266,112.7699966430664,111.6500015258789,112.0,108.63006591796875,2033400
2025-08-12,AEP,AEP,112.05000305175781,112.18000030517578,111.12999725341797,111.98999786376953,108.62035369873047,2576800
2025-08-13,AEP,AEP,112.1500015258789,113.37000274658203,112.08000183105469,113.11000061035156,109.7066650390625,4601400
2025-08-14,AEP,AEP,113.0,113.2699966430664,112.52999877929688,112.86000061035156,109.46418762207031,2230700
2025-08-15,AEP,AEP,112.86000061035156,113.30000305175781,111.76000213623047,111.98999786376953,108.62035369873047,2354100
2025-08-18,AEP,AEP,111.98999786376953,112.33000183105469,110.68000030517578,110.69999694824219,107.36917114257812,3173900
2025-08-19,AEP,AEP,110.69999694824219,112.69000244140625,110.69999694824219,112.66000366210938,109.27021026611328,2725800
2025-08-20,AEP,AEP,113.44999694824219,115.08000183105469,113.1500015258789,113.55000305175781,110.13343811035156,2817700
2025-08-21,AEP,AEP,113.12000274658203,113.87000274658203,113.05000305175781,113.13999938964844,109.73576354980469,3112300
2025-08-22,AEP,AEP,113.87000274658203,114.58999633789062,112.83999633789062,114.0199966430664,110.58927917480469,2389100
2025-08-25,AEP,AEP,113.69999694824219,114.33999633789062,112.88999938964844,113.01000213623047,109.60968017578125,2332100
2025-08-26,AEP,AEP,113.33000183105469,113.33000183105469,112.22000122070312,112.62999725341797,109.24110412597656,4310200
2025-08-27,AEP,AEP,112.62999725341797,113.25,112.47000122070312,112.88999938964844,109.4932861328125,3328100
2025-08-28,AEP,AEP,113.0,113.16999816894531,111.55999755859375,111.77999877929688,108.41668701171875,3697300
2025-08-29,AEP,AEP,111.5,111.63999938964844,110.69999694824219,111.0199966430664,107.67955017089844,2896200
2025-09-02,AEP,AEP,110.95999908447266,111.13999938964844,109.6500015258789,110.08999633789062,106.77753448486328,2528600
2025-09-03,AEP,AEP,110.25,110.33000183105469,108.8499984741211,110.02999877929688,106.7193374633789,2429800
2025-09-04,AEP,AEP,110.54000091552734,110.7300033569336,106.94000244140625,108.63999938964844,105.37115478515625,5218200
2025-09-05,AEP,AEP,109.0,109.16000366210938,107.3499984741211,108.11000061035156,104.85710906982422,3664400
2025-09-08,AEP,AEP,108.22000122070312,108.30000305175781,106.87000274658203,107.55000305175781,104.31395721435547,2708100
2025-09-09,AEP,AEP,107.29000091552734,108.58000183105469,107.12999725341797,108.36000061035156,105.0995864868164,2678700
2025-09-10,AEP,AEP,108.43000030517578,108.81999969482422,107.58999633789062,108.33999633789062,105.0801773071289,2528600
2025-09-11,AEP,AEP,108.33999633789062,108.93000030517578,108.12999725341797,108.73999786376953,105.46814727783203,2634600
2025-09-12,AEP,AEP,108.66000366210938,109.72000122070312,108.51000213623047,109.45999908447266,106.1664810180664,2180700
2025-09-15,AEP,AEP,109.44000244140625,109.77999877929688,108.72000122070312,109.0999984741211,105.81731414794922,2511600
2025-09-16,AEP,AEP,109.0999984741211,109.13999938964844,106.61000061035156,106.83999633789062,103.62531280517578,4044500
2025-09-17,AEP,AEP,107.51000213623047,107.93000030517578,107.11000061035156,107.5199966430664,104.28485107421875,2540200
2025-09-18,AEP,AEP,107.11000061035156,107.33000183105469,106.30000305175781,106.44000244140625,103.23735809326172,2513400
2025-09-19,AEP,AEP,106.55000305175781,107.62999725341797,105.69999694824219,107.05999755859375,103.83869934082031,5846000
2025-09-22,AEP,AEP,106.94999694824219,107.37999725341797,106.12000274658203,107.05000305175781,103.82901000976562,2645900
2025-09-23,AEP,AEP,106.77999877929688,108.37000274658203,106.77999877929688,108.13999938964844,104.88619995117188,3052200
2025-09-24,AEP,AEP,108.26000213623047,109.58999633789062,108.08999633789062,108.87999725341797,105.60393524169922,3029100
2025-09-25,AEP,AEP,109.33000183105469,109.97000122070312,107.77999877929688,107.86000061035156,104.6146240234375,2758000
2025-09-26,AEP,AEP,108.37000274658203,109.51000213623047,108.1500015258789,109.13999938964844,105.85610961914062,3303000
2025-09-29,AEP,AEP,109.27999877929688,110.1500015258789,108.48999786376953,109.77999877929688,106.47686004638672,2879900
2025-09-30,AEP,AEP,109.81999969482422,112.62000274658203,109.66999816894531,112.5,109.1150131225586,4322900
2025-10-01,AEP,AEP,112.95999908447266,113.47000122070312,112.26000213623047,112.75,109.35749053955078,4407800
2025-10-02,AEP,AEP,112.11000061035156,114.05999755859375,111.7300033569336,113.45999908447266,110.04613494873047,4243400
2025-10-03,AEP,AEP,113.33999633789062,115.01000213623047,113.33999633789062,114.05999755859375,110.6280746459961,3554600
2025-10-06,AEP,AEP,114.05999755859375,115.83999633789062,113.44000244140625,115.66000366210938,112.17993927001953,5123200
2025-10-07,AEP,AEP,116.56999969482422,119.05999755859375,116.2300033569336,118.16000366210938,114.6047134399414,4141800
2025-10-08,AEP,AEP,118.55999755859375,118.68000030517578,116.1500015258789,118.19000244140625,114.6338119506836,3869600
2025-10-09,AEP,AEP,118.7699966430664,118.80999755859375,116.38999938964844,116.91000366210938,113.39232635498047,2915900
2025-10-10,AEP,AEP,117.5199966430664,117.75,115.6500015258789,117.04000091552734,113.51841735839844,3890000
2025-10-13,AEP,AEP,116.95999908447266,117.81999969482422,116.20999908447266,116.80000305175781,113.28563690185547,2253200
2025-10-14,AEP,AEP,117.2300033569336,118.69000244140625,117.0,118.37999725341797,114.8180923461914,3189800
2025-10-15,AEP,AEP,119.4000015258789,119.4000015258789,117.77999877929688,118.52999877929688,114.96357727050781,2495200
2025-10-16,AEP,AEP,119.88999938964844,120.45999908447266,117.36000061035156,117.52999877929688,113.99366760253906,4072000
2025-10-17,AEP,AEP,118.0999984741211,118.19999694824219,116.76000213623047,117.52999877929688,113.99366760253906,2762000
2025-10-20,AEP,AEP,118.12999725341797,118.19000244140625,116.87000274658203,117.81999969482422,114.27494049072266,2989400
2025-10-21,AEP,AEP,117.97000122070312,118.0,116.54000091552734,117.43000030517578,113.89668273925781,2395600
2025-10-22,AEP,AEP,117.43000030517578,118.16999816894531,117.06999969482422,117.2699966430664,113.74149322509766,2461700
2025-10-23,AEP,AEP,117.62999725341797,117.70999908447266,115.43000030517578,116.18000030517578,112.68428802490234,2284100
2025-10-24,AEP,AEP,116.47000122070312,117.12000274658203,115.8499984741211,115.9800033569336,112.49031066894531,1888200
2025-10-27,AEP,AEP,115.4800033569336,116.70999908447266,115.12000274658203,116.38999938964844,112.88796997070312,2811100
2025-10-28,AEP,AEP,116.5199966430664,116.61000061035156,114.66999816894531,115.11000061035156,111.64649200439453,3890300
2025-10-29,AEP,AEP,120.30000305175781,122.79000091552734,120.01000213623047,122.11000061035156,118.43585968017578,9568500
2025-10-30,AEP,AEP,121.55000305175781,122.8499984741211,120.80000305175781,121.88999938964844,118.22248077392578,4430100
2025-10-31,AEP,AEP,120.88999938964844,121.0,119.77999877929688,120.26000213623047,116.64153289794922,4518400
2025-11-03,AEP,AEP,120.0,120.12999725341797,118.3499984741211,119.91999816894531,116.31175231933594,3108600
2025-11-04,AEP,AEP,120.36000061035156,120.88999938964844,119.62000274658203,120.30000305175781,116.68032836914062,2678700
2025-11-05,AEP,AEP,120.56999969482422,121.13999938964844,118.19000244140625,119.76000213623047,116.15657043457031,3738900
2025-11-06,AEP,AEP,119.4000015258789,120.51000213623047,119.18000030517578,119.52999877929688,115.93348693847656,6242600
2025-11-07,AEP,AEP,120.04000091552734,121.5999984741211,119.88999938964844,121.43000030517578,117.77632141113281,3283900
2025-11-10,AEP,AEP,120.94000244140625,123.30999755859375,120.48999786376953,122.55999755859375,119.80964660644531,5090000
2025-11-11,AEP,AEP,122.87000274658203,123.22000122070312,122.25,122.7300033569336,119.97583770751953,3469000
2025-11-12,AEP,AEP,122.70999908447266,122.98999786376953,121.80999755859375,122.68000030517578,119.92696380615234,3493100
2025-11-13,AEP,AEP,122.25,123.02999877929688,121.41999816894531,121.4800033569336,118.75389862060547,2900500
2025-11-14,AEP,AEP,121.58000183105469,122.36000061035156,120.63999938964844,121.30000305175781,118.57793426513672,3047300
2025-11-17,AEP,AEP,122.31999969482422,124.01000213623047,121.55999755859375,123.72000122070312,120.94361877441406,4266000
2025-11-18,AEP,AEP,124.41999816894531,124.80000305175781,123.29000091552734,123.51000213623047,120.73833465576172,3121500
2025-11-19,AEP,AEP,123.31999969482422,123.4800033569336,121.18000030517578,121.70999908447266,118.97872161865234,3569700
2025-11-20,AEP,AEP,121.8499984741211,122.29000091552734,120.79000091552734,120.9000015258789,118.18690490722656,3298400
2025-11-21,AEP,AEP,121.16999816894531,121.72000122070312,120.47000122070312,120.83999633789062,118.12824249267578,3232800
2025-11-24,AEP,AEP,120.7699966430664,122.83999633789062,119.58999633789062,122.04000091552734,119.30131530761719,6435000
2025-11-25,AEP,AEP,122.5999984741211,122.80999755859375,121.0199966430664,121.58000183105469,118.85163879394531,4552200
2025-11-26,AEP,AEP,121.80000305175781,122.80000305175781,121.80000305175781,122.72000122070312,119.96605682373047,2681100
2025-11-28,AEP,AEP,122.87999725341797,123.9000015258789,122.72000122070312,123.7699966430664,120.99250030517578,1801300
2025-12-01,AEP,AEP,123.11000061035156,123.2300033569336,120.37000274658203,120.51000213623047,117.80564880371094,3322200
2025-12-02,AEP,AEP,120.7699966430664,121.38999938964844,118.80999755859375,119.2300033569336,116.55438232421875,2878900
2025-12-03,AEP,AEP,119.2300033569336,119.7300033569336,117.7699966430664,118.05999755859375,115.41062927246094,3429600
2025-12-04,AEP,AEP,118.19000244140625,119.11000061035156,117.2699966430664,118.04000091552734,115.3910903930664,3501500
2025-12-05,AEP,AEP,117.87000274658203,118.12000274658203,116.83000183105469,117.54000091552734,114.90230560302734,3166400
2025-12-08,AEP,AEP,117.54000091552734,117.58000183105469,115.30999755859375,115.7300033569336,113.13292694091797,3422900
2025-12-09,AEP,AEP,116.27999877929688,117.08999633789062,115.81999969482422,116.06999969482422,113.46529388427734,2196400
2025-12-10,AEP,AEP,116.66000366210938,116.66000366210938,113.83999633789062,114.16000366210938,111.59815979003906,3241300
2025-12-11,AEP,AEP,114.51000213623047,115.30999755859375,113.68000030517578,114.26000213623047,111.69591522216797,3171500
2025-12-12,AEP,AEP,115.0,115.44000244140625,113.83999633789062,114.12999725341797,111.5688247680664,2671700
2025-12-15,AEP,AEP,114.75,116.08000183105469,114.41000366210938,115.7699966430664,113.1720199584961,3031100
2025-12-16,AEP,AEP,115.7699966430664,116.12000274658203,113.9800033569336,114.56999969482422,111.99895477294922,2706000
2025-12-17,AEP,AEP,114.44000244140625,115.02999877929688,113.87000274658203,114.70999908447266,112.13581085205078,3808900
2025-12-18,AEP,AEP,115.0,115.80000305175781,115.0,115.58000183105469,112.98628997802734,4794800
2025-12-19,AEP,AEP,115.1500015258789,116.38999938964844,114.36000061035156,114.48999786376953,111.92073822021484,7322400
2025-12-22,AEP,AEP,114.16000366210938,114.91000366210938,113.83999633789062,114.62000274658203,112.04783630371094,3049000
2025-12-23,AEP,AEP,114.58999633789062,115.2300033569336,114.23999786376953,115.1500015258789,112.5659408569336,2918000
2025-12-24,AEP,AEP,115.05000305175781,115.38999938964844,114.80999755859375,115.30999755859375,112.72234344482422,1057700
2025-12-26,AEP,AEP,115.19000244140625,115.93000030517578,115.0,115.66999816894531,113.07426452636719,1896100
2025-12-29,AEP,AEP,116.0999984741211,116.72000122070312,115.62000274658203,115.7699966430664,113.1720199584961,1814700
2025-12-30,AEP,AEP,115.58000183105469,116.20999908447266,115.44999694824219,115.98999786376953,113.38709259033203,6956400
2025-12-31,AEP,AEP,116.01000213623047,116.06999969482422,115.16000366210938,115.30999755859375,112.72234344482422,1579400
2026-01-02,AEP,AEP,115.44000244140625,116.19999694824219,114.41999816894531,115.80999755859375,113.21112823486328,3906700
2026-01-05,AEP,AEP,115.56999969482422,115.56999969482422,112.54000091552734,114.06999969482422,111.51016998291016,3894400
2026-01-06,AEP,AEP,114.05000305175781,115.2300033569336,113.8499984741211,115.04000091552734,112.45841217041016,2535800
2026-01-07,AEP,AEP,115.33000183105469,115.5199966430664,113.25,113.69999694824219,111.14847564697266,2557000
2026-01-08,AEP,AEP,113.87999725341797,116.5,113.73999786376953,115.93000030517578,113.32843780517578,3230800
2026-01-09,AEP,AEP,116.0,117.41000366210938,115.94999694824219,116.91000366210938,114.28644561767578,2867700
2026-01-12,AEP,AEP,115.5999984741211,117.69999694824219,115.36000061035156,116.56999969482422,113.95407104492188,3437400
2026-01-13,AEP,AEP,116.56999969482422,117.01000213623047,115.56999969482422,116.62000274658203,114.0029525756836,2735100
2026-01-14,AEP,AEP,116.98999786376953,118.56999969482422,116.68000030517578,118.11000061035156,115.45951080322266,3143800
2026-01-15,AEP,AEP,118.41000366210938,119.69999694824219,117.6500015258789,119.4000015258789,116.72056579589844,3085800
2026-01-16,AEP,AEP,119.0199966430664,120.13999938964844,118.22000122070312,119.95999908447266,117.26799774169922,4044500
2026-01-20,AEP,AEP,119.19999694824219,120.44999694824219,118.2699966430664,119.22000122070312,116.54460144042969,4776400
2026-01-21,AEP,AEP,119.75,120.3499984741211,117.8499984741211,118.9800033569336,116.30998992919922,3632500
2026-01-22,AEP,AEP,118.70999908447266,119.36000061035156,117.02999877929688,117.18000030517578,114.55038452148438,2880500
2026-01-23,AEP,AEP,116.93000030517578,117.16999816894531,115.55999755859375,116.62999725341797,114.0127182006836,2525900
2026-01-26,AEP,AEP,117.11000061035156,119.16999816894531,117.01000213623047,118.0199966430664,115.37152862548828,3992200
2026-01-27,AEP,AEP,117.73999786376953,119.76000213623047,117.4800033569336,119.43000030517578,116.74988555908203,2675700
2026-01-28,AEP,AEP,119.25,120.19999694824219,118.52999877929688,119.12000274658203,116.44685363769531,1888800
2026-01-29,AEP,AEP,119.56999969482422,120.81999969482422,118.55000305175781,119.20999908447266,116.53482818603516,3537800
2026-01-30,AEP,AEP,119.0199966430664,119.87999725341797,117.9800033569336,119.77999877929688,117.09203338623047,3640700
2026-02-02,AEP,AEP,119.9800033569336,120.37999725341797,118.05999755859375,118.33000183105469,115.6745834350586,3941300
2026-02-03,AEP,AEP,118.75,121.41999816894531,118.75,120.66999816894531,117.9620590209961,3482200
2026-02-04,AEP,AEP,121.55000305175781,122.19000244140625,119.72000122070312,119.9800033569336,117.28754425048828,4653400
2026-02-05,AEP,AEP,120.7699966430664,121.41999816894531,119.80000305175781,120.61000061035156,117.90341186523438,4338300
2026-02-06,AEP,AEP,121.20999908447266,122.44000244140625,119.86000061035156,120.80000305175781,118.08914947509766,2767700
2026-02-09,AEP,AEP,120.54000091552734,121.4800033569336,119.91999816894531,121.0999984741211,118.38241577148438,2654000
2026-02-10,AEP,AEP,120.23999786376953,122.4000015258789,119.70999908447266,121.2300033569336,119.44652557373047,3506000
2026-02-11,AEP,AEP,121.45999908447266,122.58999633789062,120.47000122070312,122.25,120.45152282714844,2843800
2026-02-12,AEP,AEP,124.19999694824219,128.9199981689453,123.69000244140625,126.43000030517578,124.57003021240234,6301700
2026-02-13,AEP,AEP,127.31999969482422,130.07000732421875,126.61000061035156,129.94000244140625,128.0283966064453,4671900
2026-02-17,AEP,AEP,131.30999755859375,132.77999877929688,129.61000061035156,130.24000549316406,128.323974609375,4034900
2026-02-18,AEP,AEP,129.83999633789062,130.3000030517578,126.8499984741211,127.2699966430664,125.39766693115234,3626100
2026-02-19,AEP,AEP,127.2699966430664,128.83999633789062,127.08000183105469,128.4199981689453,126.53074645996094,2556200
2026-02-20,AEP,AEP,129.33999633789062,129.91000366210938,127.72000122070312,129.3699951171875,127.46676635742188,3021300
2026-02-23,AEP,AEP,129.47999572753906,132.11000061035156,129.39999389648438,132.02999877929688,130.08763122558594,3592500
2026-02-24,AEP,AEP,131.4600067138672,132.55999755859375,130.27000427246094,132.38999938964844,130.4423370361328,3209200
2026-02-25,AEP,AEP,132.1699981689453,132.85000610351562,130.27000427246094,132.4600067138672,130.51132202148438,3459800
2026-02-26,AEP,AEP,132.2100067138672,133.05999755859375,131.14999389648438,132.10000610351562,130.1566162109375,3811400
2026-02-27,AEP,AEP,132.11000061035156,134.60000610351562,132.0399932861328,133.82000732421875,131.85130310058594,3332600
2026-03-02,AEP,AEP,133.8300018310547,134.22999572753906,133.00999450683594,133.2899932861328,131.3291015625,2978600
2026-03-03,AEP,AEP,132.38999938964844,133.32000732421875,129.60000610351562,131.9199981689453,129.979248046875,4048500
2026-03-04,AEP,AEP,132.4199981689453,133.75999450683594,130.86000061035156,133.52000427246094,131.55572509765625,4758400
2026-03-05,AEP,AEP,132.72000122070312,133.0,130.35000610351562,132.0399932861328,130.0974884033203,5158700
2026-03-06,AEP,AEP,130.97999572753906,132.6300048828125,130.16000366210938,131.8699951171875,129.92999267578125,4613800
2026-03-09,AEP,AEP,131.80999755859375,132.35000610351562,130.7899932861328,131.86000061035156,129.92015075683594,4476500
2026-03-10,AEP,AEP,131.47999572753906,133.27999877929688,131.1300048828125,132.30999755859375,130.363525390625,3211800
2026-03-11,AEP,AEP,131.80999755859375,132.16000366210938,130.8300018310547,131.25999450683594,129.32896423339844,2522500
2026-03-12,AEP,AEP,131.0500030517578,133.97000122070312,130.8000030517578,132.22000122070312,130.27484130859375,2500200
2026-03-13,AEP,AEP,133.50999450683594,134.47999572753906,133.10000610351562,133.61000061035156,131.6444091796875,3632100
2026-03-16,AEP,AEP,134.75999450683594,135.0,133.50999450683594,134.14999389648438,132.17645263671875,4356800
2026-03-17,AEP,AEP,134.7899932861328,135.0,133.3699951171875,133.6199951171875,131.6542510986328,2541300
2026-03-18,AEP,AEP,133.0399932861328,133.42999267578125,130.88999938964844,130.97000122070312,129.04322814941406,3800100
2026-03-19,AEP,AEP,131.0,131.4499969482422,126.70999908447266,128.72000122070312,126.82633972167969,5845200
2026-03-20,AEP,AEP,128.17999267578125,128.9199981689453,125.08000183105469,125.66000366210938,123.81135559082031,8610800
2026-03-23,AEP,AEP,126.79000091552734,128.91000366210938,125.8499984741211,127.91999816894531,126.0381088256836,4406700
2026-03-24,AEP,AEP,127.25,129.88999938964844,126.83000183105469,128.8000030517578,126.90515899658203,2559500
2026-03-25,AEP,AEP,129.4600067138672,129.5,128.0399932861328,128.3000030517578,126.41251373291016,3335000
2026-03-26,AEP,AEP,128.72000122070312,129.5,127.66000366210938,128.85000610351562,126.95442962646484,3597400
2026-03-27,AEP,AEP,128.83999633789062,131.50999450683594,128.32000732421875,130.10000610351562,128.18603515625,4404500
2026-03-30,AEP,AEP,131.61000061035156,132.2899932861328,130.50999450683594,131.1199951171875,129.19102478027344,2717400
2026-03-31,AEP,AEP,131.41000366210938,131.77999877929688,129.88999938964844,131.0800018310547,129.151611328125,3124300
2026-04-01,AEP,AEP,130.69000244140625,132.16000366210938,130.50999450683594,131.6699981689453,129.73292541503906,2582500
2026-04-02,AEP,AEP,131.72000122070312,133.3300018310547,130.52000427246094,132.67999267578125,130.7280731201172,1998500
2026-04-06,AEP,AEP,131.6999969482422,133.1199951171875,131.6999969482422,132.36000061035156,130.41278076171875,1852300
2026-04-07,AEP,AEP,132.1699981689453,133.57000732421875,131.94000244140625,132.9199981689453,130.9645538330078,1814000
2026-04-08,AEP,AEP,132.08999633789062,134.85000610351562,131.55999755859375,134.7100067138672,132.7282257080078,2398600
2026-04-09,AEP,AEP,134.42999267578125,137.74000549316406,134.42999267578125,137.14999389648438,135.13230895996094,2562500
2026-04-10,AEP,AEP,137.0,137.72000122070312,136.27000427246094,136.3000030517578,134.29483032226562,1982200
2026-04-13,AEP,AEP,136.49000549316406,136.60000610351562,133.5800018310547,134.4600067138672,132.48190307617188,2401500
2026-04-14,AEP,AEP,134.52000427246094,135.49000549316406,132.75,135.4600067138672,133.46719360351562,3162400
2026-04-15,AEP,AEP,134.7899932861328,135.05999755859375,133.69000244140625,134.38999938964844,132.4129180908203,2382600
2026-04-16,AEP,AEP,134.55999755859375,135.16000366210938,133.0,134.55999755859375,132.58042907714844,2450200
2026-04-17,AEP,AEP,134.14999389648438,134.1699981689453,132.02000427246094,133.66000366210938,131.69366455078125,2869800
2026-04-20,AEP,AEP,134.35000610351562,135.4199981689453,133.1199951171875,133.27999877929688,131.3192596435547,2646000
2026-04-21,AEP,AEP,133.97999572753906,133.97999572753906,131.74000549316406,131.88999938964844,129.94969177246094,2451000
2026-04-22,AEP,AEP,132.69000244140625,133.60000610351562,131.1999969482422,131.6199951171875,129.6836700439453,2124100
2026-04-23,AEP,AEP,132.77999877929688,135.3699951171875,132.58999633789062,135.0800018310547,133.0927734375,1898200
2026-04-24,AEP,AEP,133.82000732421875,135.55999755859375,133.80999755859375,134.72999572753906,132.74790954589844,1904700
2026-04-27,AEP,AEP,135.02000427246094,136.05999755859375,134.75999450683594,135.07000732421875,133.0829315185547,2723300
2026-04-28,AEP,AEP,136.2899932861328,136.5800018310547,135.0500030517578,135.58999633789062,133.5952606201172,2367900
2026-04-29,AEP,AEP,135.1199951171875,136.07000732421875,134.17999267578125,134.44000244140625,132.46218872070312,2912700
2026-04-30,AEP,AEP,135.22999572753906,137.67999267578125,134.99000549316406,137.11000061035156,135.09291076660156,3691300
2026-05-01,AEP,AEP,136.8699951171875,138.49000549316406,136.22000122070312,136.91000366210938,134.89584350585938,2390100
2026-05-04,AEP,AEP,136.14999389648438,137.0399932861328,134.14999389648438,134.66000366210938,132.678955078125,3314600
2026-05-05,AEP,AEP,138.49000549316406,139.44000244140625,136.22000122070312,137.0399932861328,135.02392578125,4078200
2026-05-06,AEP,AEP,136.57000732421875,136.60000610351562,132.5,132.55999755859375,130.60984802246094,4245700
2026-05-07,AEP,AEP,131.63999938964844,132.8000030517578,131.3300018310547,131.75999450683594,129.8216094970703,3107200
2026-05-08,AEP,AEP,131.2100067138672,132.0800018310547,130.10000610351562,130.16000366210938,129.17652893066406,2660200
2026-05-11,AEP,AEP,130.75,131.77000427246094,130.10000610351562,130.6999969482422,129.7124481201172,3179200
2026-05-12,AEP,AEP,130.6199951171875,132.25,129.44000244140625,131.94000244140625,130.9430694580078,2756500
2026-05-13,AEP,AEP,126.93000030517578,128.47999572753906,126.1500015258789,127.94999694824219,126.98322296142578,15607600
2026-05-14,AEP,AEP,127.58000183105469,128.63999938964844,127.48999786376953,128.60000610351562,127.6283187866211,6382500
2026-05-15,AEP,AEP,127.9000015258789,128.00999450683594,124.68000030517578,125.1500015258789,124.20438385009766,9225500
2026-05-18,AEP,AEP,125.93000030517578,127.83999633789062,124.98999786376953,127.68000030517578,126.71526336669922,5462900
2026-05-19,AEP,AEP,127.0,129.0399932861328,126.2699966430664,128.9199981689453,127.94589233398438,4494500
2026-05-20,AEP,AEP,129.5,129.92999267578125,128.50999450683594,128.8699951171875,127.8962631225586,5812900
2026-05-21,AEP,AEP,128.94000244140625,129.82000732421875,128.25,129.61000061035156,128.63067626953125,5244600
2026-05-22,AEP,AEP,129.66000366210938,131.75,129.5800018310547,131.58999633789062,130.59571838378906,3280600
2026-05-26,AEP,AEP,131.94000244140625,132.1199951171875,130.52000427246094,130.89999389648438,129.91091918945312,5996400
2026-05-27,AEP,AEP,130.10000610351562,131.0,129.3800048828125,129.57000732421875,128.5909881591797,3182700
2026-05-28,AEP,AEP,129.57000732421875,129.77000427246094,126.69999694824219,127.76000213623047,126.79466247558594,4532800
2026-05-29,AEP,AEP,127.63999938964844,127.88999938964844,126.13999938964844,126.66999816894531,125.712890625,5664300
2026-06-01,AEP,AEP,125.66999816894531,125.66999816894531,123.73999786376953,123.79000091552734,122.85465240478516,3274200
2026-06-02,AEP,AEP,124.20999908447266,127.1500015258789,124.0,127.11000061035156,126.14956665039062,4360900
2026-06-03,AEP,AEP,127.19999694824219,129.58999633789062,126.26000213623047,126.30999755859375,125.3556137084961,4951800
2026-06-04,AEP,AEP,127.37000274658203,127.97000122070312,125.95999908447266,127.79000091552734,126.82443237304688,4821300
2026-06-05,AEP,AEP,128.5,130.22000122070312,128.2100067138672,129.13999938964844,128.1642303466797,3544500
2026-06-08,AEP,AEP,129.0800018310547,129.44000244140625,126.4000015258789,126.7699966430664,125.8121337890625,5405800
2026-06-09,AEP,AEP,126.62000274658203,128.3800048828125,126.08000183105469,127.76000213623047,126.79466247558594,5571800
2026-06-10,AEP,AEP,128.47000122070312,128.94000244140625,127.05000305175781,128.52999877929688,127.558837890625,5817600
2026-06-11,AEP,AEP,128.61000061035156,130.00999450683594,128.2899932861328,128.47999572753906,127.50921630859375,4625600
2026-06-12,AEP,AEP,128.60000610351562,129.50999450683594,128.0,129.22999572753906,128.2535400390625,4155800
2026-06-15,AEP,AEP,128.32000732421875,130.0500030517578,127.5999984741211,129.30999755859375,128.33294677734375,5285800
2026-06-16,AEP,AEP,129.80999755859375,131.25999450683594,129.1300048828125,129.75,128.76962280273438,5199800
2026-06-17,AEP,AEP,128.77999877929688,130.07000732421875,127.31999969482422,128.27000427246094,127.30081176757812,6105000
2026-06-18,AEP,AEP,128.66000366210938,129.64999389648438,126.9800033569336,127.69000244140625,126.72518920898438,10158200
2026-06-22,AEP,AEP,128.19000244140625,130.8800048828125,127.94000244140625,130.3000030517578,129.3154754638672,6591600
2026-06-23,AEP,AEP,131.42999267578125,134.0500030517578,130.25,133.74000549316406,132.72947692871094,10421600
2026-06-24,AEP,AEP,134.22000122070312,135.5,132.9199981689453,134.9600067138672,133.9402618408203,6011400
2026-06-25,AEP,AEP,135.22999572753906,137.5399932861328,135.00999450683594,137.0,135.96484375,4483400
2026-06-26,AEP,AEP,138.02999877929688,139.0800018310547,137.60000610351562,138.69000244140625,137.64207458496094,8131900
2026-06-29,AEP,AEP,139.02999877929688,139.3300018310547,136.55999755859375,137.97000122070312,136.92752075195312,6770600
2026-06-30,AEP,AEP,137.0,138.02000427246094,136.1199951171875,136.80999755859375,135.77627563476562,6677300
2026-07-01,AEP,AEP,136.8699951171875,137.36000061035156,134.47000122070312,135.0500030517578,134.02957153320312,4974900
2026-07-02,AEP,AEP,135.8800048828125,138.60000610351562,135.66000366210938,138.50999450683594,137.4634246826172,8802800
2026-07-06,AEP,AEP,137.88999938964844,138.4600067138672,135.22999572753906,135.97999572753906,134.95254516601562,7295000
2026-07-07,AEP,AEP,137.52000427246094,140.5800018310547,137.2899932861328,137.52999877929688,136.49082946777344,3676700
2026-07-08,AEP,AEP,137.63999938964844,138.22999572753906,135.5399932861328,135.89999389648438,134.87315368652344,3592600
2026-07-09,AEP,AEP,135.89999389648438,136.52000427246094,133.52000427246094,133.85000610351562,132.83865356445312,5548900
2026-07-10,AEP,AEP,133.83999633789062,135.5500030517578,133.83999633789062,135.42999267578125,134.4066925048828,3220900
2026-07-13,AEP,AEP,135.57000732421875,136.52000427246094,135.08999633789062,135.6300048828125,134.60519409179688,3459700
2026-07-14,AEP,AEP,135.74000549316406,136.60000610351562,134.5399932861328,134.94000244140625,133.92041015625,4535900
