Date,Symbol,DownloadSymbol,Open,High,Low,Close,Adj Close,Volume
2016-07-14,BR,BR,67.5,67.55000305175781,67.11000061035156,67.16999816894531,56.11771011352539,468100
2016-07-15,BR,BR,67.11000061035156,67.1500015258789,66.5,66.69999694824219,55.72502517700195,673800
2016-07-18,BR,BR,66.80000305175781,67.05000305175781,66.55999755859375,66.6500015258789,55.683265686035156,363400
2016-07-19,BR,BR,66.58000183105469,67.04000091552734,66.55999755859375,67.02999877929688,56.00074005126953,318200
2016-07-20,BR,BR,67.5,68.11000061035156,67.33000183105469,67.58000183105469,56.460235595703125,432800
2016-07-21,BR,BR,67.5,67.7699966430664,67.0999984741211,67.37999725341797,56.29315948486328,389000
2016-07-22,BR,BR,67.51000213623047,68.23999786376953,67.30000305175781,68.05000305175781,56.8528938293457,342000
2016-07-25,BR,BR,68.01000213623047,68.05000305175781,67.58000183105469,67.61000061035156,56.48530197143555,579200
2016-07-26,BR,BR,67.62999725341797,68.41999816894531,67.62999725341797,68.37000274658203,57.120269775390625,624400
2016-07-27,BR,BR,68.38999938964844,68.44000244140625,68.02999877929688,68.18000030517578,56.96150588989258,632200
2016-07-28,BR,BR,68.12000274658203,68.41000366210938,67.4800033569336,67.6500015258789,56.518714904785156,429600
2016-07-29,BR,BR,67.66000366210938,67.93000030517578,67.33999633789062,67.68000030517578,56.54378890991211,472500
2016-08-01,BR,BR,67.73999786376953,68.66000366210938,67.62999725341797,68.5999984741211,57.312408447265625,525300
2016-08-02,BR,BR,68.62000274658203,68.80999755859375,67.88999938964844,68.08000183105469,56.87797164916992,356700
2016-08-03,BR,BR,68.18000030517578,68.18000030517578,67.72000122070312,67.9800033569336,56.7944221496582,461000
2016-08-04,BR,BR,68.05000305175781,68.55000305175781,68.05000305175781,68.27999877929688,57.045066833496094,695800
2016-08-05,BR,BR,68.5999984741211,69.19000244140625,68.56999969482422,68.76000213623047,57.44609832763672,856900
2016-08-08,BR,BR,68.76000213623047,68.93000030517578,68.45999908447266,68.48999786376953,57.22050857543945,649400
2016-08-09,BR,BR,68.05000305175781,68.93000030517578,67.22000122070312,68.62999725341797,57.33745574951172,1107300
2016-08-10,BR,BR,68.19999694824219,70.1500015258789,68.19999694824219,69.51000213623047,58.07266616821289,997700
2016-08-11,BR,BR,69.5999984741211,69.77999877929688,68.55999755859375,69.12000274658203,57.7468376159668,1158600
2016-08-12,BR,BR,68.98999786376953,69.27999877929688,68.37000274658203,68.4800033569336,57.212162017822266,631500
2016-08-15,BR,BR,68.4800033569336,68.56999969482422,67.94000244140625,67.98999786376953,56.80278015136719,879500
2016-08-16,BR,BR,67.87000274658203,68.02999877929688,67.01000213623047,67.05999755859375,56.02578353881836,909200
2016-08-17,BR,BR,67.01000213623047,67.12000274658203,66.38999938964844,66.63999938964844,55.67491149902344,976100
2016-08-18,BR,BR,66.6500015258789,67.05000305175781,66.6500015258789,66.9000015258789,55.892120361328125,820800
2016-08-19,BR,BR,67.0,67.12000274658203,66.77999877929688,67.0,55.975677490234375,852200
2016-08-22,BR,BR,67.0,68.23999786376953,66.97000122070312,68.08000183105469,56.87797164916992,973800
2016-08-23,BR,BR,68.38999938964844,68.58000183105469,68.08000183105469,68.3499984741211,57.103553771972656,565200
2016-08-24,BR,BR,68.36000061035156,68.51000213623047,68.05000305175781,68.37000274658203,57.120269775390625,452200
2016-08-25,BR,BR,68.41000366210938,69.0999984741211,68.37999725341797,69.08000183105469,57.71342849731445,581800
2016-08-26,BR,BR,69.0,69.38999938964844,68.72000122070312,69.0,57.6465950012207,346600
2016-08-29,BR,BR,69.0,69.44999694824219,68.91999816894531,69.02999877929688,57.67164993286133,535800
2016-08-30,BR,BR,69.16999816894531,69.37999725341797,68.7300033569336,69.05999755859375,57.69673156738281,336900
2016-08-31,BR,BR,69.01000213623047,69.41000366210938,68.80000305175781,69.30000305175781,57.89722442626953,751500
2016-09-01,BR,BR,69.30999755859375,70.1500015258789,69.25,70.1500015258789,58.607364654541016,530100
2016-09-02,BR,BR,70.41999816894531,70.91999816894531,70.41999816894531,70.91999816894531,59.25065231323242,432100
2016-09-06,BR,BR,71.02999877929688,71.22000122070312,70.58999633789062,71.22000122070312,59.50129699707031,718600
2016-09-07,BR,BR,71.0999984741211,71.73999786376953,70.91999816894531,71.41000366210938,59.660057067871094,593500
2016-09-08,BR,BR,71.12999725341797,71.37000274658203,71.0,71.05000305175781,59.35927963256836,434300
2016-09-09,BR,BR,70.55000305175781,70.55000305175781,69.41000366210938,69.41999816894531,57.997474670410156,603100
2016-09-12,BR,BR,69.30999755859375,70.06999969482422,69.12999725341797,69.94999694824219,58.440277099609375,620800
2016-09-13,BR,BR,69.62999725341797,69.95999908447266,68.63999938964844,68.7300033569336,57.69318771362305,760900
2016-09-14,BR,BR,69.0,69.12999725341797,67.9000015258789,67.97000122070312,57.05523681640625,570900
2016-09-15,BR,BR,68.06999969482422,68.68000030517578,67.69000244140625,68.55000305175781,57.542091369628906,373400
2016-09-16,BR,BR,68.55999755859375,68.79000091552734,68.12999725341797,68.69000244140625,57.65962219238281,668000
2016-09-19,BR,BR,68.91999816894531,69.4800033569336,68.23999786376953,68.58999633789062,57.575653076171875,396200
2016-09-20,BR,BR,68.79000091552734,69.20999908447266,68.51000213623047,68.72000122070312,57.68479537963867,446700
2016-09-21,BR,BR,68.9000015258789,69.75,68.79000091552734,69.5199966430664,58.35633087158203,577700
2016-09-22,BR,BR,69.88999938964844,70.05000305175781,69.62000274658203,69.83999633789062,58.62495040893555,453500
2016-09-23,BR,BR,69.52999877929688,69.58000183105469,68.75,68.7699966430664,57.72676467895508,507600
2016-09-26,BR,BR,68.30000305175781,70.08000183105469,68.12000274658203,69.87000274658203,58.650142669677734,1360600
2016-09-27,BR,BR,69.69999694824219,69.83999633789062,68.97000122070312,69.06999969482422,57.97858428955078,1059300
2016-09-28,BR,BR,69.41999816894531,69.41999816894531,68.69999694824219,69.37000274658203,58.23041534423828,547800
2016-09-29,BR,BR,68.68000030517578,68.68000030517578,67.37000274658203,67.37999725341797,56.55998611450195,849900
2016-09-30,BR,BR,67.5199966430664,68.16999816894531,67.2699966430664,67.79000091552734,56.904136657714844,738300
2016-10-03,BR,BR,67.66000366210938,67.88999938964844,67.43000030517578,67.58000183105469,56.72785949707031,574200
2016-10-04,BR,BR,67.91000366210938,68.23999786376953,67.26000213623047,67.33999633789062,56.526397705078125,553400
2016-10-05,BR,BR,67.72000122070312,67.72000122070312,67.19999694824219,67.31999969482422,56.509605407714844,481100
2016-10-06,BR,BR,67.33999633789062,68.04000091552734,67.0999984741211,67.91999816894531,57.013267517089844,480100
2016-10-07,BR,BR,67.83000183105469,68.11000061035156,66.62000274658203,66.88999938964844,56.14866638183594,724800
2016-10-10,BR,BR,67.37999725341797,67.75,66.58000183105469,66.61000061035156,55.91362380981445,409800
2016-10-11,BR,BR,66.33000183105469,66.4000015258789,64.7300033569336,65.11000061035156,54.654502868652344,992600
2016-10-12,BR,BR,65.37000274658203,65.72000122070312,64.79000091552734,65.36000061035156,54.86436080932617,493400
2016-10-13,BR,BR,64.87999725341797,65.63999938964844,64.86000061035156,65.26000213623047,54.78041458129883,468700
2016-10-14,BR,BR,65.52999877929688,65.95999908447266,65.37000274658203,65.73999786376953,55.18333435058594,427900
2016-10-17,BR,BR,65.6500015258789,66.11000061035156,65.43000030517578,65.5199966430664,54.99864959716797,411100
2016-10-18,BR,BR,66.22000122070312,66.22000122070312,65.44999694824219,65.5,54.98188018798828,375800
2016-10-19,BR,BR,65.37000274658203,65.5,64.95999908447266,64.98999786376953,54.55376052856445,388700
2016-10-20,BR,BR,64.76000213623047,64.93000030517578,63.97999954223633,64.16999816894531,53.86545181274414,675500
2016-10-21,BR,BR,64.2300033569336,64.55000305175781,63.869998931884766,64.36000061035156,54.02494812011719,325900
2016-10-24,BR,BR,65.0,65.0,64.08000183105469,64.58999633789062,54.21799087524414,361000
2016-10-25,BR,BR,64.55999755859375,65.23999786376953,64.45999908447266,65.08000183105469,54.629302978515625,671100
2016-10-26,BR,BR,64.7300033569336,65.12999725341797,64.47000122070312,64.5,54.14246368408203,306200
2016-10-27,BR,BR,64.56999969482422,64.69000244140625,63.720001220703125,63.880001068115234,53.62202453613281,363300
2016-10-28,BR,BR,63.939998626708984,64.81999969482422,63.939998626708984,64.06999969482422,53.781497955322266,410500
2016-10-31,BR,BR,64.31999969482422,64.80000305175781,64.05000305175781,64.66000366210938,54.27676010131836,562800
2016-11-01,BR,BR,64.68000030517578,64.80999755859375,64.12000274658203,64.12999725341797,53.831871032714844,444300
2016-11-02,BR,BR,63.970001220703125,64.70999908447266,63.970001220703125,64.0199966430664,53.73952102661133,409000
2016-11-03,BR,BR,63.79999923706055,64.26000213623047,63.79999923706055,64.12000274658203,53.82346725463867,290600
2016-11-04,BR,BR,64.0199966430664,64.86000061035156,64.0199966430664,64.02999877929688,53.747920989990234,459900
2016-11-07,BR,BR,64.80000305175781,65.5999984741211,64.80000305175781,65.18000030517578,54.7132568359375,391800
2016-11-08,BR,BR,65.19999694824219,66.19999694824219,65.05000305175781,65.68000030517578,55.13298034667969,446600
2016-11-09,BR,BR,62.4900016784668,62.97999954223633,59.86000061035156,62.150001525878906,52.1698112487793,1663900
2016-11-10,BR,BR,61.939998626708984,62.11000061035156,60.150001525878906,60.709999084472656,50.9610595703125,1454200
2016-11-11,BR,BR,60.349998474121094,61.279998779296875,60.279998779296875,60.630001068115234,50.89390182495117,619900
2016-11-14,BR,BR,60.70000076293945,61.119998931884766,60.25,60.560001373291016,50.83514404296875,1186800
2016-11-15,BR,BR,60.61000061035156,61.22999954223633,60.4900016784668,61.0,51.20449447631836,836400
2016-11-16,BR,BR,61.02000045776367,63.130001068115234,61.02000045776367,62.77000045776367,52.69026184082031,888300
2016-11-17,BR,BR,62.59000015258789,64.97000122070312,62.59000015258789,64.88999938964844,54.46982192993164,1083100
2016-11-18,BR,BR,65.02999877929688,65.79000091552734,64.87999725341797,65.16000366210938,54.69645690917969,867800
2016-11-21,BR,BR,65.31999969482422,66.1500015258789,65.27999877929688,65.68000030517578,55.13298034667969,648000
2016-11-22,BR,BR,65.6500015258789,66.20999908447266,65.33000183105469,65.62000274658203,55.08259582519531,589700
2016-11-23,BR,BR,65.4000015258789,65.98999786376953,65.16999816894531,65.9000015258789,55.3176383972168,427000
2016-11-25,BR,BR,66.13999938964844,66.44999694824219,65.66999816894531,65.86000061035156,55.28406524658203,204400
2016-11-28,BR,BR,65.73999786376953,66.3499984741211,65.73999786376953,65.94000244140625,55.35121536254883,545200
2016-11-29,BR,BR,66.12999725341797,66.97000122070312,66.06999969482422,66.88999938964844,56.14866638183594,599000
2016-11-30,BR,BR,66.7300033569336,66.98999786376953,64.66000366210938,64.73999786376953,54.34391784667969,859700
2016-12-01,BR,BR,64.72000122070312,64.87000274658203,63.810001373291016,64.19000244140625,53.882240295410156,519500
2016-12-02,BR,BR,64.08999633789062,64.80000305175781,63.279998779296875,63.5099983215332,53.311439514160156,635900
2016-12-05,BR,BR,63.90999984741211,64.4800033569336,63.54999923706055,64.04000091552734,53.75631332397461,399000
2016-12-06,BR,BR,64.1500015258789,64.41999816894531,63.630001068115234,64.0999984741211,53.80669021606445,405300
2016-12-07,BR,BR,64.30999755859375,65.4800033569336,64.16999816894531,65.4800033569336,54.96508026123047,790200
2016-12-08,BR,BR,65.5199966430664,65.9000015258789,65.27999877929688,65.61000061035156,55.07421875,496700
2016-12-09,BR,BR,65.68000030517578,65.9000015258789,65.38999938964844,65.76000213623047,55.20011901855469,544700
2016-12-12,BR,BR,65.19999694824219,65.58999633789062,64.56999969482422,65.16000366210938,54.972328186035156,429300
2016-12-13,BR,BR,65.19000244140625,65.5999984741211,65.06999969482422,65.30999755859375,55.09886932373047,445000
2016-12-14,BR,BR,65.41999816894531,65.93000030517578,64.83000183105469,64.93000030517578,54.77830123901367,303000
2016-12-15,BR,BR,65.22000122070312,65.69000244140625,64.94000244140625,65.33000183105469,55.115760803222656,376000
2016-12-16,BR,BR,65.5,65.91999816894531,65.31999969482422,65.4800033569336,55.24230194091797,967300
2016-12-19,BR,BR,65.69999694824219,66.33000183105469,65.4800033569336,65.88999938964844,55.58818817138672,419500
2016-12-20,BR,BR,65.91000366210938,66.33999633789062,65.68000030517578,66.33999633789062,55.96784591674805,450900
2016-12-21,BR,BR,66.16999816894531,66.56999969482422,65.52999877929688,65.58999633789062,55.335086822509766,255400
2016-12-22,BR,BR,65.75,65.86000061035156,65.06999969482422,65.58999633789062,55.335086822509766,254200
2016-12-23,BR,BR,65.58999633789062,66.0999984741211,65.38999938964844,66.08000183105469,55.748497009277344,219000
2016-12-27,BR,BR,65.98999786376953,66.62000274658203,65.80999755859375,66.29000091552734,55.92567443847656,246800
2016-12-28,BR,BR,66.52999877929688,67.0,66.33999633789062,66.5199966430664,56.11970138549805,591600
2016-12-29,BR,BR,66.62999725341797,67.08000183105469,66.4800033569336,66.8499984741211,56.39809799194336,591100
2016-12-30,BR,BR,66.86000061035156,66.86000061035156,65.91999816894531,66.30000305175781,55.934104919433594,354500
2017-01-03,BR,BR,66.5199966430664,66.63999938964844,65.69000244140625,65.93000030517578,55.6219367980957,498700
2017-01-04,BR,BR,65.95999908447266,66.75,65.94000244140625,66.37000274658203,55.99314880371094,630800
2017-01-05,BR,BR,66.30000305175781,66.7699966430664,65.7300033569336,66.02999877929688,55.70630645751953,735300
2017-01-06,BR,BR,66.05000305175781,66.45999908447266,65.91000366210938,66.30000305175781,55.934104919433594,480100
2017-01-09,BR,BR,66.30000305175781,66.58999633789062,66.05999755859375,66.1500015258789,55.807552337646484,367900
2017-01-10,BR,BR,66.04000091552734,66.26000213623047,65.73999786376953,66.0199966430664,55.6978759765625,304900
2017-01-11,BR,BR,65.86000061035156,66.27999877929688,65.5,66.11000061035156,55.773807525634766,321400
2017-01-12,BR,BR,66.0199966430664,66.22000122070312,65.22000122070312,66.20999908447266,55.85816955566406,216700
2017-01-13,BR,BR,66.36000061035156,66.75,66.16000366210938,66.22000122070312,55.866600036621094,346700
2017-01-17,BR,BR,66.19999694824219,66.31999969482422,65.72000122070312,66.19999694824219,55.84975051879883,316900
2017-01-18,BR,BR,66.41000366210938,66.41000366210938,65.75,66.11000061035156,55.773807525634766,372600
2017-01-19,BR,BR,66.08000183105469,66.44999694824219,65.56999969482422,65.73999786376953,55.46165084838867,238500
2017-01-20,BR,BR,65.76000213623047,66.18000030517578,65.51000213623047,65.86000061035156,55.56289291381836,234500
2017-01-23,BR,BR,65.73999786376953,66.0199966430664,65.3499984741211,65.86000061035156,55.56289291381836,243700
2017-01-24,BR,BR,66.0,67.16999816894531,65.73999786376953,67.01000213623047,56.53309631347656,442500
2017-01-25,BR,BR,67.5199966430664,67.62999725341797,67.18000030517578,67.58000183105469,57.01396942138672,436400
2017-01-26,BR,BR,67.61000061035156,67.88999938964844,67.33999633789062,67.38999938964844,56.853660583496094,338500
2017-01-27,BR,BR,67.45999908447266,67.69000244140625,67.0999984741211,67.23999786376953,56.72713088989258,260000
2017-01-30,BR,BR,67.0999984741211,67.0999984741211,65.81999969482422,66.41000366210938,56.02690124511719,455300
2017-01-31,BR,BR,66.31999969482422,66.61000061035156,65.9000015258789,66.52999877929688,56.12813949584961,337400
2017-02-01,BR,BR,67.0,67.01000213623047,65.5199966430664,65.87000274658203,55.57131576538086,516600
2017-02-02,BR,BR,65.87000274658203,68.06999969482422,65.76000213623047,67.9800033569336,57.351436614990234,1131700
2017-02-03,BR,BR,68.41999816894531,68.70999908447266,68.12000274658203,68.55999755859375,57.84075164794922,468300
2017-02-06,BR,BR,68.12000274658203,68.41999816894531,67.61000061035156,68.06999969482422,57.42737579345703,487500
2017-02-07,BR,BR,68.0,68.6500015258789,67.9800033569336,68.48999786376953,57.78169250488281,496500
2017-02-08,BR,BR,67.93000030517578,68.5,67.51000213623047,68.18000030517578,57.520145416259766,426800
2017-02-09,BR,BR,68.18000030517578,68.36000061035156,67.1500015258789,67.18000030517578,56.676490783691406,697900
2017-02-10,BR,BR,67.0,67.47000122070312,66.93000030517578,67.31999969482422,56.794620513916016,623600
2017-02-13,BR,BR,67.43000030517578,68.08999633789062,67.43000030517578,67.87999725341797,57.26707077026367,473800
2017-02-14,BR,BR,67.8499984741211,67.88999938964844,67.41999816894531,67.55999755859375,56.997100830078125,422300
2017-02-15,BR,BR,67.58999633789062,68.30000305175781,67.48999786376953,68.16000366210938,57.5032958984375,524300
2017-02-16,BR,BR,68.1500015258789,68.62999725341797,68.05999755859375,68.62000274658203,57.89137268066406,718800
2017-02-17,BR,BR,68.58999633789062,68.68000030517578,68.01000213623047,68.58000183105469,57.85761642456055,487400
2017-02-21,BR,BR,68.68000030517578,69.20999908447266,68.48999786376953,69.13999938964844,58.330081939697266,576900
2017-02-22,BR,BR,68.73999786376953,68.95999908447266,68.38999938964844,68.86000061035156,58.093841552734375,613400
2017-02-23,BR,BR,68.98999786376953,69.41999816894531,68.68000030517578,68.97000122070312,58.186641693115234,1234000
2017-02-24,BR,BR,68.97000122070312,70.36000061035156,68.95999908447266,70.36000061035156,59.359317779541016,552200
2017-02-27,BR,BR,70.4000015258789,70.61000061035156,69.55000305175781,69.81999969482422,58.90374755859375,713000
2017-02-28,BR,BR,69.9000015258789,70.0999984741211,69.31999969482422,69.33000183105469,58.49036407470703,678400
2017-03-01,BR,BR,69.6500015258789,70.80999755859375,69.6500015258789,70.5999984741211,59.56178665161133,608200
2017-03-02,BR,BR,70.5,70.5,69.91000366210938,69.94999694824219,59.0134391784668,482600
2017-03-03,BR,BR,69.9000015258789,69.94000244140625,69.30999755859375,69.62999725341797,58.743438720703125,522300
2017-03-06,BR,BR,69.19999694824219,69.5199966430664,69.05999755859375,69.06999969482422,58.27101516723633,390100
2017-03-07,BR,BR,69.20999908447266,69.25,68.4000015258789,68.62999725341797,57.8997917175293,543900
2017-03-08,BR,BR,68.66999816894531,68.72000122070312,68.23999786376953,68.30000305175781,57.621402740478516,363600
2017-03-09,BR,BR,68.30999755859375,68.62000274658203,67.94000244140625,68.62000274658203,57.89137268066406,497700
2017-03-10,BR,BR,68.79000091552734,68.9000015258789,68.19999694824219,68.5,58.06940841674805,362300
2017-03-13,BR,BR,68.44999694824219,68.7699966430664,68.36000061035156,68.73999786376953,58.27283477783203,286300
2017-03-14,BR,BR,68.7699966430664,68.94000244140625,68.4000015258789,68.7699966430664,58.29829025268555,326600
2017-03-15,BR,BR,69.02999877929688,69.20999908447266,68.19000244140625,68.80999755859375,58.33216857910156,413500
2017-03-16,BR,BR,68.8499984741211,69.37999725341797,68.8499984741211,69.29000091552734,58.73910140991211,411400
2017-03-17,BR,BR,69.23999786376953,69.44999694824219,68.98999786376953,69.27999877929688,58.73060607910156,584200
2017-03-20,BR,BR,69.27999877929688,69.27999877929688,68.33000183105469,68.4800033569336,58.05244064331055,281000
2017-03-21,BR,BR,68.87999725341797,68.87999725341797,67.51000213623047,67.73999786376953,57.42510986328125,545400
2017-03-22,BR,BR,67.75,68.44000244140625,67.75,68.36000061035156,57.950706481933594,381600
2017-03-23,BR,BR,68.22000122070312,68.63999938964844,67.94000244140625,68.01000213623047,57.65400695800781,357200
2017-03-24,BR,BR,68.08000183105469,68.36000061035156,67.6500015258789,67.76000213623047,57.442073822021484,237700
2017-03-27,BR,BR,67.37999725341797,67.70999908447266,66.81999969482422,67.55000305175781,57.26404571533203,303700
2017-03-28,BR,BR,67.51000213623047,67.94000244140625,67.0,67.83999633789062,57.50988006591797,364700
2017-03-29,BR,BR,67.87999725341797,67.93000030517578,67.23999786376953,67.54000091552734,57.25556564331055,267600
2017-03-30,BR,BR,67.54000091552734,67.9800033569336,67.54000091552734,67.9000015258789,57.560760498046875,245300
2017-03-31,BR,BR,67.79000091552734,68.08999633789062,67.58999633789062,67.94999694824219,57.603153228759766,374900
2017-04-03,BR,BR,67.83999633789062,68.05999755859375,67.20999908447266,67.63999938964844,57.340335845947266,445800
2017-04-04,BR,BR,67.47000122070312,67.80999755859375,66.66000366210938,66.94000244140625,56.74694061279297,516600
2017-04-05,BR,BR,67.1500015258789,67.26000213623047,66.73999786376953,66.88999938964844,56.70454788208008,569300
2017-04-06,BR,BR,66.94000244140625,67.01000213623047,66.5,66.94999694824219,56.75540542602539,317100
2017-04-07,BR,BR,66.66000366210938,67.0,66.48999786376953,66.66000366210938,56.509578704833984,515700
2017-04-10,BR,BR,66.6500015258789,67.0199966430664,66.5,66.9000015258789,56.713016510009766,316900
2017-04-11,BR,BR,66.9000015258789,67.8499984741211,66.8499984741211,67.79000091552734,57.467506408691406,517300
2017-04-12,BR,BR,67.95999908447266,67.95999908447266,67.37000274658203,67.66999816894531,57.36579132080078,389100
2017-04-13,BR,BR,67.41000366210938,67.55000305175781,66.91999816894531,67.02999877929688,56.8232307434082,408000
2017-04-17,BR,BR,67.08999633789062,67.86000061035156,67.08999633789062,67.83999633789062,57.50988006591797,253900
2017-04-18,BR,BR,67.75,67.95999908447266,67.47000122070312,67.94000244140625,57.59466552734375,359600
2017-04-19,BR,BR,68.08999633789062,68.4000015258789,67.95999908447266,68.2300033569336,57.84049606323242,430400
2017-04-20,BR,BR,68.43000030517578,68.69000244140625,68.08999633789062,68.47000122070312,58.04396438598633,395900
2017-04-21,BR,BR,68.61000061035156,68.62999725341797,68.29000091552734,68.45999908447266,58.03546905517578,292300
2017-04-24,BR,BR,69.0,69.37000274658203,68.80000305175781,69.37000274658203,58.806922912597656,444100
2017-04-25,BR,BR,69.54000091552734,69.93000030517578,69.27999877929688,69.72000122070312,59.103633880615234,416700
2017-04-26,BR,BR,69.75,69.91000366210938,69.41999816894531,69.72000122070312,59.103633880615234,397900
2017-04-27,BR,BR,69.94999694824219,70.48999786376953,69.6500015258789,70.19000244140625,59.5020637512207,270500
2017-04-28,BR,BR,70.1500015258789,70.20999908447266,69.5999984741211,69.94000244140625,59.29012680053711,411300
2017-05-01,BR,BR,70.0,70.06999969482422,69.63999938964844,69.9000015258789,59.2562255859375,403300
2017-05-02,BR,BR,69.77999877929688,70.25,69.69000244140625,69.95999908447266,59.30707550048828,522100
2017-05-03,BR,BR,69.87000274658203,69.9800033569336,69.05000305175781,69.37000274658203,58.806922912597656,377900
2017-05-04,BR,BR,69.4000015258789,69.48999786376953,69.08000183105469,69.16999816894531,58.637359619140625,328500
2017-05-05,BR,BR,69.33999633789062,69.55000305175781,68.52999877929688,68.91000366210938,58.41697692871094,501400
2017-05-08,BR,BR,68.69999694824219,68.83000183105469,68.2300033569336,68.37999725341797,57.9676628112793,517600
2017-05-09,BR,BR,68.43000030517578,68.62000274658203,68.16000366210938,68.36000061035156,57.950706481933594,518000
2017-05-10,BR,BR,69.4000015258789,71.55999755859375,69.4000015258789,70.76000213623047,59.98526382446289,1037700
2017-05-11,BR,BR,70.69000244140625,70.94999694824219,70.29000091552734,70.80000305175781,60.01915740966797,550500
2017-05-12,BR,BR,70.75,71.33000183105469,70.41999816894531,71.06999969482422,60.24805450439453,498500
2017-05-15,BR,BR,71.2699966430664,72.20999908447266,71.18000030517578,72.04000091552734,61.07034683227539,567700
2017-05-16,BR,BR,72.04000091552734,73.12999725341797,71.83999633789062,73.05000305175781,61.92658233642578,686300
2017-05-17,BR,BR,73.05000305175781,73.3499984741211,72.12000274658203,72.5,61.4603271484375,706000
2017-05-18,BR,BR,72.3499984741211,73.01000213623047,72.12000274658203,72.33000183105469,61.316192626953125,774100
2017-05-19,BR,BR,72.55000305175781,73.55999755859375,72.43000030517578,73.3499984741211,62.180885314941406,458600
2017-05-22,BR,BR,73.62000274658203,74.62000274658203,73.58999633789062,74.13999938964844,62.850563049316406,610700
2017-05-23,BR,BR,74.1500015258789,74.5199966430664,73.41000366210938,74.11000061035156,62.825138092041016,448100
2017-05-24,BR,BR,73.9000015258789,74.94000244140625,73.9000015258789,74.87999725341797,63.47789001464844,474600
2017-05-25,BR,BR,75.0,76.02999877929688,74.79000091552734,75.77999877929688,64.2408218383789,498500
2017-05-26,BR,BR,75.55999755859375,75.87999725341797,75.16000366210938,75.16000366210938,63.71525955200195,424000
2017-05-30,BR,BR,74.94999694824219,75.69000244140625,74.75,75.23999786376953,63.783084869384766,485400
2017-05-31,BR,BR,75.4800033569336,75.9800033569336,74.98999786376953,75.88999938964844,64.33407592773438,1089000
2017-06-01,BR,BR,76.0,77.38999938964844,75.97000122070312,77.38999938964844,65.60569763183594,657700
2017-06-02,BR,BR,77.43000030517578,78.0,77.2699966430664,77.6500015258789,65.82609558105469,566200
2017-06-05,BR,BR,77.69000244140625,77.69000244140625,76.83000183105469,76.87999725341797,65.17334747314453,470400
2017-06-06,BR,BR,76.56999969482422,77.01000213623047,75.69000244140625,75.8499984741211,64.3001937866211,795200
2017-06-07,BR,BR,76.06999969482422,76.37000274658203,75.7300033569336,76.08000183105469,64.49515533447266,419900
2017-06-08,BR,BR,76.0,76.12999725341797,74.62999725341797,74.73999786376953,63.359195709228516,651000
2017-06-09,BR,BR,74.75,75.23999786376953,73.55000305175781,74.23999786376953,62.93533706665039,692000
2017-06-12,BR,BR,74.0999984741211,74.5,73.56999969482422,74.5,63.15574645996094,369600
2017-06-13,BR,BR,74.55999755859375,75.19000244140625,74.41000366210938,75.19000244140625,64.0242919921875,277700
2017-06-14,BR,BR,75.25,75.66999816894531,74.66999816894531,75.16000366210938,63.998748779296875,252700
2017-06-15,BR,BR,74.37000274658203,75.79000091552734,74.25,75.69999694824219,64.45854187011719,306200
2017-06-16,BR,BR,75.48999786376953,75.79000091552734,75.12999725341797,75.36000061035156,64.16905212402344,1444600
2017-06-19,BR,BR,75.87000274658203,76.12999725341797,75.54000091552734,76.05000305175781,64.75658416748047,342300
2017-06-20,BR,BR,76.01000213623047,76.2300033569336,75.63999938964844,75.6500015258789,64.41600036621094,282100
2017-06-21,BR,BR,75.91999816894531,76.19999694824219,75.55000305175781,75.91999816894531,64.64586639404297,461900
2017-06-22,BR,BR,75.98999786376953,76.33999633789062,75.25,76.20999908447266,64.89280700683594,386200
2017-06-23,BR,BR,76.36000061035156,77.0199966430664,76.27999877929688,76.44000244140625,65.0886459350586,478700
2017-06-26,BR,BR,76.61000061035156,76.80000305175781,76.19000244140625,76.52999877929688,65.16529083251953,248000
2017-06-27,BR,BR,76.26000213623047,76.36000061035156,75.56999969482422,75.58000183105469,64.35636901855469,319600
2017-06-28,BR,BR,75.86000061035156,76.29000091552734,75.43000030517578,76.0199966430664,64.73104095458984,287900
2017-06-29,BR,BR,75.94999694824219,76.1500015258789,74.44000244140625,75.08000183105469,63.93062973022461,412900
2017-06-30,BR,BR,75.33000183105469,76.06999969482422,75.12999725341797,75.55999755859375,64.33934020996094,361300
2017-07-03,BR,BR,75.73999786376953,76.16000366210938,75.0999984741211,75.20999908447266,64.04132080078125,191600
2017-07-05,BR,BR,75.27999877929688,76.30999755859375,75.25,75.62000274658203,64.39042663574219,319400
2017-07-06,BR,BR,75.20999908447266,75.29000091552734,74.37000274658203,74.48999786376953,63.42822265625,434300
2017-07-07,BR,BR,74.48999786376953,75.37999725341797,74.30000305175781,75.2300033569336,64.058349609375,310300
2017-07-10,BR,BR,75.11000061035156,75.43000030517578,74.66999816894531,74.7699966430664,63.66667556762695,486900
2017-07-11,BR,BR,74.76000213623047,74.76000213623047,73.91000366210938,74.5199966430664,63.45378875732422,345000
2017-07-12,BR,BR,75.0999984741211,75.68000030517578,75.0999984741211,75.31999969482422,64.13500213623047,291100
2017-07-13,BR,BR,75.47000122070312,75.62000274658203,74.66000366210938,74.81999969482422,63.70923614501953,330100
2017-07-14,BR,BR,75.0,75.52999877929688,75.0,75.20999908447266,64.04132080078125,270000
2017-07-17,BR,BR,75.27999877929688,75.44000244140625,74.47000122070312,74.80000305175781,63.69220733642578,319600
2017-07-18,BR,BR,74.61000061035156,74.98999786376953,74.27999877929688,74.61000061035156,63.53041458129883,316700
2017-07-19,BR,BR,74.9800033569336,75.55999755859375,74.44000244140625,75.52999877929688,64.31378936767578,343700
2017-07-20,BR,BR,75.62999725341797,75.7300033569336,75.12999725341797,75.25,64.07538604736328,294300
2017-07-21,BR,BR,74.93000030517578,75.43000030517578,74.83000183105469,75.26000213623047,64.08390045166016,336200
2017-07-24,BR,BR,75.27999877929688,76.06999969482422,75.0999984741211,75.98999786376953,64.70547485351562,335600
2017-07-25,BR,BR,76.08999633789062,76.87000274658203,75.86000061035156,76.66000366210938,65.2760009765625,649600
2017-07-26,BR,BR,76.6500015258789,76.87000274658203,76.05999755859375,76.08000183105469,64.78211212158203,284400
2017-07-27,BR,BR,76.37999725341797,76.44000244140625,75.0199966430664,75.5,64.28827667236328,444600
2017-07-28,BR,BR,75.55000305175781,75.75,75.2699966430664,75.45999908447266,64.25416564941406,376100
2017-07-31,BR,BR,75.68000030517578,76.08999633789062,75.19999694824219,75.86000061035156,64.59479522705078,349200
2017-08-01,BR,BR,76.19000244140625,76.54000091552734,76.05999755859375,76.4800033569336,65.12271881103516,245100
2017-08-02,BR,BR,76.30000305175781,76.30000305175781,75.5,75.70999908447266,64.46705627441406,322000
2017-08-03,BR,BR,75.69999694824219,76.33999633789062,75.44999694824219,76.33999633789062,65.00350952148438,363000
2017-08-04,BR,BR,76.45999908447266,76.45999908447266,75.30000305175781,75.66000366210938,64.42449188232422,327900
2017-08-07,BR,BR,75.75,76.0999984741211,75.22000122070312,75.5999984741211,64.3733901977539,322700
2017-08-08,BR,BR,75.45999908447266,75.5999984741211,74.79000091552734,75.05999755859375,63.913631439208984,360700
2017-08-09,BR,BR,74.77999877929688,75.19000244140625,74.36000061035156,74.6500015258789,63.5644645690918,659600
2017-08-10,BR,BR,72.95999908447266,73.6500015258789,71.58000183105469,72.27999877929688,61.54640197753906,1124600
2017-08-11,BR,BR,71.83999633789062,74.37000274658203,71.83999633789062,74.2699966430664,63.240909576416016,785600
2017-08-14,BR,BR,75.08000183105469,75.81999969482422,74.36000061035156,75.7300033569336,64.48410034179688,443700
2017-08-15,BR,BR,75.80999755859375,76.36000061035156,75.55999755859375,76.08000183105469,64.78211212158203,331000
2017-08-16,BR,BR,76.0999984741211,77.41999816894531,75.88999938964844,77.08999633789062,65.64214324951172,428700
2017-08-17,BR,BR,77.08999633789062,77.63999938964844,76.41000366210938,76.45999908447266,65.1056900024414,584800
2017-08-18,BR,BR,76.30999755859375,76.94000244140625,75.88999938964844,76.30000305175781,64.96945190429688,614800
2017-08-21,BR,BR,76.19999694824219,76.83999633789062,76.05999755859375,76.4000015258789,65.05461883544922,455800
2017-08-22,BR,BR,76.62000274658203,76.94000244140625,76.20999908447266,76.88999938964844,65.4718246459961,442700
2017-08-23,BR,BR,76.6500015258789,77.37000274658203,76.2699966430664,76.95999908447266,65.53143310546875,473400
2017-08-24,BR,BR,77.2300033569336,77.29000091552734,76.55000305175781,76.58999633789062,65.21636962890625,493000
2017-08-25,BR,BR,76.87999725341797,77.16000366210938,76.5,76.87000274658203,65.4548110961914,550400
2017-08-28,BR,BR,77.05000305175781,77.22000122070312,76.62000274658203,76.91000366210938,65.4888687133789,320400
2017-08-29,BR,BR,76.6500015258789,77.1500015258789,76.44999694824219,76.77999877929688,65.37818145751953,403800
2017-08-30,BR,BR,76.7300033569336,76.9000015258789,76.29000091552734,76.76000213623047,65.36115264892578,336700
2017-08-31,BR,BR,76.91999816894531,78.23999786376953,76.70999908447266,78.12999725341797,66.52767944335938,664300
2017-09-01,BR,BR,78.13999938964844,78.25,77.47000122070312,78.01000213623047,66.42552185058594,299000
2017-09-05,BR,BR,77.75,78.44000244140625,77.56999969482422,78.30000305175781,66.67247009277344,688500
2017-09-06,BR,BR,78.51000213623047,78.66999816894531,77.8499984741211,78.54000091552734,66.87681579589844,455100
2017-09-07,BR,BR,78.7300033569336,79.48999786376953,78.7300033569336,79.06999969482422,67.3281021118164,435100
2017-09-08,BR,BR,78.94000244140625,79.37000274658203,78.54000091552734,79.08000183105469,67.33663177490234,420400
2017-09-11,BR,BR,79.5199966430664,80.16000366210938,79.05000305175781,80.16000366210938,68.25626373291016,495800
2017-09-12,BR,BR,80.30999755859375,80.4800033569336,79.31999969482422,80.4800033569336,68.52874755859375,383300
2017-09-13,BR,BR,80.19999694824219,80.38999938964844,79.20999908447266,79.55000305175781,67.73682403564453,483700
2017-09-14,BR,BR,79.1500015258789,79.37000274658203,78.52999877929688,79.30000305175781,67.835205078125,409600
2017-09-15,BR,BR,79.22000122070312,79.52999877929688,78.87999725341797,79.16000366210938,67.71546173095703,820700
2017-09-18,BR,BR,79.30999755859375,79.5,78.80000305175781,78.81999969482422,67.42459869384766,369300
2017-09-19,BR,BR,78.97000122070312,79.19999694824219,78.44000244140625,79.11000061035156,67.67266845703125,487800
2017-09-20,BR,BR,79.16999816894531,79.75,79.1500015258789,79.69000244140625,68.16883087158203,261200
2017-09-21,BR,BR,79.63999938964844,79.87999725341797,79.2699966430664,79.87000274658203,68.32279205322266,346300
2017-09-22,BR,BR,79.7699966430664,80.93000030517578,79.66999816894531,80.93000030517578,69.22956848144531,340300
2017-09-25,BR,BR,80.9000015258789,81.7300033569336,80.73999786376953,81.55999755859375,69.76844787597656,488200
2017-09-26,BR,BR,81.87999725341797,82.0199966430664,81.31999969482422,81.33999633789062,69.58026885986328,352300
2017-09-27,BR,BR,81.63999938964844,81.8499984741211,81.0199966430664,81.18000030517578,69.44340515136719,529200
2017-09-28,BR,BR,81.16000366210938,81.38999938964844,80.30000305175781,80.62000274658203,68.96435546875,376000
2017-09-29,BR,BR,80.5999984741211,81.30000305175781,80.56999969482422,80.81999969482422,69.13545227050781,396100
2017-10-02,BR,BR,80.76000213623047,81.19000244140625,80.69999694824219,81.0999984741211,69.3749771118164,420800
2017-10-03,BR,BR,81.20999908447266,82.0999984741211,80.7300033569336,81.70999908447266,69.89675903320312,709000
2017-10-04,BR,BR,81.87000274658203,81.87000274658203,81.4000015258789,81.70999908447266,69.89675903320312,396200
2017-10-05,BR,BR,81.5999984741211,81.83000183105469,81.45999908447266,81.69000244140625,69.87967681884766,611400
2017-10-06,BR,BR,81.6500015258789,81.80999755859375,81.29000091552734,81.68000030517578,69.87113189697266,351100
2017-10-09,BR,BR,81.7300033569336,82.33000183105469,81.69000244140625,82.11000061035156,70.23896026611328,333700
2017-10-10,BR,BR,82.4000015258789,82.54000091552734,81.7300033569336,81.94999694824219,70.10208129882812,378200
2017-10-11,BR,BR,82.0,82.2699966430664,81.70999908447266,82.0,70.14484405517578,401000
2017-10-12,BR,BR,82.0,82.7699966430664,81.80000305175781,82.20999908447266,70.3244857788086,417500
2017-10-13,BR,BR,82.48999786376953,82.80000305175781,82.44000244140625,82.58999633789062,70.64955139160156,237200
2017-10-16,BR,BR,82.73999786376953,83.0999984741211,82.61000061035156,83.0999984741211,71.08580780029297,346000
2017-10-17,BR,BR,83.0999984741211,83.2699966430664,82.52999877929688,82.98999786376953,70.99171447753906,256300
2017-10-18,BR,BR,83.19000244140625,83.7300033569336,83.13999938964844,83.61000061035156,71.52207946777344,365800
2017-10-19,BR,BR,83.25,83.8499984741211,83.12000274658203,83.66999816894531,71.57341003417969,241900
2017-10-20,BR,BR,84.23999786376953,84.58000183105469,84.04000091552734,84.36000061035156,72.16365051269531,287800
2017-10-23,BR,BR,84.36000061035156,84.58999633789062,84.23999786376953,84.33000183105469,72.13798522949219,185800
2017-10-24,BR,BR,84.36000061035156,84.69999694824219,84.06999969482422,84.37999725341797,72.18074798583984,274200
2017-10-25,BR,BR,84.4000015258789,84.55999755859375,83.80999755859375,84.26000213623047,72.07814025878906,315100
2017-10-26,BR,BR,84.58000183105469,85.29000091552734,84.55000305175781,85.08000183105469,72.77954864501953,277700
2017-10-27,BR,BR,85.58000183105469,85.97000122070312,84.80999755859375,85.94999694824219,73.52378845214844,373800
2017-10-30,BR,BR,85.95999908447266,85.95999908447266,85.19999694824219,85.63999938964844,73.25859832763672,286900
2017-10-31,BR,BR,85.69000244140625,86.22000122070312,85.5199966430664,85.91999816894531,73.49811553955078,412100
2017-11-01,BR,BR,86.13999938964844,86.72000122070312,85.87999725341797,86.41999816894531,73.92583465576172,401700
2017-11-02,BR,BR,86.20999908447266,86.55000305175781,86.06999969482422,86.26000213623047,73.78894805908203,339000
2017-11-03,BR,BR,86.5,87.0999984741211,86.29000091552734,86.83999633789062,74.28512573242188,266800
2017-11-06,BR,BR,86.83999633789062,87.70999908447266,86.83999633789062,87.16000366210938,74.55882263183594,462900
2017-11-07,BR,BR,87.23999786376953,87.5,86.83999633789062,87.37000274658203,74.73847961425781,383500
2017-11-08,BR,BR,88.12000274658203,91.75,88.12000274658203,90.4800033569336,77.39884948730469,1142500
2017-11-09,BR,BR,90.75,90.75,87.3499984741211,87.83000183105469,75.1319808959961,966600
2017-11-10,BR,BR,87.69000244140625,88.76000213623047,87.5,88.44999694824219,75.66232299804688,638400
2017-11-13,BR,BR,88.33999633789062,88.68000030517578,87.44999694824219,87.58000183105469,74.91813659667969,813700
2017-11-14,BR,BR,87.43000030517578,89.75,86.80000305175781,89.70999908447266,76.74017333984375,833100
2017-11-15,BR,BR,89.55999755859375,89.8499984741211,88.43000030517578,88.72000122070312,75.8933334350586,427300
2017-11-16,BR,BR,89.0,89.25,88.44000244140625,88.66000366210938,75.84198760986328,786400
2017-11-17,BR,BR,88.48999786376953,89.30000305175781,88.41000366210938,89.25,76.34669494628906,570000
2017-11-20,BR,BR,89.72000122070312,89.94999694824219,89.30999755859375,89.81999969482422,76.83427429199219,681700
2017-11-21,BR,BR,90.37999725341797,91.05000305175781,89.73999786376953,90.69999694824219,77.58705139160156,576500
2017-11-22,BR,BR,90.69999694824219,90.98999786376953,88.4000015258789,88.75,75.91896057128906,679800
2017-11-24,BR,BR,88.91000366210938,89.5,88.80999755859375,89.33999633789062,76.42366027832031,255100
2017-11-27,BR,BR,89.43000030517578,89.54000091552734,88.94999694824219,89.04000091552734,76.16704559326172,465900
2017-11-28,BR,BR,89.4000015258789,90.2300033569336,89.38999938964844,90.20999908447266,77.16788482666016,559400
2017-11-29,BR,BR,90.47000122070312,90.5999984741211,88.81999969482422,89.12000274658203,76.23548889160156,592500
2017-11-30,BR,BR,89.5,90.47000122070312,89.1500015258789,90.26000213623047,77.2106704711914,1555600
2017-12-01,BR,BR,90.11000061035156,90.5999984741211,88.77999877929688,90.12999725341797,77.09945678710938,498000
2017-12-04,BR,BR,90.80999755859375,91.08000183105469,89.87000274658203,90.16999816894531,77.13363647460938,503500
2017-12-05,BR,BR,88.77999877929688,90.05999755859375,88.12000274658203,88.55999755859375,75.75641632080078,695200
2017-12-06,BR,BR,88.2699966430664,89.37999725341797,88.12999725341797,88.6500015258789,75.83342742919922,434700
2017-12-07,BR,BR,88.75,89.36000061035156,88.5199966430664,89.2699966430664,76.36380767822266,452400
2017-12-08,BR,BR,89.62999725341797,90.1500015258789,89.33999633789062,89.52999877929688,76.58618927001953,427000
2017-12-11,BR,BR,89.30999755859375,89.93000030517578,89.30999755859375,89.80000305175781,76.81719207763672,470400
2017-12-12,BR,BR,89.66999816894531,89.91999816894531,89.25,89.37999725341797,76.45790100097656,464800
2017-12-13,BR,BR,89.3499984741211,90.5199966430664,89.22000122070312,89.4800033569336,76.54342651367188,465300
2017-12-14,BR,BR,89.25,89.69000244140625,88.54000091552734,88.83999633789062,76.30723571777344,415100
2017-12-15,BR,BR,89.02999877929688,90.12999725341797,89.02999877929688,90.02999877929688,77.32933807373047,795200
2017-12-18,BR,BR,90.48999786376953,91.33999633789062,90.04000091552734,90.91999816894531,78.09379577636719,872900
2017-12-19,BR,BR,90.88999938964844,91.58000183105469,90.51000213623047,91.16000366210938,78.2999496459961,434800
2017-12-20,BR,BR,91.45999908447266,91.87999725341797,90.80000305175781,91.16000366210938,78.2999496459961,510200
2017-12-21,BR,BR,91.5199966430664,92.44000244140625,91.4800033569336,91.61000061035156,78.68647003173828,411600
2017-12-22,BR,BR,91.94000244140625,91.94000244140625,90.77999877929688,90.94999694824219,78.11958312988281,351800
2017-12-26,BR,BR,91.0,91.2300033569336,90.6500015258789,90.86000061035156,78.04225158691406,181900
2017-12-27,BR,BR,90.8499984741211,91.16000366210938,90.68000030517578,90.83000183105469,78.01648712158203,197700
2017-12-28,BR,BR,91.2300033569336,91.2300033569336,90.45999908447266,90.87999725341797,78.05943298339844,235700
2017-12-29,BR,BR,90.98999786376953,91.41000366210938,90.55000305175781,90.58000183105469,77.80178833007812,292100
2018-01-02,BR,BR,90.72000122070312,91.19999694824219,90.43000030517578,90.80000305175781,77.99071502685547,571100
2018-01-03,BR,BR,90.70999908447266,91.11000061035156,90.37999725341797,90.72000122070312,77.9220199584961,414700
2018-01-04,BR,BR,90.98999786376953,91.9800033569336,90.98999786376953,91.44000244140625,78.54042053222656,349100
2018-01-05,BR,BR,91.81999969482422,92.6500015258789,91.69000244140625,92.55999755859375,79.50243377685547,258800
2018-01-08,BR,BR,92.55000305175781,93.66000366210938,92.48999786376953,93.12999725341797,79.99201965332031,439000
2018-01-09,BR,BR,93.19000244140625,93.83000183105469,92.88999938964844,93.30999755859375,80.1466293334961,451700
2018-01-10,BR,BR,93.12000274658203,93.62000274658203,91.88999938964844,92.9800033569336,79.86319732666016,402200
2018-01-11,BR,BR,93.19999694824219,93.55000305175781,92.62000274658203,93.44999694824219,80.26689910888672,455600
2018-01-12,BR,BR,93.63999938964844,94.30999755859375,93.06999969482422,94.04000091552734,80.77365112304688,361600
2018-01-16,BR,BR,94.41000366210938,94.63999938964844,93.61000061035156,94.06999969482422,80.7994155883789,375700
2018-01-17,BR,BR,94.45999908447266,95.4800033569336,94.22000122070312,95.18000030517578,81.75283813476562,298000
2018-01-18,BR,BR,95.23999786376953,95.47000122070312,94.9000015258789,95.12999725341797,81.70989990234375,360600
2018-01-19,BR,BR,95.37000274658203,96.0,95.19999694824219,95.93000030517578,82.39702606201172,289300
2018-01-22,BR,BR,95.9000015258789,97.0,95.9000015258789,96.86000061035156,83.19583129882812,587500
2018-01-23,BR,BR,96.7300033569336,97.54000091552734,96.44999694824219,96.6500015258789,83.01544189453125,276000
2018-01-24,BR,BR,96.87999725341797,97.1500015258789,95.7300033569336,96.18000030517578,82.61177825927734,275600
2018-01-25,BR,BR,96.5,96.76000213623047,96.02999877929688,96.37999725341797,82.78353881835938,295000
2018-01-26,BR,BR,96.44999694824219,97.51000213623047,95.83000183105469,97.43000030517578,83.68541717529297,262200
2018-01-29,BR,BR,97.08000183105469,97.5199966430664,96.79000091552734,96.81999969482422,83.16148376464844,377500
2018-01-30,BR,BR,96.5,97.38999938964844,96.41999816894531,96.41999816894531,82.81788635253906,421800
2018-01-31,BR,BR,96.58000183105469,96.77999877929688,95.72000122070312,96.41000366210938,82.809326171875,549400
2018-02-01,BR,BR,96.29000091552734,96.5999984741211,95.37999725341797,96.18000030517578,82.61177825927734,407800
2018-02-02,BR,BR,95.48999786376953,96.25,94.7699966430664,94.7699966430664,81.40068054199219,390900
2018-02-05,BR,BR,94.0,94.58000183105469,90.62000274658203,90.62000274658203,77.83610534667969,680800
2018-02-06,BR,BR,89.19999694824219,91.5199966430664,87.51000213623047,90.87000274658203,78.05085754394531,843600
2018-02-07,BR,BR,90.80000305175781,92.11000061035156,90.41999816894531,91.63999938964844,78.71223449707031,648900
2018-02-08,BR,BR,94.01000213623047,94.5,90.7300033569336,90.73999786376953,77.9391860961914,850200
2018-02-09,BR,BR,91.77999877929688,92.66000366210938,89.5,92.19000244140625,79.18463134765625,902500
2018-02-12,BR,BR,91.80000305175781,94.63999938964844,91.68000030517578,93.87999725341797,80.6362075805664,1341400
2018-02-13,BR,BR,93.75,95.87999725341797,93.37000274658203,95.48999786376953,82.01911163330078,1079100
2018-02-14,BR,BR,95.47000122070312,97.43000030517578,95.01000213623047,97.33999633789062,83.60812377929688,747300
2018-02-15,BR,BR,98.01000213623047,99.02999877929688,96.83999633789062,99.0,85.0339126586914,662600
2018-02-16,BR,BR,99.22000122070312,99.22000122070312,98.22000122070312,98.77999877929688,84.84495544433594,684900
2018-02-20,BR,BR,98.23999786376953,99.44000244140625,97.94000244140625,98.58999633789062,84.6817855834961,720700
2018-02-21,BR,BR,98.5999984741211,100.75,98.4800033569336,99.13999938964844,85.1541976928711,750900
2018-02-22,BR,BR,99.48999786376953,100.4800033569336,98.95999908447266,99.8499984741211,85.76404571533203,911800
2018-02-23,BR,BR,100.18000030517578,101.4000015258789,99.7699966430664,101.37999725341797,87.07817840576172,668800
2018-02-26,BR,BR,101.44999694824219,101.9800033569336,100.20999908447266,100.97000122070312,86.72603607177734,811600
2018-02-27,BR,BR,101.05000305175781,102.19999694824219,100.7699966430664,100.80999755859375,86.58860778808594,698900
2018-02-28,BR,BR,101.06999969482422,101.77999877929688,100.30000305175781,100.37999725341797,86.21925354003906,713800
2018-03-01,BR,BR,100.52999877929688,100.55999755859375,98.69999694824219,99.48999786376953,85.4548110961914,612200
2018-03-02,BR,BR,98.63999938964844,102.41000366210938,98.54000091552734,102.33999633789062,87.90275573730469,994200
2018-03-05,BR,BR,101.77999877929688,103.52999877929688,101.05000305175781,103.31999969482422,88.74449157714844,1338000
2018-03-06,BR,BR,103.88999938964844,105.58000183105469,103.08999633789062,105.55000305175781,90.65991973876953,1004200
2018-03-07,BR,BR,104.83000183105469,106.75,104.44999694824219,106.06999969482422,91.1065902709961,1030900
2018-03-08,BR,BR,106.55999755859375,106.94000244140625,105.81999969482422,106.77999877929688,91.7164077758789,607100
2018-03-09,BR,BR,107.23999786376953,108.47000122070312,107.0199966430664,108.3499984741211,93.0649185180664,670500
2018-03-12,BR,BR,108.66000366210938,108.9800033569336,107.81999969482422,108.56999969482422,93.25389862060547,454500
2018-03-13,BR,BR,108.91000366210938,109.12999725341797,107.76000213623047,108.37000274658203,93.08208465576172,832300
2018-03-14,BR,BR,108.52999877929688,108.8499984741211,107.73999786376953,107.80999755859375,92.9140396118164,1238600
2018-03-15,BR,BR,107.91999816894531,108.02999877929688,106.58999633789062,107.12000274658203,92.31938934326172,1287700
2018-03-16,BR,BR,107.33000183105469,108.0,106.9800033569336,107.27999877929688,92.4572525024414,2663600
2018-03-19,BR,BR,106.80000305175781,107.11000061035156,105.94999694824219,106.91999816894531,92.14702606201172,986400
2018-03-20,BR,BR,106.95999908447266,109.19000244140625,106.95999908447266,108.9000015258789,93.85344696044922,1147700
2018-03-21,BR,BR,108.91000366210938,109.08999633789062,108.11000061035156,108.7300033569336,93.7069320678711,465200
2018-03-22,BR,BR,108.01000213623047,108.75,106.33000183105469,106.33000183105469,91.6385269165039,596400
2018-03-23,BR,BR,106.51000213623047,107.58000183105469,104.55999755859375,104.69000244140625,90.22511291503906,833300
2018-03-26,BR,BR,105.75,108.2300033569336,105.30000305175781,108.0,93.0777816772461,607000
2018-03-27,BR,BR,108.81999969482422,109.08999633789062,106.62999725341797,107.33999633789062,92.50897979736328,1066200
2018-03-28,BR,BR,107.33000183105469,107.58000183105469,106.1500015258789,107.13999938964844,92.33661651611328,852400
2018-03-29,BR,BR,107.7699966430664,110.05000305175781,106.97000122070312,109.69000244140625,94.5343017578125,953800
2018-04-02,BR,BR,109.11000061035156,110.0,106.16999816894531,107.51000213623047,92.65547943115234,1278000
2018-04-03,BR,BR,109.11000061035156,109.11000061035156,106.5999984741211,107.98999786376953,93.06916809082031,1204100
2018-04-04,BR,BR,106.5199966430664,108.69000244140625,106.08999633789062,108.58000183105469,93.57766723632812,772300
2018-04-05,BR,BR,109.02999877929688,109.33000183105469,108.30999755859375,109.01000213623047,93.9482421875,684700
2018-04-06,BR,BR,108.27999877929688,108.80999755859375,105.87999725341797,106.55000305175781,91.828125,501900
2018-04-09,BR,BR,107.05999755859375,108.5199966430664,106.86000061035156,106.88999938964844,92.12115478515625,526500
2018-04-10,BR,BR,108.25,108.5999984741211,107.23999786376953,108.1500015258789,93.20706176757812,706300
2018-04-11,BR,BR,107.48999786376953,108.5199966430664,106.97000122070312,107.2300033569336,92.41416931152344,722000
2018-04-12,BR,BR,107.48999786376953,107.97000122070312,107.19999694824219,107.19999694824219,92.38832092285156,583400
2018-04-13,BR,BR,107.68000030517578,107.68000030517578,106.18000030517578,107.02999877929688,92.24181365966797,395600
2018-04-16,BR,BR,107.44999694824219,109.70999908447266,107.31999969482422,109.70999908447266,94.551513671875,924000
2018-04-17,BR,BR,110.1500015258789,112.4000015258789,109.97000122070312,112.12000274658203,96.62853240966797,944900
2018-04-18,BR,BR,112.08000183105469,112.58999633789062,111.58000183105469,111.69999694824219,96.26655578613281,714200
2018-04-19,BR,BR,111.26000213623047,112.31999969482422,110.55000305175781,110.95999908447266,95.62881469726562,425400
2018-04-20,BR,BR,110.98999786376953,111.29000091552734,109.44999694824219,109.8499984741211,94.67218780517578,432700
2018-04-23,BR,BR,110.30000305175781,110.61000061035156,109.37999725341797,109.80999755859375,94.63771057128906,395300
2018-04-24,BR,BR,110.58999633789062,110.79000091552734,107.81999969482422,108.79000091552734,93.7586441040039,502400
2018-04-25,BR,BR,108.44999694824219,108.62000274658203,106.7300033569336,107.36000061035156,92.52620697021484,660200
2018-04-26,BR,BR,108.16999816894531,108.88999938964844,107.55000305175781,108.12999725341797,93.18982696533203,749500
2018-04-27,BR,BR,108.08000183105469,108.3499984741211,107.01000213623047,107.41000366210938,92.5693130493164,552100
2018-04-30,BR,BR,107.75,108.48999786376953,107.05999755859375,107.20999908447266,92.39695739746094,539700
2018-05-01,BR,BR,107.19999694824219,108.27999877929688,106.62000274658203,108.01000213623047,93.08639526367188,717700
2018-05-02,BR,BR,108.02999877929688,108.4000015258789,106.56999969482422,107.38999938964844,92.55207061767578,524800
2018-05-03,BR,BR,107.0,108.18000030517578,106.51000213623047,107.80999755859375,92.9140396118164,742800
2018-05-04,BR,BR,107.30000305175781,109.16999816894531,106.61000061035156,108.56999969482422,93.56904602050781,704400
2018-05-07,BR,BR,108.5999984741211,109.0,107.5199966430664,108.44999694824219,93.46560668945312,928800
2018-05-08,BR,BR,109.0,114.19000244140625,108.97000122070312,112.19999694824219,96.69747924804688,1463700
2018-05-09,BR,BR,112.5999984741211,114.43000030517578,112.20999908447266,113.87999725341797,98.14535522460938,984500
2018-05-10,BR,BR,114.7300033569336,117.29000091552734,114.3499984741211,117.2699966430664,101.06697082519531,967100
2018-05-11,BR,BR,117.26000213623047,118.33999633789062,116.9000015258789,117.5199966430664,101.28241729736328,1023100
2018-05-14,BR,BR,117.54000091552734,118.36000061035156,115.91999816894531,116.02999877929688,99.998291015625,784000
2018-05-15,BR,BR,115.43000030517578,116.0,114.88999938964844,115.61000061035156,99.63632202148438,906900
2018-05-16,BR,BR,115.79000091552734,115.97000122070312,114.88999938964844,115.08999633789062,99.18817901611328,921500
2018-05-17,BR,BR,115.01000213623047,115.25,113.36000061035156,113.80999755859375,98.08502197265625,959500
2018-05-18,BR,BR,113.83000183105469,115.04000091552734,113.83000183105469,114.76000213623047,98.90377807617188,760700
2018-05-21,BR,BR,115.2699966430664,116.0,114.61000061035156,115.54000091552734,99.57600402832031,793000
2018-05-22,BR,BR,115.73999786376953,115.98999786376953,114.04000091552734,114.30999755859375,98.51595306396484,629300
2018-05-23,BR,BR,113.9000015258789,116.05999755859375,113.69999694824219,116.02999877929688,99.998291015625,542500
2018-05-24,BR,BR,116.04000091552734,118.12999725341797,115.63999938964844,116.25,100.18791198730469,611100
2018-05-25,BR,BR,116.30000305175781,117.66999816894531,115.87999725341797,115.91000366210938,99.89485931396484,771300
2018-05-29,BR,BR,115.25,115.77999877929688,113.9000015258789,114.18000030517578,98.4039306640625,1006900
2018-05-30,BR,BR,115.01000213623047,116.55999755859375,115.01000213623047,116.18000030517578,100.12757110595703,733200
2018-05-31,BR,BR,116.44999694824219,116.87999725341797,115.31999969482422,115.44999694824219,99.49842071533203,932000
2018-06-01,BR,BR,116.30000305175781,116.8499984741211,116.01000213623047,116.27999877929688,100.21375274658203,757800
2018-06-04,BR,BR,116.66000366210938,118.29000091552734,116.6500015258789,117.86000061035156,101.57542419433594,700700
2018-06-05,BR,BR,117.83000183105469,118.66999816894531,117.62999725341797,117.79000091552734,101.51514434814453,1127800
2018-06-06,BR,BR,117.80000305175781,119.6500015258789,117.56999969482422,119.62999725341797,103.10088348388672,940200
2018-06-07,BR,BR,119.62999725341797,119.75,117.8499984741211,118.7699966430664,102.35968780517578,765100
2018-06-08,BR,BR,118.80999755859375,119.98999786376953,118.7300033569336,119.4000015258789,102.90265655517578,756800
2018-06-11,BR,BR,118.1500015258789,118.91000366210938,117.12000274658203,117.31999969482422,101.11004638671875,1811600
2018-06-12,BR,BR,117.29000091552734,117.5199966430664,115.8499984741211,116.2300033569336,100.17066955566406,1342900
2018-06-13,BR,BR,116.69000244140625,117.1500015258789,113.80999755859375,115.73999786376953,99.74837493896484,2019600
2018-06-14,BR,BR,115.43000030517578,116.26000213623047,114.45999908447266,114.88999938964844,99.32905578613281,1856000
2018-06-15,BR,BR,114.86000061035156,115.97000122070312,114.02999877929688,114.37999725341797,98.88812255859375,25107800
2018-06-18,BR,BR,114.08000183105469,116.62000274658203,113.5999984741211,116.45999908447266,100.6864013671875,2580400
2018-06-19,BR,BR,115.45999908447266,116.26000213623047,114.58000183105469,116.16000366210938,100.42707061767578,1446600
2018-06-20,BR,BR,116.37999725341797,117.4000015258789,116.30000305175781,116.91000366210938,101.0754623413086,718000
2018-06-21,BR,BR,117.13999938964844,117.97000122070312,116.63999938964844,116.79000091552734,100.9717025756836,831800
2018-06-22,BR,BR,117.19999694824219,117.45999908447266,115.94999694824219,116.4800033569336,100.70369720458984,1569600
2018-06-25,BR,BR,116.33999633789062,116.4000015258789,113.8499984741211,114.45999908447266,98.95729064941406,839300
2018-06-26,BR,BR,115.12000274658203,115.91000366210938,114.38999938964844,114.97000122070312,99.39820861816406,800000
2018-06-27,BR,BR,115.56999969482422,116.36000061035156,113.20999908447266,113.20999908447266,97.87660217285156,871100
2018-06-28,BR,BR,113.33000183105469,114.77999877929688,113.33000183105469,114.52999877929688,99.017822265625,654400
2018-06-29,BR,BR,114.7699966430664,116.05999755859375,114.22000122070312,115.0999984741211,99.51060485839844,1353500
2018-07-02,BR,BR,114.51000213623047,115.98999786376953,114.48999786376953,115.91000366210938,100.21089172363281,572300
2018-07-03,BR,BR,116.55000305175781,117.05999755859375,115.72000122070312,116.20999908447266,100.47026062011719,412000
2018-07-05,BR,BR,116.73999786376953,117.33999633789062,115.27999877929688,115.9000015258789,100.20227813720703,732300
2018-07-06,BR,BR,115.9000015258789,116.83999633789062,115.55999755859375,116.58999633789062,100.79882049560547,661300
2018-07-09,BR,BR,116.95999908447266,117.52999877929688,116.63999938964844,117.33999633789062,101.44719696044922,600400
2018-07-10,BR,BR,117.54000091552734,117.94000244140625,116.8499984741211,117.30000305175781,101.4126205444336,618400
2018-07-11,BR,BR,116.7300033569336,117.8499984741211,116.70999908447266,117.5,101.5855484008789,658200
2018-07-12,BR,BR,117.91999816894531,119.47000122070312,117.83999633789062,119.4000015258789,103.22821807861328,978400
2018-07-13,BR,BR,119.25,119.77999877929688,117.87999725341797,117.97000122070312,101.99188232421875,502500
2018-07-16,BR,BR,118.05999755859375,118.62000274658203,117.55999755859375,117.72000122070312,101.77576446533203,630400
2018-07-17,BR,BR,117.33000183105469,118.52999877929688,117.19000244140625,118.26000213623047,102.24263000488281,732800
2018-07-18,BR,BR,118.11000061035156,118.22000122070312,117.08000183105469,118.16999816894531,102.16484832763672,1560700
2018-07-19,BR,BR,118.05000305175781,119.08000183105469,117.58000183105469,118.69000244140625,102.61437225341797,877200
2018-07-20,BR,BR,118.55999755859375,119.0,117.8499984741211,118.5,102.45008850097656,587200
2018-07-23,BR,BR,118.55000305175781,118.94999694824219,117.9800033569336,118.9000015258789,102.79593658447266,516600
2018-07-24,BR,BR,119.3499984741211,119.66999816894531,117.66000366210938,118.1500015258789,102.14752197265625,660600
2018-07-25,BR,BR,118.4000015258789,120.0,117.58000183105469,119.95999908447266,103.71235656738281,547700
2018-07-26,BR,BR,120.0,120.6500015258789,119.26000213623047,119.37999725341797,103.21089172363281,383300
2018-07-27,BR,BR,119.7699966430664,119.9800033569336,116.61000061035156,117.31999969482422,101.42993927001953,395500
2018-07-30,BR,BR,117.0999984741211,117.0999984741211,112.36000061035156,113.0999984741211,97.781494140625,680600
2018-07-31,BR,BR,113.48999786376953,113.94000244140625,112.2300033569336,112.9800033569336,97.67776489257812,1245000
2018-08-01,BR,BR,112.9800033569336,113.58000183105469,111.6500015258789,112.55999755859375,97.31462097167969,1173700
2018-08-02,BR,BR,112.33999633789062,114.66999816894531,112.12000274658203,114.51000213623047,99.00053405761719,884700
2018-08-03,BR,BR,114.55000305175781,115.02999877929688,113.55000305175781,114.98999786376953,99.4155044555664,484800
2018-08-06,BR,BR,114.98999786376953,116.25,114.7699966430664,116.19999694824219,100.46163177490234,1208600
2018-08-07,BR,BR,119.12000274658203,129.75,118.0,129.1699981689453,111.67493438720703,2981900
2018-08-08,BR,BR,129.83999633789062,130.83999633789062,128.5,129.4499969482422,111.91700744628906,1107500
2018-08-09,BR,BR,130.08999633789062,131.2100067138672,129.11000061035156,129.72999572753906,112.1590576171875,927000
2018-08-10,BR,BR,129.16000366210938,130.77999877929688,128.9600067138672,129.3699951171875,111.84783935546875,694200
2018-08-13,BR,BR,129.4199981689453,131.1699981689453,128.9600067138672,129.02000427246094,111.54524230957031,785800
2018-08-14,BR,BR,129.2899932861328,130.5800018310547,128.52999877929688,130.10000610351562,112.4789810180664,701100
2018-08-15,BR,BR,129.52000427246094,130.07000732421875,128.5500030517578,129.86000061035156,112.27149200439453,654700
2018-08-16,BR,BR,130.9199981689453,132.75999450683594,130.13999938964844,132.30999755859375,114.38965606689453,877200
2018-08-17,BR,BR,132.00999450683594,133.3000030517578,131.75,133.22999572753906,115.1850357055664,1614000
2018-08-20,BR,BR,133.80999755859375,134.47999572753906,132.85000610351562,133.32000732421875,115.26287841796875,703600
2018-08-21,BR,BR,133.66000366210938,134.63999938964844,132.66000366210938,132.85000610351562,114.85650634765625,659200
2018-08-22,BR,BR,132.38999938964844,132.94000244140625,131.6300048828125,132.72000122070312,114.74413299560547,503600
2018-08-23,BR,BR,132.30999755859375,133.57000732421875,132.08999633789062,133.22000122070312,115.17639923095703,703900
2018-08-24,BR,BR,133.41000366210938,134.67999267578125,132.91000366210938,134.3300018310547,116.13606262207031,371400
2018-08-27,BR,BR,134.75,135.1300048828125,133.7899932861328,133.8699951171875,115.73834228515625,560600
2018-08-28,BR,BR,134.00999450683594,134.22000122070312,132.6300048828125,133.11000061035156,115.08131408691406,491900
2018-08-29,BR,BR,134.13999938964844,135.64999389648438,133.2100067138672,135.35000610351562,117.01789093017578,995600
2018-08-30,BR,BR,135.3000030517578,135.5399932861328,133.91000366210938,134.64999389648438,116.4126968383789,574300
2018-08-31,BR,BR,134.57000732421875,135.36000061035156,134.1999969482422,135.13999938964844,116.83633422851562,616600
2018-09-04,BR,BR,135.25,136.75999450683594,133.49000549316406,136.6199951171875,118.11589813232422,890800
2018-09-05,BR,BR,137.32000732421875,137.6699981689453,134.14999389648438,135.63999938964844,117.26863861083984,730100
2018-09-06,BR,BR,135.57000732421875,137.0800018310547,134.85000610351562,136.97999572753906,118.42715454101562,689200
2018-09-07,BR,BR,136.66000366210938,137.86000061035156,135.77000427246094,136.1999969482422,117.75279235839844,700700
2018-09-10,BR,BR,136.33999633789062,137.0500030517578,135.4600067138672,136.8300018310547,118.29745483398438,582200
2018-09-11,BR,BR,136.6699981689453,137.58999633789062,136.10000610351562,136.7100067138672,118.19373321533203,626800
2018-09-12,BR,BR,136.7899932861328,137.1999969482422,135.80999755859375,136.82000732421875,118.28883361816406,519900
2018-09-13,BR,BR,137.0500030517578,137.77999877929688,136.41000366210938,136.86000061035156,118.32341003417969,754000
2018-09-14,BR,BR,136.97999572753906,138.24000549316406,136.02999877929688,137.72000122070312,119.06689453125,551500
2018-09-17,BR,BR,137.33999633789062,137.9199981689453,134.6199951171875,134.7899932861328,116.9455795288086,554200
2018-09-18,BR,BR,134.97000122070312,135.77999877929688,134.66000366210938,135.35000610351562,117.43146514892578,578000
2018-09-19,BR,BR,134.89999389648438,135.83999633789062,132.08999633789062,132.66000366210938,115.09758758544922,751800
2018-09-20,BR,BR,133.25999450683594,133.3699951171875,131.60000610351562,132.99000549316406,115.3838882446289,942500
2018-09-21,BR,BR,133.27999877929688,134.47999572753906,131.16000366210938,132.64999389648438,115.08890533447266,1371800
2018-09-24,BR,BR,131.8000030517578,133.91000366210938,131.1199951171875,133.4600067138672,115.79166412353516,610400
2018-09-25,BR,BR,133.88999938964844,134.61000061035156,133.16000366210938,134.14999389648438,116.39031219482422,600300
2018-09-26,BR,BR,134.32000732421875,134.92999267578125,132.08999633789062,132.2899932861328,114.77652740478516,821500
2018-09-27,BR,BR,132.2899932861328,133.2100067138672,130.8300018310547,131.24000549316406,113.86554718017578,877700
2018-09-28,BR,BR,131.2100067138672,133.0399932861328,131.0399932861328,131.9499969482422,114.4815902709961,1102000
2018-10-01,BR,BR,132.64999389648438,133.6999969482422,129.5800018310547,130.07000732421875,112.8504638671875,913700
2018-10-02,BR,BR,130.14999389648438,130.47999572753906,127.94999694824219,129.5800018310547,112.42532348632812,574900
2018-10-03,BR,BR,130.0,130.36000061035156,129.05999755859375,129.72000122070312,112.54680633544922,634900
2018-10-04,BR,BR,129.75999450683594,129.7899932861328,127.02999877929688,127.56999969482422,110.68145751953125,575600
2018-10-05,BR,BR,127.5999984741211,128.5399932861328,125.58999633789062,126.9000015258789,110.1001205444336,676100
2018-10-08,BR,BR,126.48999786376953,127.0,123.37000274658203,125.16000366210938,108.59049987792969,1025100
2018-10-09,BR,BR,124.80999755859375,126.04000091552734,123.0999984741211,125.58999633789062,108.96353912353516,720500
2018-10-10,BR,BR,125.26000213623047,125.55000305175781,118.62999725341797,118.8499984741211,103.11583709716797,904000
2018-10-11,BR,BR,118.37000274658203,119.6500015258789,115.41999816894531,115.7300033569336,100.40888977050781,1158800
2018-10-12,BR,BR,118.4000015258789,118.91000366210938,116.06999969482422,117.3499984741211,101.81440734863281,1484700
2018-10-15,BR,BR,117.31999969482422,117.44000244140625,115.69999694824219,115.75,100.4262466430664,957700
2018-10-16,BR,BR,116.66999816894531,118.81999969482422,115.80999755859375,118.6500015258789,102.94230651855469,1438500
2018-10-17,BR,BR,118.63999938964844,119.2699966430664,117.51000213623047,118.80999755859375,103.08112335205078,679400
2018-10-18,BR,BR,118.62999725341797,119.58999633789062,117.22000122070312,118.58999633789062,102.8902587890625,941700
2018-10-19,BR,BR,119.16000366210938,120.54000091552734,116.87000274658203,116.95999908447266,101.4760513305664,645600
2018-10-22,BR,BR,117.52999877929688,119.30999755859375,116.75,118.27999877929688,102.62129974365234,522300
2018-10-23,BR,BR,116.62000274658203,117.62999725341797,114.16999816894531,116.87999725341797,101.40664672851562,788800
2018-10-24,BR,BR,116.58000183105469,117.91999816894531,112.23999786376953,112.4800033569336,97.58914947509766,801900
2018-10-25,BR,BR,114.0999984741211,117.47000122070312,113.41999816894531,116.62000274658203,101.18106842041016,949100
2018-10-26,BR,BR,114.30000305175781,116.3499984741211,113.45999908447266,114.19000244140625,99.07274627685547,936600
2018-10-29,BR,BR,115.62000274658203,116.72000122070312,111.36000061035156,113.30000305175781,98.30060577392578,1472000
2018-10-30,BR,BR,113.69999694824219,115.2699966430664,112.83999633789062,114.25,99.12481689453125,701300
2018-10-31,BR,BR,116.02999877929688,118.5,115.54000091552734,116.94000244140625,101.45870971679688,759700
2018-11-01,BR,BR,117.20999908447266,117.4000015258789,115.11000061035156,116.70999908447266,101.25914764404297,665600
2018-11-02,BR,BR,117.06999969482422,119.36000061035156,115.58000183105469,116.30999755859375,100.91209411621094,756900
2018-11-05,BR,BR,116.70999908447266,117.44000244140625,115.05000305175781,116.58000183105469,101.14634704589844,875100
2018-11-06,BR,BR,118.22000122070312,119.88999938964844,102.51000213623047,105.2699966430664,91.33365631103516,3074600
2018-11-07,BR,BR,106.33000183105469,109.41999816894531,106.29000091552734,108.68000030517578,94.2922134399414,2026500
2018-11-08,BR,BR,108.45999908447266,108.94000244140625,106.41000366210938,107.5199966430664,93.28577423095703,1186000
2018-11-09,BR,BR,106.4000015258789,107.7300033569336,105.58999633789062,107.20999908447266,93.0168228149414,1252000
2018-11-12,BR,BR,107.16000366210938,108.75,106.0199966430664,106.23999786376953,92.17522430419922,1271600
2018-11-13,BR,BR,106.47000122070312,107.5999984741211,104.93000030517578,105.41999816894531,91.46381378173828,1130000
2018-11-14,BR,BR,106.2300033569336,107.29000091552734,104.81999969482422,105.5,91.53319549560547,1226000
2018-11-15,BR,BR,104.95999908447266,106.62999725341797,103.94000244140625,105.88999938964844,91.87157440185547,1092300
2018-11-16,BR,BR,105.33999633789062,106.43000030517578,104.72000122070312,104.72000122070312,90.85646057128906,1923600
2018-11-19,BR,BR,104.83000183105469,105.27999877929688,100.75,101.16000366210938,87.76779174804688,1174500
2018-11-20,BR,BR,98.11000061035156,100.81999969482422,96.33999633789062,98.41000366210938,85.3818130493164,1377300
2018-11-21,BR,BR,99.1500015258789,100.83999633789062,98.55000305175781,100.19999694824219,86.93485260009766,1255100
2018-11-23,BR,BR,99.1500015258789,100.38999938964844,98.55000305175781,98.94999694824219,85.850341796875,545000
2018-11-26,BR,BR,99.02999877929688,99.94000244140625,98.16999816894531,98.91000366210938,85.81564331054688,1705300
2018-11-27,BR,BR,98.8499984741211,99.13999938964844,97.77999877929688,98.69000244140625,85.62478637695312,1567500
2018-11-28,BR,BR,99.19999694824219,102.4800033569336,98.9000015258789,102.44000244140625,88.87831115722656,2400000
2018-11-29,BR,BR,101.98999786376953,102.8499984741211,100.77999877929688,101.7699966430664,88.29700469970703,1132500
2018-11-30,BR,BR,101.55999755859375,105.87000274658203,101.43000030517578,105.87000274658203,91.85421752929688,3781100
2018-12-03,BR,BR,107.16999816894531,107.27999877929688,102.66999816894531,104.6500015258789,90.79573059082031,1918800
2018-12-04,BR,BR,104.41000366210938,105.20999908447266,102.30000305175781,103.08999633789062,89.44225311279297,1900900
2018-12-06,BR,BR,100.95999908447266,101.8499984741211,98.7699966430664,100.72000122070312,87.38602447509766,1557600
2018-12-07,BR,BR,100.47000122070312,101.55000305175781,97.8499984741211,98.63999938964844,85.58138275146484,914100
2018-12-10,BR,BR,98.66000366210938,99.94000244140625,97.45999908447266,99.37999725341797,86.22340393066406,721100
2018-12-11,BR,BR,100.80999755859375,101.3499984741211,97.76000213623047,98.79000091552734,85.7115249633789,740300
2018-12-12,BR,BR,100.06999969482422,101.91999816894531,99.88999938964844,99.98999786376953,86.75265502929688,993600
2018-12-13,BR,BR,99.91000366210938,100.22000122070312,97.66999816894531,97.91000366210938,85.36207580566406,722300
2018-12-14,BR,BR,96.9000015258789,98.0999984741211,96.33999633789062,96.62999725341797,84.24610900878906,1082300
2018-12-17,BR,BR,96.4000015258789,96.91000366210938,94.06999969482422,94.79000091552734,82.64193725585938,1833100
2018-12-18,BR,BR,95.6500015258789,96.38999938964844,94.75,96.01000213623047,83.70555877685547,1168200
2018-12-19,BR,BR,96.04000091552734,99.30999755859375,95.51000213623047,96.19999694824219,83.87120056152344,1627100
2018-12-20,BR,BR,95.41000366210938,96.55000305175781,93.75,95.66000366210938,83.40042114257812,1452600
2018-12-21,BR,BR,95.69000244140625,97.43000030517578,93.6500015258789,93.93000030517578,81.89213562011719,1873100
2018-12-24,BR,BR,93.33000183105469,93.54000091552734,91.61000061035156,91.79000091552734,80.02639770507812,640400
2018-12-26,BR,BR,92.26000213623047,95.69999694824219,91.33999633789062,95.51000213623047,83.2696533203125,965600
2018-12-27,BR,BR,94.62000274658203,96.02999877929688,92.75,95.86000061035156,83.57477569580078,763200
2018-12-28,BR,BR,96.26000213623047,96.55000305175781,94.04000091552734,95.12999725341797,82.93834686279297,671800
2018-12-31,BR,BR,95.62999725341797,96.7300033569336,95.1500015258789,96.25,83.91480255126953,586000
2019-01-02,BR,BR,94.76000213623047,96.0,94.4000015258789,95.08000183105469,82.89474487304688,574500
2019-01-03,BR,BR,93.83999633789062,95.02999877929688,92.44000244140625,93.6500015258789,81.64801025390625,1204700
2019-01-04,BR,BR,94.54000091552734,97.41000366210938,94.54000091552734,96.87999725341797,84.46405792236328,727800
2019-01-07,BR,BR,96.72000122070312,97.55000305175781,96.12000274658203,97.1500015258789,84.69947052001953,1300600
2019-01-08,BR,BR,98.43000030517578,98.81999969482422,97.4000015258789,98.36000061035156,85.7544174194336,704300
2019-01-09,BR,BR,98.4000015258789,99.04000091552734,97.88999938964844,98.5199966430664,85.89389038085938,541900
2019-01-10,BR,BR,98.29000091552734,99.27999877929688,97.62999725341797,99.12000274658203,86.41699981689453,591000
2019-01-11,BR,BR,98.33000183105469,98.80000305175781,97.70999908447266,98.77999877929688,86.12055969238281,384400
2019-01-14,BR,BR,97.73999786376953,99.43000030517578,97.63999938964844,98.9000015258789,86.22517395019531,896600
2019-01-15,BR,BR,99.1500015258789,100.37999725341797,98.93000030517578,100.04000091552734,87.21908569335938,499100
2019-01-16,BR,BR,100.12000274658203,100.25,98.69000244140625,99.37000274658203,86.63495635986328,619100
2019-01-17,BR,BR,99.2699966430664,100.6500015258789,99.16000366210938,100.11000061035156,87.28013610839844,438300
2019-01-18,BR,BR,101.01000213623047,101.77999877929688,100.38999938964844,101.30999755859375,88.3263168334961,662500
2019-01-22,BR,BR,100.94999694824219,101.08999633789062,99.0,99.63999938964844,86.87035369873047,853300
2019-01-23,BR,BR,100.08000183105469,100.44999694824219,99.05999755859375,99.80999755859375,87.0185317993164,719200
2019-01-24,BR,BR,100.19000244140625,100.87999725341797,99.80000305175781,100.80000305175781,87.88168334960938,401800
2019-01-25,BR,BR,101.5999984741211,102.16000366210938,101.11000061035156,101.83999633789062,88.78839874267578,423900
2019-01-28,BR,BR,100.80999755859375,101.33000183105469,100.05999755859375,100.55000305175781,87.66374206542969,320900
2019-01-29,BR,BR,100.4000015258789,100.43000030517578,98.79000091552734,99.9000015258789,87.0970230102539,460300
2019-01-30,BR,BR,100.41999816894531,100.80999755859375,99.12000274658203,100.80000305175781,87.88168334960938,501600
2019-01-31,BR,BR,100.5199966430664,100.87999725341797,99.3499984741211,100.83000183105469,87.90784454345703,1382600
2019-02-01,BR,BR,100.87000274658203,103.73999786376953,100.70999908447266,102.9800033569336,89.78230285644531,1038100
2019-02-04,BR,BR,103.1500015258789,103.48999786376953,102.22000122070312,103.41999816894531,90.1659164428711,778300
2019-02-05,BR,BR,103.48999786376953,104.3499984741211,103.05000305175781,104.3499984741211,90.97672271728516,968000
2019-02-06,BR,BR,104.01000213623047,104.3499984741211,103.11000061035156,103.54000091552734,90.2705307006836,907600
2019-02-07,BR,BR,99.8499984741211,101.0,93.7699966430664,96.88999938964844,84.47279357910156,2857500
2019-02-08,BR,BR,97.68000030517578,98.98999786376953,97.11000061035156,97.52999877929688,85.03074645996094,1396500
2019-02-11,BR,BR,97.77999877929688,100.5999984741211,97.75,98.30999755859375,85.7108154296875,1504900
2019-02-12,BR,BR,98.7699966430664,99.4800033569336,97.5999984741211,99.37999725341797,86.6436767578125,1087800
2019-02-13,BR,BR,99.9800033569336,100.2300033569336,99.0199966430664,99.73999786376953,86.9575424194336,1300100
2019-02-14,BR,BR,99.33999633789062,99.8499984741211,98.63999938964844,99.45999908447266,86.71343994140625,645400
2019-02-15,BR,BR,100.20999908447266,101.05000305175781,99.66000366210938,100.3499984741211,87.48934936523438,1051000
2019-02-19,BR,BR,100.0199966430664,100.30000305175781,99.05999755859375,99.83000183105469,87.03600311279297,1130900
2019-02-20,BR,BR,99.95999908447266,100.88999938964844,99.62000274658203,100.16000366210938,87.3237075805664,1266500
2019-02-21,BR,BR,100.31999969482422,100.5999984741211,99.45999908447266,99.5999984741211,86.83550262451172,1103100
2019-02-22,BR,BR,100.0,101.05000305175781,99.30000305175781,100.83999633789062,87.91656494140625,615200
2019-02-25,BR,BR,101.41999816894531,101.41999816894531,99.43000030517578,99.55999755859375,86.8006362915039,643700
2019-02-26,BR,BR,99.44000244140625,101.06999969482422,99.06999969482422,100.86000061035156,87.93402862548828,798800
2019-02-27,BR,BR,100.44000244140625,102.11000061035156,99.79000091552734,102.05999755859375,88.98018646240234,1262400
2019-02-28,BR,BR,101.94000244140625,102.44999694824219,101.12999725341797,101.25,88.27400970458984,886600
2019-03-01,BR,BR,101.98999786376953,101.98999786376953,100.7300033569336,101.48999786376953,88.48323822021484,739200
2019-03-04,BR,BR,101.80000305175781,102.43000030517578,99.2699966430664,99.6500015258789,86.87906646728516,1082400
2019-03-05,BR,BR,99.73999786376953,100.19999694824219,99.22000122070312,99.5,86.74828338623047,652000
2019-03-06,BR,BR,99.55000305175781,100.1500015258789,98.77999877929688,98.8499984741211,86.18158721923828,860300
2019-03-07,BR,BR,98.5999984741211,98.86000061035156,97.37000274658203,98.62000274658203,85.98108673095703,1036000
2019-03-08,BR,BR,97.80999755859375,99.08000183105469,97.45999908447266,98.94000244140625,86.2600326538086,1004600
2019-03-11,BR,BR,99.1500015258789,99.66000366210938,97.98999786376953,99.48999786376953,86.73955535888672,1038000
2019-03-12,BR,BR,99.8499984741211,100.76000213623047,99.70999908447266,100.44000244140625,87.56784057617188,729600
2019-03-13,BR,BR,101.98999786376953,104.4000015258789,101.2300033569336,103.4800033569336,90.21822357177734,1697900
2019-03-14,BR,BR,103.48999786376953,103.76000213623047,102.4800033569336,103.61000061035156,90.7569351196289,1116000
2019-03-15,BR,BR,103.66000366210938,104.48999786376953,103.23999786376953,103.55000305175781,90.70438385009766,1503800
2019-03-18,BR,BR,103.91999816894531,104.7699966430664,102.69000244140625,103.33000183105469,90.51167297363281,976300
2019-03-19,BR,BR,103.30999755859375,104.08999633789062,102.80999755859375,102.97000122070312,90.19634246826172,787700
2019-03-20,BR,BR,102.66000366210938,102.91000366210938,101.26000213623047,101.76000213623047,89.13642120361328,1017600
2019-03-21,BR,BR,101.36000061035156,103.30999755859375,100.37999725341797,102.77999877929688,90.02989196777344,825000
2019-03-22,BR,BR,102.4800033569336,102.72000122070312,100.16000366210938,100.37000274658203,87.91886138916016,865300
2019-03-25,BR,BR,100.0,100.66999816894531,99.30999755859375,100.3499984741211,87.9013442993164,872200
2019-03-26,BR,BR,100.8499984741211,101.75,100.0199966430664,100.76000213623047,88.26048278808594,655100
2019-03-27,BR,BR,100.9800033569336,101.2699966430664,100.05999755859375,101.06999969482422,88.53204345703125,629400
2019-03-28,BR,BR,101.5,102.76000213623047,101.2300033569336,102.69999694824219,89.95980072021484,751800
2019-03-29,BR,BR,103.33999633789062,103.8499984741211,102.11000061035156,103.69000244140625,90.82701873779297,711700
2019-04-01,BR,BR,104.51000213623047,105.1500015258789,104.08000183105469,104.98999786376953,91.96573638916016,539200
2019-04-02,BR,BR,105.2300033569336,105.51000213623047,104.47000122070312,105.18000030517578,92.13216400146484,548800
2019-04-03,BR,BR,105.7699966430664,107.76000213623047,105.2699966430664,107.5999984741211,94.251953125,1229400
2019-04-04,BR,BR,107.44000244140625,108.2300033569336,106.55999755859375,107.33999633789062,94.02420806884766,898200
2019-04-05,BR,BR,107.52999877929688,109.29000091552734,107.04000091552734,109.16999816894531,95.62721252441406,1594800
2019-04-08,BR,BR,109.05000305175781,109.44000244140625,108.26000213623047,109.22000122070312,95.67100524902344,1081100
2019-04-09,BR,BR,108.4800033569336,109.38999938964844,108.44000244140625,109.2300033569336,95.67976379394531,1063500
2019-04-10,BR,BR,109.16000366210938,109.87000274658203,108.95999908447266,109.5,95.9162826538086,559500
2019-04-11,BR,BR,109.76000213623047,110.33999633789062,109.18000030517578,110.30000305175781,96.6170425415039,957700
2019-04-12,BR,BR,110.87999725341797,111.52999877929688,110.20999908447266,111.48999786376953,97.6594009399414,652800
2019-04-15,BR,BR,111.44999694824219,112.4800033569336,111.18000030517578,112.44999694824219,98.50031280517578,982500
2019-04-16,BR,BR,112.55999755859375,113.27999877929688,112.4000015258789,113.25,99.20106506347656,1770400
2019-04-17,BR,BR,113.66000366210938,115.06999969482422,112.94999694824219,114.0,99.85801696777344,2429300
2019-04-18,BR,BR,113.68000030517578,113.83999633789062,112.12999725341797,112.79000091552734,98.79813385009766,836400
2019-04-22,BR,BR,112.41999816894531,113.44999694824219,112.11000061035156,113.38999938964844,99.32372283935547,498500
2019-04-23,BR,BR,113.83000183105469,115.23999786376953,113.80000305175781,115.06999969482422,100.7952880859375,1096900
2019-04-24,BR,BR,115.62999725341797,117.58000183105469,114.9000015258789,116.94999694824219,102.44207000732422,1265500
2019-04-25,BR,BR,116.68000030517578,117.20999908447266,115.56999969482422,117.05999755859375,102.5384292602539,767900
2019-04-26,BR,BR,117.23999786376953,117.9800033569336,116.69999694824219,117.93000030517578,103.30050659179688,438800
2019-04-29,BR,BR,118.0,118.08999633789062,117.5,117.7699966430664,103.1603775024414,648100
2019-04-30,BR,BR,118.08000183105469,118.6500015258789,116.81999969482422,118.12999725341797,103.47566986083984,815600
2019-05-01,BR,BR,118.33999633789062,118.45999908447266,117.02999877929688,117.05999755859375,102.5384292602539,489200
2019-05-02,BR,BR,116.76000213623047,118.27999877929688,116.31999969482422,117.0,102.48588562011719,690700
2019-05-03,BR,BR,117.76000213623047,117.93000030517578,117.08000183105469,117.7699966430664,103.1603775024414,685200
2019-05-06,BR,BR,115.83999633789062,118.2300033569336,115.2699966430664,118.02999877929688,103.38809967041016,954400
2019-05-07,BR,BR,117.7699966430664,117.7699966430664,114.52999877929688,115.2300033569336,100.93543243408203,1197800
2019-05-08,BR,BR,115.06999969482422,117.01000213623047,114.70999908447266,115.77999877929688,101.41722869873047,735600
2019-05-09,BR,BR,114.72000122070312,117.44000244140625,114.66000366210938,117.06999969482422,102.54718780517578,1158100
2019-05-10,BR,BR,116.55999755859375,119.7699966430664,115.9800033569336,119.19999694824219,104.41294860839844,1100100
2019-05-13,BR,BR,117.2300033569336,118.31999969482422,116.83999633789062,117.30000305175781,102.7486343383789,1389900
2019-05-14,BR,BR,117.94000244140625,119.63999938964844,117.47000122070312,118.70999908447266,103.9837646484375,1076300
2019-05-15,BR,BR,118.08999633789062,121.01000213623047,117.93000030517578,120.6500015258789,105.68310546875,946700
2019-05-16,BR,BR,121.08999633789062,123.45999908447266,121.08999633789062,122.43000030517578,107.24225616455078,908100
2019-05-17,BR,BR,121.2300033569336,122.8499984741211,121.2300033569336,121.63999938964844,106.55029296875,640900
2019-05-20,BR,BR,120.83000183105469,122.26000213623047,120.56999969482422,122.16000366210938,107.00577545166016,654400
2019-05-21,BR,BR,123.08000183105469,124.33000183105469,122.87000274658203,123.88999938964844,108.5211410522461,782900
2019-05-22,BR,BR,123.61000061035156,124.72000122070312,123.05000305175781,123.16999816894531,107.89044952392578,778000
2019-05-23,BR,BR,122.2699966430664,123.06999969482422,121.72000122070312,122.94000244140625,107.68900299072266,693400
2019-05-24,BR,BR,123.70999908447266,124.41999816894531,122.79000091552734,123.9000015258789,108.5299072265625,916100
2019-05-28,BR,BR,124.27999877929688,125.7699966430664,123.7300033569336,123.81999969482422,108.45980834960938,1410100
2019-05-29,BR,BR,123.08000183105469,124.58999633789062,122.54000091552734,123.79000091552734,108.43356323242188,1301700
2019-05-30,BR,BR,123.8499984741211,124.81999969482422,123.7300033569336,124.62000274658203,109.16058349609375,710800
2019-05-31,BR,BR,123.5199966430664,125.55999755859375,123.5199966430664,124.87000274658203,109.37957000732422,995100
2019-06-03,BR,BR,124.94000244140625,125.5999984741211,122.44999694824219,123.12000274658203,107.8466796875,1852400
2019-06-04,BR,BR,124.27999877929688,126.30000305175781,123.58000183105469,126.30000305175781,110.63218688964844,748300
2019-06-05,BR,BR,126.76000213623047,128.1999969482422,125.83999633789062,127.80999755859375,111.9548568725586,685800
2019-06-06,BR,BR,127.75,128.8800048828125,127.18000030517578,128.32000732421875,112.40161895751953,674400
2019-06-07,BR,BR,129.33999633789062,131.41000366210938,129.27000427246094,131.02000427246094,114.76664733886719,823600
2019-06-10,BR,BR,131.89999389648438,133.4499969482422,131.57000732421875,132.13999938964844,115.74773406982422,535900
2019-06-11,BR,BR,133.1199951171875,133.27000427246094,130.5,131.0500030517578,114.79291534423828,636500
2019-06-12,BR,BR,131.17999267578125,132.30999755859375,131.0399932861328,131.4600067138672,115.15206909179688,507800
2019-06-13,BR,BR,131.4600067138672,131.8000030517578,129.99000549316406,131.14999389648438,115.3059310913086,574900
2019-06-14,BR,BR,131.22000122070312,131.57000732421875,130.1300048828125,130.14999389648438,114.4267578125,478000
2019-06-17,BR,BR,130.64999389648438,131.14999389648438,129.44000244140625,129.6999969482422,114.03112030029297,601000
2019-06-18,BR,BR,130.19000244140625,130.91000366210938,129.5800018310547,130.0399932861328,114.33003997802734,697400
2019-06-19,BR,BR,130.05999755859375,130.75,129.0399932861328,130.55999755859375,114.78721618652344,510900
2019-06-20,BR,BR,131.82000732421875,132.30999755859375,129.99000549316406,130.5500030517578,114.77840423583984,547100
2019-06-21,BR,BR,130.5500030517578,130.5500030517578,128.58999633789062,128.72000122070312,113.16949462890625,1509000
2019-06-24,BR,BR,129.36000061035156,129.66000366210938,127.94999694824219,128.44000244140625,112.92333221435547,576600
2019-06-25,BR,BR,128.85000610351562,129.3000030517578,127.75,128.05999755859375,112.5892333984375,606000
2019-06-26,BR,BR,128.39999389648438,129.57000732421875,127.2699966430664,127.33000183105469,111.94742584228516,537300
2019-06-27,BR,BR,127.77999877929688,129.5500030517578,126.9000015258789,128.6999969482422,113.15190124511719,1325700
2019-06-28,BR,BR,128.97000122070312,129.2899932861328,127.12000274658203,127.68000030517578,112.2551498413086,1255500
2019-07-01,BR,BR,129.32000732421875,129.5,128.07000732421875,129.3699951171875,113.74097442626953,693700
2019-07-02,BR,BR,129.66000366210938,131.13999938964844,129.4499969482422,131.08999633789062,115.25318908691406,692400
2019-07-03,BR,BR,130.8699951171875,132.0500030517578,130.67999267578125,131.85000610351562,115.92134094238281,375000
2019-07-05,BR,BR,131.6699981689453,132.52000427246094,130.86000061035156,132.4499969482422,116.44888305664062,560200
2019-07-08,BR,BR,132.0500030517578,132.44000244140625,131.19000244140625,131.22000122070312,115.36748504638672,483900
2019-07-09,BR,BR,130.6199951171875,131.25,130.22999572753906,131.05999755859375,115.22677612304688,614800
2019-07-10,BR,BR,131.47000122070312,132.69000244140625,130.8800048828125,131.16000366210938,115.31472778320312,435100
2019-07-11,BR,BR,131.67999267578125,132.2100067138672,130.92999267578125,132.19000244140625,116.22029876708984,469600
2019-07-12,BR,BR,132.8300018310547,133.1699981689453,131.9199981689453,132.3699951171875,116.37855529785156,510200
2019-07-15,BR,BR,132.5399932861328,133.22000122070312,131.69000244140625,132.58999633789062,116.57196044921875,346300
2019-07-16,BR,BR,132.8300018310547,133.11000061035156,131.97999572753906,132.25,116.27304077148438,327900
2019-07-17,BR,BR,132.57000732421875,133.60000610351562,131.97999572753906,133.1999969482422,117.10829162597656,402100
2019-07-18,BR,BR,133.1199951171875,134.9199981689453,133.1199951171875,134.8699951171875,118.57652282714844,329700
2019-07-19,BR,BR,135.42999267578125,136.99000549316406,133.0500030517578,133.1199951171875,117.03797149658203,546100
2019-07-22,BR,BR,133.8699951171875,134.1199951171875,132.44000244140625,132.63999938964844,116.61592102050781,577700
2019-07-23,BR,BR,132.72999572753906,134.77999877929688,132.4499969482422,134.1699981689453,117.96111297607422,438100
2019-07-24,BR,BR,133.92999267578125,134.6199951171875,132.72999572753906,134.16000366210938,117.95230865478516,338500
2019-07-25,BR,BR,134.89999389648438,136.3699951171875,134.0500030517578,134.6199951171875,118.35672760009766,642800
2019-07-26,BR,BR,134.89999389648438,135.22000122070312,133.88999938964844,134.39999389648438,118.16328430175781,742200
2019-07-29,BR,BR,134.6699981689453,134.83999633789062,133.07000732421875,133.72999572753906,117.57426452636719,576200
2019-07-30,BR,BR,132.74000549316406,133.14999389648438,130.9499969482422,131.24000549316406,115.38504028320312,749000
2019-07-31,BR,BR,128.82000732421875,129.55999755859375,126.44999694824219,127.12000274658203,111.76280212402344,1161100
2019-08-01,BR,BR,126.36000061035156,131.35000610351562,125.0999984741211,128.47000122070312,112.94971466064453,1109600
2019-08-02,BR,BR,128.44000244140625,129.10000610351562,127.30000305175781,127.7300033569336,112.29911041259766,752900
2019-08-05,BR,BR,124.12000274658203,125.19999694824219,120.27999877929688,121.08000183105469,106.45248413085938,982700
2019-08-06,BR,BR,122.33999633789062,123.55000305175781,120.93000030517578,123.02999877929688,108.16690063476562,824400
2019-08-07,BR,BR,122.05000305175781,124.16999816894531,120.7300033569336,123.5999984741211,108.66804504394531,585900
2019-08-08,BR,BR,124.5199966430664,126.51000213623047,124.27999877929688,126.2300033569336,110.98029327392578,597200
2019-08-09,BR,BR,125.72000122070312,126.86000061035156,124.5,125.75,110.55831909179688,429500
2019-08-12,BR,BR,125.41000366210938,125.72000122070312,124.0199966430664,124.4800033569336,109.44173431396484,334700
2019-08-13,BR,BR,124.69999694824219,126.79000091552734,123.76000213623047,126.75,111.43748474121094,1086700
2019-08-14,BR,BR,125.2300033569336,126.29000091552734,124.3499984741211,125.58000183105469,110.4088363647461,1209700
2019-08-15,BR,BR,126.29000091552734,126.98999786376953,125.4800033569336,126.66999816894531,111.36717224121094,1045800
2019-08-16,BR,BR,127.19999694824219,128.4600067138672,126.37000274658203,128.22000122070312,112.72990417480469,564800
2019-08-19,BR,BR,129.0,129.60000610351562,128.17999267578125,128.25,112.75628662109375,1051400
2019-08-20,BR,BR,128.3699951171875,129.47999572753906,127.48999786376953,128.17999267578125,112.69473266601562,482400
2019-08-21,BR,BR,129.11000061035156,131.4199981689453,129.00999450683594,131.27000427246094,115.41144561767578,637800
2019-08-22,BR,BR,130.83999633789062,131.66000366210938,129.33999633789062,130.19000244140625,114.46192169189453,580400
2019-08-23,BR,BR,129.77000427246094,130.94000244140625,126.97000122070312,127.45999908447266,112.06172180175781,1743600
2019-08-26,BR,BR,128.13999938964844,128.77000427246094,126.75,128.3300018310547,112.82661437988281,606600
2019-08-27,BR,BR,129.5,130.86000061035156,128.6999969482422,129.4499969482422,113.81129455566406,650300
2019-08-28,BR,BR,128.75,129.1300048828125,126.95999908447266,128.5800018310547,113.04643249511719,561200
2019-08-29,BR,BR,130.05999755859375,131.0399932861328,129.4600067138672,130.3300018310547,114.58502197265625,428800
2019-08-30,BR,BR,131.27000427246094,131.42999267578125,129.0800018310547,129.44000244140625,113.80253601074219,465200
2019-09-03,BR,BR,128.5500030517578,129.5500030517578,127.8499984741211,128.35000610351562,112.84420013427734,426700
2019-09-04,BR,BR,129.89999389648438,129.97000122070312,128.55999755859375,129.77999877929688,114.10142517089844,398400
2019-09-05,BR,BR,130.0,131.9600067138672,129.69000244140625,131.50999450683594,115.62244415283203,326000
2019-09-06,BR,BR,132.11000061035156,132.11000061035156,130.16000366210938,130.2899932861328,114.54981994628906,414800
2019-09-09,BR,BR,131.0500030517578,131.0500030517578,128.47000122070312,129.1699981689453,113.56512451171875,381800
2019-09-10,BR,BR,128.3800048828125,128.3800048828125,123.91999816894531,125.0,109.89889526367188,582600
2019-09-11,BR,BR,124.9800033569336,125.3499984741211,123.86000061035156,124.6500015258789,109.59119415283203,518400
2019-09-12,BR,BR,125.0999984741211,126.2300033569336,124.1500015258789,124.30000305175781,109.75897216796875,372300
2019-09-13,BR,BR,124.72000122070312,124.80000305175781,123.44999694824219,124.0199966430664,109.51173400878906,358700
2019-09-16,BR,BR,123.4000015258789,125.41999816894531,123.16999816894531,124.86000061035156,110.25342559814453,309100
2019-09-17,BR,BR,125.16000366210938,127.30000305175781,125.16000366210938,127.18000030517578,112.30207061767578,454900
2019-09-18,BR,BR,127.5199966430664,128.27000427246094,124.44000244140625,126.33999633789062,111.56029510498047,489000
2019-09-19,BR,BR,128.33999633789062,128.33999633789062,126.19999694824219,126.87000274658203,112.02831268310547,375100
2019-09-20,BR,BR,127.04000091552734,128.3300018310547,126.19999694824219,126.70999908447266,111.88703918457031,1037600
2019-09-23,BR,BR,126.19000244140625,126.54000091552734,124.29000091552734,125.43000030517578,110.75677490234375,476500
2019-09-24,BR,BR,126.5199966430664,128.27999877929688,124.97000122070312,125.45999908447266,110.78326416015625,644200
2019-09-25,BR,BR,125.12999725341797,126.88999938964844,124.2699966430664,126.62000274658203,111.80757141113281,258500
2019-09-26,BR,BR,126.81999969482422,127.58000183105469,125.58000183105469,126.6500015258789,111.83406066894531,364800
2019-09-27,BR,BR,127.27999877929688,127.27999877929688,122.75,123.87999725341797,109.38809204101562,434800
2019-09-30,BR,BR,123.94000244140625,125.3499984741211,123.94000244140625,124.43000030517578,109.8737564086914,556300
2019-10-01,BR,BR,125.05000305175781,126.70999908447266,124.5,124.9000015258789,110.28877258300781,446200
2019-10-02,BR,BR,123.9000015258789,124.05999755859375,121.48999786376953,121.62999725341797,107.40132141113281,741600
2019-10-03,BR,BR,121.33000183105469,122.30000305175781,119.26000213623047,121.66999816894531,107.4366226196289,809300
2019-10-04,BR,BR,122.51000213623047,123.45999908447266,121.91999816894531,123.0,108.6110610961914,735500
2019-10-07,BR,BR,122.4800033569336,122.66000366210938,121.2699966430664,121.79000091552734,107.54258728027344,976700
2019-10-08,BR,BR,120.97000122070312,121.43000030517578,118.98999786376953,119.56999969482422,105.582275390625,1481700
2019-10-09,BR,BR,120.61000061035156,121.30000305175781,119.8499984741211,120.83999633789062,106.70372009277344,1438700
2019-10-10,BR,BR,120.54000091552734,122.8499984741211,119.61000061035156,122.54000091552734,108.20488739013672,452700
2019-10-11,BR,BR,123.83000183105469,125.56999969482422,123.83000183105469,124.33999633789062,109.79428100585938,409400
2019-10-14,BR,BR,124.41000366210938,124.8499984741211,123.44999694824219,123.5999984741211,109.14085388183594,229200
2019-10-15,BR,BR,124.01000213623047,125.55999755859375,123.76000213623047,125.23999786376953,110.58899688720703,330000
2019-10-16,BR,BR,124.88999938964844,125.26000213623047,123.5999984741211,125.2300033569336,110.58016967773438,545600
2019-10-17,BR,BR,125.4800033569336,126.48999786376953,125.04000091552734,125.37999725341797,110.71263122558594,327500
2019-10-18,BR,BR,125.08000183105469,125.13999938964844,122.12999725341797,122.9800033569336,108.5933837890625,456700
2019-10-21,BR,BR,123.37999725341797,123.80999755859375,121.98999786376953,123.6500015258789,109.18502807617188,379800
2019-10-22,BR,BR,124.38999938964844,124.66000366210938,121.55999755859375,121.66999816894531,107.4366226196289,435800
2019-10-23,BR,BR,121.6500015258789,123.43000030517578,121.51000213623047,123.0999984741211,108.69934844970703,491200
2019-10-24,BR,BR,123.5999984741211,125.48999786376953,122.56999969482422,124.77999877929688,110.18280792236328,635800
2019-10-25,BR,BR,124.55000305175781,125.18000030517578,123.37999725341797,123.55000305175781,109.0967025756836,455900
2019-10-28,BR,BR,124.26000213623047,125.2300033569336,124.08999633789062,124.75,110.15634155273438,316400
2019-10-29,BR,BR,124.62999725341797,126.08999633789062,124.05999755859375,124.5999984741211,110.02385711669922,432800
2019-10-30,BR,BR,124.61000061035156,124.97000122070312,123.8499984741211,124.86000061035156,110.25342559814453,461700
2019-10-31,BR,BR,124.87999725341797,125.91999816894531,122.5,125.22000122070312,110.57133483886719,344500
2019-11-01,BR,BR,125.62999725341797,126.7699966430664,125.36000061035156,125.80999755859375,111.09229278564453,364900
2019-11-04,BR,BR,126.20999908447266,126.26000213623047,123.33999633789062,123.47000122070312,109.02606964111328,423200
2019-11-05,BR,BR,123.76000213623047,124.26000213623047,122.37000274658203,123.4000015258789,108.96424865722656,705400
2019-11-06,BR,BR,118.47000122070312,119.66000366210938,115.1500015258789,116.83999633789062,103.17166137695312,1537300
2019-11-07,BR,BR,117.20999908447266,120.97000122070312,116.83000183105469,120.4800033569336,106.38585662841797,832200
2019-11-08,BR,BR,119.98999786376953,120.5,117.63999938964844,119.58000183105469,105.59113311767578,475300
2019-11-11,BR,BR,119.05999755859375,119.80999755859375,118.01000213623047,118.62000274658203,104.74344635009766,398300
2019-11-12,BR,BR,118.4000015258789,119.12000274658203,117.80999755859375,118.2300033569336,104.39905548095703,472100
2019-11-13,BR,BR,118.02999877929688,119.33000183105469,117.94999694824219,118.87000274658203,104.9642105102539,355900
2019-11-14,BR,BR,119.04000091552734,119.41000366210938,118.36000061035156,119.37000274658203,105.40569305419922,549900
2019-11-15,BR,BR,119.83999633789062,119.83999633789062,118.72000122070312,119.80000305175781,105.78540802001953,570800
2019-11-18,BR,BR,120.19999694824219,121.41000366210938,119.80000305175781,120.58999633789062,106.48294067382812,570900
2019-11-19,BR,BR,120.37999725341797,122.41999816894531,119.80000305175781,122.05000305175781,107.77216339111328,731500
2019-11-20,BR,BR,121.80999755859375,123.4800033569336,121.3499984741211,122.44000244140625,108.11654663085938,496500
2019-11-21,BR,BR,122.38999938964844,122.62999725341797,120.55999755859375,121.3499984741211,107.15406799316406,662900
2019-11-22,BR,BR,121.58999633789062,121.79000091552734,119.75,121.19999694824219,107.02161407470703,415500
2019-11-25,BR,BR,121.47000122070312,122.08999633789062,121.22000122070312,121.47000122070312,107.2600326538086,388800
2019-11-26,BR,BR,121.31999969482422,123.58999633789062,121.30000305175781,123.38999938964844,108.9554214477539,805400
2019-11-27,BR,BR,123.80999755859375,123.80999755859375,122.44999694824219,123.0999984741211,108.69934844970703,406400
2019-11-29,BR,BR,122.88999938964844,124.27999877929688,122.38999938964844,123.70999908447266,109.23799133300781,284800
2019-12-02,BR,BR,123.6500015258789,123.6500015258789,121.11000061035156,122.20999908447266,107.91345977783203,408800
2019-12-03,BR,BR,121.06999969482422,121.75,120.81999969482422,121.45999908447266,107.25119018554688,430700
2019-12-04,BR,BR,121.2699966430664,122.5,121.23999786376953,121.76000213623047,107.51612091064453,469900
2019-12-05,BR,BR,121.79000091552734,122.41000366210938,121.37999725341797,121.86000061035156,107.6043930053711,652500
2019-12-06,BR,BR,122.73999786376953,124.94999694824219,122.43000030517578,123.01000213623047,108.619873046875,439100
2019-12-09,BR,BR,123.05999755859375,123.13999938964844,121.01000213623047,121.19000244140625,107.0127944946289,544700
2019-12-10,BR,BR,120.87000274658203,121.93000030517578,120.7699966430664,121.4000015258789,107.1982192993164,432300
2019-12-11,BR,BR,120.9800033569336,121.06999969482422,118.86000061035156,119.41999816894531,105.44984436035156,848800
2019-12-12,BR,BR,118.69000244140625,120.47000122070312,118.62000274658203,119.55000305175781,106.04415893554688,609700
2019-12-13,BR,BR,119.0999984741211,119.97000122070312,119.06999969482422,119.72000122070312,106.19495391845703,609600
2019-12-16,BR,BR,120.56999969482422,121.7300033569336,120.4000015258789,120.87999725341797,107.22389221191406,1336400
2019-12-17,BR,BR,121.0199966430664,122.83000183105469,120.86000061035156,122.47000122070312,108.63428497314453,854700
2019-12-18,BR,BR,122.7300033569336,124.69000244140625,122.63999938964844,123.70999908447266,109.73419952392578,655100
2019-12-19,BR,BR,123.29000091552734,123.88999938964844,122.29000091552734,122.54000091552734,108.69640350341797,640900
2019-12-20,BR,BR,123.26000213623047,123.87000274658203,122.7300033569336,123.61000061035156,109.64547729492188,1307900
2019-12-23,BR,BR,123.80999755859375,124.29000091552734,122.77999877929688,122.86000061035156,108.98021697998047,345700
2019-12-24,BR,BR,123.02999877929688,123.22000122070312,122.66000366210938,123.05999755859375,109.15762329101562,110000
2019-12-26,BR,BR,122.94000244140625,123.58999633789062,122.05999755859375,122.62000274658203,108.767333984375,261900
2019-12-27,BR,BR,122.86000061035156,123.52999877929688,122.12000274658203,123.20999908447266,109.29066467285156,286700
2019-12-30,BR,BR,123.0999984741211,123.22000122070312,122.02999877929688,122.79000091552734,108.91812896728516,273800
2019-12-31,BR,BR,122.51000213623047,123.62000274658203,122.19999694824219,123.54000091552734,109.58340454101562,375400
2020-01-02,BR,BR,124.69000244140625,124.88999938964844,122.97000122070312,123.77999877929688,109.79630279541016,391200
2020-01-03,BR,BR,122.01000213623047,123.98999786376953,121.9000015258789,123.87999725341797,109.88497924804688,359200
2020-01-06,BR,BR,123.1500015258789,125.01000213623047,122.79000091552734,125.0,110.87845611572266,401500
2020-01-07,BR,BR,125.0,125.47000122070312,124.20999908447266,124.55999755859375,110.48816680908203,585300
2020-01-08,BR,BR,124.86000061035156,126.22000122070312,124.02999877929688,125.36000061035156,111.1977767944336,486200
2020-01-09,BR,BR,125.9800033569336,128.5,125.80999755859375,128.10000610351562,113.62825012207031,752300
2020-01-10,BR,BR,128.07000732421875,128.1199951171875,126.77999877929688,127.58999633789062,113.17584991455078,644000
2020-01-13,BR,BR,127.86000061035156,128.83999633789062,127.47000122070312,128.49000549316406,113.97418975830078,430400
2020-01-14,BR,BR,128.22999572753906,128.8300018310547,127.36000061035156,128.10000610351562,113.62825012207031,470000
2020-01-15,BR,BR,128.49000549316406,129.2899932861328,127.91000366210938,128.27999877929688,113.78789520263672,398800
2020-01-16,BR,BR,129.08999633789062,129.9600067138672,129.07000732421875,129.35000610351562,114.73702239990234,374300
2020-01-17,BR,BR,129.82000732421875,131.14999389648438,129.13999938964844,131.0,116.20061492919922,523800
2020-01-21,BR,BR,130.27000427246094,132.8300018310547,130.27000427246094,132.57000732421875,117.5932388305664,683200
2020-01-22,BR,BR,133.2899932861328,134.3000030517578,132.5,132.52999877929688,117.55774688720703,729400
2020-01-23,BR,BR,132.60000610351562,132.8300018310547,130.63999938964844,131.25999450683594,116.43123626708984,447800
2020-01-24,BR,BR,131.97000122070312,132.38999938964844,130.22999572753906,131.02999877929688,116.22722625732422,369900
2020-01-27,BR,BR,128.72999572753906,130.38999938964844,128.1199951171875,129.41000366210938,114.79025268554688,399500
2020-01-28,BR,BR,129.74000549316406,130.64999389648438,129.25,129.77000427246094,115.10957336425781,424100
2020-01-29,BR,BR,130.57000732421875,130.75999450683594,129.52000427246094,129.5399932861328,114.90554809570312,415100
2020-01-30,BR,BR,128.69000244140625,129.80999755859375,127.83999633789062,129.4600067138672,114.8345947265625,946400
2020-01-31,BR,BR,120.48999786376953,121.43000030517578,115.38999938964844,119.1500015258789,105.68933868408203,2180900
2020-02-03,BR,BR,120.66999816894531,121.01000213623047,116.19999694824219,116.43000030517578,103.27662658691406,1291600
2020-02-04,BR,BR,117.9800033569336,118.41000366210938,115.80000305175781,117.33999633789062,104.0838394165039,1030900
2020-02-05,BR,BR,117.91000366210938,121.56999969482422,117.91000366210938,120.69999694824219,107.06424713134766,1475100
2020-02-06,BR,BR,121.13999938964844,121.62999725341797,119.58999633789062,119.7300033569336,106.20381164550781,859100
2020-02-07,BR,BR,119.11000061035156,120.19999694824219,117.52999877929688,117.8499984741211,104.53619384765625,677200
2020-02-10,BR,BR,117.93000030517578,118.87999725341797,117.52999877929688,118.23999786376953,104.88214111328125,949300
2020-02-11,BR,BR,119.25,119.87999725341797,118.62999725341797,119.80999755859375,106.27479553222656,575000
2020-02-12,BR,BR,120.37000274658203,123.72000122070312,119.9000015258789,123.43000030517578,109.4858169555664,1140100
2020-02-13,BR,BR,122.7300033569336,123.80999755859375,122.19000244140625,122.37000274658203,108.54557037353516,701400
2020-02-14,BR,BR,122.80000305175781,123.79000091552734,121.61000061035156,122.27999877929688,108.46574401855469,633700
2020-02-18,BR,BR,122.08999633789062,122.66999816894531,121.69000244140625,122.51000213623047,108.66975402832031,637700
2020-02-19,BR,BR,123.31999969482422,123.61000061035156,122.05999755859375,122.87999725341797,108.99793243408203,554900
2020-02-20,BR,BR,122.7699966430664,122.7699966430664,118.05999755859375,121.37999725341797,107.66740417480469,1505500
2020-02-21,BR,BR,121.12000274658203,121.12000274658203,119.11000061035156,119.61000061035156,106.09738159179688,577600
2020-02-24,BR,BR,116.36000061035156,117.87000274658203,115.55000305175781,116.44000244140625,103.28550720214844,565300
2020-02-25,BR,BR,116.7699966430664,117.63999938964844,112.31999969482422,112.44999694824219,99.74626159667969,826100
2020-02-26,BR,BR,113.93000030517578,115.37000274658203,112.51000213623047,112.54000091552734,99.82608795166016,1675800
2020-02-27,BR,BR,110.29000091552734,111.76000213623047,107.69000244140625,107.69000244140625,95.52400207519531,1324400
2020-02-28,BR,BR,106.05999755859375,108.08999633789062,102.91000366210938,104.36000061035156,92.57019805908203,3048500
2020-03-02,BR,BR,105.51000213623047,107.22000122070312,103.58999633789062,106.25,94.24667358398438,2429100
2020-03-03,BR,BR,106.51000213623047,106.72000122070312,102.13999938964844,102.5199966430664,90.93804168701172,2486900
2020-03-04,BR,BR,104.51000213623047,106.20999908447266,103.05000305175781,106.1500015258789,94.15798950195312,1175700
2020-03-05,BR,BR,103.55999755859375,104.27999877929688,99.69000244140625,101.38999938964844,89.93573760986328,1098500
2020-03-06,BR,BR,98.08000183105469,100.98999786376953,95.55000305175781,100.36000061035156,89.02210235595703,1281900
2020-03-09,BR,BR,93.70999908447266,95.7300033569336,91.23999786376953,91.5199966430664,81.18075561523438,1241700
2020-03-10,BR,BR,94.61000061035156,100.23999786376953,93.80000305175781,99.48999786376953,88.25037384033203,1905000
2020-03-11,BR,BR,96.9000015258789,98.80999755859375,95.33999633789062,97.66999816894531,86.63597106933594,1616400
2020-03-12,BR,BR,90.98999786376953,99.0999984741211,90.45999908447266,95.70999908447266,85.3694076538086,2707100
2020-03-13,BR,BR,99.61000061035156,103.73999786376953,95.12000274658203,103.68000030517578,92.47831726074219,1887900
2020-03-16,BR,BR,92.33999633789062,103.43000030517578,91.4000015258789,99.62999725341797,88.86587524414062,1554600
2020-03-17,BR,BR,101.61000061035156,107.13999938964844,97.62999725341797,104.81999969482422,93.49514770507812,2142600
2020-03-18,BR,BR,99.5199966430664,104.7699966430664,95.79000091552734,100.9000015258789,89.9986801147461,1522600
2020-03-19,BR,BR,100.08000183105469,100.27999877929688,92.54000091552734,93.44000244140625,83.34467315673828,1332800
2020-03-20,BR,BR,93.83999633789062,97.68000030517578,89.80999755859375,90.7699966430664,80.96311950683594,1151600
2020-03-23,BR,BR,89.86000061035156,89.86000061035156,81.9000015258789,84.26000213623047,75.1564712524414,1246800
2020-03-24,BR,BR,87.83999633789062,94.87999725341797,87.0,94.83000183105469,84.58448791503906,871000
2020-03-25,BR,BR,94.16999816894531,96.3499984741211,88.88999938964844,93.94000244140625,83.7906265258789,1898900
2020-03-26,BR,BR,94.91999816894531,97.80000305175781,93.47000122070312,96.93000030517578,86.45758819580078,1308600
2020-03-27,BR,BR,94.9000015258789,95.0,91.30999755859375,91.56999969482422,81.67668914794922,947400
2020-03-30,BR,BR,92.30999755859375,97.37999725341797,90.58000183105469,96.94000244140625,86.46649169921875,1036000
2020-03-31,BR,BR,95.55000305175781,97.26000213623047,93.62999725341797,94.83000183105469,84.58448791503906,1001300
2020-04-01,BR,BR,91.7699966430664,93.0,90.08000183105469,91.31999969482422,81.45372009277344,1123000
2020-04-02,BR,BR,90.4000015258789,93.94000244140625,90.37999725341797,92.0999984741211,82.14942932128906,784000
2020-04-03,BR,BR,91.36000061035156,94.45999908447266,91.12000274658203,92.38999938964844,82.4081039428711,561700
2020-04-06,BR,BR,96.62999725341797,99.30999755859375,95.55000305175781,98.61000061035156,87.9560775756836,1126200
2020-04-07,BR,BR,101.05999755859375,103.51000213623047,99.43000030517578,100.76000213623047,89.87381744384766,941800
2020-04-08,BR,BR,101.41000366210938,103.33999633789062,99.58000183105469,102.0999984741211,91.06902313232422,956900
2020-04-09,BR,BR,102.52999877929688,106.37000274658203,101.4000015258789,105.91000366210938,94.4673843383789,1271400
2020-04-13,BR,BR,105.2699966430664,105.9000015258789,101.31999969482422,102.58999633789062,91.50606536865234,502300
2020-04-14,BR,BR,105.0,107.19000244140625,102.9800033569336,106.94999694824219,95.39500427246094,952800
2020-04-15,BR,BR,105.55000305175781,107.69000244140625,104.94999694824219,106.56999969482422,95.05609893798828,1016900
2020-04-16,BR,BR,107.23999786376953,108.73999786376953,105.25,107.05000305175781,95.4842300415039,953300
2020-04-17,BR,BR,109.01000213623047,110.13999938964844,108.51000213623047,109.94000244140625,98.0619888305664,707400
2020-04-20,BR,BR,108.69999694824219,110.62000274658203,107.97000122070312,109.79000091552734,97.92817687988281,619000
2020-04-21,BR,BR,108.43000030517578,108.69000244140625,105.38999938964844,107.36000061035156,95.7607421875,740500
2020-04-22,BR,BR,109.0999984741211,110.5199966430664,108.02999877929688,109.41000366210938,97.5892562866211,566700
2020-04-23,BR,BR,110.0,111.19000244140625,108.91000366210938,110.25,98.33850860595703,814200
2020-04-24,BR,BR,110.77999877929688,111.5999984741211,109.48999786376953,111.44000244140625,99.39991760253906,698200
2020-04-27,BR,BR,112.30999755859375,114.62000274658203,112.30000305175781,114.33999633789062,101.9865951538086,535500
2020-04-28,BR,BR,115.61000061035156,116.58999633789062,112.27999877929688,112.47000122070312,100.31865692138672,863600
2020-04-29,BR,BR,113.91000366210938,116.98999786376953,113.75,115.5199966430664,103.03912353515625,614800
2020-04-30,BR,BR,114.80000305175781,116.56999969482422,114.33999633789062,116.0,103.46724700927734,481100
2020-05-01,BR,BR,114.19999694824219,114.72000122070312,111.87000274658203,113.05999755859375,100.84490203857422,503500
2020-05-04,BR,BR,112.3499984741211,114.05999755859375,111.75,113.8499984741211,101.5495376586914,544900
2020-05-05,BR,BR,115.06999969482422,116.0999984741211,114.66000366210938,115.3499984741211,102.88748168945312,598400
2020-05-06,BR,BR,115.41999816894531,116.8499984741211,114.5999984741211,116.0,103.46724700927734,573500
2020-05-07,BR,BR,117.51000213623047,118.5,116.1500015258789,116.69000244140625,104.08269500732422,797300
2020-05-08,BR,BR,119.0,119.19000244140625,115.62000274658203,116.80999755859375,104.18975067138672,888200
2020-05-11,BR,BR,116.16000366210938,119.73999786376953,115.58999633789062,119.26000213623047,106.37505340576172,710200
2020-05-12,BR,BR,119.2300033569336,120.44000244140625,117.8499984741211,117.8499984741211,105.11738586425781,885400
2020-05-13,BR,BR,117.94000244140625,118.55999755859375,112.62000274658203,114.11000061035156,101.78144073486328,886000
2020-05-14,BR,BR,113.31999969482422,114.93000030517578,110.73999786376953,114.87000274658203,102.4593276977539,801400
2020-05-15,BR,BR,112.9800033569336,116.29000091552734,112.9800033569336,115.55000305175781,103.06586456298828,1776600
2020-05-18,BR,BR,118.58000183105469,120.38999938964844,118.08999633789062,119.44000244140625,106.53560638427734,602800
2020-05-19,BR,BR,119.01000213623047,121.37000274658203,119.01000213623047,119.56999969482422,106.65154266357422,571400
2020-05-20,BR,BR,120.7300033569336,122.73999786376953,120.5,120.95999908447266,107.89137268066406,452300
2020-05-21,BR,BR,120.61000061035156,120.61000061035156,117.68000030517578,117.79000091552734,105.0638427734375,514600
2020-05-22,BR,BR,117.80999755859375,117.9800033569336,116.22000122070312,116.80999755859375,104.18975067138672,553900
2020-05-26,BR,BR,119.4000015258789,119.87000274658203,116.76000213623047,117.12000274658203,104.46624755859375,680100
2020-05-27,BR,BR,118.06999969482422,118.8499984741211,116.0199966430664,116.69999694824219,104.09161376953125,1119400
2020-05-28,BR,BR,117.19000244140625,120.52999877929688,117.12999725341797,119.26000213623047,106.37505340576172,546200
2020-05-29,BR,BR,119.44000244140625,121.52999877929688,118.08000183105469,121.0999984741211,108.01625061035156,773800
2020-06-01,BR,BR,121.12000274658203,122.80999755859375,120.11000061035156,122.2300033569336,109.024169921875,428300
2020-06-02,BR,BR,123.27999877929688,123.30999755859375,121.77999877929688,123.27999877929688,109.96072387695312,594500
2020-06-03,BR,BR,123.62000274658203,124.70999908447266,123.43000030517578,124.30000305175781,110.87051391601562,361800
2020-06-04,BR,BR,123.5999984741211,124.44000244140625,122.94999694824219,124.0,110.6029281616211,515800
2020-06-05,BR,BR,125.13999938964844,127.86000061035156,124.8499984741211,126.66999816894531,112.98445129394531,596000
2020-06-08,BR,BR,125.7699966430664,127.52999877929688,125.0999984741211,127.48999786376953,113.71587371826172,514000
2020-06-09,BR,BR,127.12000274658203,127.44999694824219,123.27999877929688,123.51000213623047,110.16588592529297,647900
2020-06-10,BR,BR,124.01000213623047,124.05999755859375,121.01000213623047,121.77999877929688,108.62278747558594,830600
2020-06-11,BR,BR,119.13999938964844,119.55000305175781,117.19999694824219,118.93000030517578,106.55318450927734,1574100
2020-06-12,BR,BR,120.83000183105469,122.37999725341797,118.36000061035156,121.62999725341797,108.97220611572266,1488600
2020-06-15,BR,BR,119.56999969482422,122.5,119.4000015258789,122.4000015258789,109.66206359863281,1163700
2020-06-16,BR,BR,125.0,126.5,124.25,125.11000061035156,112.09004211425781,939000
2020-06-17,BR,BR,125.08999633789062,126.61000061035156,125.05000305175781,126.11000061035156,112.9859619140625,651500
2020-06-18,BR,BR,125.43000030517578,126.56999969482422,125.04000091552734,125.94000244140625,112.83364868164062,463200
2020-06-19,BR,BR,127.83999633789062,128.02999877929688,123.2699966430664,123.33000183105469,110.49527740478516,970200
2020-06-22,BR,BR,123.27999877929688,126.08000183105469,123.18000030517578,124.70999908447266,111.7316665649414,500900
2020-06-23,BR,BR,125.76000213623047,126.94000244140625,124.44999694824219,124.6500015258789,111.67792510986328,455400
2020-06-24,BR,BR,123.95999908447266,124.26000213623047,122.44000244140625,122.69999694824219,109.93084716796875,528200
2020-06-25,BR,BR,122.48999786376953,125.0199966430664,121.05000305175781,124.79000091552734,111.80332946777344,635900
2020-06-26,BR,BR,124.6500015258789,126.94999694824219,124.36000061035156,124.63999938964844,111.66893768310547,1542000
2020-06-29,BR,BR,125.05000305175781,125.80999755859375,122.7699966430664,125.7699966430664,112.68135833740234,608600
2020-06-30,BR,BR,125.5199966430664,126.6500015258789,124.69999694824219,126.19000244140625,113.0576400756836,769200
2020-07-01,BR,BR,126.38999938964844,128.6199951171875,125.4800033569336,127.2699966430664,114.02525329589844,539600
2020-07-02,BR,BR,127.81999969482422,129.85000610351562,127.62999725341797,128.22000122070312,114.87641143798828,573800
2020-07-06,BR,BR,130.0,130.32000732421875,128.00999450683594,128.69000244140625,115.29745483398438,462800
2020-07-07,BR,BR,128.1999969482422,129.64999389648438,126.9800033569336,127.11000061035156,113.88190460205078,377400
2020-07-08,BR,BR,127.94000244140625,129.00999450683594,127.45999908447266,128.58999633789062,115.2078628540039,393200
2020-07-09,BR,BR,127.47000122070312,129.0500030517578,126.16999816894531,127.56999969482422,114.29403686523438,694600
2020-07-10,BR,BR,127.72000122070312,127.94000244140625,124.83000183105469,126.05999755859375,112.9411849975586,655600
2020-07-13,BR,BR,126.93000030517578,127.47000122070312,124.63999938964844,125.12000274658203,112.09898376464844,480400
2020-07-14,BR,BR,124.80999755859375,126.80999755859375,123.87000274658203,126.77999877929688,113.58624267578125,366900
2020-07-15,BR,BR,127.58999633789062,129.47000122070312,127.30999755859375,128.75,115.3512191772461,504300
2020-07-16,BR,BR,128.25999450683594,128.38999938964844,127.12000274658203,127.45999908447266,114.19547271728516,438000
2020-07-17,BR,BR,128.27999877929688,129.42999267578125,128.0,129.10000610351562,115.66483306884766,434500
2020-07-20,BR,BR,128.72000122070312,129.83999633789062,128.3300018310547,129.32000732421875,115.86192321777344,443700
2020-07-21,BR,BR,129.97000122070312,131.38999938964844,129.13999938964844,129.9499969482422,116.42633819580078,484300
2020-07-22,BR,BR,129.72000122070312,131.6999969482422,129.5500030517578,131.2899932861328,117.62686920166016,446200
2020-07-23,BR,BR,131.92999267578125,133.33999633789062,129.3000030517578,129.7100067138672,116.21131134033203,382500
2020-07-24,BR,BR,130.58999633789062,131.32000732421875,128.6199951171875,131.27999877929688,117.61792755126953,449100
2020-07-27,BR,BR,131.58999633789062,134.0399932861328,130.63999938964844,133.80999755859375,119.88465118408203,429600
2020-07-28,BR,BR,133.41000366210938,134.07000732421875,131.85000610351562,132.5500030517578,118.75577545166016,409300
2020-07-29,BR,BR,132.9499969482422,134.27999877929688,132.16000366210938,134.00999450683594,120.06379699707031,387300
2020-07-30,BR,BR,132.5500030517578,134.17999267578125,132.30999755859375,133.88999938964844,119.95633697509766,419900
2020-07-31,BR,BR,133.80999755859375,134.41000366210938,132.7100067138672,134.33999633789062,120.35948181152344,640800
2020-08-03,BR,BR,135.27999877929688,137.4199981689453,135.00999450683594,137.0399932861328,122.77851104736328,481900
2020-08-04,BR,BR,136.5800018310547,137.33999633789062,135.75999450683594,137.27999877929688,122.9935073852539,518100
2020-08-05,BR,BR,137.22000122070312,137.83999633789062,134.5399932861328,135.00999450683594,120.95973205566406,507000
2020-08-06,BR,BR,134.9499969482422,136.05999755859375,134.17999267578125,135.36000061035156,121.27335357666016,484000
2020-08-07,BR,BR,134.83999633789062,136.16000366210938,134.3000030517578,135.25,121.17479705810547,768200
2020-08-10,BR,BR,135.74000549316406,137.0500030517578,135.3000030517578,136.60000610351562,122.38428497314453,721200
2020-08-11,BR,BR,138.8300018310547,144.5,138.74000549316406,142.11000061035156,127.32083892822266,1131400
2020-08-12,BR,BR,141.6999969482422,142.3699951171875,138.88999938964844,139.1199951171875,124.6420669555664,837400
2020-08-13,BR,BR,138.36000061035156,140.25,138.1300048828125,138.83999633789062,124.39119720458984,655400
2020-08-14,BR,BR,138.97999572753906,140.02999877929688,138.47000122070312,138.8800048828125,124.427001953125,280500
2020-08-17,BR,BR,139.72000122070312,140.32000732421875,137.67999267578125,138.13999938964844,123.7640151977539,572700
2020-08-18,BR,BR,138.47999572753906,139.8300018310547,138.47999572753906,139.24000549316406,124.74958038330078,362400
2020-08-19,BR,BR,139.5500030517578,139.94000244140625,136.99000549316406,137.3000030517578,123.0114517211914,780800
2020-08-20,BR,BR,136.8000030517578,138.02000427246094,136.8000030517578,137.3000030517578,123.0114517211914,304200
2020-08-21,BR,BR,137.58999633789062,137.58999633789062,136.4600067138672,136.8699951171875,122.62619018554688,378000
2020-08-24,BR,BR,138.10000610351562,138.82000732421875,136.9199981689453,138.3699951171875,123.97007751464844,383100
2020-08-25,BR,BR,138.97000122070312,139.38999938964844,137.3699951171875,138.27000427246094,123.88047790527344,382400
2020-08-26,BR,BR,138.4600067138672,139.14999389648438,137.52999877929688,139.02000427246094,124.55245971679688,513800
2020-08-27,BR,BR,139.97999572753906,140.39999389648438,138.10000610351562,138.80999755859375,124.36431121826172,333100
2020-08-28,BR,BR,139.22999572753906,139.58999633789062,137.97999572753906,138.47000122070312,124.05967712402344,267900
2020-08-31,BR,BR,138.3800048828125,138.52999877929688,137.32000732421875,137.39999389648438,123.10103607177734,510500
2020-09-01,BR,BR,137.47000122070312,139.47999572753906,137.25999450683594,139.35000610351562,124.8481216430664,373600
2020-09-02,BR,BR,139.72999572753906,143.74000549316406,139.49000549316406,143.1300048828125,128.23475646972656,434400
2020-09-03,BR,BR,142.38999938964844,142.50999450683594,137.27999877929688,138.30999755859375,123.91633605957031,510100
2020-09-04,BR,BR,138.97000122070312,138.97000122070312,133.52999877929688,135.41000366210938,121.31814575195312,402800
2020-09-08,BR,BR,133.6699981689453,135.4600067138672,132.00999450683594,132.33999633789062,118.56761169433594,583200
2020-09-09,BR,BR,133.9499969482422,137.57000732421875,133.3699951171875,136.3800048828125,122.18721771240234,463500
2020-09-10,BR,BR,136.9499969482422,138.1699981689453,133.52000427246094,133.8800048828125,119.94734954833984,447500
2020-09-11,BR,BR,134.9199981689453,135.60000610351562,133.27000427246094,134.42999267578125,120.44012451171875,317100
2020-09-14,BR,BR,135.19000244140625,136.88999938964844,135.19000244140625,136.02999877929688,122.39715576171875,407300
2020-09-15,BR,BR,136.6300048828125,137.3300018310547,135.0500030517578,135.6300048828125,122.03721618652344,504700
2020-09-16,BR,BR,136.50999450683594,137.63999938964844,135.0,135.05999755859375,121.52433776855469,492200
2020-09-17,BR,BR,133.92999267578125,133.92999267578125,131.9199981689453,133.47999572753906,120.1026840209961,592300
2020-09-18,BR,BR,133.41000366210938,133.97999572753906,131.1699981689453,131.50999450683594,118.33013916015625,906800
2020-09-21,BR,BR,130.1300048828125,131.27000427246094,128.52999877929688,130.91000366210938,117.79029846191406,575500
2020-09-22,BR,BR,131.47999572753906,132.08999633789062,129.97000122070312,132.0399932861328,118.80701446533203,377100
2020-09-23,BR,BR,131.99000549316406,132.22999572753906,128.63999938964844,128.8800048828125,115.96370697021484,315000
2020-09-24,BR,BR,128.61000061035156,128.94000244140625,126.98999786376953,127.8499984741211,115.03694915771484,591100
2020-09-25,BR,BR,127.20999908447266,130.57000732421875,126.7699966430664,130.39999389648438,117.33135986328125,399200
2020-09-28,BR,BR,131.8000030517578,133.2899932861328,131.3800048828125,132.0,118.77104187011719,528700
2020-09-29,BR,BR,132.10000610351562,133.13999938964844,131.36000061035156,131.72000122070312,118.51908874511719,224200
2020-09-30,BR,BR,131.9199981689453,132.85000610351562,130.85000610351562,132.0,118.77104187011719,789900
2020-10-01,BR,BR,133.41000366210938,135.39999389648438,132.60000610351562,133.94000244140625,120.51659393310547,737100
2020-10-02,BR,BR,131.6999969482422,133.8800048828125,131.22999572753906,133.41000366210938,120.03971862792969,496700
2020-10-05,BR,BR,134.22000122070312,136.4199981689453,133.4600067138672,136.30999755859375,122.64908599853516,505200
2020-10-06,BR,BR,136.1999969482422,138.67999267578125,135.55999755859375,135.75,122.14521026611328,540200
2020-10-07,BR,BR,136.58999633789062,137.82000732421875,135.32000732421875,137.50999450683594,123.72879791259766,417600
2020-10-08,BR,BR,138.72000122070312,139.91000366210938,137.80999755859375,139.0500030517578,125.11449432373047,301000
2020-10-09,BR,BR,139.72999572753906,141.4199981689453,139.19000244140625,140.83999633789062,126.72509002685547,271700
2020-10-12,BR,BR,142.14999389648438,143.1999969482422,140.97999572753906,142.64999389648438,128.35365295410156,445500
2020-10-13,BR,BR,142.60000610351562,143.7899932861328,141.22000122070312,142.0800018310547,127.84083557128906,480500
2020-10-14,BR,BR,142.0399932861328,142.75,141.4600067138672,141.6999969482422,127.49889373779297,307000
2020-10-15,BR,BR,140.6999969482422,143.7899932861328,140.3300018310547,143.27000427246094,128.9115753173828,419200
2020-10-16,BR,BR,143.72000122070312,145.13999938964844,143.1699981689453,143.33999633789062,128.9745635986328,381600
2020-10-19,BR,BR,143.61000061035156,144.41000366210938,141.42999267578125,141.7899932861328,127.57990264892578,372400
2020-10-20,BR,BR,142.3000030517578,144.11000061035156,142.0399932861328,143.49000549316406,129.10955810546875,335200
2020-10-21,BR,BR,143.83999633789062,145.11000061035156,143.6699981689453,144.50999450683594,130.02728271484375,374700
2020-10-22,BR,BR,144.0,145.22999572753906,142.75,144.77999877929688,130.27020263671875,281400
2020-10-23,BR,BR,145.58999633789062,146.0399932861328,144.64999389648438,145.72999572753906,131.12501525878906,363100
2020-10-26,BR,BR,144.0500030517578,144.94000244140625,140.9199981689453,142.17999267578125,127.93082427978516,306400
2020-10-27,BR,BR,142.13999938964844,142.97999572753906,139.91000366210938,139.99000549316406,125.96025848388672,299200
2020-10-28,BR,BR,137.9199981689453,138.27000427246094,134.67999267578125,135.47999572753906,121.90223693847656,617800
2020-10-29,BR,BR,135.2100067138672,139.4499969482422,134.83999633789062,138.1199951171875,124.27769470214844,560900
2020-10-30,BR,BR,136.61000061035156,141.92999267578125,136.1300048828125,137.60000610351562,123.80982208251953,1020200
2020-11-02,BR,BR,138.33999633789062,141.52000427246094,138.33999633789062,140.77000427246094,126.66211700439453,643700
2020-11-03,BR,BR,142.1300048828125,145.9600067138672,141.4199981689453,143.66000366210938,129.26246643066406,463000
2020-11-04,BR,BR,145.16000366210938,147.2899932861328,144.42999267578125,144.83999633789062,130.32421875,451000
2020-11-05,BR,BR,147.24000549316406,147.99000549316406,143.9600067138672,144.67999267578125,130.18028259277344,509600
2020-11-06,BR,BR,144.61000061035156,147.0800018310547,143.8300018310547,146.58999633789062,131.89883422851562,337800
2020-11-09,BR,BR,151.1999969482422,153.33999633789062,146.52999877929688,146.8800048828125,132.15977478027344,567600
2020-11-10,BR,BR,146.86000061035156,147.72000122070312,144.7100067138672,146.25,131.59292602539062,523800
2020-11-11,BR,BR,147.42999267578125,149.8699951171875,147.24000549316406,148.8300018310547,133.91432189941406,285500
2020-11-12,BR,BR,148.5399932861328,148.55999755859375,144.66000366210938,145.5500030517578,130.96304321289062,391100
2020-11-13,BR,BR,147.0800018310547,147.52000427246094,145.32000732421875,146.69000244140625,131.98883056640625,268300
2020-11-16,BR,BR,147.3000030517578,148.64999389648438,146.3800048828125,148.50999450683594,133.62640380859375,466200
2020-11-17,BR,BR,147.9600067138672,148.5500030517578,146.75,147.27999877929688,132.51968383789062,294400
2020-11-18,BR,BR,146.9499969482422,147.5500030517578,145.6199951171875,145.77000427246094,131.16099548339844,378400
2020-11-19,BR,BR,145.0500030517578,146.80999755859375,143.44000244140625,146.60000610351562,131.90782165527344,426600
2020-11-20,BR,BR,146.8699951171875,146.8699951171875,144.6999969482422,144.9199981689453,130.39617919921875,431400
2020-11-23,BR,BR,145.1699981689453,147.8000030517578,144.57000732421875,147.5800018310547,132.78961181640625,334200
2020-11-24,BR,BR,148.4600067138672,148.52000427246094,146.1300048828125,146.94000244140625,132.2137451171875,416900
2020-11-25,BR,BR,147.72999572753906,147.72999572753906,145.0800018310547,146.27000427246094,131.61090087890625,378900
2020-11-27,BR,BR,146.9600067138672,147.47999572753906,145.0800018310547,147.39999389648438,132.62767028808594,188100
2020-11-30,BR,BR,147.7899932861328,148.02000427246094,144.75,146.8800048828125,132.15977478027344,812100
2020-12-01,BR,BR,148.5,149.3300018310547,146.17999267578125,148.4499969482422,133.5724334716797,590300
2020-12-02,BR,BR,148.39999389648438,149.27999877929688,146.63999938964844,147.22999572753906,132.47470092773438,539900
2020-12-03,BR,BR,146.61000061035156,148.99000549316406,146.61000061035156,148.00999450683594,133.17649841308594,346000
2020-12-04,BR,BR,148.32000732421875,149.22999572753906,147.5500030517578,149.22000122070312,134.2652587890625,454000
2020-12-07,BR,BR,148.72000122070312,149.6699981689453,145.10000610351562,146.14999389648438,131.50291442871094,798600
2020-12-08,BR,BR,145.97999572753906,147.83999633789062,145.50999450683594,147.22999572753906,132.47470092773438,442900
2020-12-09,BR,BR,147.75,148.55999755859375,146.52000427246094,148.30999755859375,133.44642639160156,554900
2020-12-10,BR,BR,147.27000427246094,148.5399932861328,145.33999633789062,146.22000122070312,131.5658721923828,923300
2020-12-11,BR,BR,145.8800048828125,147.75999450683594,145.66000366210938,147.6300048828125,132.83457946777344,677900
2020-12-14,BR,BR,147.3300018310547,148.97000122070312,145.60000610351562,146.10000610351562,131.97193908691406,751200
2020-12-15,BR,BR,146.6199951171875,148.07000732421875,145.85000610351562,147.41000366210938,133.15524291992188,637600
2020-12-16,BR,BR,147.72000122070312,148.35000610351562,145.8800048828125,146.80999755859375,132.61328125,654700
2020-12-17,BR,BR,148.3000030517578,150.9199981689453,148.0,150.8300018310547,136.24452209472656,714600
2020-12-18,BR,BR,151.05999755859375,154.22000122070312,150.22999572753906,153.8800048828125,138.9996337890625,1263800
2020-12-21,BR,BR,151.69000244140625,152.74000549316406,148.5500030517578,149.36000061035156,134.9166717529297,495500
2020-12-22,BR,BR,149.60000610351562,149.9199981689453,148.2100067138672,148.47999572753906,134.1217803955078,587800
2020-12-23,BR,BR,148.80999755859375,148.97999572753906,147.39999389648438,147.41000366210938,133.15524291992188,454300
2020-12-24,BR,BR,148.22999572753906,150.02000427246094,147.5800018310547,150.00999450683594,135.50384521484375,162000
2020-12-28,BR,BR,151.24000549316406,152.50999450683594,150.30999755859375,152.05999755859375,137.35562133789062,463600
2020-12-29,BR,BR,153.2100067138672,153.6199951171875,150.75999450683594,151.3699951171875,136.73231506347656,524600
2020-12-30,BR,BR,152.13999938964844,152.50999450683594,151.5,152.11000061035156,137.40074157714844,319200
2020-12-31,BR,BR,152.42999267578125,153.39999389648438,151.22999572753906,153.1999969482422,138.38536071777344,275000
2021-01-04,BR,BR,153.4499969482422,154.41000366210938,149.50999450683594,151.50999450683594,136.8587646484375,641900
2021-01-05,BR,BR,150.75999450683594,152.47999572753906,149.4199981689453,151.72000122070312,137.04849243164062,723500
2021-01-06,BR,BR,153.0,156.08999633789062,151.41000366210938,155.77999877929688,140.7158660888672,762400
2021-01-07,BR,BR,155.8800048828125,158.36000061035156,155.11000061035156,155.6199951171875,140.57130432128906,978300
2021-01-08,BR,BR,156.02000427246094,158.10000610351562,154.69000244140625,156.2100067138672,141.1042938232422,578500
2021-01-11,BR,BR,154.8699951171875,155.72000122070312,154.10000610351562,155.00999450683594,140.02037048339844,447300
2021-01-12,BR,BR,154.3699951171875,155.50999450683594,154.14999389648438,154.75999450683594,139.79452514648438,512300
2021-01-13,BR,BR,155.08999633789062,156.07000732421875,153.36000061035156,154.22000122070312,139.30674743652344,689500
2021-01-14,BR,BR,154.41000366210938,155.02000427246094,153.3699951171875,153.57000732421875,138.71961975097656,458700
2021-01-15,BR,BR,153.0399932861328,154.08999633789062,150.86000061035156,151.57000732421875,136.91297912597656,691600
2021-01-19,BR,BR,152.47000122070312,152.91000366210938,151.07000732421875,151.55999755859375,136.9039306640625,384700
2021-01-20,BR,BR,152.52999877929688,152.6300048828125,150.5500030517578,152.49000549316406,137.74400329589844,413100
2021-01-21,BR,BR,152.3000030517578,153.61000061035156,150.75999450683594,151.10000610351562,136.4884490966797,505200
2021-01-22,BR,BR,150.47000122070312,151.00999450683594,148.7899932861328,148.94000244140625,134.5373077392578,852100
2021-01-25,BR,BR,148.9199981689453,150.7100067138672,148.22999572753906,150.6699981689453,136.10003662109375,725500
2021-01-26,BR,BR,151.39999389648438,152.4199981689453,149.85000610351562,151.7899932861328,137.11167907714844,549900
2021-01-27,BR,BR,150.1699981689453,150.5800018310547,143.58999633789062,143.6300048828125,129.74078369140625,1352100
2021-01-28,BR,BR,145.33999633789062,146.99000549316406,143.49000549316406,144.8300018310547,130.82479858398438,674600
2021-01-29,BR,BR,144.27999877929688,144.3800048828125,141.27999877929688,141.30999755859375,127.64517974853516,705200
2021-02-01,BR,BR,142.58999633789062,146.39999389648438,142.05999755859375,146.07000732421875,131.94485473632812,704000
2021-02-02,BR,BR,147.49000549316406,147.49000549316406,143.5800018310547,146.5,132.333251953125,696400
2021-02-03,BR,BR,147.8300018310547,148.25,144.5399932861328,144.5500030517578,130.57183837890625,486300
2021-02-04,BR,BR,144.64999389648438,145.2899932861328,142.1300048828125,143.1699981689453,129.3252716064453,1024300
2021-02-05,BR,BR,144.1999969482422,145.44000244140625,143.58999633789062,144.1300048828125,130.1924285888672,741600
2021-02-08,BR,BR,144.66000366210938,144.9199981689453,142.39999389648438,143.08999633789062,129.2530059814453,599800
2021-02-09,BR,BR,142.32000732421875,142.6699981689453,141.02999877929688,141.6699981689453,127.97034454345703,637100
2021-02-10,BR,BR,142.27000427246094,144.74000549316406,141.99000549316406,144.3800048828125,130.41827392578125,624400
2021-02-11,BR,BR,144.6999969482422,145.72000122070312,144.38999938964844,145.35000610351562,131.29446411132812,502100
2021-02-12,BR,BR,144.5800018310547,148.1999969482422,144.5800018310547,148.07000732421875,133.75148010253906,767800
2021-02-16,BR,BR,148.25,148.77999877929688,145.58999633789062,146.24000549316406,132.09841918945312,710100
2021-02-17,BR,BR,145.19000244140625,148.6199951171875,144.75,147.42999267578125,133.17330932617188,607500
2021-02-18,BR,BR,146.35000610351562,149.67999267578125,146.13999938964844,149.27999877929688,134.84442138671875,425800
2021-02-19,BR,BR,150.0,151.11000061035156,148.88999938964844,149.5399932861328,135.0792694091797,614200
2021-02-22,BR,BR,148.4600067138672,149.1199951171875,146.82000732421875,147.5,133.23654174804688,448400
2021-02-23,BR,BR,147.67999267578125,147.67999267578125,143.5500030517578,143.66000366210938,129.7678985595703,1010900
2021-02-24,BR,BR,143.52999877929688,145.8800048828125,142.08999633789062,145.0800018310547,131.05059814453125,579700
2021-02-25,BR,BR,144.8699951171875,146.41000366210938,142.63999938964844,143.25999450683594,129.4065704345703,429100
2021-02-26,BR,BR,143.97999572753906,144.6999969482422,142.22999572753906,142.49000549316406,128.71104431152344,706100
2021-03-01,BR,BR,143.4499969482422,147.00999450683594,142.83999633789062,146.47999572753906,132.31520080566406,457400
2021-03-02,BR,BR,146.50999450683594,146.50999450683594,142.92999267578125,143.83999633789062,129.9304656982422,519400
2021-03-03,BR,BR,143.44000244140625,143.6300048828125,141.3000030517578,141.88999938964844,128.16905212402344,472200
2021-03-04,BR,BR,141.77999877929688,143.1300048828125,137.91000366210938,139.1699981689453,125.71208190917969,557200
2021-03-05,BR,BR,140.52000427246094,142.67999267578125,139.0399932861328,142.47999572753906,128.7019805908203,486400
2021-03-08,BR,BR,143.0,145.02000427246094,141.6999969482422,141.82000732421875,128.10581970214844,472900
2021-03-09,BR,BR,142.6999969482422,145.47000122070312,141.83999633789062,141.97999572753906,128.2503662109375,467500
2021-03-10,BR,BR,141.97999572753906,143.3699951171875,141.77999877929688,142.3800048828125,128.61167907714844,356800
2021-03-11,BR,BR,143.1999969482422,145.8000030517578,143.1999969482422,144.49000549316406,130.5176239013672,412500
2021-03-12,BR,BR,144.0800018310547,144.2899932861328,142.8699951171875,144.05999755859375,130.649169921875,428200
2021-03-15,BR,BR,143.52999877929688,146.5,142.6999969482422,146.38999938964844,132.76223754882812,362500
2021-03-16,BR,BR,146.60000610351562,148.22000122070312,145.42999267578125,147.6300048828125,133.88677978515625,387800
2021-03-17,BR,BR,147.7100067138672,148.02999877929688,146.0500030517578,146.75,133.08876037597656,600100
2021-03-18,BR,BR,145.75999450683594,146.94000244140625,144.5500030517578,145.4600067138672,131.9188232421875,417100
2021-03-19,BR,BR,145.36000061035156,148.05999755859375,145.17999267578125,146.17999267578125,132.57176208496094,1158000
2021-03-22,BR,BR,146.36000061035156,147.72999572753906,146.08999633789062,147.58999633789062,133.85047912597656,415400
2021-03-23,BR,BR,147.89999389648438,149.11000061035156,146.5399932861328,147.27000427246094,133.56031799316406,461300
2021-03-24,BR,BR,147.22999572753906,150.16000366210938,147.13999938964844,148.8699951171875,135.01136779785156,573200
2021-03-25,BR,BR,149.0,149.05999755859375,147.24000549316406,148.24000549316406,134.44003295898438,490500
2021-03-26,BR,BR,148.1999969482422,153.6300048828125,147.4499969482422,153.44000244140625,139.1559295654297,603100
2021-03-29,BR,BR,153.39999389648438,157.69000244140625,151.13999938964844,157.30999755859375,142.66567993164062,771200
2021-03-30,BR,BR,156.88999938964844,156.88999938964844,152.77999877929688,152.97999572753906,138.73875427246094,453100
2021-03-31,BR,BR,152.83999633789062,154.2100067138672,152.50999450683594,153.10000610351562,138.84756469726562,516500
2021-04-01,BR,BR,153.58999633789062,154.97999572753906,152.35000610351562,154.9199981689453,140.49815368652344,407300
2021-04-05,BR,BR,155.49000549316406,159.0500030517578,155.14999389648438,158.60000610351562,143.83560180664062,645900
2021-04-06,BR,BR,157.57000732421875,157.57000732421875,155.3300018310547,156.1300048828125,141.59547424316406,419200
2021-04-07,BR,BR,156.22000122070312,157.27000427246094,154.11000061035156,154.67999267578125,140.28053283691406,369300
2021-04-08,BR,BR,156.0500030517578,157.25999450683594,154.24000549316406,154.3699951171875,139.99937438964844,592500
2021-04-09,BR,BR,153.9499969482422,156.0,153.5500030517578,156.0,141.47760009765625,421100
2021-04-12,BR,BR,156.72999572753906,157.2100067138672,154.99000549316406,155.92999267578125,141.4141082763672,473400
2021-04-13,BR,BR,155.42999267578125,156.75999450683594,154.75,155.77000427246094,141.26901245117188,329100
2021-04-14,BR,BR,155.8300018310547,156.27999877929688,154.75999450683594,155.8800048828125,141.3688201904297,318500
2021-04-15,BR,BR,157.0,157.27999877929688,155.17999267578125,155.57000732421875,141.08766174316406,638400
2021-04-16,BR,BR,156.25999450683594,157.35000610351562,154.7100067138672,157.0,142.38453674316406,624300
2021-04-19,BR,BR,157.0800018310547,157.0800018310547,155.11000061035156,155.94000244140625,141.42320251464844,522500
2021-04-20,BR,BR,156.2100067138672,159.07000732421875,156.2100067138672,158.85000610351562,144.0623779296875,585400
2021-04-21,BR,BR,159.7100067138672,161.38999938964844,159.3000030517578,160.75,145.78543090820312,710400
2021-04-22,BR,BR,160.50999450683594,163.42999267578125,160.41000366210938,161.27999877929688,146.26611328125,425700
2021-04-23,BR,BR,161.27999877929688,163.16000366210938,160.63999938964844,162.6300048828125,147.49041748046875,277300
2021-04-26,BR,BR,162.94000244140625,163.0,160.6999969482422,161.02000427246094,146.03028869628906,284300
2021-04-27,BR,BR,160.47000122070312,161.49000549316406,160.02000427246094,161.22999572753906,146.22071838378906,357800
2021-04-28,BR,BR,161.49000549316406,161.8000030517578,160.52000427246094,161.00999450683594,146.02122497558594,308300
2021-04-29,BR,BR,161.67999267578125,162.19000244140625,160.5500030517578,161.4600067138672,146.4293212890625,276300
2021-04-30,BR,BR,160.47999572753906,160.75,157.19000244140625,158.6300048828125,143.86279296875,610900
2021-05-03,BR,BR,158.8800048828125,160.77000427246094,158.17999267578125,159.97999572753906,145.0871124267578,756600
2021-05-04,BR,BR,158.33999633789062,163.8300018310547,158.33999633789062,162.86000061035156,147.698974609375,839000
2021-05-05,BR,BR,164.41000366210938,165.24000549316406,162.22999572753906,165.0399932861328,149.67605590820312,512500
2021-05-06,BR,BR,165.3300018310547,166.32000732421875,163.55999755859375,164.89999389648438,149.549072265625,519800
2021-05-07,BR,BR,165.25999450683594,165.97999572753906,163.77000427246094,164.1999969482422,148.91421508789062,331700
2021-05-10,BR,BR,164.75999450683594,167.5399932861328,162.11000061035156,165.6300048828125,150.21112060546875,369700
2021-05-11,BR,BR,165.08999633789062,165.72999572753906,162.27999877929688,163.7899932861328,148.5424041748047,391300
2021-05-12,BR,BR,162.5800018310547,162.72000122070312,158.99000549316406,159.02000427246094,144.2164764404297,446700
2021-05-13,BR,BR,160.05999755859375,161.92999267578125,159.4199981689453,160.97000122070312,145.98495483398438,354500
2021-05-14,BR,BR,162.30999755859375,163.99000549316406,161.75999450683594,163.17999267578125,147.98919677734375,344600
2021-05-17,BR,BR,162.77999877929688,163.16000366210938,161.17999267578125,162.24000549316406,147.13670349121094,473100
2021-05-18,BR,BR,161.99000549316406,162.0,160.22999572753906,160.5399932861328,145.5950164794922,851600
2021-05-19,BR,BR,159.24000549316406,159.47000122070312,157.05999755859375,159.4199981689453,144.5792236328125,412400
2021-05-20,BR,BR,159.75999450683594,161.6699981689453,158.69000244140625,160.22000122070312,145.30477905273438,503300
2021-05-21,BR,BR,160.6699981689453,161.63999938964844,158.3699951171875,159.27000427246094,144.4431915283203,595400
2021-05-24,BR,BR,160.30999755859375,161.27999877929688,159.41000366210938,159.4499969482422,144.60643005371094,332400
2021-05-25,BR,BR,159.50999450683594,160.0,158.66000366210938,159.1699981689453,144.35252380371094,413600
2021-05-26,BR,BR,158.75999450683594,159.35000610351562,157.36000061035156,158.75999450683594,143.98069763183594,503400
2021-05-27,BR,BR,158.77000427246094,160.89999389648438,158.47000122070312,159.63999938964844,144.77874755859375,967900
2021-05-28,BR,BR,160.4600067138672,160.72000122070312,159.4199981689453,159.47999572753906,144.6336669921875,630200
2021-06-01,BR,BR,160.2100067138672,160.2899932861328,157.3800048828125,158.16000366210938,143.43653869628906,545000
2021-06-02,BR,BR,158.3800048828125,159.4499969482422,158.3800048828125,158.50999450683594,143.7539520263672,415900
2021-06-03,BR,BR,157.67999267578125,158.9600067138672,156.6699981689453,158.60000610351562,143.83560180664062,463000
2021-06-04,BR,BR,159.25,160.9499969482422,159.25,160.8699951171875,145.8942413330078,298000
2021-06-07,BR,BR,161.3800048828125,161.3800048828125,157.5500030517578,158.27999877929688,143.54534912109375,286700
2021-06-08,BR,BR,159.0500030517578,159.19000244140625,157.6300048828125,158.22999572753906,143.50003051757812,632100
2021-06-09,BR,BR,158.9199981689453,160.0,158.27000427246094,159.07000732421875,144.26185607910156,395500
2021-06-10,BR,BR,159.6300048828125,161.49000549316406,159.6300048828125,161.3699951171875,146.34771728515625,665000
2021-06-11,BR,BR,161.47000122070312,162.77000427246094,161.47000122070312,162.75999450683594,147.6083221435547,366700
2021-06-14,BR,BR,162.5500030517578,162.74000549316406,159.86000061035156,160.9600067138672,146.49339294433594,644100
2021-06-15,BR,BR,160.99000549316406,161.89999389648438,160.10000610351562,161.6300048828125,147.10316467285156,320200
2021-06-16,BR,BR,162.27000427246094,162.47000122070312,159.13999938964844,160.22000122070312,145.8199462890625,398200
2021-06-17,BR,BR,159.8000030517578,160.9600067138672,159.2899932861328,159.72000122070312,145.36485290527344,456600
2021-06-18,BR,BR,158.27000427246094,159.25999450683594,157.44000244140625,158.3300018310547,144.09979248046875,875000
2021-06-21,BR,BR,159.0399932861328,161.3699951171875,158.33999633789062,160.88999938964844,146.42970275878906,399900
2021-06-22,BR,BR,160.83999633789062,161.7899932861328,160.52000427246094,161.07000732421875,146.59352111816406,321900
2021-06-23,BR,BR,161.6699981689453,161.6699981689453,159.69000244140625,159.6999969482422,145.34664916992188,345500
2021-06-24,BR,BR,160.44000244140625,160.7100067138672,159.10000610351562,160.32000732421875,145.9109344482422,334100
2021-06-25,BR,BR,160.7100067138672,160.88999938964844,159.99000549316406,160.69000244140625,146.2476806640625,715200
2021-06-28,BR,BR,161.25,161.30999755859375,159.38999938964844,160.80999755859375,146.3568878173828,399900
2021-06-29,BR,BR,161.02999877929688,162.41000366210938,159.91000366210938,162.0500030517578,147.4854278564453,448000
2021-06-30,BR,BR,162.0399932861328,162.0399932861328,160.92999267578125,161.52999877929688,147.0121612548828,598300
2021-07-01,BR,BR,161.82000732421875,163.19000244140625,161.3800048828125,162.92999267578125,148.28634643554688,304000
2021-07-02,BR,BR,163.57000732421875,164.69000244140625,162.9199981689453,164.41000366210938,149.6333465576172,483600
2021-07-06,BR,BR,164.89999389648438,164.91000366210938,162.88999938964844,164.66000366210938,149.86087036132812,367400
2021-07-07,BR,BR,165.0,168.3699951171875,164.61000061035156,168.17999267578125,153.0644989013672,545800
2021-07-08,BR,BR,167.0399932861328,168.58999633789062,165.9499969482422,166.4499969482422,151.49000549316406,470700
2021-07-09,BR,BR,167.33999633789062,168.9600067138672,166.5399932861328,168.6999969482422,153.53775024414062,765000
2021-07-12,BR,BR,168.0800018310547,169.02000427246094,168.05999755859375,168.4600067138672,153.31930541992188,559200
2021-07-13,BR,BR,168.4600067138672,169.97999572753906,167.99000549316406,168.25999450683594,153.13734436035156,678400
2021-07-14,BR,BR,168.92999267578125,170.22999572753906,168.1199951171875,170.0500030517578,154.76644897460938,443400
2021-07-15,BR,BR,169.4499969482422,171.14999389648438,169.4499969482422,170.66000366210938,155.3216094970703,320500
2021-07-16,BR,BR,171.25999450683594,171.27000427246094,169.3000030517578,169.8699951171875,154.60260009765625,511500
2021-07-19,BR,BR,168.42999267578125,169.16000366210938,165.25999450683594,166.6199951171875,151.64466857910156,707400
2021-07-20,BR,BR,167.36000061035156,170.38999938964844,166.8800048828125,169.14999389648438,153.94732666015625,411200
2021-07-21,BR,BR,169.4199981689453,169.97999572753906,168.57000732421875,169.6999969482422,154.44790649414062,257000
2021-07-22,BR,BR,169.7899932861328,170.72999572753906,169.52999877929688,170.5399932861328,155.21241760253906,302300
2021-07-23,BR,BR,171.9499969482422,172.5800018310547,171.02999877929688,172.49000549316406,156.98715209960938,216600
2021-07-26,BR,BR,171.85000610351562,172.5399932861328,170.88999938964844,172.3699951171875,156.87791442871094,209900
2021-07-27,BR,BR,172.3699951171875,172.6199951171875,170.3300018310547,171.88999938964844,156.44105529785156,333200
2021-07-28,BR,BR,172.02000427246094,172.02000427246094,170.0500030517578,170.83999633789062,155.4853973388672,376900
2021-07-29,BR,BR,171.75,172.80999755859375,171.57000732421875,172.47000122070312,156.968994140625,501300
2021-07-30,BR,BR,172.27000427246094,173.6199951171875,172.11000061035156,173.49000549316406,157.89724731445312,403900
2021-08-02,BR,BR,174.5,175.2100067138672,173.22000122070312,173.38999938964844,157.80624389648438,286900
2021-08-03,BR,BR,173.6699981689453,175.22000122070312,172.17999267578125,174.99000549316406,159.262451171875,385600
2021-08-04,BR,BR,174.58999633789062,174.88999938964844,172.97999572753906,174.0399932861328,158.3978271484375,301200
2021-08-05,BR,BR,174.3800048828125,174.7899932861328,173.24000549316406,173.92999267578125,158.2977294921875,255800
2021-08-06,BR,BR,173.72000122070312,174.5500030517578,173.0,173.3699951171875,157.78805541992188,318100
2021-08-09,BR,BR,173.17999267578125,173.72999572753906,172.49000549316406,172.92999267578125,157.3875732421875,316100
2021-08-10,BR,BR,172.74000549316406,173.19000244140625,170.8300018310547,171.52999877929688,156.11343383789062,359300
2021-08-11,BR,BR,171.94000244140625,173.25,171.47999572753906,172.1199951171875,156.65037536621094,370200
2021-08-12,BR,BR,171.17999267578125,173.72000122070312,169.17999267578125,172.89999389648438,157.3602752685547,619100
2021-08-13,BR,BR,173.7100067138672,175.82000732421875,173.4499969482422,174.36000061035156,158.68907165527344,523400
2021-08-16,BR,BR,173.97000122070312,177.16000366210938,172.83999633789062,176.99000549316406,161.08270263671875,441300
2021-08-17,BR,BR,176.35000610351562,177.0,175.17999267578125,176.8000030517578,160.90975952148438,300100
2021-08-18,BR,BR,176.72999572753906,177.07000732421875,173.57000732421875,173.6699981689453,158.06105041503906,375000
2021-08-19,BR,BR,172.67999267578125,174.61000061035156,172.67999267578125,173.72999572753906,158.1156768798828,451200
2021-08-20,BR,BR,174.0,175.24000549316406,172.85000610351562,174.5399932861328,158.8528594970703,579800
2021-08-23,BR,BR,174.9600067138672,174.9600067138672,172.44000244140625,172.5,156.99620056152344,421700
2021-08-24,BR,BR,172.55999755859375,172.82000732421875,171.14999389648438,171.27000427246094,155.8768310546875,455700
2021-08-25,BR,BR,171.1300048828125,171.69000244140625,170.1999969482422,170.97999572753906,155.6128387451172,551400
2021-08-26,BR,BR,170.9199981689453,170.92999267578125,168.9199981689453,169.80999755859375,154.54800415039062,326200
2021-08-27,BR,BR,170.35000610351562,172.00999450683594,170.0,171.5800018310547,156.15892028808594,335100
2021-08-30,BR,BR,171.3300018310547,172.60000610351562,171.3300018310547,172.3300018310547,156.84152221679688,250500
2021-08-31,BR,BR,172.85000610351562,173.32000732421875,171.5,172.22000122070312,156.7414093017578,496000
2021-09-01,BR,BR,172.77999877929688,172.77999877929688,170.63999938964844,171.42999267578125,156.02239990234375,325000
2021-09-02,BR,BR,171.64999389648438,172.08999633789062,170.2899932861328,171.02000427246094,155.64923095703125,319100
2021-09-03,BR,BR,170.77999877929688,171.80999755859375,170.52999877929688,170.75,155.4034881591797,329800
2021-09-07,BR,BR,170.88999938964844,171.00999450683594,168.5,168.77999877929688,153.610595703125,322400
2021-09-08,BR,BR,168.6999969482422,171.86000061035156,168.6999969482422,171.80999755859375,156.36822509765625,423600
2021-09-09,BR,BR,171.64999389648438,172.85000610351562,170.72000122070312,170.72999572753906,155.38531494140625,778300
2021-09-10,BR,BR,171.6699981689453,172.0399932861328,169.39999389648438,169.9600067138672,154.6845245361328,374500
2021-09-13,BR,BR,170.61000061035156,171.5,169.42999267578125,170.30999755859375,155.00311279296875,463700
2021-09-14,BR,BR,170.6199951171875,170.6199951171875,168.75999450683594,169.6699981689453,155.00308227539062,456200
2021-09-15,BR,BR,169.6999969482422,170.47000122070312,168.8000030517578,169.64999389648438,154.98475646972656,250700
2021-09-16,BR,BR,170.00999450683594,170.32000732421875,168.60000610351562,168.66000366210938,154.08035278320312,318600
2021-09-17,BR,BR,168.13999938964844,169.39999389648438,166.3300018310547,166.55999755859375,152.16188049316406,720700
2021-09-20,BR,BR,164.83999633789062,166.27000427246094,162.6699981689453,164.44000244140625,150.22518920898438,494100
2021-09-21,BR,BR,165.27999877929688,165.3000030517578,162.25,162.50999450683594,148.4620361328125,461100
2021-09-22,BR,BR,163.02999877929688,164.39999389648438,161.5,164.10000610351562,149.9145965576172,630400
2021-09-23,BR,BR,164.9600067138672,168.61000061035156,164.9600067138672,168.07000732421875,153.54136657714844,544600
2021-09-24,BR,BR,167.67999267578125,169.30999755859375,166.82000732421875,169.00999450683594,154.40013122558594,421700
2021-09-27,BR,BR,168.5500030517578,168.9600067138672,167.33999633789062,168.24000549316406,153.69668579101562,330700
2021-09-28,BR,BR,167.11000061035156,167.77000427246094,165.77999877929688,166.83999633789062,152.4176788330078,716200
2021-09-29,BR,BR,167.57000732421875,169.7899932861328,166.57000732421875,168.39999389648438,153.8428497314453,540700
2021-09-30,BR,BR,169.19000244140625,170.25999450683594,166.58999633789062,166.63999938964844,152.2349395751953,751300
2021-10-01,BR,BR,167.47999572753906,167.49000549316406,164.1699981689453,166.02000427246094,151.66860961914062,636000
2021-10-04,BR,BR,164.8300018310547,165.9600067138672,161.38999938964844,162.5500030517578,148.49855041503906,687400
2021-10-05,BR,BR,163.02000427246094,164.83999633789062,161.08999633789062,164.44000244140625,150.22518920898438,577200
2021-10-06,BR,BR,163.00999450683594,167.0500030517578,163.00999450683594,166.97999572753906,152.5456085205078,643100
2021-10-07,BR,BR,167.80999755859375,168.9199981689453,167.25999450683594,168.89999389648438,154.29962158203125,594400
2021-10-08,BR,BR,168.99000549316406,169.50999450683594,168.4199981689453,168.94000244140625,154.336181640625,353900
2021-10-11,BR,BR,168.66000366210938,169.47999572753906,167.61000061035156,168.3300018310547,153.77886962890625,552900
2021-10-12,BR,BR,169.22000122070312,171.42999267578125,168.33999633789062,170.7100067138672,155.9532012939453,446200
2021-10-13,BR,BR,171.07000732421875,172.77999877929688,169.75999450683594,172.6699981689453,157.74375915527344,362200
2021-10-14,BR,BR,173.99000549316406,178.19000244140625,173.50999450683594,178.0500030517578,162.65867614746094,670100
2021-10-15,BR,BR,178.77000427246094,180.05999755859375,178.47999572753906,179.94000244140625,164.38528442382812,485700
2021-10-18,BR,BR,179.5,179.5,177.5800018310547,178.02000427246094,162.63125610351562,739500
2021-10-19,BR,BR,178.41000366210938,180.92999267578125,177.44000244140625,180.92999267578125,165.2897186279297,499000
2021-10-20,BR,BR,181.3300018310547,183.24000549316406,180.60000610351562,181.3000030517578,165.6277313232422,577700
2021-10-21,BR,BR,181.08999633789062,182.9600067138672,180.47999572753906,182.32000732421875,166.55955505371094,388900
2021-10-22,BR,BR,182.35000610351562,184.85000610351562,181.91000366210938,184.07000732421875,168.1582489013672,382400
2021-10-25,BR,BR,183.63999938964844,184.66000366210938,183.0800018310547,183.42999267578125,167.57357788085938,369600
2021-10-26,BR,BR,184.07000732421875,184.99000549316406,181.77999877929688,184.22999572753906,168.304443359375,465200
2021-10-27,BR,BR,184.4600067138672,185.0,180.5399932861328,181.3000030517578,165.6277313232422,547100
2021-10-28,BR,BR,181.89999389648438,182.39999389648438,178.77999877929688,179.6199951171875,164.0929412841797,509900
2021-10-29,BR,BR,179.27999877929688,180.41000366210938,176.66000366210938,178.41000366210938,162.987548828125,789800
2021-11-01,BR,BR,178.91000366210938,179.52999877929688,175.02000427246094,177.24000549316406,161.91868591308594,600800
2021-11-02,BR,BR,178.0,179.7100067138672,177.25,178.8699951171875,163.4077606201172,743600
2021-11-03,BR,BR,175.41000366210938,176.41000366210938,166.50999450683594,169.8699951171875,155.1857452392578,892900
2021-11-04,BR,BR,170.3000030517578,172.63999938964844,170.13999938964844,171.3699951171875,156.5560760498047,618200
2021-11-05,BR,BR,172.0800018310547,174.0800018310547,171.50999450683594,173.80999755859375,158.78517150878906,539200
2021-11-08,BR,BR,174.72000122070312,175.49000549316406,173.22999572753906,175.07000732421875,159.93629455566406,658400
2021-11-09,BR,BR,175.1699981689453,178.57000732421875,174.11000061035156,178.36000061035156,162.94189453125,491200
2021-11-10,BR,BR,178.07000732421875,179.97000122070312,177.44000244140625,178.8300018310547,163.3712158203125,504600
2021-11-11,BR,BR,178.77999877929688,178.77999877929688,175.6999969482422,175.7899932861328,160.59400939941406,347100
2021-11-12,BR,BR,175.7899932861328,177.52999877929688,175.22999572753906,176.61000061035156,161.34312438964844,626500
2021-11-15,BR,BR,177.35000610351562,178.22999572753906,176.47999572753906,177.0800018310547,161.77252197265625,304600
2021-11-16,BR,BR,176.89999389648438,178.69000244140625,175.8800048828125,177.1199951171875,161.80905151367188,274300
2021-11-17,BR,BR,176.75,176.83999633789062,173.60000610351562,174.64999389648438,159.5525665283203,343600
2021-11-18,BR,BR,174.64999389648438,174.64999389648438,172.55999755859375,173.0,158.0452117919922,319100
2021-11-19,BR,BR,173.4499969482422,174.82000732421875,172.80999755859375,174.1300048828125,159.07752990722656,538100
2021-11-22,BR,BR,174.0399932861328,176.0500030517578,174.0399932861328,174.07000732421875,159.02272033691406,588100
2021-11-23,BR,BR,174.10000610351562,174.10000610351562,171.52000427246094,173.05999755859375,158.1000213623047,423500
2021-11-24,BR,BR,171.80999755859375,173.8800048828125,171.64999389648438,173.1300048828125,158.16397094726562,722500
2021-11-26,BR,BR,171.77000427246094,174.1199951171875,171.11000061035156,171.57000732421875,156.7388458251953,380800
2021-11-29,BR,BR,173.0800018310547,176.0399932861328,171.5399932861328,175.50999450683594,160.3382110595703,603200
2021-11-30,BR,BR,174.9499969482422,175.10000610351562,168.11000061035156,168.57000732421875,153.99813842773438,1290700
2021-12-01,BR,BR,170.17999267578125,171.66000366210938,167.38999938964844,168.25,153.70584106445312,820600
2021-12-02,BR,BR,168.6999969482422,175.07000732421875,168.25,173.5,158.50198364257812,618400
2021-12-03,BR,BR,174.38999938964844,174.88999938964844,169.67999267578125,170.6699981689453,155.91665649414062,590600
2021-12-06,BR,BR,171.99000549316406,172.80999755859375,169.36000061035156,171.7100067138672,156.86671447753906,456500
2021-12-07,BR,BR,173.27000427246094,175.9499969482422,172.4499969482422,174.22000122070312,159.1597442626953,451500
2021-12-08,BR,BR,173.91000366210938,175.3300018310547,173.22000122070312,173.97000122070312,158.93136596679688,601200
2021-12-09,BR,BR,173.97000122070312,175.64999389648438,173.97000122070312,175.4499969482422,160.28341674804688,381000
2021-12-10,BR,BR,176.85000610351562,178.75,176.44000244140625,178.36000061035156,162.94189453125,493300
2021-12-13,BR,BR,177.9600067138672,180.1699981689453,177.27999877929688,179.3800048828125,163.87371826171875,550900
2021-12-14,BR,BR,177.97000122070312,179.5,176.10000610351562,177.47999572753906,162.71847534179688,545200
2021-12-15,BR,BR,177.6699981689453,178.7100067138672,175.16000366210938,178.02000427246094,163.2135772705078,601900
2021-12-16,BR,BR,178.75999450683594,180.69000244140625,178.75,180.05999755859375,165.0839080810547,992200
2021-12-17,BR,BR,178.82000732421875,179.39999389648438,175.2899932861328,175.7899932861328,161.16903686523438,969600
2021-12-20,BR,BR,173.91000366210938,174.8300018310547,170.33999633789062,171.86000061035156,157.56590270996094,479800
2021-12-21,BR,BR,173.22999572753906,175.07000732421875,172.25,175.07000732421875,160.5089569091797,658800
2021-12-22,BR,BR,175.5800018310547,179.3000030517578,175.52999877929688,179.27000427246094,164.359619140625,408400
2021-12-23,BR,BR,179.57000732421875,181.25999450683594,179.44000244140625,180.2899932861328,165.29476928710938,280500
2021-12-27,BR,BR,182.1300048828125,184.5800018310547,180.6199951171875,184.47999572753906,169.13629150390625,272000
2021-12-28,BR,BR,185.17999267578125,185.39999389648438,183.2100067138672,183.9600067138672,168.6595458984375,347700
2021-12-29,BR,BR,183.8300018310547,184.6300048828125,182.50999450683594,183.2100067138672,167.97189331054688,463400
2021-12-30,BR,BR,183.91000366210938,184.19000244140625,182.1300048828125,182.8699951171875,167.66021728515625,280100
2021-12-31,BR,BR,182.7100067138672,183.82000732421875,182.58999633789062,182.82000732421875,167.6143341064453,261300
2022-01-03,BR,BR,183.02999877929688,183.33999633789062,179.02000427246094,180.9499969482422,165.89988708496094,478100
2022-01-04,BR,BR,180.5800018310547,181.67999267578125,179.24000549316406,180.57000732421875,165.55148315429688,641300
2022-01-05,BR,BR,180.4499969482422,181.1699981689453,177.41000366210938,177.4600067138672,162.70013427734375,402900
2022-01-06,BR,BR,176.4199981689453,177.7100067138672,172.3800048828125,174.27000427246094,159.7754669189453,548800
2022-01-07,BR,BR,173.6300048828125,173.66000366210938,171.47000122070312,171.5,157.23587036132812,428900
2022-01-10,BR,BR,169.3699951171875,169.7100067138672,166.27999877929688,168.25,154.25619506835938,491400
2022-01-11,BR,BR,167.8000030517578,168.77999877929688,165.19000244140625,167.94000244140625,153.97195434570312,752400
2022-01-12,BR,BR,168.75999450683594,170.75,167.52999877929688,170.44000244140625,156.26406860351562,754600
2022-01-13,BR,BR,170.86000061035156,171.35000610351562,162.97000122070312,163.47999572753906,149.8828887939453,779800
2022-01-14,BR,BR,162.11000061035156,162.58999633789062,158.24000549316406,160.05999755859375,146.7473907470703,650200
2022-01-18,BR,BR,157.97000122070312,160.02000427246094,156.4199981689453,159.9199981689453,146.61898803710938,697600
2022-01-19,BR,BR,160.75999450683594,163.72000122070312,159.58999633789062,160.47999572753906,147.1324005126953,586700
2022-01-20,BR,BR,160.0,162.1199951171875,158.6999969482422,159.7899932861328,146.49981689453125,1030100
2022-01-21,BR,BR,160.35000610351562,161.83999633789062,156.5,156.60000610351562,143.5751495361328,755500
2022-01-24,BR,BR,154.30999755859375,158.19000244140625,151.77999877929688,157.9199981689453,144.7853546142578,776000
2022-01-25,BR,BR,155.05999755859375,157.32000732421875,151.9600067138672,152.00999450683594,139.3668670654297,863900
2022-01-26,BR,BR,153.47000122070312,154.7100067138672,148.24000549316406,148.97000122070312,136.57974243164062,808700
2022-01-27,BR,BR,150.60000610351562,152.66000366210938,149.14999389648438,150.14999389648438,137.66160583496094,837600
2022-01-28,BR,BR,150.44000244140625,154.25,148.94000244140625,154.14999389648438,141.32888793945312,828500
2022-01-31,BR,BR,153.86000061035156,159.3800048828125,153.86000061035156,159.22000122070312,145.97720336914062,942800
2022-02-01,BR,BR,157.7899932861328,158.07000732421875,149.6300048828125,153.3300018310547,140.5770721435547,1124500
2022-02-02,BR,BR,153.8699951171875,154.8800048828125,151.75999450683594,154.3000030517578,141.46644592285156,1044700
2022-02-03,BR,BR,152.5800018310547,154.5,148.14999389648438,148.38999938964844,136.0479736328125,626800
2022-02-04,BR,BR,147.88999938964844,151.27999877929688,147.11000061035156,149.8800048828125,137.41404724121094,620900
2022-02-07,BR,BR,149.60000610351562,149.6300048828125,147.64999389648438,147.8699951171875,135.57125854492188,534100
2022-02-08,BR,BR,147.5,149.69000244140625,146.6999969482422,148.8000030517578,136.42385864257812,615900
2022-02-09,BR,BR,150.8300018310547,151.75999450683594,150.0800018310547,150.86000061035156,138.31256103515625,403700
2022-02-10,BR,BR,147.94000244140625,150.02000427246094,145.72999572753906,146.4499969482422,134.26931762695312,558300
2022-02-11,BR,BR,147.10000610351562,148.22999572753906,143.82000732421875,144.6199951171875,132.59156799316406,924100
2022-02-14,BR,BR,143.77000427246094,146.77999877929688,143.00999450683594,144.83999633789062,132.79324340820312,756200
2022-02-15,BR,BR,147.00999450683594,148.3000030517578,145.6199951171875,147.6300048828125,135.3511962890625,1008700
2022-02-16,BR,BR,146.80999755859375,148.13999938964844,143.92999267578125,145.97000122070312,133.82925415039062,655300
2022-02-17,BR,BR,144.94000244140625,145.02000427246094,141.89999389648438,142.3800048828125,130.53785705566406,498000
2022-02-18,BR,BR,142.4600067138672,143.25999450683594,140.85000610351562,142.3800048828125,130.53785705566406,1409900
2022-02-22,BR,BR,141.77999877929688,143.58999633789062,140.17999267578125,142.8800048828125,130.99632263183594,705500
2022-02-23,BR,BR,143.7100067138672,144.69000244140625,140.75999450683594,140.88999938964844,129.1717987060547,683600
2022-02-24,BR,BR,138.32000732421875,145.55999755859375,137.5800018310547,145.2899932861328,133.20582580566406,820100
2022-02-25,BR,BR,145.50999450683594,148.32000732421875,144.6699981689453,148.25,135.91964721679688,693500
2022-02-28,BR,BR,146.47999572753906,147.52000427246094,144.60000610351562,146.2100067138672,134.04933166503906,760300
2022-03-01,BR,BR,145.83999633789062,147.0500030517578,144.99000549316406,146.3000030517578,134.13182067871094,579900
2022-03-02,BR,BR,147.19000244140625,148.66000366210938,146.57000732421875,148.17999267578125,135.85540771484375,471600
2022-03-03,BR,BR,149.6300048828125,149.85000610351562,145.6999969482422,146.3000030517578,134.13182067871094,657100
2022-03-04,BR,BR,145.42999267578125,147.6300048828125,144.00999450683594,147.44000244140625,135.1770477294922,473700
2022-03-07,BR,BR,147.6199951171875,148.2899932861328,146.19000244140625,147.27999877929688,135.0303192138672,771000
2022-03-08,BR,BR,147.3300018310547,149.49000549316406,144.0800018310547,145.0800018310547,133.01329040527344,768500
2022-03-09,BR,BR,147.69000244140625,148.22000122070312,145.13999938964844,147.07000732421875,134.83778381347656,589300
2022-03-10,BR,BR,145.08999633789062,145.92999267578125,143.63999938964844,145.66000366210938,133.5450439453125,401400
2022-03-11,BR,BR,147.16000366210938,147.72999572753906,144.47999572753906,144.60000610351562,132.57322692871094,394100
2022-03-14,BR,BR,144.3699951171875,145.6199951171875,141.61000061035156,143.30999755859375,131.974609375,448000
2022-03-15,BR,BR,144.4199981689453,146.3000030517578,143.80999755859375,146.27999877929688,134.70965576171875,392400
2022-03-16,BR,BR,147.52999877929688,150.9499969482422,147.52999877929688,150.8800048828125,138.9458770751953,563100
2022-03-17,BR,BR,150.67999267578125,152.3000030517578,150.10000610351562,152.2899932861328,140.2443389892578,474800
2022-03-18,BR,BR,152.1699981689453,153.89999389648438,151.36000061035156,153.58999633789062,141.4414825439453,864400
2022-03-21,BR,BR,152.50999450683594,152.8300018310547,150.08999633789062,151.9600067138672,139.94046020507812,644800
2022-03-22,BR,BR,151.8000030517578,153.19000244140625,151.0800018310547,152.72000122070312,140.6403350830078,445900
2022-03-23,BR,BR,151.97000122070312,151.97000122070312,150.2100067138672,150.55999755859375,138.65113830566406,362300
2022-03-24,BR,BR,150.8800048828125,152.1999969482422,150.42999267578125,151.9199981689453,139.9036102294922,304800
2022-03-25,BR,BR,152.6199951171875,152.92999267578125,151.6300048828125,152.77000427246094,140.68638610839844,245800
2022-03-28,BR,BR,152.25,154.42999267578125,152.25,154.4199981689453,142.2058563232422,270600
2022-03-29,BR,BR,156.44000244140625,157.86000061035156,155.72000122070312,157.47999572753906,145.0238037109375,349300
2022-03-30,BR,BR,156.50999450683594,157.22999572753906,155.13999938964844,155.83999633789062,143.5135498046875,440900
2022-03-31,BR,BR,155.6999969482422,159.0,155.2100067138672,155.7100067138672,143.3938446044922,672900
2022-04-01,BR,BR,155.72000122070312,156.4199981689453,154.77000427246094,156.30999755859375,143.94631958007812,330400
2022-04-04,BR,BR,156.1300048828125,156.8800048828125,154.8300018310547,156.61000061035156,144.22264099121094,351200
2022-04-05,BR,BR,155.94000244140625,159.99000549316406,155.69000244140625,159.50999450683594,146.8932342529297,595700
2022-04-06,BR,BR,157.86000061035156,159.8800048828125,156.75,159.60000610351562,146.9761199951172,572100
2022-04-07,BR,BR,159.52999877929688,159.82000732421875,157.25999450683594,158.86000061035156,146.29464721679688,434800
2022-04-08,BR,BR,158.4499969482422,161.5,157.60000610351562,160.83999633789062,148.11805725097656,481700
2022-04-11,BR,BR,160.52999877929688,160.6199951171875,154.6199951171875,154.8300018310547,142.58343505859375,454200
2022-04-12,BR,BR,155.7100067138672,156.8699951171875,153.55999755859375,154.07000732421875,141.88351440429688,494500
2022-04-13,BR,BR,153.6300048828125,155.74000549316406,152.6199951171875,155.47999572753906,143.18203735351562,283700
2022-04-14,BR,BR,155.97999572753906,156.3699951171875,153.4499969482422,153.52000427246094,141.3770294189453,327400
2022-04-18,BR,BR,153.17999267578125,153.63999938964844,150.3300018310547,151.6199951171875,139.6273193359375,428800
2022-04-19,BR,BR,151.9600067138672,155.02999877929688,151.0500030517578,154.63999938964844,142.40843200683594,372900
2022-04-20,BR,BR,155.61000061035156,156.64999389648438,154.97999572753906,155.4600067138672,143.16360473632812,386700
2022-04-21,BR,BR,156.72000122070312,157.0399932861328,153.89999389648438,154.47000122070312,142.2518768310547,286200
2022-04-22,BR,BR,153.74000549316406,154.97000122070312,148.22999572753906,148.3000030517578,136.56997680664062,462700
2022-04-25,BR,BR,148.0,151.1199951171875,146.41000366210938,151.0399932861328,139.09320068359375,413100
2022-04-26,BR,BR,149.83999633789062,150.41000366210938,146.35000610351562,146.44000244140625,134.85704040527344,372400
2022-04-27,BR,BR,146.85000610351562,150.0500030517578,146.6300048828125,146.82000732421875,135.2069854736328,451500
2022-04-28,BR,BR,148.82000732421875,150.64999389648438,147.60000610351562,150.22000122070312,138.3380584716797,324100
2022-04-29,BR,BR,148.3300018310547,149.19000244140625,143.75999450683594,144.1300048828125,132.7297821044922,478900
2022-05-02,BR,BR,144.47000122070312,145.5800018310547,140.22000122070312,143.25999450683594,131.92855834960938,537100
2022-05-03,BR,BR,143.6699981689453,147.30999755859375,143.27999877929688,146.44000244140625,134.85704040527344,611700
2022-05-04,BR,BR,145.02999877929688,149.9499969482422,142.47999572753906,149.35000610351562,137.53688049316406,580200
2022-05-05,BR,BR,148.11000061035156,149.22000122070312,141.6699981689453,143.07000732421875,131.7536163330078,538600
2022-05-06,BR,BR,142.38999938964844,143.3000030517578,139.25999450683594,141.83999633789062,130.62091064453125,487500
2022-05-09,BR,BR,137.22999572753906,139.99000549316406,136.49000549316406,137.7100067138672,126.81758117675781,517100
2022-05-10,BR,BR,138.8699951171875,139.27000427246094,134.82000732421875,136.77000427246094,125.95189666748047,620600
2022-05-11,BR,BR,136.1199951171875,138.80999755859375,134.6300048828125,134.92999267578125,124.2574691772461,635400
2022-05-12,BR,BR,134.14999389648438,136.47999572753906,132.67999267578125,136.41000366210938,125.620361328125,493600
2022-05-13,BR,BR,137.4199981689453,140.35000610351562,137.3800048828125,139.33999633789062,128.31863403320312,530500
2022-05-16,BR,BR,138.3800048828125,139.85000610351562,136.0800018310547,138.9600067138672,127.96870422363281,552300
2022-05-17,BR,BR,141.10000610351562,141.10000610351562,138.58999633789062,140.47999572753906,129.3684844970703,465100
2022-05-18,BR,BR,138.83999633789062,138.97000122070312,135.5399932861328,136.60000610351562,125.79536437988281,398300
2022-05-19,BR,BR,135.52999877929688,139.64999389648438,135.38999938964844,138.02000427246094,127.10305786132812,439600
2022-05-20,BR,BR,139.0500030517578,139.5399932861328,136.1199951171875,138.97999572753906,127.98712158203125,383100
2022-05-23,BR,BR,140.25,141.05999755859375,138.44000244140625,140.38999938964844,129.28558349609375,323500
2022-05-24,BR,BR,139.4600067138672,140.25,137.3699951171875,139.69000244140625,128.6409149169922,307700
2022-05-25,BR,BR,139.30999755859375,141.3300018310547,138.3000030517578,140.52000427246094,129.40530395507812,311100
2022-05-26,BR,BR,141.66000366210938,145.14999389648438,141.0,144.44000244140625,133.0152130126953,437500
2022-05-27,BR,BR,145.52000427246094,147.25,145.52000427246094,146.8000030517578,135.18856811523438,346900
2022-05-31,BR,BR,145.82000732421875,147.7899932861328,144.89999389648438,146.22000122070312,134.65443420410156,576600
2022-06-01,BR,BR,146.52000427246094,147.05999755859375,143.74000549316406,144.72999572753906,133.2823028564453,452800
2022-06-02,BR,BR,145.16000366210938,147.64999389648438,143.89999389648438,147.6300048828125,135.95291137695312,302700
2022-06-03,BR,BR,146.22000122070312,147.11000061035156,145.1699981689453,146.2899932861328,134.71888732910156,255700
2022-06-06,BR,BR,147.1199951171875,147.75999450683594,145.00999450683594,145.36000061035156,133.86244201660156,228400
2022-06-07,BR,BR,144.0,147.9499969482422,144.0,147.72999572753906,136.04501342773438,301800
2022-06-08,BR,BR,146.99000549316406,147.22999572753906,145.1999969482422,145.49000549316406,133.982177734375,224100
2022-06-09,BR,BR,144.89999389648438,145.60000610351562,142.4199981689453,142.49000549316406,131.21951293945312,287400
2022-06-10,BR,BR,140.50999450683594,142.05999755859375,139.22999572753906,140.08999633789062,129.00930786132812,480700
2022-06-13,BR,BR,137.02999877929688,137.83999633789062,134.24000549316406,135.14999389648438,124.46005249023438,458200
2022-06-14,BR,BR,134.89999389648438,136.35000610351562,133.1699981689453,134.4199981689453,124.37677001953125,367100
2022-06-15,BR,BR,135.32000732421875,139.47999572753906,134.99000549316406,137.9499969482422,127.64303588867188,675100
2022-06-16,BR,BR,135.00999450683594,135.7899932861328,133.72000122070312,134.16000366210938,124.13619232177734,655300
2022-06-17,BR,BR,134.0500030517578,135.80999755859375,132.77999877929688,133.41000366210938,123.44222259521484,1106400
2022-06-21,BR,BR,134.2100067138672,135.72999572753906,133.9199981689453,134.72000122070312,124.65437316894531,589100
2022-06-22,BR,BR,132.39999389648438,136.3699951171875,132.39999389648438,135.63999938964844,125.50562286376953,444500
2022-06-23,BR,BR,136.3699951171875,139.11000061035156,135.58999633789062,138.7100067138672,128.3462371826172,336000
2022-06-24,BR,BR,140.0,145.74000549316406,139.47000122070312,145.58999633789062,134.71217346191406,557600
2022-06-27,BR,BR,145.5,147.55999755859375,144.85000610351562,146.88999938964844,135.91506958007812,402900
2022-06-28,BR,BR,146.92999267578125,148.07000732421875,141.07000732421875,141.16000366210938,130.61322021484375,507100
2022-06-29,BR,BR,141.49000549316406,144.77999877929688,140.17999267578125,143.88999938964844,133.13922119140625,686000
2022-06-30,BR,BR,141.49000549316406,144.11000061035156,141.14999389648438,142.5500030517578,131.8993377685547,543900
2022-07-01,BR,BR,142.94000244140625,147.0800018310547,142.61000061035156,146.4199981689453,135.48019409179688,358500
2022-07-05,BR,BR,145.22000122070312,146.27000427246094,142.75,146.14999389648438,135.23036193847656,357200
2022-07-06,BR,BR,146.92999267578125,149.97999572753906,146.3699951171875,148.75999450683594,137.64535522460938,486400
2022-07-07,BR,BR,148.39999389648438,149.52999877929688,147.8699951171875,149.3800048828125,138.2190704345703,376500
2022-07-08,BR,BR,148.6999969482422,149.85000610351562,147.6199951171875,149.3000030517578,138.14500427246094,421400
2022-07-11,BR,BR,148.08999633789062,148.75,147.41000366210938,147.69000244140625,136.6553192138672,296700
2022-07-12,BR,BR,147.6999969482422,149.5399932861328,145.41000366210938,146.08999633789062,135.1748046875,311600
2022-07-13,BR,BR,143.86000061035156,146.44000244140625,143.74000549316406,145.9199981689453,135.01751708984375,385900
2022-07-14,BR,BR,143.9199981689453,147.13999938964844,143.3000030517578,146.7899932861328,135.82257080078125,433900
2022-07-15,BR,BR,149.24000549316406,149.8800048828125,147.6699981689453,149.32000732421875,138.1635284423828,465800
2022-07-18,BR,BR,150.0,150.0,146.38999938964844,147.07000732421875,136.08163452148438,463300
2022-07-19,BR,BR,148.69000244140625,152.3800048828125,148.69000244140625,152.33999633789062,140.95787048339844,563700
2022-07-20,BR,BR,152.52999877929688,154.64999389648438,152.0399932861328,152.50999450683594,141.1151580810547,436200
2022-07-21,BR,BR,152.50999450683594,155.97000122070312,152.3000030517578,155.89999389648438,144.2519073486328,312400
2022-07-22,BR,BR,156.91000366210938,157.82000732421875,155.3000030517578,156.19000244140625,144.52020263671875,245900
2022-07-25,BR,BR,156.63999938964844,156.63999938964844,154.08999633789062,154.9499969482422,143.37289428710938,375500
2022-07-26,BR,BR,154.49000549316406,155.22000122070312,152.13999938964844,154.94000244140625,143.3636016845703,476900
2022-07-27,BR,BR,155.50999450683594,159.10000610351562,155.50999450683594,158.1999969482422,146.3800811767578,471600
2022-07-28,BR,BR,158.57000732421875,161.24000549316406,157.4199981689453,160.83999633789062,148.8227996826172,419700
2022-07-29,BR,BR,160.9499969482422,162.1699981689453,159.8300018310547,160.5500030517578,148.5544891357422,803700
2022-08-01,BR,BR,158.97999572753906,161.9199981689453,158.5500030517578,161.33999633789062,149.28543090820312,329700
2022-08-02,BR,BR,160.6300048828125,163.47000122070312,159.75,163.27999877929688,151.08050537109375,518200
2022-08-03,BR,BR,163.8800048828125,166.02000427246094,163.38999938964844,165.1999969482422,152.8570098876953,380500
2022-08-04,BR,BR,165.0399932861328,167.64999389648438,164.39999389648438,167.1199951171875,154.63357543945312,303400
2022-08-05,BR,BR,165.1999969482422,167.8699951171875,164.4199981689453,167.85000610351562,155.3090362548828,263600
2022-08-08,BR,BR,168.8699951171875,169.36000061035156,167.05999755859375,167.57000732421875,155.04995727539062,259600
2022-08-09,BR,BR,167.6699981689453,169.50999450683594,166.7899932861328,169.0,156.37310791015625,317000
2022-08-10,BR,BR,172.0399932861328,172.08999633789062,169.69000244140625,170.52000427246094,157.77955627441406,400200
2022-08-11,BR,BR,171.22000122070312,171.3800048828125,169.33999633789062,169.72999572753906,157.048583984375,484000
2022-08-12,BR,BR,171.07000732421875,183.3300018310547,171.07000732421875,183.22000122070312,169.53065490722656,977300
2022-08-15,BR,BR,181.6699981689453,183.1199951171875,177.52999877929688,178.13999938964844,164.83021545410156,1063700
2022-08-16,BR,BR,177.16000366210938,179.74000549316406,176.08999633789062,177.32000732421875,164.07147216796875,929500
2022-08-17,BR,BR,175.4199981689453,178.57000732421875,175.14999389648438,177.6300048828125,164.35836791992188,592200
2022-08-18,BR,BR,177.97999572753906,178.17999267578125,175.38999938964844,177.14999389648438,163.91421508789062,409100
2022-08-19,BR,BR,176.36000061035156,176.6699981689453,174.63999938964844,176.02999877929688,162.87789916992188,389600
2022-08-22,BR,BR,174.10000610351562,175.33999633789062,173.77000427246094,174.64999389648438,161.60098266601562,334900
2022-08-23,BR,BR,173.55999755859375,174.9499969482422,173.33999633789062,173.66000366210938,160.68496704101562,342500
2022-08-24,BR,BR,174.1999969482422,175.0800018310547,173.13999938964844,174.49000549316406,161.45294189453125,477400
2022-08-25,BR,BR,175.13999938964844,176.6199951171875,174.1699981689453,176.47999572753906,163.29425048828125,397300
2022-08-26,BR,BR,176.33999633789062,176.8800048828125,173.6300048828125,173.99000549316406,160.99029541015625,954300
2022-08-29,BR,BR,172.4499969482422,174.92999267578125,171.25,173.83999633789062,160.8514862060547,493900
2022-08-30,BR,BR,174.22000122070312,175.27999877929688,171.11000061035156,172.58999633789062,159.6948699951172,485100
2022-08-31,BR,BR,173.2899932861328,174.0500030517578,170.02000427246094,171.1699981689453,158.3809814453125,667500
2022-09-01,BR,BR,171.05999755859375,171.7899932861328,169.25999450683594,171.7100067138672,158.8806610107422,450000
2022-09-02,BR,BR,172.08999633789062,172.08999633789062,165.88999938964844,166.47999572753906,154.04139709472656,525100
2022-09-06,BR,BR,166.5399932861328,169.5500030517578,166.1699981689453,167.8699951171875,155.3275909423828,439400
2022-09-07,BR,BR,168.4199981689453,170.1999969482422,167.9199981689453,169.55999755859375,156.89125061035156,527500
2022-09-08,BR,BR,168.55999755859375,171.11000061035156,168.55999755859375,170.94000244140625,158.16819763183594,339200
2022-09-09,BR,BR,171.8000030517578,172.9600067138672,170.60000610351562,172.41000366210938,159.52835083007812,423700
2022-09-12,BR,BR,172.89999389648438,173.58999633789062,171.7899932861328,173.0399932861328,160.1112823486328,403300
2022-09-13,BR,BR,169.75999450683594,170.5800018310547,167.77999877929688,168.5,155.91046142578125,337400
2022-09-14,BR,BR,168.11000061035156,168.92999267578125,165.75999450683594,166.75999450683594,154.9672393798828,349600
2022-09-15,BR,BR,166.1999969482422,167.97000122070312,162.9199981689453,163.61000061035156,152.04000854492188,418300
2022-09-16,BR,BR,163.6199951171875,165.55999755859375,161.63999938964844,163.6300048828125,152.05859375,863400
2022-09-19,BR,BR,162.82000732421875,165.1699981689453,162.8000030517578,165.07000732421875,153.39675903320312,248700
2022-09-20,BR,BR,164.25999450683594,164.25999450683594,160.67999267578125,162.11000061035156,150.64610290527344,367300
2022-09-21,BR,BR,163.2899932861328,164.49000549316406,159.86000061035156,159.9600067138672,148.6481475830078,374200
2022-09-22,BR,BR,159.47999572753906,160.0399932861328,157.10000610351562,157.1699981689453,146.05543518066406,442000
2022-09-23,BR,BR,155.7100067138672,155.7100067138672,152.30999755859375,154.44000244140625,143.5184783935547,587700
2022-09-26,BR,BR,154.0,154.99000549316406,152.4499969482422,153.2100067138672,142.37547302246094,561600
2022-09-27,BR,BR,154.83999633789062,154.86000061035156,148.91000366210938,149.35000610351562,138.78843688964844,797400
2022-09-28,BR,BR,146.99000549316406,149.8800048828125,144.97000122070312,148.88999938964844,138.3610076904297,1690700
2022-09-29,BR,BR,148.52000427246094,148.83999633789062,145.35000610351562,146.89999389648438,136.51168823242188,814200
2022-09-30,BR,BR,147.4499969482422,148.0800018310547,144.2100067138672,144.32000732421875,134.11416625976562,781600
2022-10-03,BR,BR,145.92999267578125,149.69000244140625,145.30999755859375,148.91000366210938,138.37954711914062,848100
2022-10-04,BR,BR,150.3300018310547,152.8699951171875,150.10000610351562,152.4600067138672,141.67852783203125,604800
2022-10-05,BR,BR,149.64999389648438,151.94000244140625,149.00999450683594,150.57000732421875,139.9221954345703,472300
2022-10-06,BR,BR,150.5399932861328,150.97999572753906,145.02999877929688,145.44000244140625,135.15493774414062,548800
2022-10-07,BR,BR,144.0,144.14999389648438,141.13999938964844,142.8699951171875,132.76669311523438,622800
2022-10-10,BR,BR,143.69000244140625,144.49000549316406,141.47000122070312,143.52999877929688,133.3800048828125,605100
2022-10-11,BR,BR,143.4499969482422,144.3300018310547,141.55999755859375,142.39999389648438,132.32989501953125,568000
2022-10-12,BR,BR,142.64999389648438,142.9199981689453,139.63999938964844,139.6699981689453,129.79298400878906,493400
2022-10-13,BR,BR,136.69000244140625,143.69000244140625,135.72000122070312,142.7100067138672,132.6179962158203,885200
2022-10-14,BR,BR,144.4199981689453,145.41000366210938,138.9499969482422,139.10000610351562,129.26329040527344,697800
2022-10-17,BR,BR,141.08999633789062,143.3300018310547,141.08999633789062,142.7899932861328,132.69236755371094,454600
2022-10-18,BR,BR,145.88999938964844,147.07000732421875,144.39999389648438,145.55999755859375,135.26644897460938,464800
2022-10-19,BR,BR,144.75,145.50999450683594,142.24000549316406,143.5,133.35211181640625,375600
2022-10-20,BR,BR,144.08999633789062,144.27999877929688,137.42999267578125,140.39999389648438,130.47134399414062,772400
2022-10-21,BR,BR,139.8699951171875,141.27000427246094,137.8699951171875,140.99000549316406,131.01963806152344,509700
2022-10-24,BR,BR,142.55999755859375,142.99000549316406,139.52999877929688,142.39999389648438,132.32989501953125,624800
2022-10-25,BR,BR,142.50999450683594,144.64999389648438,141.7899932861328,144.38999938964844,134.17916870117188,446900
2022-10-26,BR,BR,144.5800018310547,146.41000366210938,142.86000061035156,144.3300018310547,134.12344360351562,520600
2022-10-27,BR,BR,144.99000549316406,146.4600067138672,144.08999633789062,145.0,134.74607849121094,502100
2022-10-28,BR,BR,145.0399932861328,149.0399932861328,145.0399932861328,148.89999389648438,138.37025451660156,476100
2022-10-31,BR,BR,148.14999389648438,150.7100067138672,147.55999755859375,150.05999755859375,139.44825744628906,654900
2022-11-01,BR,BR,151.3699951171875,151.3699951171875,148.52999877929688,149.60000610351562,139.02078247070312,616000
2022-11-02,BR,BR,146.60000610351562,146.69000244140625,137.6300048828125,137.72999572753906,127.99015808105469,1126700
2022-11-03,BR,BR,136.0,137.5500030517578,133.08999633789062,133.91000366210938,124.4403076171875,1016900
2022-11-04,BR,BR,135.63999938964844,135.9199981689453,131.35000610351562,133.44000244140625,124.00353240966797,970000
2022-11-07,BR,BR,134.11000061035156,135.9600067138672,133.3699951171875,135.5,125.91787719726562,588100
2022-11-08,BR,BR,136.4600067138672,139.3300018310547,135.5500030517578,136.49000549316406,126.83787536621094,803200
2022-11-09,BR,BR,135.86000061035156,137.0399932861328,133.50999450683594,133.74000549316406,124.2823257446289,663800
2022-11-10,BR,BR,139.2100067138672,141.60000610351562,138.38999938964844,141.24000549316406,131.251953125,827300
2022-11-11,BR,BR,142.17999267578125,142.32000732421875,138.58999633789062,139.99000549316406,130.09033203125,720000
2022-11-14,BR,BR,139.60000610351562,142.88999938964844,139.4199981689453,141.32000732421875,131.32632446289062,572700
2022-11-15,BR,BR,143.5,144.6699981689453,141.5500030517578,142.60000610351562,132.51576232910156,528900
2022-11-16,BR,BR,143.05999755859375,144.1699981689453,142.5399932861328,142.9600067138672,132.85032653808594,472700
2022-11-17,BR,BR,141.11000061035156,143.3699951171875,140.4499969482422,142.57000732421875,132.48793029785156,546200
2022-11-18,BR,BR,144.49000549316406,144.8800048828125,141.8300018310547,144.60000610351562,134.37432861328125,685600
2022-11-21,BR,BR,145.8000030517578,148.39999389648438,145.8000030517578,147.10000610351562,136.69752502441406,922900
2022-11-22,BR,BR,147.17999267578125,148.69000244140625,146.25,148.36000061035156,137.86843872070312,701400
2022-11-23,BR,BR,147.36000061035156,148.80999755859375,146.64999389648438,148.42999267578125,137.93350219726562,623200
2022-11-25,BR,BR,148.24000549316406,149.36000061035156,147.77999877929688,148.52000427246094,138.0171661376953,257900
2022-11-28,BR,BR,147.27000427246094,147.9499969482422,145.92999267578125,146.5,136.13999938964844,563800
2022-11-29,BR,BR,146.22000122070312,146.5,142.02999877929688,142.82000732421875,132.72021484375,738300
2022-11-30,BR,BR,142.64999389648438,149.36000061035156,142.64999389648438,149.11000061035156,138.56539916992188,1773600
2022-12-01,BR,BR,149.6300048828125,151.2899932861328,148.0399932861328,149.86000061035156,139.2623748779297,443400
2022-12-02,BR,BR,148.13999938964844,149.52000427246094,146.6300048828125,148.99000549316406,138.45388793945312,359900
2022-12-05,BR,BR,147.22000122070312,147.41000366210938,144.47999572753906,144.97999572753906,134.72744750976562,340300
2022-12-06,BR,BR,144.55999755859375,145.02999877929688,142.1300048828125,143.3300018310547,133.19415283203125,410100
2022-12-07,BR,BR,143.3300018310547,144.16000366210938,141.72000122070312,142.38999938964844,132.32064819335938,288900
2022-12-08,BR,BR,143.24000549316406,145.24000549316406,142.50999450683594,144.82000732421875,134.5787811279297,470300
2022-12-09,BR,BR,144.36000061035156,144.9499969482422,141.77999877929688,142.11000061035156,132.0604248046875,721900
2022-12-12,BR,BR,142.60000610351562,145.13999938964844,142.50999450683594,145.1300048828125,134.86685180664062,426300
2022-12-13,BR,BR,149.17999267578125,149.8000030517578,144.41000366210938,145.1999969482422,134.93191528320312,491200
2022-12-14,BR,BR,143.8000030517578,144.52999877929688,140.0399932861328,140.85000610351562,131.54635620117188,657200
2022-12-15,BR,BR,138.6699981689453,139.63999938964844,134.3800048828125,134.9600067138672,126.0454330444336,853600
2022-12-16,BR,BR,133.75999450683594,134.9600067138672,131.8300018310547,133.35000610351562,124.5417709350586,1422700
2022-12-19,BR,BR,132.9600067138672,135.4600067138672,132.25,133.2100067138672,124.4109878540039,709500
2022-12-20,BR,BR,132.86000061035156,133.97999572753906,132.3800048828125,133.41000366210938,124.59781646728516,534700
2022-12-21,BR,BR,133.74000549316406,136.42999267578125,133.08999633789062,136.3300018310547,127.32493591308594,539200
2022-12-22,BR,BR,134.55999755859375,135.6199951171875,132.3300018310547,134.39999389648438,125.52241516113281,483900
2022-12-23,BR,BR,134.30999755859375,134.92999267578125,133.50999450683594,134.47999572753906,125.59709167480469,377200
2022-12-27,BR,BR,134.47000122070312,135.9199981689453,133.3300018310547,135.47000122070312,126.521728515625,333800
2022-12-28,BR,BR,135.6199951171875,136.22999572753906,133.1699981689453,133.3699951171875,124.56040954589844,424100
2022-12-29,BR,BR,134.3699951171875,137.35000610351562,134.36000061035156,136.66000366210938,127.63314819335938,362000
2022-12-30,BR,BR,135.77999877929688,135.77999877929688,132.42999267578125,134.1300048828125,125.27023315429688,387400
2023-01-03,BR,BR,134.97999572753906,136.39999389648438,133.4499969482422,134.55999755859375,125.67184448242188,436700
2023-01-04,BR,BR,135.91000366210938,137.89999389648438,135.57000732421875,136.6699981689453,127.64246368408203,458400
2023-01-05,BR,BR,136.0399932861328,136.08999633789062,132.6999969482422,133.02000427246094,124.23358154296875,457500
2023-01-06,BR,BR,134.66000366210938,137.42999267578125,132.97999572753906,137.10000610351562,128.0440673828125,365800
2023-01-09,BR,BR,137.4499969482422,140.2100067138672,137.02000427246094,138.66000366210938,129.50100708007812,535400
2023-01-10,BR,BR,138.27999877929688,139.1999969482422,137.0800018310547,139.02999877929688,129.84652709960938,301300
2023-01-11,BR,BR,140.38999938964844,143.6300048828125,140.35000610351562,143.57000732421875,134.08668518066406,490300
2023-01-12,BR,BR,143.5500030517578,145.1699981689453,142.35000610351562,144.99000549316406,135.4129180908203,419800
2023-01-13,BR,BR,144.17999267578125,144.8000030517578,143.47999572753906,144.11000061035156,134.5910186767578,462000
2023-01-17,BR,BR,144.08999633789062,145.22999572753906,143.02999877929688,145.13999938964844,135.55299377441406,558400
2023-01-18,BR,BR,145.7100067138672,147.14999389648438,143.72000122070312,144.0,134.48829650878906,605900
2023-01-19,BR,BR,142.7100067138672,144.47999572753906,141.61000061035156,142.33999633789062,132.9379425048828,399500
2023-01-20,BR,BR,143.4199981689453,146.55999755859375,141.72999572753906,146.2899932861328,136.62701416015625,321300
2023-01-23,BR,BR,146.3000030517578,150.5800018310547,146.0,150.13999938964844,140.2227325439453,463300
2023-01-24,BR,BR,150.44000244140625,151.8300018310547,148.8000030517578,150.25999450683594,140.3347930908203,577600
2023-01-25,BR,BR,148.61000061035156,149.58999633789062,146.19000244140625,148.99000549316406,139.148681640625,613300
2023-01-26,BR,BR,150.0,151.4499969482422,149.0399932861328,150.94000244140625,140.96987915039062,330700
2023-01-27,BR,BR,150.67999267578125,150.67999267578125,147.97000122070312,149.4600067138672,139.587646484375,564300
2023-01-30,BR,BR,148.72000122070312,150.9199981689453,148.72000122070312,149.97000122070312,140.06398010253906,628600
2023-01-31,BR,BR,150.10000610351562,151.52000427246094,148.8800048828125,150.36000061035156,140.42820739746094,806900
2023-02-01,BR,BR,150.30999755859375,154.3000030517578,150.00999450683594,153.3800048828125,143.24871826171875,749200
2023-02-02,BR,BR,156.4499969482422,157.47000122070312,151.25,153.2899932861328,143.16464233398438,1038500
2023-02-03,BR,BR,151.99000549316406,154.4600067138672,151.1999969482422,153.5800018310547,143.4355010986328,726600
2023-02-06,BR,BR,152.36000061035156,152.5,148.69000244140625,149.02999877929688,139.18603515625,445000
2023-02-07,BR,BR,147.7899932861328,150.91000366210938,147.52999877929688,150.63999938964844,140.68968200683594,463000
2023-02-08,BR,BR,149.5399932861328,150.0500030517578,146.27000427246094,146.75999450683594,137.06597900390625,677900
2023-02-09,BR,BR,146.75999450683594,148.35000610351562,144.75999450683594,145.6699981689453,136.04798889160156,593200
2023-02-10,BR,BR,145.0,146.22999572753906,144.57000732421875,146.0500030517578,136.40289306640625,469400
2023-02-13,BR,BR,146.4199981689453,147.72000122070312,146.2899932861328,147.6699981689453,137.91587829589844,408800
2023-02-14,BR,BR,146.9499969482422,147.8800048828125,144.16000366210938,144.5500030517578,135.001953125,479200
2023-02-15,BR,BR,143.36000061035156,145.2899932861328,143.36000061035156,144.6699981689453,135.11404418945312,509400
2023-02-16,BR,BR,142.75999450683594,144.66000366210938,142.5800018310547,143.58999633789062,134.10536193847656,320400
2023-02-17,BR,BR,143.47999572753906,144.3000030517578,142.74000549316406,143.86000061035156,134.35752868652344,286700
2023-02-21,BR,BR,142.5,143.24000549316406,141.3800048828125,142.77999877929688,133.348876953125,588500
2023-02-22,BR,BR,143.0,143.67999267578125,142.30999755859375,142.86000061035156,133.42359924316406,463600
2023-02-23,BR,BR,143.49000549316406,144.05999755859375,141.4499969482422,142.94000244140625,133.4983367919922,499400
2023-02-24,BR,BR,141.42999267578125,141.97000122070312,140.58999633789062,141.10000610351562,131.77984619140625,371800
2023-02-27,BR,BR,142.08999633789062,143.07000732421875,140.52999877929688,140.5500030517578,131.2661895751953,385600
2023-02-28,BR,BR,140.1699981689453,141.61000061035156,139.64999389648438,140.77999877929688,131.48097229003906,642000
2023-03-01,BR,BR,140.11000061035156,141.10000610351562,139.44000244140625,139.99000549316406,130.74319458007812,386900
2023-03-02,BR,BR,139.89999389648438,142.85000610351562,139.89999389648438,142.3000030517578,132.90061950683594,578600
2023-03-03,BR,BR,142.8300018310547,144.22999572753906,142.66000366210938,144.11000061035156,134.5910186767578,459200
2023-03-06,BR,BR,144.3300018310547,144.97000122070312,143.10000610351562,143.11000061035156,133.6571044921875,430000
2023-03-07,BR,BR,143.47000122070312,144.25,140.9499969482422,141.67999267578125,132.321533203125,737800
2023-03-08,BR,BR,141.47000122070312,142.9499969482422,141.47000122070312,142.42999267578125,133.02200317382812,459600
2023-03-09,BR,BR,143.25,143.86000061035156,140.91000366210938,141.16000366210938,131.8358917236328,668600
2023-03-10,BR,BR,140.52000427246094,140.7100067138672,136.4499969482422,136.99000549316406,127.94135284423828,636900
2023-03-13,BR,BR,136.02000427246094,139.49000549316406,135.42999267578125,137.14999389648438,128.09072875976562,668500
2023-03-14,BR,BR,137.88999938964844,139.0500030517578,135.9199981689453,137.02999877929688,128.65879821777344,520200
2023-03-15,BR,BR,135.57000732421875,136.27999877929688,133.97000122070312,136.14999389648438,127.83255004882812,623800
2023-03-16,BR,BR,135.60000610351562,137.5800018310547,134.80999755859375,137.49000549316406,129.09071350097656,594200
2023-03-17,BR,BR,138.47999572753906,138.9499969482422,135.08999633789062,135.16000366210938,126.90303802490234,2113100
2023-03-20,BR,BR,135.47999572753906,136.86000061035156,135.25999450683594,136.22000122070312,127.89828491210938,521500
2023-03-21,BR,BR,137.10000610351562,138.0399932861328,135.6999969482422,136.92999267578125,128.5648956298828,536000
2023-03-22,BR,BR,137.0399932861328,138.25,135.5,135.77999877929688,127.4851303100586,566100
2023-03-23,BR,BR,135.8300018310547,138.7899932861328,135.8300018310547,137.86000061035156,129.43807983398438,981300
2023-03-24,BR,BR,137.7899932861328,140.6300048828125,136.97999572753906,140.60000610351562,132.01071166992188,1051500
2023-03-27,BR,BR,141.24000549316406,142.89999389648438,140.9199981689453,140.92999267578125,132.32054138183594,771100
2023-03-28,BR,BR,140.3000030517578,141.07000732421875,139.6999969482422,140.6300048828125,132.03887939453125,418200
2023-03-29,BR,BR,142.27000427246094,143.2899932861328,141.4199981689453,142.97999572753906,134.2452850341797,444400
2023-03-30,BR,BR,143.9499969482422,145.16000366210938,143.74000549316406,145.11000061035156,136.24517822265625,473800
2023-03-31,BR,BR,146.02000427246094,147.22999572753906,145.7899932861328,146.57000732421875,137.61602783203125,578600
2023-04-03,BR,BR,145.24000549316406,146.1300048828125,143.9600067138672,145.1999969482422,136.32968139648438,472200
2023-04-04,BR,BR,145.63999938964844,146.38999938964844,142.9600067138672,143.52999877929688,134.76173400878906,502500
2023-04-05,BR,BR,143.1300048828125,143.91000366210938,140.2100067138672,140.8800048828125,132.27357482910156,594600
2023-04-06,BR,BR,140.57000732421875,141.25,139.35000610351562,141.1999969482422,132.5740509033203,784900
2023-04-10,BR,BR,139.92999267578125,142.05999755859375,139.4600067138672,141.99000549316406,133.31581115722656,431400
2023-04-11,BR,BR,142.10000610351562,144.19000244140625,141.77000427246094,144.0500030517578,135.25,483900
2023-04-12,BR,BR,144.99000549316406,145.92999267578125,144.1199951171875,145.52999877929688,136.63954162597656,559500
2023-04-13,BR,BR,145.8800048828125,146.74000549316406,144.64999389648438,146.55999755859375,137.6065673828125,396900
2023-04-14,BR,BR,145.9199981689453,147.1999969482422,143.85000610351562,145.17999267578125,136.3109130859375,422400
2023-04-17,BR,BR,145.55999755859375,146.61000061035156,144.72000122070312,146.0500030517578,137.1277618408203,405500
2023-04-18,BR,BR,146.66000366210938,146.91000366210938,145.4199981689453,145.8300018310547,136.9211883544922,386700
2023-04-19,BR,BR,145.4499969482422,145.75,144.2100067138672,144.27000427246094,135.4564971923828,444200
2023-04-20,BR,BR,143.6199951171875,143.6199951171875,141.49000549316406,142.61000061035156,133.89791870117188,540000
2023-04-21,BR,BR,143.3000030517578,144.07000732421875,142.25999450683594,143.69000244140625,134.91195678710938,486300
2023-04-24,BR,BR,144.13999938964844,144.9600067138672,143.8000030517578,144.69000244140625,135.850830078125,491400
2023-04-25,BR,BR,144.3800048828125,144.49000549316406,141.16000366210938,141.19000244140625,132.56463623046875,588600
2023-04-26,BR,BR,140.0,141.38999938964844,139.52000427246094,139.94000244140625,131.3910369873047,583500
2023-04-27,BR,BR,140.8000030517578,143.88999938964844,140.05999755859375,143.50999450683594,134.74295043945312,438700
2023-04-28,BR,BR,143.39999389648438,145.85000610351562,142.80999755859375,145.41000366210938,136.52685546875,587200
2023-05-01,BR,BR,144.89999389648438,145.92999267578125,144.1199951171875,144.17999267578125,135.3719940185547,636000
2023-05-02,BR,BR,146.63999938964844,153.69000244140625,143.9499969482422,153.25999450683594,143.8972930908203,1156200
2023-05-03,BR,BR,155.05999755859375,158.69000244140625,154.61000061035156,155.0800018310547,145.60614013671875,981700
2023-05-04,BR,BR,154.6999969482422,155.6699981689453,152.24000549316406,153.05999755859375,143.70953369140625,686600
2023-05-05,BR,BR,153.38999938964844,155.69000244140625,152.33999633789062,152.8699951171875,143.53111267089844,527400
2023-05-08,BR,BR,153.0800018310547,153.24000549316406,151.4600067138672,152.55999755859375,143.2400360107422,469900
2023-05-09,BR,BR,152.58999633789062,153.3800048828125,151.8800048828125,152.5500030517578,143.23068237304688,439800
2023-05-10,BR,BR,153.9499969482422,155.22000122070312,153.49000549316406,154.85000610351562,145.39016723632812,468000
2023-05-11,BR,BR,154.52999877929688,155.0,153.13999938964844,154.6999969482422,145.2493133544922,462600
2023-05-12,BR,BR,155.25,155.86000061035156,152.83999633789062,154.57000732421875,145.1272735595703,384200
2023-05-15,BR,BR,154.58999633789062,155.25999450683594,153.8000030517578,154.44000244140625,145.0052032470703,341100
2023-05-16,BR,BR,153.77000427246094,154.10000610351562,152.2100067138672,152.52000427246094,143.20249938964844,551500
2023-05-17,BR,BR,153.32000732421875,153.69000244140625,152.1300048828125,152.74000549316406,143.40908813476562,487300
2023-05-18,BR,BR,152.44000244140625,154.41000366210938,152.0800018310547,154.19000244140625,144.7704620361328,401500
2023-05-19,BR,BR,155.10000610351562,155.10000610351562,153.27000427246094,153.27000427246094,143.90672302246094,518100
2023-05-22,BR,BR,153.82000732421875,154.6699981689453,147.11000061035156,153.72000122070312,144.3292236328125,415000
2023-05-23,BR,BR,152.72000122070312,152.75,150.17999267578125,151.11000061035156,141.878662109375,618600
2023-05-24,BR,BR,150.94000244140625,150.94000244140625,148.16000366210938,150.02999877929688,140.86465454101562,702700
2023-05-25,BR,BR,149.91000366210938,149.91000366210938,147.3300018310547,148.1699981689453,139.11825561523438,605900
2023-05-26,BR,BR,148.52000427246094,150.05999755859375,148.0,149.58999633789062,140.45150756835938,503400
2023-05-30,BR,BR,149.9600067138672,150.13999938964844,146.75,147.7899932861328,138.76145935058594,647300
2023-05-31,BR,BR,147.7100067138672,147.8800048828125,144.5399932861328,146.72000122070312,137.7568359375,4836700
2023-06-01,BR,BR,147.3699951171875,149.2899932861328,145.13999938964844,149.0,139.89755249023438,620500
2023-06-02,BR,BR,149.27000427246094,153.32000732421875,148.94000244140625,153.25,143.8878936767578,604200
2023-06-05,BR,BR,153.2100067138672,154.02999877929688,152.9600067138672,153.5399932861328,144.1602020263672,570600
2023-06-06,BR,BR,153.82000732421875,154.5399932861328,153.41000366210938,154.3000030517578,144.87374877929688,484900
2023-06-07,BR,BR,154.0399932861328,154.5500030517578,152.69000244140625,153.94000244140625,144.5357666015625,468200
2023-06-08,BR,BR,154.33999633789062,154.33999633789062,152.5,153.99000549316406,144.5827178955078,624300
2023-06-09,BR,BR,154.1300048828125,154.1300048828125,152.47000122070312,153.83999633789062,144.44186401367188,354800
2023-06-12,BR,BR,153.86000061035156,154.55999755859375,153.08999633789062,154.3000030517578,144.87374877929688,366700
2023-06-13,BR,BR,154.39999389648438,157.9199981689453,154.39999389648438,157.77000427246094,148.13182067871094,580700
2023-06-14,BR,BR,157.72999572753906,158.63999938964844,156.83999633789062,157.42999267578125,148.4949188232422,538300
2023-06-15,BR,BR,156.99000549316406,160.0,156.25999450683594,159.6999969482422,150.6360626220703,428900
2023-06-16,BR,BR,160.0,161.97999572753906,159.4199981689453,160.8000030517578,151.6736602783203,1159700
2023-06-20,BR,BR,159.6999969482422,159.6999969482422,157.75999450683594,158.77999877929688,149.768310546875,627100
2023-06-21,BR,BR,158.1300048828125,160.69000244140625,157.1300048828125,159.67999267578125,150.6172332763672,396400
2023-06-22,BR,BR,159.75,160.3300018310547,157.8800048828125,158.5500030517578,149.55136108398438,286300
2023-06-23,BR,BR,157.42999267578125,158.47999572753906,157.0,158.00999450683594,149.04200744628906,724700
2023-06-26,BR,BR,157.86000061035156,160.69000244140625,157.2100067138672,159.91000366210938,150.83419799804688,353800
2023-06-27,BR,BR,160.25999450683594,161.7899932861328,159.50999450683594,161.50999450683594,152.34335327148438,298900
2023-06-28,BR,BR,161.97999572753906,161.97999572753906,160.5500030517578,161.72999572753906,152.55087280273438,380100
2023-06-29,BR,BR,161.83999633789062,163.39999389648438,161.3300018310547,163.3000030517578,154.03176879882812,277700
2023-06-30,BR,BR,164.41000366210938,166.02999877929688,163.9199981689453,165.6300048828125,156.22950744628906,514600
2023-07-03,BR,BR,164.4499969482422,164.99000549316406,163.32000732421875,163.88999938964844,154.58828735351562,247300
2023-07-05,BR,BR,163.05999755859375,164.27999877929688,161.85000610351562,163.94000244140625,154.63546752929688,293000
2023-07-06,BR,BR,162.6300048828125,164.41000366210938,161.9499969482422,163.50999450683594,154.2298583984375,326900
2023-07-07,BR,BR,162.38999938964844,164.52999877929688,162.25,163.3000030517578,154.03176879882812,272100
2023-07-10,BR,BR,163.47000122070312,165.4199981689453,163.1699981689453,165.1699981689453,155.79563903808594,313900
2023-07-11,BR,BR,165.2899932861328,166.52999877929688,164.4499969482422,166.35000610351562,156.90867614746094,432100
2023-07-12,BR,BR,167.66000366210938,167.9600067138672,166.1699981689453,166.47000122070312,157.02186584472656,223300
2023-07-13,BR,BR,166.55999755859375,168.16000366210938,166.47000122070312,167.94000244140625,158.40841674804688,303200
2023-07-14,BR,BR,167.8000030517578,168.69000244140625,167.0800018310547,167.99000549316406,158.45559692382812,372300
2023-07-17,BR,BR,167.5500030517578,168.42999267578125,166.66000366210938,166.72999572753906,157.26712036132812,427700
2023-07-18,BR,BR,166.50999450683594,167.4499969482422,165.14999389648438,167.3300018310547,157.83303833007812,731600
2023-07-19,BR,BR,167.94000244140625,170.50999450683594,167.5,169.6699981689453,160.0402374267578,489900
2023-07-20,BR,BR,168.97999572753906,169.50999450683594,167.61000061035156,169.19000244140625,159.5874786376953,338900
2023-07-21,BR,BR,170.0,170.3000030517578,168.94000244140625,169.8300018310547,160.19114685058594,323300
2023-07-24,BR,BR,170.00999450683594,170.6199951171875,169.27000427246094,169.86000061035156,160.2194366455078,219000
2023-07-25,BR,BR,169.33999633789062,171.25,169.11000061035156,171.07000732421875,161.3607940673828,246800
2023-07-26,BR,BR,170.14999389648438,172.75,169.6999969482422,171.97999572753906,162.21914672851562,349200
2023-07-27,BR,BR,172.85000610351562,172.85000610351562,169.57000732421875,169.80999755859375,160.17230224609375,301200
2023-07-28,BR,BR,171.1699981689453,171.77999877929688,167.52999877929688,167.82000732421875,158.29525756835938,327100
2023-07-31,BR,BR,167.8300018310547,168.72000122070312,167.3699951171875,167.9199981689453,158.38955688476562,381300
2023-08-01,BR,BR,167.5500030517578,168.7100067138672,166.77999877929688,168.22000122070312,158.6725311279297,294900
2023-08-02,BR,BR,166.63999938964844,167.75999450683594,165.74000549316406,166.69000244140625,157.22938537597656,459700
2023-08-03,BR,BR,166.38999938964844,166.8300018310547,164.99000549316406,165.89999389648438,156.4841766357422,392300
2023-08-04,BR,BR,166.17999267578125,167.5399932861328,165.5,165.72000122070312,156.3144073486328,424400
2023-08-07,BR,BR,166.00999450683594,167.11000061035156,165.25,166.14999389648438,156.7200469970703,471900
2023-08-08,BR,BR,171.38999938964844,177.0,170.10000610351562,176.86000061035156,166.8221435546875,1026700
2023-08-09,BR,BR,177.17999267578125,180.42999267578125,177.17999267578125,178.5800018310547,168.44454956054688,624700
2023-08-10,BR,BR,178.80999755859375,181.83999633789062,178.4499969482422,179.36000061035156,169.1802978515625,735400
2023-08-11,BR,BR,178.92999267578125,182.3300018310547,178.92999267578125,181.89999389648438,171.5761260986328,514900
2023-08-14,BR,BR,181.4600067138672,184.10000610351562,181.4600067138672,182.82000732421875,172.4439239501953,451700
2023-08-15,BR,BR,181.6999969482422,182.22000122070312,180.50999450683594,180.85000610351562,170.58570861816406,661500
2023-08-16,BR,BR,180.85000610351562,182.47000122070312,180.2899932861328,181.35000610351562,171.05734252929688,569700
2023-08-17,BR,BR,181.64999389648438,182.19000244140625,178.55999755859375,178.5800018310547,168.44454956054688,711400
2023-08-18,BR,BR,178.30999755859375,180.14999389648438,178.00999450683594,179.0,168.84071350097656,791300
2023-08-21,BR,BR,178.41000366210938,180.16000366210938,177.2899932861328,177.92999267578125,167.8314208984375,1062000
2023-08-22,BR,BR,178.07000732421875,179.74000549316406,177.61000061035156,177.8000030517578,167.7088165283203,574700
2023-08-23,BR,BR,178.25,182.66000366210938,177.85000610351562,182.5,172.1420440673828,929500
2023-08-24,BR,BR,182.99000549316406,183.75999450683594,180.5399932861328,182.50999450683594,172.15150451660156,1019300
2023-08-25,BR,BR,183.3699951171875,184.8800048828125,181.91000366210938,183.69000244140625,173.2645263671875,540500
2023-08-28,BR,BR,184.3000030517578,186.5399932861328,184.0500030517578,186.0500030517578,175.4906005859375,444000
2023-08-29,BR,BR,186.52000427246094,186.61000061035156,185.5,186.24000549316406,175.66978454589844,396000
2023-08-30,BR,BR,186.63999938964844,187.5,185.72999572753906,186.8300018310547,176.226318359375,426800
2023-08-31,BR,BR,186.97000122070312,187.5500030517578,185.61000061035156,186.2100067138672,175.6415252685547,637400
2023-09-01,BR,BR,186.9499969482422,187.83999633789062,186.50999450683594,187.74000549316406,177.08465576171875,293700
2023-09-05,BR,BR,187.86000061035156,188.77999877929688,186.60000610351562,187.69000244140625,177.03750610351562,447900
2023-09-06,BR,BR,187.60000610351562,188.11000061035156,184.77000427246094,185.2899932861328,174.77371215820312,493100
2023-09-07,BR,BR,185.67999267578125,187.38999938964844,185.44000244140625,187.1300048828125,176.50927734375,295200
2023-09-08,BR,BR,187.58999633789062,189.0800018310547,186.83999633789062,187.72999572753906,177.07522583007812,355300
2023-09-11,BR,BR,187.8300018310547,189.05999755859375,187.27999877929688,189.0,178.27313232421875,442700
2023-09-12,BR,BR,188.3699951171875,189.4600067138672,187.6199951171875,188.8000030517578,178.08450317382812,306600
2023-09-13,BR,BR,188.9199981689453,189.69000244140625,187.0,188.13999938964844,177.4619903564453,404400
2023-09-14,BR,BR,188.19000244140625,189.00999450683594,187.27999877929688,188.02999877929688,178.1156005859375,380200
2023-09-15,BR,BR,187.58999633789062,187.6199951171875,184.25,185.13999938964844,175.37796020507812,1031600
2023-09-18,BR,BR,185.3000030517578,185.97000122070312,183.9199981689453,184.9600067138672,175.2074432373047,403300
2023-09-19,BR,BR,184.7899932861328,185.9499969482422,183.97999572753906,185.75999450683594,175.96527099609375,342100
2023-09-20,BR,BR,186.16000366210938,187.6699981689453,184.13999938964844,184.49000549316406,174.76222229003906,527500
2023-09-21,BR,BR,184.19000244140625,185.17999267578125,183.32000732421875,183.5,173.82443237304688,526700
2023-09-22,BR,BR,183.33999633789062,185.8000030517578,182.67999267578125,184.25,174.53488159179688,414000
2023-09-25,BR,BR,184.00999450683594,185.3800048828125,183.1699981689453,185.08999633789062,175.3306121826172,342400
2023-09-26,BR,BR,184.2899932861328,184.8000030517578,181.8800048828125,182.07000732421875,172.46983337402344,426100
2023-09-27,BR,BR,182.38999938964844,182.52000427246094,179.99000549316406,181.22000122070312,171.66465759277344,593500
2023-09-28,BR,BR,180.9499969482422,181.6199951171875,180.27000427246094,181.0,171.4562530517578,577700
2023-09-29,BR,BR,181.77999877929688,182.36000061035156,178.69000244140625,179.0500030517578,169.6090545654297,670000
2023-10-02,BR,BR,178.86000061035156,179.39999389648438,176.44000244140625,176.99000549316406,167.65769958496094,714100
2023-10-03,BR,BR,176.80999755859375,177.72000122070312,175.41000366210938,175.72999572753906,166.46412658691406,581600
2023-10-04,BR,BR,176.0800018310547,179.58999633789062,176.0500030517578,179.4499969482422,169.98794555664062,436300
2023-10-05,BR,BR,178.7100067138672,179.7100067138672,177.4600067138672,179.32000732421875,169.86483764648438,371500
2023-10-06,BR,BR,178.47000122070312,180.35000610351562,177.6999969482422,179.69000244140625,170.21531677246094,748200
2023-10-09,BR,BR,179.33999633789062,181.94000244140625,179.33999633789062,181.89999389648438,172.30880737304688,338900
2023-10-10,BR,BR,181.69000244140625,182.92999267578125,180.6300048828125,181.47000122070312,171.9014892578125,526100
2023-10-11,BR,BR,181.9600067138672,182.50999450683594,180.5399932861328,182.38999938964844,172.77296447753906,352200
2023-10-12,BR,BR,182.72999572753906,182.80999755859375,180.0,181.22000122070312,171.66465759277344,321300
2023-10-13,BR,BR,181.57000732421875,181.6300048828125,176.69000244140625,177.67999267578125,168.31130981445312,715700
2023-10-16,BR,BR,178.67999267578125,180.67999267578125,177.41000366210938,179.60000610351562,170.1300811767578,424500
2023-10-17,BR,BR,179.88999938964844,182.02000427246094,179.74000549316406,181.11000061035156,171.56045532226562,462100
2023-10-18,BR,BR,180.58999633789062,181.86000061035156,177.35000610351562,177.63999938964844,168.27342224121094,356600
2023-10-19,BR,BR,177.27999877929688,178.5,175.52999877929688,175.89999389648438,166.62515258789062,328500
2023-10-20,BR,BR,176.2100067138672,176.47000122070312,173.02999877929688,173.19000244140625,164.0580596923828,439200
2023-10-23,BR,BR,173.4199981689453,175.02000427246094,172.57000732421875,172.66000366210938,163.55601501464844,370400
2023-10-24,BR,BR,173.10000610351562,174.55999755859375,171.39999389648438,172.85000610351562,163.73599243164062,326400
2023-10-25,BR,BR,171.92999267578125,172.72000122070312,169.7899932861328,169.99000549316406,161.02679443359375,386800
2023-10-26,BR,BR,170.19000244140625,172.57000732421875,169.2899932861328,169.3300018310547,160.401611328125,380200
2023-10-27,BR,BR,169.11000061035156,169.11000061035156,166.72999572753906,167.3800048828125,158.55441284179688,342700
2023-10-30,BR,BR,168.13999938964844,170.36000061035156,167.83999633789062,169.47000122070312,160.53419494628906,423900
2023-10-31,BR,BR,169.6699981689453,171.25999450683594,169.49000549316406,170.63999938964844,161.64248657226562,487800
2023-11-01,BR,BR,170.4499969482422,170.7899932861328,168.75999450683594,170.52999877929688,161.53831481933594,573300
2023-11-02,BR,BR,171.47999572753906,179.64999389648438,171.4499969482422,178.80999755859375,169.38172912597656,801700
2023-11-03,BR,BR,179.6300048828125,182.08999633789062,177.0,177.1199951171875,167.78082275390625,565900
2023-11-06,BR,BR,177.4600067138672,178.27999877929688,175.5500030517578,177.3300018310547,167.97975158691406,477600
2023-11-07,BR,BR,177.3000030517578,177.92999267578125,176.07000732421875,176.89999389648438,167.5724334716797,621200
2023-11-08,BR,BR,176.8000030517578,178.0500030517578,175.8000030517578,177.94000244140625,168.55758666992188,644600
2023-11-09,BR,BR,178.4199981689453,179.1999969482422,175.80999755859375,176.17999267578125,166.89039611816406,514400
2023-11-10,BR,BR,176.30999755859375,177.27999877929688,175.2100067138672,177.1199951171875,167.78082275390625,557600
2023-11-13,BR,BR,176.75,177.83999633789062,176.2899932861328,177.8000030517578,168.4249725341797,333200
2023-11-14,BR,BR,180.36000061035156,182.07000732421875,179.7899932861328,181.00999450683594,171.4656982421875,502600
2023-11-15,BR,BR,180.49000549316406,182.0800018310547,180.16000366210938,180.32000732421875,170.81211853027344,422000
2023-11-16,BR,BR,181.0500030517578,182.5399932861328,180.30999755859375,181.2100067138672,171.65518188476562,381700
2023-11-17,BR,BR,182.08999633789062,182.75,181.11000061035156,182.6999969482422,173.06658935546875,506400
2023-11-20,BR,BR,183.0,184.1699981689453,182.57000732421875,183.7100067138672,174.0233612060547,353400
2023-11-21,BR,BR,184.10000610351562,186.8000030517578,183.60000610351562,185.25,175.48214721679688,416500
2023-11-22,BR,BR,185.8699951171875,186.85000610351562,185.10000610351562,186.6999969482422,176.85572814941406,382500
2023-11-24,BR,BR,186.97000122070312,187.9600067138672,185.3000030517578,186.58999633789062,176.75149536132812,162700
2023-11-27,BR,BR,186.57000732421875,187.7899932861328,185.41000366210938,187.6199951171875,177.7271728515625,350800
2023-11-28,BR,BR,187.27000427246094,189.7899932861328,186.19000244140625,188.57000732421875,178.62710571289062,475500
2023-11-29,BR,BR,189.16000366210938,191.0500030517578,189.0,190.63999938964844,180.58795166015625,501400
2023-11-30,BR,BR,191.0500030517578,193.97000122070312,190.10000610351562,193.82000732421875,183.6002960205078,1351300
2023-12-01,BR,BR,193.35000610351562,195.8000030517578,191.58999633789062,195.39999389648438,185.0969696044922,550400
2023-12-04,BR,BR,194.19000244140625,196.52000427246094,193.39999389648438,195.1199951171875,184.8317413330078,660000
2023-12-05,BR,BR,195.25,195.25,192.77999877929688,194.33999633789062,184.09286499023438,755500
2023-12-06,BR,BR,194.4600067138672,195.61000061035156,191.10000610351562,191.38999938964844,181.2984161376953,1181500
2023-12-07,BR,BR,190.61000061035156,192.2899932861328,188.77999877929688,192.00999450683594,181.88571166992188,608900
2023-12-08,BR,BR,192.3000030517578,192.44000244140625,189.0399932861328,191.36000061035156,181.26998901367188,532400
2023-12-11,BR,BR,191.32000732421875,193.52000427246094,190.97000122070312,191.08999633789062,181.01422119140625,487200
2023-12-12,BR,BR,191.7899932861328,194.3800048828125,191.02000427246094,193.83999633789062,183.6192169189453,471400
2023-12-13,BR,BR,194.11000061035156,194.22999572753906,192.25999450683594,193.3000030517578,183.10769653320312,467000
2023-12-14,BR,BR,193.2100067138672,193.75,192.1300048828125,193.63999938964844,184.19207763671875,635000
2023-12-15,BR,BR,191.44000244140625,193.75,189.9199981689453,193.75,184.29669189453125,1137300
2023-12-18,BR,BR,195.0,196.77999877929688,194.4499969482422,196.7100067138672,187.11227416992188,660400
2023-12-19,BR,BR,196.7100067138672,198.4600067138672,196.5,197.02000427246094,187.4071502685547,494400
2023-12-20,BR,BR,196.5,198.47999572753906,196.13999938964844,196.36000061035156,186.7793731689453,462900
2023-12-21,BR,BR,196.30999755859375,196.88999938964844,195.0,196.36000061035156,186.7793731689453,341200
2023-12-22,BR,BR,197.47000122070312,200.1699981689453,196.85000610351562,199.6699981689453,189.92787170410156,568800
2023-12-26,BR,BR,199.77999877929688,202.67999267578125,199.5399932861328,202.02000427246094,192.16322326660156,981100
2023-12-27,BR,BR,202.19000244140625,204.50999450683594,201.8699951171875,204.27000427246094,194.30343627929688,537500
2023-12-28,BR,BR,204.97999572753906,207.2899932861328,204.25999450683594,205.8300018310547,195.7873077392578,535500
2023-12-29,BR,BR,205.80999755859375,206.7899932861328,204.8699951171875,205.75,195.71121215820312,441100
2024-01-02,BR,BR,204.35000610351562,204.9600067138672,199.0,199.88999938964844,190.1371307373047,616300
2024-01-03,BR,BR,199.52000427246094,199.74000549316406,197.10000610351562,197.1199951171875,187.50225830078125,399800
2024-01-04,BR,BR,197.69000244140625,199.58999633789062,197.02999877929688,197.08999633789062,187.47373962402344,366700
2024-01-05,BR,BR,196.77999877929688,198.27999877929688,195.89999389648438,196.35000610351562,186.7698516845703,515200
2024-01-08,BR,BR,197.22999572753906,200.0399932861328,196.16000366210938,200.0,190.2417449951172,497700
2024-01-09,BR,BR,198.82000732421875,200.27999877929688,198.1999969482422,200.0,190.2417449951172,370700
2024-01-10,BR,BR,200.52999877929688,202.02000427246094,199.0800018310547,201.97000122070312,192.11563110351562,304800
2024-01-11,BR,BR,202.4199981689453,202.50999450683594,200.02999877929688,201.2100067138672,191.39273071289062,426700
2024-01-12,BR,BR,202.11000061035156,202.66000366210938,200.7100067138672,202.60000610351562,192.71490478515625,300200
2024-01-16,BR,BR,200.77999877929688,202.7899932861328,200.0399932861328,202.16000366210938,192.29640197753906,422600
2024-01-17,BR,BR,202.5399932861328,204.8000030517578,201.32000732421875,201.9499969482422,192.0966033935547,402800
2024-01-18,BR,BR,202.0800018310547,203.17999267578125,200.3000030517578,201.22999572753906,191.4117431640625,450100
2024-01-19,BR,BR,201.88999938964844,205.00999450683594,201.14999389648438,204.88999938964844,194.8931884765625,442600
2024-01-22,BR,BR,205.30999755859375,206.88999938964844,205.30999755859375,206.3800048828125,196.31045532226562,367400
2024-01-23,BR,BR,206.36000061035156,207.4199981689453,205.64999389648438,206.32000732421875,196.25341796875,343000
2024-01-24,BR,BR,206.55999755859375,207.77999877929688,205.47999572753906,206.07000732421875,196.01560974121094,443600
2024-01-25,BR,BR,206.50999450683594,208.47999572753906,206.50999450683594,208.25,198.08924865722656,539600
2024-01-26,BR,BR,208.02000427246094,209.61000061035156,207.52999877929688,207.8800048828125,197.73731994628906,690400
2024-01-29,BR,BR,207.25,208.52000427246094,206.85000610351562,208.16000366210938,198.00364685058594,1036200
2024-01-30,BR,BR,208.0,210.24000549316406,208.0,208.9600067138672,198.76461791992188,1146000
2024-01-31,BR,BR,209.24000549316406,209.24000549316406,203.91000366210938,204.1999969482422,194.2368621826172,1191800
2024-02-01,BR,BR,202.9199981689453,203.33999633789062,191.8699951171875,201.6300048828125,191.792236328125,1169000
2024-02-02,BR,BR,201.02999877929688,202.27000427246094,197.86000061035156,201.74000549316406,191.89686584472656,713700
2024-02-05,BR,BR,200.82000732421875,201.0399932861328,196.08999633789062,198.22999572753906,188.55813598632812,840500
2024-02-06,BR,BR,198.42999267578125,199.25,196.80999755859375,198.85000610351562,189.14785766601562,593500
2024-02-07,BR,BR,199.24000549316406,200.1199951171875,197.22999572753906,198.25,188.5771484375,863200
2024-02-08,BR,BR,199.7899932861328,200.0,198.14999389648438,199.0,189.2905731201172,583500
2024-02-09,BR,BR,199.02999877929688,199.86000061035156,198.5,198.97999572753906,189.27154541015625,622500
2024-02-12,BR,BR,199.4499969482422,199.55999755859375,197.58999633789062,197.6300048828125,187.98741149902344,554800
2024-02-13,BR,BR,195.5800018310547,195.75,192.60000610351562,193.55999755859375,184.115966796875,530900
2024-02-14,BR,BR,194.66000366210938,196.9499969482422,194.47000122070312,196.47000122070312,186.88400268554688,1092500
2024-02-15,BR,BR,196.6999969482422,198.60000610351562,196.5,198.3000030517578,188.6247100830078,721500
2024-02-16,BR,BR,197.89999389648438,199.22999572753906,196.9499969482422,197.9199981689453,188.2632293701172,1212800
2024-02-20,BR,BR,197.6699981689453,197.6699981689453,194.66000366210938,195.16000366210938,185.63792419433594,527200
2024-02-21,BR,BR,195.42999267578125,196.75999450683594,194.4199981689453,196.5800018310547,186.98863220214844,538300
2024-02-22,BR,BR,197.92999267578125,200.05999755859375,197.92999267578125,199.83999633789062,190.08956909179688,490400
2024-02-23,BR,BR,200.89999389648438,201.92999267578125,199.88999938964844,201.49000549316406,191.65907287597656,325200
2024-02-26,BR,BR,201.24000549316406,202.4199981689453,200.72000122070312,201.39999389648438,191.57347106933594,362100
2024-02-27,BR,BR,200.9499969482422,201.2899932861328,198.83999633789062,200.00999450683594,190.2512664794922,354400
2024-02-28,BR,BR,200.1999969482422,202.55999755859375,199.3000030517578,201.4499969482422,191.6210174560547,314300
2024-02-29,BR,BR,201.5800018310547,204.1199951171875,201.57000732421875,203.5800018310547,193.6470947265625,1120600
2024-03-01,BR,BR,203.11000061035156,203.92999267578125,201.72999572753906,203.74000549316406,193.79930114746094,442400
2024-03-04,BR,BR,203.22999572753906,205.6199951171875,203.22999572753906,205.55999755859375,195.53048706054688,461000
2024-03-05,BR,BR,205.27999877929688,205.27999877929688,199.75999450683594,201.1999969482422,191.38320922851562,416700
2024-03-06,BR,BR,202.52000427246094,204.7899932861328,201.64999389648438,203.02000427246094,193.1144256591797,465500
2024-03-07,BR,BR,204.3800048828125,205.92999267578125,203.5800018310547,204.89999389648438,194.90267944335938,519400
2024-03-08,BR,BR,204.91000366210938,205.63999938964844,202.75,203.5500030517578,193.61854553222656,446900
2024-03-11,BR,BR,203.05999755859375,203.6999969482422,201.16000366210938,202.36000061035156,192.48663330078125,296700
2024-03-12,BR,BR,202.1699981689453,204.94000244140625,201.6199951171875,204.00999450683594,194.0561065673828,362300
2024-03-13,BR,BR,204.1300048828125,204.9499969482422,202.5800018310547,202.97999572753906,193.0763702392578,349600
2024-03-14,BR,BR,202.49000549316406,203.1199951171875,198.77999877929688,199.72999572753906,190.7366943359375,355100
2024-03-15,BR,BR,197.9499969482422,200.30999755859375,197.9499969482422,200.1999969482422,191.18553161621094,856900
2024-03-18,BR,BR,200.89999389648438,201.1999969482422,199.25999450683594,199.47999572753906,190.49794006347656,463000
2024-03-19,BR,BR,199.85000610351562,202.36000061035156,199.72000122070312,202.25,193.1432342529297,363900
2024-03-20,BR,BR,202.5,204.27000427246094,202.5,204.16000366210938,194.96722412109375,323200
2024-03-21,BR,BR,204.58999633789062,206.60000610351562,203.8699951171875,206.0500030517578,196.77212524414062,340100
2024-03-22,BR,BR,206.14999389648438,206.14999389648438,202.75999450683594,203.50999450683594,194.3465118408203,325700
2024-03-25,BR,BR,203.5,203.7899932861328,202.00999450683594,202.33999633789062,193.2291717529297,312300
2024-03-26,BR,BR,202.27000427246094,202.92999267578125,200.82000732421875,201.7100067138672,192.62753295898438,327000
2024-03-27,BR,BR,203.25,203.97999572753906,201.94000244140625,203.83999633789062,194.66165161132812,362100
2024-03-28,BR,BR,204.42999267578125,205.61000061035156,204.0399932861328,204.86000061035156,195.63568115234375,368200
2024-04-01,BR,BR,204.25999450683594,204.47999572753906,203.00999450683594,203.22999572753906,194.07908630371094,188200
2024-04-02,BR,BR,202.0500030517578,203.02000427246094,201.0500030517578,202.5800018310547,193.4583740234375,317800
2024-04-03,BR,BR,202.0,202.02999877929688,198.72000122070312,199.47999572753906,190.49794006347656,465400
2024-04-04,BR,BR,201.10000610351562,202.82000732421875,198.52999877929688,198.58999633789062,189.64801025390625,301000
2024-04-05,BR,BR,199.0,203.5500030517578,199.0,202.75,193.62069702148438,471800
2024-04-08,BR,BR,202.86000061035156,205.19000244140625,202.6300048828125,204.8699951171875,195.64527893066406,588000
2024-04-09,BR,BR,206.1199951171875,207.5500030517578,204.9499969482422,207.24000549316406,197.90853881835938,576900
2024-04-10,BR,BR,204.67999267578125,204.80999755859375,202.77000427246094,203.57000732421875,194.40379333496094,414300
2024-04-11,BR,BR,204.27000427246094,204.89999389648438,200.6699981689453,200.75,191.71075439453125,434100
2024-04-12,BR,BR,199.1699981689453,200.07000732421875,197.64999389648438,198.8300018310547,189.87722778320312,400100
2024-04-15,BR,BR,200.72000122070312,201.11000061035156,195.36000061035156,195.6699981689453,186.85951232910156,332400
2024-04-16,BR,BR,195.6199951171875,196.36000061035156,193.44000244140625,193.61000061035156,184.89227294921875,500500
2024-04-17,BR,BR,194.99000549316406,194.99000549316406,192.30999755859375,193.4499969482422,184.7394561767578,421200
2024-04-18,BR,BR,194.13999938964844,195.47999572753906,192.60000610351562,192.97999572753906,184.29061889648438,391900
2024-04-19,BR,BR,193.94000244140625,194.9199981689453,193.3300018310547,193.3800048828125,184.67262268066406,393800
2024-04-22,BR,BR,194.3000030517578,195.5399932861328,193.02000427246094,194.22999572753906,185.4843292236328,321600
2024-04-23,BR,BR,195.0399932861328,196.13999938964844,194.42999267578125,195.91000366210938,187.08868408203125,350600
2024-04-24,BR,BR,195.1999969482422,195.92999267578125,193.67999267578125,195.0800018310547,186.29608154296875,255800
2024-04-25,BR,BR,194.22000122070312,196.02999877929688,192.72000122070312,195.55999755859375,186.75445556640625,257500
2024-04-26,BR,BR,195.22999572753906,196.0500030517578,194.02999877929688,194.14999389648438,185.40792846679688,211800
2024-04-29,BR,BR,195.0399932861328,196.36000061035156,194.75,196.2899932861328,187.45156860351562,315200
2024-04-30,BR,BR,196.14999389648438,196.3699951171875,193.36000061035156,193.41000366210938,184.70126342773438,373500
2024-05-01,BR,BR,193.7100067138672,196.11000061035156,192.86000061035156,193.42999267578125,184.72035217285156,333700
2024-05-02,BR,BR,194.30999755859375,195.77999877929688,192.61000061035156,195.35000610351562,186.55393981933594,429700
2024-05-03,BR,BR,196.9499969482422,199.0800018310547,196.82000732421875,198.85000610351562,189.8963165283203,437700
2024-05-06,BR,BR,200.0,200.9600067138672,198.36000061035156,200.67999267578125,191.64390563964844,461600
2024-05-07,BR,BR,201.94000244140625,202.0,200.33999633789062,201.36000061035156,192.2932891845703,469200
2024-05-08,BR,BR,198.0,198.72999572753906,188.3000030517578,190.4600067138672,181.8840789794922,875500
2024-05-09,BR,BR,191.83999633789062,194.17999267578125,190.47000122070312,193.05999755859375,184.36705017089844,653500
2024-05-10,BR,BR,194.02999877929688,196.27999877929688,193.57000732421875,195.69000244140625,186.8786163330078,561000
2024-05-13,BR,BR,196.41000366210938,198.2899932861328,195.75,197.8000030517578,188.8936004638672,615100
2024-05-14,BR,BR,198.33999633789062,200.74000549316406,198.02999877929688,199.8699951171875,190.87037658691406,502000
2024-05-15,BR,BR,200.6999969482422,202.69000244140625,200.57000732421875,202.1199951171875,193.01907348632812,516100
2024-05-16,BR,BR,202.63999938964844,204.89999389648438,202.19000244140625,204.02999877929688,194.8430938720703,505300
2024-05-17,BR,BR,204.75999450683594,204.75999450683594,202.7100067138672,203.49000549316406,194.32740783691406,544900
2024-05-20,BR,BR,203.02999877929688,203.41000366210938,199.97000122070312,200.38999938964844,191.36695861816406,496200
2024-05-21,BR,BR,200.38999938964844,200.4600067138672,198.82000732421875,199.97000122070312,190.96585083007812,551500
2024-05-22,BR,BR,200.3699951171875,205.05999755859375,200.22000122070312,203.9600067138672,194.7762451171875,642100
2024-05-23,BR,BR,204.0800018310547,204.0800018310547,200.82000732421875,201.69000244140625,192.60841369628906,501700
2024-05-24,BR,BR,201.8800048828125,202.5500030517578,199.72000122070312,200.5399932861328,191.51022338867188,496200
2024-05-28,BR,BR,200.0,200.2100067138672,195.22000122070312,196.22999572753906,187.39430236816406,737400
2024-05-29,BR,BR,194.92999267578125,195.80999755859375,194.08999633789062,194.1199951171875,185.37928771972656,646100
2024-05-30,BR,BR,194.91000366210938,195.97000122070312,193.47000122070312,195.6999969482422,186.8881378173828,584100
2024-05-31,BR,BR,196.38999938964844,201.19000244140625,195.50999450683594,200.77000427246094,191.7298583984375,2491300
2024-06-03,BR,BR,199.88999938964844,200.85000610351562,197.58999633789062,199.5800018310547,190.59347534179688,550600
2024-06-04,BR,BR,198.6999969482422,200.44000244140625,198.00999450683594,199.97999572753906,190.97544860839844,503300
2024-06-05,BR,BR,200.27000427246094,200.27000427246094,197.13999938964844,197.97000122070312,189.05593872070312,468700
2024-06-06,BR,BR,198.8000030517578,199.32000732421875,197.41000366210938,197.6999969482422,188.79806518554688,350000
2024-06-07,BR,BR,196.88999938964844,199.4600067138672,196.24000549316406,198.0399932861328,189.122802734375,365100
2024-06-10,BR,BR,197.74000549316406,197.74000549316406,194.8000030517578,196.85000610351562,187.98634338378906,398900
2024-06-11,BR,BR,196.4499969482422,197.64999389648438,194.9600067138672,196.6699981689453,187.81443786621094,327200
2024-06-12,BR,BR,197.92999267578125,198.6999969482422,195.75999450683594,196.9600067138672,188.0914306640625,350500
2024-06-13,BR,BR,196.2100067138672,196.80999755859375,194.91000366210938,196.2100067138672,187.3751983642578,286600
2024-06-14,BR,BR,194.38999938964844,195.36000061035156,192.67999267578125,195.1300048828125,187.106689453125,289900
2024-06-17,BR,BR,195.13999938964844,197.6999969482422,193.85000610351562,197.64999389648438,189.52308654785156,444300
2024-06-18,BR,BR,197.55999755859375,199.9199981689453,196.6199951171875,199.24000549316406,191.0476837158203,493900
2024-06-20,BR,BR,198.94000244140625,200.80999755859375,198.47999572753906,199.94000244140625,191.71893310546875,372500
2024-06-21,BR,BR,200.6699981689453,201.32000732421875,199.07000732421875,200.7899932861328,192.5339813232422,777800
2024-06-24,BR,BR,201.17999267578125,203.27999877929688,200.1699981689453,201.83999633789062,193.5408172607422,385200
2024-06-25,BR,BR,202.00999450683594,202.1300048828125,200.0399932861328,200.49000549316406,192.24630737304688,367300
2024-06-26,BR,BR,199.57000732421875,200.5,198.47000122070312,200.4199981689453,192.17916870117188,378100
2024-06-27,BR,BR,201.30999755859375,202.49000549316406,198.3699951171875,199.2100067138672,191.01895141601562,433600
2024-06-28,BR,BR,199.5500030517578,200.72000122070312,196.2899932861328,197.0,188.89981079101562,1005200
2024-07-01,BR,BR,197.57000732421875,197.77999877929688,195.63999938964844,196.55999755859375,188.47792053222656,329100
2024-07-02,BR,BR,196.72000122070312,198.4600067138672,196.42999267578125,198.2899932861328,190.13677978515625,264400
2024-07-03,BR,BR,198.17999267578125,200.9499969482422,198.17999267578125,199.5,191.29701232910156,191900
2024-07-05,BR,BR,199.4600067138672,202.27000427246094,199.10000610351562,202.1199951171875,193.8092803955078,385000
2024-07-08,BR,BR,202.22999572753906,203.3300018310547,200.69000244140625,201.77000427246094,193.4736785888672,389100
2024-07-09,BR,BR,201.41000366210938,201.75,199.3800048828125,199.99000549316406,191.76687622070312,470200
2024-07-10,BR,BR,201.22000122070312,201.6199951171875,198.7100067138672,200.5800018310547,192.33261108398438,525300
2024-07-11,BR,BR,201.41000366210938,204.97999572753906,201.00999450683594,203.47000122070312,195.10374450683594,370900
2024-07-12,BR,BR,204.75,207.0,204.02999877929688,205.4499969482422,197.00234985351562,336700
2024-07-15,BR,BR,205.82000732421875,208.8699951171875,205.7100067138672,208.13999938964844,199.5817413330078,298800
2024-07-16,BR,BR,208.8800048828125,211.67999267578125,208.8800048828125,209.74000549316406,201.115966796875,508700
2024-07-17,BR,BR,209.5500030517578,209.5500030517578,207.5399932861328,207.94000244140625,199.38998413085938,708700
2024-07-18,BR,BR,207.00999450683594,209.3000030517578,204.7100067138672,204.82000732421875,196.39825439453125,671900
2024-07-19,BR,BR,206.1300048828125,206.42999267578125,200.6300048828125,201.88999938964844,193.5887451171875,591000
2024-07-22,BR,BR,202.64999389648438,205.38999938964844,201.6699981689453,204.72999572753906,196.3119659423828,827900
2024-07-23,BR,BR,204.8699951171875,206.30999755859375,204.22000122070312,205.5500030517578,197.09823608398438,301300
2024-07-24,BR,BR,205.5500030517578,206.1300048828125,202.83999633789062,203.14999389648438,194.79693603515625,446200
2024-07-25,BR,BR,203.77000427246094,211.85000610351562,203.77000427246094,208.07000732421875,199.51466369628906,385500
2024-07-26,BR,BR,209.22000122070312,213.24000549316406,208.0,212.6300048828125,203.8871307373047,343800
2024-07-29,BR,BR,212.99000549316406,214.4600067138672,210.89999389648438,211.02000427246094,202.34332275390625,387900
2024-07-30,BR,BR,212.4600067138672,216.77000427246094,211.86000061035156,215.38999938964844,206.53367614746094,523600
2024-07-31,BR,BR,215.38999938964844,216.86000061035156,213.83999633789062,214.0,205.2008056640625,516700
2024-08-01,BR,BR,214.1999969482422,215.33999633789062,212.72000122070312,214.9499969482422,206.11172485351562,465500
2024-08-02,BR,BR,214.88999938964844,216.02999877929688,210.22999572753906,215.97000122070312,207.08981323242188,655900
2024-08-05,BR,BR,215.08999633789062,215.08999633789062,207.9600067138672,208.52000427246094,199.9461212158203,835700
2024-08-06,BR,BR,211.50999450683594,223.80999755859375,211.22999572753906,218.5500030517578,209.56373596191406,1155000
2024-08-07,BR,BR,218.91000366210938,220.6999969482422,211.6199951171875,211.91000366210938,203.1967315673828,895600
2024-08-08,BR,BR,211.97999572753906,219.52000427246094,211.83999633789062,216.0399932861328,207.1569061279297,557900
2024-08-09,BR,BR,215.4199981689453,216.08999633789062,213.27999877929688,214.47000122070312,205.65145874023438,415100
2024-08-12,BR,BR,214.63999938964844,214.99000549316406,210.77999877929688,211.14999389648438,202.46798706054688,485900
2024-08-13,BR,BR,211.36000061035156,211.74000549316406,207.5800018310547,209.8800048828125,201.2501983642578,920900
2024-08-14,BR,BR,209.55999755859375,209.77000427246094,206.2899932861328,209.64999389648438,201.02964782714844,1487000
2024-08-15,BR,BR,210.8000030517578,210.8699951171875,208.25,208.99000549316406,200.39678955078125,761200
2024-08-16,BR,BR,208.99000549316406,210.1300048828125,208.10000610351562,208.7100067138672,200.1283416748047,538300
2024-08-19,BR,BR,209.17999267578125,210.16000366210938,208.14999389648438,209.27000427246094,200.66525268554688,713000
2024-08-20,BR,BR,209.52999877929688,210.52999877929688,208.19000244140625,209.49000549316406,200.8762664794922,529300
2024-08-21,BR,BR,209.58999633789062,211.47999572753906,208.8000030517578,211.13999938964844,202.4584197998047,574400
2024-08-22,BR,BR,211.13999938964844,211.7100067138672,209.38999938964844,210.22000122070312,201.5762481689453,461300
2024-08-23,BR,BR,211.10000610351562,211.10000610351562,208.27999877929688,209.02999877929688,200.43516540527344,446400
2024-08-26,BR,BR,209.5,211.32000732421875,208.8000030517578,209.4499969482422,200.83787536621094,483200
2024-08-27,BR,BR,209.02999877929688,211.1999969482422,209.02999877929688,210.16000366210938,201.51870727539062,659200
2024-08-28,BR,BR,210.67999267578125,212.9199981689453,210.14999389648438,211.58999633789062,202.88990783691406,488200
2024-08-29,BR,BR,212.1199951171875,213.2100067138672,210.44000244140625,212.10000610351562,203.37892150878906,352700
2024-08-30,BR,BR,213.4199981689453,213.42999267578125,210.10000610351562,212.86000061035156,204.10769653320312,646300
2024-09-03,BR,BR,211.1300048828125,212.91000366210938,210.60000610351562,211.4499969482422,202.75564575195312,637900
2024-09-04,BR,BR,211.44000244140625,212.3699951171875,210.17999267578125,211.94000244140625,203.22549438476562,754600
2024-09-05,BR,BR,212.07000732421875,212.6300048828125,208.8300018310547,210.85000610351562,202.1803436279297,700000
2024-09-06,BR,BR,210.30999755859375,210.99000549316406,206.9499969482422,207.58999633789062,199.0543670654297,632300
2024-09-09,BR,BR,208.13999938964844,211.60000610351562,208.13999938964844,210.64999389648438,201.9885711669922,455400
2024-09-10,BR,BR,211.32000732421875,214.47999572753906,210.2899932861328,214.14999389648438,205.3446502685547,769000
2024-09-11,BR,BR,212.74000549316406,212.94000244140625,208.02000427246094,211.25,202.5638885498047,518300
2024-09-12,BR,BR,210.10000610351562,211.69000244140625,208.5800018310547,210.52999877929688,202.71795654296875,384800
2024-09-13,BR,BR,210.6999969482422,212.24000549316406,210.39999389648438,211.9499969482422,204.0852508544922,366500
2024-09-16,BR,BR,212.61000061035156,214.22000122070312,210.63999938964844,211.63999938964844,203.78677368164062,292900
2024-09-17,BR,BR,211.72999572753906,213.27000427246094,210.47000122070312,210.9600067138672,203.1320037841797,374000
2024-09-18,BR,BR,211.10000610351562,212.6999969482422,208.47999572753906,208.58999633789062,200.8499298095703,532800
2024-09-19,BR,BR,210.52999877929688,210.57000732421875,207.27999877929688,208.99000549316406,201.23507690429688,913700
2024-09-20,BR,BR,208.38999938964844,209.1999969482422,207.2100067138672,208.22000122070312,200.49366760253906,1172500
2024-09-23,BR,BR,208.97999572753906,210.7100067138672,208.2899932861328,210.64999389648438,202.83351135253906,382900
2024-09-24,BR,BR,210.1699981689453,211.36000061035156,208.88999938964844,210.52999877929688,202.71795654296875,320500
2024-09-25,BR,BR,211.42999267578125,211.42999267578125,208.13999938964844,208.3699951171875,200.63809204101562,356200
2024-09-26,BR,BR,208.91000366210938,212.08999633789062,208.41000366210938,211.75,203.89266967773438,757500
2024-09-27,BR,BR,212.27000427246094,214.2899932861328,210.97000122070312,212.02999877929688,204.1622772216797,613700
2024-09-30,BR,BR,211.60000610351562,215.25999450683594,211.60000610351562,215.02999877929688,207.05096435546875,725200
2024-10-01,BR,BR,215.0500030517578,215.55999755859375,212.27999877929688,214.69000244140625,206.72360229492188,556200
2024-10-02,BR,BR,213.6199951171875,215.82000732421875,212.08999633789062,213.75,205.8184814453125,499200
2024-10-03,BR,BR,213.22000122070312,215.1699981689453,212.3699951171875,215.0,207.0220947265625,393200
2024-10-04,BR,BR,215.36000061035156,216.14999389648438,213.1199951171875,215.3300018310547,207.33982849121094,341300
2024-10-07,BR,BR,213.57000732421875,215.88999938964844,213.1999969482422,215.17999267578125,207.19541931152344,389800
2024-10-08,BR,BR,216.07000732421875,217.4199981689453,214.91000366210938,216.80999755859375,208.76490783691406,636400
2024-10-09,BR,BR,217.8699951171875,220.82000732421875,217.50999450683594,219.7100067138672,211.55734252929688,364100
2024-10-10,BR,BR,218.55999755859375,219.25,216.1699981689453,216.8300018310547,208.78419494628906,419400
2024-10-11,BR,BR,217.6300048828125,222.8000030517578,217.6300048828125,220.74000549316406,212.54910278320312,591300
2024-10-14,BR,BR,221.0,222.52999877929688,220.3000030517578,221.50999450683594,213.29049682617188,334100
2024-10-15,BR,BR,222.27999877929688,224.32000732421875,220.6999969482422,221.75,213.52159118652344,411200
2024-10-16,BR,BR,221.16000366210938,222.8000030517578,218.97000122070312,219.22999572753906,211.09510803222656,412200
2024-10-17,BR,BR,219.9199981689453,220.4600067138672,217.27999877929688,218.25,210.15147399902344,409000
2024-10-18,BR,BR,218.72000122070312,219.41000366210938,217.64999389648438,219.10000610351562,210.96995544433594,288600
2024-10-21,BR,BR,218.10000610351562,219.38999938964844,217.25,218.80999755859375,210.69068908691406,421900
2024-10-22,BR,BR,218.0,218.41000366210938,216.27000427246094,216.89999389648438,208.85159301757812,323400
2024-10-23,BR,BR,216.75,218.44000244140625,215.63999938964844,216.36000061035156,208.3316192626953,230600
2024-10-24,BR,BR,216.10000610351562,217.7899932861328,214.7899932861328,216.75999450683594,208.71676635742188,454900
2024-10-25,BR,BR,217.52999877929688,217.5500030517578,212.66000366210938,214.02999877929688,206.08807373046875,271100
2024-10-28,BR,BR,215.1300048828125,216.11000061035156,212.91000366210938,213.6999969482422,205.7703094482422,378500
2024-10-29,BR,BR,213.5800018310547,215.24000549316406,212.63999938964844,212.66000366210938,204.7689208984375,447000
2024-10-30,BR,BR,214.57000732421875,215.5500030517578,212.32000732421875,212.5,204.61485290527344,456500
2024-10-31,BR,BR,211.3000030517578,212.52999877929688,209.52000427246094,210.86000061035156,203.03570556640625,610800
2024-11-01,BR,BR,211.22000122070312,212.6199951171875,209.8300018310547,210.2100067138672,202.40982055664062,525200
2024-11-04,BR,BR,210.77000427246094,211.4499969482422,209.1199951171875,209.63999938964844,201.86099243164062,653900
2024-11-05,BR,BR,208.58999633789062,218.49000549316406,208.1999969482422,218.3000030517578,210.19961547851562,651500
2024-11-06,BR,BR,225.17999267578125,225.2899932861328,216.30999755859375,219.4600067138672,211.31658935546875,753800
2024-11-07,BR,BR,220.13999938964844,222.14999389648438,218.3699951171875,221.17999267578125,212.97274780273438,433900
2024-11-08,BR,BR,221.57000732421875,226.16000366210938,221.57000732421875,225.2100067138672,216.8532257080078,466100
2024-11-11,BR,BR,226.0,228.05999755859375,225.14999389648438,226.2100067138672,217.81613159179688,536500
2024-11-12,BR,BR,226.94000244140625,228.75,225.97999572753906,226.86000061035156,218.44200134277344,500300
2024-11-13,BR,BR,226.33999633789062,230.0,226.33999633789062,229.00999450683594,220.51222229003906,434100
2024-11-14,BR,BR,228.80999755859375,229.19000244140625,226.33999633789062,227.55999755859375,219.1160430908203,562300
2024-11-15,BR,BR,227.1300048828125,229.63999938964844,225.94000244140625,227.77999877929688,219.32786560058594,583300
2024-11-18,BR,BR,227.25999450683594,229.33999633789062,226.83999633789062,227.0800018310547,218.65382385253906,418100
2024-11-19,BR,BR,225.49000549316406,226.8699951171875,223.97999572753906,224.83999633789062,216.49693298339844,382900
2024-11-20,BR,BR,224.85000610351562,226.02999877929688,222.00999450683594,225.38999938964844,217.02655029296875,457400
2024-11-21,BR,BR,226.6999969482422,228.69000244140625,224.9600067138672,227.47000122070312,219.02935791015625,974900
2024-11-22,BR,BR,229.2899932861328,230.30999755859375,227.1999969482422,230.24000549316406,221.6965789794922,943600
2024-11-25,BR,BR,231.69000244140625,234.4499969482422,229.9499969482422,233.22999572753906,224.5756072998047,815500
2024-11-26,BR,BR,234.1699981689453,236.5,232.5500030517578,236.44000244140625,227.66653442382812,655800
2024-11-27,BR,BR,236.63999938964844,237.74000549316406,235.5500030517578,235.8000030517578,227.05027770996094,361700
2024-11-29,BR,BR,236.0399932861328,236.94000244140625,234.8699951171875,236.02000427246094,227.2620849609375,253000
2024-12-02,BR,BR,236.22999572753906,236.22999572753906,233.05999755859375,234.25,225.5577850341797,334800
2024-12-03,BR,BR,233.82000732421875,234.60000610351562,229.94000244140625,232.22000122070312,223.6031036376953,432000
2024-12-04,BR,BR,231.8800048828125,234.11000061035156,230.8800048828125,232.92999267578125,224.28677368164062,483600
2024-12-05,BR,BR,231.9499969482422,236.10000610351562,230.67999267578125,235.91000366210938,227.1561737060547,594400
2024-12-06,BR,BR,236.2899932861328,237.9600067138672,235.3699951171875,235.42999267578125,226.69400024414062,389400
2024-12-09,BR,BR,234.55999755859375,236.11000061035156,232.1300048828125,233.57000732421875,224.9030303955078,423500
2024-12-10,BR,BR,233.88999938964844,236.0800018310547,230.0500030517578,235.89999389648438,227.14654541015625,342900
2024-12-11,BR,BR,236.8000030517578,237.02000427246094,235.0500030517578,235.58999633789062,226.84805297851562,361500
2024-12-12,BR,BR,236.3800048828125,236.67999267578125,234.5,235.88999938964844,227.13693237304688,321300
2024-12-13,BR,BR,234.92999267578125,235.4499969482422,233.1999969482422,233.52999877929688,225.70651245117188,366700
2024-12-16,BR,BR,233.8800048828125,234.5800018310547,231.44000244140625,231.9199981689453,224.1504364013672,372000
2024-12-17,BR,BR,231.8800048828125,233.5800018310547,229.27000427246094,229.69000244140625,221.99517822265625,680500
2024-12-18,BR,BR,228.91000366210938,231.35000610351562,222.8699951171875,223.08999633789062,215.6162567138672,500200
2024-12-19,BR,BR,223.2899932861328,225.6999969482422,223.22000122070312,224.17999267578125,216.6697235107422,474800
2024-12-20,BR,BR,222.89999389648438,228.08999633789062,222.57000732421875,226.00999450683594,218.4384307861328,1191400
2024-12-23,BR,BR,225.0,225.42999267578125,223.10000610351562,224.49000549316406,216.9693603515625,306800
2024-12-24,BR,BR,225.1199951171875,227.47000122070312,224.6300048828125,227.33999633789062,219.72386169433594,113800
2024-12-26,BR,BR,225.89999389648438,228.02000427246094,225.5,227.74000549316406,220.1104736328125,301800
2024-12-27,BR,BR,226.22999572753906,227.9199981689453,224.88999938964844,226.3699951171875,218.78636169433594,231400
2024-12-30,BR,BR,224.41000366210938,226.33999633789062,221.88999938964844,225.5,217.9455108642578,389700
2024-12-31,BR,BR,225.60000610351562,227.1300048828125,225.13999938964844,226.08999633789062,218.51571655273438,316100
2025-01-02,BR,BR,226.47999572753906,228.14999389648438,225.0800018310547,226.8300018310547,219.23097229003906,626900
2025-01-03,BR,BR,226.0,229.97000122070312,225.8800048828125,229.22999572753906,221.55055236816406,553400
2025-01-06,BR,BR,228.24000549316406,229.6999969482422,224.92999267578125,225.44000244140625,217.8875274658203,524900
2025-01-07,BR,BR,226.0399932861328,227.92999267578125,225.22999572753906,226.32000732421875,218.73806762695312,627100
2025-01-08,BR,BR,226.69000244140625,229.72999572753906,225.1999969482422,229.49000549316406,221.80186462402344,675900
2025-01-10,BR,BR,227.6300048828125,228.1999969482422,220.0,221.4600067138672,214.04086303710938,642700
2025-01-13,BR,BR,221.2899932861328,225.25,220.1300048828125,224.80999755859375,217.27862548828125,393700
2025-01-14,BR,BR,224.8800048828125,227.66000366210938,224.55999755859375,227.1199951171875,219.51123046875,372500
2025-01-15,BR,BR,230.0,230.0,226.22000122070312,228.08999633789062,220.44873046875,372200
2025-01-16,BR,BR,227.9499969482422,231.8800048828125,227.69000244140625,231.0399932861328,223.2999267578125,422900
2025-01-17,BR,BR,231.8699951171875,233.55999755859375,230.14999389648438,230.39999389648438,222.68136596679688,582500
2025-01-21,BR,BR,232.49000549316406,234.1999969482422,231.64999389648438,233.5500030517578,225.72581481933594,465100
2025-01-22,BR,BR,233.64999389648438,236.0500030517578,232.05999755859375,234.9499969482422,227.0789337158203,397000
2025-01-23,BR,BR,235.17999267578125,237.11000061035156,234.05999755859375,236.75999450683594,228.82830810546875,443100
2025-01-24,BR,BR,235.7899932861328,237.80999755859375,235.7899932861328,237.35000610351562,229.39852905273438,327300
2025-01-27,BR,BR,237.41000366210938,241.17999267578125,236.52000427246094,239.5399932861328,231.51515197753906,420300
2025-01-28,BR,BR,239.6699981689453,241.4499969482422,237.75,237.91000366210938,229.9397735595703,390100
2025-01-29,BR,BR,237.72000122070312,238.8300018310547,235.52000427246094,235.55999755859375,227.6685028076172,478000
2025-01-30,BR,BR,236.55999755859375,240.1199951171875,236.55999755859375,239.1199951171875,231.1092071533203,438300
2025-01-31,BR,BR,231.02999877929688,241.25,230.69000244140625,238.22000122070312,230.2393798828125,726800
2025-02-03,BR,BR,237.1199951171875,240.16000366210938,234.30999755859375,238.64999389648438,230.6549530029297,515900
2025-02-04,BR,BR,237.61000061035156,242.02999877929688,237.61000061035156,240.58999633789062,232.52996826171875,563600
2025-02-05,BR,BR,241.82000732421875,242.38999938964844,240.0500030517578,240.08999633789062,232.04673767089844,405500
2025-02-06,BR,BR,240.41000366210938,241.22000122070312,238.42999267578125,240.02999877929688,231.98875427246094,490000
2025-02-07,BR,BR,240.97999572753906,241.4499969482422,239.05999755859375,240.4199981689453,232.3656768798828,321300
2025-02-10,BR,BR,240.89999389648438,242.8699951171875,240.0500030517578,242.33999633789062,234.22137451171875,333900
2025-02-11,BR,BR,241.7100067138672,243.0,239.66000366210938,241.57000732421875,233.4771728515625,248600
2025-02-12,BR,BR,238.55999755859375,242.6699981689453,238.10000610351562,242.3800048828125,234.26002502441406,406800
2025-02-13,BR,BR,243.0,243.6300048828125,241.17999267578125,242.75,234.6176300048828,344400
2025-02-14,BR,BR,243.22999572753906,244.47000122070312,240.24000549316406,240.3300018310547,232.27870178222656,277700
2025-02-18,BR,BR,239.61000061035156,241.2100067138672,238.49000549316406,239.14999389648438,231.13821411132812,518600
2025-02-19,BR,BR,239.25,242.0,230.8699951171875,238.92999267578125,230.92556762695312,595500
2025-02-20,BR,BR,238.0,238.0500030517578,234.50999450683594,236.3000030517578,228.3837127685547,438800
2025-02-21,BR,BR,235.75,235.8699951171875,233.89999389648438,235.3300018310547,227.44619750976562,363100
2025-02-24,BR,BR,235.0500030517578,237.64999389648438,234.44000244140625,236.42999267578125,228.50933837890625,283300
2025-02-25,BR,BR,237.52000427246094,239.07000732421875,236.2100067138672,236.8000030517578,228.866943359375,567900
2025-02-26,BR,BR,236.19000244140625,238.80999755859375,235.5800018310547,236.33999633789062,228.42236328125,396900
2025-02-27,BR,BR,237.14999389648438,239.07000732421875,236.80999755859375,237.4199981689453,229.4661865234375,322800
2025-02-28,BR,BR,240.0,242.8800048828125,237.6699981689453,241.22000122070312,233.13888549804688,904100
2025-03-03,BR,BR,242.0,246.5800018310547,241.92999267578125,244.8300018310547,236.62796020507812,500900
2025-03-04,BR,BR,244.33999633789062,246.5500030517578,241.75999450683594,241.8300018310547,233.7284393310547,897000
2025-03-05,BR,BR,240.0500030517578,245.3300018310547,240.0500030517578,242.49000549316406,234.3663330078125,702500
2025-03-06,BR,BR,241.4600067138672,241.4600067138672,237.3699951171875,237.83999633789062,229.8721160888672,811000
2025-03-07,BR,BR,236.74000549316406,241.77999877929688,234.97999572753906,240.9199981689453,232.84893798828125,632800
2025-03-10,BR,BR,238.8000030517578,240.4499969482422,231.3699951171875,232.4499969482422,224.66265869140625,1169800
2025-03-11,BR,BR,233.50999450683594,233.50999450683594,226.19000244140625,226.3300018310547,218.74771118164062,886700
2025-03-12,BR,BR,227.8000030517578,228.02999877929688,222.91000366210938,225.11000061035156,217.568603515625,601500
2025-03-13,BR,BR,223.58999633789062,226.08999633789062,222.5500030517578,225.57000732421875,218.8687744140625,494200
2025-03-14,BR,BR,226.5500030517578,228.5500030517578,225.2899932861328,227.64999389648438,220.88697814941406,297700
2025-03-17,BR,BR,227.16000366210938,231.82000732421875,227.16000366210938,231.47000122070312,224.59347534179688,765500
2025-03-18,BR,BR,230.77000427246094,231.52999877929688,228.82000732421875,231.22999572753906,224.36062622070312,471700
2025-03-19,BR,BR,232.13999938964844,236.69000244140625,231.5,235.3699951171875,228.3776092529297,518700
2025-03-20,BR,BR,234.36000061035156,234.66000366210938,231.69000244140625,233.80999755859375,226.8639678955078,362200
2025-03-21,BR,BR,232.3800048828125,234.2100067138672,230.9600067138672,232.89999389648438,225.98101806640625,1115400
2025-03-24,BR,BR,234.99000549316406,238.25,234.22999572753906,235.82000732421875,228.81427001953125,472800
2025-03-25,BR,BR,236.4499969482422,239.11000061035156,234.89999389648438,236.94000244140625,229.9010009765625,482800
2025-03-26,BR,BR,237.58999633789062,240.5500030517578,236.13999938964844,238.19000244140625,231.1138458251953,395900
2025-03-27,BR,BR,238.39999389648438,241.74000549316406,237.14999389648438,238.88999938964844,231.79306030273438,445100
2025-03-28,BR,BR,238.99000549316406,238.99000549316406,236.02000427246094,237.50999450683594,230.4540557861328,420600
2025-03-31,BR,BR,237.0800018310547,243.80999755859375,236.4199981689453,242.4600067138672,235.25701904296875,794900
2025-04-01,BR,BR,242.30999755859375,244.9499969482422,238.97999572753906,244.72000122070312,237.44985961914062,658700
2025-04-02,BR,BR,242.6300048828125,247.00999450683594,242.07000732421875,246.25,238.9344024658203,534800
2025-04-03,BR,BR,240.9499969482422,246.22000122070312,239.05999755859375,239.91000366210938,232.7827606201172,825700
2025-04-04,BR,BR,235.47999572753906,236.1300048828125,224.6999969482422,225.0399932861328,218.35450744628906,740600
2025-04-07,BR,BR,220.69000244140625,227.11000061035156,212.3300018310547,220.24000549316406,213.69711303710938,945900
2025-04-08,BR,BR,226.1699981689453,227.41000366210938,214.00999450683594,217.22000122070312,210.76683044433594,794800
2025-04-09,BR,BR,215.2899932861328,234.07000732421875,215.2899932861328,232.2899932861328,225.3891143798828,617300
2025-04-10,BR,BR,228.27999877929688,231.55999755859375,221.9499969482422,228.3800048828125,221.5952911376953,812000
2025-04-11,BR,BR,226.83999633789062,232.55999755859375,223.86000061035156,231.60000610351562,224.71963500976562,575000
2025-04-14,BR,BR,233.07000732421875,237.8300018310547,232.49000549316406,236.52999877929688,229.50315856933594,341600
2025-04-15,BR,BR,236.97999572753906,237.61000061035156,235.27999877929688,235.75999450683594,228.75604248046875,461800
2025-04-16,BR,BR,235.74000549316406,236.91000366210938,232.9199981689453,235.2899932861328,228.3000030517578,476000
2025-04-17,BR,BR,236.00999450683594,238.72000122070312,234.8800048828125,235.85000610351562,228.8433837890625,533700
2025-04-21,BR,BR,234.6699981689453,234.6699981689453,225.1199951171875,228.0800018310547,221.30419921875,352700
2025-04-22,BR,BR,230.69000244140625,235.3699951171875,230.42999267578125,235.0,228.0186309814453,384500
2025-04-23,BR,BR,238.27999877929688,240.9499969482422,235.42999267578125,236.25999450683594,229.2411651611328,442800
2025-04-24,BR,BR,234.25999450683594,238.77000427246094,233.11000061035156,238.1300048828125,231.05563354492188,334200
2025-04-25,BR,BR,237.47999572753906,239.5800018310547,235.69000244140625,237.72000122070312,230.65782165527344,350800
2025-04-28,BR,BR,238.17999267578125,239.14999389648438,234.8699951171875,237.17999267578125,230.13385009765625,658600
2025-04-29,BR,BR,236.75999450683594,240.6999969482422,236.50999450683594,239.67999267578125,232.5595703125,621400
2025-04-30,BR,BR,238.55999755859375,242.77999877929688,235.3800048828125,242.39999389648438,235.19876098632812,781000
2025-05-01,BR,BR,237.17999267578125,237.17999267578125,224.1999969482422,228.00999450683594,221.2362823486328,1048700
2025-05-02,BR,BR,231.25,234.57000732421875,230.66000366210938,232.91000366210938,225.99070739746094,599900
2025-05-05,BR,BR,232.27000427246094,234.2100067138672,230.91000366210938,232.17999267578125,225.28237915039062,741200
2025-05-06,BR,BR,232.22999572753906,234.44000244140625,231.1999969482422,233.57000732421875,226.631103515625,533000
2025-05-07,BR,BR,234.07000732421875,237.1999969482422,234.07000732421875,236.19000244140625,229.1732635498047,602500
2025-05-08,BR,BR,237.32000732421875,240.5,235.9199981689453,236.0,228.98892211914062,571900
2025-05-09,BR,BR,236.0399932861328,237.55999755859375,234.38999938964844,237.0,229.9591827392578,400600
2025-05-12,BR,BR,241.44000244140625,241.44000244140625,233.13999938964844,237.0500030517578,230.00772094726562,703300
2025-05-13,BR,BR,238.13999938964844,239.22000122070312,237.00999450683594,237.30999755859375,230.25999450683594,618000
2025-05-14,BR,BR,236.82000732421875,237.86000061035156,234.97000122070312,237.49000549316406,230.4346466064453,511500
2025-05-15,BR,BR,238.22000122070312,241.0,238.22000122070312,240.32000732421875,233.18057250976562,393100
2025-05-16,BR,BR,240.5,241.97999572753906,239.32000732421875,241.2100067138672,234.0441131591797,476400
2025-05-19,BR,BR,240.32000732421875,242.97999572753906,240.1699981689453,242.7899932861328,235.5771942138672,435400
2025-05-20,BR,BR,241.41000366210938,242.83999633789062,241.1199951171875,242.67999267578125,235.470458984375,374400
2025-05-21,BR,BR,240.52999877929688,241.83999633789062,237.47999572753906,239.08999633789062,231.98709106445312,747600
2025-05-22,BR,BR,238.27999877929688,238.9499969482422,236.8800048828125,238.0399932861328,230.9683074951172,394700
2025-05-23,BR,BR,236.52000427246094,238.22999572753906,235.14999389648438,236.97000122070312,229.93008422851562,389800
2025-05-27,BR,BR,239.8300018310547,240.49000549316406,238.30999755859375,239.99000549316406,232.86036682128906,573500
2025-05-28,BR,BR,239.1699981689453,241.0,239.0399932861328,240.25,233.11265563964844,385500
2025-05-29,BR,BR,240.05999755859375,240.86000061035156,238.02999877929688,239.72000122070312,232.59840393066406,453300
2025-05-30,BR,BR,239.77000427246094,242.94000244140625,238.63999938964844,242.8300018310547,235.6160125732422,1379300
2025-06-02,BR,BR,241.11000061035156,242.4199981689453,238.55999755859375,242.38999938964844,235.18907165527344,583900
2025-06-03,BR,BR,241.17999267578125,244.22999572753906,239.97999572753906,244.00999450683594,236.76095581054688,554800
2025-06-04,BR,BR,244.50999450683594,245.55999755859375,242.75999450683594,244.1199951171875,236.86766052246094,435000
2025-06-05,BR,BR,244.5,245.57000732421875,243.3699951171875,244.88999938964844,237.6147918701172,380800
2025-06-06,BR,BR,246.02999877929688,246.66000366210938,244.8699951171875,245.35000610351562,238.06114196777344,309800
2025-06-09,BR,BR,244.80999755859375,245.13999938964844,240.89999389648438,243.7100067138672,236.46987915039062,405600
2025-06-10,BR,BR,243.80999755859375,244.89999389648438,241.55999755859375,243.00999450683594,235.7906494140625,369800
2025-06-11,BR,BR,242.83999633789062,243.1199951171875,240.10000610351562,241.17999267578125,234.0150146484375,475200
2025-06-12,BR,BR,240.69000244140625,240.69000244140625,238.8699951171875,239.8300018310547,233.55731201171875,388400
2025-06-13,BR,BR,238.16000366210938,239.8800048828125,236.4199981689453,237.17999267578125,230.9766082763672,368000
2025-06-16,BR,BR,237.5500030517578,240.8300018310547,237.5500030517578,238.99000549316406,232.73928833007812,332300
2025-06-17,BR,BR,237.6199951171875,239.7100067138672,237.3800048828125,238.75999450683594,232.51528930664062,456100
2025-06-18,BR,BR,238.74000549316406,240.44000244140625,237.55999755859375,237.7899932861328,231.57066345214844,487800
2025-06-20,BR,BR,238.74000549316406,239.0399932861328,235.64999389648438,236.5,230.3144073486328,739200
2025-06-23,BR,BR,236.86000061035156,240.5,236.27000427246094,240.36000061035156,234.07345581054688,339200
2025-06-24,BR,BR,242.08999633789062,243.69000244140625,239.44000244140625,241.8000030517578,235.4757843017578,437900
2025-06-25,BR,BR,245.72000122070312,246.6699981689453,237.0,238.16000366210938,231.93099975585938,548400
2025-06-26,BR,BR,238.77999877929688,239.5800018310547,236.97000122070312,239.1699981689453,232.91456604003906,395500
2025-06-27,BR,BR,239.60000610351562,241.39999389648438,237.5800018310547,239.4499969482422,233.18724060058594,527700
2025-06-30,BR,BR,239.8000030517578,243.1300048828125,238.08999633789062,243.02999877929688,236.67361450195312,520000
2025-07-01,BR,BR,241.91000366210938,245.3800048828125,241.91000366210938,244.72999572753906,238.32913208007812,523100
2025-07-02,BR,BR,242.83999633789062,243.39999389648438,232.8800048828125,238.02000427246094,231.7946319580078,867800
2025-07-03,BR,BR,240.8699951171875,242.24000549316406,238.66000366210938,242.1300048828125,235.79714965820312,321200
2025-07-07,BR,BR,241.9199981689453,242.3800048828125,239.0800018310547,240.55999755859375,234.2682342529297,384800
2025-07-08,BR,BR,239.97999572753906,240.74000549316406,237.00999450683594,237.52999877929688,231.31748962402344,377300
2025-07-09,BR,BR,237.63999938964844,238.77999877929688,236.39999389648438,238.75999450683594,232.51528930664062,450800
2025-07-10,BR,BR,238.0500030517578,240.47000122070312,237.1300048828125,238.58999633789062,232.34974670410156,501500
2025-07-11,BR,BR,237.9499969482422,237.9499969482422,233.8699951171875,235.17999267578125,229.02891540527344,639400
2025-07-14,BR,BR,234.63999938964844,237.2100067138672,232.55999755859375,236.02000427246094,229.84695434570312,313200
2025-07-15,BR,BR,235.58999633789062,236.38999938964844,233.49000549316406,233.75,227.63632202148438,509600
2025-07-16,BR,BR,234.6199951171875,235.8000030517578,231.97000122070312,234.86000061035156,228.71730041503906,428500
2025-07-17,BR,BR,234.38999938964844,237.7100067138672,234.2100067138672,237.19000244140625,230.98635864257812,356400
2025-07-18,BR,BR,237.91000366210938,239.36000061035156,236.47999572753906,239.11000061035156,232.85614013671875,494800
2025-07-21,BR,BR,239.30999755859375,243.80999755859375,239.30999755859375,241.72000122070312,235.39788818359375,536200
2025-07-22,BR,BR,241.89999389648438,245.3300018310547,241.19000244140625,244.10000610351562,237.71563720703125,567300
2025-07-23,BR,BR,244.0800018310547,246.0,241.72999572753906,242.63999938964844,236.29379272460938,807800
2025-07-24,BR,BR,243.1199951171875,254.97000122070312,241.32000732421875,252.99000549316406,246.37313842773438,2123400
2025-07-25,BR,BR,252.44000244140625,257.6499938964844,251.0,253.69000244140625,247.0548095703125,1815700
2025-07-28,BR,BR,252.35000610351562,256.1099853515625,250.5800018310547,252.47000122070312,245.86671447753906,2012700
2025-07-29,BR,BR,253.67999267578125,253.8000030517578,246.10000610351562,247.97000122070312,241.48440551757812,970500
2025-07-30,BR,BR,247.4199981689453,249.60000610351562,245.80999755859375,246.67999267578125,240.2281494140625,497400
2025-07-31,BR,BR,246.42999267578125,249.22000122070312,244.5399932861328,247.50999450683594,241.0364532470703,1340900
2025-08-01,BR,BR,247.05999755859375,247.05999755859375,242.4199981689453,244.64999389648438,238.25125122070312,534600
2025-08-04,BR,BR,244.97999572753906,249.1300048828125,243.75999450683594,248.4600067138672,241.9615936279297,968600
2025-08-05,BR,BR,250.89999389648438,269.1400146484375,250.89999389648438,265.3299865722656,258.3903503417969,1608600
2025-08-06,BR,BR,267.0199890136719,267.80999755859375,262.6199951171875,266.8900146484375,259.9095764160156,1028600
2025-08-07,BR,BR,267.8900146484375,271.9100036621094,263.2799987792969,266.4800109863281,259.5102844238281,1263400
2025-08-08,BR,BR,267.0400085449219,268.1700134277344,264.7300109863281,265.94000244140625,258.9844055175781,536100
2025-08-11,BR,BR,266.3500061035156,266.3699951171875,262.6000061035156,263.4700012207031,256.57904052734375,644300
2025-08-12,BR,BR,263.1700134277344,264.1499938964844,260.9599914550781,262.5,255.6343994140625,679400
2025-08-13,BR,BR,263.45001220703125,263.989990234375,260.1499938964844,261.67999267578125,254.8358154296875,800600
2025-08-14,BR,BR,261.2300109863281,261.2300109863281,258.6199951171875,259.2300109863281,252.44989013671875,644800
2025-08-15,BR,BR,259.29998779296875,260.75,256.95001220703125,260.6000061035156,253.7840576171875,803800
2025-08-18,BR,BR,260.6000061035156,261.760009765625,259.9700012207031,260.05999755859375,253.25819396972656,609300
2025-08-19,BR,BR,260.1400146484375,263.44000244140625,260.1400146484375,262.9200134277344,256.04339599609375,467800
2025-08-20,BR,BR,263.739990234375,265.3699951171875,261.7900085449219,261.8599853515625,255.01109313964844,866000
2025-08-21,BR,BR,260.82000732421875,261.6199951171875,259.5199890136719,260.8299865722656,254.00807189941406,529600
2025-08-22,BR,BR,261.45001220703125,264.1000061035156,260.80999755859375,262.17999267578125,255.32273864746094,651200
2025-08-25,BR,BR,262.0299987792969,263.0,256.0400085449219,256.69000244140625,249.97634887695312,580500
2025-08-26,BR,BR,256.8599853515625,257.29998779296875,255.36000061035156,257.2900085449219,250.56063842773438,1292400
2025-08-27,BR,BR,257.5299987792969,259.0199890136719,256.3399963378906,258.1499938964844,251.3981475830078,459000
2025-08-28,BR,BR,258.3999938964844,258.5,256.2699890136719,257.07000732421875,250.3463897705078,542200
2025-08-29,BR,BR,257.75,258.70001220703125,255.61000061035156,255.6199951171875,248.934326171875,817500
2025-09-02,BR,BR,254.83999633789062,256.6700134277344,251.22999572753906,251.9600067138672,245.37005615234375,706300
2025-09-03,BR,BR,250.8000030517578,252.16000366210938,247.52000427246094,249.82000732421875,243.28604125976562,523900
2025-09-04,BR,BR,250.30999755859375,252.11000061035156,249.14999389648438,252.02000427246094,245.42849731445312,655400
2025-09-05,BR,BR,252.44000244140625,253.92999267578125,249.24000549316406,251.02000427246094,244.45462036132812,542000
2025-09-08,BR,BR,250.5399932861328,253.7899932861328,249.25,253.42999267578125,246.80160522460938,593100
2025-09-09,BR,BR,252.89999389648438,253.05999755859375,250.83999633789062,252.3699951171875,245.76931762695312,491300
2025-09-10,BR,BR,251.1999969482422,252.85000610351562,247.7100067138672,250.11000061035156,243.56845092773438,566800
2025-09-11,BR,BR,251.1300048828125,255.66000366210938,250.32000732421875,254.82000732421875,249.12640380859375,663200
2025-09-12,BR,BR,253.6699981689453,255.74000549316406,251.80999755859375,252.02999877929688,246.3987274169922,547700
2025-09-15,BR,BR,252.47000122070312,253.36000061035156,249.6699981689453,249.7899932861328,244.2087860107422,405600
2025-09-16,BR,BR,249.47999572753906,250.02000427246094,244.91000366210938,245.61000061035156,240.1221923828125,524400
2025-09-17,BR,BR,246.0,250.25999450683594,244.9199981689453,245.1199951171875,239.6431427001953,931500
2025-09-18,BR,BR,245.32000732421875,247.63999938964844,242.4199981689453,242.55999755859375,237.1403350830078,555500
2025-09-19,BR,BR,243.75,243.8300018310547,240.61000061035156,241.4600067138672,236.06492614746094,1989600
2025-09-22,BR,BR,241.4600067138672,242.25999450683594,240.42999267578125,241.60000610351562,236.20181274414062,639200
2025-09-23,BR,BR,241.22999572753906,241.99000549316406,238.4600067138672,238.82000732421875,233.48390197753906,579100
2025-09-24,BR,BR,238.22999572753906,239.60000610351562,235.7100067138672,236.00999450683594,230.7366943359375,486300
2025-09-25,BR,BR,236.22000122070312,237.11000061035156,233.8000030517578,234.8800048828125,229.63194274902344,641100
2025-09-26,BR,BR,235.8699951171875,236.97999572753906,234.64999389648438,236.0,230.72691345214844,603100
2025-09-29,BR,BR,236.75999450683594,238.5800018310547,235.66000366210938,237.6300048828125,232.3205108642578,568000
2025-09-30,BR,BR,236.22999572753906,238.22999572753906,235.3000030517578,238.1699981689453,232.84841918945312,636800
2025-10-01,BR,BR,236.67999267578125,238.1199951171875,234.33999633789062,234.60000610351562,229.3582000732422,609100
2025-10-02,BR,BR,233.52000427246094,235.0,231.6999969482422,233.69000244140625,228.46852111816406,574100
2025-10-03,BR,BR,233.41000366210938,235.39999389648438,232.52999877929688,234.69000244140625,229.44618225097656,414900
2025-10-06,BR,BR,234.3300018310547,235.5399932861328,232.16000366210938,235.1699981689453,229.9154510498047,707800
2025-10-07,BR,BR,235.66000366210938,238.72999572753906,235.0800018310547,236.89999389648438,231.60679626464844,591700
2025-10-08,BR,BR,237.5399932861328,237.97999572753906,235.86000061035156,236.60000610351562,231.31350708007812,405700
2025-10-09,BR,BR,236.2899932861328,237.38999938964844,233.61000061035156,234.1199951171875,228.888916015625,471300
2025-10-10,BR,BR,235.1199951171875,235.6199951171875,232.6199951171875,232.85000610351562,227.6472930908203,490400
2025-10-13,BR,BR,233.0,234.22999572753906,231.74000549316406,232.6699981689453,227.47132873535156,364300
2025-10-14,BR,BR,232.8300018310547,235.69000244140625,232.44000244140625,235.00999450683594,229.759033203125,429000
2025-10-15,BR,BR,234.22000122070312,235.9199981689453,231.42999267578125,231.49000549316406,226.31768798828125,739600
2025-10-16,BR,BR,232.0,233.49000549316406,225.64999389648438,226.3800048828125,221.3218536376953,865600
2025-10-17,BR,BR,226.91000366210938,229.13999938964844,225.6199951171875,228.99000549316406,223.87355041503906,533700
2025-10-20,BR,BR,229.07000732421875,231.35000610351562,228.07000732421875,230.67999267578125,225.52577209472656,378600
2025-10-21,BR,BR,230.3000030517578,233.25,228.49000549316406,232.32000732421875,227.129150390625,356500
2025-10-22,BR,BR,231.3300018310547,234.77000427246094,230.89999389648438,232.9499969482422,227.74505615234375,431700
2025-10-23,BR,BR,234.14999389648438,236.02000427246094,230.08999633789062,232.10000610351562,226.9140625,381800
2025-10-24,BR,BR,234.0800018310547,235.27000427246094,230.64999389648438,232.2899932861328,227.09979248046875,466500
2025-10-27,BR,BR,233.74000549316406,233.74000549316406,230.24000549316406,231.9199981689453,226.7380828857422,415100
2025-10-28,BR,BR,230.75999450683594,231.9199981689453,229.11000061035156,229.8000030517578,224.66546630859375,408200
2025-10-29,BR,BR,227.1300048828125,228.25,217.88999938964844,219.8800048828125,214.9670867919922,1077700
2025-10-30,BR,BR,220.24000549316406,223.0,219.19000244140625,221.0,216.06207275390625,1095500
2025-10-31,BR,BR,219.72999572753906,221.47000122070312,218.5,220.39999389648438,215.4754638671875,902000
2025-11-03,BR,BR,219.27000427246094,222.47999572753906,217.8300018310547,221.17999267578125,216.238037109375,1049000
2025-11-04,BR,BR,225.77000427246094,226.92999267578125,218.7899932861328,222.86000061035156,217.88050842285156,919700
2025-11-05,BR,BR,221.35000610351562,223.49000549316406,217.92999267578125,218.5800018310547,213.69615173339844,821400
2025-11-06,BR,BR,217.52999877929688,220.60000610351562,215.0800018310547,217.49000549316406,212.63050842285156,780600
2025-11-07,BR,BR,218.19000244140625,222.1300048828125,217.16000366210938,221.72000122070312,216.76597595214844,646700
2025-11-10,BR,BR,220.63999938964844,224.58999633789062,220.4199981689453,223.16000366210938,218.173828125,797300
2025-11-11,BR,BR,223.7899932861328,225.32000732421875,222.3000030517578,222.8699951171875,217.89028930664062,811900
2025-11-12,BR,BR,224.14999389648438,228.41000366210938,222.66000366210938,223.66000366210938,218.66262817382812,704800
2025-11-13,BR,BR,222.22000122070312,226.52999877929688,220.42999267578125,225.61000061035156,220.56907653808594,675600
2025-11-14,BR,BR,225.60000610351562,228.52999877929688,224.74000549316406,226.05999755859375,221.00900268554688,1257100
2025-11-17,BR,BR,225.9199981689453,227.83999633789062,224.60000610351562,224.77000427246094,219.74783325195312,796700
2025-11-18,BR,BR,224.88999938964844,226.67999267578125,224.4600067138672,224.94000244140625,219.91403198242188,726600
2025-11-19,BR,BR,224.61000061035156,227.42999267578125,221.30999755859375,226.3300018310547,221.27297973632812,961000
2025-11-20,BR,BR,227.27000427246094,229.22999572753906,225.5500030517578,227.1199951171875,222.04531860351562,999500
2025-11-21,BR,BR,228.1300048828125,230.75999450683594,227.38999938964844,228.38999938964844,223.28695678710938,914600
2025-11-24,BR,BR,228.39999389648438,230.22000122070312,226.22000122070312,226.22999572753906,221.17520141601562,1140400
2025-11-25,BR,BR,227.3699951171875,229.5,227.3699951171875,228.22000122070312,223.12075805664062,432600
2025-11-26,BR,BR,227.14999389648438,229.5800018310547,227.14999389648438,227.58999633789062,222.50482177734375,566100
2025-11-28,BR,BR,228.69000244140625,229.25,226.22000122070312,228.08999633789062,222.99365234375,222700
2025-12-01,BR,BR,227.05999755859375,229.0,226.32000732421875,226.5500030517578,221.48805236816406,669200
2025-12-02,BR,BR,227.19000244140625,229.5800018310547,224.97999572753906,227.61000061035156,222.52438354492188,749100
2025-12-03,BR,BR,227.25999450683594,230.5800018310547,227.25999450683594,230.4600067138672,225.31072998046875,741100
2025-12-04,BR,BR,230.86000061035156,232.5,229.19000244140625,230.8800048828125,225.7213134765625,584600
2025-12-05,BR,BR,230.4499969482422,233.10000610351562,229.4600067138672,232.02000427246094,226.83584594726562,748600
2025-12-08,BR,BR,231.25,231.25,226.17999267578125,227.5399932861328,222.45594787597656,654000
2025-12-09,BR,BR,227.75,228.2899932861328,224.85000610351562,225.32000732421875,220.2855682373047,647200
2025-12-10,BR,BR,225.72000122070312,227.41000366210938,224.4600067138672,226.91000366210938,221.84002685546875,665700
2025-12-11,BR,BR,228.3300018310547,232.33999633789062,227.77000427246094,231.5,226.32745361328125,590100
2025-12-12,BR,BR,231.5,232.88999938964844,229.5399932861328,230.0500030517578,225.86111450195312,590900
2025-12-15,BR,BR,230.16000366210938,231.1199951171875,226.89999389648438,229.22999572753906,225.0560302734375,637400
2025-12-16,BR,BR,230.3300018310547,230.80999755859375,227.25,227.47000122070312,223.32809448242188,784200
2025-12-17,BR,BR,227.3300018310547,231.44000244140625,227.19000244140625,228.77000427246094,224.6044158935547,1097100
2025-12-18,BR,BR,230.2100067138672,230.9199981689453,225.57000732421875,226.61000061035156,222.48374938964844,786100
2025-12-19,BR,BR,226.0500030517578,227.9199981689453,224.75,225.9600067138672,221.84559631347656,2439600
2025-12-22,BR,BR,226.1699981689453,228.7100067138672,225.80999755859375,228.22000122070312,224.06443786621094,490000
2025-12-23,BR,BR,228.25999450683594,228.30999755859375,226.30999755859375,227.36000061035156,223.2200927734375,396000
2025-12-24,BR,BR,226.3000030517578,228.83999633789062,226.3000030517578,228.3800048828125,224.22152709960938,146700
2025-12-26,BR,BR,228.55999755859375,228.83999633789062,227.4600067138672,228.19000244140625,224.0349884033203,233700
2025-12-29,BR,BR,228.41000366210938,229.77000427246094,227.02000427246094,227.3800048828125,223.23973083496094,310200
2025-12-30,BR,BR,226.3699951171875,227.0800018310547,225.08999633789062,225.24000549316406,221.13870239257812,332200
2025-12-31,BR,BR,224.97000122070312,225.36000061035156,223.0399932861328,223.1699981689453,219.10638427734375,291400
2026-01-02,BR,BR,223.1699981689453,224.39999389648438,219.22999572753906,220.47000122070312,216.45555114746094,544200
2026-01-05,BR,BR,219.4600067138672,224.00999450683594,218.63999938964844,222.82000732421875,218.7627716064453,676300
2026-01-06,BR,BR,221.52999877929688,223.42999267578125,219.3300018310547,221.6999969482422,217.66314697265625,603100
2026-01-07,BR,BR,222.36000061035156,223.2899932861328,218.3300018310547,219.47000122070312,215.4737548828125,572900
2026-01-08,BR,BR,220.10000610351562,223.6699981689453,219.4600067138672,222.91000366210938,218.85113525390625,497000
2026-01-09,BR,BR,222.7899932861328,224.33999633789062,221.9600067138672,223.36000061035156,219.2929229736328,720200
2026-01-12,BR,BR,222.92999267578125,224.50999450683594,220.72000122070312,223.02000427246094,218.95912170410156,645700
2026-01-13,BR,BR,222.38999938964844,222.8800048828125,220.05999755859375,221.2100067138672,217.1820831298828,707700
2026-01-14,BR,BR,220.66000366210938,222.1999969482422,219.02000427246094,220.9600067138672,216.93663024902344,746000
2026-01-15,BR,BR,221.7100067138672,221.89999389648438,218.5500030517578,219.36000061035156,215.36575317382812,988500
2026-01-16,BR,BR,218.52999877929688,220.00999450683594,216.64999389648438,218.63999938964844,214.65887451171875,696400
2026-01-20,BR,BR,216.4600067138672,217.99000549316406,208.6699981689453,209.27999877929688,205.46929931640625,959400
2026-01-21,BR,BR,209.86000061035156,211.8000030517578,204.92999267578125,206.85000610351562,203.08355712890625,1267400
2026-01-22,BR,BR,207.67999267578125,211.3699951171875,207.3000030517578,209.7899932861328,205.97000122070312,1004800
2026-01-23,BR,BR,207.69000244140625,209.1199951171875,204.61000061035156,207.5399932861328,203.760986328125,836900
2026-01-26,BR,BR,207.80999755859375,209.22999572753906,206.6999969482422,208.8699951171875,205.0667724609375,517900
2026-01-27,BR,BR,207.50999450683594,207.50999450683594,205.05999755859375,206.4199981689453,202.66139221191406,739800
2026-01-28,BR,BR,205.97999572753906,207.77000427246094,203.88999938964844,204.88999938964844,201.1592559814453,758400
2026-01-29,BR,BR,203.5800018310547,205.0,193.05999755859375,195.9600067138672,192.39186096191406,1886900
2026-01-30,BR,BR,196.44000244140625,198.16000366210938,195.00999450683594,197.11000061035156,193.52090454101562,939100
2026-02-02,BR,BR,197.55999755859375,200.3800048828125,196.0,198.33999633789062,194.728515625,1570000
2026-02-03,BR,BR,200.07000732421875,201.6199951171875,183.3000030517578,185.9499969482422,182.56411743164062,2647100
2026-02-04,BR,BR,189.72999572753906,190.64999389648438,184.00999450683594,190.1199951171875,186.65817260742188,1961400
2026-02-05,BR,BR,192.02000427246094,195.64999389648438,190.42999267578125,193.5399932861328,190.01589965820312,1832000
2026-02-06,BR,BR,193.7899932861328,195.97000122070312,181.08999633789062,181.91000366210938,178.59768676757812,1932000
2026-02-09,BR,BR,181.35000610351562,182.92999267578125,175.86000061035156,181.0500030517578,177.7533416748047,2401200
2026-02-10,BR,BR,180.47000122070312,180.47000122070312,171.24000549316406,172.50999450683594,169.3688201904297,2494300
2026-02-11,BR,BR,171.3699951171875,172.50999450683594,165.9600067138672,167.5500030517578,164.49916076660156,2428600
2026-02-12,BR,BR,166.80999755859375,170.77000427246094,163.7100067138672,170.47000122070312,167.36598205566406,2336000
2026-02-13,BR,BR,171.19000244140625,174.6199951171875,169.77999877929688,173.6999969482422,170.53717041015625,1813000
2026-02-17,BR,BR,174.6300048828125,176.5399932861328,171.41000366210938,174.1300048828125,170.9593505859375,1598700
2026-02-18,BR,BR,174.57000732421875,178.24000549316406,174.57000732421875,178.1199951171875,174.87667846679688,1408800
2026-02-19,BR,BR,176.83999633789062,178.66000366210938,175.30999755859375,176.2100067138672,173.00146484375,1126500
2026-02-20,BR,BR,176.25,178.1999969482422,174.41000366210938,177.02000427246094,173.79672241210938,1103900
2026-02-23,BR,BR,176.86000061035156,177.27999877929688,173.39999389648438,175.72999572753906,172.5301971435547,1428200
2026-02-24,BR,BR,175.72999572753906,179.94000244140625,175.5,177.77999877929688,174.54287719726562,988800
2026-02-25,BR,BR,177.44000244140625,179.10000610351562,175.8699951171875,177.32000732421875,174.0912628173828,1294100
2026-02-26,BR,BR,179.60000610351562,184.82000732421875,179.5800018310547,183.25999450683594,179.92308044433594,1201300
2026-02-27,BR,BR,181.8000030517578,186.0,180.2899932861328,185.8699951171875,182.48556518554688,1763600
2026-03-02,BR,BR,182.61000061035156,187.80999755859375,182.61000061035156,186.5,183.10409545898438,946300
2026-03-03,BR,BR,184.17999267578125,188.99000549316406,183.57000732421875,187.50999450683594,184.095703125,1223200
2026-03-04,BR,BR,185.69000244140625,190.69000244140625,185.69000244140625,188.74000549316406,185.30331420898438,866100
2026-03-05,BR,BR,187.77999877929688,192.25999450683594,187.1199951171875,190.88999938964844,187.41415405273438,1052600
2026-03-06,BR,BR,190.5500030517578,197.3800048828125,189.0,196.8800048828125,193.2950897216797,1727700
2026-03-09,BR,BR,193.8000030517578,194.58999633789062,187.88999938964844,189.00999450683594,185.56838989257812,2451600
2026-03-10,BR,BR,190.8699951171875,190.8699951171875,184.13999938964844,186.6300048828125,183.2317352294922,1668700
2026-03-11,BR,BR,186.6699981689453,189.77999877929688,180.69000244140625,183.1199951171875,179.78562927246094,1260700
2026-03-12,BR,BR,184.08999633789062,186.22000122070312,177.27999877929688,177.38999938964844,174.15997314453125,1467600
2026-03-13,BR,BR,178.75999450683594,179.7100067138672,177.22000122070312,178.32000732421875,175.0730438232422,1801400
2026-03-16,BR,BR,177.30999755859375,179.25999450683594,176.77000427246094,178.58999633789062,176.30209350585938,1697000
2026-03-17,BR,BR,179.6699981689453,182.5,177.36000061035156,178.19000244140625,175.9072265625,1101900
2026-03-18,BR,BR,176.92999267578125,179.47000122070312,174.6999969482422,174.94000244140625,172.6988525390625,1140700
2026-03-19,BR,BR,174.8800048828125,179.3000030517578,173.9199981689453,174.3800048828125,172.14602661132812,1331800
2026-03-20,BR,BR,173.9600067138672,176.4600067138672,172.9499969482422,174.36000061035156,172.12628173828125,6160900
2026-03-23,BR,BR,176.13999938964844,176.13999938964844,169.89999389648438,170.83999633789062,168.65138244628906,2585900
2026-03-24,BR,BR,170.1300048828125,170.1300048828125,159.05999755859375,164.6300048828125,162.52093505859375,2111800
2026-03-25,BR,BR,166.8699951171875,167.19000244140625,160.88999938964844,163.36000061035156,161.26719665527344,1197600
2026-03-26,BR,BR,163.0500030517578,165.89999389648438,159.57000732421875,159.8300018310547,157.7824249267578,1522300
2026-03-27,BR,BR,159.42999267578125,159.9600067138672,156.94000244140625,157.4199981689453,155.40328979492188,1833500
2026-03-30,BR,BR,158.86000061035156,164.35000610351562,158.3300018310547,163.44000244140625,161.34619140625,2288800
2026-03-31,BR,BR,165.3000030517578,165.3000030517578,160.9199981689453,162.47999572753906,160.39846801757812,2149800
2026-04-01,BR,BR,162.41000366210938,162.41000366210938,155.5399932861328,159.97999572753906,157.9304962158203,2504000
2026-04-02,BR,BR,161.22999572753906,165.33999633789062,158.9199981689453,160.92999267578125,158.8683319091797,1931400
2026-04-06,BR,BR,160.5800018310547,162.86000061035156,159.35000610351562,162.47999572753906,160.39846801757812,1023600
2026-04-07,BR,BR,161.72999572753906,162.47999572753906,159.08999633789062,159.89999389648438,157.8515167236328,1548800
2026-04-08,BR,BR,162.92999267578125,163.94000244140625,160.1199951171875,160.97000122070312,158.9078369140625,1346900
2026-04-09,BR,BR,159.55999755859375,160.2100067138672,154.25,154.7899932861328,152.80697631835938,1672800
2026-04-10,BR,BR,153.72999572753906,154.32000732421875,150.10000610351562,151.1199951171875,149.1840057373047,1223100
2026-04-13,BR,BR,151.64999389648438,157.8300018310547,150.5,157.36000061035156,155.3440704345703,1179200
2026-04-14,BR,BR,157.8300018310547,159.86000061035156,156.77999877929688,158.61000061035156,156.57806396484375,1166600
2026-04-15,BR,BR,159.27999877929688,163.63999938964844,159.27000427246094,160.8300018310547,158.76962280273438,1044200
2026-04-16,BR,BR,162.05999755859375,164.61000061035156,161.64999389648438,162.4199981689453,160.33924865722656,1168400
2026-04-17,BR,BR,163.67999267578125,165.17999267578125,160.3699951171875,162.9199981689453,160.8328399658203,1234900
2026-04-20,BR,BR,162.6699981689453,164.08999633789062,160.9600067138672,161.27999877929688,159.21385192871094,1057600
2026-04-21,BR,BR,161.50999450683594,165.1300048828125,160.55999755859375,161.8699951171875,159.79629516601562,1067500
2026-04-22,BR,BR,162.13999938964844,162.94000244140625,158.9499969482422,160.63999938964844,158.58204650878906,795700
2026-04-23,BR,BR,158.22999572753906,158.63999938964844,153.05999755859375,155.9499969482422,153.95213317871094,1181100
2026-04-24,BR,BR,154.2100067138672,156.3800048828125,153.07000732421875,155.07000732421875,153.0834197998047,998400
2026-04-27,BR,BR,155.27000427246094,159.1699981689453,155.10000610351562,156.36000061035156,154.3568878173828,933600
2026-04-28,BR,BR,159.05999755859375,160.52999877929688,157.19000244140625,158.8300018310547,156.7952423095703,793300
2026-04-29,BR,BR,160.0,161.32000732421875,158.52000427246094,160.75,158.69064331054688,1004900
2026-04-30,BR,BR,156.05999755859375,157.4600067138672,149.0500030517578,153.97999572753906,152.0073699951172,2700100
2026-05-01,BR,BR,157.74000549316406,159.22000122070312,151.91000366210938,155.25,153.2611083984375,1195000
2026-05-04,BR,BR,154.47000122070312,155.4199981689453,149.8699951171875,153.85000610351562,151.87904357910156,1809300
2026-05-05,BR,BR,153.3800048828125,153.3800048828125,149.72000122070312,152.13999938964844,150.19093322753906,902200
2026-05-06,BR,BR,151.6999969482422,154.3800048828125,151.0800018310547,152.8300018310547,150.87210083007812,856600
2026-05-07,BR,BR,152.9199981689453,156.16000366210938,151.0,152.88999938964844,150.93133544921875,1760600
2026-05-08,BR,BR,152.4499969482422,152.6199951171875,148.36000061035156,149.5,147.5847625732422,1650200
2026-05-11,BR,BR,148.27999877929688,150.52000427246094,146.6300048828125,149.1300048828125,147.21951293945312,1803300
2026-05-12,BR,BR,150.0800018310547,151.83999633789062,148.07000732421875,149.52999877929688,147.6143798828125,2560500
2026-05-13,BR,BR,147.33999633789062,147.9600067138672,139.7899932861328,143.92999267578125,142.08612060546875,2264800
2026-05-14,BR,BR,144.36000061035156,147.08999633789062,143.0800018310547,143.3699951171875,141.53329467773438,1545700
2026-05-15,BR,BR,145.72000122070312,147.82000732421875,144.52999877929688,145.6199951171875,143.75445556640625,2483600
2026-05-18,BR,BR,144.89999389648438,150.9600067138672,144.64999389648438,150.6199951171875,148.69041442871094,1753300
2026-05-19,BR,BR,152.6300048828125,153.16000366210938,148.22000122070312,149.42999267578125,147.51565551757812,1530000
2026-05-20,BR,BR,148.4600067138672,150.05999755859375,145.5800018310547,149.1999969482422,147.28860473632812,1300700
2026-05-21,BR,BR,147.6199951171875,150.38999938964844,146.00999450683594,150.02000427246094,148.09811401367188,1091600
2026-05-22,BR,BR,150.49000549316406,153.4199981689453,149.97000122070312,150.49000549316406,148.5620880126953,896000
2026-05-26,BR,BR,148.66000366210938,149.00999450683594,146.80999755859375,146.9499969482422,145.0674285888672,2192900
2026-05-27,BR,BR,147.1199951171875,148.6300048828125,146.00999450683594,147.10000610351562,145.2155303955078,1531500
2026-05-28,BR,BR,146.8800048828125,150.7100067138672,146.11000061035156,149.72000122070312,147.8019561767578,1306600
2026-05-29,BR,BR,150.7899932861328,154.19000244140625,150.2100067138672,153.72000122070312,151.75070190429688,2389400
2026-06-01,BR,BR,155.0500030517578,160.0,155.0500030517578,159.9600067138672,157.9107666015625,1343900
2026-06-02,BR,BR,157.16000366210938,157.3699951171875,152.02999877929688,154.8300018310547,152.8464813232422,1643400
2026-06-03,BR,BR,153.05999755859375,153.7899932861328,150.6300048828125,152.58999633789062,150.6351776123047,1628600
2026-06-04,BR,BR,156.0399932861328,158.97999572753906,153.49000549316406,154.10000610351562,152.12583923339844,2022300
2026-06-05,BR,BR,155.5,156.05999755859375,151.25,151.33999633789062,149.40118408203125,1345300
2026-06-08,BR,BR,150.27999877929688,150.27999877929688,148.1699981689453,148.97999572753906,147.07142639160156,971200
2026-06-09,BR,BR,150.14999389648438,151.14999389648438,146.5800018310547,150.0399932861328,148.1178436279297,853000
2026-06-10,BR,BR,148.9499969482422,149.97000122070312,145.1699981689453,146.44000244140625,144.56398010253906,1189100
2026-06-11,BR,BR,145.60000610351562,147.1300048828125,144.19000244140625,144.86000061035156,143.00421142578125,1264600
2026-06-12,BR,BR,143.4600067138672,145.32000732421875,141.22999572753906,144.8699951171875,143.98316955566406,1202100
2026-06-15,BR,BR,144.38999938964844,146.80999755859375,142.52999877929688,142.77999877929688,141.90597534179688,1042800
2026-06-16,BR,BR,143.44000244140625,145.27999877929688,143.0500030517578,143.8800048828125,142.99923706054688,1349400
2026-06-17,BR,BR,142.4199981689453,146.1699981689453,139.5,139.6300048828125,138.77525329589844,1328800
2026-06-18,BR,BR,139.22999572753906,139.22999572753906,135.97999572753906,137.60000610351562,136.7576904296875,3442600
2026-06-22,BR,BR,136.08999633789062,137.57000732421875,133.8300018310547,136.22000122070312,135.38612365722656,1826300
2026-06-23,BR,BR,139.44000244140625,139.44000244140625,136.2899932861328,136.3300018310547,135.49545288085938,1577600
2026-06-24,BR,BR,138.67999267578125,140.85000610351562,136.3300018310547,140.10000610351562,139.2423858642578,2444400
2026-06-25,BR,BR,139.5,142.83999633789062,135.77999877929688,136.25999450683594,135.42587280273438,1902800
2026-06-26,BR,BR,136.5399932861328,140.61000061035156,136.25999450683594,137.92999267578125,137.0856475830078,5316500
2026-06-29,BR,BR,140.6699981689453,140.75,134.52000427246094,135.44000244140625,134.61090087890625,1253600
2026-06-30,BR,BR,134.55999755859375,137.30999755859375,133.8800048828125,136.9499969482422,136.1116485595703,1471200
2026-07-01,BR,BR,136.24000549316406,143.72000122070312,136.24000549316406,140.92999267578125,140.06729125976562,1437200
2026-07-02,BR,BR,141.91000366210938,144.5,141.1300048828125,143.9499969482422,143.0688018798828,1023900
2026-07-06,BR,BR,143.05999755859375,144.85000610351562,140.61000061035156,144.77000427246094,143.8837890625,1320200
2026-07-07,BR,BR,147.97999572753906,150.3699951171875,147.08999633789062,148.60000610351562,147.6903533935547,1141800
2026-07-08,BR,BR,147.38999938964844,148.0800018310547,145.67999267578125,147.07000732421875,146.1697235107422,1059000
2026-07-09,BR,BR,145.2899932861328,147.3800048828125,144.0399932861328,147.32000732421875,146.41818237304688,926800
2026-07-10,BR,BR,150.24000549316406,150.7100067138672,145.77999877929688,147.47000122070312,146.5672607421875,797200
2026-07-13,BR,BR,149.0800018310547,151.74000549316406,148.97000122070312,151.0399932861328,150.1154022216797,782400
2026-07-14,BR,BR,146.30999755859375,148.80999755859375,145.75,146.02000427246094,145.1261444091797,884800
