Date,Symbol,DownloadSymbol,Open,High,Low,Close,Adj Close,Volume
2016-07-14,ED,ED,78.77999877929688,79.26000213623047,78.62000274658203,79.12000274658203,54.86616134643555,1660800
2016-07-15,ED,ED,79.13999938964844,79.5199966430664,78.5999984741211,79.1500015258789,54.88698196411133,1753300
2016-07-18,ED,ED,79.44000244140625,79.68000030517578,78.87000274658203,79.05999755859375,54.824546813964844,1578100
2016-07-19,ED,ED,79.08999633789062,79.33000183105469,78.66999816894531,79.11000061035156,54.85922622680664,999300
2016-07-20,ED,ED,79.11000061035156,79.2699966430664,78.47000122070312,78.91000366210938,54.7205696105957,1576200
2016-07-21,ED,ED,78.91000366210938,79.88999938964844,78.33999633789062,79.88999938964844,55.40013122558594,1921600
2016-07-22,ED,ED,79.79000091552734,81.2699966430664,79.79000091552734,81.18000030517578,56.2946891784668,1866400
2016-07-25,ED,ED,81.16000366210938,81.2699966430664,80.62000274658203,81.19000244140625,56.30161666870117,1290000
2016-07-26,ED,ED,81.19999694824219,81.19999694824219,80.04000091552734,80.44999694824219,55.78847122192383,1255000
2016-07-27,ED,ED,80.25,80.31999969482422,78.30999755859375,79.43000030517578,55.08115005493164,2809500
2016-07-28,ED,ED,79.43000030517578,80.05999755859375,79.12000274658203,79.87999725341797,55.39318084716797,922500
2016-07-29,ED,ED,79.77999877929688,80.8499984741211,79.55000305175781,80.08000183105469,55.53190231323242,2338500
2016-08-01,ED,ED,79.70999908447266,80.61000061035156,79.68000030517578,80.45999908447266,55.79538345336914,1364100
2016-08-02,ED,ED,80.19000244140625,80.41000366210938,79.63999938964844,80.12000274658203,55.55962371826172,1121500
2016-08-03,ED,ED,80.04000091552734,80.19000244140625,78.55000305175781,78.9000015258789,54.713623046875,1589600
2016-08-04,ED,ED,79.02999877929688,79.4000015258789,78.52999877929688,78.79000091552734,54.6373405456543,1360500
2016-08-05,ED,ED,78.44999694824219,78.63999938964844,77.66000366210938,77.75,53.9161262512207,1965600
2016-08-08,ED,ED,77.83000183105469,78.37000274658203,77.43000030517578,77.6500015258789,53.8467903137207,1363900
2016-08-09,ED,ED,77.7699966430664,78.31999969482422,77.4000015258789,78.08999633789062,54.151893615722656,1429100
2016-08-10,ED,ED,78.31999969482422,78.48999786376953,77.9800033569336,78.23999786376953,54.25594711303711,1376500
2016-08-11,ED,ED,78.08999633789062,78.41999816894531,77.8499984741211,78.38999938964844,54.35994338989258,1427700
2016-08-12,ED,ED,78.7300033569336,79.0199966430664,78.41999816894531,78.79000091552734,54.6373405456543,1819500
2016-08-15,ED,ED,78.0,78.2699966430664,76.08999633789062,76.23999786376953,53.322444915771484,3167700
2016-08-16,ED,ED,76.05999755859375,76.11000061035156,75.08000183105469,75.08000183105469,52.511146545410156,2199300
2016-08-17,ED,ED,75.0,76.44999694824219,74.08999633789062,76.37999725341797,53.42036056518555,2404900
2016-08-18,ED,ED,76.16999816894531,77.51000213623047,76.16999816894531,77.37999725341797,54.119773864746094,2718600
2016-08-19,ED,ED,77.04000091552734,77.08000183105469,75.93000030517578,76.5,53.50429916381836,1860600
2016-08-22,ED,ED,76.7699966430664,77.13999938964844,76.47000122070312,76.75,53.67914581298828,931100
2016-08-23,ED,ED,76.69000244140625,77.19000244140625,76.45999908447266,76.45999908447266,53.47629928588867,814900
2016-08-24,ED,ED,76.2300033569336,76.5,75.62999725341797,76.31999969482422,53.37840270996094,1290700
2016-08-25,ED,ED,76.4000015258789,76.88999938964844,76.12999725341797,76.44999694824219,53.469329833984375,1221900
2016-08-26,ED,ED,76.5,76.93000030517578,74.69000244140625,74.7699966430664,52.294334411621094,1126800
2016-08-29,ED,ED,75.11000061035156,75.66000366210938,74.87000274658203,75.25,52.63003921508789,1857400
2016-08-30,ED,ED,75.06999969482422,75.56999969482422,74.55999755859375,74.5999984741211,52.17544174194336,1218400
2016-08-31,ED,ED,74.68000030517578,75.27999877929688,74.30999755859375,75.25,52.63003921508789,2252000
2016-09-01,ED,ED,75.1500015258789,75.25,74.70999908447266,74.87999725341797,52.37126159667969,1023600
2016-09-02,ED,ED,74.88999938964844,75.9000015258789,74.66000366210938,75.55000305175781,52.83986282348633,1625900
2016-09-06,ED,ED,75.58000183105469,76.44999694824219,75.55999755859375,76.27999877929688,53.35041809082031,1160700
2016-09-07,ED,ED,76.19999694824219,76.29000091552734,75.66999816894531,76.01000213623047,53.16159439086914,1171300
2016-09-08,ED,ED,75.80999755859375,76.2699966430664,75.45999908447266,75.87000274658203,53.06367111206055,1484800
2016-09-09,ED,ED,74.87999725341797,75.23999786376953,72.93000030517578,72.94999694824219,51.02141189575195,3302900
2016-09-12,ED,ED,73.0,74.63999938964844,73.0,74.44999694824219,52.07051467895508,2496700
2016-09-13,ED,ED,74.4800033569336,74.48999786376953,73.0999984741211,73.2300033569336,51.21723937988281,1658500
2016-09-14,ED,ED,73.94999694824219,74.63999938964844,73.61000061035156,74.12999725341797,51.846717834472656,2025400
2016-09-15,ED,ED,74.16000366210938,74.72000122070312,73.79000091552734,74.55999755859375,52.147464752197266,1404100
2016-09-16,ED,ED,74.41000366210938,75.37000274658203,74.19999694824219,75.30999755859375,52.6719970703125,2897800
2016-09-19,ED,ED,75.30000305175781,76.44999694824219,75.30000305175781,76.4000015258789,53.43436050415039,1755200
2016-09-20,ED,ED,76.62999725341797,76.83000183105469,76.36000061035156,76.54000091552734,53.53226089477539,2458400
2016-09-21,ED,ED,76.45999908447266,78.08999633789062,76.36000061035156,78.05999755859375,54.59537124633789,2023500
2016-09-22,ED,ED,78.36000061035156,79.0,78.25,78.8499984741211,55.147884368896484,1928000
2016-09-23,ED,ED,78.5999984741211,79.0199966430664,78.25,78.68000030517578,55.02900314331055,1239100
2016-09-26,ED,ED,78.70999908447266,78.98999786376953,78.30999755859375,78.66000366210938,55.0150146484375,1526100
2016-09-27,ED,ED,79.1500015258789,79.54000091552734,77.72000122070312,77.8499984741211,54.448486328125,1679900
2016-09-28,ED,ED,77.91999816894531,78.04000091552734,76.77999877929688,77.16999816894531,53.972900390625,1719300
2016-09-29,ED,ED,76.91000366210938,76.95999908447266,75.9800033569336,76.52999877929688,53.52528381347656,1639700
2016-09-30,ED,ED,76.79000091552734,77.11000061035156,74.79000091552734,75.30000305175781,52.66499710083008,2978900
2016-10-03,ED,ED,75.1500015258789,75.20999908447266,73.91000366210938,74.23999786376953,51.92366027832031,1937300
2016-10-04,ED,ED,74.12000274658203,74.12000274658203,72.38999938964844,72.7699966430664,50.895530700683594,2553600
2016-10-05,ED,ED,72.81999969482422,73.41000366210938,72.13999938964844,72.5,50.70668029785156,2341900
2016-10-06,ED,ED,72.25,72.83000183105469,71.77999877929688,72.33000183105469,50.58778381347656,2003400
2016-10-07,ED,ED,72.80000305175781,73.55999755859375,72.02999877929688,72.02999877929688,50.37797164916992,2096600
2016-10-10,ED,ED,71.98999786376953,72.5199966430664,71.69000244140625,72.19999694824219,50.49687576293945,1340100
2016-10-11,ED,ED,71.91000366210938,72.33000183105469,71.3499984741211,71.66000366210938,50.11919021606445,2069900
2016-10-12,ED,ED,71.76000213623047,72.30000305175781,71.66999816894531,72.06999969482422,50.405948638916016,1675900
2016-10-13,ED,ED,72.2300033569336,73.5999984741211,72.0999984741211,72.94000244140625,51.014434814453125,1583400
2016-10-14,ED,ED,72.6500015258789,73.37999725341797,72.16000366210938,72.48999786376953,50.69968795776367,1288200
2016-10-17,ED,ED,72.7300033569336,73.12000274658203,72.66999816894531,73.0,51.0563850402832,1164500
2016-10-18,ED,ED,73.41999816894531,73.68000030517578,72.38999938964844,73.23999786376953,51.22425842285156,1670300
2016-10-19,ED,ED,73.26000213623047,73.79000091552734,72.9000015258789,73.44000244140625,51.364131927490234,1486900
2016-10-20,ED,ED,73.52999877929688,74.25,73.33999633789062,73.62000274658203,51.490028381347656,989400
2016-10-21,ED,ED,73.22000122070312,73.55000305175781,72.93000030517578,73.16999816894531,51.175289154052734,1054100
2016-10-24,ED,ED,73.61000061035156,73.72000122070312,72.72000122070312,73.16999816894531,51.175289154052734,1268400
2016-10-25,ED,ED,73.12000274658203,73.7300033569336,72.94999694824219,73.6500015258789,51.51100158691406,1273500
2016-10-26,ED,ED,73.56999969482422,74.0,73.27999877929688,73.87999725341797,51.671852111816406,965600
2016-10-27,ED,ED,73.56999969482422,73.91999816894531,73.01000213623047,73.47000122070312,51.38511657714844,1256300
2016-10-28,ED,ED,73.61000061035156,74.25,73.51000213623047,73.98999786376953,51.74879837036133,1108900
2016-10-31,ED,ED,74.22000122070312,76.02999877929688,74.05999755859375,75.55000305175781,52.83986282348633,2506900
2016-11-01,ED,ED,75.4800033569336,75.4800033569336,73.88999938964844,74.05000305175781,51.79076385498047,1635300
2016-11-02,ED,ED,74.02999877929688,74.13999938964844,72.95999908447266,73.81999969482422,51.6298942565918,1870100
2016-11-03,ED,ED,73.62000274658203,74.27999877929688,73.25,73.87000274658203,51.66486740112305,1517000
2016-11-04,ED,ED,75.2699966430664,75.41000366210938,73.61000061035156,73.75,51.580928802490234,1841700
2016-11-07,ED,ED,73.94000244140625,74.55000305175781,72.87999725341797,74.54000091552734,52.13347244262695,1728700
2016-11-08,ED,ED,74.72000122070312,75.62000274658203,74.61000061035156,75.33000183105469,52.68600082397461,1361400
2016-11-09,ED,ED,72.94999694824219,73.41000366210938,72.1500015258789,72.26000213623047,50.53882598876953,2983300
2016-11-10,ED,ED,72.05000305175781,72.05000305175781,68.98999786376953,70.69000244140625,49.440773010253906,3992800
2016-11-11,ED,ED,70.69000244140625,71.62000274658203,70.2699966430664,70.48999786376953,49.30088806152344,2107000
2016-11-14,ED,ED,69.3499984741211,69.81999969482422,68.76000213623047,69.55000305175781,49.1102294921875,2446400
2016-11-15,ED,ED,69.91999816894531,71.02999877929688,69.91000366210938,70.56999969482422,49.830474853515625,2560900
2016-11-16,ED,ED,70.83000183105469,71.0,69.4000015258789,69.83999633789062,49.31501007080078,1722600
2016-11-17,ED,ED,69.61000061035156,70.41000366210938,69.58000183105469,70.04000091552734,49.45622634887695,1152700
2016-11-18,ED,ED,69.98999786376953,70.33000183105469,69.26000213623047,69.52999877929688,49.09611892700195,1777200
2016-11-21,ED,ED,69.76000213623047,70.1500015258789,69.44999694824219,70.0999984741211,49.49860763549805,1612800
2016-11-22,ED,ED,70.2300033569336,70.56999969482422,69.63999938964844,70.31999969482422,49.6539421081543,1396300
2016-11-23,ED,ED,69.77999877929688,70.37000274658203,69.41999816894531,69.55000305175781,49.1102294921875,1388900
2016-11-25,ED,ED,69.9000015258789,70.9000015258789,69.75,70.66000366210938,49.89402770996094,930200
2016-11-28,ED,ED,70.77999877929688,72.7300033569336,70.77999877929688,72.6500015258789,51.299198150634766,2065800
2016-11-29,ED,ED,72.43000030517578,73.22000122070312,72.37000274658203,72.6500015258789,51.299198150634766,1988300
2016-11-30,ED,ED,71.66999816894531,71.77999877929688,69.75,69.7699966430664,49.26557922363281,3847100
2016-12-01,ED,ED,69.30999755859375,69.79000091552734,69.11000061035156,69.47000122070312,49.05375671386719,1959300
2016-12-02,ED,ED,70.08999633789062,70.55000305175781,69.27999877929688,69.69000244140625,49.2091064453125,1551100
2016-12-05,ED,ED,69.30999755859375,69.76000213623047,68.8499984741211,69.72000122070312,49.23027420043945,2048400
2016-12-06,ED,ED,69.97000122070312,69.98999786376953,69.05999755859375,69.1500015258789,48.82780075073242,1446200
2016-12-07,ED,ED,69.37999725341797,70.41999816894531,69.37999725341797,70.41000366210938,49.71750259399414,1416900
2016-12-08,ED,ED,69.88999938964844,70.70999908447266,69.33000183105469,70.58000183105469,49.83753204345703,1269400
2016-12-09,ED,ED,70.66000366210938,71.5199966430664,70.4000015258789,71.44000244140625,50.444793701171875,1775800
2016-12-12,ED,ED,71.37000274658203,72.98999786376953,71.2699966430664,72.81999969482422,51.41922378540039,1787900
2016-12-13,ED,ED,72.87000274658203,73.52999877929688,72.7699966430664,73.27999877929688,51.744049072265625,2068300
2016-12-14,ED,ED,73.44000244140625,73.91000366210938,71.05000305175781,71.20999908447266,50.28238296508789,2129400
2016-12-15,ED,ED,71.1500015258789,71.8499984741211,70.75,71.75,50.66368865966797,1658000
2016-12-16,ED,ED,71.79000091552734,73.36000061035156,71.79000091552734,72.68000030517578,51.32037353515625,3048400
2016-12-19,ED,ED,73.02999877929688,73.45999908447266,72.55000305175781,73.04000091552734,51.574588775634766,1151900
2016-12-20,ED,ED,73.0199966430664,73.87000274658203,72.76000213623047,73.44000244140625,51.857032775878906,1626500
2016-12-21,ED,ED,73.44000244140625,73.86000061035156,73.0999984741211,73.12000274658203,51.63108444213867,729400
2016-12-22,ED,ED,73.11000061035156,73.63999938964844,72.80000305175781,73.5,51.899391174316406,1187300
2016-12-23,ED,ED,73.6500015258789,73.81999969482422,73.29000091552734,73.62999725341797,51.991180419921875,482600
2016-12-27,ED,ED,73.51000213623047,73.93000030517578,73.26000213623047,73.75,52.07590866088867,724100
2016-12-28,ED,ED,73.72000122070312,73.72000122070312,72.94000244140625,73.06999969482422,51.59574890136719,873400
2016-12-29,ED,ED,73.16000366210938,74.13999938964844,73.1500015258789,74.06999969482422,52.30187225341797,1111400
2016-12-30,ED,ED,74.08000183105469,74.30000305175781,73.41000366210938,73.68000030517578,52.0264778137207,1139000
2017-01-03,ED,ED,73.72000122070312,73.73999786376953,72.73999786376953,73.62999725341797,51.991180419921875,1699600
2017-01-04,ED,ED,73.72000122070312,74.19999694824219,73.30000305175781,73.55999755859375,51.94173812866211,1259600
2017-01-05,ED,ED,73.54000091552734,73.98999786376953,72.97000122070312,73.72000122070312,52.054725646972656,1802900
2017-01-06,ED,ED,73.29000091552734,74.0199966430664,73.16999816894531,73.94000244140625,52.2100944519043,914600
2017-01-09,ED,ED,74.0999984741211,74.0999984741211,72.70999908447266,72.76000213623047,51.37687683105469,1479300
2017-01-10,ED,ED,72.62999725341797,72.81999969482422,72.13999938964844,72.63999938964844,51.2921257019043,1124200
2017-01-11,ED,ED,72.62999725341797,73.16999816894531,72.41000366210938,73.02999877929688,51.56752395629883,1288800
2017-01-12,ED,ED,73.01000213623047,73.73999786376953,72.5,73.62000274658203,51.984134674072266,1493100
2017-01-13,ED,ED,73.44000244140625,73.6500015258789,73.04000091552734,73.5999984741211,51.97000503540039,1179900
2017-01-17,ED,ED,73.88999938964844,74.63999938964844,73.66999816894531,74.5999984741211,52.676124572753906,1601900
2017-01-18,ED,ED,74.27999877929688,74.83000183105469,74.12000274658203,74.43000030517578,52.556087493896484,1455500
2017-01-19,ED,ED,73.94999694824219,74.1500015258789,73.26000213623047,73.48999786376953,51.892311096191406,1395500
2017-01-20,ED,ED,73.41000366210938,73.80000305175781,72.79000091552734,73.08000183105469,51.60281753540039,2034800
2017-01-23,ED,ED,73.2699966430664,73.52999877929688,72.69999694824219,72.95999908447266,51.518089294433594,1527100
2017-01-24,ED,ED,72.81999969482422,73.11000061035156,72.54000091552734,72.79000091552734,51.39805221557617,1544100
2017-01-25,ED,ED,72.5199966430664,72.7699966430664,72.12999725341797,72.73999786376953,51.362728118896484,1990900
2017-01-26,ED,ED,72.51000213623047,73.5199966430664,72.51000213623047,73.0199966430664,51.560455322265625,1451300
2017-01-27,ED,ED,73.29000091552734,73.51000213623047,72.91999816894531,73.12000274658203,51.63108444213867,1488300
2017-01-30,ED,ED,73.33999633789062,73.55999755859375,72.80999755859375,73.26000213623047,51.72994613647461,1595100
2017-01-31,ED,ED,73.44000244140625,74.55000305175781,73.33999633789062,74.3499984741211,52.49959182739258,2991000
2017-02-01,ED,ED,73.81999969482422,74.0199966430664,73.05000305175781,73.33000183105469,51.77934265136719,1766300
2017-02-02,ED,ED,73.47000122070312,74.5,73.16999816894531,74.47000122070312,52.584320068359375,1488000
2017-02-03,ED,ED,74.5,74.69999694824219,73.94000244140625,74.19999694824219,52.3936767578125,2302100
2017-02-06,ED,ED,74.55000305175781,74.73999786376953,74.05000305175781,74.30000305175781,52.46428298950195,1758300
2017-02-07,ED,ED,74.30999755859375,74.5999984741211,74.16999816894531,74.51000213623047,52.612571716308594,831900
2017-02-08,ED,ED,74.62000274658203,75.30999755859375,74.62000274658203,75.25,53.13508224487305,1121600
2017-02-09,ED,ED,75.12999725341797,75.44000244140625,74.26000213623047,74.38999938964844,52.5278434753418,1801900
2017-02-10,ED,ED,74.29000091552734,74.95999908447266,74.18000030517578,74.75,52.782039642333984,1321700
2017-02-13,ED,ED,74.29000091552734,74.4800033569336,73.63999938964844,74.3499984741211,52.988712310791016,1695200
2017-02-14,ED,ED,74.13999938964844,74.30000305175781,73.38999938964844,73.69000244140625,52.51833724975586,1254300
2017-02-15,ED,ED,73.20999908447266,73.76000213623047,72.94000244140625,73.69999694824219,52.52546691894531,1616700
2017-02-16,ED,ED,73.68000030517578,74.48999786376953,73.52999877929688,74.29000091552734,52.94594192504883,2953000
2017-02-17,ED,ED,74.08000183105469,74.08000183105469,72.62999725341797,73.5,52.38292694091797,2768800
2017-02-21,ED,ED,73.5,74.68000030517578,73.22000122070312,74.5199966430664,53.10987091064453,1854700
2017-02-22,ED,ED,74.5199966430664,75.08999633789062,74.19999694824219,75.01000213623047,53.45907974243164,2410800
2017-02-23,ED,ED,75.29000091552734,75.98999786376953,75.06999969482422,75.91000366210938,54.10049819946289,1438000
2017-02-24,ED,ED,76.25,76.76000213623047,76.06999969482422,76.61000061035156,54.59940719604492,1609700
2017-02-27,ED,ED,76.61000061035156,76.70999908447266,76.19000244140625,76.47000122070312,54.49961853027344,1239000
2017-02-28,ED,ED,76.29000091552734,77.23999786376953,76.26000213623047,77.04000091552734,54.905860900878906,1727500
2017-03-01,ED,ED,75.91000366210938,76.91000366210938,75.58999633789062,76.18000030517578,54.292938232421875,1780800
2017-03-02,ED,ED,75.97000122070312,77.5,75.79000091552734,77.19000244140625,55.01276779174805,2164800
2017-03-03,ED,ED,77.30999755859375,77.30999755859375,76.19000244140625,76.66999816894531,54.642154693603516,1525700
2017-03-06,ED,ED,76.66999816894531,77.0199966430664,76.44000244140625,76.63999938964844,54.62078857421875,1328500
2017-03-07,ED,ED,76.48999786376953,76.86000061035156,76.38999938964844,76.63999938964844,54.62078857421875,1088200
2017-03-08,ED,ED,76.05999755859375,76.08999633789062,75.41999816894531,75.51000213623047,53.815452575683594,1201600
2017-03-09,ED,ED,75.63999938964844,76.0,75.11000061035156,75.12999725341797,53.54461669921875,1776900
2017-03-10,ED,ED,75.5199966430664,76.0199966430664,75.37999725341797,75.9800033569336,54.15040588378906,1145100
2017-03-13,ED,ED,75.9800033569336,76.27999877929688,75.79000091552734,76.27999877929688,54.36421203613281,1414100
2017-03-14,ED,ED,76.23999786376953,76.56999969482422,76.02999877929688,76.41999816894531,54.4639892578125,1203100
2017-03-15,ED,ED,76.66999816894531,78.11000061035156,76.48999786376953,77.63999938964844,55.333465576171875,1547200
2017-03-16,ED,ED,77.33999633789062,77.62000274658203,76.19000244140625,76.31999969482422,54.392723083496094,1892200
2017-03-17,ED,ED,76.52999877929688,77.08999633789062,76.4000015258789,76.68000030517578,54.64928436279297,2989100
2017-03-20,ED,ED,76.88999938964844,77.05000305175781,75.94000244140625,76.08999633789062,54.22878646850586,1060900
2017-03-21,ED,ED,76.0999984741211,77.56999969482422,76.05000305175781,77.33999633789062,55.11967086791992,1603000
2017-03-22,ED,ED,77.6500015258789,78.36000061035156,77.51000213623047,78.11000061035156,55.66844940185547,2040300
2017-03-23,ED,ED,78.0,78.68000030517578,77.66000366210938,77.88999938964844,55.51164245605469,1270900
2017-03-24,ED,ED,77.88999938964844,78.66000366210938,77.76000213623047,78.41000366210938,55.88225555419922,1130200
2017-03-27,ED,ED,78.5199966430664,78.9800033569336,78.13999938964844,78.55000305175781,55.98201370239258,1783800
2017-03-28,ED,ED,78.33000183105469,78.62999725341797,78.11000061035156,78.52999877929688,55.96776580810547,1241400
2017-03-29,ED,ED,78.2699966430664,78.4800033569336,77.75,78.18000030517578,55.718318939208984,1260800
2017-03-30,ED,ED,77.98999786376953,78.0,77.44000244140625,77.73999786376953,55.40473556518555,827100
2017-03-31,ED,ED,77.62000274658203,78.08000183105469,77.29000091552734,77.66000366210938,55.347721099853516,1300400
2017-04-03,ED,ED,77.75,77.83000183105469,77.13999938964844,77.83000183105469,55.4688835144043,2192100
2017-04-04,ED,ED,77.69999694824219,78.27999877929688,77.5,77.95999908447266,55.56155014038086,1130200
2017-04-05,ED,ED,77.86000061035156,78.61000061035156,77.58999633789062,78.52999877929688,55.96776580810547,1291300
2017-04-06,ED,ED,78.37000274658203,78.5,77.9800033569336,78.33000183105469,55.825233459472656,1010500
2017-04-07,ED,ED,78.69000244140625,78.76000213623047,77.80000305175781,77.81999969482422,55.46175765991211,1988500
2017-04-10,ED,ED,77.87000274658203,78.1500015258789,77.54000091552734,78.01000213623047,55.59716796875,932900
2017-04-11,ED,ED,77.87000274658203,78.08999633789062,77.30999755859375,77.9000015258789,55.51877212524414,1733100
2017-04-12,ED,ED,77.62999725341797,78.58999633789062,77.44000244140625,78.58000183105469,56.0034065246582,2095600
2017-04-13,ED,ED,78.4800033569336,78.81999969482422,77.94999694824219,78.52999877929688,55.96776580810547,1578800
2017-04-17,ED,ED,78.61000061035156,78.87000274658203,78.47000122070312,78.87000274658203,56.210086822509766,1307300
2017-04-18,ED,ED,78.88999938964844,79.29000091552734,78.66000366210938,79.08999633789062,56.36687088012695,1549000
2017-04-19,ED,ED,78.88999938964844,79.06999969482422,78.56999969482422,78.77999877929688,56.14593505859375,1700200
2017-04-20,ED,ED,78.77999877929688,78.77999877929688,77.80000305175781,78.27999877929688,55.78958511352539,1836400
2017-04-21,ED,ED,78.23999786376953,79.2699966430664,78.22000122070312,79.08999633789062,56.36687088012695,2137300
2017-04-24,ED,ED,79.13999938964844,79.5,78.56999969482422,79.4000015258789,56.58781814575195,1744600
2017-04-25,ED,ED,79.0,79.4800033569336,78.87000274658203,79.4000015258789,56.58781814575195,1146000
2017-04-26,ED,ED,79.31999969482422,79.70999908447266,79.08999633789062,79.13999938964844,56.402523040771484,1099000
2017-04-27,ED,ED,79.16999816894531,80.0999984741211,79.0199966430664,79.58000183105469,56.71611404418945,1495300
2017-04-28,ED,ED,79.38999938964844,79.58000183105469,78.9800033569336,79.27999877929688,56.502281188964844,2890300
2017-05-01,ED,ED,79.30000305175781,79.44999694824219,78.7699966430664,78.8499984741211,56.19582748413086,1284300
2017-05-02,ED,ED,79.02999877929688,79.33000183105469,78.7699966430664,79.26000213623047,56.488033294677734,1386700
2017-05-03,ED,ED,79.25,79.3499984741211,78.70999908447266,78.76000213623047,56.13168716430664,1495800
2017-05-04,ED,ED,78.45999908447266,79.08999633789062,78.41999816894531,78.87999725341797,56.21720886230469,1598400
2017-05-05,ED,ED,79.43000030517578,80.20999908447266,79.01000213623047,79.80999755859375,56.880008697509766,1650300
2017-05-08,ED,ED,79.27999877929688,79.77999877929688,79.08000183105469,79.38999938964844,56.5806884765625,1168700
2017-05-09,ED,ED,79.27999877929688,79.37000274658203,78.69000244140625,78.80999755859375,56.167320251464844,1472400
2017-05-10,ED,ED,78.94999694824219,79.36000061035156,78.79000091552734,79.04000091552734,56.33125305175781,1489200
2017-05-11,ED,ED,79.0,79.47000122070312,78.72000122070312,79.45999908447266,56.63057327270508,1337800
2017-05-12,ED,ED,79.66000366210938,80.08000183105469,79.51000213623047,79.9000015258789,56.944175720214844,1282900
2017-05-15,ED,ED,79.36000061035156,79.69000244140625,79.06999969482422,79.61000061035156,57.23173141479492,1506700
2017-05-16,ED,ED,79.63999938964844,79.7300033569336,79.12999725341797,79.13999938964844,56.89384460449219,1288600
2017-05-17,ED,ED,79.13999938964844,79.87000274658203,78.95999908447266,79.36000061035156,57.05199432373047,1748100
2017-05-18,ED,ED,79.45999908447266,80.08999633789062,79.02999877929688,79.91999816894531,57.454566955566406,1613500
2017-05-19,ED,ED,80.0,80.37999725341797,79.52999877929688,80.37000274658203,57.778099060058594,1337900
2017-05-22,ED,ED,80.0999984741211,81.16999816894531,80.0999984741211,80.94999694824219,58.1950569152832,1366300
2017-05-23,ED,ED,81.0,81.62000274658203,80.91999816894531,81.30999755859375,58.453826904296875,1788800
2017-05-24,ED,ED,81.27999877929688,81.61000061035156,81.18000030517578,81.44999694824219,58.55450439453125,1626900
2017-05-25,ED,ED,81.58000183105469,82.16000366210938,81.30999755859375,82.04000091552734,58.978660583496094,1341800
2017-05-26,ED,ED,82.0999984741211,82.4000015258789,81.8499984741211,82.0999984741211,59.02178955078125,1123200
2017-05-30,ED,ED,82.04000091552734,82.38999938964844,81.87000274658203,82.19999694824219,59.093658447265625,1173700
2017-05-31,ED,ED,82.30999755859375,83.25,82.22000122070312,82.79000091552734,59.517818450927734,1924600
2017-06-01,ED,ED,82.7699966430664,83.44999694824219,82.48999786376953,83.43000030517578,59.97791290283203,1467000
2017-06-02,ED,ED,83.88999938964844,83.98999786376953,83.26000213623047,83.52999877929688,60.04981231689453,918800
2017-06-05,ED,ED,83.38999938964844,83.48999786376953,83.0199966430664,83.05000305175781,59.70475387573242,855600
2017-06-06,ED,ED,83.25,83.33000183105469,82.70999908447266,82.9000015258789,59.596900939941406,1173700
2017-06-07,ED,ED,83.13999938964844,83.94999694824219,82.86000061035156,83.76000213623047,60.215179443359375,1599800
2017-06-08,ED,ED,83.76000213623047,83.76000213623047,82.4800033569336,83.04000091552734,59.697566986083984,1617300
2017-06-09,ED,ED,82.69999694824219,83.3499984741211,82.63999938964844,83.25,59.84851837158203,1412600
2017-06-12,ED,ED,83.25,83.73999786376953,82.62999725341797,83.30000305175781,59.884464263916016,1546100
2017-06-13,ED,ED,82.83999633789062,83.08000183105469,82.51000213623047,82.87999725341797,59.58253479003906,1687300
2017-06-14,ED,ED,83.55999755859375,83.9800033569336,83.23999786376953,83.58999633789062,60.092933654785156,1312100
2017-06-15,ED,ED,83.75,84.26000213623047,83.06999969482422,84.26000213623047,60.574615478515625,1907800
2017-06-16,ED,ED,84.5,85.04000091552734,84.3499984741211,84.8499984741211,60.998756408691406,2975700
2017-06-19,ED,ED,84.72000122070312,84.76000213623047,84.30000305175781,84.75,60.9268684387207,1687200
2017-06-20,ED,ED,84.80000305175781,85.12999725341797,84.72000122070312,84.95999908447266,61.077842712402344,1283000
2017-06-21,ED,ED,85.04000091552734,85.12999725341797,84.3499984741211,84.6500015258789,60.8549690246582,1135000
2017-06-22,ED,ED,84.47000122070312,84.86000061035156,84.16000366210938,84.19999694824219,60.531471252441406,1154600
2017-06-23,ED,ED,84.13999938964844,84.55000305175781,83.7300033569336,83.83999633789062,60.272647857666016,1347100
2017-06-26,ED,ED,83.91000366210938,84.58000183105469,83.7300033569336,84.04000091552734,60.416465759277344,1387900
2017-06-27,ED,ED,83.55999755859375,83.77999877929688,82.5199966430664,82.66999816894531,59.43156051635742,1566000
2017-06-28,ED,ED,83.01000213623047,83.05999755859375,81.80999755859375,81.81999969482422,58.82048034667969,1627100
2017-06-29,ED,ED,81.19999694824219,81.47000122070312,80.66999816894531,80.83000183105469,58.108795166015625,2111700
2017-06-30,ED,ED,80.95999908447266,81.3499984741211,80.80000305175781,80.81999969482422,58.101600646972656,1943400
2017-07-03,ED,ED,81.13999938964844,81.27999877929688,80.56999969482422,80.56999969482422,57.9218864440918,929600
2017-07-05,ED,ED,80.5999984741211,80.72000122070312,80.16999816894531,80.47000122070312,57.84999084472656,1551500
2017-07-06,ED,ED,80.36000061035156,80.5999984741211,80.04000091552734,80.38999938964844,57.79244613647461,1200200
2017-07-07,ED,ED,80.5199966430664,80.9000015258789,80.27999877929688,80.52999877929688,57.89311599731445,1345700
2017-07-10,ED,ED,80.61000061035156,80.91999816894531,80.37000274658203,80.37000274658203,57.778099060058594,1314300
2017-07-11,ED,ED,80.51000213623047,80.6500015258789,80.04000091552734,80.41000366210938,57.80683517456055,1060000
2017-07-12,ED,ED,80.9800033569336,81.22000122070312,80.81999969482422,81.11000061035156,58.31006622314453,1233400
2017-07-13,ED,ED,80.9000015258789,81.0199966430664,80.30999755859375,80.33000183105469,57.749332427978516,1512200
2017-07-14,ED,ED,80.9000015258789,81.22000122070312,80.5999984741211,80.7300033569336,58.03690719604492,837100
2017-07-17,ED,ED,80.80999755859375,81.12000274658203,80.48999786376953,81.11000061035156,58.31006622314453,885500
2017-07-18,ED,ED,81.18000030517578,81.41000366210938,81.04000091552734,81.20999908447266,58.38196563720703,1104300
2017-07-19,ED,ED,81.47000122070312,81.75,81.08999633789062,81.75,58.77019119262695,988100
2017-07-20,ED,ED,82.0,82.41999816894531,81.68000030517578,82.41000366210938,59.244667053222656,969500
2017-07-21,ED,ED,82.41999816894531,82.9800033569336,82.23999786376953,82.93000030517578,59.61846923828125,1628600
2017-07-24,ED,ED,82.91000366210938,82.9800033569336,81.81999969482422,82.13999938964844,59.0505485534668,1601600
2017-07-25,ED,ED,82.12999725341797,82.18000030517578,81.23999786376953,81.51000213623047,58.59763717651367,1326200
2017-07-26,ED,ED,81.4000015258789,82.11000061035156,81.23999786376953,82.11000061035156,59.028987884521484,1294300
2017-07-27,ED,ED,81.94000244140625,82.30000305175781,81.55000305175781,82.29000091552734,59.15836715698242,1653700
2017-07-28,ED,ED,82.2699966430664,82.48999786376953,81.7699966430664,82.37999725341797,59.22306823730469,2203700
2017-07-31,ED,ED,82.41000366210938,82.95999908447266,82.1500015258789,82.86000061035156,59.56816101074219,2909000
2017-08-01,ED,ED,82.94000244140625,83.08999633789062,82.37000274658203,82.73999786376953,59.481895446777344,1694300
2017-08-02,ED,ED,82.44000244140625,82.83000183105469,82.1500015258789,82.69999694824219,59.4531135559082,1804300
2017-08-03,ED,ED,82.51000213623047,83.12000274658203,82.43000030517578,83.12000274658203,59.755069732666016,2194400
2017-08-04,ED,ED,82.3499984741211,83.62000274658203,82.3499984741211,82.80000305175781,59.525020599365234,1396100
2017-08-07,ED,ED,82.80999755859375,83.5,82.63999938964844,83.5,60.02824783325195,1267200
2017-08-08,ED,ED,83.38999938964844,84.12000274658203,83.30000305175781,84.05999755859375,60.43083572387695,1386400
2017-08-09,ED,ED,83.44999694824219,84.16000366210938,83.13999938964844,83.26000213623047,59.8557243347168,2978300
2017-08-10,ED,ED,83.31999969482422,83.8499984741211,82.81999969482422,83.63999938964844,60.128883361816406,1430500
2017-08-11,ED,ED,83.68000030517578,83.83000183105469,82.51000213623047,82.87000274658203,59.57533645629883,1546900
2017-08-14,ED,ED,82.33999633789062,82.77999877929688,82.04000091552734,82.55000305175781,59.84358596801758,1566400
2017-08-15,ED,ED,82.19000244140625,83.18000030517578,82.19000244140625,83.05000305175781,60.2060432434082,1047700
2017-08-16,ED,ED,83.06999969482422,83.52999877929688,82.93000030517578,83.44000244140625,60.488765716552734,872600
2017-08-17,ED,ED,83.45999908447266,83.6500015258789,82.91000366210938,83.0199966430664,60.18428421020508,1044700
2017-08-18,ED,ED,82.95999908447266,84.06999969482422,82.73999786376953,83.52999877929688,60.55401611328125,2024000
2017-08-21,ED,ED,83.69000244140625,83.93000030517578,83.30999755859375,83.75,60.71349334716797,937300
2017-08-22,ED,ED,83.76000213623047,83.93000030517578,83.30999755859375,83.93000030517578,60.84397888183594,1084900
2017-08-23,ED,ED,83.97000122070312,84.29000091552734,83.63999938964844,84.26000213623047,61.083221435546875,825900
2017-08-24,ED,ED,84.23999786376953,84.54000091552734,84.02999877929688,84.2300033569336,61.06145477294922,845800
2017-08-25,ED,ED,84.44000244140625,84.87000274658203,84.30000305175781,84.4800033569336,61.24270248413086,778600
2017-08-28,ED,ED,84.66000366210938,84.76000213623047,84.25,84.58999633789062,61.322444915771484,825300
2017-08-29,ED,ED,84.79000091552734,84.91999816894531,84.37000274658203,84.41999816894531,61.1992073059082,1070900
2017-08-30,ED,ED,84.31999969482422,84.36000061035156,83.98999786376953,84.08000183105469,60.952728271484375,708900
2017-08-31,ED,ED,84.08000183105469,84.37999725341797,83.87000274658203,84.2699966430664,61.0904541015625,1328900
2017-09-01,ED,ED,84.44000244140625,84.48999786376953,83.76000213623047,83.98999786376953,60.887489318847656,853800
2017-09-05,ED,ED,84.12999725341797,84.41000366210938,83.9000015258789,84.37000274658203,61.16295623779297,1130100
2017-09-06,ED,ED,84.5199966430664,84.52999877929688,83.81999969482422,84.05000305175781,60.93098449707031,1414900
2017-09-07,ED,ED,84.27999877929688,84.8499984741211,84.04000091552734,84.73999786376953,61.43117141723633,1658200
2017-09-08,ED,ED,84.73999786376953,85.68000030517578,84.55999755859375,85.52999877929688,62.003883361816406,1505500
2017-09-11,ED,ED,85.44999694824219,86.16000366210938,85.22000122070312,86.05000305175781,62.380828857421875,1109800
2017-09-12,ED,ED,86.0,86.01000213623047,83.91000366210938,84.20999908447266,61.046958923339844,1614000
2017-09-13,ED,ED,84.16000366210938,84.27999877929688,83.7300033569336,83.76000213623047,60.72073745727539,1424400
2017-09-14,ED,ED,83.69999694824219,84.51000213623047,83.44000244140625,84.51000213623047,61.26445770263672,1531300
2017-09-15,ED,ED,84.7300033569336,84.88999938964844,84.19999694824219,84.44000244140625,61.21369934082031,2472200
2017-09-18,ED,ED,84.54000091552734,84.55000305175781,82.93000030517578,83.56999969482422,60.583011627197266,1271300
2017-09-19,ED,ED,83.66999816894531,83.70999908447266,83.19999694824219,83.41000366210938,60.467010498046875,1305200
2017-09-20,ED,ED,83.5999984741211,83.7300033569336,82.29000091552734,82.5999984741211,59.87981414794922,1431700
2017-09-21,ED,ED,82.63999938964844,83.12999725341797,82.30000305175781,82.43000030517578,59.75657653808594,1086100
2017-09-22,ED,ED,82.75,82.75,81.58000183105469,81.58999633789062,59.147621154785156,1140700
2017-09-25,ED,ED,81.72000122070312,82.3499984741211,81.51000213623047,82.23999786376953,59.618839263916016,1354800
2017-09-26,ED,ED,81.19999694824219,82.13999938964844,81.19999694824219,81.83999633789062,59.328857421875,1505300
2017-09-27,ED,ED,81.30999755859375,81.6500015258789,80.16999816894531,80.62000274658203,58.44444274902344,1496900
2017-09-28,ED,ED,80.44999694824219,80.9800033569336,80.0199966430664,80.70999908447266,58.50969314575195,1619500
2017-09-29,ED,ED,80.68000030517578,80.88999938964844,80.27999877929688,80.68000030517578,58.48794174194336,1848500
2017-10-02,ED,ED,80.88999938964844,81.66999816894531,80.63999938964844,81.11000061035156,58.79966354370117,1973700
2017-10-03,ED,ED,81.04000091552734,81.05999755859375,80.26000213623047,80.9000015258789,58.64744567871094,1181100
2017-10-04,ED,ED,80.97000122070312,81.79000091552734,80.62000274658203,81.77999877929688,59.28537368774414,1136700
2017-10-05,ED,ED,81.79000091552734,81.93000030517578,81.33000183105469,81.7699966430664,59.27811813354492,1444600
2017-10-06,ED,ED,81.33000183105469,81.75,81.08999633789062,81.55999755859375,59.12589645385742,1095700
2017-10-09,ED,ED,81.66000366210938,81.91000366210938,81.41999816894531,81.48999786376953,59.07512283325195,1224300
2017-10-10,ED,ED,81.55000305175781,82.41000366210938,81.4000015258789,82.4000015258789,59.73482894897461,1557100
2017-10-11,ED,ED,82.19999694824219,83.12999725341797,82.19999694824219,82.83999633789062,60.05379104614258,1352500
2017-10-12,ED,ED,82.80000305175781,83.56999969482422,82.80000305175781,83.52999877929688,60.55401611328125,1227900
2017-10-13,ED,ED,83.76000213623047,84.08999633789062,82.93000030517578,83.08000183105469,60.22777557373047,1558500
2017-10-16,ED,ED,83.0199966430664,83.37999725341797,82.27999877929688,82.8499984741211,60.06105041503906,1582800
2017-10-17,ED,ED,83.0199966430664,83.6500015258789,82.66000366210938,83.55999755859375,60.575740814208984,1144400
2017-10-18,ED,ED,83.38999938964844,83.88999938964844,82.97000122070312,83.77999877929688,60.73521041870117,1530700
2017-10-19,ED,ED,83.91000366210938,84.86000061035156,83.76000213623047,84.83999633789062,61.503665924072266,1320800
2017-10-20,ED,ED,84.58999633789062,85.08000183105469,84.5,84.86000061035156,61.51818084716797,1358200
2017-10-23,ED,ED,84.87000274658203,85.18000030517578,84.52999877929688,85.0999984741211,61.6921501159668,1611100
2017-10-24,ED,ED,85.48999786376953,85.79000091552734,85.13999938964844,85.76000213623047,62.170616149902344,1950200
2017-10-25,ED,ED,85.33000183105469,85.44000244140625,84.23999786376953,85.33000183105469,61.8588752746582,1637300
2017-10-26,ED,ED,85.73999786376953,86.12000274658203,85.19999694824219,85.5,61.98213195800781,1354900
2017-10-27,ED,ED,85.30000305175781,86.33000183105469,85.27999877929688,85.91999816894531,62.286598205566406,1125200
2017-10-30,ED,ED,85.80000305175781,86.01000213623047,85.55000305175781,85.9000015258789,62.2720947265625,1490500
2017-10-31,ED,ED,85.80999755859375,86.19000244140625,85.69999694824219,86.05000305175781,62.380828857421875,1398500
2017-11-01,ED,ED,85.8499984741211,86.52999877929688,85.2699966430664,85.80000305175781,62.19963073730469,1305300
2017-11-02,ED,ED,86.04000091552734,86.81999969482422,85.7300033569336,86.80000305175781,62.92454528808594,1690100
2017-11-03,ED,ED,86.80000305175781,87.58000183105469,86.44000244140625,87.04000091552734,63.09854507446289,1629400
2017-11-06,ED,ED,87.0999984741211,87.23999786376953,86.2699966430664,86.31999969482422,62.576595306396484,1372600
2017-11-07,ED,ED,86.54000091552734,87.69999694824219,86.12000274658203,87.69000244140625,63.569759368896484,1487400
2017-11-08,ED,ED,87.58999633789062,88.08000183105469,87.23999786376953,87.86000061035156,63.69298553466797,1799400
2017-11-09,ED,ED,87.58000183105469,88.08000183105469,87.36000061035156,87.66000366210938,63.54798889160156,1134700
2017-11-10,ED,ED,87.16999816894531,87.43000030517578,86.81999969482422,87.19000244140625,63.2072868347168,1578200
2017-11-13,ED,ED,87.44000244140625,88.66000366210938,87.4000015258789,88.30999755859375,64.01920318603516,1370100
2017-11-14,ED,ED,87.5,89.01000213623047,87.33999633789062,88.95999908447266,64.99827575683594,1583900
2017-11-15,ED,ED,89.12000274658203,89.58000183105469,88.0,88.0199966430664,64.31146240234375,1311900
2017-11-16,ED,ED,88.06999969482422,88.12999725341797,87.16999816894531,87.36000061035156,63.82923126220703,2826300
2017-11-17,ED,ED,87.08000183105469,87.36000061035156,86.22000122070312,86.52999877929688,63.2227783203125,3068900
2017-11-20,ED,ED,86.66000366210938,86.98999786376953,85.86000061035156,86.0,62.835548400878906,2553500
2017-11-21,ED,ED,86.18000030517578,86.8499984741211,85.86000061035156,86.4800033569336,63.186275482177734,3014600
2017-11-22,ED,ED,86.58000183105469,86.69000244140625,86.27999877929688,86.66000366210938,63.317771911621094,1024500
2017-11-24,ED,ED,86.8499984741211,87.25,86.69999694824219,86.9000015258789,63.49312973022461,603900
2017-11-27,ED,ED,87.0,87.70999908447266,86.81999969482422,87.5,63.93151092529297,1140800
2017-11-28,ED,ED,87.81999969482422,88.13999938964844,87.66000366210938,87.9800033569336,64.28226470947266,1365300
2017-11-29,ED,ED,87.63999938964844,88.8499984741211,87.47000122070312,88.4000015258789,64.589111328125,1474300
2017-11-30,ED,ED,88.54000091552734,89.20999908447266,88.27999877929688,89.04000091552734,65.05673217773438,2608700
2017-12-01,ED,ED,89.33999633789062,89.56999969482422,88.30000305175781,88.81999969482422,64.8959732055664,1803800
2017-12-04,ED,ED,88.68000030517578,89.26000213623047,88.30000305175781,88.4800033569336,64.64755249023438,1374500
2017-12-05,ED,ED,88.66999816894531,88.66999816894531,87.30000305175781,88.0199966430664,64.31146240234375,2147100
2017-12-06,ED,ED,88.2300033569336,88.6500015258789,87.98999786376953,88.47000122070312,64.64026641845703,1088600
2017-12-07,ED,ED,88.52999877929688,88.52999877929688,87.93000030517578,88.48999786376953,64.65486145019531,1107500
2017-12-08,ED,ED,88.30000305175781,88.94999694824219,88.08000183105469,88.91999816894531,64.96904754638672,1628700
2017-12-11,ED,ED,88.77999877929688,89.69999694824219,88.47000122070312,89.66000366210938,65.50973510742188,1923900
2017-12-12,ED,ED,89.52999877929688,89.6500015258789,88.04000091552734,88.08999633789062,64.36257934570312,1729400
2017-12-13,ED,ED,88.45999908447266,88.80999755859375,87.69999694824219,87.9800033569336,64.28226470947266,2109300
2017-12-14,ED,ED,87.95999908447266,88.19000244140625,86.93000030517578,87.58999633789062,63.99726104736328,1596100
2017-12-15,ED,ED,87.83999633789062,88.62000274658203,87.79000091552734,88.23999786376953,64.47222137451172,3595300
2017-12-18,ED,ED,88.20999908447266,88.2699966430664,87.08000183105469,87.31999969482422,63.800025939941406,2190500
2017-12-19,ED,ED,87.33000183105469,87.45999908447266,85.5199966430664,85.55999755859375,62.51405715942383,1415000
2017-12-20,ED,ED,85.5,85.86000061035156,84.87000274658203,84.91000366210938,62.03914260864258,1244300
2017-12-21,ED,ED,84.69999694824219,85.18000030517578,84.3499984741211,84.79000091552734,61.95145797729492,1461300
2017-12-22,ED,ED,85.0,85.13999938964844,84.66999816894531,84.75,61.9222526550293,968700
2017-12-26,ED,ED,84.7699966430664,85.12000274658203,84.18000030517578,84.19999694824219,61.52039337158203,701400
2017-12-27,ED,ED,84.45999908447266,84.76000213623047,84.2699966430664,84.66000366210938,61.85649490356445,743300
2017-12-28,ED,ED,84.81999969482422,85.12000274658203,84.7300033569336,85.08999633789062,62.1706657409668,815400
2017-12-29,ED,ED,85.37000274658203,85.44999694824219,84.81999969482422,84.94999694824219,62.06836700439453,1346800
2018-01-02,ED,ED,84.75,84.94000244140625,83.2300033569336,83.58000183105469,61.06739044189453,1998200
2018-01-03,ED,ED,83.4000015258789,83.9800033569336,82.45999908447266,82.79000091552734,60.49018478393555,1884300
2018-01-04,ED,ED,82.66999816894531,82.81999969482422,81.5199966430664,81.81999969482422,59.781455993652344,2289700
2018-01-05,ED,ED,82.11000061035156,82.19999694824219,81.02999877929688,81.73999786376953,59.7230110168457,1748700
2018-01-08,ED,ED,81.87000274658203,82.91000366210938,81.58999633789062,82.88999938964844,60.563255310058594,1848100
2018-01-09,ED,ED,82.66999816894531,82.79000091552734,81.69000244140625,82.01000213623047,59.9202880859375,1712900
2018-01-10,ED,ED,81.51000213623047,81.77999877929688,80.70999908447266,80.91999816894531,59.123863220214844,1461200
2018-01-11,ED,ED,81.04000091552734,81.27999877929688,80.08000183105469,80.38999938964844,58.736629486083984,1513600
2018-01-12,ED,ED,80.13999938964844,80.19000244140625,79.18000030517578,79.48999786376953,58.079036712646484,1899700
2018-01-16,ED,ED,79.66000366210938,79.86000061035156,78.56999969482422,79.0199966430664,57.73564529418945,2754200
2018-01-17,ED,ED,79.2300033569336,79.54000091552734,78.8499984741211,79.2699966430664,57.918312072753906,1951600
2018-01-18,ED,ED,78.88999938964844,79.05999755859375,77.7699966430664,78.27999877929688,57.19497299194336,2487700
2018-01-19,ED,ED,78.44000244140625,78.93000030517578,78.08999633789062,78.2699966430664,57.187660217285156,2584100
2018-01-22,ED,ED,78.58000183105469,79.38999938964844,78.37000274658203,78.52999877929688,57.37761306762695,3095700
2018-01-23,ED,ED,78.68000030517578,80.13999938964844,78.68000030517578,79.66000366210938,58.20326232910156,2066000
2018-01-24,ED,ED,79.52999877929688,79.6500015258789,79.08000183105469,79.41999816894531,58.02790832519531,1773800
2018-01-25,ED,ED,79.41999816894531,80.51000213623047,79.41999816894531,80.37999725341797,58.72930908203125,2728000
2018-01-26,ED,ED,80.51000213623047,80.61000061035156,79.30000305175781,80.4000015258789,58.743927001953125,2505200
2018-01-29,ED,ED,79.29000091552734,80.02999877929688,79.11000061035156,79.12999725341797,57.81602478027344,3332500
2018-01-30,ED,ED,79.16999816894531,79.91000366210938,79.05000305175781,79.58999633789062,58.15210723876953,2082400
2018-01-31,ED,ED,79.69000244140625,80.41000366210938,79.04000091552734,80.36000061035156,58.7147331237793,3505400
2018-02-01,ED,ED,80.38999938964844,80.6500015258789,78.56999969482422,78.75,57.53836441040039,2924600
2018-02-02,ED,ED,78.4800033569336,79.04000091552734,77.88999938964844,77.95999908447266,56.961185455322266,2621600
2018-02-05,ED,ED,77.87999725341797,78.72000122070312,76.94999694824219,77.12999725341797,56.35472869873047,2953000
2018-02-06,ED,ED,76.0999984741211,76.7300033569336,74.56999969482422,75.87999725341797,55.44143295288086,3234400
2018-02-07,ED,ED,75.79000091552734,76.61000061035156,75.25,75.26000213623047,54.988426208496094,2643100
2018-02-08,ED,ED,75.19999694824219,76.70999908447266,74.69999694824219,74.7300033569336,54.60118865966797,3054800
2018-02-09,ED,ED,74.94999694824219,77.5,74.93000030517578,76.88999938964844,56.17937088012695,2788800
2018-02-12,ED,ED,77.0199966430664,77.80000305175781,76.37000274658203,77.4000015258789,56.55199432373047,2442900
2018-02-13,ED,ED,76.4000015258789,77.19999694824219,75.7699966430664,77.02999877929688,56.806427001953125,2193000
2018-02-14,ED,ED,76.30999755859375,76.66999816894531,75.75,75.88999938964844,55.96572494506836,2825400
2018-02-15,ED,ED,75.88999938964844,77.2300033569336,75.66000366210938,77.11000061035156,56.86543273925781,2234000
2018-02-16,ED,ED,76.83999633789062,77.9800033569336,75.75,77.7699966430664,57.35215377807617,3347100
2018-02-20,ED,ED,77.56999969482422,77.93000030517578,75.88999938964844,76.36000061035156,56.31233596801758,2512100
2018-02-21,ED,ED,76.41000366210938,77.06999969482422,75.45999908447266,75.47000122070312,55.65598678588867,2210000
2018-02-22,ED,ED,75.70999908447266,76.51000213623047,75.4800033569336,75.79000091552734,55.8919792175293,1901600
2018-02-23,ED,ED,75.87000274658203,77.70999908447266,75.76000213623047,77.62999725341797,57.248897552490234,1422300
2018-02-26,ED,ED,77.69000244140625,78.04000091552734,76.81999969482422,76.95999908447266,56.75480651855469,1774800
2018-02-27,ED,ED,77.05999755859375,77.37999725341797,75.6500015258789,75.66000366210938,55.796112060546875,2417700
2018-02-28,ED,ED,75.94000244140625,76.23999786376953,74.88999938964844,74.88999938964844,55.22824478149414,1799400
2018-03-01,ED,ED,74.91000366210938,75.98999786376953,74.16999816894531,74.58999633789062,55.007022857666016,2626700
2018-03-02,ED,ED,74.52999877929688,75.41000366210938,73.7300033569336,74.3499984741211,54.83002853393555,1723000
2018-03-05,ED,ED,74.25,76.33999633789062,73.9800033569336,76.08999633789062,56.11320877075195,2363400
2018-03-06,ED,ED,75.98999786376953,76.0,74.72000122070312,75.13999938964844,55.412635803222656,2266600
2018-03-07,ED,ED,75.0,75.25,74.16000366210938,74.4800033569336,54.925899505615234,1849400
2018-03-08,ED,ED,74.5999984741211,75.36000061035156,74.44000244140625,75.30999755859375,55.537994384765625,1739100
2018-03-09,ED,ED,75.31999969482422,75.37000274658203,74.69999694824219,75.23999786376953,55.486385345458984,1844700
2018-03-12,ED,ED,75.30000305175781,75.91000366210938,75.19000244140625,75.69000244140625,55.8182373046875,1764800
2018-03-13,ED,ED,75.83999633789062,76.41000366210938,75.18000030517578,75.48999786376953,55.670738220214844,2134100
2018-03-14,ED,ED,75.75,76.44000244140625,75.44999694824219,75.97000122070312,56.02471160888672,1679600
2018-03-15,ED,ED,76.12999725341797,76.91999816894531,75.91000366210938,76.58000183105469,56.47457504272461,1855500
2018-03-16,ED,ED,76.72000122070312,77.58000183105469,76.55999755859375,77.44999694824219,57.116153717041016,3479000
2018-03-19,ED,ED,77.44999694824219,77.98999786376953,76.63999938964844,77.05000305175781,56.82117462158203,2177100
2018-03-20,ED,ED,77.08000183105469,77.44999694824219,76.66000366210938,76.88999938964844,56.703182220458984,1429500
2018-03-21,ED,ED,76.93000030517578,77.62999725341797,76.33000183105469,76.66999816894531,56.54093551635742,1440900
2018-03-22,ED,ED,76.69999694824219,78.22000122070312,76.58999633789062,76.76000213623047,56.60730743408203,2187100
2018-03-23,ED,ED,77.01000213623047,77.19999694824219,75.41000366210938,75.58000183105469,55.73711013793945,1592700
2018-03-26,ED,ED,75.75,76.54000091552734,75.62000274658203,76.41999816894531,56.356563568115234,1526500
2018-03-27,ED,ED,76.44999694824219,78.31999969482422,76.18000030517578,77.62000274658203,57.24152374267578,2044500
2018-03-28,ED,ED,77.63999938964844,77.97000122070312,77.02999877929688,77.55999755859375,57.1972770690918,1976200
2018-03-29,ED,ED,77.73999786376953,78.4000015258789,77.6500015258789,77.94000244140625,57.47750473022461,1745300
2018-04-02,ED,ED,78.16999816894531,78.47000122070312,76.66999816894531,77.06999969482422,56.83592224121094,1699500
2018-04-03,ED,ED,77.06999969482422,78.01000213623047,76.86000061035156,77.66000366210938,57.27101135253906,2116100
2018-04-04,ED,ED,77.5999984741211,78.6500015258789,77.18000030517578,78.2699966430664,57.72085952758789,2431200
2018-04-05,ED,ED,78.2699966430664,79.12000274658203,77.16000366210938,78.88999938964844,58.1781005859375,2032300
2018-04-06,ED,ED,79.1500015258789,79.38999938964844,78.29000091552734,78.55999755859375,57.93473815917969,1646100
2018-04-09,ED,ED,78.69000244140625,79.12000274658203,78.27999877929688,78.45999908447266,57.86098861694336,2282600
2018-04-10,ED,ED,78.41999816894531,78.58999633789062,77.45999908447266,77.5999984741211,57.22677993774414,1892100
2018-04-11,ED,ED,77.45999908447266,77.97000122070312,77.16999816894531,77.51000213623047,57.1604118347168,1435100
2018-04-12,ED,ED,77.66000366210938,77.72000122070312,76.06999969482422,76.30999755859375,56.275447845458984,1838000
2018-04-13,ED,ED,76.48999786376953,77.18000030517578,76.41999816894531,76.69000244140625,56.555694580078125,1412100
2018-04-16,ED,ED,77.05000305175781,77.91000366210938,76.94999694824219,77.79000091552734,57.366905212402344,1318000
2018-04-17,ED,ED,77.87000274658203,78.70999908447266,77.56999969482422,78.45999908447266,57.86098861694336,1336900
2018-04-18,ED,ED,78.55999755859375,79.19000244140625,77.97000122070312,78.01000213623047,57.529144287109375,1573900
2018-04-19,ED,ED,77.87999725341797,78.41999816894531,77.58999633789062,78.11000061035156,57.60289764404297,1574400
2018-04-20,ED,ED,78.0999984741211,78.33999633789062,77.2699966430664,77.5999984741211,57.22677993774414,1640200
2018-04-23,ED,ED,77.81999969482422,78.13999938964844,77.4000015258789,77.69999694824219,57.30049133300781,1451700
2018-04-24,ED,ED,77.91000366210938,78.72000122070312,77.55000305175781,78.30999755859375,57.75035858154297,1441400
2018-04-25,ED,ED,77.98999786376953,78.70999908447266,77.7699966430664,78.38999938964844,57.80936813354492,1284900
2018-04-26,ED,ED,78.44999694824219,79.51000213623047,78.0999984741211,79.44999694824219,58.591064453125,1238100
2018-04-27,ED,ED,79.25,80.77999877929688,79.20999908447266,80.43000030517578,59.31378173828125,1551500
2018-04-30,ED,ED,80.69999694824219,80.81999969482422,79.98999786376953,80.12999725341797,59.09254455566406,1587500
2018-05-01,ED,ED,80.23999786376953,80.23999786376953,79.75,79.94999694824219,58.959815979003906,977500
2018-05-02,ED,ED,80.0,80.20999908447266,79.01000213623047,79.25,58.44358444213867,1782000
2018-05-03,ED,ED,79.23999786376953,79.3499984741211,78.01000213623047,79.0,58.25922393798828,1322200
2018-05-04,ED,ED,78.98999786376953,79.8499984741211,78.62999725341797,79.25,58.44358444213867,1921300
2018-05-07,ED,ED,79.18000030517578,79.38999938964844,78.26000213623047,78.36000061035156,57.78725051879883,1471900
2018-05-08,ED,ED,78.12999725341797,78.12999725341797,76.08999633789062,76.2300033569336,56.21647262573242,2204900
2018-05-09,ED,ED,76.25,76.37000274658203,74.87999725341797,75.43000030517578,55.626487731933594,2281900
2018-05-10,ED,ED,76.0,76.5999984741211,75.48999786376953,76.56999969482422,56.467201232910156,1928400
2018-05-11,ED,ED,76.55999755859375,77.05999755859375,76.38999938964844,76.83000183105469,56.658935546875,1702700
2018-05-14,ED,ED,77.04000091552734,77.18000030517578,76.16000366210938,76.62999725341797,56.51143264770508,1886200
2018-05-15,ED,ED,75.41000366210938,75.73999786376953,74.4800033569336,74.9000015258789,55.75588607788086,1720700
2018-05-16,ED,ED,74.9000015258789,75.04000091552734,74.0999984741211,74.55999755859375,55.50277328491211,1746500
2018-05-17,ED,ED,74.70999908447266,74.76000213623047,73.86000061035156,73.94000244140625,55.041263580322266,1361700
2018-05-18,ED,ED,74.16999816894531,74.44999694824219,73.3499984741211,73.97000122070312,55.06358337402344,1728500
2018-05-21,ED,ED,74.11000061035156,74.11000061035156,73.37999725341797,73.83999633789062,54.966800689697266,1410500
2018-05-22,ED,ED,73.80000305175781,74.62000274658203,73.6500015258789,74.13999938964844,55.190120697021484,1410700
2018-05-23,ED,ED,74.19999694824219,75.18000030517578,74.0999984741211,75.0999984741211,55.90473556518555,1941100
2018-05-24,ED,ED,75.25,75.97000122070312,75.05000305175781,75.87999725341797,56.48540496826172,1474900
2018-05-25,ED,ED,75.98999786376953,76.38999938964844,75.8499984741211,75.91000366210938,56.507720947265625,1474100
2018-05-29,ED,ED,75.8499984741211,76.44000244140625,75.51000213623047,75.98999786376953,56.5672721862793,2012800
2018-05-30,ED,ED,75.87000274658203,76.45999908447266,75.62000274658203,76.33000183105469,56.820377349853516,2287600
2018-05-31,ED,ED,76.33000183105469,76.98999786376953,75.9000015258789,76.7300033569336,57.11814498901367,2786200
2018-06-01,ED,ED,76.66999816894531,76.66999816894531,75.22000122070312,75.54000091552734,56.232276916503906,1590300
2018-06-04,ED,ED,75.80999755859375,76.05999755859375,74.8499984741211,74.94999694824219,55.793094635009766,1405400
2018-06-05,ED,ED,74.80000305175781,74.94000244140625,73.7699966430664,74.01000213623047,55.09336471557617,1970800
2018-06-06,ED,ED,73.97000122070312,74.12000274658203,72.20999908447266,72.38999938964844,53.88740539550781,2162400
2018-06-07,ED,ED,72.36000061035156,73.44999694824219,72.01000213623047,72.79000091552734,54.185176849365234,2286100
2018-06-08,ED,ED,73.0199966430664,73.1500015258789,72.43000030517578,72.75,54.1553955078125,1509600
2018-06-11,ED,ED,72.80999755859375,72.93000030517578,71.25,71.38999938964844,53.14301300048828,2385900
2018-06-12,ED,ED,71.30000305175781,72.58000183105469,71.12000274658203,72.4800033569336,53.95441818237305,2015900
2018-06-13,ED,ED,72.62999725341797,72.94999694824219,72.08000183105469,72.43000030517578,53.91719436645508,2382300
2018-06-14,ED,ED,72.5,73.4000015258789,72.3499984741211,73.25,54.527587890625,2323700
2018-06-15,ED,ED,73.2699966430664,73.77999877929688,72.62999725341797,73.7300033569336,54.88492202758789,3218700
2018-06-18,ED,ED,73.75,74.25,73.41000366210938,73.9000015258789,55.011470794677734,1769700
2018-06-19,ED,ED,73.94999694824219,74.95999908447266,73.94999694824219,74.86000061035156,55.726097106933594,2047100
2018-06-20,ED,ED,74.83999633789062,75.05999755859375,74.3499984741211,75.02999877929688,55.85263442993164,2559800
2018-06-21,ED,ED,74.88999938964844,75.7699966430664,74.7300033569336,75.44999694824219,56.16529083251953,1968700
2018-06-22,ED,ED,75.45999908447266,75.9800033569336,75.20999908447266,75.76000213623047,56.396060943603516,2427500
2018-06-25,ED,ED,76.0,77.56999969482422,75.97000122070312,77.41999816894531,57.63176345825195,1800700
2018-06-26,ED,ED,77.19999694824219,77.87999725341797,77.02999877929688,77.4800033569336,57.67644119262695,1763000
2018-06-27,ED,ED,77.31999969482422,78.08999633789062,77.12999725341797,77.9000015258789,57.98909378051758,1423900
2018-06-28,ED,ED,78.2300033569336,78.91000366210938,77.80999755859375,77.94000244140625,58.018863677978516,1363800
2018-06-29,ED,ED,77.86000061035156,78.55000305175781,77.26000213623047,77.9800033569336,58.04864501953125,1961800
2018-07-02,ED,ED,77.98999786376953,78.43000030517578,77.55000305175781,78.33999633789062,58.31660842895508,1543900
2018-07-03,ED,ED,78.3499984741211,78.97000122070312,77.95999908447266,78.45999908447266,58.40595626831055,1008800
2018-07-05,ED,ED,78.5999984741211,78.98999786376953,78.20999908447266,78.98999786376953,58.80048370361328,1734000
2018-07-06,ED,ED,79.0,79.56999969482422,78.91000366210938,79.5,59.18013381958008,1322700
2018-07-09,ED,ED,79.5,79.5,76.5199966430664,76.86000061035156,57.21491241455078,2460900
2018-07-10,ED,ED,76.4000015258789,78.16000366210938,75.93000030517578,77.86000061035156,57.95932388305664,2177200
2018-07-11,ED,ED,78.0199966430664,79.1500015258789,77.9000015258789,79.02999877929688,58.83026123046875,2018100
2018-07-12,ED,ED,79.04000091552734,79.38999938964844,78.79000091552734,79.22000122070312,58.971683502197266,2095100
2018-07-13,ED,ED,79.36000061035156,79.66000366210938,78.77999877929688,79.45999908447266,59.15034103393555,1412700
2018-07-16,ED,ED,79.27999877929688,79.4800033569336,78.8499984741211,79.19999694824219,58.9567985534668,1353400
2018-07-17,ED,ED,79.41999816894531,79.45999908447266,78.88999938964844,78.95999908447266,58.778160095214844,1375100
2018-07-18,ED,ED,79.08000183105469,79.11000061035156,78.27999877929688,78.54000091552734,58.465511322021484,1559000
2018-07-19,ED,ED,78.6500015258789,79.2699966430664,78.41000366210938,78.77999877929688,58.64415740966797,1953200
2018-07-20,ED,ED,78.44999694824219,78.81999969482422,77.45999908447266,78.05000305175781,58.10075759887695,1438600
2018-07-23,ED,ED,78.12999725341797,78.22000122070312,77.0999984741211,77.45999908447266,57.66154861450195,992200
2018-07-24,ED,ED,77.23999786376953,77.80000305175781,76.01000213623047,77.61000061035156,57.77320861816406,1802100
2018-07-25,ED,ED,77.36000061035156,77.87999725341797,77.16000366210938,77.38999938964844,57.60943603515625,1296800
2018-07-26,ED,ED,77.87000274658203,78.73999786376953,77.8499984741211,78.30000305175781,58.28683853149414,1836700
2018-07-27,ED,ED,78.30000305175781,78.9800033569336,78.16000366210938,78.55000305175781,58.47294235229492,1483900
2018-07-30,ED,ED,78.27999877929688,78.55000305175781,77.69999694824219,78.16000366210938,58.18264389038086,1031800
2018-07-31,ED,ED,78.62000274658203,79.0999984741211,78.0199966430664,78.93000030517578,58.75580978393555,2439500
2018-08-01,ED,ED,78.41999816894531,78.4800033569336,77.25,77.77999877929688,57.899757385253906,1856100
2018-08-02,ED,ED,77.75,78.44000244140625,77.08999633789062,78.19000244140625,58.20497131347656,1763800
2018-08-03,ED,ED,78.25,79.58000183105469,77.66999816894531,79.11000061035156,58.88982391357422,1775200
2018-08-06,ED,ED,79.04000091552734,79.55999755859375,78.69000244140625,78.93000030517578,58.75580978393555,1650700
2018-08-07,ED,ED,78.77999877929688,78.88999938964844,77.86000061035156,78.5199966430664,58.450618743896484,1567500
2018-08-08,ED,ED,78.33999633789062,78.61000061035156,78.0,78.51000213623047,58.44318771362305,1069700
2018-08-09,ED,ED,78.6500015258789,79.0,78.31999969482422,78.94999694824219,58.77070236206055,710800
2018-08-10,ED,ED,79.18000030517578,79.61000061035156,78.56999969482422,78.66999816894531,58.562286376953125,1108000
2018-08-13,ED,ED,78.55999755859375,79.12000274658203,78.38999938964844,79.05000305175781,58.845157623291016,1684500
2018-08-14,ED,ED,78.27999877929688,78.9800033569336,78.12000274658203,78.5199966430664,58.984127044677734,1532000
2018-08-15,ED,ED,78.7699966430664,80.30999755859375,78.66999816894531,79.79000091552734,59.938140869140625,2081700
2018-08-16,ED,ED,79.69999694824219,80.80999755859375,79.4000015258789,80.70999908447266,60.62925720214844,2286900
2018-08-17,ED,ED,80.62000274658203,81.2699966430664,80.2699966430664,81.16999816894531,60.974815368652344,1986100
2018-08-20,ED,ED,81.3499984741211,81.52999877929688,80.2699966430664,80.30000305175781,60.32124710083008,1611900
2018-08-21,ED,ED,80.16999816894531,80.2699966430664,79.22000122070312,79.62000274658203,59.810455322265625,1497500
2018-08-22,ED,ED,79.81999969482422,79.87000274658203,78.62999725341797,78.93000030517578,59.29209899902344,1224800
2018-08-23,ED,ED,78.98999786376953,79.5999984741211,78.75,79.0199966430664,59.35971450805664,1382500
2018-08-24,ED,ED,79.02999877929688,79.58999633789062,78.7300033569336,79.44999694824219,59.68273162841797,908500
2018-08-27,ED,ED,79.5999984741211,79.66999816894531,78.51000213623047,78.91999816894531,59.28459548950195,1011800
2018-08-28,ED,ED,78.80000305175781,78.95999908447266,78.29000091552734,78.44999694824219,58.93156051635742,1220900
2018-08-29,ED,ED,78.6500015258789,79.29000091552734,78.43000030517578,79.20999908447266,59.50244140625,1391500
2018-08-30,ED,ED,79.30999755859375,79.7699966430664,79.08000183105469,79.38999938964844,59.63766860961914,1510300
2018-08-31,ED,ED,79.38999938964844,79.77999877929688,78.72000122070312,78.93000030517578,59.29209899902344,1623300
2018-09-04,ED,ED,79.19000244140625,79.93000030517578,79.05999755859375,79.55999755859375,59.76535415649414,1495100
2018-09-05,ED,ED,79.62999725341797,80.7300033569336,79.55000305175781,80.69000244140625,60.61422348022461,2623000
2018-09-06,ED,ED,80.62999725341797,81.55000305175781,80.19000244140625,81.3499984741211,61.110008239746094,1780000
2018-09-07,ED,ED,80.80000305175781,81.08000183105469,79.91999816894531,80.08000183105469,60.155982971191406,1765200
2018-09-10,ED,ED,80.38999938964844,80.80000305175781,79.98999786376953,80.54000091552734,60.50154495239258,1129400
2018-09-11,ED,ED,80.55000305175781,80.93000030517578,80.11000061035156,80.19999694824219,60.246131896972656,1500200
2018-09-12,ED,ED,80.19999694824219,80.75,79.94999694824219,80.1500015258789,60.208553314208984,1194100
2018-09-13,ED,ED,80.2300033569336,80.76000213623047,79.66000366210938,80.75,60.65928268432617,1337900
2018-09-14,ED,ED,80.37000274658203,80.37000274658203,79.22000122070312,80.29000091552734,60.313751220703125,1551800
2018-09-17,ED,ED,80.33000183105469,80.52999877929688,79.80999755859375,80.3499984741211,60.35879898071289,1208100
2018-09-18,ED,ED,80.33000183105469,80.58999633789062,79.62999725341797,80.08000183105469,60.155982971191406,1455500
2018-09-19,ED,ED,79.97000122070312,80.12000274658203,77.83000183105469,78.31999969482422,58.83388137817383,1480500
2018-09-20,ED,ED,78.2300033569336,78.47000122070312,77.41000366210938,78.44000244140625,58.92402648925781,1607600
2018-09-21,ED,ED,78.0,78.19000244140625,76.97000122070312,77.88999938964844,58.5108528137207,4717500
2018-09-24,ED,ED,77.7699966430664,77.7699966430664,76.5199966430664,76.61000061035156,57.54932403564453,2004800
2018-09-25,ED,ED,76.41999816894531,76.51000213623047,75.23999786376953,75.69999694824219,56.865745544433594,1628300
2018-09-26,ED,ED,75.7300033569336,75.8499984741211,74.36000061035156,74.41000366210938,55.89668273925781,2120200
2018-09-27,ED,ED,74.58000183105469,75.44000244140625,74.30999755859375,75.19999694824219,56.49013900756836,1726100
2018-09-28,ED,ED,75.43000030517578,76.23999786376953,75.18000030517578,76.19000244140625,57.23383712768555,3163300
2018-10-01,ED,ED,76.04000091552734,76.04000091552734,75.44999694824219,75.7699966430664,56.9183235168457,1735900
2018-10-02,ED,ED,76.0,77.2699966430664,75.86000061035156,77.08000183105469,57.902400970458984,1788800
2018-10-03,ED,ED,76.87000274658203,77.36000061035156,75.3499984741211,76.11000061035156,57.173728942871094,2454000
2018-10-04,ED,ED,76.0199966430664,76.76000213623047,75.37000274658203,76.5999984741211,57.54182052612305,1329100
2018-10-05,ED,ED,76.55999755859375,77.87999725341797,76.44000244140625,77.66000366210938,58.33809280395508,2420500
2018-10-08,ED,ED,77.76000213623047,78.62000274658203,77.33999633789062,78.0199966430664,58.60852813720703,2168400
2018-10-09,ED,ED,78.22000122070312,78.83000183105469,77.75,78.2300033569336,58.766273498535156,1897900
2018-10-10,ED,ED,78.08000183105469,79.18000030517578,77.7300033569336,77.7699966430664,58.42072677612305,1774700
2018-10-11,ED,ED,77.94999694824219,78.30000305175781,75.7699966430664,76.05000305175781,57.128662109375,2508800
2018-10-12,ED,ED,75.97000122070312,76.0,74.79000091552734,75.2300033569336,56.51268005371094,2351800
2018-10-15,ED,ED,75.31999969482422,75.9000015258789,74.93000030517578,75.27999877929688,56.55023193359375,1855500
2018-10-16,ED,ED,75.25,76.58000183105469,74.63999938964844,76.0999984741211,57.16621780395508,1963100
2018-10-17,ED,ED,76.08000183105469,76.44999694824219,75.54000091552734,76.11000061035156,57.173728942871094,1654800
2018-10-18,ED,ED,76.19000244140625,76.77999877929688,75.75,76.36000061035156,57.361534118652344,1725200
2018-10-19,ED,ED,76.29000091552734,77.91999816894531,76.23999786376953,77.37999725341797,58.12775421142578,2101800
2018-10-22,ED,ED,77.30999755859375,77.63999938964844,76.69999694824219,76.81999969482422,57.70709991455078,1949100
2018-10-23,ED,ED,77.0,77.5999984741211,75.91999816894531,76.29000091552734,57.30895233154297,2152100
2018-10-24,ED,ED,76.69000244140625,78.62000274658203,76.33999633789062,78.22000122070312,58.75875473022461,1966300
2018-10-25,ED,ED,77.77999877929688,77.77999877929688,76.47000122070312,76.80999755859375,57.6995735168457,1728500
2018-10-26,ED,ED,77.26000213623047,77.75,75.62000274658203,76.33000183105469,57.33900833129883,2550200
2018-10-29,ED,ED,76.33000183105469,77.55000305175781,76.33000183105469,77.33999633789062,58.09770202636719,1791700
2018-10-30,ED,ED,77.62000274658203,78.13999938964844,76.5,77.2300033569336,58.01507568359375,2067900
2018-10-31,ED,ED,76.63999938964844,76.69999694824219,75.36000061035156,76.0,57.09109878540039,2861400
2018-11-01,ED,ED,76.06999969482422,76.22000122070312,75.29000091552734,75.62999725341797,56.813148498535156,2496000
2018-11-02,ED,ED,76.0999984741211,76.0999984741211,73.93000030517578,74.54000091552734,55.99435043334961,3468000
2018-11-05,ED,ED,74.80999755859375,76.0999984741211,74.80999755859375,76.04000091552734,57.12114334106445,2103100
2018-11-06,ED,ED,76.79000091552734,77.31999969482422,76.30999755859375,77.2300033569336,58.01507568359375,1580900
2018-11-07,ED,ED,77.5,78.33999633789062,76.8499984741211,78.26000213623047,58.788814544677734,1500400
2018-11-08,ED,ED,78.2300033569336,78.55999755859375,77.43000030517578,78.16999816894531,58.72120666503906,1398500
2018-11-09,ED,ED,78.19999694824219,79.26000213623047,78.05999755859375,79.0,59.344703674316406,1361800
2018-11-12,ED,ED,78.93000030517578,80.13999938964844,78.6500015258789,79.37000274658203,59.622642517089844,1520600
2018-11-13,ED,ED,78.75,79.33999633789062,78.08999633789062,79.11000061035156,59.967552185058594,1560200
2018-11-14,ED,ED,78.19000244140625,80.16999816894531,77.98999786376953,79.41999816894531,60.20252227783203,2987600
2018-11-15,ED,ED,77.44999694824219,77.58000183105469,76.3499984741211,76.54000091552734,58.0194206237793,9613500
2018-11-16,ED,ED,77.33999633789062,77.54000091552734,76.30000305175781,77.0,58.36810302734375,4087300
2018-11-19,ED,ED,76.97000122070312,77.68000030517578,76.8499984741211,77.5,58.747135162353516,3635700
2018-11-20,ED,ED,78.0,78.61000061035156,77.04000091552734,78.11000061035156,59.20951461791992,3540900
2018-11-21,ED,ED,77.83999633789062,77.94999694824219,76.98999786376953,77.11000061035156,58.45149612426758,1959000
2018-11-23,ED,ED,77.20999908447266,77.44999694824219,76.69000244140625,77.33999633789062,58.625831604003906,813400
2018-11-26,ED,ED,77.2300033569336,78.26000213623047,77.12999725341797,78.16000366210938,59.24742889404297,2148700
2018-11-27,ED,ED,78.11000061035156,79.1500015258789,77.52999877929688,79.05000305175781,59.92206573486328,1513400
2018-11-28,ED,ED,78.88999938964844,79.43000030517578,78.41999816894531,78.83999633789062,59.762874603271484,2285600
2018-11-29,ED,ED,78.81999969482422,79.33999633789062,78.23999786376953,79.23999786376953,60.06608581542969,2286900
2018-11-30,ED,ED,79.37000274658203,80.38999938964844,79.05000305175781,80.3499984741211,60.907474517822266,2937200
2018-12-03,ED,ED,79.86000061035156,81.23999786376953,79.56999969482422,81.2300033569336,61.574581146240234,2359200
2018-12-04,ED,ED,81.22000122070312,83.0,81.13999938964844,81.98999786376953,62.15065383911133,3962500
2018-12-06,ED,ED,82.30000305175781,82.48999786376953,80.0999984741211,81.62999725341797,61.87777328491211,2443000
2018-12-07,ED,ED,81.75,82.83000183105469,80.86000061035156,82.45999908447266,62.506954193115234,2069500
2018-12-10,ED,ED,82.66999816894531,83.08000183105469,81.30000305175781,82.91000366210938,62.84803009033203,2570700
2018-12-11,ED,ED,82.94000244140625,83.69000244140625,82.52999877929688,83.25,63.10578918457031,1796600
2018-12-12,ED,ED,83.25,83.62000274658203,82.26000213623047,82.47000122070312,62.514503479003906,2938300
2018-12-13,ED,ED,82.58999633789062,84.31999969482422,82.54000091552734,83.93000030517578,63.621238708496094,2562800
2018-12-14,ED,ED,84.0999984741211,84.1500015258789,83.05999755859375,83.83000183105469,63.545448303222656,3049000
2018-12-17,ED,ED,83.94000244140625,84.20999908447266,80.30999755859375,80.62999725341797,61.119747161865234,3769500
2018-12-18,ED,ED,80.93000030517578,81.81999969482422,79.94000244140625,80.20999908447266,60.80137634277344,3047100
2018-12-19,ED,ED,80.44000244140625,80.94000244140625,79.55999755859375,80.0999984741211,60.717994689941406,2197600
2018-12-20,ED,ED,80.12999725341797,81.5999984741211,79.1500015258789,80.7300033569336,61.195552825927734,2858200
2018-12-21,ED,ED,80.73999786376953,82.4800033569336,79.77999877929688,79.95999908447266,60.61186599731445,3542600
2018-12-24,ED,ED,79.94000244140625,80.5199966430664,75.04000091552734,75.31999969482422,57.094608306884766,1279400
2018-12-26,ED,ED,75.51000213623047,76.13999938964844,73.8499984741211,76.08999633789062,57.67829132080078,2457300
2018-12-27,ED,ED,76.02999877929688,76.83000183105469,74.83999633789062,76.83000183105469,58.23923110961914,2211500
2018-12-28,ED,ED,77.16999816894531,77.48999786376953,76.16999816894531,76.4800033569336,57.973934173583984,1829800
2018-12-31,ED,ED,76.4800033569336,76.87000274658203,75.68000030517578,76.45999908447266,57.95875930786133,1670200
2019-01-02,ED,ED,76.31999969482422,76.37000274658203,74.79000091552734,75.13999938964844,56.95817947387695,1764100
2019-01-03,ED,ED,75.13999938964844,75.91999816894531,74.83999633789062,75.33000183105469,57.10221481323242,1857000
2019-01-04,ED,ED,75.0199966430664,76.56999969482422,74.87999725341797,76.55000305175781,58.02700424194336,2185100
2019-01-07,ED,ED,76.0999984741211,76.43000030517578,75.33999633789062,75.44000244140625,57.18559265136719,2380900
2019-01-08,ED,ED,75.4800033569336,76.02999877929688,74.8499984741211,75.9000015258789,57.53428268432617,2979000
2019-01-09,ED,ED,75.70999908447266,76.0999984741211,75.02999877929688,75.30000305175781,57.079463958740234,1662900
2019-01-10,ED,ED,75.37000274658203,76.68000030517578,75.25,76.55000305175781,58.02700424194336,1857800
2019-01-11,ED,ED,76.43000030517578,76.51000213623047,75.55999755859375,75.93000030517578,57.55702209472656,1378400
2019-01-14,ED,ED,75.55000305175781,75.55000305175781,73.30000305175781,74.44999694824219,56.43513870239258,3737600
2019-01-15,ED,ED,74.1500015258789,75.8499984741211,74.1500015258789,75.79000091552734,57.450889587402344,2157200
2019-01-16,ED,ED,75.66000366210938,76.44000244140625,75.25,76.37999725341797,57.89812088012695,2226800
2019-01-17,ED,ED,76.3499984741211,77.0999984741211,76.18000030517578,77.02999877929688,58.39083480834961,2250400
2019-01-18,ED,ED,76.66999816894531,77.05999755859375,76.22000122070312,76.51000213623047,57.996673583984375,3019400
2019-01-22,ED,ED,76.63999938964844,77.36000061035156,76.05000305175781,76.73999786376953,58.1710090637207,2766800
2019-01-23,ED,ED,76.72000122070312,77.36000061035156,76.51000213623047,76.9800033569336,58.35294723510742,2417900
2019-01-24,ED,ED,77.08000183105469,77.69999694824219,76.3499984741211,77.66000366210938,58.868408203125,2522600
2019-01-25,ED,ED,77.44000244140625,77.98999786376953,75.8499984741211,75.94999694824219,57.57218551635742,2803600
2019-01-28,ED,ED,76.11000061035156,76.58000183105469,75.25,75.58999633789062,57.29928207397461,2168500
2019-01-29,ED,ED,75.75,76.27999877929688,75.58999633789062,75.88999938964844,57.526695251464844,1566200
2019-01-30,ED,ED,75.61000061035156,76.38999938964844,75.4800033569336,76.19000244140625,57.754112243652344,1716300
2019-01-31,ED,ED,76.02999877929688,77.87999725341797,75.62000274658203,77.6500015258789,58.86083221435547,3342300
2019-02-01,ED,ED,77.47000122070312,77.58000183105469,75.9000015258789,76.68000030517578,58.12553405761719,2006600
2019-02-04,ED,ED,76.3499984741211,77.58000183105469,76.02999877929688,77.56999969482422,58.8001823425293,2393100
2019-02-05,ED,ED,77.5,78.0,77.01000213623047,77.58999633789062,58.815338134765625,1976600
2019-02-06,ED,ED,77.44999694824219,77.83000183105469,77.08000183105469,77.26000213623047,58.56520080566406,1490700
2019-02-07,ED,ED,77.54000091552734,78.12999725341797,76.80000305175781,78.11000061035156,59.20951461791992,1860700
2019-02-08,ED,ED,78.05000305175781,78.94999694824219,77.83000183105469,78.93000030517578,59.831085205078125,1755200
2019-02-11,ED,ED,78.87000274658203,79.37000274658203,78.5999984741211,78.97000122070312,59.86143493652344,1647400
2019-02-12,ED,ED,78.41999816894531,78.87000274658203,77.73999786376953,78.56999969482422,60.12157440185547,1834100
2019-02-13,ED,ED,77.83000183105469,78.0999984741211,77.20999908447266,77.83000183105469,59.55533981323242,2668500
2019-02-14,ED,ED,77.98999786376953,78.41000366210938,77.56999969482422,78.04000091552734,59.71603775024414,2062400
2019-02-15,ED,ED,78.38999938964844,78.76000213623047,78.25,78.51000213623047,60.075687408447266,1693600
2019-02-19,ED,ED,78.41000366210938,79.11000061035156,78.31999969482422,78.87000274658203,60.351165771484375,2258900
2019-02-20,ED,ED,78.80999755859375,79.23999786376953,78.18000030517578,79.01000213623047,60.458282470703125,1852600
2019-02-21,ED,ED,78.66000366210938,80.08999633789062,78.58999633789062,80.0,61.2158317565918,1552800
2019-02-22,ED,ED,80.69000244140625,82.19000244140625,80.41999816894531,82.0999984741211,62.8227424621582,3514700
2019-02-25,ED,ED,82.0,82.22000122070312,81.13999938964844,81.62000274658203,62.455448150634766,2269500
2019-02-26,ED,ED,81.8499984741211,81.87999725341797,81.06999969482422,81.36000061035156,62.25648498535156,1398700
2019-02-27,ED,ED,81.26000213623047,81.91000366210938,80.9800033569336,81.66000366210938,62.48604202270508,1337600
2019-02-28,ED,ED,81.69999694824219,82.7300033569336,81.55000305175781,82.44999694824219,63.09055709838867,2315600
2019-03-01,ED,ED,82.44999694824219,82.83999633789062,81.8499984741211,82.66000366210938,63.251251220703125,1629000
2019-03-04,ED,ED,83.0999984741211,83.23999786376953,82.44000244140625,83.19999694824219,63.66444396972656,1661700
2019-03-05,ED,ED,83.16999816894531,83.33000183105469,82.80000305175781,82.93000030517578,63.45786666870117,1428300
2019-03-06,ED,ED,83.12000274658203,83.7300033569336,82.73999786376953,83.33000183105469,63.7639274597168,2346600
2019-03-07,ED,ED,83.55999755859375,84.3499984741211,83.23999786376953,83.33999633789062,63.771568298339844,1908200
2019-03-08,ED,ED,83.56999969482422,83.8499984741211,83.01000213623047,83.81999969482422,64.13887786865234,1773900
2019-03-11,ED,ED,83.76000213623047,84.38999938964844,83.66000366210938,84.2699966430664,64.48319244384766,1838100
2019-03-12,ED,ED,84.44999694824219,85.2699966430664,84.16000366210938,84.93000030517578,64.98825073242188,2578900
2019-03-13,ED,ED,85.02999877929688,85.47000122070312,84.70999908447266,85.18000030517578,65.17955780029297,1549600
2019-03-14,ED,ED,85.19000244140625,85.56999969482422,84.77999877929688,84.9800033569336,65.02650451660156,1903500
2019-03-15,ED,ED,85.20999908447266,85.43000030517578,84.68000030517578,84.83999633789062,64.91937255859375,4209000
2019-03-18,ED,ED,84.94000244140625,85.16999816894531,84.25,84.69999694824219,64.81222534179688,2556100
2019-03-19,ED,ED,84.69999694824219,84.69999694824219,83.44000244140625,83.80999755859375,64.13121795654297,2030400
2019-03-20,ED,ED,83.94999694824219,84.61000061035156,83.33999633789062,83.83999633789062,64.15416717529297,1788400
2019-03-21,ED,ED,83.91000366210938,84.51000213623047,83.63999938964844,84.38999938964844,64.57504272460938,1349100
2019-03-22,ED,ED,84.69000244140625,85.58999633789062,84.41999816894531,84.91000366210938,64.97294616699219,1858400
2019-03-25,ED,ED,85.12000274658203,85.41999816894531,84.61000061035156,85.0999984741211,65.11832427978516,1335800
2019-03-26,ED,ED,85.0999984741211,85.77999877929688,84.91000366210938,85.68000030517578,65.56214141845703,1081400
2019-03-27,ED,ED,85.80999755859375,85.87000274658203,84.83000183105469,85.16000366210938,65.16425323486328,1519100
2019-03-28,ED,ED,85.26000213623047,85.45999908447266,83.80000305175781,84.2699966430664,64.48319244384766,1935100
2019-03-29,ED,ED,84.2699966430664,84.87999725341797,83.91000366210938,84.80999755859375,64.89641571044922,1623600
2019-04-01,ED,ED,84.66999816894531,84.66999816894531,83.55000305175781,84.31999969482422,64.52146911621094,1771300
2019-04-02,ED,ED,84.30000305175781,84.79000091552734,83.79000091552734,84.76000213623047,64.8581771850586,1272100
2019-04-03,ED,ED,84.51000213623047,84.75,83.66000366210938,84.44000244140625,64.6133041381836,1217700
2019-04-04,ED,ED,84.56999969482422,84.76000213623047,83.55000305175781,83.98999786376953,64.26895904541016,1281300
2019-04-05,ED,ED,84.0,84.83999633789062,83.62000274658203,84.80999755859375,64.89641571044922,921100
2019-04-08,ED,ED,84.44999694824219,84.66000366210938,83.66000366210938,83.79000091552734,64.11592102050781,1792500
2019-04-09,ED,ED,83.7699966430664,84.22000122070312,83.69999694824219,84.16000366210938,64.3990478515625,951100
2019-04-10,ED,ED,84.2699966430664,84.9800033569336,83.77999877929688,83.87000274658203,64.17711639404297,1006300
2019-04-11,ED,ED,84.0,84.58000183105469,83.7699966430664,84.47000122070312,64.6362533569336,1086400
2019-04-12,ED,ED,84.23999786376953,84.66000366210938,83.61000061035156,84.55000305175781,64.69746398925781,1640800
2019-04-15,ED,ED,84.66000366210938,85.02999877929688,84.26000213623047,84.61000061035156,64.74339294433594,1017400
2019-04-16,ED,ED,84.6500015258789,84.88999938964844,83.31999969482422,83.62000274658203,63.98584747314453,1850900
2019-04-17,ED,ED,83.76000213623047,84.16999816894531,83.4000015258789,83.9000015258789,64.20008850097656,1494500
2019-04-18,ED,ED,83.91999816894531,84.2300033569336,83.52999877929688,83.61000061035156,63.97818374633789,1417100
2019-04-22,ED,ED,83.61000061035156,83.98999786376953,83.58000183105469,83.86000061035156,64.16949462890625,1298000
2019-04-23,ED,ED,83.94000244140625,84.33000183105469,83.4800033569336,84.19000244140625,64.42198181152344,1407300
2019-04-24,ED,ED,84.44999694824219,84.75,83.97000122070312,84.31999969482422,64.52146911621094,1764500
2019-04-25,ED,ED,84.18000030517578,84.97000122070312,83.97000122070312,84.5199966430664,64.67449188232422,1522600
2019-04-26,ED,ED,85.37000274658203,85.9000015258789,84.87000274658203,84.97000122070312,65.01886749267578,3038700
2019-04-29,ED,ED,84.7300033569336,84.9000015258789,84.11000061035156,84.4800033569336,64.64389038085938,1334200
2019-04-30,ED,ED,84.58000183105469,86.2300033569336,84.43000030517578,86.16000366210938,65.92942810058594,2361400
2019-05-01,ED,ED,85.77999877929688,86.1500015258789,85.16000366210938,85.2300033569336,65.2177963256836,1266000
2019-05-02,ED,ED,85.33999633789062,85.6500015258789,84.6500015258789,85.16000366210938,65.16425323486328,1486900
2019-05-03,ED,ED,85.58999633789062,86.5,85.58999633789062,86.02999877929688,65.8299789428711,1721000
2019-05-06,ED,ED,86.3499984741211,86.3499984741211,85.16000366210938,85.41999816894531,65.3631820678711,1364400
2019-05-07,ED,ED,85.47000122070312,85.73999786376953,84.94999694824219,85.20999908447266,65.20250701904297,1295900
2019-05-08,ED,ED,84.54000091552734,84.75,83.66000366210938,83.93000030517578,64.22305297851562,8777700
2019-05-09,ED,ED,84.0,84.5,83.61000061035156,84.0,64.27660369873047,7437200
2019-05-10,ED,ED,84.0,85.30000305175781,83.87999725341797,85.30000305175781,65.2713623046875,2658000
2019-05-13,ED,ED,85.04000091552734,86.19000244140625,85.0,86.04000091552734,65.83760833740234,2726800
2019-05-14,ED,ED,85.55000305175781,85.58999633789062,84.7300033569336,84.9000015258789,65.52886962890625,2130400
2019-05-15,ED,ED,85.0999984741211,85.8499984741211,84.83000183105469,85.51000213623047,65.99970245361328,1727100
2019-05-16,ED,ED,85.30000305175781,86.48999786376953,85.0,86.37000274658203,66.66348266601562,1491300
2019-05-17,ED,ED,86.02999877929688,87.33000183105469,86.02999877929688,86.94000244140625,67.10344696044922,1804300
2019-05-20,ED,ED,87.16999816894531,87.6500015258789,86.80999755859375,87.01000213623047,67.157470703125,1316600
2019-05-21,ED,ED,87.25,87.69000244140625,86.62000274658203,86.69000244140625,66.91046142578125,3080800
2019-05-22,ED,ED,86.9000015258789,87.69999694824219,86.5,87.5199966430664,67.55108642578125,1113500
2019-05-23,ED,ED,87.66000366210938,88.41000366210938,87.3499984741211,88.37999725341797,68.21487426757812,1376900
2019-05-24,ED,ED,88.4000015258789,88.91999816894531,88.08000183105469,88.13999938964844,68.0296401977539,1099400
2019-05-28,ED,ED,88.4800033569336,88.4800033569336,86.75,86.75,66.95675659179688,3027900
2019-05-29,ED,ED,86.94999694824219,87.13999938964844,85.3499984741211,85.61000061035156,66.07688903808594,1987400
2019-05-30,ED,ED,85.5999984741211,86.02999877929688,85.04000091552734,85.25,65.79901123046875,1469300
2019-05-31,ED,ED,85.36000061035156,86.37999725341797,85.23999786376953,86.30000305175781,66.60946655273438,1795700
2019-06-03,ED,ED,86.30999755859375,87.51000213623047,86.04000091552734,87.37000274658203,67.435302734375,1503800
2019-06-04,ED,ED,87.36000061035156,87.63999938964844,85.55000305175781,87.52999877929688,67.5588150024414,1719500
2019-06-05,ED,ED,88.05000305175781,89.55000305175781,87.61000061035156,89.31999969482422,68.94039154052734,1632500
2019-06-06,ED,ED,89.63999938964844,89.77999877929688,89.05999755859375,89.5,69.0793228149414,1445100
2019-06-07,ED,ED,89.8499984741211,90.51000213623047,88.05999755859375,88.30999755859375,68.16083526611328,2132700
2019-06-10,ED,ED,87.95999908447266,88.08999633789062,86.7300033569336,87.2300033569336,67.3272476196289,1584700
2019-06-11,ED,ED,87.13999938964844,87.6500015258789,86.12000274658203,86.72000122070312,66.93362426757812,1710400
2019-06-12,ED,ED,87.08000183105469,87.83000183105469,87.08000183105469,87.72000122070312,67.70545196533203,1063400
2019-06-13,ED,ED,87.87999725341797,88.27999877929688,87.05000305175781,87.77999877929688,67.75177764892578,2697100
2019-06-14,ED,ED,87.95999908447266,88.94999694824219,87.93000030517578,88.54000091552734,68.33836364746094,1560500
2019-06-17,ED,ED,88.44000244140625,88.75,87.62999725341797,88.12999725341797,68.02190399169922,1797600
2019-06-18,ED,ED,88.95999908447266,88.95999908447266,87.12000274658203,88.06999969482422,67.97559356689453,1868400
2019-06-19,ED,ED,88.0,89.30000305175781,87.69999694824219,88.87999725341797,68.60078430175781,1508800
2019-06-20,ED,ED,88.94999694824219,89.37999725341797,88.19999694824219,88.87999725341797,68.60078430175781,2382900
2019-06-21,ED,ED,88.94000244140625,89.41999816894531,88.16999816894531,89.20999908447266,68.85548400878906,3588900
2019-06-24,ED,ED,89.26000213623047,90.44999694824219,89.05000305175781,89.6500015258789,69.19509887695312,1409100
2019-06-25,ED,ED,89.75,89.88999938964844,88.7699966430664,88.94000244140625,68.64708709716797,1091200
2019-06-26,ED,ED,88.68000030517578,88.7699966430664,87.2300033569336,87.30999755859375,67.38900756835938,1525200
2019-06-27,ED,ED,87.4800033569336,87.9000015258789,86.87999725341797,87.26000213623047,67.35041809082031,1787800
2019-06-28,ED,ED,87.16000366210938,88.12999725341797,87.0,87.68000030517578,67.67459869384766,2607900
2019-07-01,ED,ED,87.58000183105469,87.6500015258789,86.52999877929688,87.36000061035156,67.42759704589844,1327800
2019-07-02,ED,ED,87.66999816894531,88.8499984741211,87.55999755859375,88.41999816894531,68.24573516845703,1286800
2019-07-03,ED,ED,88.72000122070312,89.7699966430664,88.72000122070312,89.2300033569336,68.87093353271484,698400
2019-07-05,ED,ED,88.4000015258789,88.86000061035156,87.3499984741211,88.80999755859375,68.54676055908203,1227300
2019-07-08,ED,ED,89.12999725341797,89.36000061035156,88.2699966430664,88.86000061035156,68.58535766601562,1267300
2019-07-09,ED,ED,88.81999969482422,89.0199966430664,88.08999633789062,88.72000122070312,68.47728729248047,1336900
2019-07-10,ED,ED,89.04000091552734,89.41999816894531,88.62000274658203,89.11000061035156,68.7783203125,1046400
2019-07-11,ED,ED,89.11000061035156,89.5999984741211,88.27999877929688,89.23999786376953,68.87864685058594,1006600
2019-07-12,ED,ED,89.2699966430664,89.2699966430664,88.23999786376953,88.95999908447266,68.66252899169922,1272700
2019-07-15,ED,ED,88.3499984741211,88.94000244140625,88.02999877929688,88.55000305175781,68.34606170654297,1401900
2019-07-16,ED,ED,88.37999725341797,88.62999725341797,87.25,87.81999969482422,67.78263092041016,1335100
2019-07-17,ED,ED,88.12000274658203,88.4000015258789,87.55000305175781,87.58999633789062,67.6051025390625,1375200
2019-07-18,ED,ED,87.55999755859375,88.5199966430664,87.05000305175781,88.3499984741211,68.19171142578125,1331000
2019-07-19,ED,ED,88.2699966430664,88.52999877929688,87.0999984741211,87.23999786376953,67.33496856689453,1427800
2019-07-22,ED,ED,87.4800033569336,87.58000183105469,86.23999786376953,86.81999969482422,67.01080322265625,1484000
2019-07-23,ED,ED,86.58000183105469,86.81999969482422,86.04000091552734,86.51000213623047,66.77155303955078,1444800
2019-07-24,ED,ED,86.81999969482422,87.0999984741211,86.01000213623047,86.52999877929688,66.78697204589844,1828500
2019-07-25,ED,ED,86.58999633789062,87.05000305175781,85.73999786376953,86.08999633789062,66.44735717773438,1113000
2019-07-26,ED,ED,86.0199966430664,86.63999938964844,85.69000244140625,86.33999633789062,66.64031982421875,1098900
2019-07-29,ED,ED,86.52999877929688,86.83999633789062,85.9800033569336,86.66000366210938,66.88732147216797,1147400
2019-07-30,ED,ED,86.37999725341797,86.81999969482422,84.95999908447266,85.4000015258789,65.91478729248047,1846100
2019-07-31,ED,ED,85.36000061035156,85.88999938964844,84.41999816894531,84.95999908447266,65.57518005371094,2917200
2019-08-01,ED,ED,84.77999877929688,86.5,84.58999633789062,85.93000030517578,66.32388305664062,1362500
2019-08-02,ED,ED,87.06999969482422,87.38999938964844,85.95999908447266,86.12999725341797,66.47819519042969,2339400
2019-08-05,ED,ED,86.27999877929688,86.62000274658203,84.79000091552734,85.4800033569336,65.9765625,2530600
2019-08-06,ED,ED,85.43000030517578,86.91000366210938,84.44999694824219,86.62999725341797,66.8641586303711,1709800
2019-08-07,ED,ED,86.56999969482422,87.55999755859375,85.33000183105469,87.05999755859375,67.19603729248047,1405500
2019-08-08,ED,ED,86.86000061035156,87.70999908447266,86.44000244140625,87.52999877929688,67.5588150024414,1508500
2019-08-09,ED,ED,87.52999877929688,87.87999725341797,86.94999694824219,87.26000213623047,67.35041809082031,984500
2019-08-12,ED,ED,87.30999755859375,87.68000030517578,86.81999969482422,87.45999908447266,67.50477600097656,1695700
2019-08-13,ED,ED,86.73999786376953,87.01000213623047,85.98999786376953,86.75,67.52812957763672,1318300
2019-08-14,ED,ED,86.80000305175781,87.44000244140625,85.72000122070312,85.97000122070312,66.92096710205078,1598000
2019-08-15,ED,ED,85.7699966430664,87.29000091552734,85.68000030517578,86.97000122070312,67.6993637084961,1194600
2019-08-16,ED,ED,86.94999694824219,87.45999908447266,86.75,87.19999694824219,67.87841796875,1213100
2019-08-19,ED,ED,87.20999908447266,88.48999786376953,86.93000030517578,88.13999938964844,68.6101303100586,1085900
2019-08-20,ED,ED,88.43000030517578,88.4800033569336,87.52999877929688,87.76000213623047,68.31434631347656,1013000
2019-08-21,ED,ED,87.69999694824219,88.33999633789062,87.62000274658203,88.27999877929688,68.71913146972656,1547000
2019-08-22,ED,ED,88.18000030517578,88.68000030517578,87.76000213623047,88.23999786376953,68.68799591064453,1476600
2019-08-23,ED,ED,88.4800033569336,88.79000091552734,86.51000213623047,86.91000366210938,67.65267181396484,1755700
2019-08-26,ED,ED,87.2699966430664,87.81999969482422,86.81999969482422,87.7699966430664,68.32211303710938,959700
2019-08-27,ED,ED,88.23999786376953,88.80000305175781,87.9800033569336,88.04000091552734,68.53229522705078,1445300
2019-08-28,ED,ED,88.12999725341797,88.52999877929688,87.3499984741211,87.7699966430664,68.32211303710938,1666800
2019-08-29,ED,ED,88.18000030517578,88.2300033569336,87.5199966430664,88.1500015258789,68.61793518066406,2714100
2019-08-30,ED,ED,88.54000091552734,89.11000061035156,87.91000366210938,88.9000015258789,69.20172119140625,1719200
2019-09-03,ED,ED,88.9000015258789,90.69000244140625,88.66999816894531,90.63999938964844,70.55619049072266,2005300
2019-09-04,ED,ED,90.80000305175781,91.12000274658203,90.19000244140625,90.8499984741211,70.71965789794922,1273400
2019-09-05,ED,ED,90.26000213623047,91.01000213623047,89.7300033569336,90.87999725341797,70.74299621582031,2572400
2019-09-06,ED,ED,91.11000061035156,91.58000183105469,90.73999786376953,91.13999938964844,70.94539642333984,2236000
2019-09-09,ED,ED,90.69000244140625,90.77999877929688,90.0199966430664,90.38999938964844,70.36160278320312,2276600
2019-09-10,ED,ED,90.3499984741211,90.38999938964844,88.58000183105469,89.33000183105469,69.53645324707031,2188800
2019-09-11,ED,ED,89.0,90.08000183105469,88.63999938964844,89.93000030517578,70.00350952148438,1481400
2019-09-12,ED,ED,90.47000122070312,90.87000274658203,89.61000061035156,90.19000244140625,70.2059097290039,1695700
2019-09-13,ED,ED,89.36000061035156,90.22000122070312,89.1500015258789,89.80999755859375,69.91010284423828,1801400
2019-09-16,ED,ED,89.88999938964844,90.20999908447266,89.4800033569336,89.93000030517578,70.00350952148438,1248800
2019-09-17,ED,ED,90.04000091552734,91.44999694824219,90.04000091552734,90.93000030517578,70.78195190429688,1241100
2019-09-18,ED,ED,91.2699966430664,91.63999938964844,90.69000244140625,91.4800033569336,71.21007537841797,1133000
2019-09-19,ED,ED,91.7699966430664,91.9800033569336,91.41000366210938,91.87999725341797,71.52144622802734,1004500
2019-09-20,ED,ED,92.18000030517578,92.52999877929688,91.4000015258789,92.4000015258789,71.92621612548828,3570900
2019-09-23,ED,ED,93.2699966430664,93.31999969482422,92.48999786376953,92.75,72.19866943359375,1336400
2019-09-24,ED,ED,92.94000244140625,94.13999938964844,92.70999908447266,93.95999908447266,73.14056396484375,2008100
2019-09-25,ED,ED,93.6500015258789,94.08999633789062,93.3499984741211,93.98999786376953,73.16390991210938,1220900
2019-09-26,ED,ED,94.36000061035156,94.95999908447266,93.98999786376953,94.6500015258789,73.67767333984375,1254200
2019-09-27,ED,ED,94.6500015258789,94.83000183105469,93.91999816894531,94.62000274658203,73.65430450439453,1160800
2019-09-30,ED,ED,94.70999908447266,94.97000122070312,94.01000213623047,94.47000122070312,73.53755187988281,1396000
2019-10-01,ED,ED,94.16999816894531,94.4800033569336,93.62000274658203,94.0999984741211,73.24951934814453,1223900
2019-10-02,ED,ED,93.87000274658203,94.25,92.58000183105469,92.66999816894531,72.1363754272461,1688400
2019-10-03,ED,ED,92.79000091552734,93.0999984741211,92.41000366210938,93.0199966430664,72.40885162353516,1439800
2019-10-04,ED,ED,93.30999755859375,94.2300033569336,92.83000183105469,94.13999938964844,73.28067016601562,1151900
2019-10-07,ED,ED,93.8499984741211,94.11000061035156,93.51000213623047,93.86000061035156,73.06270599365234,851400
2019-10-08,ED,ED,93.83999633789062,93.91000366210938,92.86000061035156,93.0,72.39325714111328,1445700
2019-10-09,ED,ED,93.13999938964844,93.73999786376953,92.97000122070312,93.36000061035156,72.67350769042969,847500
2019-10-10,ED,ED,93.29000091552734,93.48999786376953,92.54000091552734,93.05000305175781,72.43218994140625,1179200
2019-10-11,ED,ED,92.8499984741211,92.9800033569336,91.93000030517578,92.22000122070312,71.78608703613281,1311700
2019-10-14,ED,ED,92.33999633789062,92.33999633789062,91.22000122070312,91.25,71.03102111816406,1017500
2019-10-15,ED,ED,91.19000244140625,91.56999969482422,90.62999725341797,90.73999786376953,70.63404083251953,1521400
2019-10-16,ED,ED,90.58999633789062,90.93000030517578,90.26000213623047,90.83999633789062,70.71186828613281,1295000
2019-10-17,ED,ED,90.8499984741211,91.5199966430664,90.80999755859375,91.30000305175781,71.06996154785156,1096100
2019-10-18,ED,ED,91.16999816894531,91.62999725341797,90.7300033569336,91.48999786376953,71.21784210205078,1135200
2019-10-21,ED,ED,91.6500015258789,92.73999786376953,91.5,92.68000030517578,72.1441650390625,2118000
2019-10-22,ED,ED,92.68000030517578,93.33999633789062,92.4000015258789,93.27999877929688,72.61119842529297,1183200
2019-10-23,ED,ED,93.36000061035156,94.06999969482422,93.05000305175781,93.69999694824219,72.93816375732422,1465000
2019-10-24,ED,ED,93.88999938964844,94.41999816894531,93.51000213623047,94.29000091552734,73.39742279052734,1028900
2019-10-25,ED,ED,94.86000061035156,94.93000030517578,92.9000015258789,93.31999969482422,72.64236450195312,1299500
2019-10-28,ED,ED,92.91999816894531,93.22000122070312,91.08000183105469,91.08999633789062,70.9064712524414,1778700
2019-10-29,ED,ED,90.93000030517578,91.52999877929688,90.66000366210938,91.41999816894531,71.1633529663086,1307400
2019-10-30,ED,ED,91.4800033569336,92.04000091552734,90.95999908447266,91.66000366210938,71.35017395019531,1207800
2019-10-31,ED,ED,91.7300033569336,92.29000091552734,91.37000274658203,92.22000122070312,71.78608703613281,2296800
2019-11-01,ED,ED,92.23999786376953,92.41000366210938,90.94999694824219,91.12000274658203,70.92986297607422,1607000
2019-11-04,ED,ED,90.81999969482422,91.05999755859375,89.56999969482422,89.91999816894531,69.99574279785156,2359800
2019-11-05,ED,ED,89.0999984741211,89.29000091552734,87.5199966430664,88.31999969482422,68.75025939941406,2829800
2019-11-06,ED,ED,88.63999938964844,89.18000030517578,88.08000183105469,88.62000274658203,68.98377990722656,1824100
2019-11-07,ED,ED,87.91999816894531,88.1500015258789,86.58999633789062,87.22000122070312,67.89398193359375,2322500
2019-11-08,ED,ED,87.19999694824219,87.91999816894531,86.93000030517578,87.91999816894531,68.43888854980469,1400200
2019-11-11,ED,ED,87.91000366210938,88.0,87.33999633789062,87.5,68.11192321777344,1211400
2019-11-12,ED,ED,86.93000030517578,87.12000274658203,86.0999984741211,86.41999816894531,67.84500885009766,1425300
2019-11-13,ED,ED,86.94000244140625,87.79000091552734,86.76000213623047,87.5,68.69287872314453,1990600
2019-11-14,ED,ED,86.5,87.44999694824219,86.44999694824219,87.23999786376953,68.48876953125,1698000
2019-11-15,ED,ED,87.30000305175781,87.73999786376953,87.16000366210938,87.7300033569336,68.87346649169922,1127100
2019-11-18,ED,ED,87.98999786376953,88.66000366210938,87.29000091552734,87.47000122070312,68.66934967041016,1137100
2019-11-19,ED,ED,87.19999694824219,87.25,86.30000305175781,86.87999725341797,68.20613861083984,1860700
2019-11-20,ED,ED,87.19000244140625,87.5,86.55000305175781,87.30999755859375,68.54373168945312,1377800
2019-11-21,ED,ED,86.5,87.02999877929688,86.31999969482422,86.81999969482422,68.1590576171875,1441600
2019-11-22,ED,ED,86.66999816894531,86.94999694824219,85.69000244140625,86.19000244140625,67.66447448730469,1874700
2019-11-25,ED,ED,86.0999984741211,86.4000015258789,85.66999816894531,86.04000091552734,67.54669952392578,1110700
2019-11-26,ED,ED,86.08999633789062,86.5,85.86000061035156,86.44000244140625,67.8607406616211,2063300
2019-11-27,ED,ED,86.45999908447266,86.87999725341797,86.30000305175781,86.7300033569336,68.08840942382812,1007700
2019-11-29,ED,ED,87.08999633789062,87.77999877929688,86.62999725341797,86.88999938964844,68.21400451660156,747300
2019-12-02,ED,ED,86.5,86.63999938964844,85.47000122070312,85.55000305175781,67.16203308105469,1329300
2019-12-03,ED,ED,85.9000015258789,86.48999786376953,85.5999984741211,86.29000091552734,67.74298858642578,1535600
2019-12-04,ED,ED,85.94000244140625,86.91999816894531,85.94000244140625,86.77999877929688,68.12762451171875,1356800
2019-12-05,ED,ED,86.5999984741211,86.76000213623047,86.25,86.69000244140625,68.0569839477539,1072900
2019-12-06,ED,ED,86.54000091552734,87.19000244140625,86.47000122070312,86.79000091552734,68.13551330566406,1007800
2019-12-09,ED,ED,86.80000305175781,86.81999969482422,86.31999969482422,86.55999755859375,67.95494079589844,1458600
2019-12-10,ED,ED,86.6500015258789,87.19000244140625,86.43000030517578,86.80000305175781,68.14334869384766,1517500
2019-12-11,ED,ED,87.0,87.6500015258789,86.81999969482422,87.58999633789062,68.7635269165039,1817600
2019-12-12,ED,ED,87.41999816894531,87.86000061035156,87.0199966430664,87.5199966430664,68.70858001708984,1838100
2019-12-13,ED,ED,87.20999908447266,88.0999984741211,86.91999816894531,87.83000183105469,68.95196533203125,2174800
2019-12-16,ED,ED,88.05000305175781,88.36000061035156,87.48999786376953,88.2300033569336,69.26600646972656,2829900
2019-12-17,ED,ED,88.31999969482422,89.41000366210938,88.19000244140625,88.52999877929688,69.50152587890625,1681000
2019-12-18,ED,ED,88.94000244140625,89.2300033569336,88.45999908447266,89.0,69.87049865722656,1810200
2019-12-19,ED,ED,89.06999969482422,89.75,88.94000244140625,89.69999694824219,70.42001342773438,2234300
2019-12-20,ED,ED,90.13999938964844,91.13999938964844,89.77999877929688,90.62999725341797,71.1501235961914,3551200
2019-12-23,ED,ED,90.83999633789062,91.0999984741211,89.41999816894531,89.77999877929688,70.48282623291016,1345700
2019-12-24,ED,ED,89.75,89.81999969482422,89.23999786376953,89.66999816894531,70.39649200439453,350700
2019-12-26,ED,ED,89.73999786376953,89.81999969482422,89.16000366210938,89.6500015258789,70.38076782226562,717500
2019-12-27,ED,ED,89.66000366210938,89.98999786376953,89.51000213623047,89.94000244140625,70.60843658447266,836600
2019-12-30,ED,ED,89.69999694824219,90.19000244140625,89.55000305175781,90.19000244140625,70.8046875,1264100
2019-12-31,ED,ED,90.19000244140625,90.48999786376953,89.81999969482422,90.47000122070312,71.0245361328125,1153600
2020-01-02,ED,ED,90.55000305175781,90.6500015258789,88.47000122070312,88.86000061035156,69.7605972290039,1335100
2020-01-03,ED,ED,88.55999755859375,89.2300033569336,88.45999908447266,88.62999725341797,69.57999420166016,1379600
2020-01-06,ED,ED,88.66999816894531,89.05999755859375,88.0999984741211,88.33999633789062,69.35232543945312,1395300
2020-01-07,ED,ED,88.0,88.58000183105469,87.18000030517578,87.66999816894531,68.82634735107422,1897700
2020-01-08,ED,ED,87.08000183105469,87.37999725341797,86.69000244140625,86.97000122070312,68.27680206298828,2255000
2020-01-09,ED,ED,86.81999969482422,87.25,86.70999908447266,86.87999725341797,68.20613861083984,1523200
2020-01-10,ED,ED,87.0999984741211,87.75,87.06999969482422,87.48999786376953,68.6850357055664,1453400
2020-01-13,ED,ED,87.47000122070312,88.19000244140625,87.29000091552734,87.79000091552734,68.9205551147461,1351800
2020-01-14,ED,ED,87.83000183105469,88.05999755859375,87.12999725341797,87.77999877929688,68.91270446777344,2134500
2020-01-15,ED,ED,88.05999755859375,89.19999694824219,87.94999694824219,88.95999908447266,69.83908081054688,1944200
2020-01-16,ED,ED,89.08000183105469,89.31999969482422,88.95999908447266,89.16999816894531,70.00394439697266,1707100
2020-01-17,ED,ED,89.16999816894531,90.41999816894531,88.93000030517578,90.23999786376953,70.84396362304688,2538400
2020-01-21,ED,ED,90.37000274658203,90.87000274658203,89.87999725341797,90.83000183105469,71.30715942382812,2140900
2020-01-22,ED,ED,91.19999694824219,91.5999984741211,91.01000213623047,91.16000366210938,71.56622314453125,1581700
2020-01-23,ED,ED,91.19999694824219,92.79000091552734,91.19999694824219,92.7699966430664,72.83016204833984,1741900
2020-01-24,ED,ED,92.55999755859375,93.72000122070312,92.5199966430664,93.61000061035156,73.4896240234375,1455900
2020-01-27,ED,ED,93.70999908447266,94.16000366210938,93.12999725341797,93.41000366210938,73.33261108398438,1999400
2020-01-28,ED,ED,93.47000122070312,94.68000030517578,93.47000122070312,94.18000030517578,73.93710327148438,1496500
2020-01-29,ED,ED,94.06999969482422,94.62000274658203,93.55000305175781,94.44000244140625,74.14122772216797,1640800
2020-01-30,ED,ED,94.5,94.93000030517578,93.91000366210938,94.73999786376953,74.37673950195312,1429700
2020-01-31,ED,ED,94.63999938964844,95.0999984741211,93.55000305175781,94.0,73.79578399658203,3781500
2020-02-03,ED,ED,94.16000366210938,94.31999969482422,93.33999633789062,93.8499984741211,73.67803192138672,1434400
2020-02-04,ED,ED,93.7300033569336,94.05999755859375,92.5,92.54000091552734,72.64961242675781,1631900
2020-02-05,ED,ED,92.4000015258789,93.48999786376953,92.18000030517578,93.4000015258789,73.32475280761719,1270800
2020-02-06,ED,ED,93.56999969482422,93.95999908447266,93.2300033569336,93.47000122070312,73.37969970703125,1212700
2020-02-07,ED,ED,93.77999877929688,93.95999908447266,92.77999877929688,92.77999877929688,72.83799743652344,1098300
2020-02-10,ED,ED,92.80999755859375,93.08999633789062,92.29000091552734,93.08000183105469,73.07353210449219,1029900
2020-02-11,ED,ED,93.29000091552734,93.62000274658203,93.01000213623047,93.18000030517578,73.15203857421875,1141700
2020-02-12,ED,ED,92.79000091552734,93.1500015258789,92.44999694824219,92.87000274658203,72.9086685180664,1552200
2020-02-13,ED,ED,92.80000305175781,93.73999786376953,92.2300033569336,93.63999938964844,73.51316833496094,1244300
2020-02-14,ED,ED,93.91999816894531,94.4800033569336,93.75,94.30000305175781,74.03130340576172,1249200
2020-02-18,ED,ED,93.72000122070312,94.58000183105469,93.62999725341797,94.3499984741211,74.6763687133789,2172700
2020-02-19,ED,ED,94.2699966430664,94.58000183105469,93.73999786376953,93.87999725341797,74.30437469482422,1029900
2020-02-20,ED,ED,93.87000274658203,94.6500015258789,93.62999725341797,94.58000183105469,74.8583984375,1319000
2020-02-21,ED,ED,91.20999908447266,91.68000030517578,89.2699966430664,90.18000030517578,71.37588500976562,3976900
2020-02-24,ED,ED,89.45999908447266,90.12999725341797,88.5999984741211,88.88999938964844,70.3548812866211,2393400
2020-02-25,ED,ED,89.19999694824219,89.4000015258789,88.0199966430664,88.25,69.84832763671875,2328700
2020-02-26,ED,ED,88.43000030517578,89.1500015258789,87.66999816894531,87.69000244140625,69.40511322021484,2455200
2020-02-27,ED,ED,87.3499984741211,87.88999938964844,83.16999816894531,83.19000244140625,65.84341430664062,2752600
2020-02-28,ED,ED,81.26000213623047,81.27999877929688,77.80000305175781,78.81999969482422,62.38463592529297,5357400
2020-03-02,ED,ED,79.58999633789062,84.81999969482422,79.27999877929688,84.52999877929688,66.9040298461914,3615400
2020-03-03,ED,ED,84.38999938964844,86.43000030517578,83.56999969482422,83.83999633789062,66.35787963867188,3129700
2020-03-04,ED,ED,84.80999755859375,88.33999633789062,84.80999755859375,88.01000213623047,69.65837860107422,2415100
2020-03-05,ED,ED,86.6500015258789,88.08000183105469,86.06999969482422,87.58000183105469,69.31803131103516,2282900
2020-03-06,ED,ED,85.29000091552734,88.5,85.16000366210938,87.9000015258789,69.5713119506836,4705400
2020-03-09,ED,ED,85.55000305175781,89.93000030517578,83.5199966430664,88.66000366210938,70.17284393310547,5398100
2020-03-10,ED,ED,89.41000366210938,91.52999877929688,87.4000015258789,89.4000015258789,70.75852966308594,4040400
2020-03-11,ED,ED,87.56999969482422,88.0,84.69000244140625,86.5,68.46324157714844,4162800
2020-03-12,ED,ED,80.62999725341797,86.01000213623047,78.43000030517578,83.79000091552734,66.31832122802734,6073000
2020-03-13,ED,ED,86.33999633789062,89.16000366210938,84.0199966430664,88.06999969482422,69.70586395263672,5699300
2020-03-16,ED,ED,82.6500015258789,86.63999938964844,78.81999969482422,79.55000305175781,62.962440490722656,5037300
2020-03-17,ED,ED,81.41999816894531,94.62999725341797,81.41999816894531,93.87999725341797,74.30437469482422,5432000
2020-03-18,ED,ED,88.91000366210938,93.87999725341797,86.43000030517578,92.19999694824219,72.97468566894531,4117600
2020-03-19,ED,ED,92.55999755859375,92.55999755859375,79.55999755859375,80.08999633789062,63.389827728271484,5082100
2020-03-20,ED,ED,81.23999786376953,81.5,71.06999969482422,72.58999633789062,57.45370101928711,4902400
2020-03-23,ED,ED,72.5,72.69000244140625,62.029998779296875,65.3499984741211,51.7233772277832,5017900
2020-03-24,ED,ED,67.5,71.20999908447266,64.58000183105469,70.51000213623047,55.80741882324219,3372200
2020-03-25,ED,ED,69.3499984741211,74.45999908447266,67.80000305175781,70.93000030517578,56.139854431152344,3122100
2020-03-26,ED,ED,70.62000274658203,76.7300033569336,70.19999694824219,75.91999816894531,60.089351654052734,2771000
2020-03-27,ED,ED,74.26000213623047,79.72000122070312,74.01000213623047,77.9000015258789,61.6564826965332,2291500
2020-03-30,ED,ED,79.72000122070312,81.08999633789062,78.04000091552734,80.7300033569336,63.89638900756836,2557200
2020-03-31,ED,ED,79.75,80.0,77.33999633789062,78.0,61.735626220703125,3389300
2020-04-01,ED,ED,75.70999908447266,78.44000244140625,75.25,77.61000061035156,61.426944732666016,6352500
2020-04-02,ED,ED,76.0,79.62999725341797,76.0,78.93000030517578,62.47170639038086,3021800
2020-04-03,ED,ED,78.22000122070312,78.93000030517578,76.98999786376953,77.9000015258789,61.6564826965332,3904500
2020-04-06,ED,ED,80.70999908447266,83.0,79.56999969482422,81.05000305175781,64.14965057373047,2608100
2020-04-07,ED,ED,82.94000244140625,83.22000122070312,79.6500015258789,79.91999816894531,63.25526428222656,2173300
2020-04-08,ED,ED,80.55999755859375,84.73999786376953,79.5199966430664,83.83000183105469,66.3499755859375,1974700
2020-04-09,ED,ED,83.88999938964844,89.37000274658203,83.86000061035156,87.94000244140625,69.60297393798828,2111900
2020-04-13,ED,ED,86.18000030517578,87.1500015258789,84.06999969482422,84.83999633789062,67.14938354492188,1095900
2020-04-14,ED,ED,87.01000213623047,89.48999786376953,86.08000183105469,89.30000305175781,70.67938232421875,1814000
2020-04-15,ED,ED,87.98999786376953,88.08000183105469,86.0999984741211,86.97000122070312,68.83524322509766,1425700
2020-04-16,ED,ED,87.68000030517578,89.30999755859375,87.36000061035156,88.41000366210938,69.9749755859375,1594500
2020-04-17,ED,ED,89.52999877929688,90.0,87.6500015258789,89.55999755859375,70.88516235351562,1211900
2020-04-20,ED,ED,88.95999908447266,89.43000030517578,85.33000183105469,85.47000122070312,67.64801788330078,1551000
2020-04-21,ED,ED,84.47000122070312,85.0,82.70999908447266,83.48999786376953,66.08087921142578,2118100
2020-04-22,ED,ED,84.7300033569336,85.05000305175781,83.54000091552734,84.12000274658203,66.57950592041016,1497200
2020-04-23,ED,ED,84.12000274658203,84.79000091552734,81.55999755859375,81.77999877929688,64.7274398803711,1868100
2020-04-24,ED,ED,82.19000244140625,82.8499984741211,80.91000366210938,82.63999938964844,65.40811920166016,1748600
2020-04-27,ED,ED,82.86000061035156,83.44999694824219,82.5199966430664,82.66999816894531,65.4318618774414,1518300
2020-04-28,ED,ED,83.87999725341797,85.02999877929688,82.70999908447266,83.0999984741211,65.7721939086914,1687100
2020-04-29,ED,ED,85.94999694824219,85.94999694824219,81.0999984741211,81.27999877929688,64.33169555664062,2020400
2020-04-30,ED,ED,80.69000244140625,80.81999969482422,78.22000122070312,78.80000305175781,62.36882019042969,3129500
2020-05-01,ED,ED,78.3499984741211,78.44000244140625,76.63999938964844,77.25,61.142005920410156,1786000
2020-05-04,ED,ED,76.81999969482422,77.37000274658203,75.7699966430664,77.05999755859375,60.99163818359375,1756000
2020-05-05,ED,ED,77.16999816894531,78.56999969482422,76.70999908447266,77.54000091552734,61.37153625488281,1627100
2020-05-06,ED,ED,77.54000091552734,78.0,74.19999694824219,74.37999725341797,58.87045669555664,2274400
2020-05-07,ED,ED,75.04000091552734,75.66000366210938,73.91000366210938,74.06999969482422,58.625099182128906,2339800
2020-05-08,ED,ED,74.9000015258789,74.94000244140625,72.87999725341797,74.18000030517578,58.7121696472168,2324500
2020-05-11,ED,ED,73.77999877929688,74.13999938964844,72.20999908447266,72.63999938964844,57.49326705932617,2294500
2020-05-12,ED,ED,71.87999725341797,72.1500015258789,70.76000213623047,71.58999633789062,57.26531219482422,2524800
2020-05-13,ED,ED,71.23999786376953,71.55000305175781,69.8499984741211,71.45999908447266,57.16133117675781,2130200
2020-05-14,ED,ED,70.87000274658203,72.18000030517578,69.25,71.63999938964844,57.3052978515625,2131700
2020-05-15,ED,ED,71.16999816894531,71.23999786376953,69.16000366210938,70.36000061035156,56.281429290771484,3950400
2020-05-18,ED,ED,72.01000213623047,73.77999877929688,71.41999816894531,73.11000061035156,58.48116683959961,2247900
2020-05-19,ED,ED,72.62000274658203,73.08999633789062,70.86000061035156,70.87999725341797,56.69736862182617,1809100
2020-05-20,ED,ED,71.33000183105469,72.37000274658203,70.38999938964844,70.73999786376953,56.585391998291016,1714200
2020-05-21,ED,ED,70.44000244140625,71.16000366210938,69.68000030517578,69.91999816894531,55.92945861816406,1317900
2020-05-22,ED,ED,69.86000061035156,70.30999755859375,69.44999694824219,70.18000030517578,56.13743209838867,1397000
2020-05-26,ED,ED,71.01000213623047,72.33999633789062,70.81999969482422,71.19000244140625,56.94536209106445,2232100
2020-05-27,ED,ED,72.08000183105469,72.55000305175781,70.55999755859375,71.25,56.99333953857422,1615800
2020-05-28,ED,ED,72.2699966430664,73.27999877929688,72.06999969482422,73.1500015258789,58.5131721496582,1567400
2020-05-29,ED,ED,72.86000061035156,75.20999908447266,72.44999694824219,75.05999755859375,60.04098129272461,3220700
2020-06-01,ED,ED,74.97000122070312,75.70999908447266,73.93000030517578,75.06999969482422,60.04897689819336,1612100
2020-06-02,ED,ED,75.43000030517578,75.5199966430664,73.98999786376953,74.81999969482422,59.84900665283203,1418100
2020-06-03,ED,ED,75.19999694824219,76.29000091552734,75.0,75.66999816894531,60.528926849365234,1512400
2020-06-04,ED,ED,75.2300033569336,75.61000061035156,73.8499984741211,74.83000183105469,59.85702896118164,1676100
2020-06-05,ED,ED,75.30000305175781,76.20999908447266,74.95999908447266,75.33000183105469,60.25697326660156,1916800
2020-06-08,ED,ED,75.4000015258789,77.7699966430664,75.0999984741211,77.70999908447266,62.16074752807617,1914900
2020-06-09,ED,ED,77.25,77.33999633789062,75.87000274658203,76.69999694824219,61.35282897949219,1867900
2020-06-10,ED,ED,76.5,77.66999816894531,76.5,76.94999694824219,61.552825927734375,1784200
2020-06-11,ED,ED,75.7699966430664,75.98999786376953,73.80999755859375,74.66999816894531,59.72901916503906,2175700
2020-06-12,ED,ED,76.06999969482422,76.4000015258789,74.2699966430664,75.37999725341797,60.29695510864258,2456700
2020-06-15,ED,ED,74.37000274658203,76.80000305175781,73.8499984741211,75.5999984741211,60.47294235229492,2742500
2020-06-16,ED,ED,77.0199966430664,78.16999816894531,75.94000244140625,76.37000274658203,61.08885192871094,1880300
2020-06-17,ED,ED,76.62000274658203,76.68000030517578,74.80999755859375,75.29000091552734,60.224979400634766,1933900
2020-06-18,ED,ED,74.9800033569336,75.97000122070312,74.51000213623047,74.87000274658203,59.88902282714844,1406600
2020-06-19,ED,ED,75.91999816894531,75.91999816894531,71.44000244140625,71.44000244140625,57.145328521728516,4629900
2020-06-22,ED,ED,71.44000244140625,72.68000030517578,70.86000061035156,71.41999816894531,57.12932205200195,2184300
2020-06-23,ED,ED,72.12000274658203,72.31999969482422,70.69999694824219,70.94000244140625,56.745384216308594,1395200
2020-06-24,ED,ED,70.31999969482422,72.01000213623047,69.91000366210938,71.52999877929688,57.21731948852539,2436900
2020-06-25,ED,ED,71.26000213623047,71.37999725341797,69.80999755859375,70.62000274658203,56.489410400390625,2435600
2020-06-26,ED,ED,70.63999938964844,71.9800033569336,70.45999908447266,71.27999877929688,57.017333984375,3422600
2020-06-29,ED,ED,71.76000213623047,72.69999694824219,70.69000244140625,72.69999694824219,58.1532096862793,1594000
2020-06-30,ED,ED,72.61000061035156,72.9800033569336,71.01000213623047,71.93000030517578,57.53728103637695,2206200
2020-07-01,ED,ED,71.93000030517578,73.41999816894531,71.81999969482422,73.0999984741211,58.473167419433594,1692100
2020-07-02,ED,ED,73.0999984741211,74.36000061035156,73.01000213623047,73.80999755859375,59.041099548339844,1430400
2020-07-06,ED,ED,74.47000122070312,75.12000274658203,72.5,73.0999984741211,58.473167419433594,1520800
2020-07-07,ED,ED,72.20999908447266,72.76000213623047,72.12000274658203,72.5,57.993228912353516,1775800
2020-07-08,ED,ED,72.66999816894531,72.87999725341797,71.83999633789062,72.43000030517578,57.9372444152832,1455100
2020-07-09,ED,ED,71.98999786376953,72.0999984741211,70.01000213623047,71.70999908447266,57.36128616333008,1698600
2020-07-10,ED,ED,71.70999908447266,72.69999694824219,71.45999908447266,72.4800033569336,57.977230072021484,1746100
2020-07-13,ED,ED,72.48999786376953,72.77999877929688,71.69000244140625,72.16000366210938,57.72126007080078,1868300
2020-07-14,ED,ED,72.19000244140625,73.26000213623047,71.61000061035156,72.16999816894531,57.72926330566406,2122900
2020-07-15,ED,ED,72.30999755859375,72.9000015258789,71.37999725341797,71.51000213623047,57.20130920410156,2357500
2020-07-16,ED,ED,71.68000030517578,72.29000091552734,71.45999908447266,71.83999633789062,57.46528625488281,1158000
2020-07-17,ED,ED,72.02999877929688,74.12000274658203,72.02999877929688,74.06999969482422,59.24906921386719,1742300
2020-07-20,ED,ED,73.62000274658203,73.8499984741211,72.87999725341797,73.26000213623047,58.60115432739258,1455000
2020-07-21,ED,ED,73.0199966430664,74.9800033569336,72.88999938964844,74.27999877929688,59.417049407958984,2174700
2020-07-22,ED,ED,74.02999877929688,76.18000030517578,73.55000305175781,75.76000213623047,60.60091018676758,1714700
2020-07-23,ED,ED,75.7699966430664,76.7699966430664,75.54000091552734,76.25,60.99287414550781,1574700
2020-07-24,ED,ED,76.62000274658203,77.6500015258789,75.26000213623047,75.58000183105469,60.456932067871094,1619200
2020-07-27,ED,ED,75.37999725341797,75.38999938964844,74.08999633789062,74.76000213623047,59.80101776123047,1731900
2020-07-28,ED,ED,74.43000030517578,76.66999816894531,74.43000030517578,76.36000061035156,61.08086395263672,1520600
2020-07-29,ED,ED,76.27999877929688,76.9000015258789,75.5,76.69999694824219,61.35282897949219,1515700
2020-07-30,ED,ED,76.11000061035156,77.13999938964844,75.87000274658203,76.94000244140625,61.5448112487793,2133000
2020-07-31,ED,ED,76.55999755859375,77.11000061035156,75.8499984741211,76.83000183105469,61.456825256347656,4369300
2020-08-03,ED,ED,76.55000305175781,76.6500015258789,75.23999786376953,75.91000366210938,60.72090148925781,1645800
2020-08-04,ED,ED,75.75,76.69000244140625,75.66000366210938,75.9000015258789,60.712913513183594,2008500
2020-08-05,ED,ED,75.58999633789062,75.94999694824219,73.5,73.66000366210938,58.9211311340332,2035900
2020-08-06,ED,ED,73.88999938964844,74.12000274658203,73.1500015258789,73.91999816894531,59.129093170166016,1579600
2020-08-07,ED,ED,73.25,75.80000305175781,73.22000122070312,75.11000061035156,60.08098220825195,1633800
2020-08-10,ED,ED,75.94000244140625,76.33999633789062,75.19999694824219,75.37999725341797,60.29695510864258,1505800
2020-08-11,ED,ED,75.0,75.41000366210938,73.12000274658203,73.26000213623047,58.60115432739258,1970600
2020-08-12,ED,ED,73.51000213623047,74.88999938964844,73.44000244140625,74.26000213623047,59.40106964111328,1370100
2020-08-13,ED,ED,73.8499984741211,74.02999877929688,72.98999786376953,73.7699966430664,59.00911331176758,1566400
2020-08-14,ED,ED,73.3499984741211,74.08999633789062,72.79000091552734,73.52999877929688,58.81712341308594,1641600
2020-08-17,ED,ED,73.80999755859375,75.0199966430664,73.4000015258789,74.41000366210938,59.521053314208984,2529200
2020-08-18,ED,ED,73.6500015258789,73.94999694824219,73.11000061035156,73.3499984741211,59.282623291015625,1548700
2020-08-19,ED,ED,73.3499984741211,73.88999938964844,72.9000015258789,73.44000244140625,59.355384826660156,1742300
2020-08-20,ED,ED,73.0999984741211,73.72000122070312,72.31999969482422,72.4000015258789,58.51482009887695,2444100
2020-08-21,ED,ED,72.66999816894531,72.69999694824219,71.18000030517578,72.19999694824219,58.353179931640625,3823700
2020-08-24,ED,ED,72.31999969482422,74.33000183105469,71.8499984741211,74.31999969482422,60.066593170166016,2326500
2020-08-25,ED,ED,74.36000061035156,74.4800033569336,72.69000244140625,73.01000213623047,59.00783157348633,2057000
2020-08-26,ED,ED,72.44999694824219,72.44999694824219,70.30999755859375,70.77999877929688,57.20550537109375,2667500
2020-08-27,ED,ED,71.0,71.79000091552734,70.55000305175781,71.06999969482422,57.439884185791016,1808700
2020-08-28,ED,ED,71.26000213623047,71.26000213623047,70.0999984741211,70.91999816894531,57.318668365478516,1479900
2020-08-31,ED,ED,70.61000061035156,71.44999694824219,70.58999633789062,71.33999633789062,57.658119201660156,2461900
2020-09-01,ED,ED,70.87999725341797,71.0,69.37000274658203,69.6500015258789,56.29222106933594,1867700
2020-09-02,ED,ED,69.55999755859375,72.41000366210938,69.30000305175781,72.2300033569336,58.377418518066406,2391800
2020-09-03,ED,ED,72.61000061035156,73.56999969482422,71.77999877929688,72.4000015258789,58.51482009887695,3609400
2020-09-04,ED,ED,72.86000061035156,73.51000213623047,71.9000015258789,73.04000091552734,59.03207778930664,3121300
2020-09-08,ED,ED,72.98999786376953,73.44000244140625,72.08000183105469,72.80000305175781,58.83811569213867,3104400
2020-09-09,ED,ED,73.33999633789062,74.55000305175781,72.86000061035156,72.91000366210938,58.927001953125,1970100
2020-09-10,ED,ED,72.62999725341797,74.25,71.68000030517578,72.7699966430664,58.81386184692383,8656400
2020-09-11,ED,ED,72.68000030517578,73.04000091552734,72.11000061035156,72.73999786376953,58.78960418701172,2176200
2020-09-14,ED,ED,73.44000244140625,74.4800033569336,72.81999969482422,74.22000122070312,59.98577117919922,2308900
2020-09-15,ED,ED,74.73999786376953,75.58999633789062,73.95999908447266,74.47000122070312,60.187828063964844,2637300
2020-09-16,ED,ED,74.30000305175781,76.33999633789062,74.0,75.68000030517578,61.16575622558594,3961200
2020-09-17,ED,ED,75.2699966430664,76.55000305175781,74.61000061035156,75.93000030517578,61.36782455444336,3690400
2020-09-18,ED,ED,75.37999725341797,75.91999816894531,73.63999938964844,73.87999725341797,59.710968017578125,4431900
2020-09-21,ED,ED,73.33000183105469,73.72000122070312,71.7300033569336,72.83999633789062,58.87041473388672,3213100
2020-09-22,ED,ED,72.63999938964844,74.19000244140625,72.4800033569336,73.69999694824219,59.565486907958984,2868200
2020-09-23,ED,ED,73.73999786376953,73.95999908447266,73.20999908447266,73.31999969482422,59.25837326049805,2228600
2020-09-24,ED,ED,73.37000274658203,74.16000366210938,72.55000305175781,73.93000030517578,59.75138854980469,1878100
2020-09-25,ED,ED,73.48999786376953,75.87999725341797,73.47000122070312,75.7699966430664,61.238502502441406,1561400
2020-09-28,ED,ED,75.9800033569336,77.16000366210938,75.51000213623047,76.31999969482422,61.683021545410156,1657600
2020-09-29,ED,ED,76.7300033569336,77.69999694824219,76.25,76.9800033569336,62.216434478759766,1608500
2020-09-30,ED,ED,77.44999694824219,78.05999755859375,77.16000366210938,77.80000305175781,62.87919235229492,1773100
2020-10-01,ED,ED,78.05000305175781,79.08000183105469,77.73999786376953,79.04000091552734,63.88138198852539,1562300
2020-10-02,ED,ED,78.52999877929688,80.20999908447266,78.26000213623047,79.7699966430664,64.47135162353516,1718900
2020-10-05,ED,ED,79.5999984741211,80.33000183105469,79.11000061035156,79.93000030517578,64.60069274902344,1357800
2020-10-06,ED,ED,80.05999755859375,81.22000122070312,79.45999908447266,80.76000213623047,65.27149963378906,1530700
2020-10-07,ED,ED,81.08999633789062,81.2300033569336,79.83999633789062,80.83000183105469,65.32809448242188,1335900
2020-10-08,ED,ED,81.25,82.3499984741211,80.88999938964844,82.2699966430664,66.49189758300781,1211900
2020-10-09,ED,ED,82.38999938964844,82.91999816894531,81.5199966430664,82.55000305175781,66.71820068359375,1170200
2020-10-12,ED,ED,82.44999694824219,83.12999725341797,82.4000015258789,82.88999938964844,66.99301147460938,946400
2020-10-13,ED,ED,82.0999984741211,82.62999725341797,80.83999633789062,82.31999969482422,66.53231811523438,1213400
2020-10-14,ED,ED,82.4000015258789,82.69999694824219,81.52999877929688,82.23999786376953,66.46765899658203,1074900
2020-10-15,ED,ED,81.1500015258789,82.26000213623047,80.88999938964844,81.73999786376953,66.06352233886719,1286500
2020-10-16,ED,ED,81.69999694824219,82.70999908447266,81.30999755859375,81.69999694824219,66.03121185302734,2205200
2020-10-19,ED,ED,81.69000244140625,82.33999633789062,80.5199966430664,80.79000091552734,65.2957534790039,2936200
2020-10-20,ED,ED,80.0,81.29000091552734,79.81999969482422,80.5999984741211,65.1421890258789,1627600
2020-10-21,ED,ED,80.37000274658203,81.0,79.9000015258789,80.33000183105469,64.92398071289062,1487000
2020-10-22,ED,ED,80.56999969482422,81.61000061035156,80.0,81.44000244140625,65.82108306884766,1509500
2020-10-23,ED,ED,81.97000122070312,82.08999633789062,81.2300033569336,81.5999984741211,65.95039367675781,1473600
2020-10-26,ED,ED,81.2300033569336,82.88999938964844,80.94000244140625,82.73999786376953,66.87177276611328,1342100
2020-10-27,ED,ED,82.94999694824219,83.91999816894531,82.22000122070312,83.05000305175781,67.12230682373047,1553300
2020-10-28,ED,ED,82.05000305175781,82.94000244140625,79.95999908447266,80.16000366210938,64.78656768798828,1778800
2020-10-29,ED,ED,79.9800033569336,80.75,78.86000061035156,79.7699966430664,64.47135162353516,1599300
2020-10-30,ED,ED,79.37000274658203,79.81999969482422,77.63999938964844,78.48999786376953,63.43685531616211,2353700
2020-11-02,ED,ED,79.38999938964844,80.08000183105469,78.12999725341797,79.77999877929688,64.47945404052734,2603500
2020-11-03,ED,ED,80.58999633789062,82.05999755859375,80.37999725341797,81.31999969482422,65.7240982055664,1722200
2020-11-04,ED,ED,81.31999969482422,82.27999877929688,79.54000091552734,79.55999755859375,64.3016357421875,1437700
2020-11-05,ED,ED,80.36000061035156,81.55999755859375,79.44000244140625,79.7300033569336,64.43904113769531,1659700
2020-11-06,ED,ED,79.30000305175781,79.97000122070312,77.27999877929688,77.80000305175781,62.87919235229492,2928800
2020-11-09,ED,ED,80.27999877929688,81.66000366210938,78.8499984741211,79.27999877929688,64.07534790039062,2248800
2020-11-10,ED,ED,79.73999786376953,82.27999877929688,79.3499984741211,82.08000183105469,66.3383560180664,3040300
2020-11-11,ED,ED,82.3499984741211,82.7300033569336,81.41000366210938,81.72000122070312,66.04737854003906,2693000
2020-11-12,ED,ED,81.44999694824219,81.70999908447266,79.51000213623047,80.51000213623047,65.0694580078125,2077800
2020-11-13,ED,ED,80.91000366210938,81.75,80.5,81.62999725341797,65.9746322631836,1712200
2020-11-16,ED,ED,82.48999786376953,82.75,81.91999816894531,82.70999908447266,66.8475341796875,2330100
2020-11-17,ED,ED,81.83000183105469,82.19999694824219,79.19000244140625,79.25,64.64904022216797,3695700
2020-11-18,ED,ED,79.5,79.66000366210938,77.55000305175781,77.69000244140625,63.37648010253906,2034800
2020-11-19,ED,ED,77.63999938964844,77.63999938964844,76.4800033569336,77.0999984741211,62.8951530456543,1722900
2020-11-20,ED,ED,77.43000030517578,77.66000366210938,76.69999694824219,77.38999938964844,63.131717681884766,4305000
2020-11-23,ED,ED,77.58000183105469,78.05000305175781,77.01000213623047,77.56999969482422,63.278568267822266,1814500
2020-11-24,ED,ED,78.06999969482422,78.9000015258789,77.62999725341797,78.37999725341797,63.9393424987793,1869400
2020-11-25,ED,ED,78.41999816894531,78.72000122070312,77.43000030517578,78.66000366210938,64.16776275634766,1631500
2020-11-27,ED,ED,78.51000213623047,78.58999633789062,77.51000213623047,77.7699966430664,63.44175338745117,722100
2020-11-30,ED,ED,77.5,77.7699966430664,75.91999816894531,76.25,62.20176696777344,2605200
2020-12-01,ED,ED,76.66000366210938,77.5,76.3499984741211,76.91000366210938,62.740177154541016,2241600
2020-12-02,ED,ED,75.83999633789062,77.08000183105469,75.3499984741211,77.02999877929688,62.83806228637695,3485600
2020-12-03,ED,ED,76.79000091552734,76.79000091552734,75.4000015258789,75.91000366210938,61.92439270019531,1946900
2020-12-04,ED,ED,75.83000183105469,76.54000091552734,75.01000213623047,75.30999755859375,61.43495559692383,3239600
2020-12-07,ED,ED,75.16999816894531,75.66000366210938,74.5999984741211,74.83999633789062,61.05152893066406,3177100
2020-12-08,ED,ED,74.55000305175781,75.29000091552734,74.12000274658203,74.55999755859375,60.82312774658203,2623600
2020-12-09,ED,ED,74.5199966430664,74.91000366210938,73.55000305175781,74.23999786376953,60.56207275390625,2905600
2020-12-10,ED,ED,74.2300033569336,74.5,73.05999755859375,73.3499984741211,59.836063385009766,3525800
2020-12-11,ED,ED,72.95999908447266,74.11000061035156,72.88999938964844,73.16000366210938,59.68107986450195,4566000
2020-12-14,ED,ED,73.6500015258789,74.2699966430664,72.30999755859375,72.41000366210938,59.06924819946289,4119300
2020-12-15,ED,ED,72.79000091552734,73.56999969482422,72.37000274658203,73.0,59.550559997558594,3451100
2020-12-16,ED,ED,73.05999755859375,73.48999786376953,71.55000305175781,71.75,58.530826568603516,3596100
2020-12-17,ED,ED,72.0999984741211,72.86000061035156,71.5999984741211,71.62000274658203,58.42479705810547,2229500
2020-12-18,ED,ED,71.86000061035156,72.48999786376953,70.68000030517578,71.1500015258789,58.04138946533203,6443800
2020-12-21,ED,ED,70.68000030517578,70.94999694824219,69.27999877929688,69.94999694824219,57.062461853027344,4621900
2020-12-22,ED,ED,69.87000274658203,69.87000274658203,69.29000091552734,69.6500015258789,56.81773376464844,2362600
2020-12-23,ED,ED,70.01000213623047,71.25,69.88999938964844,70.06999969482422,57.160362243652344,2829400
2020-12-24,ED,ED,70.2300033569336,70.45999908447266,69.6500015258789,70.44000244140625,57.46220016479492,843500
2020-12-28,ED,ED,70.70999908447266,71.58999633789062,70.5999984741211,71.26000213623047,58.13112258911133,2107200
2020-12-29,ED,ED,71.55000305175781,71.80999755859375,70.58999633789062,70.76000213623047,57.7232551574707,1472100
2020-12-30,ED,ED,70.7699966430664,71.25,70.58999633789062,71.0199966430664,57.935333251953125,1509600
2020-12-31,ED,ED,70.87999725341797,72.31999969482422,70.76000213623047,72.2699966430664,58.955039978027344,2081400
2021-01-04,ED,ED,72.2699966430664,72.36000061035156,70.22000122070312,70.66000366210938,57.64167404174805,2488700
2021-01-05,ED,ED,70.69999694824219,70.94000244140625,69.61000061035156,69.87000274658203,56.99721145629883,2192600
2021-01-06,ED,ED,70.0,71.66999816894531,69.91000366210938,71.36000061035156,58.21269989013672,2417200
2021-01-07,ED,ED,71.30000305175781,71.48999786376953,69.81999969482422,69.91000366210938,57.029842376708984,3066400
2021-01-08,ED,ED,70.4000015258789,70.4000015258789,69.5199966430664,69.93000030517578,57.0461540222168,2504100
2021-01-11,ED,ED,69.69999694824219,70.0999984741211,68.25,68.7300033569336,56.067237854003906,2773100
2021-01-12,ED,ED,68.43000030517578,68.6500015258789,66.91999816894531,67.91999816894531,55.40646743774414,2766500
2021-01-13,ED,ED,68.12000274658203,69.73999786376953,68.0,69.61000061035156,56.78511428833008,1930600
2021-01-14,ED,ED,69.87000274658203,69.94999694824219,68.3499984741211,68.45999908447266,55.84699249267578,4223300
2021-01-15,ED,ED,68.26000213623047,69.66999816894531,68.04000091552734,69.5999984741211,56.77695846557617,2139600
2021-01-19,ED,ED,69.81999969482422,69.91000366210938,68.94000244140625,69.4800033569336,56.67906188964844,2555000
2021-01-20,ED,ED,68.9800033569336,70.18000030517578,68.87000274658203,69.94000244140625,57.054325103759766,2784100
2021-01-21,ED,ED,69.04000091552734,69.9000015258789,68.94000244140625,69.1500015258789,56.40986251831055,2241600
2021-01-22,ED,ED,68.41000366210938,69.08999633789062,67.86000061035156,68.83000183105469,56.148826599121094,2364900
2021-01-25,ED,ED,68.69999694824219,70.68000030517578,68.62999725341797,70.63999938964844,57.625343322753906,3095400
2021-01-26,ED,ED,70.5999984741211,70.63999938964844,69.72000122070312,70.27999877929688,57.331668853759766,2261000
2021-01-27,ED,ED,69.91999816894531,73.08999633789062,69.72000122070312,71.54000091552734,58.35953903198242,5693800
2021-01-28,ED,ED,71.30999755859375,72.0,70.04000091552734,70.20999908447266,57.27457046508789,3986200
2021-01-29,ED,ED,70.06999969482422,71.41999816894531,69.5199966430664,70.77999877929688,57.739559173583984,6527600
2021-02-01,ED,ED,70.77999877929688,71.58000183105469,69.5199966430664,70.75,57.7150764465332,2429300
2021-02-02,ED,ED,70.9000015258789,72.04000091552734,70.19999694824219,70.26000213623047,57.315364837646484,2185700
2021-02-03,ED,ED,70.0199966430664,70.86000061035156,70.0,70.51000213623047,57.5192985534668,1767200
2021-02-04,ED,ED,70.5999984741211,71.0,70.02999877929688,70.58999633789062,57.584556579589844,2390900
2021-02-05,ED,ED,71.0199966430664,71.8499984741211,70.62000274658203,71.5,58.3269157409668,1642300
2021-02-08,ED,ED,71.77999877929688,71.95999908447266,71.02999877929688,71.27999877929688,58.147430419921875,1817600
2021-02-09,ED,ED,71.5199966430664,71.63999938964844,70.47000122070312,71.3499984741211,58.204532623291016,1447600
2021-02-10,ED,ED,71.80000305175781,72.31999969482422,71.37999725341797,72.30999755859375,58.987674713134766,1412600
2021-02-11,ED,ED,72.30999755859375,72.41999816894531,71.66000366210938,71.81999969482422,58.587947845458984,1792000
2021-02-12,ED,ED,71.87000274658203,72.08999633789062,70.69999694824219,71.05999755859375,57.96794891357422,1595700
2021-02-16,ED,ED,70.26000213623047,70.48999786376953,69.4000015258789,70.05000305175781,57.774147033691406,2264400
2021-02-17,ED,ED,70.16000366210938,70.5199966430664,69.69000244140625,70.16000366210938,57.864871978759766,1473800
2021-02-18,ED,ED,70.0,70.44999694824219,69.80999755859375,70.0199966430664,57.74940872192383,3041900
2021-02-19,ED,ED,69.51000213623047,69.63999938964844,67.94000244140625,68.18000030517578,56.23186492919922,4358700
2021-02-22,ED,ED,67.75,68.08000183105469,66.62999725341797,67.97000122070312,56.05865478515625,3936900
2021-02-23,ED,ED,68.56999969482422,68.69999694824219,67.30999755859375,67.66999816894531,55.81122970581055,3356800
2021-02-24,ED,ED,67.73999786376953,67.9000015258789,66.58999633789062,66.6500015258789,54.96997833251953,3339500
2021-02-25,ED,ED,66.69999694824219,67.3499984741211,66.61000061035156,67.1500015258789,55.38235092163086,2200300
2021-02-26,ED,ED,67.19000244140625,67.62000274658203,65.55999755859375,65.6500015258789,54.145225524902344,4072600
2021-03-01,ED,ED,66.12999725341797,67.5999984741211,66.05999755859375,67.04000091552734,55.291629791259766,4424300
2021-03-02,ED,ED,67.12999725341797,67.6500015258789,66.30999755859375,67.08000183105469,55.32463836669922,2253900
2021-03-03,ED,ED,66.83000183105469,67.62000274658203,66.4000015258789,67.43000030517578,55.61328887939453,1999300
2021-03-04,ED,ED,67.5,69.02999877929688,66.79000091552734,66.95999908447266,55.22565460205078,2850100
2021-03-05,ED,ED,67.36000061035156,68.66999816894531,66.81999969482422,68.30000305175781,56.33082962036133,3702700
2021-03-08,ED,ED,68.81999969482422,70.05000305175781,68.33000183105469,69.5,57.32052230834961,2990200
2021-03-09,ED,ED,69.0999984741211,69.97000122070312,68.86000061035156,69.69000244140625,57.47724533081055,3908500
2021-03-10,ED,ED,69.81999969482422,71.0199966430664,69.44000244140625,70.37000274658203,58.038082122802734,3268500
2021-03-11,ED,ED,69.93000030517578,70.55999755859375,69.56999969482422,69.81999969482422,57.58445739746094,3595300
2021-03-12,ED,ED,70.37999725341797,71.37000274658203,70.18000030517578,70.94000244140625,58.5081787109375,2896500
2021-03-15,ED,ED,71.26000213623047,72.22000122070312,71.2300033569336,71.81999969482422,59.23395919799805,3187400
2021-03-16,ED,ED,71.30000305175781,72.30999755859375,71.22000122070312,72.08000183105469,59.44839859008789,2775400
2021-03-17,ED,ED,72.31999969482422,72.93000030517578,71.7300033569336,71.79000091552734,59.209224700927734,4615300
2021-03-18,ED,ED,71.91999816894531,72.81999969482422,71.54000091552734,72.22000122070312,59.56385803222656,3839500
2021-03-19,ED,ED,72.58000183105469,72.87000274658203,71.68000030517578,72.30000305175781,59.629844665527344,5562600
2021-03-22,ED,ED,71.80999755859375,72.25,71.41000366210938,72.05000305175781,59.42364501953125,3343500
2021-03-23,ED,ED,71.94000244140625,73.4000015258789,71.88999938964844,73.23999786376953,60.40511703491211,3325200
2021-03-24,ED,ED,72.76000213623047,73.94000244140625,72.55999755859375,73.43000030517578,60.56184768676758,2049100
2021-03-25,ED,ED,73.93000030517578,74.73999786376953,73.3499984741211,74.2699966430664,61.25461959838867,2039500
2021-03-26,ED,ED,73.9000015258789,74.5,73.44999694824219,74.44000244140625,61.394840240478516,1649200
2021-03-29,ED,ED,74.44000244140625,76.05000305175781,74.26000213623047,75.44999694824219,62.22782516479492,1724500
2021-03-30,ED,ED,75.25,75.27999877929688,73.94000244140625,74.37999725341797,61.345340728759766,1594900
2021-03-31,ED,ED,74.12000274658203,74.94000244140625,74.0999984741211,74.80000305175781,61.69172286987305,3505800
2021-04-01,ED,ED,74.51000213623047,74.73999786376953,73.81999969482422,74.29000091552734,61.27111053466797,2038200
2021-04-05,ED,ED,74.4000015258789,75.54000091552734,74.36000061035156,75.27999877929688,62.08761215209961,1818000
2021-04-06,ED,ED,74.98999786376953,75.69000244140625,74.75,75.69000244140625,62.4257698059082,1255100
2021-04-07,ED,ED,75.76000213623047,76.06999969482422,74.94000244140625,75.30999755859375,62.112388610839844,1487800
2021-04-08,ED,ED,75.6500015258789,75.70999908447266,75.02999877929688,75.12000274658203,61.955650329589844,1855500
2021-04-09,ED,ED,75.0,75.5999984741211,75.0,75.16999816894531,61.99689865112305,1680400
2021-04-12,ED,ED,75.3499984741211,76.0,75.12000274658203,75.31999969482422,62.120601654052734,1454700
2021-04-13,ED,ED,75.01000213623047,76.05999755859375,74.81999969482422,75.87000274658203,62.57423782348633,1855100
2021-04-14,ED,ED,75.56999969482422,76.18000030517578,75.31999969482422,76.16000366210938,62.81339645385742,1408600
2021-04-15,ED,ED,75.95999908447266,77.23999786376953,75.95999908447266,77.19000244140625,63.66290283203125,3009200
2021-04-16,ED,ED,77.47000122070312,78.4800033569336,77.37999725341797,78.20999908447266,64.504150390625,2229700
2021-04-19,ED,ED,78.4800033569336,78.56999969482422,77.63999938964844,78.3499984741211,64.61962890625,1716700
2021-04-20,ED,ED,78.5,79.80000305175781,78.3499984741211,79.3499984741211,65.44438934326172,2589900
2021-04-21,ED,ED,79.48999786376953,79.75,78.2699966430664,78.36000061035156,64.62788391113281,1860800
2021-04-22,ED,ED,78.18000030517578,78.43000030517578,77.72000122070312,78.11000061035156,64.42167663574219,1490700
2021-04-23,ED,ED,78.0999984741211,78.27999877929688,77.38999938964844,77.44999694824219,63.877342224121094,1349500
2021-04-26,ED,ED,77.44999694824219,77.62999725341797,76.6500015258789,76.87000274658203,63.39897155761719,1547000
2021-04-27,ED,ED,76.9000015258789,76.94000244140625,76.12000274658203,76.19000244140625,62.83815383911133,1592900
2021-04-28,ED,ED,76.5199966430664,76.68000030517578,75.81999969482422,76.20999908447266,62.854644775390625,1374400
2021-04-29,ED,ED,76.08000183105469,76.98999786376953,76.08000183105469,76.70999908447266,63.26701736450195,3188100
2021-04-30,ED,ED,77.05000305175781,77.43000030517578,76.25,77.41000366210938,63.8443603515625,1962000
2021-05-03,ED,ED,77.5,78.66999816894531,77.3499984741211,77.75,64.12476348876953,1517500
2021-05-04,ED,ED,77.91999816894531,78.62999725341797,77.56999969482422,78.12000274658203,64.42993927001953,1526100
2021-05-05,ED,ED,78.0,78.33000183105469,76.08999633789062,76.88999938964844,63.41548538208008,1928500
2021-05-06,ED,ED,77.19999694824219,77.98999786376953,76.56999969482422,77.86000061035156,64.21549224853516,1793600
2021-05-07,ED,ED,78.12000274658203,80.12999725341797,78.08999633789062,78.08999633789062,64.40518188476562,2656200
2021-05-10,ED,ED,78.4000015258789,80.43000030517578,78.4000015258789,79.8499984741211,65.85675048828125,2391100
2021-05-11,ED,ED,80.08000183105469,80.33999633789062,78.55999755859375,79.33999633789062,65.43612670898438,1954700
2021-05-12,ED,ED,79.48999786376953,79.54000091552734,77.76000213623047,77.9000015258789,64.24849700927734,2054400
2021-05-13,ED,ED,77.62999725341797,79.81999969482422,77.62999725341797,79.27999877929688,65.38664245605469,2065600
2021-05-14,ED,ED,79.61000061035156,80.0999984741211,78.87000274658203,78.97000122070312,65.13098907470703,1535500
2021-05-17,ED,ED,79.08000183105469,79.91000366210938,78.72000122070312,78.7300033569336,64.93303680419922,2743800
2021-05-18,ED,ED,77.87999725341797,78.0999984741211,77.23999786376953,77.73999786376953,64.75394439697266,2344100
2021-05-19,ED,ED,77.69000244140625,78.05999755859375,77.12000274658203,77.9800033569336,64.953857421875,2783400
2021-05-20,ED,ED,78.12999725341797,79.33999633789062,78.12999725341797,78.41999816894531,65.32035827636719,1810800
2021-05-21,ED,ED,78.4800033569336,79.08000183105469,78.3499984741211,78.95999908447266,65.77015686035156,3270200
2021-05-24,ED,ED,79.16999816894531,79.3499984741211,78.31999969482422,78.37999725341797,65.28704833984375,1344300
2021-05-25,ED,ED,78.27999877929688,78.43000030517578,77.29000091552734,77.80999755859375,64.812255859375,1090700
2021-05-26,ED,ED,77.66000366210938,78.2300033569336,77.55999755859375,78.0,64.97052001953125,1466100
2021-05-27,ED,ED,78.0,78.06999969482422,76.51000213623047,76.87000274658203,64.02925872802734,2866800
2021-05-28,ED,ED,77.19000244140625,77.48999786376953,76.9800033569336,77.23999786376953,64.33745574951172,1629000
2021-06-01,ED,ED,77.45999908447266,77.48999786376953,76.4000015258789,76.43000030517578,63.66277313232422,1745700
2021-06-02,ED,ED,76.51000213623047,77.44999694824219,76.27999877929688,76.79000091552734,63.96263885498047,2678900
2021-06-03,ED,ED,76.61000061035156,77.44000244140625,76.45999908447266,77.26000213623047,64.35413360595703,3276900
2021-06-04,ED,ED,77.55000305175781,77.77999877929688,77.22000122070312,77.23999786376953,64.33745574951172,1418900
2021-06-07,ED,ED,77.41000366210938,77.55000305175781,77.13999938964844,77.30999755859375,64.39576721191406,960000
2021-06-08,ED,ED,77.26000213623047,77.38999938964844,76.20999908447266,76.29000091552734,63.54615783691406,1497500
2021-06-09,ED,ED,76.54000091552734,76.94000244140625,76.30999755859375,76.87999725341797,64.03761291503906,1229300
2021-06-10,ED,ED,76.87999725341797,77.25,76.58999633789062,77.04000091552734,64.17086791992188,1217400
2021-06-11,ED,ED,77.0,77.33000183105469,76.68000030517578,77.2300033569336,64.32914733886719,1297900
2021-06-14,ED,ED,77.19000244140625,77.83000183105469,76.94999694824219,77.75,64.76227569580078,1451500
2021-06-15,ED,ED,77.75,78.48999786376953,77.30000305175781,77.75,64.76227569580078,1991400
2021-06-16,ED,ED,77.16999816894531,77.61000061035156,76.13999938964844,76.22000122070312,63.487850189208984,2930100
2021-06-17,ED,ED,76.27999877929688,76.66999816894531,75.98999786376953,76.27999877929688,63.53782272338867,2658000
2021-06-18,ED,ED,76.05000305175781,76.05000305175781,74.37999725341797,74.48999786376953,62.04682922363281,3831300
2021-06-21,ED,ED,74.62000274658203,75.33999633789062,74.41000366210938,75.19000244140625,62.629905700683594,2609300
2021-06-22,ED,ED,75.06999969482422,75.37999725341797,74.4000015258789,74.45999908447266,62.02185821533203,2235100
2021-06-23,ED,ED,74.33000183105469,74.48999786376953,73.04000091552734,73.47000122070312,61.19723129272461,2169000
2021-06-24,ED,ED,73.45999908447266,73.62000274658203,73.05999755859375,73.43000030517578,61.16392517089844,1611000
2021-06-25,ED,ED,73.37000274658203,73.94999694824219,73.2699966430664,73.87000274658203,61.53041076660156,2076200
2021-06-28,ED,ED,73.87000274658203,74.33000183105469,73.58999633789062,73.81999969482422,61.48875427246094,2285300
2021-06-29,ED,ED,73.5,73.68000030517578,71.86000061035156,72.05000305175781,60.0144157409668,2552400
2021-06-30,ED,ED,72.0999984741211,72.25,71.55000305175781,71.72000122070312,59.73954772949219,2270400
2021-07-01,ED,ED,71.87000274658203,72.7300033569336,71.16999816894531,72.54000091552734,60.4225959777832,2297400
2021-07-02,ED,ED,72.55999755859375,72.66000366210938,72.19999694824219,72.47000122070312,60.364280700683594,1117000
2021-07-06,ED,ED,72.37999725341797,72.9800033569336,71.56999969482422,72.94000244140625,60.75576400756836,1940800
2021-07-07,ED,ED,72.7300033569336,73.3499984741211,72.4000015258789,73.33999633789062,61.088924407958984,1805200
2021-07-08,ED,ED,73.3499984741211,74.1500015258789,73.04000091552734,73.36000061035156,61.105594635009766,2445200
2021-07-09,ED,ED,73.5999984741211,73.83000183105469,72.7699966430664,73.30000305175781,61.05561447143555,1932000
2021-07-12,ED,ED,73.2300033569336,73.6500015258789,72.8499984741211,73.36000061035156,61.105594635009766,1154300
2021-07-13,ED,ED,73.27999877929688,73.54000091552734,72.5,72.62999725341797,60.49753189086914,1992400
2021-07-14,ED,ED,72.45999908447266,73.41999816894531,72.06999969482422,73.19000244140625,60.96400833129883,2206600
2021-07-15,ED,ED,73.18000030517578,74.37999725341797,73.01000213623047,74.36000061035156,61.93855285644531,2135500
2021-07-16,ED,ED,74.5,75.26000213623047,74.25,74.93000030517578,62.413330078125,2100100
2021-07-19,ED,ED,74.83000183105469,75.6500015258789,72.93000030517578,73.7699966430664,61.44712448120117,2450200
2021-07-20,ED,ED,72.62999725341797,74.62999725341797,72.62000274658203,73.56999969482422,61.2805290222168,3083100
2021-07-21,ED,ED,73.61000061035156,73.93000030517578,72.70999908447266,72.77999877929688,60.622493743896484,1601300
2021-07-22,ED,ED,72.8499984741211,73.2699966430664,72.44000244140625,73.04000091552734,60.839054107666016,1754300
2021-07-23,ED,ED,73.2300033569336,74.20999908447266,73.0999984741211,74.18000030517578,61.78862762451172,1403100
2021-07-26,ED,ED,74.23999786376953,74.51000213623047,73.62999725341797,73.95999908447266,61.60536575317383,1477600
2021-07-27,ED,ED,73.87000274658203,75.69999694824219,73.43000030517578,75.52999877929688,62.913116455078125,1625500
2021-07-28,ED,ED,75.51000213623047,75.5999984741211,74.01000213623047,74.58999633789062,62.1301383972168,1513200
2021-07-29,ED,ED,74.56999969482422,74.80000305175781,74.04000091552734,74.5199966430664,62.07182312011719,1381500
2021-07-30,ED,ED,74.68000030517578,75.31999969482422,73.45999908447266,73.7699966430664,61.44712448120117,4354200
2021-08-02,ED,ED,73.97000122070312,74.7699966430664,73.94000244140625,74.5,62.05517578125,1495600
2021-08-03,ED,ED,74.5,75.45999908447266,74.19999694824219,74.8499984741211,62.34670639038086,1439900
2021-08-04,ED,ED,74.5199966430664,74.94000244140625,73.93000030517578,74.87000274658203,62.363365173339844,1862900
2021-08-05,ED,ED,74.70999908447266,75.31999969482422,74.19000244140625,75.31999969482422,62.738189697265625,1740000
2021-08-06,ED,ED,75.30000305175781,76.30999755859375,74.36000061035156,75.5199966430664,62.90478515625,2218200
2021-08-09,ED,ED,75.79000091552734,76.0999984741211,75.36000061035156,76.06999969482422,63.36293029785156,1386300
2021-08-10,ED,ED,76.19999694824219,76.76000213623047,75.73999786376953,76.4000015258789,63.637786865234375,1938500
2021-08-11,ED,ED,76.54000091552734,77.33000183105469,76.47000122070312,77.12000274658203,64.23751831054688,1522200
2021-08-12,ED,ED,77.27999877929688,77.8499984741211,77.02999877929688,77.25,64.3458023071289,2388600
2021-08-13,ED,ED,77.33000183105469,78.01000213623047,77.06999969482422,77.73999786376953,64.75394439697266,1448600
2021-08-16,ED,ED,77.91999816894531,78.76000213623047,77.62000274658203,78.25,65.17875671386719,2077600
2021-08-17,ED,ED,77.44999694824219,77.56999969482422,76.36000061035156,77.23999786376953,64.98104095458984,1737700
2021-08-18,ED,ED,77.23999786376953,77.37999725341797,76.26000213623047,76.5999984741211,64.44261932373047,1710200
2021-08-19,ED,ED,76.76000213623047,77.56999969482422,76.55999755859375,76.69000244140625,64.51834869384766,1558600
2021-08-20,ED,ED,76.5199966430664,77.25,76.06999969482422,76.94999694824219,64.73706817626953,1834000
2021-08-23,ED,ED,76.94999694824219,76.94999694824219,75.62000274658203,75.79000091552734,63.761173248291016,1655700
2021-08-24,ED,ED,75.72000122070312,75.75,74.7300033569336,75.0199966430664,63.11338806152344,1575400
2021-08-25,ED,ED,74.94999694824219,75.52999877929688,74.47000122070312,75.2699966430664,63.32371139526367,1674300
2021-08-26,ED,ED,75.0,75.36000061035156,74.66000366210938,75.22000122070312,63.281639099121094,1592600
2021-08-27,ED,ED,75.33999633789062,75.69000244140625,75.08999633789062,75.63999938964844,63.63498306274414,1547700
2021-08-30,ED,ED,75.72000122070312,76.02999877929688,75.5,75.69999694824219,63.68547439575195,1938000
2021-08-31,ED,ED,75.66000366210938,76.11000061035156,75.23999786376953,75.44999694824219,63.47514343261719,3234400
2021-09-01,ED,ED,75.51000213623047,76.6500015258789,75.45999908447266,76.44000244140625,64.3080062866211,2834200
2021-09-02,ED,ED,76.66000366210938,77.12999725341797,76.62000274658203,77.12999725341797,64.88849639892578,1483300
2021-09-03,ED,ED,77.12999725341797,77.19000244140625,76.27999877929688,76.30000305175781,64.19023895263672,1948000
2021-09-07,ED,ED,76.33000183105469,76.45999908447266,74.81999969482422,74.87999725341797,62.99560546875,1828800
2021-09-08,ED,ED,74.95999908447266,77.05000305175781,74.7699966430664,76.91999816894531,64.71182250976562,2427400
2021-09-09,ED,ED,76.80000305175781,76.94000244140625,76.30000305175781,76.37999725341797,64.25753784179688,1925700
2021-09-10,ED,ED,76.08000183105469,76.2699966430664,74.66000366210938,74.69000244140625,62.83575439453125,2146200
2021-09-13,ED,ED,75.3499984741211,75.7300033569336,74.19999694824219,74.41000366210938,62.600215911865234,2416200
2021-09-14,ED,ED,74.69000244140625,74.87000274658203,73.94999694824219,74.19000244140625,62.41511535644531,2048400
2021-09-15,ED,ED,73.9800033569336,74.87999725341797,73.8499984741211,73.98999786376953,62.24684143066406,2766000
2021-09-16,ED,ED,74.08000183105469,74.48999786376953,73.58999633789062,73.66000366210938,61.9692497253418,1979900
2021-09-17,ED,ED,73.11000061035156,73.94000244140625,72.93000030517578,73.06999969482422,61.472869873046875,7274000
2021-09-20,ED,ED,73.08999633789062,74.37000274658203,72.80999755859375,73.30999755859375,61.6747932434082,2743200
2021-09-21,ED,ED,73.25,74.01000213623047,72.95999908447266,73.05000305175781,61.4560546875,1570500
2021-09-22,ED,ED,73.25,73.69999694824219,72.66999816894531,73.25,61.62430191040039,1865800
2021-09-23,ED,ED,73.19999694824219,73.88999938964844,72.98999786376953,73.11000061035156,61.506534576416016,1606400
2021-09-24,ED,ED,72.97000122070312,73.69999694824219,72.91000366210938,73.0,61.41399002075195,1734600
2021-09-27,ED,ED,73.29000091552734,74.16999816894531,72.47000122070312,72.52999877929688,61.01858901977539,1871300
2021-09-28,ED,ED,72.7300033569336,72.9000015258789,71.86000061035156,72.16000366210938,60.707313537597656,2258800
2021-09-29,ED,ED,72.08000183105469,74.02999877929688,72.08000183105469,73.44999694824219,61.79255676269531,1499300
2021-09-30,ED,ED,73.37999725341797,73.66999816894531,72.58999633789062,72.58999633789062,61.06905746459961,2752100
2021-10-01,ED,ED,73.29000091552734,73.29000091552734,71.54000091552734,71.5999984741211,60.2361946105957,2237400
2021-10-04,ED,ED,71.55000305175781,73.4800033569336,71.5199966430664,73.22000122070312,61.599056243896484,2150500
2021-10-05,ED,ED,73.30000305175781,73.48999786376953,72.70999908447266,73.04000091552734,61.447635650634766,2160500
2021-10-06,ED,ED,72.91999816894531,74.66000366210938,72.69999694824219,74.61000061035156,62.76845932006836,2696000
2021-10-07,ED,ED,74.69999694824219,75.30000305175781,74.22000122070312,74.37999725341797,62.57496643066406,1624600
2021-10-08,ED,ED,74.22000122070312,74.31999969482422,73.41000366210938,73.47000122070312,61.80940246582031,1788500
2021-10-11,ED,ED,75.68000030517578,76.55000305175781,73.91000366210938,73.91999816894531,62.18796157836914,7765700
2021-10-12,ED,ED,73.94000244140625,76.08999633789062,73.75,75.69000244140625,63.67705535888672,4354400
2021-10-13,ED,ED,75.58000183105469,76.37999725341797,75.4000015258789,76.05000305175781,63.97990798950195,3608800
2021-10-14,ED,ED,76.01000213623047,76.41000366210938,75.58999633789062,75.66999816894531,63.66021728515625,3854100
2021-10-15,ED,ED,75.5999984741211,75.75,74.2699966430664,74.47000122070312,62.65068817138672,16582100
2021-10-18,ED,ED,72.98999786376953,73.31999969482422,72.05000305175781,72.88999938964844,61.321441650390625,6172200
2021-10-19,ED,ED,73.3499984741211,73.76000213623047,72.88999938964844,73.7300033569336,62.02812957763672,1986600
2021-10-20,ED,ED,74.0,75.61000061035156,73.83999633789062,75.51000213623047,63.52561950683594,2198600
2021-10-21,ED,ED,75.62999725341797,75.83000183105469,75.05000305175781,75.44000244140625,63.466732025146484,1519600
2021-10-22,ED,ED,75.7300033569336,76.33000183105469,75.62000274658203,76.08999633789062,64.01356506347656,1248900
2021-10-25,ED,ED,75.9000015258789,76.27999877929688,75.5,75.87999725341797,63.836910247802734,1637500
2021-10-26,ED,ED,75.87999725341797,76.79000091552734,75.75,76.27999877929688,64.17340087890625,1625200
2021-10-27,ED,ED,76.62999725341797,76.62999725341797,75.72000122070312,75.98999786376953,63.92942428588867,1581700
2021-10-28,ED,ED,76.12000274658203,76.51000213623047,75.83999633789062,76.29000091552734,64.18183135986328,1320000
2021-10-29,ED,ED,76.29000091552734,76.58999633789062,75.16999816894531,75.4000015258789,63.43307113647461,2475800
2021-11-01,ED,ED,75.4000015258789,76.66999816894531,75.12999725341797,76.11000061035156,64.03038787841797,1659800
2021-11-02,ED,ED,76.19000244140625,76.69999694824219,75.4000015258789,76.44000244140625,64.3080062866211,1976500
2021-11-03,ED,ED,76.16000366210938,77.22000122070312,75.94000244140625,76.9800033569336,64.76231384277344,2173500
2021-11-04,ED,ED,76.87000274658203,77.30000305175781,75.5199966430664,76.27999877929688,64.17340087890625,2128100
2021-11-05,ED,ED,77.29000091552734,78.79000091552734,77.29000091552734,78.20999908447266,65.79708099365234,3651700
2021-11-08,ED,ED,78.0,78.05000305175781,76.75,77.05000305175781,64.8211898803711,2418800
2021-11-09,ED,ED,77.30000305175781,78.0199966430664,77.22000122070312,77.83000183105469,65.4774169921875,1688300
2021-11-10,ED,ED,78.0,78.63999938964844,77.29000091552734,77.95999908447266,65.58678436279297,2345300
2021-11-11,ED,ED,77.68000030517578,77.87999725341797,76.98999786376953,77.58000183105469,65.26707458496094,1566800
2021-11-12,ED,ED,77.61000061035156,77.61000061035156,77.0199966430664,77.1500015258789,64.90532684326172,3386200
2021-11-15,ED,ED,77.69999694824219,78.80999755859375,77.44999694824219,78.7699966430664,66.26820373535156,1880400
2021-11-16,ED,ED,78.08000183105469,78.47000122070312,77.5,77.5199966430664,65.86463165283203,1560000
2021-11-17,ED,ED,77.37999725341797,77.6500015258789,76.8499984741211,77.5,65.84764099121094,1603500
2021-11-18,ED,ED,77.30000305175781,77.7699966430664,76.41999816894531,77.66000366210938,65.98359680175781,1739900
2021-11-19,ED,ED,77.73999786376953,78.43000030517578,77.66000366210938,78.02999877929688,66.29794311523438,1841000
2021-11-22,ED,ED,77.91000366210938,79.37000274658203,77.5999984741211,78.56999969482422,66.75675201416016,1899300
2021-11-23,ED,ED,78.68000030517578,79.58999633789062,78.55000305175781,79.16999816894531,67.26653289794922,1552300
2021-11-24,ED,ED,79.3499984741211,79.55999755859375,78.83999633789062,79.22000122070312,67.30902862548828,1295500
2021-11-26,ED,ED,78.83999633789062,79.88999938964844,78.62000274658203,78.66999816894531,66.84173583984375,1337400
2021-11-29,ED,ED,79.02999877929688,80.5,78.62000274658203,80.3499984741211,68.26912689208984,3064700
2021-11-30,ED,ED,79.6500015258789,79.91999816894531,77.63999938964844,77.63999938964844,65.96656799316406,5229000
2021-12-01,ED,ED,78.0,79.56999969482422,77.5,77.94000244140625,66.22147369384766,1775200
2021-12-02,ED,ED,78.33999633789062,79.37999725341797,78.16999816894531,78.69000244140625,66.85872650146484,1830200
2021-12-03,ED,ED,79.05000305175781,80.55999755859375,78.70999908447266,80.52999877929688,68.42208099365234,2618700
2021-12-06,ED,ED,81.0,82.04000091552734,80.83000183105469,81.3499984741211,69.11878204345703,2842800
2021-12-07,ED,ED,81.05999755859375,81.70999908447266,80.7300033569336,81.55999755859375,69.29721069335938,2061700
2021-12-08,ED,ED,81.73999786376953,82.22000122070312,81.04000091552734,81.52999877929688,69.27171325683594,1439400
2021-12-09,ED,ED,81.69000244140625,81.94000244140625,80.44999694824219,81.68000030517578,69.399169921875,4671600
2021-12-10,ED,ED,81.91999816894531,82.79000091552734,81.55999755859375,82.61000061035156,70.18933868408203,1526200
2021-12-13,ED,ED,82.5199966430664,83.9800033569336,82.4000015258789,83.47000122070312,70.92003631591797,3965300
2021-12-14,ED,ED,83.58999633789062,83.94000244140625,82.91000366210938,83.16999816894531,70.66513061523438,1532200
2021-12-15,ED,ED,83.2300033569336,84.6500015258789,83.11000061035156,84.5199966430664,71.8121566772461,2603500
2021-12-16,ED,ED,84.25,85.22000122070312,83.62000274658203,84.69000244140625,71.95661163330078,1932100
2021-12-17,ED,ED,84.76000213623047,85.12999725341797,83.6500015258789,83.81999969482422,71.21741485595703,4627100
2021-12-20,ED,ED,83.2300033569336,84.25,82.66000366210938,84.04000091552734,71.40435791015625,1592400
2021-12-21,ED,ED,84.45999908447266,84.62999725341797,83.05000305175781,83.37000274658203,70.83507537841797,1368200
2021-12-22,ED,ED,83.3499984741211,83.94000244140625,83.13999938964844,83.8499984741211,71.24291229248047,4738800
2021-12-23,ED,ED,84.08999633789062,84.33999633789062,83.63999938964844,83.7699966430664,71.1749267578125,1313500
2021-12-27,ED,ED,83.55000305175781,83.93000030517578,83.30999755859375,83.7300033569336,71.14096069335938,974200
2021-12-28,ED,ED,83.7300033569336,84.41000366210938,83.61000061035156,84.4000015258789,71.710205078125,786600
2021-12-29,ED,ED,84.56999969482422,85.18000030517578,84.2699966430664,85.0999984741211,72.30496215820312,1343300
2021-12-30,ED,ED,85.22000122070312,85.38999938964844,84.66000366210938,85.18000030517578,72.37293243408203,1396500
2021-12-31,ED,ED,85.04000091552734,85.5999984741211,84.66999816894531,85.31999969482422,72.49189758300781,1048000
2022-01-03,ED,ED,85.3499984741211,85.43000030517578,84.0199966430664,85.12999725341797,72.33045959472656,1450500
2022-01-04,ED,ED,84.86000061035156,85.91999816894531,84.69000244140625,84.97000122070312,72.19452667236328,2844600
2022-01-05,ED,ED,85.0,86.25,84.95999908447266,85.55000305175781,72.68731689453125,3592300
2022-01-06,ED,ED,86.05000305175781,86.13999938964844,84.91000366210938,85.37000274658203,72.53437042236328,3841800
2022-01-07,ED,ED,85.0199966430664,86.06999969482422,84.5,85.66999816894531,72.78925323486328,3727400
2022-01-10,ED,ED,85.75,86.18000030517578,84.48999786376953,84.77999877929688,72.03307342529297,3870600
2022-01-11,ED,ED,84.75,85.08999633789062,82.0999984741211,83.06999969482422,70.5801773071289,2965500
2022-01-12,ED,ED,82.66000366210938,83.26000213623047,82.33000183105469,83.19000244140625,70.68212890625,2147400
2022-01-13,ED,ED,83.13999938964844,84.26000213623047,82.83999633789062,83.94000244140625,71.31937408447266,1584700
2022-01-14,ED,ED,84.0,84.2300033569336,82.93000030517578,83.5199966430664,70.96250915527344,2202900
2022-01-18,ED,ED,82.80999755859375,82.94000244140625,81.3499984741211,81.98999786376953,69.66256713867188,3263300
2022-01-19,ED,ED,82.0999984741211,82.9800033569336,81.5999984741211,82.1500015258789,69.79850006103516,1976400
2022-01-20,ED,ED,81.87999725341797,82.80000305175781,81.43000030517578,82.04000091552734,69.70503997802734,2727100
2022-01-21,ED,ED,82.63999938964844,83.72000122070312,82.27999877929688,82.66000366210938,70.23184204101562,4222100
2022-01-24,ED,ED,82.5,83.33999633789062,80.11000061035156,81.98999786376953,69.66256713867188,3852200
2022-01-25,ED,ED,81.33999633789062,82.70999908447266,81.30000305175781,81.80999755859375,69.50962829589844,3044400
2022-01-26,ED,ED,81.80999755859375,82.44999694824219,80.77999877929688,81.37999725341797,69.1442642211914,4293100
2022-01-27,ED,ED,82.1500015258789,83.43000030517578,81.9000015258789,82.76000213623047,70.31678009033203,2890800
2022-01-28,ED,ED,82.76000213623047,84.73999786376953,82.19999694824219,84.62999725341797,71.90562438964844,2515600
2022-01-31,ED,ED,85.0,86.55000305175781,84.41999816894531,86.44999694824219,73.45197296142578,5553800
2022-02-01,ED,ED,86.7699966430664,87.19999694824219,85.12999725341797,86.05000305175781,73.11212921142578,2343300
2022-02-02,ED,ED,85.70999908447266,87.23999786376953,85.52999877929688,87.1500015258789,74.04673767089844,1798400
2022-02-03,ED,ED,86.9800033569336,87.66999816894531,86.6500015258789,86.98999786376953,73.91079711914062,1382700
2022-02-04,ED,ED,86.20999908447266,86.9800033569336,85.2699966430664,86.08999633789062,73.14611053466797,2578800
2022-02-07,ED,ED,86.20999908447266,86.91000366210938,85.38999938964844,86.5999984741211,73.57943725585938,1759000
2022-02-08,ED,ED,86.8499984741211,87.11000061035156,86.19000244140625,86.41999816894531,73.42647552490234,1602400
2022-02-09,ED,ED,86.87000274658203,87.18000030517578,86.19999694824219,86.37999725341797,73.39250946044922,1461700
2022-02-10,ED,ED,85.6500015258789,85.93000030517578,83.83000183105469,84.02999877929688,71.39582824707031,1592100
2022-02-11,ED,ED,84.22000122070312,84.94000244140625,83.75,84.26000213623047,71.59126281738281,1671200
2022-02-14,ED,ED,84.37000274658203,84.70999908447266,82.11000061035156,83.0199966430664,70.53770446777344,1902600
2022-02-15,ED,ED,82.62000274658203,82.88999938964844,80.91999816894531,81.36000061035156,69.7914047241211,1268700
2022-02-16,ED,ED,81.25,81.56999969482422,80.11000061035156,81.08000183105469,69.55121612548828,2466800
2022-02-17,ED,ED,81.2699966430664,81.88999938964844,80.41000366210938,81.44999694824219,69.86859893798828,1939000
2022-02-18,ED,ED,81.19000244140625,84.80000305175781,81.12000274658203,84.61000061035156,72.57927703857422,3880200
2022-02-22,ED,ED,84.72000122070312,85.29000091552734,83.29000091552734,84.75,72.6993637084961,2382100
2022-02-23,ED,ED,85.01000213623047,85.43000030517578,84.27999877929688,84.4000015258789,72.39913177490234,2387200
2022-02-24,ED,ED,83.94999694824219,84.4000015258789,81.54000091552734,83.30999755859375,71.46412658691406,2479300
2022-02-25,ED,ED,84.27999877929688,86.33000183105469,84.0,85.94000244140625,73.72016906738281,1883800
2022-02-28,ED,ED,85.08999633789062,86.12999725341797,84.9000015258789,85.7699966430664,73.57433319091797,2439400
2022-03-01,ED,ED,86.23999786376953,87.13999938964844,84.30999755859375,85.37999725341797,73.23978424072266,2122200
2022-03-02,ED,ED,85.51000213623047,87.58000183105469,85.51000213623047,86.91000366210938,74.55224609375,1728700
2022-03-03,ED,ED,87.0,88.41000366210938,86.97000122070312,88.29000091552734,75.73602294921875,1700500
2022-03-04,ED,ED,88.0,89.9000015258789,87.83999633789062,89.87999725341797,77.09992218017578,1754300
2022-03-07,ED,ED,89.91999816894531,90.27999877929688,88.68000030517578,90.13999938964844,77.32296752929688,1809100
2022-03-08,ED,ED,90.44999694824219,90.9800033569336,88.73999786376953,88.75,76.13060760498047,1546000
2022-03-09,ED,ED,89.52999877929688,89.83000183105469,88.16000366210938,88.37999725341797,75.81321716308594,1524200
2022-03-10,ED,ED,88.05000305175781,89.69999694824219,88.0199966430664,89.47000122070312,76.74822998046875,1353200
2022-03-11,ED,ED,89.30999755859375,90.62000274658203,89.16000366210938,89.33999633789062,76.63673400878906,1405900
2022-03-14,ED,ED,90.04000091552734,90.37999725341797,88.80000305175781,89.5199966430664,76.79113006591797,1443400
2022-03-15,ED,ED,90.43000030517578,90.80999755859375,89.75,90.4000015258789,77.54600524902344,1545200
2022-03-16,ED,ED,90.13999938964844,90.33999633789062,88.43000030517578,89.63999938964844,76.89405059814453,1651600
2022-03-17,ED,ED,89.7699966430664,90.54000091552734,89.08000183105469,90.01000213623047,77.21145629882812,1913800
2022-03-18,ED,ED,89.94999694824219,90.0,88.0999984741211,88.69999694824219,76.08772277832031,3430900
2022-03-21,ED,ED,89.19999694824219,90.4000015258789,89.1500015258789,89.56999969482422,76.83402252197266,1247600
2022-03-22,ED,ED,89.83000183105469,89.87000274658203,88.44999694824219,89.29000091552734,76.59383392333984,1441400
2022-03-23,ED,ED,89.51000213623047,90.5199966430664,88.6500015258789,89.94000244140625,77.15139770507812,1265100
2022-03-24,ED,ED,90.45999908447266,91.43000030517578,89.83999633789062,91.41000366210938,78.41238403320312,1462800
2022-03-25,ED,ED,91.68000030517578,92.94999694824219,91.5,92.68000030517578,79.50180053710938,1565300
2022-03-28,ED,ED,92.83000183105469,93.12999725341797,91.75,93.05000305175781,79.8191909790039,1185100
2022-03-29,ED,ED,93.08999633789062,93.69000244140625,92.51000213623047,93.5199966430664,80.22237396240234,1284100
2022-03-30,ED,ED,93.6500015258789,94.75,93.20999908447266,94.7300033569336,81.26032257080078,1352300
2022-03-31,ED,ED,94.68000030517578,95.73999786376953,94.44000244140625,94.68000030517578,81.21744537353516,2073600
2022-04-01,ED,ED,94.36000061035156,96.11000061035156,93.5999984741211,96.11000061035156,82.444091796875,1906700
2022-04-04,ED,ED,95.72000122070312,95.72000122070312,93.98999786376953,95.44999694824219,81.87794494628906,1893300
2022-04-05,ED,ED,95.5,97.0,95.5,96.1500015258789,82.4784164428711,1545500
2022-04-06,ED,ED,96.58999633789062,98.54000091552734,96.08999633789062,98.4000015258789,84.40846252441406,1835000
2022-04-07,ED,ED,98.4000015258789,98.6500015258789,97.12000274658203,97.55999755859375,83.68791961669922,1956000
2022-04-08,ED,ED,98.0,98.19000244140625,96.5199966430664,97.91000366210938,83.98814392089844,1546100
2022-04-11,ED,ED,97.12999725341797,97.8499984741211,96.20999908447266,96.5999984741211,82.86441040039062,1861200
2022-04-12,ED,ED,96.08999633789062,97.9800033569336,95.69999694824219,97.80000305175781,83.89380645751953,2667200
2022-04-13,ED,ED,98.0,98.08999633789062,97.05999755859375,97.9000015258789,83.9795913696289,1792900
2022-04-14,ED,ED,98.26000213623047,98.58999633789062,97.7300033569336,98.02999877929688,84.09107208251953,1272500
2022-04-18,ED,ED,98.4000015258789,98.61000061035156,96.54000091552734,96.94000244140625,83.15608215332031,1003300
2022-04-19,ED,ED,97.41000366210938,98.23999786376953,97.08000183105469,98.01000213623047,84.07393646240234,1132800
2022-04-20,ED,ED,98.6500015258789,99.22000122070312,98.37999725341797,98.41000366210938,84.41706085205078,1344100
2022-04-21,ED,ED,98.12000274658203,99.12999725341797,97.66999816894531,98.19000244140625,84.22834777832031,1913500
2022-04-22,ED,ED,98.0,98.13999938964844,96.33000183105469,96.48999786376953,82.77006530761719,2026900
2022-04-25,ED,ED,97.01000213623047,97.01000213623047,94.12999725341797,96.05000305175781,82.39261627197266,1666300
2022-04-26,ED,ED,95.93000030517578,97.31999969482422,95.12999725341797,95.16000366210938,81.62918090820312,1436100
2022-04-27,ED,ED,95.26000213623047,96.29000091552734,94.19999694824219,94.7300033569336,81.26032257080078,1431700
2022-04-28,ED,ED,95.05000305175781,95.94999694824219,94.44999694824219,95.44000244140625,81.86935424804688,1096800
2022-04-29,ED,ED,95.04000091552734,95.11000061035156,92.62000274658203,92.73999786376953,79.55326843261719,3999900
2022-05-02,ED,ED,93.61000061035156,93.9000015258789,90.94999694824219,92.01000213623047,78.92708587646484,1721900
2022-05-03,ED,ED,92.12000274658203,94.23999786376953,92.08000183105469,92.27999877929688,79.15869140625,1518600
2022-05-04,ED,ED,92.88999938964844,93.63999938964844,92.3499984741211,93.5,80.20520782470703,1859800
2022-05-05,ED,ED,93.16999816894531,93.91999816894531,92.18000030517578,92.66000366210938,79.48464965820312,1606100
2022-05-06,ED,ED,91.5999984741211,94.47000122070312,91.0,93.9800033569336,80.6169662475586,1747200
2022-05-09,ED,ED,93.38999938964844,95.47000122070312,92.20999908447266,94.37999725341797,80.9600601196289,2088900
2022-05-10,ED,ED,94.47000122070312,96.0199966430664,91.98999786376953,92.6500015258789,79.47608184814453,2107400
2022-05-11,ED,ED,93.02999877929688,95.5999984741211,92.72000122070312,94.27999877929688,80.87430572509766,1662400
2022-05-12,ED,ED,94.33999633789062,94.93000030517578,92.94999694824219,94.3499984741211,80.93433380126953,2167500
2022-05-13,ED,ED,95.01000213623047,95.47000122070312,93.75,95.4000015258789,81.83505249023438,1735600
2022-05-16,ED,ED,95.69999694824219,96.12999725341797,94.86000061035156,95.04000091552734,81.5262451171875,1639500
2022-05-17,ED,ED,94.88999938964844,95.66999816894531,93.05999755859375,95.5,82.60749053955078,1589500
2022-05-18,ED,ED,95.8499984741211,96.4000015258789,95.0199966430664,95.22000122070312,82.36528015136719,2151000
2022-05-19,ED,ED,94.97000122070312,94.98999786376953,93.33000183105469,94.81999969482422,82.01927947998047,1991600
2022-05-20,ED,ED,95.05000305175781,96.02999877929688,94.37999725341797,95.80999755859375,82.87564086914062,2400400
2022-05-23,ED,ED,97.44999694824219,98.83999633789062,96.5,97.68000030517578,84.4931869506836,2778300
2022-05-24,ED,ED,97.79000091552734,100.4800033569336,97.1500015258789,100.38999938964844,86.83732604980469,1853100
2022-05-25,ED,ED,100.38999938964844,100.76000213623047,99.70999908447266,100.31999969482422,86.77677917480469,1877800
2022-05-26,ED,ED,100.9000015258789,101.12000274658203,99.76000213623047,99.87000274658203,86.38754272460938,1480100
2022-05-27,ED,ED,99.3499984741211,100.66999816894531,99.25,100.58000183105469,87.00167846679688,1321800
2022-05-31,ED,ED,99.77999877929688,100.36000061035156,98.83000183105469,99.26000213623047,85.8598861694336,3889500
2022-06-01,ED,ED,99.33000183105469,99.4000015258789,97.4800033569336,98.62999725341797,85.31494140625,1970800
2022-06-02,ED,ED,98.94999694824219,98.98999786376953,96.77999877929688,98.58000183105469,85.27167510986328,1487700
2022-06-03,ED,ED,98.43000030517578,98.69000244140625,97.80000305175781,97.91000366210938,84.692138671875,1093800
2022-06-06,ED,ED,98.4000015258789,99.23999786376953,97.66999816894531,98.0999984741211,84.85649871826172,983900
2022-06-07,ED,ED,97.80999755859375,98.62999725341797,96.80000305175781,98.4800033569336,85.18518829345703,1810900
2022-06-08,ED,ED,98.0999984741211,98.26000213623047,96.83999633789062,97.04000091552734,83.9395980834961,1054800
2022-06-09,ED,ED,97.0199966430664,97.30999755859375,94.4000015258789,94.51000213623047,81.75114440917969,1270700
2022-06-10,ED,ED,93.56999969482422,95.87999725341797,93.0199966430664,95.1500015258789,82.30472564697266,1946400
2022-06-13,ED,ED,94.23999786376953,94.80000305175781,90.63999938964844,91.1500015258789,78.8447265625,2157400
2022-06-14,ED,ED,91.23999786376953,91.68000030517578,87.58000183105469,88.77999877929688,76.79468536376953,1922300
2022-06-15,ED,ED,89.30000305175781,89.83999633789062,87.18000030517578,88.25,76.33623504638672,1924800
2022-06-16,ED,ED,87.43000030517578,89.45999908447266,86.26000213623047,87.66999816894531,75.83453369140625,2640700
2022-06-17,ED,ED,87.91999816894531,88.27999877929688,86.08999633789062,86.87999725341797,75.15117645263672,4185900
2022-06-21,ED,ED,86.87999725341797,88.5,86.6500015258789,88.20999908447266,76.30162811279297,2130800
2022-06-22,ED,ED,87.80999755859375,89.58000183105469,87.7300033569336,88.9000015258789,76.89847564697266,1732700
2022-06-23,ED,ED,89.08000183105469,91.63999938964844,89.0199966430664,91.30999755859375,78.98311614990234,1800900
2022-06-24,ED,ED,91.63999938964844,93.18000030517578,91.37000274658203,92.93000030517578,80.38443756103516,1667000
2022-06-27,ED,ED,92.58999633789062,94.0199966430664,92.25,93.55999755859375,80.92938995361328,1350600
2022-06-28,ED,ED,93.9800033569336,94.7699966430664,93.81999969482422,94.12000274658203,81.41378021240234,1575100
2022-06-29,ED,ED,94.2300033569336,95.11000061035156,94.2300033569336,94.72000122070312,81.93278503417969,1257200
2022-06-30,ED,ED,94.29000091552734,96.12999725341797,94.12000274658203,95.0999984741211,82.26148223876953,2282100
2022-07-01,ED,ED,95.55999755859375,97.51000213623047,94.80999755859375,97.23999786376953,84.11258697509766,2030200
2022-07-05,ED,ED,97.19999694824219,97.30000305175781,90.86000061035156,92.69000244140625,80.17682647705078,2973300
2022-07-06,ED,ED,93.0199966430664,94.25,92.19000244140625,93.0999984741211,80.53147888183594,1835500
2022-07-07,ED,ED,93.12000274658203,93.7300033569336,92.02999877929688,92.30000305175781,79.83949279785156,1581000
2022-07-08,ED,ED,92.69000244140625,92.83000183105469,91.72000122070312,91.97000122070312,79.55403900146484,1375300
2022-07-11,ED,ED,91.48999786376953,93.01000213623047,91.44999694824219,92.93000030517578,80.38443756103516,1602300
2022-07-12,ED,ED,92.54000091552734,93.91999816894531,92.2699966430664,92.81999969482422,80.28926849365234,1507600
2022-07-13,ED,ED,92.18000030517578,93.3499984741211,91.7699966430664,92.52999877929688,80.03843688964844,1230100
2022-07-14,ED,ED,90.83999633789062,93.05999755859375,90.70999908447266,92.83999633789062,80.30657958984375,1184700
2022-07-15,ED,ED,93.5999984741211,93.61000061035156,92.20999908447266,93.4000015258789,80.79097747802734,2464000
2022-07-18,ED,ED,93.0,93.31999969482422,91.55000305175781,91.62999725341797,79.25994110107422,1403900
2022-07-19,ED,ED,92.0199966430664,92.79000091552734,91.68000030517578,92.22000122070312,79.7702865600586,1047400
2022-07-20,ED,ED,92.12999725341797,92.13999938964844,90.58999633789062,90.63999938964844,78.4035873413086,1427900
2022-07-21,ED,ED,90.41000366210938,90.94000244140625,89.79000091552734,90.81999969482422,78.55928039550781,1302100
2022-07-22,ED,ED,91.29000091552734,92.4800033569336,90.86000061035156,92.44000244140625,79.96057891845703,1098100
2022-07-25,ED,ED,92.12000274658203,94.1500015258789,91.94999694824219,94.08999633789062,81.38784790039062,1159100
2022-07-26,ED,ED,93.97000122070312,95.37000274658203,93.91000366210938,95.36000061035156,82.48639678955078,1484300
2022-07-27,ED,ED,95.0,95.87999725341797,94.56999969482422,95.69000244140625,82.77183532714844,1457800
2022-07-28,ED,ED,96.52999877929688,98.62999725341797,96.29000091552734,98.4800033569336,85.18518829345703,1455700
2022-07-29,ED,ED,98.38999938964844,99.76000213623047,98.37000274658203,99.2699966430664,85.8685302734375,3687100
2022-08-01,ED,ED,99.02999877929688,99.48999786376953,97.56999969482422,98.33000183105469,85.05543518066406,3332900
2022-08-02,ED,ED,99.04000091552734,99.18000030517578,97.86000061035156,98.05000305175781,84.81324005126953,1662200
2022-08-03,ED,ED,97.55000305175781,98.29000091552734,95.83000183105469,98.0999984741211,84.85649871826172,1833700
2022-08-04,ED,ED,98.2699966430664,98.75,97.38999938964844,97.43000030517578,84.27693176269531,1820400
2022-08-05,ED,ED,97.3499984741211,97.68000030517578,95.41999816894531,97.19000244140625,84.0693359375,1669100
2022-08-08,ED,ED,97.75,99.0999984741211,97.69999694824219,98.5,85.20246887207031,1200400
2022-08-09,ED,ED,99.08999633789062,99.5199966430664,98.68000030517578,98.91000366210938,85.55712890625,964100
2022-08-10,ED,ED,99.2300033569336,99.41000366210938,98.05000305175781,98.98999786376953,85.6263427734375,989800
2022-08-11,ED,ED,98.88999938964844,99.72000122070312,98.37000274658203,98.4800033569336,85.18518829345703,1199800
2022-08-12,ED,ED,98.95999908447266,99.58000183105469,98.68000030517578,99.11000061035156,85.73013305664062,1955100
2022-08-15,ED,ED,99.20999908447266,100.4000015258789,98.88999938964844,100.29000091552734,86.7508316040039,1055600
2022-08-16,ED,ED,99.41999816894531,100.38999938964844,99.16999816894531,100.0199966430664,87.20419311523438,1155400
2022-08-17,ED,ED,99.63999938964844,100.86000061035156,99.58999633789062,100.58000183105469,87.69245147705078,1002000
2022-08-18,ED,ED,100.79000091552734,101.30999755859375,100.5,100.93000030517578,87.99761962890625,950800
2022-08-19,ED,ED,101.2300033569336,101.56999969482422,100.30999755859375,100.55000305175781,87.66629028320312,1179200
2022-08-22,ED,ED,100.25,100.5999984741211,99.19999694824219,99.41000366210938,86.67237854003906,1597900
2022-08-23,ED,ED,99.56999969482422,99.75,98.33999633789062,98.76000213623047,86.10565185546875,930300
2022-08-24,ED,ED,98.55999755859375,98.95999908447266,97.94000244140625,98.87999725341797,86.21026611328125,1007900
2022-08-25,ED,ED,98.88999938964844,99.55000305175781,98.2300033569336,99.45999908447266,86.71595001220703,1109700
2022-08-26,ED,ED,99.45999908447266,99.69999694824219,98.33000183105469,98.52999877929688,85.90511322021484,1098600
2022-08-29,ED,ED,98.19000244140625,99.80999755859375,97.44000244140625,99.20999908447266,86.49798583984375,1017900
2022-08-30,ED,ED,99.05000305175781,99.45999908447266,97.91000366210938,98.30000305175781,85.70458984375,1185400
2022-08-31,ED,ED,98.36000061035156,99.36000061035156,97.7300033569336,97.73999786376953,85.21634674072266,1962800
2022-09-01,ED,ED,97.77999877929688,99.62000274658203,97.58000183105469,99.44000244140625,86.69851684570312,1234700
2022-09-02,ED,ED,99.83999633789062,100.5999984741211,98.19999694824219,98.4800033569336,85.86152648925781,1178300
2022-09-06,ED,ED,98.58000183105469,99.29000091552734,97.5,97.75,85.22506713867188,1264300
2022-09-07,ED,ED,98.31999969482422,101.44999694824219,98.2300033569336,101.2300033569336,88.25918579101562,1685700
2022-09-08,ED,ED,101.0,101.5,100.27999877929688,100.66000366210938,87.76220703125,1252600
2022-09-09,ED,ED,101.22000122070312,101.47000122070312,99.9800033569336,100.8499984741211,87.9278564453125,1146400
2022-09-12,ED,ED,100.97000122070312,102.20999908447266,100.58999633789062,101.91999816894531,88.86076354980469,1387800
2022-09-13,ED,ED,101.12000274658203,101.38999938964844,98.33000183105469,98.81999969482422,86.157958984375,1562600
2022-09-14,ED,ED,98.77999877929688,100.76000213623047,98.75,99.97000122070312,87.16060638427734,1476700
2022-09-15,ED,ED,99.58999633789062,99.58999633789062,97.30999755859375,97.63999938964844,85.12916564941406,1302100
2022-09-16,ED,ED,97.87999725341797,98.37000274658203,97.23999786376953,97.41000366210938,84.92864227294922,2872200
2022-09-19,ED,ED,97.1500015258789,98.5199966430664,96.6500015258789,98.47000122070312,85.85282135009766,951800
2022-09-20,ED,ED,97.83000183105469,97.83999633789062,96.4800033569336,97.37000274658203,84.89376831054688,865800
2022-09-21,ED,ED,97.98999786376953,99.06999969482422,96.19999694824219,96.23999786376953,83.90853881835938,955700
2022-09-22,ED,ED,96.0199966430664,96.93000030517578,95.2300033569336,96.41999816894531,84.06547546386719,871700
2022-09-23,ED,ED,95.45999908447266,96.06999969482422,94.2699966430664,95.47000122070312,83.23721313476562,1206300
2022-09-26,ED,ED,95.11000061035156,95.27999877929688,92.27999877929688,93.16999816894531,81.23192596435547,1652500
2022-09-27,ED,ED,93.55999755859375,93.81999969482422,90.61000061035156,90.7699966430664,79.1394271850586,2319300
2022-09-28,ED,ED,91.87999725341797,91.87999725341797,90.27999877929688,90.81999969482422,79.18302154541016,2224400
2022-09-29,ED,ED,90.41000366210938,90.55999755859375,87.19999694824219,87.66000366210938,76.42790985107422,2057800
2022-09-30,ED,ED,88.1500015258789,88.54000091552734,85.44999694824219,85.76000213623047,74.77136993408203,3118300
2022-10-03,ED,ED,87.26000213623047,89.41999816894531,86.91999816894531,87.66000366210938,76.42790985107422,2289700
2022-10-04,ED,ED,87.7699966430664,89.19999694824219,87.19000244140625,89.11000061035156,77.69213104248047,1768000
2022-10-05,ED,ED,88.0199966430664,88.05000305175781,85.52999877929688,86.30000305175781,75.2421875,1808900
2022-10-06,ED,ED,85.91999816894531,86.16999816894531,83.7699966430664,84.0,73.23690032958984,1887200
2022-10-07,ED,ED,84.13999938964844,84.29000091552734,81.18000030517578,81.58000183105469,71.12696075439453,1855600
2022-10-10,ED,ED,81.58000183105469,82.62000274658203,81.29000091552734,81.48999786376953,71.04850769042969,1458400
2022-10-11,ED,ED,81.4800033569336,82.43000030517578,81.05000305175781,81.5999984741211,71.1444091796875,1955900
2022-10-12,ED,ED,81.22000122070312,81.4000015258789,79.41000366210938,79.47000122070312,69.2873306274414,1999200
2022-10-13,ED,ED,78.76000213623047,82.38999938964844,78.0999984741211,82.1500015258789,71.62393188476562,1949000
2022-10-14,ED,ED,83.25,83.26000213623047,81.2699966430664,81.91000366210938,71.41468048095703,3156300
2022-10-17,ED,ED,83.02999877929688,84.48999786376953,82.81999969482422,83.0199966430664,72.38246154785156,1668000
2022-10-18,ED,ED,84.06999969482422,85.08000183105469,83.81999969482422,85.0,74.10874938964844,1647600
2022-10-19,ED,ED,83.97000122070312,84.79000091552734,83.30000305175781,84.54000091552734,73.70769500732422,1455900
2022-10-20,ED,ED,84.3499984741211,84.45999908447266,83.0199966430664,83.41999816894531,72.73119354248047,2384500
2022-10-21,ED,ED,83.7699966430664,85.41000366210938,82.70999908447266,84.87000274658203,73.99542236328125,2417700
2022-10-24,ED,ED,85.47000122070312,86.12000274658203,84.33999633789062,84.69000244140625,73.83847045898438,1595900
2022-10-25,ED,ED,84.72000122070312,86.11000061035156,84.5199966430664,85.8499984741211,74.84983825683594,1535400
2022-10-26,ED,ED,86.37999725341797,86.87999725341797,85.48999786376953,85.73999786376953,74.75392150878906,1941100
2022-10-27,ED,ED,86.3499984741211,87.5999984741211,86.05000305175781,86.41999816894531,75.3468017578125,1586700
2022-10-28,ED,ED,86.76000213623047,88.48999786376953,86.76000213623047,88.44999694824219,77.11669158935547,1605200
2022-10-31,ED,ED,88.44999694824219,88.91000366210938,87.62999725341797,87.95999908447266,76.68949890136719,2381400
2022-11-01,ED,ED,88.0199966430664,88.33000183105469,86.95999908447266,88.0199966430664,76.7417984008789,1261700
2022-11-02,ED,ED,87.86000061035156,90.0,87.80999755859375,88.20999908447266,76.90744018554688,1689200
2022-11-03,ED,ED,87.81999969482422,89.33999633789062,86.94999694824219,88.7300033569336,77.36082458496094,1583300
2022-11-04,ED,ED,88.52999877929688,90.12999725341797,87.70999908447266,90.04000091552734,78.50296783447266,1969700
2022-11-07,ED,ED,89.94999694824219,90.02999877929688,86.98999786376953,87.6500015258789,76.419189453125,1600100
2022-11-08,ED,ED,88.1500015258789,89.12999725341797,87.76000213623047,88.29000091552734,76.9771957397461,1277100
2022-11-09,ED,ED,88.2699966430664,89.0999984741211,87.43000030517578,87.66999816894531,76.43663787841797,1624000
2022-11-10,ED,ED,89.79000091552734,91.16999816894531,88.47000122070312,90.94999694824219,79.29635620117188,1711900
2022-11-11,ED,ED,90.81999969482422,91.01000213623047,88.1500015258789,89.12000274658203,77.70083618164062,2556800
2022-11-14,ED,ED,89.41999816894531,91.02999877929688,89.33000183105469,89.33000183105469,77.88394165039062,1845500
2022-11-15,ED,ED,88.98999786376953,89.93000030517578,88.83000183105469,89.69999694824219,78.90432739257812,2197200
2022-11-16,ED,ED,90.0,92.52999877929688,90.0,91.33999633789062,80.3469467163086,3049300
2022-11-17,ED,ED,90.58999633789062,91.23999786376953,90.13999938964844,90.80999755859375,79.88075256347656,1752100
2022-11-18,ED,ED,91.66000366210938,93.56999969482422,91.66000366210938,93.52999877929688,82.27336120605469,1959800
2022-11-21,ED,ED,93.7300033569336,94.80000305175781,93.52999877929688,94.1500015258789,82.81877136230469,1172000
2022-11-22,ED,ED,94.5199966430664,95.80999755859375,94.33999633789062,95.22000122070312,83.7599868774414,2231600
2022-11-23,ED,ED,95.05999755859375,96.83999633789062,94.75,96.66999816894531,85.03546905517578,1957900
2022-11-25,ED,ED,97.02999877929688,97.63999938964844,96.66999816894531,97.5,85.76557922363281,830000
2022-11-28,ED,ED,97.01000213623047,97.5,95.91999816894531,96.54000091552734,84.92110443115234,1596900
2022-11-29,ED,ED,96.11000061035156,96.38999938964844,95.41999816894531,96.30000305175781,84.70999145507812,1342000
2022-11-30,ED,ED,96.19000244140625,98.52999877929688,95.77999877929688,98.04000091552734,86.24058532714844,4302700
2022-12-01,ED,ED,98.5999984741211,99.58999633789062,97.61000061035156,97.8499984741211,86.07344818115234,1850400
2022-12-02,ED,ED,97.26000213623047,97.70999908447266,96.69999694824219,97.3499984741211,85.63362121582031,1719700
2022-12-05,ED,ED,96.52999877929688,97.6500015258789,96.4000015258789,97.37000274658203,85.65122985839844,1521600
2022-12-06,ED,ED,97.44000244140625,97.98999786376953,96.55999755859375,97.55999755859375,85.81834411621094,1600900
2022-12-07,ED,ED,97.33999633789062,98.38999938964844,96.41000366210938,96.58999633789062,84.96510314941406,1368300
2022-12-08,ED,ED,96.51000213623047,97.63999938964844,96.30999755859375,97.58999633789062,85.8447494506836,1005900
2022-12-09,ED,ED,97.01000213623047,97.61000061035156,96.44000244140625,96.52999877929688,84.91230773925781,1485400
2022-12-12,ED,ED,97.18000030517578,98.36000061035156,96.55000305175781,98.3499984741211,86.51325988769531,1225500
2022-12-13,ED,ED,99.48999786376953,99.77999877929688,97.43000030517578,98.51000213623047,86.65402221679688,1396300
2022-12-14,ED,ED,98.52999877929688,99.97000122070312,97.75,98.44000244140625,86.59244537353516,1983800
2022-12-15,ED,ED,97.91000366210938,98.44999694824219,96.55999755859375,96.9800033569336,85.30817413330078,1865500
2022-12-16,ED,ED,96.0199966430664,96.66000366210938,94.23999786376953,95.16999816894531,83.71599578857422,3946600
2022-12-19,ED,ED,95.11000061035156,96.33000183105469,94.37000274658203,94.8499984741211,83.43451690673828,1348000
2022-12-20,ED,ED,94.83000183105469,95.5199966430664,94.06999969482422,94.58999633789062,83.20580291748047,1846800
2022-12-21,ED,ED,95.0,95.73999786376953,94.6500015258789,95.72000122070312,84.19981384277344,1521000
2022-12-22,ED,ED,95.62999725341797,95.62999725341797,93.7699966430664,95.16000366210938,83.70719909667969,1049900
2022-12-23,ED,ED,95.08000183105469,96.01000213623047,95.08000183105469,95.8499984741211,84.31415557861328,1278500
2022-12-27,ED,ED,96.04000091552734,96.83999633789062,95.77999877929688,96.55000305175781,84.9299087524414,1352000
2022-12-28,ED,ED,96.80999755859375,97.0199966430664,95.81999969482422,95.97000122070312,84.41972351074219,1318200
2022-12-29,ED,ED,96.4800033569336,97.26000213623047,96.12000274658203,96.48999786376953,84.87713623046875,1193800
2022-12-30,ED,ED,96.62000274658203,96.75,94.55000305175781,95.30999755859375,83.83915710449219,1224400
2023-01-03,ED,ED,95.45999908447266,96.37000274658203,93.93000030517578,95.76000213623047,84.2349853515625,2098400
2023-01-04,ED,ED,96.23999786376953,97.44000244140625,95.94000244140625,96.58999633789062,84.96510314941406,1878500
2023-01-05,ED,ED,95.88999938964844,96.37999725341797,94.43000030517578,95.29000091552734,83.82157135009766,1891600
2023-01-06,ED,ED,96.2699966430664,98.06999969482422,96.0199966430664,97.83000183105469,86.05586242675781,1414500
2023-01-09,ED,ED,96.80999755859375,98.6500015258789,96.29000091552734,97.72000122070312,85.95909881591797,1471300
2023-01-10,ED,ED,97.98999786376953,98.30000305175781,97.06999969482422,98.08999633789062,86.28456115722656,1259900
2023-01-11,ED,ED,98.13999938964844,99.05999755859375,98.06999969482422,98.61000061035156,86.74198150634766,1612100
2023-01-12,ED,ED,98.79000091552734,98.94000244140625,97.4000015258789,97.52999877929688,85.79195404052734,1236900
2023-01-13,ED,ED,96.94000244140625,96.9800033569336,96.0999984741211,96.48999786376953,84.87713623046875,1236300
2023-01-17,ED,ED,96.56999969482422,96.87000274658203,95.29000091552734,95.48999786376953,83.99748229980469,2496000
2023-01-18,ED,ED,95.66000366210938,95.94999694824219,93.05999755859375,93.33999633789062,82.10623931884766,1808400
2023-01-19,ED,ED,93.4000015258789,93.48999786376953,92.16999816894531,92.4800033569336,81.3497543334961,1416900
2023-01-20,ED,ED,92.55999755859375,93.83999633789062,91.4000015258789,93.79000091552734,82.5020751953125,2507500
2023-01-23,ED,ED,93.62999725341797,94.61000061035156,92.94999694824219,93.55000305175781,82.29096984863281,1440500
2023-01-24,ED,ED,93.5,94.38999938964844,92.7300033569336,94.05000305175781,82.73079681396484,1176200
2023-01-25,ED,ED,93.47000122070312,94.47000122070312,92.9000015258789,94.44999694824219,83.08264923095703,1190000
2023-01-26,ED,ED,94.22000122070312,94.91000366210938,93.83999633789062,94.87999725341797,83.46089172363281,1276100
2023-01-27,ED,ED,94.79000091552734,95.37000274658203,94.2300033569336,94.91000366210938,83.48728942871094,952300
2023-01-30,ED,ED,94.91000366210938,96.0,94.7300033569336,95.05000305175781,83.6104507446289,1161700
2023-01-31,ED,ED,95.30999755859375,95.4800033569336,93.94000244140625,95.30999755859375,83.83915710449219,3663500
2023-02-01,ED,ED,94.9000015258789,96.0,94.51000213623047,95.44999694824219,83.96229553222656,1557600
2023-02-02,ED,ED,95.30999755859375,96.16000366210938,94.5,95.16000366210938,83.70719909667969,1625600
2023-02-03,ED,ED,94.9000015258789,94.97000122070312,91.88999938964844,92.93000030517578,81.74560546875,1741800
2023-02-06,ED,ED,92.66000366210938,93.66000366210938,92.36000061035156,93.55000305175781,82.29096984863281,1370400
2023-02-07,ED,ED,93.01000213623047,93.4800033569336,92.4000015258789,93.25,82.02708435058594,1388600
2023-02-08,ED,ED,92.91000366210938,92.93000030517578,91.08999633789062,91.7699966430664,80.72518920898438,1407700
2023-02-09,ED,ED,91.97000122070312,92.33999633789062,90.08000183105469,90.19000244140625,79.3353500366211,1489700
2023-02-10,ED,ED,90.47000122070312,92.48999786376953,90.33999633789062,92.36000061035156,81.24418640136719,1373800
2023-02-13,ED,ED,92.38999938964844,92.91000366210938,92.19000244140625,92.80000305175781,81.63124084472656,1300400
2023-02-14,ED,ED,91.95999908447266,92.41000366210938,91.02999877929688,91.0999984741211,80.84147644042969,1047600
2023-02-15,ED,ED,90.75,91.2699966430664,90.4000015258789,91.19999694824219,80.9301986694336,1141800
2023-02-16,ED,ED,90.43000030517578,92.19999694824219,89.54000091552734,91.66000366210938,81.33839416503906,3701400
2023-02-17,ED,ED,91.56999969482422,93.31999969482422,90.6500015258789,93.25,82.74935150146484,3654600
2023-02-21,ED,ED,92.9000015258789,93.38999938964844,92.19999694824219,92.7300033569336,82.28791046142578,2197900
2023-02-22,ED,ED,92.9800033569336,93.55000305175781,92.0999984741211,92.41000366210938,82.0039291381836,1740100
2023-02-23,ED,ED,92.83000183105469,93.0199966430664,91.2300033569336,91.58000183105469,81.26740264892578,1848800
2023-02-24,ED,ED,90.94000244140625,91.58999633789062,90.20999908447266,91.26000213623047,80.98344421386719,1886000
2023-02-27,ED,ED,91.91999816894531,92.6500015258789,90.80999755859375,90.8499984741211,80.61961364746094,1928700
2023-02-28,ED,ED,90.47000122070312,90.98999786376953,89.31999969482422,89.3499984741211,79.28852844238281,2705000
2023-03-01,ED,ED,89.0199966430664,89.30000305175781,87.02999877929688,88.1500015258789,78.22364807128906,1969300
2023-03-02,ED,ED,88.19999694824219,89.77999877929688,87.37999725341797,89.61000061035156,79.51924896240234,1415000
2023-03-03,ED,ED,89.86000061035156,90.72000122070312,88.83000183105469,90.69000244140625,80.47762298583984,1497700
2023-03-06,ED,ED,90.75,91.80999755859375,90.7300033569336,91.62999725341797,81.31177520751953,1592400
2023-03-07,ED,ED,92.5,92.73999786376953,90.2300033569336,90.66000366210938,80.45099639892578,2278600
2023-03-08,ED,ED,90.61000061035156,92.36000061035156,90.58999633789062,91.69000244140625,81.3650131225586,1839800
2023-03-09,ED,ED,92.0199966430664,93.06999969482422,91.12999725341797,91.29000091552734,81.01006317138672,1902300
2023-03-10,ED,ED,91.6500015258789,92.04000091552734,90.31999969482422,90.62000274658203,80.4155044555664,1969100
2023-03-13,ED,ED,90.66999816894531,95.66999816894531,90.55999755859375,92.79000091552734,82.34115600585938,2773800
2023-03-14,ED,ED,93.19999694824219,94.93000030517578,93.16000366210938,94.01000213623047,83.42377471923828,1936000
2023-03-15,ED,ED,93.9800033569336,96.1500015258789,93.48999786376953,95.63999938964844,84.87020874023438,2828000
2023-03-16,ED,ED,95.55999755859375,97.2300033569336,95.2300033569336,96.30000305175781,85.45589447021484,2182200
2023-03-17,ED,ED,95.93000030517578,96.4800033569336,95.02999877929688,95.62999725341797,84.86133575439453,3638400
2023-03-20,ED,ED,95.93000030517578,97.33000183105469,95.80999755859375,96.91000366210938,85.99720764160156,1735300
2023-03-21,ED,ED,96.56999969482422,96.9800033569336,92.16000366210938,93.19000244140625,82.69610595703125,2627700
2023-03-22,ED,ED,93.62999725341797,94.02999877929688,92.0199966430664,92.0999984741211,81.72884368896484,2537000
2023-03-23,ED,ED,91.73999786376953,92.97000122070312,91.05999755859375,91.7300033569336,81.40052795410156,2373100
2023-03-24,ED,ED,92.0999984741211,95.11000061035156,91.83000183105469,95.06999969482422,84.36441040039062,1643500
2023-03-27,ED,ED,95.41999816894531,95.80999755859375,94.45999908447266,94.56999969482422,83.92070770263672,1896500
2023-03-28,ED,ED,94.30000305175781,95.7300033569336,94.06999969482422,94.38999938964844,83.76097869873047,1762300
2023-03-29,ED,ED,94.79000091552734,95.62999725341797,94.77999877929688,95.11000061035156,84.39991760253906,1635800
2023-03-30,ED,ED,95.22000122070312,95.69999694824219,94.62000274658203,94.72000122070312,84.05382537841797,2108200
2023-03-31,ED,ED,94.68000030517578,95.70999908447266,94.54000091552734,95.66999816894531,84.89683532714844,2099900
2023-04-03,ED,ED,95.23999786376953,95.79000091552734,94.41000366210938,95.08999633789062,84.38215637207031,2235300
2023-04-04,ED,ED,95.25,96.37000274658203,95.0999984741211,96.0199966430664,85.20742797851562,1560900
2023-04-05,ED,ED,96.80999755859375,98.76000213623047,96.69999694824219,98.51000213623047,87.41703796386719,2040500
2023-04-06,ED,ED,98.91999816894531,99.3499984741211,97.56999969482422,98.97000122070312,87.82522583007812,1578600
2023-04-10,ED,ED,98.75,99.25,97.91000366210938,99.20999908447266,88.0382080078125,1355600
2023-04-11,ED,ED,99.16000366210938,99.54000091552734,98.27999877929688,99.11000061035156,87.94947814941406,1338700
2023-04-12,ED,ED,99.0999984741211,99.7300033569336,98.29000091552734,98.69000244140625,87.57676696777344,1185300
2023-04-13,ED,ED,98.1500015258789,98.87999725341797,96.55999755859375,98.08000183105469,87.03545379638672,1335200
2023-04-14,ED,ED,97.22000122070312,97.6500015258789,96.48999786376953,96.68000030517578,85.79310607910156,1827000
2023-04-17,ED,ED,97.0999984741211,97.94999694824219,96.8499984741211,97.87000274658203,86.84911346435547,1520100
2023-04-18,ED,ED,97.80000305175781,97.95999908447266,96.97000122070312,97.5199966430664,86.53851318359375,997200
2023-04-19,ED,ED,97.77999877929688,98.80999755859375,97.68000030517578,98.13999938964844,87.08870697021484,1158300
2023-04-20,ED,ED,98.52999877929688,98.70999908447266,97.73999786376953,98.66000366210938,87.5501480102539,1215900
2023-04-21,ED,ED,99.55999755859375,99.75,98.5199966430664,99.04000091552734,87.88736724853516,1875100
2023-04-24,ED,ED,99.19999694824219,99.88999938964844,98.62999725341797,99.83999633789062,88.59727478027344,1110700
2023-04-25,ED,ED,100.0,100.91999816894531,99.66000366210938,100.4000015258789,89.0942153930664,1404100
2023-04-26,ED,ED,99.29000091552734,100.43000030517578,98.86000061035156,99.13999938964844,87.97608947753906,1378600
2023-04-27,ED,ED,99.04000091552734,99.58000183105469,98.20999908447266,99.18000030517578,88.01158142089844,1713500
2023-04-28,ED,ED,99.08000183105469,99.66000366210938,97.88999938964844,98.47000122070312,87.38153076171875,2316000
2023-05-01,ED,ED,98.43000030517578,100.12999725341797,98.29000091552734,99.11000061035156,87.94947814941406,1834800
2023-05-02,ED,ED,99.0199966430664,99.58999633789062,98.08000183105469,98.56999969482422,87.47027587890625,1425200
2023-05-03,ED,ED,99.38999938964844,99.41999816894531,97.9800033569336,98.04000091552734,86.99995422363281,1203000
2023-05-04,ED,ED,98.2300033569336,99.22000122070312,97.72000122070312,98.5199966430664,87.42591094970703,1648000
2023-05-05,ED,ED,98.80000305175781,100.44000244140625,97.80000305175781,99.48999786376953,88.28668975830078,2218600
2023-05-08,ED,ED,99.33999633789062,100.31999969482422,98.25,99.01000213623047,87.8607406616211,1524900
2023-05-09,ED,ED,99.1500015258789,99.26000213623047,98.37999725341797,98.7699966430664,87.64776611328125,1469800
2023-05-10,ED,ED,99.33999633789062,99.98999786376953,98.5999984741211,99.41000366210938,88.21568298339844,1504400
2023-05-11,ED,ED,99.44000244140625,99.76000213623047,98.55000305175781,98.95999908447266,87.81635284423828,1628900
2023-05-12,ED,ED,99.44999694824219,100.08000183105469,98.8499984741211,99.5199966430664,88.31330108642578,1624600
2023-05-15,ED,ED,99.83999633789062,100.0,97.6500015258789,98.4800033569336,87.39041137695312,1838100
2023-05-16,ED,ED,97.47000122070312,97.81999969482422,96.4000015258789,96.5,86.34355163574219,2261200
2023-05-17,ED,ED,96.66999816894531,96.73999786376953,95.66999816894531,95.9000015258789,85.80670928955078,1742500
2023-05-18,ED,ED,95.30999755859375,95.77999877929688,94.80999755859375,95.36000061035156,85.32353973388672,1806400
2023-05-19,ED,ED,95.8499984741211,96.16999816894531,94.87999725341797,95.19000244140625,85.17143249511719,2209800
2023-05-22,ED,ED,95.3499984741211,95.97000122070312,94.43000030517578,94.6500015258789,84.68826293945312,1907000
2023-05-23,ED,ED,94.30000305175781,94.77999877929688,93.69999694824219,93.87999725341797,83.99930572509766,4775100
2023-05-24,ED,ED,94.19000244140625,94.51000213623047,93.2699966430664,93.5,83.65928649902344,1578200
2023-05-25,ED,ED,93.27999877929688,93.83000183105469,92.3499984741211,93.22000122070312,83.40877532958984,3679300
2023-05-26,ED,ED,93.12999725341797,93.13999938964844,92.22000122070312,92.69000244140625,82.93453979492188,2210700
2023-05-30,ED,ED,92.58000183105469,93.5199966430664,92.23999786376953,92.55999755859375,82.81822967529297,1939100
2023-05-31,ED,ED,92.77999877929688,93.66000366210938,92.31999969482422,93.30000305175781,83.4803466796875,3277300
2023-06-01,ED,ED,93.70999908447266,93.73999786376953,91.58000183105469,91.81999969482422,82.15611267089844,2937100
2023-06-02,ED,ED,91.62000274658203,92.69999694824219,90.5199966430664,91.76000213623047,82.10244750976562,2244800
2023-06-05,ED,ED,91.81999969482422,93.83000183105469,91.81999969482422,92.94999694824219,83.16717529296875,1963200
2023-06-06,ED,ED,93.48999786376953,93.56999969482422,92.19999694824219,92.41000366210938,82.68401336669922,1543100
2023-06-07,ED,ED,92.41999816894531,93.87999725341797,91.1500015258789,93.54000091552734,83.69508361816406,1847100
2023-06-08,ED,ED,92.37999725341797,94.25,92.31999969482422,94.0,84.1066665649414,1416400
2023-06-09,ED,ED,94.0,94.19000244140625,93.37000274658203,93.48999786376953,83.65034484863281,1264900
2023-06-12,ED,ED,93.69999694824219,93.69999694824219,92.05000305175781,92.62999725341797,82.88086700439453,2020900
2023-06-13,ED,ED,92.19000244140625,92.5199966430664,91.51000213623047,92.02999877929688,82.343994140625,1728900
2023-06-14,ED,ED,92.30999755859375,93.55000305175781,91.8499984741211,92.38999938964844,82.66613006591797,1678000
2023-06-15,ED,ED,93.01000213623047,93.69000244140625,92.45999908447266,93.0199966430664,83.22982025146484,1997600
2023-06-16,ED,ED,93.37999725341797,94.1500015258789,92.70999908447266,92.97000122070312,83.1850814819336,4678700
2023-06-20,ED,ED,93.0999984741211,93.23999786376953,91.94999694824219,92.0199966430664,82.3350601196289,1939500
2023-06-21,ED,ED,91.91999816894531,92.94999694824219,91.0199966430664,92.91999816894531,83.14034271240234,1907100
2023-06-22,ED,ED,93.30999755859375,93.55999755859375,91.94999694824219,92.12000274658203,82.4245376586914,1914000
2023-06-23,ED,ED,92.58999633789062,92.62999725341797,90.41000366210938,90.73999786376953,81.18978118896484,1994100
2023-06-26,ED,ED,91.02999877929688,91.83999633789062,90.33999633789062,91.68000030517578,82.03085327148438,1242500
2023-06-27,ED,ED,91.91999816894531,92.33999633789062,91.62000274658203,91.9800033569336,82.29928588867188,1262900
2023-06-28,ED,ED,91.9800033569336,91.9800033569336,89.87000274658203,90.11000061035156,80.6260986328125,1490500
2023-06-29,ED,ED,89.4000015258789,90.33999633789062,89.31999969482422,89.56999969482422,80.14292907714844,1545000
2023-06-30,ED,ED,89.81999969482422,90.44999694824219,89.47000122070312,90.4000015258789,80.88556671142578,1552100
2023-07-03,ED,ED,90.19999694824219,91.05999755859375,89.83999633789062,91.05000305175781,81.4671630859375,707000
2023-07-05,ED,ED,90.75,93.44999694824219,90.68000030517578,92.8499984741211,83.07771301269531,2334700
2023-07-06,ED,ED,92.30999755859375,92.66999816894531,91.5999984741211,92.16999816894531,82.46926879882812,1776100
2023-07-07,ED,ED,91.4800033569336,92.66000366210938,91.0999984741211,92.02999877929688,82.343994140625,1664300
2023-07-10,ED,ED,91.80999755859375,91.94999694824219,90.95999908447266,91.38999938964844,81.77136993408203,1560600
2023-07-11,ED,ED,91.36000061035156,92.54000091552734,91.0,92.54000091552734,82.80033111572266,1082700
2023-07-12,ED,ED,92.80999755859375,93.43000030517578,92.2699966430664,93.08999633789062,83.29244232177734,1294200
2023-07-13,ED,ED,92.70999908447266,93.80000305175781,92.27999877929688,93.7699966430664,83.90086364746094,1712700
2023-07-14,ED,ED,93.5199966430664,93.62000274658203,92.72000122070312,93.08000183105469,83.28349304199219,1121900
2023-07-17,ED,ED,92.91000366210938,93.05999755859375,91.91999816894531,92.41999816894531,82.69296264648438,1512800
2023-07-18,ED,ED,92.55000305175781,93.3499984741211,91.22000122070312,92.13999938964844,82.44243621826172,2012900
2023-07-19,ED,ED,92.4800033569336,93.7699966430664,92.41000366210938,93.48999786376953,83.65034484863281,2029900
2023-07-20,ED,ED,93.80000305175781,96.05000305175781,93.22000122070312,95.88999938964844,85.7977523803711,2095800
2023-07-21,ED,ED,97.0999984741211,97.83999633789062,96.55999755859375,97.12999725341797,86.90724182128906,2121700
2023-07-24,ED,ED,97.30999755859375,97.80000305175781,96.91999816894531,97.12999725341797,86.90724182128906,1124300
2023-07-25,ED,ED,97.0999984741211,98.12000274658203,96.62999725341797,97.70999908447266,87.42620086669922,1980000
2023-07-26,ED,ED,97.58000183105469,98.8499984741211,97.25,97.5,87.2383041381836,1070000
2023-07-27,ED,ED,96.94999694824219,97.47000122070312,95.54000091552734,95.75,85.67250061035156,1482000
2023-07-28,ED,ED,96.31999969482422,96.58999633789062,94.94000244140625,95.63999938964844,85.57405853271484,1406300
2023-07-31,ED,ED,95.93000030517578,96.0199966430664,94.37000274658203,94.86000061035156,84.87617492675781,4358900
2023-08-01,ED,ED,94.88999938964844,95.33999633789062,93.27999877929688,93.33999633789062,83.5161361694336,1728300
2023-08-02,ED,ED,93.41999816894531,94.19999694824219,93.19999694824219,93.33000183105469,83.50719451904297,1404900
2023-08-03,ED,ED,92.9800033569336,93.0,90.30000305175781,90.33000183105469,80.82293701171875,2229800
2023-08-04,ED,ED,90.58999633789062,92.18000030517578,88.69999694824219,89.30999755859375,79.91027069091797,2819000
2023-08-07,ED,ED,89.93000030517578,91.37000274658203,89.86000061035156,90.62000274658203,81.08241271972656,2072400
2023-08-08,ED,ED,90.95999908447266,91.23999786376953,90.19000244140625,91.19000244140625,81.5924301147461,1462400
2023-08-09,ED,ED,90.62000274658203,91.83999633789062,90.5999984741211,90.95999908447266,81.38662719726562,1331700
2023-08-10,ED,ED,91.30000305175781,91.93000030517578,90.1500015258789,90.41000366210938,80.89451599121094,1463300
2023-08-11,ED,ED,90.7300033569336,90.9800033569336,90.20999908447266,90.83000183105469,81.27030944824219,1156100
2023-08-14,ED,ED,90.55999755859375,90.76000213623047,89.16999816894531,89.55999755859375,80.13397979736328,2008900
2023-08-15,ED,ED,88.33999633789062,88.79000091552734,87.36000061035156,87.68000030517578,79.16786193847656,2454900
2023-08-16,ED,ED,88.0199966430664,89.16999816894531,87.8499984741211,88.83000183105469,80.2061996459961,1353400
2023-08-17,ED,ED,88.77999877929688,89.56999969482422,88.22000122070312,88.25,79.68250274658203,1317100
2023-08-18,ED,ED,88.33999633789062,89.55000305175781,88.16999816894531,89.31999969482422,80.64863586425781,1440600
2023-08-21,ED,ED,89.05000305175781,89.51000213623047,88.0,88.70999908447266,80.09784698486328,1268800
2023-08-22,ED,ED,88.62000274658203,89.54000091552734,88.29000091552734,89.37999725341797,80.70279693603516,1559000
2023-08-23,ED,ED,89.7300033569336,90.08000183105469,88.98999786376953,90.04000091552734,81.29875183105469,2679900
2023-08-24,ED,ED,89.88999938964844,91.20999908447266,89.44999694824219,89.45999908447266,80.77505493164062,1939700
2023-08-25,ED,ED,89.70999908447266,90.48999786376953,89.37000274658203,89.87999725341797,81.1542739868164,1890800
2023-08-28,ED,ED,89.81999969482422,90.61000061035156,89.12000274658203,89.70999908447266,81.00078582763672,1669900
2023-08-29,ED,ED,89.91000366210938,90.18000030517578,89.06999969482422,90.08000183105469,81.33486938476562,1484300
2023-08-30,ED,ED,90.0199966430664,90.72000122070312,89.47000122070312,89.83000183105469,81.10912322998047,1020000
2023-08-31,ED,ED,90.0199966430664,90.23999786376953,88.93000030517578,88.95999908447266,80.3235855102539,1842400
2023-09-01,ED,ED,89.44999694824219,89.44999694824219,87.27999877929688,88.3499984741211,79.7728042602539,1572700
2023-09-05,ED,ED,88.12000274658203,88.3499984741211,86.33000183105469,86.51000213623047,78.11144256591797,1942600
2023-09-06,ED,ED,86.83000183105469,86.94000244140625,86.20999908447266,86.80000305175781,78.373291015625,1365900
2023-09-07,ED,ED,87.55000305175781,89.22000122070312,87.55000305175781,88.51000213623047,79.91728210449219,1626300
2023-09-08,ED,ED,88.73999786376953,89.5199966430664,88.23999786376953,89.25,80.58544158935547,1392500
2023-09-11,ED,ED,88.63999938964844,90.08000183105469,88.63999938964844,89.7300033569336,81.01883697509766,1627600
2023-09-12,ED,ED,89.87999725341797,90.33000183105469,88.79000091552734,90.19999694824219,81.44319915771484,1815500
2023-09-13,ED,ED,90.5,91.62999725341797,90.26000213623047,91.45999908447266,82.58089447021484,1725200
2023-09-14,ED,ED,91.80000305175781,92.41999816894531,91.5,92.37999725341797,83.41156005859375,2019100
2023-09-15,ED,ED,92.1500015258789,93.08000183105469,91.4000015258789,91.48999786376953,82.60795593261719,3727600
2023-09-18,ED,ED,91.37000274658203,91.69000244140625,90.70999908447266,91.56999969482422,82.6801986694336,1519100
2023-09-19,ED,ED,91.66000366210938,92.05000305175781,91.12999725341797,91.16999816894531,82.31903076171875,1132200
2023-09-20,ED,ED,91.66000366210938,92.33000183105469,90.94000244140625,91.5,82.61699676513672,1186600
2023-09-21,ED,ED,91.36000061035156,92.12000274658203,90.6500015258789,90.86000061035156,82.03913879394531,1814100
2023-09-22,ED,ED,90.4000015258789,91.51000213623047,90.05000305175781,90.83000183105469,82.01203918457031,1492100
2023-09-25,ED,ED,90.05000305175781,90.58000183105469,89.5199966430664,90.2300033569336,81.47029876708984,1549400
2023-09-26,ED,ED,90.04000091552734,90.16999816894531,87.62999725341797,87.83000183105469,79.30328369140625,2009300
2023-09-27,ED,ED,87.5,88.12000274658203,86.52999877929688,86.62999725341797,78.21980285644531,1787800
2023-09-28,ED,ED,87.05000305175781,87.23999786376953,84.86000061035156,85.48999786376953,77.19046020507812,1975700
2023-09-29,ED,ED,86.2300033569336,86.75,85.1500015258789,85.52999877929688,77.22657775878906,2011200
2023-10-02,ED,ED,85.0199966430664,85.19000244140625,81.05999755859375,81.62000274658203,73.6961669921875,2440200
2023-10-03,ED,ED,81.19999694824219,83.52999877929688,80.45999908447266,83.18000030517578,75.10470581054688,2635600
2023-10-04,ED,ED,83.56999969482422,84.29000091552734,82.0,84.19999694824219,76.02569580078125,1933200
2023-10-05,ED,ED,83.93000030517578,85.06999969482422,83.20999908447266,84.76000213623047,76.53133392333984,2524700
2023-10-06,ED,ED,83.30999755859375,86.55999755859375,82.66000366210938,86.3499984741211,77.96697235107422,2419700
2023-10-09,ED,ED,86.33999633789062,87.55999755859375,86.33999633789062,87.55000305175781,79.05048370361328,1451700
2023-10-10,ED,ED,87.31999969482422,88.30000305175781,87.19000244140625,88.12000274658203,79.56513214111328,1830300
2023-10-11,ED,ED,88.41999816894531,88.69000244140625,87.22000122070312,88.44999694824219,79.86309814453125,1738100
2023-10-12,ED,ED,88.08000183105469,88.4800033569336,86.37000274658203,87.37000274658203,78.88795471191406,1906000
2023-10-13,ED,ED,88.18000030517578,88.80999755859375,87.44000244140625,88.0199966430664,79.474853515625,1958500
2023-10-16,ED,ED,85.1500015258789,88.91999816894531,85.1500015258789,88.66000366210938,80.0527114868164,3995500
2023-10-17,ED,ED,88.4000015258789,89.48999786376953,88.0999984741211,88.9000015258789,80.2694091796875,2943800
2023-10-18,ED,ED,88.83999633789062,89.16999816894531,87.83999633789062,88.27999877929688,79.70960235595703,2639700
2023-10-19,ED,ED,88.12000274658203,88.8499984741211,87.41999816894531,87.66999816894531,79.1588134765625,1950900
2023-10-20,ED,ED,87.68000030517578,88.69999694824219,86.4800033569336,87.05999755859375,78.60803985595703,10175500
2023-10-23,ED,ED,86.3499984741211,87.9000015258789,85.87000274658203,86.58999633789062,78.18366241455078,2130800
2023-10-24,ED,ED,87.2699966430664,88.26000213623047,87.11000061035156,87.97000122070312,79.42969512939453,1689600
2023-10-25,ED,ED,87.58999633789062,88.62000274658203,87.36000061035156,88.30999755859375,79.7366943359375,1472000
2023-10-26,ED,ED,88.66999816894531,90.0999984741211,88.4800033569336,89.30000305175781,80.63058471679688,1884600
2023-10-27,ED,ED,88.7300033569336,89.29000091552734,87.18000030517578,87.47000122070312,78.97823333740234,1248100
2023-10-30,ED,ED,87.7699966430664,88.41000366210938,86.79000091552734,87.4800033569336,78.98727416992188,1370400
2023-10-31,ED,ED,87.98999786376953,88.27999877929688,86.95999908447266,87.79000091552734,79.26718139648438,2480300
2023-11-01,ED,ED,88.12999725341797,89.83000183105469,87.12999725341797,89.16000366210938,80.50418853759766,2221600
2023-11-02,ED,ED,89.01000213623047,90.69999694824219,88.83000183105469,90.16000366210938,81.4071044921875,1853000
2023-11-03,ED,ED,91.80000305175781,93.2699966430664,89.98999786376953,90.06999969482422,81.3258285522461,2543100
2023-11-06,ED,ED,90.83999633789062,91.05000305175781,89.87000274658203,90.54000091552734,81.75021362304688,2907700
2023-11-07,ED,ED,90.55999755859375,90.58999633789062,89.37999725341797,89.4800033569336,80.7931137084961,2220500
2023-11-08,ED,ED,89.08000183105469,89.29000091552734,87.95999908447266,88.68000030517578,80.0707778930664,2820400
2023-11-09,ED,ED,88.94000244140625,89.88999938964844,88.69000244140625,89.25,80.58544158935547,3761600
2023-11-10,ED,ED,89.70999908447266,89.87999725341797,88.91000366210938,89.3499984741211,80.67572784423828,2497200
2023-11-13,ED,ED,89.25,89.52999877929688,87.98999786376953,88.37000274658203,79.7908706665039,2326400
2023-11-14,ED,ED,89.2699966430664,90.54000091552734,88.70999908447266,90.5,82.47000885009766,1883800
2023-11-15,ED,ED,90.12999725341797,91.5,90.12999725341797,90.55000305175781,82.51556396484375,2902300
2023-11-16,ED,ED,91.38999938964844,92.05999755859375,90.8499984741211,91.12999725341797,83.04410552978516,2012400
2023-11-17,ED,ED,91.62000274658203,91.81999969482422,90.81999969482422,91.36000061035156,83.25370025634766,1694000
2023-11-20,ED,ED,91.0,91.26000213623047,89.91000366210938,90.94000244140625,82.87096405029297,1559700
2023-11-21,ED,ED,91.02999877929688,91.1500015258789,90.16000366210938,90.48999786376953,82.46089172363281,1052200
2023-11-22,ED,ED,90.80000305175781,90.88999938964844,89.9800033569336,90.5199966430664,82.48822021484375,1682100
2023-11-24,ED,ED,90.66999816894531,91.0,90.05999755859375,90.95999908447266,82.88917541503906,504800
2023-11-27,ED,ED,91.01000213623047,91.19000244140625,90.19000244140625,90.66999816894531,82.62490844726562,1703300
2023-11-28,ED,ED,90.66999816894531,91.55999755859375,90.30000305175781,90.80000305175781,82.74337005615234,1402100
2023-11-29,ED,ED,90.83000183105469,91.3499984741211,89.62999725341797,89.94000244140625,81.95970153808594,2174500
2023-11-30,ED,ED,90.0999984741211,90.43000030517578,89.3499984741211,90.11000061035156,82.1146011352539,3843400
2023-12-01,ED,ED,90.31999969482422,91.68000030517578,89.77999877929688,91.68000030517578,83.54529571533203,1519100
2023-12-04,ED,ED,91.05999755859375,92.7699966430664,90.69999694824219,91.98999786376953,83.82779693603516,1872200
2023-12-05,ED,ED,92.0199966430664,92.26000213623047,90.91000366210938,91.19000244140625,83.09878540039062,1301100
2023-12-06,ED,ED,91.5999984741211,91.98999786376953,90.73999786376953,91.6500015258789,83.51795959472656,1260100
2023-12-07,ED,ED,92.02999877929688,93.16000366210938,91.30999755859375,92.44000244140625,84.23786163330078,3032800
2023-12-08,ED,ED,92.38999938964844,92.52999877929688,90.86000061035156,91.55000305175781,83.42684173583984,1910700
2023-12-11,ED,ED,91.25,91.9000015258789,90.77999877929688,91.87000274658203,83.71845245361328,1660800
2023-12-12,ED,ED,92.08999633789062,92.08999633789062,91.23999786376953,91.7300033569336,83.59087371826172,1351200
2023-12-13,ED,ED,91.91999816894531,94.33000183105469,91.38999938964844,94.01000213623047,85.66856384277344,1881500
2023-12-14,ED,ED,94.38999938964844,94.5999984741211,91.7699966430664,91.91000366210938,83.75489807128906,3229100
2023-12-15,ED,ED,91.5,91.5,89.22000122070312,89.8499984741211,81.87767791748047,4549500
2023-12-18,ED,ED,90.11000061035156,90.7699966430664,89.70999908447266,90.0,82.01437377929688,2183700
2023-12-19,ED,ED,90.12000274658203,90.55000305175781,89.73999786376953,90.30999755859375,82.29686737060547,1726000
2023-12-20,ED,ED,90.23999786376953,90.5,89.33000183105469,89.3499984741211,81.42204284667969,2498900
2023-12-21,ED,ED,89.44999694824219,90.20999908447266,88.5999984741211,89.20999908447266,81.29447174072266,1940600
2023-12-22,ED,ED,89.77999877929688,90.55000305175781,89.55000305175781,89.68000030517578,81.72274780273438,865600
2023-12-26,ED,ED,89.41000366210938,90.51000213623047,89.33000183105469,90.2699966430664,82.26041412353516,932300
2023-12-27,ED,ED,90.13999938964844,90.2699966430664,89.55000305175781,89.80000305175781,81.83211517333984,1333000
2023-12-28,ED,ED,89.6500015258789,90.7699966430664,89.62999725341797,90.6500015258789,82.60668182373047,1402500
2023-12-29,ED,ED,90.33999633789062,91.0,90.04000091552734,90.97000122070312,82.8982925415039,1305500
2024-01-02,ED,ED,90.69999694824219,92.55000305175781,90.55999755859375,92.41000366210938,84.21054077148438,1806900
2024-01-03,ED,ED,92.61000061035156,93.08000183105469,92.12000274658203,93.0,84.74818420410156,2014300
2024-01-04,ED,ED,93.48999786376953,94.0,92.9000015258789,93.25,84.97600555419922,1727100
2024-01-05,ED,ED,93.05000305175781,94.01000213623047,92.91999816894531,93.5199966430664,85.2220458984375,1972000
2024-01-08,ED,ED,93.41000366210938,93.87999725341797,93.06999969482422,93.80999755859375,85.48631286621094,1203500
2024-01-09,ED,ED,93.62999725341797,93.93000030517578,93.1500015258789,93.69999694824219,85.38606262207031,1291800
2024-01-10,ED,ED,93.52999877929688,94.77999877929688,93.37999725341797,94.31999969482422,85.95105743408203,1572400
2024-01-11,ED,ED,93.8499984741211,93.8499984741211,91.06999969482422,91.25,83.1534423828125,2045300
2024-01-12,ED,ED,91.77999877929688,92.0199966430664,91.2699966430664,91.62000274658203,83.4906234741211,2202500
2024-01-16,ED,ED,91.41000366210938,92.51000213623047,91.04000091552734,91.55999755859375,83.43595886230469,2038200
2024-01-17,ED,ED,91.05999755859375,92.37999725341797,89.93000030517578,90.55000305175781,82.51556396484375,1885300
2024-01-18,ED,ED,90.08999633789062,90.26000213623047,88.91999816894531,89.4000015258789,81.46759796142578,1682300
2024-01-19,ED,ED,89.37000274658203,90.12000274658203,88.83000183105469,89.86000061035156,81.88678741455078,1689900
2024-01-22,ED,ED,89.86000061035156,90.38999938964844,88.69000244140625,89.19999694824219,81.28535461425781,1678500
2024-01-23,ED,ED,89.05999755859375,89.52999877929688,88.52999877929688,89.12000274658203,81.21245574951172,1586100
2024-01-24,ED,ED,89.83000183105469,89.86000061035156,88.08000183105469,88.31999969482422,80.48342895507812,1932400
2024-01-25,ED,ED,89.13999938964844,89.72000122070312,88.37999725341797,89.66999816894531,81.7136459350586,1548400
2024-01-26,ED,ED,90.0,90.23999786376953,89.44000244140625,90.0199966430664,82.0325927734375,2218900
2024-01-29,ED,ED,90.0,91.12000274658203,89.58000183105469,90.58999633789062,82.55200958251953,2173300
2024-01-30,ED,ED,90.41999816894531,91.22000122070312,90.04000091552734,90.68000030517578,82.634033203125,1550000
2024-01-31,ED,ED,91.4800033569336,91.7699966430664,90.33999633789062,90.9000015258789,82.83451080322266,3138200
2024-02-01,ED,ED,90.38999938964844,92.81999969482422,90.0,92.77999877929688,84.54769134521484,1625100
2024-02-02,ED,ED,92.02999877929688,92.31999969482422,90.18000030517578,91.0999984741211,83.01675415039062,1978400
2024-02-05,ED,ED,90.31999969482422,90.91000366210938,89.62000274658203,89.66999816894531,81.7136459350586,1852000
2024-02-06,ED,ED,89.33999633789062,90.37000274658203,89.20999908447266,89.7699966430664,81.80477142333984,1621500
2024-02-07,ED,ED,90.13999938964844,90.19000244140625,89.16000366210938,89.47000122070312,81.5313949584961,1413400
2024-02-08,ED,ED,89.06999969482422,89.4800033569336,88.11000061035156,88.66999816894531,80.80237579345703,1626500
2024-02-09,ED,ED,88.36000061035156,89.13999938964844,88.29000091552734,89.05999755859375,81.15776824951172,1457600
2024-02-12,ED,ED,89.08000183105469,89.55999755859375,88.44000244140625,89.44999694824219,81.51316833496094,1627300
2024-02-13,ED,ED,88.45999908447266,88.86000061035156,85.93000030517578,86.66999816894531,79.71955871582031,3513600
2024-02-14,ED,ED,87.04000091552734,87.41000366210938,86.44999694824219,86.83999633789062,79.87591552734375,2413000
2024-02-15,ED,ED,87.0199966430664,88.36000061035156,86.87999725341797,88.22000122070312,81.14525604248047,2168500
2024-02-16,ED,ED,87.55000305175781,88.37999725341797,86.7300033569336,87.31999969482422,80.31741333007812,2949300
2024-02-20,ED,ED,87.43000030517578,88.66999816894531,87.02999877929688,87.58000183105469,80.55657196044922,1974500
2024-02-21,ED,ED,88.11000061035156,88.79000091552734,87.72000122070312,88.61000061035156,81.50398254394531,1746900
2024-02-22,ED,ED,87.91000366210938,88.20999908447266,86.7300033569336,87.91000366210938,80.86012268066406,1628800
2024-02-23,ED,ED,88.08999633789062,88.8499984741211,87.69999694824219,87.93000030517578,80.87850189208984,1190700
2024-02-26,ED,ED,87.70999908447266,87.76000213623047,86.08999633789062,86.20999908447266,79.29644775390625,1562900
2024-02-27,ED,ED,86.52999877929688,87.18000030517578,86.16000366210938,86.87999725341797,79.91270446777344,1159000
2024-02-28,ED,ED,86.8499984741211,87.27999877929688,86.44999694824219,86.6500015258789,79.70115661621094,1185500
2024-02-29,ED,ED,87.02999877929688,87.73999786376953,86.6500015258789,87.20999908447266,80.21623992919922,2803400
2024-03-01,ED,ED,86.98999786376953,87.11000061035156,85.8499984741211,87.01000213623047,80.03227996826172,1572000
2024-03-04,ED,ED,86.55999755859375,89.4000015258789,86.55999755859375,89.12999725341797,81.98226928710938,1960800
2024-03-05,ED,ED,89.55000305175781,90.79000091552734,88.66000366210938,88.98999786376953,81.85350036621094,2037200
2024-03-06,ED,ED,89.55999755859375,90.27999877929688,89.44000244140625,89.8499984741211,82.64452362060547,1436700
2024-03-07,ED,ED,90.76000213623047,90.91999816894531,89.7300033569336,89.94000244140625,82.7273178100586,1007900
2024-03-08,ED,ED,90.16999816894531,90.33999633789062,89.16999816894531,90.12000274658203,82.89289093017578,1072800
2024-03-11,ED,ED,90.16999816894531,91.0,89.75,90.80000305175781,83.51835632324219,1197200
2024-03-12,ED,ED,90.37000274658203,91.05999755859375,89.91000366210938,89.93000030517578,82.71812438964844,1316800
2024-03-13,ED,ED,90.4000015258789,91.0999984741211,89.44000244140625,89.56999969482422,82.38699340820312,1673600
2024-03-14,ED,ED,89.19999694824219,89.54000091552734,88.04000091552734,88.66999816894531,81.55915832519531,1450300
2024-03-15,ED,ED,88.05000305175781,89.22000122070312,88.05000305175781,88.94000244140625,81.80751037597656,3462300
2024-03-18,ED,ED,88.80000305175781,89.36000061035156,88.44000244140625,88.98999786376953,81.85350036621094,1355000
2024-03-19,ED,ED,89.38999938964844,89.80000305175781,88.77999877929688,89.70999908447266,82.51575469970703,1507600
2024-03-20,ED,ED,89.44000244140625,90.20999908447266,88.62000274658203,89.04000091552734,81.89949035644531,1545700
2024-03-21,ED,ED,89.23999786376953,89.7300033569336,88.61000061035156,88.6500015258789,81.540771484375,2162900
2024-03-22,ED,ED,89.1500015258789,89.3499984741211,88.37999725341797,88.5999984741211,81.49476623535156,1507500
2024-03-25,ED,ED,88.75,89.04000091552734,88.0,88.5,81.40278625488281,1163700
2024-03-26,ED,ED,88.44000244140625,88.52999877929688,87.16000366210938,87.44999694824219,80.4369888305664,1412000
2024-03-27,ED,ED,87.91999816894531,90.08999633789062,87.91999816894531,90.05000305175781,82.82849884033203,1935200
2024-03-28,ED,ED,90.20999908447266,90.9000015258789,89.79000091552734,90.80999755859375,83.52754974365234,1785800
2024-04-01,ED,ED,90.79000091552734,90.91999816894531,89.68000030517578,90.33000183105469,83.0860366821289,1109600
2024-04-02,ED,ED,90.41000366210938,91.7300033569336,90.41000366210938,90.5999984741211,83.3343734741211,1829400
2024-04-03,ED,ED,90.54000091552734,90.86000061035156,89.79000091552734,89.88999938964844,82.68132019042969,1404600
2024-04-04,ED,ED,90.48999786376953,90.7300033569336,89.36000061035156,90.19000244140625,82.957275390625,1667000
2024-04-05,ED,ED,89.66999816894531,90.01000213623047,88.88999938964844,89.6500015258789,82.4605712890625,1737900
2024-04-08,ED,ED,89.69000244140625,90.7699966430664,89.48999786376953,90.5999984741211,83.3343734741211,1437900
2024-04-09,ED,ED,90.77999877929688,91.16000366210938,90.3499984741211,91.12999725341797,83.82186889648438,1184100
2024-04-10,ED,ED,89.51000213623047,89.75,88.30000305175781,88.88999938964844,81.76152801513672,1623500
2024-04-11,ED,ED,89.38999938964844,89.38999938964844,88.13999938964844,88.55000305175781,81.44879150390625,1325800
2024-04-12,ED,ED,88.73999786376953,89.33000183105469,88.0199966430664,88.62999725341797,81.5223617553711,1396000
2024-04-15,ED,ED,89.77999877929688,90.2300033569336,88.80999755859375,89.31999969482422,82.15702056884766,3518000
2024-04-16,ED,ED,89.04000091552734,89.2699966430664,87.4000015258789,87.41999816894531,80.4094009399414,2098200
2024-04-17,ED,ED,88.0199966430664,90.52999877929688,87.8499984741211,90.33000183105469,83.0860366821289,2923100
2024-04-18,ED,ED,90.66000366210938,91.18000030517578,89.66999816894531,90.9000015258789,83.6103286743164,2528800
2024-04-19,ED,ED,91.41000366210938,92.52999877929688,91.12999725341797,91.7699966430664,84.41055297851562,7398300
2024-04-22,ED,ED,91.45999908447266,92.86000061035156,91.25,92.7300033569336,85.29357147216797,1818300
2024-04-23,ED,ED,92.37000274658203,93.37999725341797,92.25,92.83999633789062,85.39474487304688,1843800
2024-04-24,ED,ED,92.05000305175781,93.75,91.31999969482422,93.43000030517578,85.93743896484375,2001700
2024-04-25,ED,ED,93.43000030517578,94.36000061035156,92.69000244140625,94.11000061035156,86.56290435791016,2191500
2024-04-26,ED,ED,94.11000061035156,94.37999725341797,92.93000030517578,92.93000030517578,85.4775390625,1418600
2024-04-29,ED,ED,93.30999755859375,94.18000030517578,93.30999755859375,93.97000122070312,86.43412780761719,1146300
2024-04-30,ED,ED,93.30999755859375,94.86000061035156,92.77999877929688,94.4000015258789,86.82962799072266,3732000
2024-05-01,ED,ED,94.05000305175781,95.44000244140625,93.77999877929688,94.80000305175781,87.19757843017578,2372900
2024-05-02,ED,ED,95.0999984741211,95.62000274658203,94.45999908447266,95.25,87.61148834228516,1991600
2024-05-03,ED,ED,96.0,96.76000213623047,94.97000122070312,95.55999755859375,87.8966293334961,2465200
2024-05-06,ED,ED,95.63999938964844,96.26000213623047,95.06999969482422,96.12999725341797,88.42090606689453,2071500
2024-05-07,ED,ED,96.73999786376953,97.55999755859375,95.91000366210938,97.5,89.68104553222656,2029800
2024-05-08,ED,ED,97.33999633789062,98.12000274658203,96.63999938964844,97.56999969482422,89.74543762207031,2179700
2024-05-09,ED,ED,97.55000305175781,98.25,96.95999908447266,98.12000274658203,90.2513198852539,1613200
2024-05-10,ED,ED,98.44000244140625,98.55000305175781,97.5999984741211,97.69999694824219,89.86499786376953,1688500
2024-05-13,ED,ED,97.69999694824219,98.47000122070312,97.55000305175781,97.63999938964844,89.809814453125,1558000
2024-05-14,ED,ED,97.30000305175781,97.43000030517578,96.0199966430664,96.63999938964844,89.65210723876953,1723400
2024-05-15,ED,ED,97.48999786376953,97.68000030517578,96.66999816894531,96.91000366210938,89.90260314941406,1749100
2024-05-16,ED,ED,96.95999908447266,97.30999755859375,96.55000305175781,96.91000366210938,89.90260314941406,2388200
2024-05-17,ED,ED,97.04000091552734,97.16999816894531,96.38999938964844,97.0999984741211,90.07884979248047,1570700
2024-05-20,ED,ED,97.22000122070312,97.23999786376953,96.44000244140625,96.51000213623047,89.5315170288086,1224500
2024-05-21,ED,ED,96.62999725341797,97.19999694824219,95.87000274658203,96.33999633789062,89.37379455566406,1516000
2024-05-22,ED,ED,96.13999938964844,98.11000061035156,95.79000091552734,96.12999725341797,89.17898559570312,3657500
2024-05-23,ED,ED,95.36000061035156,95.76000213623047,93.73999786376953,93.87000274658203,87.0823974609375,2056700
2024-05-24,ED,ED,94.0999984741211,94.5999984741211,93.72000122070312,94.43000030517578,87.60191345214844,1639100
2024-05-28,ED,ED,94.2300033569336,95.31999969482422,93.12999725341797,93.20999908447266,86.47013854980469,2168800
2024-05-29,ED,ED,92.70999908447266,92.91999816894531,91.87000274658203,91.91000366210938,85.26412963867188,2013500
2024-05-30,ED,ED,92.36000061035156,92.77999877929688,92.16999816894531,92.44999694824219,85.76508331298828,1929600
2024-05-31,ED,ED,92.83000183105469,94.87999725341797,92.7699966430664,94.55000305175781,87.7132339477539,7907600
2024-06-03,ED,ED,94.55000305175781,95.20999908447266,93.44000244140625,93.68000030517578,86.9061508178711,2211800
2024-06-04,ED,ED,93.41000366210938,94.16000366210938,92.80000305175781,93.72000122070312,86.94325256347656,3445900
2024-06-05,ED,ED,93.55999755859375,93.6500015258789,92.23999786376953,92.5999984741211,85.90423583984375,2129700
2024-06-06,ED,ED,92.37999725341797,92.91000366210938,91.72000122070312,91.88999938964844,85.24556732177734,1416800
2024-06-07,ED,ED,91.02999877929688,92.08000183105469,90.98999786376953,91.61000061035156,84.9858169555664,1312300
2024-06-10,ED,ED,91.37000274658203,92.36000061035156,91.08000183105469,92.31999969482422,85.64448547363281,1803600
2024-06-11,ED,ED,91.68000030517578,92.16999816894531,91.11000061035156,91.75,85.11569213867188,1315600
2024-06-12,ED,ED,92.55000305175781,92.69999694824219,90.68000030517578,91.13999938964844,84.5498046875,1333400
2024-06-13,ED,ED,91.26000213623047,91.48999786376953,90.16999816894531,90.61000061035156,84.05812072753906,1598000
2024-06-14,ED,ED,90.2699966430664,91.30000305175781,90.05000305175781,90.87000274658203,84.2993392944336,1258500
2024-06-17,ED,ED,90.38999938964844,91.01000213623047,90.0999984741211,90.6500015258789,84.0952377319336,1401200
2024-06-18,ED,ED,90.44999694824219,90.94000244140625,89.75,90.38999938964844,83.85404205322266,1336400
2024-06-20,ED,ED,90.55000305175781,91.22000122070312,90.26000213623047,90.52999877929688,83.98391723632812,1383800
2024-06-21,ED,ED,90.6500015258789,91.44999694824219,90.30999755859375,90.33999633789062,83.80764770507812,3199700
2024-06-24,ED,ED,90.47000122070312,91.81999969482422,90.41999816894531,91.2699966430664,84.67040252685547,1441200
2024-06-25,ED,ED,91.05999755859375,91.13999938964844,89.27999877929688,89.38999938964844,82.92634582519531,1511800
2024-06-26,ED,ED,88.91999816894531,89.83000183105469,88.5199966430664,89.66999816894531,83.18610382080078,1838700
2024-06-27,ED,ED,89.6500015258789,89.9000015258789,89.26000213623047,89.68000030517578,83.19538116455078,1258100
2024-06-28,ED,ED,89.97000122070312,89.9800033569336,88.7699966430664,89.41999816894531,82.95417022705078,2647300
2024-07-01,ED,ED,89.76000213623047,90.08000183105469,88.55999755859375,88.80999755859375,82.3882827758789,1145100
2024-07-02,ED,ED,88.9800033569336,89.2699966430664,88.7300033569336,88.97000122070312,82.5367202758789,1128200
2024-07-03,ED,ED,88.94999694824219,89.55999755859375,88.55000305175781,88.70999908447266,82.29550170898438,922400
2024-07-05,ED,ED,88.80000305175781,89.5999984741211,88.4800033569336,89.2699966430664,82.81502532958984,1551100
2024-07-08,ED,ED,89.27999877929688,89.37999725341797,88.31999969482422,88.41999816894531,82.02648162841797,1169400
2024-07-09,ED,ED,88.30000305175781,89.2300033569336,88.20999908447266,88.8499984741211,82.4253921508789,1589200
2024-07-10,ED,ED,89.18000030517578,90.0,88.6500015258789,89.87000274658203,83.37163543701172,1188400
2024-07-11,ED,ED,90.16999816894531,91.69999694824219,89.80000305175781,91.45999908447266,84.8466796875,1345700
2024-07-12,ED,ED,91.88999938964844,92.55999755859375,91.58000183105469,92.19000244140625,85.52388763427734,1222900
2024-07-15,ED,ED,91.66000366210938,91.86000061035156,90.18000030517578,90.26000213623047,83.73345184326172,1490200
2024-07-16,ED,ED,90.79000091552734,91.58000183105469,90.30000305175781,91.55000305175781,84.93016052246094,1526600
2024-07-17,ED,ED,91.97000122070312,94.2300033569336,91.5999984741211,93.76000213623047,86.98035430908203,2039300
2024-07-18,ED,ED,93.38999938964844,95.08000183105469,93.38999938964844,94.11000061035156,87.3050537109375,2135700
2024-07-19,ED,ED,94.56999969482422,94.62999725341797,93.58999633789062,94.04000091552734,87.24011993408203,1809600
2024-07-22,ED,ED,93.0999984741211,94.7300033569336,93.0199966430664,94.63999938964844,87.79673767089844,1547900
2024-07-23,ED,ED,94.44000244140625,94.44000244140625,93.22000122070312,93.25,86.50724029541016,1245700
2024-07-24,ED,ED,94.0,95.91999816894531,93.70999908447266,95.87999725341797,88.94705963134766,2179800
2024-07-25,ED,ED,96.44999694824219,97.81999969482422,95.5,95.91999816894531,88.98418426513672,1920800
2024-07-26,ED,ED,96.18000030517578,97.0199966430664,95.95999908447266,96.44000244140625,89.46658325195312,1438800
2024-07-29,ED,ED,96.62999725341797,97.08999633789062,96.0,96.87000274658203,89.86548614501953,1320200
2024-07-30,ED,ED,96.79000091552734,98.37999725341797,96.66999816894531,98.16000366210938,91.06220245361328,1127000
2024-07-31,ED,ED,98.23999786376953,98.23999786376953,97.05000305175781,97.5199966430664,90.4684829711914,1623400
2024-08-01,ED,ED,98.13999938964844,100.26000213623047,97.37999725341797,100.20999908447266,92.9639663696289,2409300
2024-08-02,ED,ED,103.1500015258789,105.98999786376953,100.05999755859375,101.83000183105469,94.46682739257812,4425800
2024-08-05,ED,ED,102.8499984741211,103.37999725341797,100.56999969482422,100.69999694824219,93.41853332519531,2846300
2024-08-06,ED,ED,100.69999694824219,102.16999816894531,100.69999694824219,100.88999938964844,93.59480285644531,1956400
2024-08-07,ED,ED,101.0,102.22000122070312,100.19000244140625,101.19000244140625,93.87312316894531,2139800
2024-08-08,ED,ED,100.62999725341797,101.47000122070312,100.11000061035156,100.5,93.2330093383789,1784600
2024-08-09,ED,ED,100.58999633789062,101.12999725341797,99.20999908447266,101.0199966430664,93.71539306640625,1512900
2024-08-12,ED,ED,100.73999786376953,101.9800033569336,100.5,101.94000244140625,94.56887817382812,1238400
2024-08-13,ED,ED,102.0199966430664,102.62999725341797,101.33000183105469,101.5999984741211,94.25346374511719,1505700
2024-08-14,ED,ED,100.30999755859375,101.48999786376953,99.87999725341797,100.86000061035156,94.33763885498047,1639200
2024-08-15,ED,ED,99.9000015258789,100.47000122070312,98.63999938964844,99.2300033569336,92.81305694580078,2757400
2024-08-16,ED,ED,99.5,100.51000213623047,98.9800033569336,100.0999984741211,93.62678527832031,1684800
2024-08-19,ED,ED,100.30000305175781,100.66999816894531,99.98999786376953,100.41000366210938,93.91675567626953,1837800
2024-08-20,ED,ED,100.5199966430664,101.16999816894531,100.05999755859375,100.16999816894531,93.69225311279297,1460700
2024-08-21,ED,ED,100.11000061035156,100.77999877929688,100.01000213623047,100.41999816894531,93.92609405517578,1922500
2024-08-22,ED,ED,100.31999969482422,100.83999633789062,100.0,100.66999816894531,94.15992736816406,1845000
2024-08-23,ED,ED,100.83999633789062,101.08999633789062,100.25,100.5999984741211,94.09445190429688,1620000
2024-08-26,ED,ED,100.93000030517578,101.72000122070312,100.68000030517578,100.9000015258789,94.37506103515625,1221500
2024-08-27,ED,ED,100.7699966430664,101.25,99.51000213623047,99.58999633789062,93.14976501464844,927300
2024-08-28,ED,ED,99.77999877929688,101.0999984741211,99.43000030517578,100.38999938964844,93.89802551269531,1019300
2024-08-29,ED,ED,100.29000091552734,100.86000061035156,99.44999694824219,100.80999755859375,94.2908706665039,1150900
2024-08-30,ED,ED,101.0,101.83000183105469,100.86000061035156,101.55999755859375,94.99237823486328,2366500
2024-09-03,ED,ED,101.73999786376953,103.51000213623047,101.55000305175781,103.27999877929688,96.60114288330078,2122600
2024-09-04,ED,ED,103.55999755859375,104.94000244140625,103.55999755859375,104.4000015258789,97.64872741699219,1501000
2024-09-05,ED,ED,105.0,105.29000091552734,103.4800033569336,103.79000091552734,97.07816314697266,1538700
2024-09-06,ED,ED,104.1500015258789,104.37999725341797,103.20999908447266,103.27999877929688,96.60114288330078,1760600
2024-09-09,ED,ED,103.38999938964844,104.81999969482422,103.3499984741211,104.75,97.97608947753906,1672900
2024-09-10,ED,ED,104.87999725341797,105.62000274658203,104.37999725341797,104.97000122070312,98.1818618774414,1271100
2024-09-11,ED,ED,104.52999877929688,104.75,103.02999877929688,103.81999969482422,97.10623931884766,2685900
2024-09-12,ED,ED,103.70999908447266,104.58000183105469,103.25,103.38999938964844,96.70403289794922,1528600
2024-09-13,ED,ED,103.58999633789062,104.73999786376953,103.20999908447266,104.55999755859375,97.79837036132812,1274700
2024-09-16,ED,ED,105.04000091552734,105.81999969482422,104.76000213623047,104.8499984741211,98.06961822509766,1467900
2024-09-17,ED,ED,104.5199966430664,105.29000091552734,104.0,104.54000091552734,97.7796630859375,1391000
2024-09-18,ED,ED,104.37999725341797,104.87999725341797,102.55000305175781,103.41000366210938,96.72274017333984,1347000
2024-09-19,ED,ED,101.48999786376953,102.43000030517578,100.94999694824219,102.12000274658203,95.51615905761719,1761700
2024-09-20,ED,ED,102.2300033569336,103.56999969482422,101.9800033569336,103.3499984741211,96.6666259765625,3492600
2024-09-23,ED,ED,103.68000030517578,104.44000244140625,103.29000091552734,104.0199966430664,97.29328918457031,1053600
2024-09-24,ED,ED,103.20999908447266,104.26000213623047,102.69999694824219,102.81999969482422,96.17089080810547,1063000
2024-09-25,ED,ED,103.25,103.44000244140625,102.2699966430664,103.16000366210938,96.48892211914062,1151100
2024-09-26,ED,ED,102.41000366210938,103.9800033569336,102.26000213623047,103.12000274658203,96.45149993896484,1391600
2024-09-27,ED,ED,103.47000122070312,104.58999633789062,103.41000366210938,104.05000305175781,97.32137298583984,1366800
2024-09-30,ED,ED,104.43000030517578,104.43000030517578,103.1500015258789,104.12999725341797,97.39618682861328,1449500
2024-10-01,ED,ED,104.25,105.58999633789062,103.55999755859375,105.1500015258789,98.3502197265625,1834600
2024-10-02,ED,ED,104.31999969482422,104.87000274658203,103.94999694824219,104.44999694824219,97.69548034667969,996700
2024-10-03,ED,ED,104.80999755859375,104.80999755859375,103.58000183105469,104.0199966430664,97.29328918457031,952100
2024-10-04,ED,ED,102.79000091552734,103.33999633789062,102.2699966430664,103.1500015258789,96.47955322265625,952900
2024-10-07,ED,ED,102.69999694824219,102.69999694824219,100.94000244140625,101.13999938964844,94.59952545166016,1967300
2024-10-08,ED,ED,101.66999816894531,102.94000244140625,101.26000213623047,102.11000061035156,95.50680541992188,1328800
2024-10-09,ED,ED,101.95999908447266,102.93000030517578,101.66999816894531,102.37000274658203,95.74999237060547,1114700
2024-10-10,ED,ED,102.7300033569336,103.16000366210938,101.5,101.58000183105469,95.0110855102539,1179600
2024-10-11,ED,ED,101.91000366210938,102.3499984741211,101.66999816894531,102.31999969482422,95.70323944091797,1317200
2024-10-14,ED,ED,101.75,103.13999938964844,101.31999969482422,103.04000091552734,96.37667083740234,1976000
2024-10-15,ED,ED,104.81999969482422,106.41000366210938,104.58000183105469,105.44999694824219,98.63082122802734,2748900
2024-10-16,ED,ED,105.75,106.18000030517578,105.20999908447266,106.13999938964844,99.27619934082031,1869200
2024-10-17,ED,ED,106.44000244140625,106.44999694824219,105.01000213623047,105.66000366210938,98.82723999023438,1727900
2024-10-18,ED,ED,105.95999908447266,106.7699966430664,105.26000213623047,106.76000213623047,99.85611724853516,6365300
2024-10-21,ED,ED,106.79000091552734,107.0999984741211,105.94000244140625,106.26000213623047,99.38844299316406,1405800
2024-10-22,ED,ED,105.62999725341797,105.98999786376953,104.63999938964844,105.69999694824219,98.86465454101562,1207200
2024-10-23,ED,ED,105.9800033569336,107.45999908447266,105.62999725341797,107.4000015258789,100.4547119140625,1663200
2024-10-24,ED,ED,107.37999725341797,107.75,106.69000244140625,107.0,100.0805892944336,1127300
2024-10-25,ED,ED,107.41000366210938,107.41000366210938,104.5,104.5999984741211,97.83578491210938,1734300
2024-10-28,ED,ED,104.9800033569336,105.37999725341797,104.76000213623047,104.80999755859375,98.0322036743164,1204600
2024-10-29,ED,ED,104.2699966430664,104.4000015258789,102.80999755859375,102.91000366210938,96.25508117675781,1452900
2024-10-30,ED,ED,103.13999938964844,103.4000015258789,102.19999694824219,102.72000122070312,96.07734680175781,1641100
2024-10-31,ED,ED,102.80999755859375,103.77999877929688,101.55999755859375,101.68000030517578,95.1046142578125,3732300
2024-11-01,ED,ED,102.01000213623047,102.05999755859375,99.56999969482422,100.0,93.53325653076172,2832700
2024-11-04,ED,ED,99.48999786376953,100.54000091552734,98.19999694824219,99.1500015258789,92.73822021484375,2088300
2024-11-05,ED,ED,99.01000213623047,99.8499984741211,98.3499984741211,99.81999969482422,93.36488342285156,2062100
2024-11-06,ED,ED,98.6500015258789,99.80000305175781,98.13999938964844,98.95999908447266,92.56050109863281,3701800
2024-11-07,ED,ED,99.0199966430664,99.69000244140625,97.23999786376953,97.58000183105469,91.2697525024414,3061400
2024-11-08,ED,ED,98.13999938964844,98.91000366210938,97.43000030517578,98.12999725341797,91.78418731689453,2915300
2024-11-11,ED,ED,97.62999725341797,98.97000122070312,97.58999633789062,98.4800033569336,92.11155700683594,1968400
2024-11-12,ED,ED,98.4800033569336,98.4800033569336,96.83999633789062,97.04000091552734,90.7646713256836,2682800
2024-11-13,ED,ED,96.79000091552734,96.87999725341797,94.88999938964844,95.41000366210938,90.00994110107422,2129500
2024-11-14,ED,ED,95.69999694824219,95.87999725341797,95.05999755859375,95.23999786376953,89.84957122802734,2112600
2024-11-15,ED,ED,95.0,96.48999786376953,95.0,96.44000244140625,90.98165893554688,2239200
2024-11-18,ED,ED,96.04000091552734,96.94000244140625,95.81999969482422,96.44999694824219,90.99108123779297,1838700
2024-11-19,ED,ED,96.45999908447266,97.08000183105469,95.31999969482422,96.97000122070312,91.48165130615234,1861400
2024-11-20,ED,ED,96.5999984741211,97.93000030517578,96.43000030517578,97.87999725341797,92.34014129638672,2119600
2024-11-21,ED,ED,97.93000030517578,98.70999908447266,97.3499984741211,98.69999694824219,93.11373901367188,1470600
2024-11-22,ED,ED,98.9000015258789,99.25,98.19999694824219,98.36000061035156,92.79298400878906,1186000
2024-11-25,ED,ED,98.45999908447266,99.4800033569336,98.18000030517578,99.47000122070312,93.84016418457031,3996100
2024-11-26,ED,ED,99.72000122070312,101.80999755859375,99.55000305175781,101.69999694824219,95.94395446777344,2435300
2024-11-27,ED,ED,102.30999755859375,102.6500015258789,101.41999816894531,101.58000183105469,95.83074188232422,1330400
2024-11-29,ED,ED,101.4000015258789,101.80000305175781,100.4800033569336,100.58999633789062,94.89675903320312,952300
2024-12-02,ED,ED,100.83999633789062,100.83999633789062,98.19999694824219,98.5,92.925048828125,1911600
2024-12-03,ED,ED,99.37999725341797,99.37999725341797,97.5199966430664,97.52999877929688,92.00995635986328,1536000
2024-12-04,ED,ED,96.5,96.88999938964844,95.9000015258789,96.62000274658203,91.15147399902344,5090600
2024-12-05,ED,ED,96.69000244140625,97.31999969482422,96.41000366210938,96.5,91.03825378417969,2615800
2024-12-06,ED,ED,96.5,96.68000030517578,94.31999969482422,94.81999969482422,89.45333862304688,2813500
2024-12-09,ED,ED,94.63999938964844,95.41999816894531,93.93000030517578,94.77999877929688,89.41560363769531,2529500
2024-12-10,ED,ED,94.63999938964844,94.98999786376953,93.23999786376953,94.69000244140625,89.33069610595703,1695400
2024-12-11,ED,ED,94.6500015258789,94.6500015258789,92.4000015258789,92.75,87.50050354003906,2352400
2024-12-12,ED,ED,93.44000244140625,93.73999786376953,92.41999816894531,92.61000061035156,87.36842346191406,2300200
2024-12-13,ED,ED,92.5999984741211,93.1500015258789,92.0999984741211,92.69000244140625,87.44388580322266,1868500
2024-12-16,ED,ED,92.56999969482422,92.87999725341797,91.04000091552734,91.26000213623047,86.09483337402344,3004500
2024-12-17,ED,ED,90.80999755859375,91.91999816894531,90.43000030517578,90.83999633789062,85.69859313964844,2172200
2024-12-18,ED,ED,90.69999694824219,90.79000091552734,88.76000213623047,88.87000274658203,83.8401107788086,2677500
2024-12-19,ED,ED,88.68000030517578,90.25,88.37000274658203,89.06999969482422,84.0287857055664,2555700
2024-12-20,ED,ED,88.77999877929688,90.52999877929688,88.77999877929688,90.02999877929688,84.9344482421875,4876400
2024-12-23,ED,ED,89.88999938964844,89.88999938964844,88.79000091552734,89.66999816894531,84.59481811523438,1979000
2024-12-24,ED,ED,89.4000015258789,89.7300033569336,89.0999984741211,89.58000183105469,84.50992584228516,653900
2024-12-26,ED,ED,89.2300033569336,90.12999725341797,89.0,89.58999633789062,84.51934814453125,1879800
2024-12-27,ED,ED,89.0,89.95999908447266,88.83000183105469,89.55999755859375,84.49104309082031,1319600
2024-12-30,ED,ED,89.47000122070312,89.4800033569336,88.41000366210938,89.16000366210938,84.11369323730469,1377800
2024-12-31,ED,ED,89.30000305175781,89.63999938964844,88.58999633789062,89.2300033569336,84.17973327636719,1641000
2025-01-02,ED,ED,89.7300033569336,90.08999633789062,88.68000030517578,89.02999877929688,83.99103546142578,1557900
2025-01-03,ED,ED,89.12999725341797,89.8499984741211,88.73999786376953,89.23999786376953,84.18915557861328,1954100
2025-01-06,ED,ED,88.44000244140625,88.83000183105469,87.69999694824219,88.37000274658203,83.368408203125,1981200
2025-01-07,ED,ED,88.69999694824219,89.16999816894531,87.72000122070312,88.0,83.01934051513672,2861200
2025-01-08,ED,ED,87.87999725341797,89.04000091552734,87.5199966430664,89.01000213623047,83.97216796875,1793000
2025-01-10,ED,ED,88.22000122070312,89.11000061035156,87.79000091552734,88.1500015258789,83.16085815429688,2243200
2025-01-13,ED,ED,88.37000274658203,88.4800033569336,87.27999877929688,88.47000122070312,83.46273803710938,1883600
2025-01-14,ED,ED,88.47000122070312,89.58000183105469,88.26000213623047,89.37000274658203,84.31180572509766,2104000
2025-01-15,ED,ED,89.81999969482422,90.55000305175781,89.41999816894531,90.2300033569336,85.12313079833984,1971800
2025-01-16,ED,ED,90.05000305175781,92.2300033569336,90.0199966430664,92.22000122070312,87.00048828125,2097600
2025-01-17,ED,ED,91.98999786376953,93.83000183105469,91.73999786376953,93.6500015258789,88.34955596923828,3516800
2025-01-21,ED,ED,93.87000274658203,94.95999908447266,92.88999938964844,93.20999908447266,87.9344711303711,2761500
2025-01-22,ED,ED,92.87000274658203,92.87000274658203,90.66000366210938,90.7699966430664,85.632568359375,1805200
2025-01-23,ED,ED,91.23999786376953,91.44000244140625,90.3499984741211,90.76000213623047,85.62313079833984,1649700
2025-01-24,ED,ED,90.4000015258789,91.05999755859375,90.36000061035156,90.5999984741211,85.47217559814453,2597000
2025-01-27,ED,ED,91.95999908447266,96.06999969482422,91.7699966430664,94.88999938964844,89.51937866210938,4043800
2025-01-28,ED,ED,94.4000015258789,94.81999969482422,93.31999969482422,93.38999938964844,88.1042709350586,2470600
2025-01-29,ED,ED,93.4000015258789,93.8499984741211,92.29000091552734,92.56999969482422,87.3306884765625,1935900
2025-01-30,ED,ED,93.0999984741211,94.02999877929688,92.69999694824219,93.86000061035156,88.54767608642578,2274000
2025-01-31,ED,ED,93.55000305175781,94.23999786376953,93.23999786376953,93.73999786376953,88.43446350097656,6072700
2025-02-03,ED,ED,93.73999786376953,96.05999755859375,93.66999816894531,95.62000274658203,90.20806884765625,3234900
2025-02-04,ED,ED,94.5999984741211,95.4000015258789,93.63999938964844,94.91000366210938,89.53823852539062,2186500
2025-02-05,ED,ED,95.80999755859375,96.44000244140625,95.19000244140625,96.19000244140625,90.74580383300781,1874100
2025-02-06,ED,ED,96.30000305175781,96.33999633789062,94.81999969482422,95.41999816894531,90.0193862915039,1586800
2025-02-07,ED,ED,95.11000061035156,96.20999908447266,94.63999938964844,96.08000183105469,90.64203643798828,1520000
2025-02-10,ED,ED,96.0,96.83000183105469,95.23999786376953,96.69999694824219,91.2269287109375,1570600
2025-02-11,ED,ED,96.56999969482422,96.7300033569336,95.75,96.30999755859375,90.8590087890625,3162400
2025-02-12,ED,ED,95.38999938964844,95.61000061035156,93.5199966430664,94.56999969482422,89.21749114990234,3704200
2025-02-13,ED,ED,94.5999984741211,95.9800033569336,94.48999786376953,95.66000366210938,90.24580383300781,1860300
2025-02-14,ED,ED,96.0,96.38999938964844,94.88999938964844,94.91999816894531,89.54768371582031,1948200
2025-02-18,ED,ED,94.79000091552734,96.06999969482422,94.54000091552734,95.76000213623047,90.34013366699219,2568500
2025-02-19,ED,ED,94.88999938964844,95.94000244140625,94.5,95.26000213623047,90.67329406738281,1857500
2025-02-20,ED,ED,95.01000213623047,96.0,94.5,95.76000213623047,91.14920806884766,2580200
2025-02-21,ED,ED,96.05999755859375,99.33999633789062,95.87000274658203,98.26000213623047,93.52883911132812,4414800
2025-02-24,ED,ED,98.80999755859375,100.75,98.30000305175781,99.68000030517578,94.88046264648438,2943100
2025-02-25,ED,ED,100.23999786376953,101.94999694824219,99.72000122070312,100.97000122070312,96.10835266113281,3481300
2025-02-26,ED,ED,100.19000244140625,100.43000030517578,99.0999984741211,99.95999908447266,95.14698028564453,2072700
2025-02-27,ED,ED,98.95999908447266,100.81999969482422,98.37000274658203,99.91999816894531,95.1089096069336,3313900
2025-02-28,ED,ED,101.11000061035156,101.63999938964844,99.83000183105469,101.5199966430664,96.63187408447266,5254600
2025-03-03,ED,ED,100.87999725341797,104.30999755859375,100.87999725341797,104.0199966430664,99.0114974975586,3555900
2025-03-04,ED,ED,104.80000305175781,105.86000061035156,102.11000061035156,102.1500015258789,97.2315444946289,3592000
2025-03-05,ED,ED,101.0199966430664,101.66000366210938,99.68000030517578,100.19999694824219,95.37541961669922,5509700
2025-03-06,ED,ED,100.23999786376953,101.5999984741211,98.97000122070312,100.91000366210938,96.05125427246094,4345900
2025-03-07,ED,ED,101.31999969482422,104.08000183105469,100.77999877929688,103.63999938964844,98.64979553222656,2865800
2025-03-10,ED,ED,104.27999877929688,107.97000122070312,104.0,106.66000366210938,101.52438354492188,3471800
2025-03-11,ED,ED,106.2300033569336,106.66000366210938,103.69999694824219,103.7699966430664,98.7735366821289,2731300
2025-03-12,ED,ED,102.41000366210938,103.38999938964844,101.91999816894531,102.63999938964844,97.69794464111328,3739200
2025-03-13,ED,ED,103.47000122070312,105.3499984741211,103.3499984741211,104.56999969482422,99.53501892089844,2392100
2025-03-14,ED,ED,103.87000274658203,106.70999908447266,103.80000305175781,106.41000366210938,101.28643035888672,3779200
2025-03-17,ED,ED,106.41000366210938,108.43000030517578,105.95999908447266,107.62000274658203,102.43816375732422,3930600
2025-03-18,ED,ED,107.22000122070312,108.01000213623047,106.54000091552734,107.80999755859375,102.6190185546875,3275700
2025-03-19,ED,ED,107.4000015258789,107.95999908447266,106.80999755859375,107.48999786376953,102.31442260742188,2293600
2025-03-20,ED,ED,107.77999877929688,108.62000274658203,107.02999877929688,108.4800033569336,103.25675201416016,1896200
2025-03-21,ED,ED,108.22000122070312,109.36000061035156,107.37000274658203,107.80000305175781,102.6094970703125,4415400
2025-03-24,ED,ED,107.22000122070312,108.30000305175781,106.80999755859375,106.83000183105469,101.68619537353516,1897800
2025-03-25,ED,ED,106.7699966430664,106.7699966430664,104.61000061035156,105.55000305175781,100.46783447265625,2543800
2025-03-26,ED,ED,105.87000274658203,107.77999877929688,105.2699966430664,107.45999908447266,102.2858657836914,1925000
2025-03-27,ED,ED,108.0,108.38999938964844,107.23999786376953,107.88999938964844,102.6951675415039,1859100
2025-03-28,ED,ED,108.87999725341797,109.44000244140625,108.12000274658203,108.7699966430664,103.53278350830078,2392300
2025-03-31,ED,ED,109.61000061035156,111.11000061035156,109.05999755859375,110.58999633789062,105.26515197753906,2920400
2025-04-01,ED,ED,110.19000244140625,110.68000030517578,109.12999725341797,110.05999755859375,104.76067352294922,2507600
2025-04-02,ED,ED,110.29000091552734,110.83999633789062,109.05000305175781,109.58000183105469,104.30377960205078,2015200
2025-04-03,ED,ED,112.43000030517578,113.44999694824219,111.38999938964844,112.72000122070312,107.2926025390625,4175500
2025-04-04,ED,ED,114.0,114.87000274658203,108.12000274658203,109.31999969482422,104.05630493164062,6395600
2025-04-07,ED,ED,107.04000091552734,109.31999969482422,105.20999908447266,105.4000015258789,100.32505798339844,4405500
2025-04-08,ED,ED,106.83000183105469,108.2699966430664,104.83000183105469,106.05000305175781,100.9437484741211,2683000
2025-04-09,ED,ED,105.16000366210938,108.70999908447266,103.27999877929688,105.7699966430664,100.67723083496094,4912800
2025-04-10,ED,ED,106.4800033569336,109.48999786376953,105.56999969482422,108.30000305175781,103.08541870117188,3381900
2025-04-11,ED,ED,108.18000030517578,110.63999938964844,106.95999908447266,109.83999633789062,104.55126190185547,2617200
2025-04-14,ED,ED,109.27999877929688,112.44999694824219,108.9000015258789,112.25,106.84523010253906,2132900
2025-04-15,ED,ED,112.41999816894531,112.87999725341797,111.58000183105469,111.80999755859375,106.4264144897461,2314400
2025-04-16,ED,ED,112.62999725341797,112.9800033569336,111.05999755859375,111.44000244140625,106.07422637939453,2132900
2025-04-17,ED,ED,111.47000122070312,113.41000366210938,111.4000015258789,112.0999984741211,106.70244598388672,2055200
2025-04-21,ED,ED,111.88999938964844,112.1500015258789,109.9800033569336,110.95999908447266,105.6173324584961,2333900
2025-04-22,ED,ED,111.5,113.55999755859375,111.47000122070312,113.30000305175781,107.84467315673828,1833500
2025-04-23,ED,ED,112.2300033569336,113.0999984741211,111.33999633789062,112.5199966430664,107.10222625732422,2098400
2025-04-24,ED,ED,112.27999877929688,112.5,110.77999877929688,111.29000091552734,105.93146514892578,2389200
2025-04-25,ED,ED,111.37999725341797,111.4800033569336,109.75,110.44999694824219,105.13189697265625,2820700
2025-04-28,ED,ED,110.26000213623047,111.2699966430664,108.86000061035156,111.12999725341797,105.7791519165039,2938200
2025-04-29,ED,ED,110.94999694824219,112.37999725341797,110.31999969482422,112.12999725341797,106.73100280761719,2000400
2025-04-30,ED,ED,112.80999755859375,113.2699966430664,110.69999694824219,112.75,107.32115936279297,4940600
2025-05-01,ED,ED,112.9000015258789,113.45999908447266,111.54000091552734,112.55999755859375,107.14029693603516,3265400
2025-05-02,ED,ED,110.36000061035156,111.88999938964844,109.25,110.02999877929688,104.73211669921875,3421800
2025-05-05,ED,ED,110.33999633789062,110.66999816894531,108.9000015258789,109.5199966430664,104.24667358398438,3225200
2025-05-06,ED,ED,109.83999633789062,111.33999633789062,109.02999877929688,110.47000122070312,105.15093231201172,2186800
2025-05-07,ED,ED,110.20999908447266,111.76000213623047,110.20999908447266,111.04000091552734,105.69348907470703,3555200
2025-05-08,ED,ED,110.6500015258789,110.94999694824219,107.5,107.75,102.5618896484375,3652300
2025-05-09,ED,ED,108.19999694824219,108.19999694824219,107.04000091552734,107.68000030517578,102.49526977539062,2248900
2025-05-12,ED,ED,105.62999725341797,106.5999984741211,102.94999694824219,103.54000091552734,98.55461883544922,3918400
2025-05-13,ED,ED,103.25,103.30999755859375,100.0999984741211,100.58000183105469,95.73712921142578,4495900
2025-05-14,ED,ED,99.2699966430664,99.5999984741211,97.77999877929688,99.2699966430664,95.29553985595703,3383900
2025-05-15,ED,ED,100.13999938964844,102.08999633789062,99.87000274658203,102.01000213623047,97.92585754394531,3497300
2025-05-16,ED,ED,102.02999877929688,104.43000030517578,101.69999694824219,104.29000091552734,100.11457061767578,2758900
2025-05-19,ED,ED,104.3499984741211,105.41000366210938,103.9000015258789,105.37999725341797,101.16092681884766,2047800
2025-05-20,ED,ED,105.05000305175781,106.08000183105469,105.01000213623047,105.70999908447266,101.47771453857422,2177700
2025-05-21,ED,ED,105.62000274658203,105.91000366210938,104.75,105.22000122070312,101.00733184814453,2741200
2025-05-22,ED,ED,104.9800033569336,104.9800033569336,102.94999694824219,103.41999816894531,99.2793960571289,2266100
2025-05-23,ED,ED,104.37999725341797,104.68000030517578,102.44999694824219,104.0999984741211,99.93217468261719,2116000
2025-05-27,ED,ED,104.2699966430664,104.4800033569336,103.47000122070312,103.97000122070312,99.80738067626953,2638900
2025-05-28,ED,ED,103.62999725341797,104.1500015258789,101.93000030517578,102.11000061035156,98.02184295654297,1945700
2025-05-29,ED,ED,101.69000244140625,103.7300033569336,101.4800033569336,103.37999725341797,99.24099731445312,2762900
2025-05-30,ED,ED,103.4800033569336,105.0999984741211,102.94999694824219,104.48999786376953,100.30656433105469,6398500
2025-06-02,ED,ED,103.63999938964844,104.80999755859375,103.16000366210938,103.86000061035156,99.70178985595703,2292200
2025-06-03,ED,ED,103.86000061035156,103.88999938964844,102.18000030517578,103.23999786376953,99.10660552978516,2316600
2025-06-04,ED,ED,103.2300033569336,103.80000305175781,101.88999938964844,102.20999908447266,98.11784362792969,1845700
2025-06-05,ED,ED,102.5,102.5,101.2699966430664,102.2699966430664,98.1754379272461,2734400
2025-06-06,ED,ED,102.11000061035156,102.55000305175781,101.08000183105469,101.61000061035156,97.5418701171875,1694500
2025-06-09,ED,ED,101.36000061035156,101.9800033569336,100.58000183105469,101.11000061035156,97.0618896484375,1781800
2025-06-10,ED,ED,101.4000015258789,102.7300033569336,100.91000366210938,102.4000015258789,98.30023193359375,2311800
2025-06-11,ED,ED,102.19000244140625,102.69999694824219,101.80000305175781,102.55000305175781,98.44422912597656,2439100
2025-06-12,ED,ED,103.13999938964844,103.7699966430664,102.66999816894531,103.76000213623047,99.60578918457031,1902600
2025-06-13,ED,ED,103.94000244140625,105.27999877929688,103.69999694824219,103.95999908447266,99.79777526855469,3337400
2025-06-16,ED,ED,104.0,104.5199966430664,100.93000030517578,101.62999725341797,97.56106567382812,2738000
2025-06-17,ED,ED,101.61000061035156,101.76000213623047,100.5,101.3499984741211,97.29227447509766,2844900
2025-06-18,ED,ED,101.5,101.88999938964844,100.58000183105469,100.7300033569336,96.69710540771484,2620500
2025-06-20,ED,ED,100.66999816894531,101.81999969482422,100.51000213623047,100.97000122070312,96.92748260498047,7504200
2025-06-23,ED,ED,101.80999755859375,102.47000122070312,100.63999938964844,101.1500015258789,97.10028839111328,3957800
2025-06-24,ED,ED,100.66999816894531,101.33999633789062,100.06999969482422,100.19000244140625,96.17872619628906,2952900
2025-06-25,ED,ED,99.33999633789062,99.93000030517578,97.33999633789062,98.05000305175781,94.12439727783203,4396800
2025-06-26,ED,ED,98.30999755859375,98.69000244140625,97.9000015258789,98.41000366210938,94.4699935913086,2655600
2025-06-27,ED,ED,98.4000015258789,98.66000366210938,97.83999633789062,98.1500015258789,94.22039031982422,2880100
2025-06-30,ED,ED,98.83000183105469,100.43000030517578,98.5999984741211,100.3499984741211,96.33230590820312,2930500
2025-07-01,ED,ED,100.7699966430664,101.61000061035156,99.58000183105469,100.77999877929688,96.7450942993164,2749100
2025-07-02,ED,ED,100.4000015258789,101.27999877929688,99.08999633789062,99.91999816894531,95.91952514648438,2485800
2025-07-03,ED,ED,100.37999725341797,100.76000213623047,99.69000244140625,100.30999755859375,96.29391479492188,1316600
2025-07-07,ED,ED,100.30000305175781,100.4000015258789,99.25,99.70999908447266,95.71793365478516,1800700
2025-07-08,ED,ED,98.63999938964844,100.0,97.9000015258789,99.30999755859375,95.33393859863281,3451200
2025-07-09,ED,ED,99.4000015258789,100.3499984741211,99.0,99.97000122070312,95.96752166748047,2782500
2025-07-10,ED,ED,99.19999694824219,101.37999725341797,99.19999694824219,101.06999969482422,97.02348327636719,1851800
2025-07-11,ED,ED,100.45999908447266,101.30999755859375,99.83000183105469,100.58999633789062,96.56270599365234,1853700
2025-07-14,ED,ED,100.55999755859375,101.97000122070312,100.30000305175781,101.01000213623047,96.96589660644531,1409800
2025-07-15,ED,ED,100.37999725341797,100.70999908447266,99.48999786376953,99.94999694824219,95.94833374023438,1731200
2025-07-16,ED,ED,99.77999877929688,100.6500015258789,99.58000183105469,100.45999908447266,96.43790435791016,1865400
2025-07-17,ED,ED,100.13999938964844,100.97000122070312,99.94000244140625,100.5999984741211,96.5722885131836,2131700
2025-07-18,ED,ED,101.0,101.7699966430664,100.48999786376953,101.08000183105469,97.03308868408203,1813500
2025-07-21,ED,ED,101.04000091552734,102.80999755859375,101.01000213623047,102.06999969482422,97.98344421386719,1667800
2025-07-22,ED,ED,102.30999755859375,104.33000183105469,102.26000213623047,103.58999633789062,99.44259643554688,1663800
2025-07-23,ED,ED,103.37000274658203,103.9000015258789,101.95999908447266,102.55000305175781,98.44422912597656,2563100
2025-07-24,ED,ED,102.47000122070312,102.80000305175781,101.75,102.05000305175781,97.9642562866211,2467800
2025-07-25,ED,ED,101.97000122070312,102.6500015258789,101.48999786376953,102.26000213623047,98.16584014892578,1375700
2025-07-28,ED,ED,101.87999725341797,101.94000244140625,100.47000122070312,100.9800033569336,96.93708801269531,1995200
2025-07-29,ED,ED,101.0199966430664,102.2699966430664,100.80000305175781,102.23999786376953,98.14664459228516,1265000
2025-07-30,ED,ED,102.13999938964844,103.66000366210938,101.76000213623047,102.58999633789062,98.48262786865234,1565100
2025-07-31,ED,ED,101.68000030517578,103.56999969482422,101.45999908447266,103.5,99.35619354248047,3483200
2025-08-01,ED,ED,104.61000061035156,105.0999984741211,103.55999755859375,104.44000244140625,100.2585678100586,2272600
2025-08-04,ED,ED,104.44999694824219,105.69000244140625,104.19000244140625,105.36000061035156,101.1417236328125,2345100
2025-08-05,ED,ED,105.12000274658203,106.01000213623047,104.18000030517578,104.18000030517578,100.00897216796875,2515900
2025-08-06,ED,ED,104.16000366210938,105.20999908447266,103.76000213623047,104.1500015258789,99.98016357421875,1993200
2025-08-07,ED,ED,103.55000305175781,105.58000183105469,103.5,105.0,100.79613494873047,2577700
2025-08-08,ED,ED,106.16000366210938,106.16000366210938,103.86000061035156,104.4800033569336,100.29695892333984,2796400
2025-08-11,ED,ED,104.44999694824219,104.66999816894531,103.13999938964844,104.12000274658203,99.95137786865234,2357100
2025-08-12,ED,ED,104.11000061035156,104.37999725341797,102.69000244140625,103.69000244140625,99.53858947753906,2578800
2025-08-13,ED,ED,102.86000061035156,103.66000366210938,102.23999786376953,103.66000366210938,100.33226013183594,2728400
2025-08-14,ED,ED,103.44999694824219,103.66000366210938,102.5199966430664,102.86000061035156,99.55794525146484,2171700
2025-08-15,ED,ED,100.12999725341797,102.19999694824219,100.12999725341797,100.7699966430664,97.5350341796875,3098700
2025-08-18,ED,ED,100.8499984741211,100.97000122070312,99.72000122070312,99.73999786376953,96.53810119628906,2789300
2025-08-19,ED,ED,99.87999725341797,101.18000030517578,99.58999633789062,101.0999984741211,97.85444641113281,3948400
2025-08-20,ED,ED,101.97000122070312,103.08000183105469,101.2300033569336,101.76000213623047,98.49324798583984,3216400
2025-08-21,ED,ED,101.55999755859375,102.30000305175781,101.12000274658203,101.5,98.24160766601562,2282700
2025-08-22,ED,ED,102.19999694824219,102.75,100.83000183105469,101.6500015258789,98.38679504394531,2753100
2025-08-25,ED,ED,101.16000366210938,101.47000122070312,99.70999908447266,99.94999694824219,96.74137115478516,2498900
2025-08-26,ED,ED,100.04000091552734,100.45999908447266,99.37999725341797,99.72000122070312,96.51875305175781,3309500
2025-08-27,ED,ED,99.87999725341797,100.33000183105469,99.5199966430664,100.06999969482422,96.85751342773438,4313800
2025-08-28,ED,ED,99.8499984741211,99.97000122070312,97.87999725341797,98.16999816894531,95.01850891113281,2400200
2025-08-29,ED,ED,98.2699966430664,98.55000305175781,98.01000213623047,98.2300033569336,95.07657623291016,4220000
2025-09-02,ED,ED,98.29000091552734,98.29000091552734,96.55000305175781,97.19999694824219,94.07964324951172,3019300
2025-09-03,ED,ED,96.94999694824219,97.88999938964844,96.61000061035156,97.8499984741211,94.70877838134766,4306700
2025-09-04,ED,ED,98.5999984741211,98.80999755859375,97.3499984741211,97.80000305175781,94.66038513183594,2033300
2025-09-05,ED,ED,97.97000122070312,98.30999755859375,97.3499984741211,98.05000305175781,94.90235900878906,1724500
2025-09-08,ED,ED,97.91000366210938,98.1500015258789,96.22000122070312,96.6500015258789,93.54729461669922,2189400
2025-09-09,ED,ED,96.27999877929688,97.3499984741211,96.1500015258789,96.9800033569336,93.86671447753906,1282700
2025-09-10,ED,ED,97.06999969482422,97.33999633789062,96.45999908447266,97.08000183105469,93.96350860595703,1603600
2025-09-11,ED,ED,96.97000122070312,97.77999877929688,96.51000213623047,97.69999694824219,94.56359100341797,1690000
2025-09-12,ED,ED,97.56999969482422,98.55999755859375,97.0999984741211,97.55000305175781,94.41841888427734,1249400
2025-09-15,ED,ED,97.5999984741211,97.62999725341797,96.79000091552734,97.0,93.88606262207031,1351900
2025-09-16,ED,ED,96.51000213623047,96.87999725341797,95.26000213623047,95.56999969482422,92.5019760131836,2116600
2025-09-17,ED,ED,96.29000091552734,97.30000305175781,96.1500015258789,96.4000015258789,93.30532836914062,1879800
2025-09-18,ED,ED,95.73999786376953,96.91000366210938,95.69000244140625,96.3499984741211,93.2569351196289,1815600
2025-09-19,ED,ED,96.54000091552734,96.91000366210938,95.9000015258789,96.33000183105469,93.2375717163086,4091700
2025-09-22,ED,ED,96.37999725341797,96.94999694824219,95.97000122070312,96.62000274658203,93.51826477050781,1939000
2025-09-23,ED,ED,96.36000061035156,98.63999938964844,96.30000305175781,98.55000305175781,95.38630676269531,2204300
2025-09-24,ED,ED,98.29000091552734,99.2699966430664,98.29000091552734,98.80999755859375,95.63795471191406,1611600
2025-09-25,ED,ED,99.5,99.8499984741211,98.2300033569336,98.3499984741211,95.19271850585938,1848500
2025-09-26,ED,ED,98.73999786376953,99.91999816894531,98.19000244140625,99.62000274658203,96.42195892333984,1947300
2025-09-29,ED,ED,99.56999969482422,99.79000091552734,98.76000213623047,99.56999969482422,96.37356567382812,1875300
2025-09-30,ED,ED,99.58000183105469,100.76000213623047,99.0999984741211,100.5199966430664,97.29305267333984,2199200
2025-10-01,ED,ED,100.22000122070312,100.56999969482422,98.05000305175781,98.16999816894531,95.01850891113281,2301800
2025-10-02,ED,ED,98.18000030517578,98.45999908447266,97.30999755859375,97.63999938964844,94.50552368164062,1449500
2025-10-03,ED,ED,97.66999816894531,99.27999877929688,97.61000061035156,98.80999755859375,95.63795471191406,1676200
2025-10-06,ED,ED,98.66999816894531,99.3499984741211,98.41999816894531,99.33000183105469,96.14127349853516,1769800
2025-10-07,ED,ED,99.16000366210938,100.36000061035156,98.38999938964844,100.04000091552734,96.82847595214844,1722000
2025-10-08,ED,ED,100.20999908447266,100.9000015258789,99.70999908447266,100.83000183105469,97.59310913085938,1570400
2025-10-09,ED,ED,101.2699966430664,102.27999877929688,100.7699966430664,100.80000305175781,97.56407928466797,1816100
2025-10-10,ED,ED,101.4800033569336,102.70999908447266,100.87999725341797,102.38999938964844,99.10303497314453,2059200
2025-10-13,ED,ED,102.0999984741211,102.48999786376953,100.1500015258789,100.86000061035156,97.62215423583984,1515700
2025-10-14,ED,ED,101.70999908447266,102.69999694824219,101.33000183105469,101.88999938964844,98.61907958984375,1423300
2025-10-15,ED,ED,101.68000030517578,102.80999755859375,101.5999984741211,102.29000091552734,99.0062484741211,1556600
2025-10-16,ED,ED,102.68000030517578,103.13999938964844,100.9800033569336,101.06999969482422,97.82540893554688,1558800
2025-10-17,ED,ED,101.4000015258789,101.7300033569336,100.43000030517578,101.19000244140625,97.94155883789062,1597600
2025-10-20,ED,ED,101.72000122070312,101.94000244140625,100.8499984741211,101.72000122070312,98.45453643798828,1129300
2025-10-21,ED,ED,101.72000122070312,102.0,100.88999938964844,101.55999755859375,98.29967498779297,1116900
2025-10-22,ED,ED,101.5,103.0999984741211,100.87000274658203,101.94000244140625,98.66748046875,1509000
2025-10-23,ED,ED,102.66000366210938,102.66000366210938,100.06999969482422,100.7699966430664,97.5350341796875,1302800
2025-10-24,ED,ED,100.48999786376953,101.05999755859375,99.83999633789062,100.04000091552734,96.82847595214844,1036400
2025-10-27,ED,ED,99.30999755859375,100.47000122070312,99.08000183105469,100.22000122070312,97.00270080566406,1537600
2025-10-28,ED,ED,99.69999694824219,99.95999908447266,98.52999877929688,98.55000305175781,95.38630676269531,1156300
2025-10-29,ED,ED,98.4800033569336,98.86000061035156,96.87999725341797,97.0,93.88606262207031,1804100
2025-10-30,ED,ED,97.30999755859375,98.8499984741211,97.06999969482422,98.19000244140625,95.0378646850586,2073000
2025-10-31,ED,ED,97.23999786376953,97.79000091552734,96.11000061035156,97.41000366210938,94.28290557861328,2770700
2025-11-03,ED,ED,96.80000305175781,96.94999694824219,95.5,96.63999938964844,93.5376205444336,1692200
2025-11-04,ED,ED,97.77999877929688,98.0,97.04000091552734,97.95999908447266,94.81524658203125,1614500
2025-11-05,ED,ED,98.0,98.62000274658203,95.6500015258789,96.11000061035156,93.0246353149414,2273800
2025-11-06,ED,ED,96.97000122070312,98.37999725341797,96.5,96.98999786376953,93.87638092041016,3064400
2025-11-07,ED,ED,97.68000030517578,99.87999725341797,97.25,98.5199966430664,95.35726928710938,2924400
2025-11-10,ED,ED,98.05999755859375,98.86000061035156,97.41000366210938,98.23999786376953,95.08625793457031,2188900
2025-11-11,ED,ED,98.63999938964844,99.7699966430664,98.1500015258789,99.58999633789062,96.39290618896484,1779700
2025-11-12,ED,ED,99.30000305175781,100.2699966430664,98.97000122070312,100.19000244140625,96.97366333007812,1340200
2025-11-13,ED,ED,100.19999694824219,101.19000244140625,99.12000274658203,100.94999694824219,97.7092514038086,1977700
2025-11-14,ED,ED,101.69000244140625,102.55000305175781,100.9000015258789,101.66000366210938,98.39646911621094,2443200
2025-11-17,ED,ED,102.22000122070312,103.9800033569336,101.75,103.8499984741211,100.51615905761719,3007600
2025-11-18,ED,ED,103.54000091552734,104.08000183105469,102.80999755859375,102.91000366210938,99.60633850097656,2585400
2025-11-19,ED,ED,102.11000061035156,102.11000061035156,100.13999938964844,100.37999725341797,97.96672058105469,3059700
2025-11-20,ED,ED,100.26000213623047,101.37999725341797,99.93000030517578,100.94999694824219,98.52302551269531,2462200
2025-11-21,ED,ED,101.4800033569336,103.27999877929688,99.55000305175781,100.16000366210938,97.75202178955078,4721900
2025-11-24,ED,ED,100.33000183105469,100.3499984741211,98.72000122070312,98.91999816894531,96.54183197021484,7708000
2025-11-25,ED,ED,99.8499984741211,100.29000091552734,98.62999725341797,98.8499984741211,96.47350311279297,2127200
2025-11-26,ED,ED,99.22000122070312,100.29000091552734,98.8499984741211,100.13999938964844,97.73249816894531,1305700
2025-11-28,ED,ED,100.58000183105469,100.88999938964844,100.02999877929688,100.36000061035156,97.94721221923828,1063300
2025-12-01,ED,ED,99.73999786376953,100.23999786376953,97.72000122070312,97.87999725341797,95.52682495117188,2744600
2025-12-02,ED,ED,97.91999816894531,98.12999725341797,96.77999877929688,96.87000274658203,94.5411148071289,2753100
2025-12-03,ED,ED,97.45999908447266,98.19000244140625,96.16999816894531,96.44999694824219,94.1312026977539,1761600
2025-12-04,ED,ED,96.38999938964844,97.33999633789062,95.88999938964844,96.22000122070312,93.90673828125,2303500
2025-12-05,ED,ED,96.0,96.91000366210938,95.95999908447266,96.5999984741211,94.27760314941406,1775800
2025-12-08,ED,ED,96.56999969482422,96.56999969482422,94.95999908447266,95.44999694824219,93.1552505493164,2089300
2025-12-09,ED,ED,95.83000183105469,96.70999908447266,95.55999755859375,95.81999969482422,93.51634979248047,1823300
2025-12-10,ED,ED,95.63999938964844,96.16000366210938,95.19000244140625,95.41000366210938,93.11621856689453,1848900
2025-12-11,ED,ED,95.66999816894531,97.23999786376953,95.38999938964844,95.63999938964844,93.34068298339844,1396800
2025-12-12,ED,ED,95.66999816894531,98.0,95.44999694824219,97.52999877929688,95.18524169921875,2638200
2025-12-15,ED,ED,97.66999816894531,99.4800033569336,97.48999786376953,99.38999938964844,97.00053405761719,2388100
2025-12-16,ED,ED,99.55000305175781,99.66000366210938,98.72000122070312,98.9000015258789,96.52230834960938,2321100
2025-12-17,ED,ED,98.63999938964844,100.33000183105469,98.51000213623047,100.20999908447266,97.80081939697266,2330700
2025-12-18,ED,ED,99.83000183105469,100.23999786376953,99.0,99.98999786376953,97.58610534667969,2345300
2025-12-19,ED,ED,100.05999755859375,100.05999755859375,98.05999755859375,98.05999755859375,95.70250701904297,4366200
2025-12-22,ED,ED,97.5,98.77999877929688,97.11000061035156,98.56999969482422,96.20024108886719,1526200
2025-12-23,ED,ED,98.69000244140625,99.33000183105469,98.33000183105469,98.94999694824219,96.57110595703125,1485100
2025-12-24,ED,ED,99.1500015258789,99.56999969482422,98.8499984741211,99.52999877929688,97.13716888427734,522600
2025-12-26,ED,ED,99.27999877929688,99.7699966430664,98.91999816894531,99.30000305175781,96.9126968383789,611500
2025-12-29,ED,ED,99.4800033569336,100.08000183105469,99.19999694824219,99.54000091552734,97.14692687988281,1647900
2025-12-30,ED,ED,99.61000061035156,100.16999816894531,99.33000183105469,99.88999938964844,97.48851013183594,1019900
2025-12-31,ED,ED,99.83999633789062,100.02999877929688,99.2300033569336,99.31999969482422,96.93220520019531,1218200
2026-01-02,ED,ED,99.62999725341797,100.5999984741211,98.5199966430664,99.98999786376953,97.58610534667969,1441100
2026-01-05,ED,ED,99.4800033569336,99.4800033569336,96.95999908447266,98.5,96.13192749023438,2112400
2026-01-06,ED,ED,98.70999908447266,99.55000305175781,98.16999816894531,99.31999969482422,96.93220520019531,1643800
2026-01-07,ED,ED,99.69999694824219,100.16999816894531,98.87000274658203,99.37000274658203,96.98101043701172,1638800
2026-01-08,ED,ED,99.30000305175781,101.2699966430664,99.05999755859375,100.18000030517578,97.77153778076172,1717600
2026-01-09,ED,ED,100.16999816894531,101.0,99.19999694824219,99.20999908447266,96.82485961914062,1354200
2026-01-12,ED,ED,99.58000183105469,100.68000030517578,98.37999725341797,98.83000183105469,96.45399475097656,1987100
2026-01-13,ED,ED,98.33999633789062,100.26000213623047,98.23999786376953,100.20999908447266,97.80081939697266,2073300
2026-01-14,ED,ED,100.30000305175781,102.0199966430664,100.08999633789062,101.47000122070312,99.03053283691406,1963000
2026-01-15,ED,ED,101.36000061035156,102.77999877929688,101.31999969482422,102.58000183105469,100.11383819580078,1813500
2026-01-16,ED,ED,102.05999755859375,103.94999694824219,101.87999725341797,103.80999755859375,101.31427001953125,2201800
2026-01-20,ED,ED,104.01000213623047,105.0999984741211,103.55000305175781,105.05000305175781,102.52445983886719,2525800
2026-01-21,ED,ED,105.20999908447266,105.62000274658203,103.08000183105469,103.83999633789062,101.34353637695312,2386300
2026-01-22,ED,ED,103.5999984741211,104.4800033569336,101.25,103.18000030517578,100.69940948486328,3486400
2026-01-23,ED,ED,103.4000015258789,104.18000030517578,102.97000122070312,103.87000274658203,101.37283325195312,2105600
2026-01-26,ED,ED,104.43000030517578,105.61000061035156,104.19000244140625,104.58999633789062,102.07550811767578,1208800
2026-01-27,ED,ED,104.25,105.4800033569336,104.06999969482422,105.3499984741211,102.8172378540039,1345500
2026-01-28,ED,ED,105.70999908447266,106.47000122070312,104.83999633789062,105.18000030517578,102.65132904052734,1399700
2026-01-29,ED,ED,105.52999877929688,106.73999786376953,105.0199966430664,105.95999908447266,103.4125747680664,1788400
2026-01-30,ED,ED,106.18000030517578,106.8499984741211,105.08000183105469,106.62999725341797,104.06646728515625,1873900
2026-02-02,ED,ED,107.23999786376953,107.38999938964844,104.4800033569336,105.41999816894531,102.88556671142578,2286500
2026-02-03,ED,ED,105.62999725341797,107.81999969482422,104.97000122070312,107.44999694824219,104.86676025390625,1988600
2026-02-04,ED,ED,108.0999984741211,109.56999969482422,107.51000213623047,108.37999725341797,105.77439880371094,2463000
2026-02-05,ED,ED,109.2699966430664,110.12999725341797,108.5,108.87000274658203,106.25262451171875,1811100
2026-02-06,ED,ED,109.55999755859375,110.5999984741211,106.69999694824219,107.33999633789062,104.75939178466797,2743700
2026-02-09,ED,ED,107.29000091552734,108.0,106.0999984741211,106.68000030517578,104.11527252197266,1294300
2026-02-10,ED,ED,107.13999938964844,109.56999969482422,106.52999877929688,108.43000030517578,105.82320404052734,2368100
2026-02-11,ED,ED,108.11000061035156,109.9800033569336,107.6500015258789,109.87000274658203,107.22857666015625,1354500
2026-02-12,ED,ED,110.0,112.91999816894531,109.44999694824219,111.72000122070312,109.03410339355469,1523200
2026-02-13,ED,ED,111.7699966430664,114.0199966430664,110.9800033569336,113.72000122070312,110.98602294921875,2275100
2026-02-17,ED,ED,114.61000061035156,115.25,113.05999755859375,113.91999816894531,111.18120574951172,2565500
2026-02-18,ED,ED,112.83999633789062,113.26000213623047,111.05000305175781,111.61000061035156,109.78248596191406,1844800
2026-02-19,ED,ED,112.23999786376953,112.93000030517578,111.47000122070312,111.91999816894531,110.08741760253906,2764500
2026-02-20,ED,ED,114.0,114.0,109.05999755859375,109.80999755859375,108.011962890625,3485300
2026-02-23,ED,ED,111.01000213623047,113.01000213623047,110.0,112.13999938964844,110.3038101196289,2649300
2026-02-24,ED,ED,110.26000213623047,111.44000244140625,110.0,111.01000213623047,109.19232177734375,6871300
2026-02-25,ED,ED,111.20999908447266,111.5199966430664,109.9000015258789,111.0,109.1824722290039,2679200
2026-02-26,ED,ED,111.61000061035156,111.80999755859375,110.55000305175781,110.76000213623047,108.9464111328125,2713300
2026-02-27,ED,ED,111.68000030517578,112.94999694824219,111.0199966430664,112.5199966430664,110.67758178710938,5310700
2026-03-02,ED,ED,112.4800033569336,113.75,111.87999725341797,112.05999755859375,110.2251205444336,2699100
2026-03-03,ED,ED,111.5,113.30999755859375,109.88999938964844,112.36000061035156,110.52021026611328,2740400
2026-03-04,ED,ED,112.37000274658203,112.69999694824219,110.62000274658203,112.48999786376953,110.64807891845703,2267100
2026-03-05,ED,ED,111.98999786376953,112.19999694824219,110.25,110.70999908447266,108.89722442626953,2703600
2026-03-06,ED,ED,110.9800033569336,112.55999755859375,110.0,112.27999877929688,110.44152069091797,2341300
2026-03-09,ED,ED,112.54000091552734,112.75,111.08999633789062,111.80000305175781,109.96937561035156,2255800
2026-03-10,ED,ED,111.3499984741211,112.26000213623047,110.69000244140625,111.30000305175781,109.47756958007812,1615400
2026-03-11,ED,ED,111.19999694824219,111.9800033569336,110.6500015258789,111.73999786376953,109.91036224365234,1438200
2026-03-12,ED,ED,111.7300033569336,114.4000015258789,111.20999908447266,113.12999725341797,111.27759552001953,1748400
2026-03-13,ED,ED,114.16000366210938,115.37000274658203,113.55000305175781,114.87999725341797,112.99894714355469,1762600
2026-03-16,ED,ED,115.62000274658203,115.75,114.31999969482422,115.45999908447266,113.56944274902344,2851100
2026-03-17,ED,ED,116.0999984741211,116.2300033569336,114.66000366210938,114.9000015258789,113.01862335205078,1792400
2026-03-18,ED,ED,114.56999969482422,114.76000213623047,113.37000274658203,113.52999877929688,111.67105102539062,1175000
2026-03-19,ED,ED,113.62000274658203,113.87999725341797,111.37999725341797,111.69000244140625,109.8611831665039,1764100
2026-03-20,ED,ED,111.81999969482422,111.97000122070312,108.81999969482422,109.44999694824219,107.65785217285156,4150000
2026-03-23,ED,ED,110.83000183105469,110.83000183105469,108.80999755859375,109.11000061035156,107.32342529296875,1735300
2026-03-24,ED,ED,108.98999786376953,111.19000244140625,108.4800033569336,109.87999725341797,108.08081817626953,1505200
2026-03-25,ED,ED,110.20999908447266,111.12999725341797,109.33000183105469,110.02999877929688,108.22836303710938,1927200
2026-03-26,ED,ED,110.2300033569336,112.08999633789062,109.97000122070312,111.5199966430664,109.69396209716797,1501100
2026-03-27,ED,ED,111.77999877929688,112.08999633789062,110.9000015258789,111.68000030517578,109.8513412475586,1776500
2026-03-30,ED,ED,112.86000061035156,113.97000122070312,111.94999694824219,113.38999938964844,111.53334045410156,2271900
2026-03-31,ED,ED,114.06999969482422,114.06999969482422,111.41000366210938,113.18000030517578,111.3267822265625,4177000
2026-04-01,ED,ED,112.47000122070312,114.05999755859375,112.19999694824219,113.91000366210938,112.04483032226562,1690300
2026-04-02,ED,ED,114.56999969482422,115.86000061035156,114.16999816894531,115.43000030517578,113.5399398803711,1614400
2026-04-06,ED,ED,114.69999694824219,115.62000274658203,114.16999816894531,114.61000061035156,112.73336791992188,1199000
2026-04-07,ED,ED,114.80000305175781,115.66999816894531,114.36000061035156,114.45999908447266,112.58582305908203,1360200
2026-04-08,ED,ED,112.08999633789062,113.68000030517578,111.05999755859375,113.56999969482422,111.71039581298828,2617500
2026-04-09,ED,ED,113.44999694824219,115.66000366210938,113.44999694824219,114.9800033569336,113.0973129272461,1742900
2026-04-10,ED,ED,113.93000030517578,115.29000091552734,113.2300033569336,113.55999755859375,111.70055389404297,1123400
2026-04-13,ED,ED,113.54000091552734,113.7300033569336,111.22000122070312,111.88999938964844,110.05789947509766,1488500
2026-04-14,ED,ED,111.41000366210938,111.93000030517578,110.4800033569336,111.66000366210938,109.83168029785156,1815000
2026-04-15,ED,ED,110.81999969482422,111.44999694824219,109.94999694824219,110.27999877929688,108.4742660522461,1668900
2026-04-16,ED,ED,110.02999877929688,111.05999755859375,109.26000213623047,110.5199966430664,108.71033477783203,1621800
2026-04-17,ED,ED,109.76000213623047,110.31999969482422,108.20999908447266,110.1500015258789,108.34639739990234,2109400
2026-04-20,ED,ED,109.6500015258789,111.33999633789062,109.23999786376953,109.66999816894531,107.87425994873047,1424400
2026-04-21,ED,ED,109.83999633789062,110.33999633789062,107.9800033569336,108.19000244140625,106.41849517822266,1528000
2026-04-22,ED,ED,108.94000244140625,109.52999877929688,107.6500015258789,108.12999725341797,106.35946655273438,1497700
2026-04-23,ED,ED,109.26000213623047,110.52999877929688,108.58999633789062,110.25,108.44475555419922,1638800
2026-04-24,ED,ED,109.44999694824219,110.0,108.66000366210938,109.05999755859375,107.27424621582031,1418000
2026-04-27,ED,ED,109.36000061035156,110.12999725341797,108.80999755859375,108.83000183105469,107.04801177978516,1260100
2026-04-28,ED,ED,110.22000122070312,110.48999786376953,108.95999908447266,109.62000274658203,107.82508087158203,1574000
2026-04-29,ED,ED,108.98999786376953,110.02999877929688,108.33000183105469,108.87999725341797,107.0971908569336,1512400
2026-04-30,ED,ED,109.04000091552734,111.56999969482422,108.05999755859375,111.48999786376953,109.6644515991211,2918800
2026-05-01,ED,ED,111.47000122070312,112.43000030517578,110.4800033569336,110.48999786376953,108.68083190917969,2280600
2026-05-04,ED,ED,110.04000091552734,111.33000183105469,109.19000244140625,109.62999725341797,107.83490753173828,2909900
2026-05-05,ED,ED,109.66000366210938,110.33000183105469,108.9000015258789,109.1500015258789,107.36277770996094,1776100
2026-05-06,ED,ED,109.13999938964844,109.30000305175781,106.7699966430664,106.87000274658203,105.12010192871094,2281200
2026-05-07,ED,ED,106.16000366210938,107.08999633789062,105.31999969482422,106.38999938964844,104.64796447753906,3106200
2026-05-08,ED,ED,107.30000305175781,107.61000061035156,104.62000274658203,106.30999755859375,104.56927490234375,2580100
2026-05-11,ED,ED,106.94999694824219,107.66999816894531,105.69000244140625,106.20999908447266,104.47090911865234,2115200
2026-05-12,ED,ED,107.27999877929688,107.61000061035156,106.01000213623047,106.9000015258789,105.14961242675781,3283700
2026-05-13,ED,ED,105.12999725341797,106.36000061035156,104.70999908447266,106.16000366210938,105.2964096069336,2464000
2026-05-14,ED,ED,106.47000122070312,107.31999969482422,105.97000122070312,107.12999725341797,106.25851440429688,2006400
2026-05-15,ED,ED,107.4000015258789,107.51000213623047,105.30999755859375,105.36000061035156,104.50291442871094,2328400
2026-05-18,ED,ED,106.16000366210938,107.62000274658203,105.5999984741211,106.51000213623047,105.64356231689453,3061500
2026-05-19,ED,ED,107.58999633789062,108.80999755859375,106.55000305175781,108.13999938964844,107.26029968261719,3361400
2026-05-20,ED,ED,107.77999877929688,108.33000183105469,105.88999938964844,106.30000305175781,105.43527221679688,1945000
2026-05-21,ED,ED,106.58999633789062,107.80000305175781,106.30999755859375,107.4000015258789,106.52632141113281,1731700
2026-05-22,ED,ED,107.0999984741211,108.76000213623047,106.69999694824219,108.54000091552734,107.65704345703125,2238100
2026-05-26,ED,ED,108.25,108.62000274658203,107.66000366210938,107.69999694824219,106.8238754272461,1933600
2026-05-27,ED,ED,107.44999694824219,109.23999786376953,107.08999633789062,108.01000213623047,107.13135528564453,3157900
2026-05-28,ED,ED,108.08999633789062,108.55999755859375,106.08000183105469,106.30000305175781,105.43527221679688,2083500
2026-05-29,ED,ED,106.36000061035156,107.25,105.08000183105469,105.62999725341797,104.77071380615234,8332600
2026-06-01,ED,ED,105.0,105.1500015258789,103.5999984741211,103.5999984741211,102.75723266601562,1940500
2026-06-02,ED,ED,102.87000274658203,104.75,102.87000274658203,103.79000091552734,102.94568634033203,3356400
2026-06-03,ED,ED,104.26000213623047,106.4000015258789,103.41000366210938,103.4800033569336,102.6382064819336,2838700
2026-06-04,ED,ED,104.01000213623047,104.70999908447266,102.81999969482422,104.08000183105469,103.23332977294922,1910200
2026-06-05,ED,ED,104.91999816894531,107.44999694824219,104.5,106.26000213623047,105.39559173583984,1810100
2026-06-08,ED,ED,105.83000183105469,106.25,104.29000091552734,104.30999755859375,103.4614486694336,1733200
2026-06-09,ED,ED,104.91999816894531,107.72000122070312,104.05000305175781,106.4000015258789,105.53445434570312,2044900
2026-06-10,ED,ED,109.01000213623047,109.0199966430664,106.69999694824219,107.5999984741211,106.72469329833984,2359200
2026-06-11,ED,ED,108.73999786376953,109.41999816894531,106.62000274658203,106.83999633789062,105.97087097167969,2106900
2026-06-12,ED,ED,107.08000183105469,108.3499984741211,106.94999694824219,107.73999786376953,106.8635482788086,1916100
2026-06-15,ED,ED,107.11000061035156,108.58999633789062,106.3499984741211,107.72000122070312,106.84371948242188,2228400
2026-06-16,ED,ED,107.69000244140625,109.2300033569336,107.19999694824219,108.37000274658203,107.4884262084961,1657100
2026-06-17,ED,ED,107.47000122070312,108.22000122070312,106.1500015258789,107.04000091552734,106.16925048828125,2592800
2026-06-18,ED,ED,106.62999725341797,107.8499984741211,105.69000244140625,106.36000061035156,105.49478149414062,6555000
2026-06-22,ED,ED,106.47000122070312,107.80999755859375,105.91999816894531,106.91999816894531,106.05022430419922,3165000
2026-06-23,ED,ED,107.68000030517578,109.06999969482422,107.0,108.75,107.8653335571289,2420300
2026-06-24,ED,ED,109.18000030517578,110.86000061035156,108.87000274658203,110.72000122070312,109.8193130493164,3070400
2026-06-25,ED,ED,110.76000213623047,111.62999725341797,109.8499984741211,110.76000213623047,109.8589859008789,1738800
2026-06-26,ED,ED,111.69999694824219,112.16000366210938,110.77999877929688,112.05999755859375,111.14840698242188,2642400
2026-06-29,ED,ED,111.6500015258789,112.4000015258789,111.23999786376953,112.29000091552734,111.37654113769531,1676500
2026-06-30,ED,ED,111.5999984741211,112.2300033569336,110.43000030517578,110.62999725341797,109.73004150390625,2187200
2026-07-01,ED,ED,110.93000030517578,111.48999786376953,110.3499984741211,110.94999694824219,110.04743957519531,1906800
2026-07-02,ED,ED,112.19000244140625,114.08999633789062,111.4000015258789,113.98999786376953,113.06270599365234,2172100
2026-07-06,ED,ED,113.62999725341797,113.62999725341797,111.73999786376953,111.94000244140625,111.02938842773438,2617200
2026-07-07,ED,ED,113.19999694824219,115.26000213623047,112.54000091552734,112.98999786376953,112.07083892822266,2916400
2026-07-08,ED,ED,113.63999938964844,114.16999816894531,111.80999755859375,112.08999633789062,111.17816162109375,1582900
2026-07-09,ED,ED,111.93000030517578,112.26000213623047,110.22000122070312,110.2699966430664,109.37297058105469,2051900
2026-07-10,ED,ED,110.2699966430664,111.43000030517578,110.18000030517578,111.12000274658203,110.21605682373047,1343900
2026-07-13,ED,ED,111.61000061035156,112.52999877929688,111.08999633789062,111.81999969482422,110.91036224365234,2070200
2026-07-14,ED,ED,111.98999786376953,112.83000183105469,111.37000274658203,111.95999908447266,111.04922485351562,1619800
